kind,seed,split,arm,grammar,grammar_low,grammar_high,ioi,ioi_low,ioi_high,retain_nll
full,20260930,heldout,base,0.9764150943396226,0.9574292452830189,0.9952830188679245,0.4566929133858268,0.4251968503937008,0.4881889763779528,4.548658125398867
full,20260930,heldout,adapted,0.0,0.0,0.0,1.0,1.0,1.0,4.616456624806133
full,20260930,heldout,sva_19,0.3160377358490566,0.2688679245283019,0.3632075471698113,0.9960629921259843,0.9881889763779528,1.0,4.607925327381278
full,20260930,heldout,sva_38,0.7169811320754716,0.6650943396226415,0.7641509433962265,0.9960629921259843,0.9881889763779528,1.0,4.603307507030675
full,20260930,heldout,sva_75,0.9056603773584906,0.8679245283018868,0.9433962264150944,0.9960629921259843,0.9881889763779528,1.0,4.600289711064005
full,20260930,heldout,sva_189,0.9481132075471698,0.9198113207547169,0.9764150943396226,0.9921259842519685,0.9803149606299213,1.0,4.59675590820052
full,20260930,heldout,sva_377,0.9669811320754716,0.9386792452830188,0.9858490566037735,0.9330708661417323,0.9015748031496063,0.9606299212598425,4.590949673218158
full,20260930,heldout,ioi_19,0.0,0.0,0.0,0.889763779527559,0.8503937007874016,0.9251968503937008,4.614633946805731
full,20260930,heldout,ioi_38,0.009433962264150943,0.0,0.02358490566037736,0.8858267716535433,0.8464566929133859,0.9212598425196851,4.603617785713262
full,20260930,heldout,ioi_75,0.0047169811320754715,0.0,0.014150943396226415,0.8622047244094488,0.8228346456692913,0.8977362204724404,4.5975486457325285
full,20260930,heldout,ioi_189,0.18867924528301888,0.14150943396226415,0.2358490566037736,0.8070866141732284,0.7637795275590551,0.8464566929133859,4.588815740833622
full,20260930,heldout,ioi_377,0.330188679245283,0.2783018867924528,0.38207547169811323,0.7283464566929134,0.6889763779527559,0.7716535433070866,4.580602424038018
full,20260930,heldout,random_19_0,0.0,0.0,0.0,1.0,1.0,1.0,4.617688478230739
full,20260930,heldout,random_19_1,0.0,0.0,0.0,1.0,1.0,1.0,4.6170829704052485
full,20260930,heldout,random_19_2,0.0,0.0,0.0,1.0,1.0,1.0,4.613373901042439
full,20260930,heldout,random_38_0,0.0,0.0,0.0,1.0,1.0,1.0,4.605842864780757
full,20260930,heldout,random_38_1,0.0,0.0,0.0,1.0,1.0,1.0,4.6181878125962275
full,20260930,heldout,random_38_2,0.0,0.0,0.0,1.0,1.0,1.0,4.616881043700052
full,20260930,heldout,random_75_0,0.0047169811320754715,0.0,0.014150943396226415,1.0,1.0,1.0,4.618262861880526
full,20260930,heldout,random_75_1,0.0,0.0,0.0,1.0,1.0,1.0,4.614739495334216
full,20260930,heldout,random_75_2,0.0,0.0,0.0,1.0,1.0,1.0,4.615720816291131
full,20260930,heldout,random_189_0,0.0,0.0,0.0,1.0,1.0,1.0,4.598330821955565
full,20260930,heldout,random_189_1,0.018867924528301886,0.0047169811320754715,0.03773584905660377,1.0,1.0,1.0,4.5995946084183075
full,20260930,heldout,random_189_2,0.0047169811320754715,0.0,0.014150943396226415,0.9960629921259843,0.9881889763779528,1.0,4.5882983542035385
full,20260930,heldout,random_377_0,0.0047169811320754715,0.0,0.014150943396226415,0.9960629921259843,0.9881889763779528,1.0,4.610970452581863
full,20260930,heldout,random_377_1,0.014150943396226415,0.0,0.0330188679245283,1.0,1.0,1.0,4.605095714192999
full,20260930,heldout,random_377_2,0.0047169811320754715,0.0,0.014150943396226415,1.0,1.0,1.0,4.599413387598581
full,20260930,heldout,matched_sva_75_0,0.19339622641509435,0.14622641509433962,0.2358490566037736,0.9960629921259843,0.9881889763779528,1.0,4.583926631144688
full,20260930,heldout,matched_sva_75_1,0.10849056603773585,0.07075471698113207,0.14622641509433962,1.0,1.0,1.0,4.5886262862740015
full,20260930,heldout,matched_sva_75_2,0.14150943396226415,0.09905660377358491,0.18396226415094338,0.9960629921259843,0.9881889763779528,1.0,4.603262245447517
full,20260930,heldout,matched_sva_189_0,0.4339622641509434,0.4009433962264151,0.4669811320754717,0.9921259842519685,0.9803149606299213,1.0,4.5717750831532635
full,20260930,heldout,matched_sva_189_1,0.3867924528301887,0.3443396226415094,0.42452830188679247,0.9921259842519685,0.9803149606299213,1.0,4.5845529879357825
full,20260930,heldout,matched_sva_189_2,0.3113207547169811,0.2641509433962264,0.35377358490566035,0.9960629921259843,0.9881889763779528,1.0,4.576843759531076
full,20260930,heldout,cross_seed_sva_75,0.9056603773584906,0.8679245283018868,0.9433962264150944,0.9960629921259843,0.9881889763779528,1.0,4.600289711064005
full,20260930,heldout,cross_seed_sva_189,0.9481132075471698,0.9198113207547169,0.9764150943396226,0.9921259842519685,0.9803149606299213,1.0,4.59675590820052
full,20260930,heldout,global_best,0.7169811320754716,0.6698113207547169,0.7641509433962265,0.8937007874015748,0.8581692913385827,0.9291338582677166,4.541333766658867
full,20260930,heldout,global_match,0.9386792452830188,0.9056603773584906,0.9669811320754716,0.7913385826771654,0.7480314960629921,0.8346456692913385,4.541781517276188
full,20260930,transfer,base,0.9947916666666666,0.984375,1.0,0.40625,0.3645833333333333,0.4427083333333333,4.339113135789098
full,20260930,transfer,adapted,0.005208333333333333,0.0,0.015625,0.9322916666666666,0.8958333333333334,0.9635416666666666,4.352949177258873
full,20260930,transfer,sva_19,0.4114583333333333,0.3489583333333333,0.4739583333333333,0.921875,0.8854166666666666,0.9583333333333334,4.360108880077376
full,20260930,transfer,sva_38,0.8697916666666666,0.828125,0.9114583333333334,0.8854166666666666,0.84375,0.9270833333333334,4.350380982449631
full,20260930,transfer,sva_75,0.9479166666666666,0.9166666666666666,0.9739583333333334,0.8854166666666666,0.84375,0.9270833333333334,4.3452390991411685
full,20260930,transfer,sva_189,0.953125,0.921875,0.9791666666666666,0.8541666666666666,0.8072916666666666,0.8958333333333334,4.351442539799875
full,20260930,transfer,sva_377,0.9583333333333334,0.9270833333333334,0.984375,0.7291666666666666,0.6822916666666666,0.7761718749999993,4.343746673994571
full,20260930,transfer,ioi_19,0.005208333333333333,0.0,0.015625,0.796875,0.75,0.84375,4.34861122794407
full,20260930,transfer,ioi_38,0.026041666666666668,0.005208333333333333,0.046875,0.7760416666666666,0.7239583333333334,0.828125,4.341717622947428
full,20260930,transfer,ioi_75,0.010416666666666666,0.0,0.026041666666666668,0.796875,0.7447916666666666,0.84375,4.353885772392069
full,20260930,transfer,ioi_189,0.25,0.203125,0.3020833333333333,0.7083333333333334,0.6614583333333334,0.7552083333333334,4.344243519208253
full,20260930,transfer,ioi_377,0.4895833333333333,0.4375,0.546875,0.6510416666666666,0.6041666666666666,0.6980468749999993,4.335648005974309
full,20260930,transfer,random_19_0,0.005208333333333333,0.0,0.015625,0.921875,0.8854166666666666,0.9583333333333334,4.350209407888522
full,20260930,transfer,random_19_1,0.005208333333333333,0.0,0.015625,0.9322916666666666,0.8958333333333334,0.9635416666666666,4.356415502231172
full,20260930,transfer,random_19_2,0.010416666666666666,0.0,0.026041666666666668,0.9166666666666666,0.8802083333333334,0.953125,4.349915466635545
full,20260930,transfer,random_38_0,0.005208333333333333,0.0,0.015625,0.9635416666666666,0.9375,0.9895833333333334,4.348298997918539
full,20260930,transfer,random_38_1,0.005208333333333333,0.0,0.015625,0.9270833333333334,0.890625,0.9583333333333334,4.354391731939025
full,20260930,transfer,random_38_2,0.005208333333333333,0.0,0.015625,0.9270833333333334,0.890625,0.9583333333333334,4.352484219825939
full,20260930,transfer,random_75_0,0.0,0.0,0.0,0.90625,0.8645833333333334,0.9427083333333334,4.353524752513816
full,20260930,transfer,random_75_1,0.0,0.0,0.0,0.9270833333333334,0.890625,0.9583333333333334,4.357382852353127
full,20260930,transfer,random_75_2,0.005208333333333333,0.0,0.015625,0.9114583333333334,0.875,0.9479166666666666,4.3538415056681545
full,20260930,transfer,random_189_0,0.005208333333333333,0.0,0.015625,0.9375,0.9010416666666666,0.96875,4.349621946904808
full,20260930,transfer,random_189_1,0.041666666666666664,0.015625,0.06770833333333333,0.890625,0.8489583333333334,0.9322916666666666,4.348663478102817
full,20260930,transfer,random_189_2,0.015625,0.0,0.03125,0.9166666666666666,0.8802083333333334,0.953125,4.363217507718399
full,20260930,transfer,random_377_0,0.015625,0.0,0.036458333333333336,0.9114583333333334,0.8697916666666666,0.9479166666666666,4.3626351527849945
full,20260930,transfer,random_377_1,0.03125,0.010416666666666666,0.057291666666666664,0.890625,0.8489583333333334,0.9322916666666666,4.353084181886957
full,20260930,transfer,random_377_2,0.07291666666666667,0.036458333333333336,0.109375,0.9270833333333334,0.890625,0.9583333333333334,4.336936763159959
full,20260930,transfer,matched_sva_75_0,0.234375,0.1875,0.2864583333333333,0.9166666666666666,0.8802083333333334,0.953125,4.3482209851726825
full,20260930,transfer,matched_sva_75_1,0.20833333333333334,0.15625,0.2604166666666667,0.9270833333333334,0.890625,0.9583333333333334,4.351158261023334
full,20260930,transfer,matched_sva_75_2,0.19270833333333334,0.14583333333333334,0.23958333333333334,0.8854166666666666,0.84375,0.9270833333333334,4.35284866259017
full,20260930,transfer,matched_sva_189_0,0.4895833333333333,0.46875,0.5104166666666666,0.921875,0.8854166666666666,0.9583333333333334,4.346018293171161
full,20260930,transfer,matched_sva_189_1,0.4479166666666667,0.4114583333333333,0.4791666666666667,0.8489583333333334,0.8020833333333334,0.8907552083333327,4.347794305228304
full,20260930,transfer,matched_sva_189_2,0.3541666666666667,0.30716145833333336,0.4010416666666667,0.8854166666666666,0.84375,0.9270833333333334,4.350099265097965
full,20260930,transfer,cross_seed_sva_75,0.9479166666666666,0.9166666666666666,0.9739583333333334,0.8854166666666666,0.84375,0.9270833333333334,4.3452390991411685
full,20260930,transfer,cross_seed_sva_189,0.953125,0.921875,0.9791666666666666,0.8541666666666666,0.8072916666666666,0.8958333333333334,4.351442539799875
full,20260930,transfer,global_best,0.8489583333333334,0.8020833333333334,0.890625,0.703125,0.6510416666666666,0.7501302083333327,4.329588678417389
full,20260930,transfer,global_match,0.9739583333333334,0.9479166666666666,0.9947916666666666,0.6197916666666666,0.578125,0.6666666666666666,4.3271210923096675
full,20260930,confirmation,base,0.9765625,0.95703125,0.9921875,0.4921875,0.4609375,0.5234375,3.87269011594953
full,20260930,confirmation,adapted,0.0,0.0,0.0,1.0,1.0,1.0,3.8277198920883
full,20260930,confirmation,sva_19,0.3203125,0.27734375,0.359375,1.0,1.0,1.0,3.850109890718185
full,20260930,confirmation,sva_38,0.734375,0.69140625,0.77734375,1.0,1.0,1.0,3.8593809115878637
full,20260930,confirmation,sva_75,0.8984375,0.859375,0.93359375,0.99609375,0.98828125,1.0,3.8379740973072196
full,20260930,confirmation,sva_189,0.953125,0.92578125,0.9765625,0.99609375,0.98828125,1.0,3.829572993645123
full,20260930,confirmation,sva_377,0.95703125,0.9296875,0.98046875,0.95703125,0.9296875,0.98046875,3.8459559259680387
full,20260930,confirmation,ioi_19,0.0,0.0,0.0,0.921875,0.890625,0.953125,3.8413849234339543
full,20260930,confirmation,ioi_38,0.0,0.0,0.0,0.890625,0.85546875,0.92578125,3.8538113407129537
full,20260930,confirmation,ioi_75,0.0,0.0,0.0,0.875,0.8359375,0.91015625,3.843611681140545
full,20260930,confirmation,ioi_189,0.2265625,0.18359375,0.2734375,0.83203125,0.7890625,0.875,3.858443397580772
full,20260930,confirmation,ioi_377,0.390625,0.34375,0.44140625,0.7578125,0.71484375,0.80078125,3.8767788571828725
full,20260930,confirmation,random_19_0,0.0,0.0,0.0,1.0,1.0,1.0,3.831776404813691
full,20260930,confirmation,random_19_1,0.0,0.0,0.0,1.0,1.0,1.0,3.8285137286547704
full,20260930,confirmation,random_19_2,0.0,0.0,0.0,1.0,1.0,1.0,3.8251132793546323
full,20260930,confirmation,random_38_0,0.0,0.0,0.0,1.0,1.0,1.0,3.8211626870092004
full,20260930,confirmation,random_38_1,0.0,0.0,0.0,1.0,1.0,1.0,3.832358552648881
full,20260930,confirmation,random_38_2,0.0,0.0,0.0,1.0,1.0,1.0,3.831651435222155
full,20260930,confirmation,random_75_0,0.00390625,0.0,0.01171875,1.0,1.0,1.0,3.822166932627191
full,20260930,confirmation,random_75_1,0.0,0.0,0.0,1.0,1.0,1.0,3.828228567108903
full,20260930,confirmation,random_75_2,0.0,0.0,0.0,1.0,1.0,1.0,3.8351862230292166
full,20260930,confirmation,random_189_0,0.0,0.0,0.0,1.0,1.0,1.0,3.8286646503334247
full,20260930,confirmation,random_189_1,0.01171875,0.0,0.02734375,1.0,1.0,1.0,3.834073854803487
full,20260930,confirmation,random_189_2,0.00390625,0.0,0.015625,1.0,1.0,1.0,3.839052040613958
full,20260930,confirmation,random_377_0,0.0,0.0,0.0,1.0,1.0,1.0,3.8174886029173427
full,20260930,confirmation,random_377_1,0.0078125,0.0,0.01953125,1.0,1.0,1.0,3.822052441824826
full,20260930,confirmation,random_377_2,0.0078125,0.0,0.01953125,1.0,1.0,1.0,3.8246912304720158
full,20260930,confirmation,matched_sva_75_0,0.1796875,0.13671875,0.22265625,0.99609375,0.98828125,1.0,3.822470326877464
full,20260930,confirmation,matched_sva_75_1,0.078125,0.046875,0.109375,1.0,1.0,1.0,3.8467757910682625
full,20260930,confirmation,matched_sva_75_2,0.125,0.08984375,0.1640625,1.0,1.0,1.0,3.8376104114571428
full,20260930,confirmation,matched_sva_189_0,0.48046875,0.45703125,0.50390625,0.99609375,0.98828125,1.0,3.8225079103551205
full,20260930,confirmation,matched_sva_189_1,0.421875,0.3828125,0.45703125,0.9921875,0.98046875,1.0,3.835447382139628
full,20260930,confirmation,matched_sva_189_2,0.328125,0.28515625,0.37109375,0.9921875,0.98046875,1.0,3.830789256863365
full,20260930,confirmation,cross_seed_sva_75,0.8984375,0.859375,0.93359375,0.99609375,0.98828125,1.0,3.8379740973072196
full,20260930,confirmation,cross_seed_sva_189,0.953125,0.92578125,0.9765625,0.99609375,0.98828125,1.0,3.829572993645123
full,20260930,confirmation,global_best,0.7265625,0.68359375,0.76953125,0.890625,0.8515625,0.92578125,3.8335268784929526
full,20260930,confirmation,global_match,0.9453125,0.9140625,0.9688476562499995,0.7890625,0.7421875,0.83203125,3.8456573782296117
full,20260930,hard_transfer,base,1.0,1.0,1.0,0.57421875,0.53515625,0.61328125,3.8109560965783333
full,20260930,hard_transfer,adapted,0.01171875,0.0,0.02734375,0.91015625,0.875,0.94140625,3.880917219393463
full,20260930,hard_transfer,sva_19,0.53125,0.48046875,0.5782226562499995,0.88671875,0.84765625,0.921875,3.862212902045188
full,20260930,hard_transfer,sva_38,0.96484375,0.94140625,0.984375,0.91796875,0.8828125,0.94921875,3.86541752154826
full,20260930,hard_transfer,sva_75,0.99609375,0.98828125,1.0,0.91796875,0.8828125,0.94921875,3.860332043836542
full,20260930,hard_transfer,sva_189,1.0,1.0,1.0,0.90234375,0.8671875,0.9375,3.8544048524876544
full,20260930,hard_transfer,sva_377,1.0,1.0,1.0,0.8515625,0.8125,0.890625,3.8462497433036513
full,20260930,hard_transfer,ioi_19,0.03515625,0.015625,0.05859375,0.8359375,0.79296875,0.875,3.858473820669125
full,20260930,hard_transfer,ioi_38,0.0625,0.03515625,0.08994140624999947,0.80859375,0.765625,0.8515625,3.866733840357117
full,20260930,hard_transfer,ioi_75,0.0546875,0.03125,0.08203125,0.78125,0.73828125,0.82421875,3.86703635891843
full,20260930,hard_transfer,ioi_189,0.3046875,0.26171875,0.34765625,0.734375,0.69140625,0.78125,3.8685592948247423
full,20260930,hard_transfer,ioi_377,0.546875,0.48828125,0.60546875,0.703125,0.66396484375,0.74609375,3.879042024334159
full,20260930,hard_transfer,random_19_0,0.01953125,0.00390625,0.0390625,0.91015625,0.875,0.94140625,3.884335598635318
full,20260930,hard_transfer,random_19_1,0.01171875,0.0,0.02734375,0.91015625,0.875,0.94140625,3.883258375902802
full,20260930,hard_transfer,random_19_2,0.0234375,0.0078125,0.04296875,0.90234375,0.8671875,0.93359375,3.8826271140597988
full,20260930,hard_transfer,random_38_0,0.0703125,0.04296875,0.1015625,0.890625,0.8515625,0.92578125,3.8799398513090315
full,20260930,hard_transfer,random_38_1,0.01953125,0.00390625,0.03515625,0.8984375,0.86328125,0.93359375,3.8835454892855363
full,20260930,hard_transfer,random_38_2,0.01953125,0.00390625,0.0390625,0.90625,0.87109375,0.9375,3.878814200737203
full,20260930,hard_transfer,random_75_0,0.01171875,0.0,0.02734375,0.890625,0.8515625,0.92578125,3.882225158668377
full,20260930,hard_transfer,random_75_1,0.01953125,0.00390625,0.0390625,0.9140625,0.88271484375,0.9453125,3.8789145653234853
full,20260930,hard_transfer,random_75_2,0.0078125,0.0,0.01953125,0.8984375,0.86328125,0.93359375,3.8827906447891714
full,20260930,hard_transfer,random_189_0,0.015625,0.00390625,0.03125,0.8984375,0.86328125,0.93359375,3.886087043355219
full,20260930,hard_transfer,random_189_1,0.12890625,0.08984375,0.16796875,0.91015625,0.875,0.94140625,3.868507660686349
full,20260930,hard_transfer,random_189_2,0.02734375,0.01171875,0.046875,0.87890625,0.83984375,0.9140625,3.8821995754966117
full,20260930,hard_transfer,random_377_0,0.04296875,0.01953125,0.06650390624999947,0.89453125,0.859375,0.9296875,3.88435211911854
full,20260930,hard_transfer,random_377_1,0.1015625,0.06640625,0.13671875,0.91015625,0.875,0.94140625,3.876549577487096
full,20260930,hard_transfer,random_377_2,0.109375,0.07421875,0.14453125,0.8984375,0.86328125,0.93359375,3.8938037063369078
full,20260930,hard_transfer,matched_sva_75_0,0.27734375,0.234375,0.32421875,0.8828125,0.84375,0.91796875,3.8662483134330956
full,20260930,hard_transfer,matched_sva_75_1,0.1875,0.14453125,0.23046875,0.875,0.8359375,0.91015625,3.875137274603529
full,20260930,hard_transfer,matched_sva_75_2,0.2578125,0.21484375,0.3046875,0.890625,0.8515625,0.921875,3.8801453223041347
full,20260930,hard_transfer,matched_sva_189_0,0.5703125,0.5390625,0.6015625,0.890625,0.85546875,0.92578125,3.8559040608094777
full,20260930,hard_transfer,matched_sva_189_1,0.4921875,0.45703125,0.52734375,0.90625,0.87109375,0.9375,3.857152404024294
full,20260930,hard_transfer,matched_sva_189_2,0.4296875,0.390625,0.4765625,0.890625,0.8515625,0.92578125,3.8635905266819863
full,20260930,hard_transfer,cross_seed_sva_75,0.99609375,0.98828125,1.0,0.91796875,0.8828125,0.94921875,3.860332043836542
full,20260930,hard_transfer,cross_seed_sva_189,1.0,1.0,1.0,0.90234375,0.8671875,0.9375,3.8544048524876544
full,20260930,hard_transfer,global_best,0.953125,0.92578125,0.9765625,0.7890625,0.74609375,0.83203125,3.82027934969671
full,20260930,hard_transfer,global_match,0.99609375,0.98828125,1.0,0.71484375,0.671875,0.7578125,3.8139198323850043
compiled,20260930,heldout,sva_75,0.9056603773584906,0.8679245283018868,0.9433962264150944,0.9960629921259843,0.9881889763779528,1.0,4.600601868131412
compiled,20260930,transfer,sva_75,0.9375,0.9010416666666666,0.96875,0.8854166666666666,0.84375,0.9270833333333334,4.346887861364238
compiled,20260930,confirmation,sva_75,0.8984375,0.859375,0.93359375,0.99609375,0.98828125,1.0,3.8387989822640027
compiled,20260930,hard_transfer,sva_75,0.99609375,0.98828125,1.0,0.9140625,0.87890625,0.9453125,3.8637422824734253
compiled,20260930,heldout,sva_189,0.9528301886792453,0.9245283018867925,0.9764150943396226,0.9921259842519685,0.9803149606299213,1.0,4.597139153088979
compiled,20260930,transfer,sva_189,0.953125,0.921875,0.9791666666666666,0.8541666666666666,0.8072916666666666,0.8958333333333334,4.3499696721669965
compiled,20260930,confirmation,sva_189,0.953125,0.92578125,0.9765625,0.99609375,0.98828125,1.0,3.831171053404529
compiled,20260930,hard_transfer,sva_189,1.0,1.0,1.0,0.90625,0.87109375,0.9375,3.850169530464901
full,20261001,heldout,base,0.9764150943396226,0.9574292452830189,0.9952830188679245,0.4566929133858268,0.4251968503937008,0.4881889763779528,4.548658125398867
full,20261001,heldout,adapted,0.0,0.0,0.0,1.0,1.0,1.0,4.611270433348012
full,20261001,heldout,sva_19,0.2783018867924528,0.23113207547169812,0.330188679245283,1.0,1.0,1.0,4.601425845614942
full,20261001,heldout,sva_38,0.7783018867924528,0.7264150943396226,0.8207547169811321,0.9881889763779528,0.9724409448818898,1.0,4.592529470303682
full,20261001,heldout,sva_75,0.8773584905660378,0.8349056603773585,0.9150943396226415,0.9803149606299213,0.9606299212598425,0.9960629921259843,4.594281651108738
full,20261001,heldout,sva_189,0.9198113207547169,0.8820754716981132,0.9528301886792453,0.9606299212598425,0.937007874015748,0.984251968503937,4.5964110203633
full,20261001,heldout,sva_377,0.910377358490566,0.8726415094339622,0.9481132075471698,0.968503937007874,0.9487204724409448,0.9881889763779528,4.593768563359061
full,20261001,heldout,ioi_19,0.0047169811320754715,0.0,0.014150943396226415,0.9212598425196851,0.889763779527559,0.9488188976377953,4.593577542193363
full,20261001,heldout,ioi_38,0.0,0.0,0.0,0.9015748031496063,0.8661417322834646,0.9331692913385822,4.59265620246275
full,20261001,heldout,ioi_75,0.0047169811320754715,0.0,0.014150943396226415,0.8779527559055118,0.8385826771653543,0.9133858267716536,4.587351130388455
full,20261001,heldout,ioi_189,0.1650943396226415,0.1179245283018868,0.21226415094339623,0.8503937007874016,0.8109251968503937,0.889763779527559,4.573097122855623
full,20261001,heldout,ioi_377,0.3490566037735849,0.3018867924528302,0.3915094339622642,0.6732283464566929,0.6299212598425197,0.7165354330708661,4.559848024954662
full,20261001,heldout,random_19_0,0.0,0.0,0.0,1.0,1.0,1.0,4.6100824143288515
full,20261001,heldout,random_19_1,0.0,0.0,0.0,1.0,1.0,1.0,4.611636938816041
full,20261001,heldout,random_19_2,0.0,0.0,0.0,1.0,1.0,1.0,4.6119361001582915
full,20261001,heldout,random_38_0,0.0,0.0,0.0,1.0,1.0,1.0,4.611364972614274
full,20261001,heldout,random_38_1,0.0,0.0,0.0,1.0,1.0,1.0,4.606979044260645
full,20261001,heldout,random_38_2,0.0,0.0,0.0,1.0,1.0,1.0,4.610199328658882
full,20261001,heldout,random_75_0,0.0,0.0,0.0,1.0,1.0,1.0,4.611027956585705
full,20261001,heldout,random_75_1,0.0,0.0,0.0,1.0,1.0,1.0,4.611658286765293
full,20261001,heldout,random_75_2,0.0,0.0,0.0,1.0,1.0,1.0,4.61382320028569
full,20261001,heldout,random_189_0,0.0,0.0,0.0,1.0,1.0,1.0,4.613712216701422
full,20261001,heldout,random_189_1,0.0,0.0,0.0,0.9960629921259843,0.9881889763779528,1.0,4.60033338146184
full,20261001,heldout,random_189_2,0.0,0.0,0.0,0.9960629921259843,0.9881889763779528,1.0,4.608425789382678
full,20261001,heldout,random_377_0,0.0,0.0,0.0,0.9960629921259843,0.9881889763779528,1.0,4.598811732286316
full,20261001,heldout,random_377_1,0.02358490566037736,0.0047169811320754715,0.042570754716980484,0.9960629921259843,0.9881889763779528,1.0,4.60783803975195
full,20261001,heldout,random_377_2,0.009433962264150943,0.0,0.02358490566037736,1.0,1.0,1.0,4.60390762188402
full,20261001,heldout,matched_sva_75_0,0.18867924528301888,0.14150943396226415,0.2358490566037736,0.9921259842519685,0.9803149606299213,1.0,4.592368513479982
full,20261001,heldout,matched_sva_75_1,0.16981132075471697,0.12735849056603774,0.21226415094339623,0.9763779527559056,0.9566929133858267,0.9921259842519685,4.589484860687664
full,20261001,heldout,matched_sva_75_2,0.2169811320754717,0.16981132075471697,0.2641509433962264,0.984251968503937,0.968503937007874,0.9960629921259843,4.581837924723491
full,20261001,heldout,matched_sva_189_0,0.32075471698113206,0.27358490566037735,0.36792452830188677,1.0,1.0,1.0,4.582914877446394
full,20261001,heldout,matched_sva_189_1,0.30660377358490565,0.25943396226415094,0.35377358490566035,0.9921259842519685,0.9803149606299213,1.0,4.585351572206043
full,20261001,heldout,matched_sva_189_2,0.21226415094339623,0.1650943396226415,0.25943396226415094,0.9881889763779528,0.9724409448818898,1.0,4.5716878842972415
full,20261001,heldout,cross_seed_sva_75,0.8726415094339622,0.8301886792452831,0.910377358490566,0.9881889763779528,0.9724409448818898,1.0,4.597681659832325
full,20261001,heldout,cross_seed_sva_189,0.9433962264150944,0.910377358490566,0.9716981132075472,0.968503937007874,0.9448818897637795,0.9881889763779528,4.595717323802984
full,20261001,heldout,global_best,0.7358490566037735,0.6886792452830188,0.7783018867924528,0.889763779527559,0.8503937007874016,0.9251968503937008,4.542944296708487
full,20261001,heldout,global_match,0.7358490566037735,0.6886792452830188,0.7783018867924528,0.889763779527559,0.8503937007874016,0.9251968503937008,4.542944296708487
full,20261001,transfer,base,0.9947916666666666,0.984375,1.0,0.40625,0.3645833333333333,0.4427083333333333,4.339113135789098
full,20261001,transfer,adapted,0.010416666666666666,0.0,0.026041666666666668,0.8854166666666666,0.8385416666666666,0.9270833333333334,4.346531687255977
full,20261001,transfer,sva_19,0.3697916666666667,0.3125,0.4270833333333333,0.8489583333333334,0.8020833333333334,0.890625,4.350170104474634
full,20261001,transfer,sva_38,0.8854166666666666,0.8385416666666666,0.9322916666666666,0.8072916666666666,0.7604166666666666,0.8541666666666666,4.353916170456461
full,20261001,transfer,sva_75,0.9375,0.9010416666666666,0.96875,0.8020833333333334,0.75,0.8489583333333334,4.346412804770904
full,20261001,transfer,sva_189,0.9479166666666666,0.9166666666666666,0.9791666666666666,0.7708333333333334,0.71875,0.8177083333333334,4.350430721319915
full,20261001,transfer,sva_377,0.9270833333333334,0.890625,0.9583333333333334,0.765625,0.71875,0.8177083333333334,4.351636325903731
full,20261001,transfer,ioi_19,0.0,0.0,0.0,0.796875,0.7447916666666666,0.8489583333333334,4.344407676775079
full,20261001,transfer,ioi_38,0.005208333333333333,0.0,0.015625,0.7708333333333334,0.71875,0.8229166666666666,4.344931069545194
full,20261001,transfer,ioi_75,0.0,0.0,0.0,0.78125,0.7291666666666666,0.8282552083333327,4.341388653182622
full,20261001,transfer,ioi_189,0.3072916666666667,0.2552083333333333,0.3541666666666667,0.7604166666666666,0.7083333333333334,0.8125,4.329172915091427
full,20261001,transfer,ioi_377,0.546875,0.4947916666666667,0.5989583333333334,0.625,0.578125,0.671875,4.33820591117199
full,20261001,transfer,random_19_0,0.015625,0.0,0.036458333333333336,0.8802083333333334,0.8333333333333334,0.921875,4.350190458837332
full,20261001,transfer,random_19_1,0.010416666666666666,0.0,0.026041666666666668,0.890625,0.8489583333333334,0.9322916666666666,4.342873674442737
full,20261001,transfer,random_19_2,0.010416666666666666,0.0,0.026041666666666668,0.8802083333333334,0.8333333333333334,0.921875,4.343707094799629
full,20261001,transfer,random_38_0,0.010416666666666666,0.0,0.026041666666666668,0.8802083333333334,0.8333333333333334,0.921875,4.346193193053954
full,20261001,transfer,random_38_1,0.010416666666666666,0.0,0.026041666666666668,0.8802083333333334,0.8333333333333334,0.921875,4.3473203485984016
full,20261001,transfer,random_38_2,0.015625,0.0,0.036458333333333336,0.8854166666666666,0.8385416666666666,0.9270833333333334,4.343661441762339
full,20261001,transfer,random_75_0,0.015625,0.0,0.036458333333333336,0.890625,0.8489583333333334,0.9322916666666666,4.342615687722749
full,20261001,transfer,random_75_1,0.0,0.0,0.0,0.8802083333333334,0.8333333333333334,0.921875,4.340915469717319
full,20261001,transfer,random_75_2,0.005208333333333333,0.0,0.015625,0.921875,0.8854166666666666,0.9583333333333334,4.347941483024677
full,20261001,transfer,random_189_0,0.015625,0.0,0.036458333333333336,0.921875,0.8854166666666666,0.9583333333333334,4.356012624762105
full,20261001,transfer,random_189_1,0.06770833333333333,0.036458333333333336,0.10416666666666667,0.8645833333333334,0.8177083333333334,0.90625,4.339844304569432
full,20261001,transfer,random_189_2,0.005208333333333333,0.0,0.015625,0.8645833333333334,0.8177083333333334,0.90625,4.338836906265157
full,20261001,transfer,random_377_0,0.0,0.0,0.0,0.9114583333333334,0.8697916666666666,0.9479166666666666,4.3300027649583654
full,20261001,transfer,random_377_1,0.020833333333333332,0.005208333333333333,0.04179687499999929,0.8645833333333334,0.8177083333333334,0.90625,4.336502741977121
full,20261001,transfer,random_377_2,0.036458333333333336,0.010416666666666666,0.0625,0.8541666666666666,0.8072916666666666,0.8958333333333334,4.345795711088417
full,20261001,transfer,matched_sva_75_0,0.34375,0.2916666666666667,0.390625,0.84375,0.796875,0.890625,4.341025806555778
full,20261001,transfer,matched_sva_75_1,0.2604166666666667,0.20833333333333334,0.3125,0.8489583333333334,0.8020833333333334,0.890625,4.336697281336158
full,20261001,transfer,matched_sva_75_2,0.3177083333333333,0.265625,0.3645833333333333,0.8385416666666666,0.7916666666666666,0.8854166666666666,4.341016666486465
full,20261001,transfer,matched_sva_189_0,0.4010416666666667,0.3541666666666667,0.4427083333333333,0.8541666666666666,0.8072916666666666,0.8958333333333334,4.355803447987912
full,20261001,transfer,matched_sva_189_1,0.4479166666666667,0.3958333333333333,0.4947916666666667,0.8958333333333334,0.8541666666666666,0.9375,4.344942577741759
full,20261001,transfer,matched_sva_189_2,0.3697916666666667,0.3177083333333333,0.421875,0.8697916666666666,0.8229166666666666,0.9114583333333334,4.334155135672032
full,20261001,transfer,cross_seed_sva_75,0.9270833333333334,0.890625,0.9583333333333334,0.828125,0.78125,0.875,4.340748516985737
full,20261001,transfer,cross_seed_sva_189,0.9427083333333334,0.90625,0.9739583333333334,0.8072916666666666,0.7604166666666666,0.8541666666666666,4.34832291571868
full,20261001,transfer,global_best,0.8802083333333334,0.8333333333333334,0.921875,0.7239583333333334,0.6770833333333334,0.7708333333333334,4.324237511762573
full,20261001,transfer,global_match,0.8802083333333334,0.8333333333333334,0.921875,0.7239583333333334,0.6770833333333334,0.7708333333333334,4.324237511762573
full,20261001,confirmation,base,0.9765625,0.95703125,0.9921875,0.4921875,0.4609375,0.5234375,3.87269011594953
full,20261001,confirmation,adapted,0.0,0.0,0.0,1.0,1.0,1.0,3.8222589744571134
full,20261001,confirmation,sva_19,0.296875,0.25390625,0.3359375,1.0,1.0,1.0,3.85262808396343
full,20261001,confirmation,sva_38,0.7890625,0.74609375,0.83203125,1.0,1.0,1.0,3.8520768477480836
full,20261001,confirmation,sva_75,0.87890625,0.84375,0.9140625,0.98046875,0.9609375,0.99609375,3.8333335725478483
full,20261001,confirmation,sva_189,0.9140625,0.87890625,0.9453125,0.96484375,0.94140625,0.984375,3.829140631948241
full,20261001,confirmation,sva_377,0.91015625,0.875,0.94140625,0.96484375,0.94140625,0.984375,3.841655612974945
full,20261001,confirmation,ioi_19,0.0,0.0,0.0,0.94140625,0.9140625,0.96875,3.827341612860744
full,20261001,confirmation,ioi_38,0.00390625,0.0,0.01171875,0.9375,0.91005859375,0.96484375,3.837747332591701
full,20261001,confirmation,ioi_75,0.00390625,0.0,0.01171875,0.8828125,0.84375,0.91796875,3.8355574725442967
full,20261001,confirmation,ioi_189,0.19140625,0.1484375,0.234375,0.84375,0.8046875,0.88671875,3.8568449709018298
full,20261001,confirmation,ioi_377,0.38671875,0.34375,0.42578125,0.75390625,0.7109375,0.796875,3.8646161318193246
full,20261001,confirmation,random_19_0,0.0,0.0,0.0,1.0,1.0,1.0,3.831490273166011
full,20261001,confirmation,random_19_1,0.0,0.0,0.0,1.0,1.0,1.0,3.8164092563696346
full,20261001,confirmation,random_19_2,0.0,0.0,0.0,1.0,1.0,1.0,3.820947202173763
full,20261001,confirmation,random_38_0,0.0,0.0,0.0,1.0,1.0,1.0,3.8224868765072095
full,20261001,confirmation,random_38_1,0.0,0.0,0.0,1.0,1.0,1.0,3.8158739141544995
full,20261001,confirmation,random_38_2,0.0,0.0,0.0,1.0,1.0,1.0,3.818024931906688
full,20261001,confirmation,random_75_0,0.0,0.0,0.0,1.0,1.0,1.0,3.8182429696186038
full,20261001,confirmation,random_75_1,0.0,0.0,0.0,1.0,1.0,1.0,3.81635054356568
full,20261001,confirmation,random_75_2,0.0,0.0,0.0,1.0,1.0,1.0,3.818085300946539
full,20261001,confirmation,random_189_0,0.01171875,0.0,0.02734375,1.0,1.0,1.0,3.8311547516721567
full,20261001,confirmation,random_189_1,0.0,0.0,0.0,1.0,1.0,1.0,3.825566903985807
full,20261001,confirmation,random_189_2,0.0,0.0,0.0,1.0,1.0,1.0,3.831024369760129
full,20261001,confirmation,random_377_0,0.0,0.0,0.0,1.0,1.0,1.0,3.825238283027113
full,20261001,confirmation,random_377_1,0.015625,0.00390625,0.03125,1.0,1.0,1.0,3.82173232132293
full,20261001,confirmation,random_377_2,0.00390625,0.0,0.01171875,1.0,1.0,1.0,3.836281953827352
full,20261001,confirmation,matched_sva_75_0,0.1875,0.14453125,0.23056640624999947,1.0,1.0,1.0,3.8301527433787235
full,20261001,confirmation,matched_sva_75_1,0.1796875,0.140625,0.22265625,1.0,1.0,1.0,3.8330124015761764
full,20261001,confirmation,matched_sva_75_2,0.2734375,0.23046875,0.31650390624999947,0.99609375,0.98828125,1.0,3.821815283352475
full,20261001,confirmation,matched_sva_189_0,0.3359375,0.296875,0.375,1.0,1.0,1.0,3.841840510567892
full,20261001,confirmation,matched_sva_189_1,0.3515625,0.3125,0.38681640624999947,1.0,1.0,1.0,3.8414154602231942
full,20261001,confirmation,matched_sva_189_2,0.2734375,0.23037109375,0.3125,0.9921875,0.98046875,1.0,3.8171339648861986
full,20261001,confirmation,cross_seed_sva_75,0.89453125,0.859375,0.9296875,0.984375,0.96484375,0.99609375,3.8248163686733245
full,20261001,confirmation,cross_seed_sva_189,0.92578125,0.89453125,0.953125,0.9765625,0.95703125,0.9921875,3.8129174096302854
full,20261001,confirmation,global_best,0.73046875,0.6875,0.7734375,0.90625,0.87109375,0.9375,3.8295711440948286
full,20261001,confirmation,global_match,0.73046875,0.6875,0.7734375,0.90625,0.87109375,0.9375,3.8295711440948286
full,20261001,hard_transfer,base,1.0,1.0,1.0,0.57421875,0.53515625,0.61328125,3.8109560965783333
full,20261001,hard_transfer,adapted,0.0,0.0,0.0,0.90625,0.87109375,0.9375,3.872372397687568
full,20261001,hard_transfer,sva_19,0.546875,0.49609375,0.6015625,0.921875,0.890625,0.953125,3.8526831438172264
full,20261001,hard_transfer,sva_38,0.97265625,0.953125,0.98828125,0.90234375,0.8671875,0.93359375,3.8693045756953173
full,20261001,hard_transfer,sva_75,0.99609375,0.98828125,1.0,0.89453125,0.859375,0.9296875,3.859197686885088
full,20261001,hard_transfer,sva_189,0.99609375,0.98828125,1.0,0.86328125,0.82421875,0.90234375,3.8576266060113396
full,20261001,hard_transfer,sva_377,0.9921875,0.98046875,1.0,0.85546875,0.81640625,0.89453125,3.85543363243285
full,20261001,hard_transfer,ioi_19,0.01171875,0.0,0.02734375,0.828125,0.7890625,0.87109375,3.8429427032567793
full,20261001,hard_transfer,ioi_38,0.01953125,0.00390625,0.0390625,0.8203125,0.77734375,0.86328125,3.8463115392828526
full,20261001,hard_transfer,ioi_75,0.02734375,0.0078125,0.05078125,0.79296875,0.75,0.8359375,3.8322102752288414
full,20261001,hard_transfer,ioi_189,0.29296875,0.25,0.3359375,0.75390625,0.7109375,0.796875,3.8455724172556605
full,20261001,hard_transfer,ioi_377,0.61328125,0.55859375,0.66796875,0.73046875,0.6875,0.77734375,3.8565362454513368
full,20261001,hard_transfer,random_19_0,0.0,0.0,0.0,0.91015625,0.875,0.94140625,3.8739687315665297
full,20261001,hard_transfer,random_19_1,0.0,0.0,0.0,0.90234375,0.8671875,0.9336914062499995,3.874303922724882
full,20261001,hard_transfer,random_19_2,0.0,0.0,0.0,0.9140625,0.87890625,0.9453125,3.8697224739679332
full,20261001,hard_transfer,random_38_0,0.00390625,0.0,0.01171875,0.89453125,0.859375,0.9258789062499995,3.87052679061805
full,20261001,hard_transfer,random_38_1,0.0,0.0,0.0,0.9140625,0.87890625,0.9453125,3.873031656178222
full,20261001,hard_transfer,random_38_2,0.00390625,0.0,0.01171875,0.8984375,0.86328125,0.93359375,3.8712059191391437
full,20261001,hard_transfer,random_75_0,0.0078125,0.0,0.01953125,0.90234375,0.8671875,0.93359375,3.8736849306334715
full,20261001,hard_transfer,random_75_1,0.0,0.0,0.0,0.91015625,0.875,0.94140625,3.8730178239749686
full,20261001,hard_transfer,random_75_2,0.0,0.0,0.0,0.90625,0.87109375,0.9375,3.8633245806229497
full,20261001,hard_transfer,random_189_0,0.02734375,0.01171875,0.046875,0.890625,0.8515625,0.92578125,3.8457749591592814
full,20261001,hard_transfer,random_189_1,0.0234375,0.0078125,0.04296875,0.9296875,0.89833984375,0.95703125,3.8698747118071397
full,20261001,hard_transfer,random_189_2,0.00390625,0.0,0.01171875,0.9140625,0.87890625,0.9453125,3.869577577607142
full,20261001,hard_transfer,random_377_0,0.01171875,0.0,0.02734375,0.921875,0.88671875,0.953125,3.856500643851292
full,20261001,hard_transfer,random_377_1,0.03125,0.01171875,0.0546875,0.91015625,0.875,0.94140625,3.8561544294169905
full,20261001,hard_transfer,random_377_2,0.015625,0.00390625,0.03125,0.90234375,0.8671875,0.93359375,3.873709816781127
full,20261001,hard_transfer,matched_sva_75_0,0.37109375,0.328125,0.41796875,0.90625,0.87109375,0.9375,3.8670419836820407
full,20261001,hard_transfer,matched_sva_75_1,0.1953125,0.15625,0.23828125,0.88671875,0.8515625,0.921875,3.8543840779699954
full,20261001,hard_transfer,matched_sva_75_2,0.3828125,0.34765625,0.41806640624999947,0.9140625,0.8828125,0.9453125,3.8556873281933646
full,20261001,hard_transfer,matched_sva_189_0,0.390625,0.34765625,0.4375,0.87109375,0.83203125,0.90625,3.8602544419021543
full,20261001,hard_transfer,matched_sva_189_1,0.42578125,0.38671875,0.46484375,0.8984375,0.86328125,0.9296875,3.8626100199884084
full,20261001,hard_transfer,matched_sva_189_2,0.36328125,0.32421875,0.40234375,0.89453125,0.859375,0.9296875,3.8352488079960594
full,20261001,hard_transfer,cross_seed_sva_75,0.99609375,0.98828125,1.0,0.8984375,0.86328125,0.93359375,3.856342952505996
full,20261001,hard_transfer,cross_seed_sva_189,0.99609375,0.98828125,1.0,0.88671875,0.84765625,0.921875,3.8473535060669493
full,20261001,hard_transfer,global_best,0.97265625,0.953125,0.9921875,0.796875,0.75390625,0.8359375,3.812243434645264
full,20261001,hard_transfer,global_match,0.97265625,0.953125,0.9921875,0.796875,0.75390625,0.8359375,3.812243434645264
compiled,20261001,heldout,sva_75,0.8773584905660378,0.8349056603773585,0.9150943396226415,0.9763779527559056,0.9566929133858267,0.9921259842519685,4.59449970428784
compiled,20261001,transfer,sva_75,0.9375,0.9010416666666666,0.96875,0.796875,0.75,0.84375,4.349972087963569
compiled,20261001,confirmation,sva_75,0.87890625,0.84375,0.9140625,0.98046875,0.9609375,0.99609375,3.834546613809365
compiled,20261001,hard_transfer,sva_75,0.99609375,0.98828125,1.0,0.89453125,0.859375,0.9296875,3.8601999754574376
compiled,20261001,heldout,sva_189,0.9198113207547169,0.8820754716981132,0.9528301886792453,0.9566929133858267,0.9291338582677166,0.9803149606299213,4.596956740564484
compiled,20261001,transfer,sva_189,0.9479166666666666,0.9166666666666666,0.9791666666666666,0.7552083333333334,0.7083333333333334,0.802213541666666,4.349596143906343
compiled,20261001,confirmation,sva_189,0.9140625,0.87890625,0.9453125,0.96484375,0.94140625,0.984375,3.829411896685696
compiled,20261001,hard_transfer,sva_189,0.99609375,0.98828125,1.0,0.8671875,0.828125,0.9024414062499995,3.855801324582744
full,20261002,heldout,base,0.9764150943396226,0.9574292452830189,0.9952830188679245,0.4566929133858268,0.4251968503937008,0.4881889763779528,4.548658125398867
full,20261002,heldout,adapted,0.0,0.0,0.0,0.9960629921259843,0.9881889763779528,1.0,4.6276912191884705
full,20261002,heldout,sva_19,0.3160377358490566,0.2688679245283019,0.3632075471698113,0.9960629921259843,0.9881889763779528,1.0,4.617487062446741
full,20261002,heldout,sva_38,0.5990566037735849,0.5424528301886793,0.6509433962264151,0.9960629921259843,0.9881889763779528,1.0,4.6155374194604795
full,20261002,heldout,sva_75,0.7452830188679245,0.6981132075471698,0.7924528301886793,0.9921259842519685,0.9803149606299213,1.0,4.609073597147375
full,20261002,heldout,sva_189,0.910377358490566,0.8726415094339622,0.9433962264150944,0.9881889763779528,0.9724409448818898,1.0,4.605492093404464
full,20261002,heldout,sva_377,0.9245283018867925,0.8867924528301887,0.9575471698113207,0.9724409448818898,0.952755905511811,0.9921259842519685,4.601113681515785
full,20261002,heldout,ioi_19,0.0,0.0,0.0,0.9724409448818898,0.952755905511811,0.9921259842519685,4.624167175036787
full,20261002,heldout,ioi_38,0.0,0.0,0.0,0.9330708661417323,0.9015748031496063,0.9606299212598425,4.617743628743608
full,20261002,heldout,ioi_75,0.0047169811320754715,0.0,0.014150943396226415,0.889763779527559,0.8503937007874016,0.9251968503937008,4.62139520385916
full,20261002,heldout,ioi_189,0.23113207547169812,0.18396226415094338,0.2783018867924528,0.8543307086614174,0.8149606299212598,0.8898622047244089,4.5950593140383775
full,20261002,heldout,ioi_377,0.3584905660377358,0.3113207547169811,0.4009433962264151,0.6614173228346457,0.6181102362204725,0.7047244094488189,4.582923509330952
full,20261002,heldout,random_19_0,0.0,0.0,0.0,0.9960629921259843,0.9881889763779528,1.0,4.6297647393165855
full,20261002,heldout,random_19_1,0.0,0.0,0.0,0.9960629921259843,0.9881889763779528,1.0,4.635542550025505
full,20261002,heldout,random_19_2,0.0,0.0,0.0,0.9960629921259843,0.9881889763779528,1.0,4.63131369468011
full,20261002,heldout,random_38_0,0.0,0.0,0.0,1.0,1.0,1.0,4.629027385466366
full,20261002,heldout,random_38_1,0.0,0.0,0.0,0.9960629921259843,0.9881889763779528,1.0,4.630503679321319
full,20261002,heldout,random_38_2,0.0,0.0,0.0,0.9960629921259843,0.9881889763779528,1.0,4.629050932091678
full,20261002,heldout,random_75_0,0.0,0.0,0.0,0.9960629921259843,0.9881889763779528,1.0,4.626029845169582
full,20261002,heldout,random_75_1,0.0,0.0,0.0,0.9960629921259843,0.9881889763779528,1.0,4.633282592101536
full,20261002,heldout,random_75_2,0.0,0.0,0.0,1.0,1.0,1.0,4.639820717544258
full,20261002,heldout,random_189_0,0.0,0.0,0.0,0.9960629921259843,0.9881889763779528,1.0,4.628417371814744
full,20261002,heldout,random_189_1,0.02358490566037736,0.0047169811320754715,0.04245283018867924,0.9960629921259843,0.9881889763779528,1.0,4.623972462237894
full,20261002,heldout,random_189_2,0.018867924528301886,0.0047169811320754715,0.04245283018867924,0.9960629921259843,0.9881889763779528,1.0,4.636569079150796
full,20261002,heldout,random_377_0,0.03773584905660377,0.014150943396226415,0.0660377358490566,0.9921259842519685,0.9803149606299213,1.0,4.6210232599288545
full,20261002,heldout,random_377_1,0.02830188679245283,0.009433962264150943,0.05188679245283019,0.9960629921259843,0.9881889763779528,1.0,4.6090709877912595
full,20261002,heldout,random_377_2,0.02830188679245283,0.009433962264150943,0.05188679245283019,0.9960629921259843,0.9881889763779528,1.0,4.622602116932661
full,20261002,heldout,matched_sva_75_0,0.0660377358490566,0.03773584905660377,0.09905660377358491,0.9960629921259843,0.9881889763779528,1.0,4.60786932616624
full,20261002,heldout,matched_sva_75_1,0.25943396226415094,0.20754716981132076,0.30660377358490565,0.9960629921259843,0.9881889763779528,1.0,4.611914158630458
full,20261002,heldout,matched_sva_75_2,0.24528301886792453,0.19339622641509435,0.2971698113207547,1.0,1.0,1.0,4.596010400957825
full,20261002,heldout,matched_sva_189_0,0.32075471698113206,0.27358490566037735,0.36792452830188677,0.9960629921259843,0.9881889763779528,1.0,4.593709542100365
full,20261002,heldout,matched_sva_189_1,0.2688679245283019,0.2169811320754717,0.3160377358490566,0.984251968503937,0.968503937007874,0.9960629921259843,4.571738538847915
full,20261002,heldout,matched_sva_189_2,0.36792452830188677,0.32075471698113206,0.41037735849056606,0.9921259842519685,0.9803149606299213,1.0,4.606973334637775
full,20261002,heldout,cross_seed_sva_75,0.8490566037735849,0.8066037735849056,0.8915094339622641,0.9921259842519685,0.9803149606299213,1.0,4.611804676352735
full,20261002,heldout,cross_seed_sva_189,0.9245283018867925,0.8915094339622641,0.9575471698113207,0.984251968503937,0.968503937007874,0.9960629921259843,4.614338159214591
full,20261002,heldout,global_best,0.7971698113207547,0.75,0.8443396226415094,0.889763779527559,0.8543307086614174,0.9251968503937008,4.544957428639907
full,20261002,heldout,global_match,0.7971698113207547,0.75,0.8443396226415094,0.889763779527559,0.8543307086614174,0.9251968503937008,4.544957428639907
full,20261002,transfer,base,0.9947916666666666,0.984375,1.0,0.40625,0.3645833333333333,0.4427083333333333,4.339113135789098
full,20261002,transfer,adapted,0.010416666666666666,0.0,0.026041666666666668,0.921875,0.8854166666666666,0.9583333333333334,4.339556287702906
full,20261002,transfer,sva_19,0.3489583333333333,0.2916666666666667,0.4010416666666667,0.890625,0.8489583333333334,0.9322916666666666,4.343380598055947
full,20261002,transfer,sva_38,0.7604166666666666,0.7083333333333334,0.8125,0.8697916666666666,0.828125,0.9114583333333334,4.341046903621914
full,20261002,transfer,sva_75,0.8333333333333334,0.7864583333333334,0.8802083333333334,0.859375,0.8125,0.9010416666666666,4.336000017928397
full,20261002,transfer,sva_189,0.9114583333333334,0.875,0.9479166666666666,0.828125,0.78125,0.875,4.330782535263394
full,20261002,transfer,sva_377,0.9270833333333334,0.890625,0.9583333333333334,0.84375,0.796875,0.8854166666666666,4.333030698184051
full,20261002,transfer,ioi_19,0.010416666666666666,0.0,0.026041666666666668,0.84375,0.796875,0.890625,4.3367390434228055
full,20261002,transfer,ioi_38,0.0,0.0,0.0,0.796875,0.7447916666666666,0.8489583333333334,4.340692530994049
full,20261002,transfer,ioi_75,0.0,0.0,0.0,0.765625,0.71875,0.8177083333333334,4.338651026673333
full,20261002,transfer,ioi_189,0.2708333333333333,0.21875,0.3229166666666667,0.7447916666666666,0.6979166666666666,0.7916666666666666,4.33236986678517
full,20261002,transfer,ioi_377,0.5208333333333334,0.46875,0.5729166666666666,0.578125,0.5364583333333334,0.6197916666666666,4.329090925493052
full,20261002,transfer,random_19_0,0.010416666666666666,0.0,0.026041666666666668,0.9270833333333334,0.890625,0.9583333333333334,4.338265188037784
full,20261002,transfer,random_19_1,0.005208333333333333,0.0,0.015625,0.9322916666666666,0.8958333333333334,0.9635416666666666,4.344952932803779
full,20261002,transfer,random_19_2,0.010416666666666666,0.0,0.026041666666666668,0.9322916666666666,0.8958333333333334,0.9635416666666666,4.3392437350891075
full,20261002,transfer,random_38_0,0.010416666666666666,0.0,0.026041666666666668,0.9114583333333334,0.875,0.9479166666666666,4.34196021368205
full,20261002,transfer,random_38_1,0.010416666666666666,0.0,0.026041666666666668,0.9114583333333334,0.875,0.9479166666666666,4.3413338833873745
full,20261002,transfer,random_38_2,0.010416666666666666,0.0,0.026041666666666668,0.9270833333333334,0.890625,0.9583333333333334,4.341527816665387
full,20261002,transfer,random_75_0,0.010416666666666666,0.0,0.026041666666666668,0.9114583333333334,0.875,0.9479166666666666,4.339512162133911
full,20261002,transfer,random_75_1,0.005208333333333333,0.0,0.015625,0.9375,0.90625,0.96875,4.346862275203634
full,20261002,transfer,random_75_2,0.020833333333333332,0.005208333333333333,0.041666666666666664,0.921875,0.8854166666666666,0.9583333333333334,4.332173084757488
full,20261002,transfer,random_189_0,0.015625,0.0,0.036458333333333336,0.9114583333333334,0.875,0.9479166666666666,4.355350553675583
full,20261002,transfer,random_189_1,0.041666666666666664,0.015625,0.07291666666666667,0.9010416666666666,0.859375,0.9427083333333334,4.351503796121669
full,20261002,transfer,random_189_2,0.020833333333333332,0.005208333333333333,0.041666666666666664,0.9166666666666666,0.8802083333333334,0.953125,4.353431134552441
full,20261002,transfer,random_377_0,0.036458333333333336,0.010416666666666666,0.0625,0.8854166666666666,0.84375,0.9270833333333334,4.362615041597041
full,20261002,transfer,random_377_1,0.026041666666666668,0.005208333333333333,0.047005208333332625,0.9114583333333334,0.875,0.9479166666666666,4.331843021184516
full,20261002,transfer,random_377_2,0.08333333333333333,0.046875,0.125,0.8802083333333334,0.8385416666666666,0.921875,4.325435627248477
full,20261002,transfer,matched_sva_75_0,0.057291666666666664,0.026041666666666668,0.08854166666666667,0.890625,0.8489583333333334,0.9270833333333334,4.346107701686577
full,20261002,transfer,matched_sva_75_1,0.2604166666666667,0.21354166666666666,0.3125,0.875,0.828125,0.9166666666666666,4.335005033877114
full,20261002,transfer,matched_sva_75_2,0.21354166666666666,0.16145833333333334,0.2605468749999993,0.9114583333333334,0.875,0.9479166666666666,4.337804473040795
full,20261002,transfer,matched_sva_189_0,0.4635416666666667,0.4166666666666667,0.5052083333333334,0.8802083333333334,0.8385416666666666,0.921875,4.32511152544341
full,20261002,transfer,matched_sva_189_1,0.3489583333333333,0.3020833333333333,0.3958333333333333,0.8802083333333334,0.8385416666666666,0.921875,4.317916826985099
full,20261002,transfer,matched_sva_189_2,0.4635416666666667,0.4322916666666667,0.4895833333333333,0.8333333333333334,0.7864583333333334,0.8802083333333334,4.333270073595358
full,20261002,transfer,cross_seed_sva_75,0.8802083333333334,0.8384114583333333,0.921875,0.8541666666666666,0.8072916666666666,0.8958333333333334,4.3392444698199295
full,20261002,transfer,cross_seed_sva_189,0.9010416666666666,0.859375,0.9375,0.8385416666666666,0.7916666666666666,0.8802083333333334,4.340235187469657
full,20261002,transfer,global_best,0.9114583333333334,0.875,0.9479166666666666,0.6979166666666666,0.6458333333333334,0.75,4.320707549370515
full,20261002,transfer,global_match,0.9114583333333334,0.875,0.9479166666666666,0.6979166666666666,0.6458333333333334,0.75,4.320707549370515
full,20261002,confirmation,base,0.9765625,0.95703125,0.9921875,0.4921875,0.4609375,0.5234375,3.87269011594953
full,20261002,confirmation,adapted,0.0,0.0,0.0,1.0,1.0,1.0,3.8211765707068053
full,20261002,confirmation,sva_19,0.33203125,0.29296875,0.37109375,1.0,1.0,1.0,3.8367501897099254
full,20261002,confirmation,sva_38,0.65625,0.61328125,0.69921875,1.0,1.0,1.0,3.8372994232983153
full,20261002,confirmation,sva_75,0.80859375,0.76171875,0.8515625,0.99609375,0.98828125,1.0,3.826400989940229
full,20261002,confirmation,sva_189,0.9140625,0.87890625,0.9453125,0.98828125,0.97265625,1.0,3.8165548337780137
full,20261002,confirmation,sva_377,0.921875,0.88671875,0.94921875,0.97265625,0.94921875,0.98828125,3.8218166074669564
full,20261002,confirmation,ioi_19,0.0,0.0,0.0,0.9921875,0.98046875,1.0,3.825482614789687
full,20261002,confirmation,ioi_38,0.00390625,0.0,0.01171875,0.93359375,0.90234375,0.9609375,3.8211276746768914
full,20261002,confirmation,ioi_75,0.0,0.0,0.0,0.88671875,0.8515625,0.921875,3.8308501010473215
full,20261002,confirmation,ioi_189,0.22265625,0.1796875,0.265625,0.86328125,0.8203125,0.90234375,3.8493695950578255
full,20261002,confirmation,ioi_377,0.375,0.3359375,0.41015625,0.7421875,0.6953125,0.7890625,3.8663798423754168
full,20261002,confirmation,random_19_0,0.0,0.0,0.0,1.0,1.0,1.0,3.824052495230564
full,20261002,confirmation,random_19_1,0.0,0.0,0.0,1.0,1.0,1.0,3.829266387335151
full,20261002,confirmation,random_19_2,0.0,0.0,0.0,1.0,1.0,1.0,3.8244191443622344
full,20261002,confirmation,random_38_0,0.0,0.0,0.0,1.0,1.0,1.0,3.8209574123286862
full,20261002,confirmation,random_38_1,0.0,0.0,0.0,1.0,1.0,1.0,3.8180669634533984
full,20261002,confirmation,random_38_2,0.0,0.0,0.0,1.0,1.0,1.0,3.820849415251732
full,20261002,confirmation,random_75_0,0.0,0.0,0.0,1.0,1.0,1.0,3.8223590038325863
full,20261002,confirmation,random_75_1,0.00390625,0.0,0.01171875,1.0,1.0,1.0,3.820717473284997
full,20261002,confirmation,random_75_2,0.0,0.0,0.0,1.0,1.0,1.0,3.833628828705139
full,20261002,confirmation,random_189_0,0.00390625,0.0,0.01171875,1.0,1.0,1.0,3.8139964968926146
full,20261002,confirmation,random_189_1,0.00390625,0.0,0.01171875,1.0,1.0,1.0,3.8052702199288264
full,20261002,confirmation,random_189_2,0.01171875,0.0,0.02734375,1.0,1.0,1.0,3.826710099671726
full,20261002,confirmation,random_377_0,0.03125,0.01171875,0.05078125,0.99609375,0.98828125,1.0,3.8192427628756973
full,20261002,confirmation,random_377_1,0.0390625,0.01953125,0.0625,1.0,1.0,1.0,3.8337730478314267
full,20261002,confirmation,random_377_2,0.01953125,0.00390625,0.0390625,1.0,1.0,1.0,3.80042660866956
full,20261002,confirmation,matched_sva_75_0,0.07421875,0.04296875,0.10546875,0.99609375,0.98828125,1.0,3.8240241353078113
full,20261002,confirmation,matched_sva_75_1,0.26953125,0.2265625,0.3125,1.0,1.0,1.0,3.803777514412758
full,20261002,confirmation,matched_sva_75_2,0.25390625,0.2109375,0.296875,1.0,1.0,1.0,3.8156894813995965
full,20261002,confirmation,matched_sva_189_0,0.3671875,0.328125,0.40625,0.99609375,0.98828125,1.0,3.8281260898358322
full,20261002,confirmation,matched_sva_189_1,0.29296875,0.25390625,0.3359375,0.9921875,0.98046875,1.0,3.821123577008185
full,20261002,confirmation,matched_sva_189_2,0.4296875,0.3984375,0.4609375,0.99609375,0.98828125,1.0,3.8177943993325307
full,20261002,confirmation,cross_seed_sva_75,0.859375,0.8203125,0.8984375,0.99609375,0.98828125,1.0,3.8216266679275717
full,20261002,confirmation,cross_seed_sva_189,0.9140625,0.87890625,0.9453125,0.98828125,0.97265625,1.0,3.81803813306471
full,20261002,confirmation,global_best,0.78515625,0.7421875,0.828125,0.90234375,0.86328125,0.93359375,3.823996150423198
full,20261002,confirmation,global_match,0.78515625,0.7421875,0.828125,0.90234375,0.86328125,0.93359375,3.823996150423198
full,20261002,hard_transfer,base,1.0,1.0,1.0,0.57421875,0.53515625,0.61328125,3.8109560965783333
full,20261002,hard_transfer,adapted,0.0078125,0.0,0.01953125,0.90625,0.87109375,0.9375,3.8995387582272065
full,20261002,hard_transfer,sva_19,0.53125,0.4765625,0.5859375,0.91015625,0.875,0.94140625,3.8734629697798555
full,20261002,hard_transfer,sva_38,0.91015625,0.875,0.94140625,0.91015625,0.875,0.94140625,3.8723728241429973
full,20261002,hard_transfer,sva_75,0.9765625,0.95703125,0.9921875,0.90625,0.87109375,0.9375,3.8708391666389783
full,20261002,hard_transfer,sva_189,0.98828125,0.97265625,1.0,0.91015625,0.875,0.94140625,3.8587479886693425
full,20261002,hard_transfer,sva_377,0.99609375,0.98828125,1.0,0.91015625,0.875,0.94140625,3.8551906992332783
full,20261002,hard_transfer,ioi_19,0.00390625,0.0,0.01171875,0.8671875,0.828125,0.90234375,3.8813008272947007
full,20261002,hard_transfer,ioi_38,0.01171875,0.0,0.02734375,0.8359375,0.796875,0.875,3.8671843346115202
full,20261002,hard_transfer,ioi_75,0.0,0.0,0.0,0.765625,0.72265625,0.80859375,3.8770091844022727
full,20261002,hard_transfer,ioi_189,0.265625,0.21875,0.30859375,0.76171875,0.71875,0.80859375,3.8755813247462108
full,20261002,hard_transfer,ioi_377,0.56640625,0.51953125,0.61328125,0.6953125,0.65234375,0.7421875,3.8735189680103215
full,20261002,hard_transfer,random_19_0,0.015625,0.00390625,0.03125,0.90625,0.87109375,0.9375,3.8982597605031772
full,20261002,hard_transfer,random_19_1,0.00390625,0.0,0.01171875,0.90625,0.87109375,0.9375,3.901904673916994
full,20261002,hard_transfer,random_19_2,0.015625,0.00390625,0.03125,0.8984375,0.86328125,0.93359375,3.9029454727998627
full,20261002,hard_transfer,random_38_0,0.01171875,0.0,0.02734375,0.90625,0.87109375,0.9375,3.894599227374702
full,20261002,hard_transfer,random_38_1,0.01953125,0.00390625,0.0390625,0.91015625,0.875,0.94140625,3.8967818035182518
full,20261002,hard_transfer,random_38_2,0.00390625,0.0,0.01171875,0.91015625,0.875,0.94140625,3.8941673100451855
full,20261002,hard_transfer,random_75_0,0.00390625,0.0,0.01171875,0.90625,0.87109375,0.9375,3.8933058952537336
full,20261002,hard_transfer,random_75_1,0.0,0.0,0.0,0.90625,0.87109375,0.9375,3.905975274044851
full,20261002,hard_transfer,random_75_2,0.01953125,0.00390625,0.03515625,0.91015625,0.875,0.94140625,3.900476127601313
full,20261002,hard_transfer,random_189_0,0.01171875,0.0,0.02734375,0.89453125,0.859375,0.92578125,3.8957528341745
full,20261002,hard_transfer,random_189_1,0.03125,0.01171875,0.0546875,0.890625,0.8515625,0.92578125,3.886168257250931
full,20261002,hard_transfer,random_189_2,0.015625,0.00390625,0.03125,0.90234375,0.8671875,0.93359375,3.8854906456175287
full,20261002,hard_transfer,random_377_0,0.0859375,0.0546875,0.12109375,0.875,0.8359375,0.91015625,3.8726974658346314
full,20261002,hard_transfer,random_377_1,0.01953125,0.00390625,0.0390625,0.88671875,0.85146484375,0.921875,3.8868119485971206
full,20261002,hard_transfer,random_377_2,0.10546875,0.0703125,0.14453125,0.9140625,0.87890625,0.9453125,3.8677791433770103
full,20261002,hard_transfer,matched_sva_75_0,0.0859375,0.0546875,0.11728515624999947,0.91015625,0.875,0.94140625,3.894730302150869
full,20261002,hard_transfer,matched_sva_75_1,0.3671875,0.32421875,0.41015625,0.87109375,0.83203125,0.90625,3.8999661040953786
full,20261002,hard_transfer,matched_sva_75_2,0.34375,0.30078125,0.390625,0.921875,0.890625,0.953125,3.8851221993616356
full,20261002,hard_transfer,matched_sva_189_0,0.46484375,0.421875,0.51171875,0.921875,0.890625,0.953125,3.8493615612496304
full,20261002,hard_transfer,matched_sva_189_1,0.42578125,0.3828125,0.47265625,0.90625,0.87109375,0.9375,3.8652047022127287
full,20261002,hard_transfer,matched_sva_189_2,0.50390625,0.46484375,0.5390625,0.87890625,0.83984375,0.9140625,3.845409498122013
full,20261002,hard_transfer,cross_seed_sva_75,0.984375,0.96875,0.99609375,0.91015625,0.875,0.94140625,3.868522085607983
full,20261002,hard_transfer,cross_seed_sva_189,0.9921875,0.98046875,1.0,0.9140625,0.87890625,0.9453125,3.8614940362442005
full,20261002,hard_transfer,global_best,0.97265625,0.953125,0.9921875,0.7890625,0.74609375,0.828125,3.8167061351372324
full,20261002,hard_transfer,global_match,0.97265625,0.953125,0.9921875,0.7890625,0.74609375,0.828125,3.8167061351372324
compiled,20261002,heldout,sva_75,0.75,0.7028301886792453,0.7971698113207547,0.9921259842519685,0.9803149606299213,1.0,4.610456013262707
compiled,20261002,transfer,sva_75,0.8333333333333334,0.7864583333333334,0.8802083333333334,0.8541666666666666,0.8072916666666666,0.8958333333333334,4.33422520792521
compiled,20261002,confirmation,sva_75,0.8046875,0.7578125,0.84765625,0.99609375,0.98828125,1.0,3.8285836501374697
compiled,20261002,hard_transfer,sva_75,0.9765625,0.95703125,0.9921875,0.90234375,0.8671875,0.93359375,3.874671068531743
compiled,20261002,heldout,sva_189,0.9056603773584906,0.8679245283018868,0.9386792452830188,0.9881889763779528,0.9724409448818898,1.0,4.60614851334364
compiled,20261002,transfer,sva_189,0.9166666666666666,0.875,0.953125,0.8333333333333334,0.7864583333333334,0.8802083333333334,4.333730424255499
compiled,20261002,confirmation,sva_189,0.9140625,0.87890625,0.9453125,0.98828125,0.97265625,1.0,3.818320023755106
compiled,20261002,hard_transfer,sva_189,0.98828125,0.97265625,1.0,0.9140625,0.88271484375,0.9453125,3.8602908506547813
outputs,20260930,heldout,base,0.9764150943396226,0.9574292452830189,0.9952830188679245,0.4566929133858268,0.4251968503937008,0.4881889763779528,4.548658125398867
outputs,20260930,heldout,adapted,0.0,0.0,0.0,1.0,1.0,1.0,4.683994586801502
outputs,20260930,heldout,sva_19,0.0,0.0,0.0,1.0,1.0,1.0,4.674901231445277
outputs,20260930,heldout,sva_38,0.32547169811320753,0.2783018867924528,0.36792452830188677,0.9763779527559056,0.9566929133858267,0.9921259842519685,4.674270878774411
outputs,20260930,heldout,sva_75,0.5188679245283019,0.4811320754716981,0.5566037735849056,0.9133858267716536,0.8779527559055118,0.9448818897637795,4.673094060526613
outputs,20260930,heldout,sva_189,0.7594339622641509,0.7122641509433962,0.8066037735849056,0.9015748031496063,0.8661417322834646,0.9330708661417323,4.679152397956588
outputs,20260930,heldout,sva_377,0.7877358490566038,0.7405660377358491,0.8301886792452831,0.8700787401574803,0.8307086614173228,0.905511811023622,4.673409245924198
outputs,20260930,heldout,ioi_19,0.0,0.0,0.0,0.968503937007874,0.9487204724409448,0.9881889763779528,4.693012431452447
outputs,20260930,heldout,ioi_38,0.0,0.0,0.0,0.9448818897637795,0.9133858267716536,0.968503937007874,4.685840062046689
outputs,20260930,heldout,ioi_75,0.0,0.0,0.0,0.952755905511811,0.9251968503937008,0.9763779527559056,4.673370952655601
outputs,20260930,heldout,ioi_189,0.0,0.0,0.0,0.8228346456692913,0.7834645669291339,0.8622047244094488,4.683825534721449
outputs,20260930,heldout,ioi_377,0.0047169811320754715,0.0,0.014150943396226415,0.6614173228346457,0.6220472440944882,0.7047244094488189,4.69828682079865
outputs,20260930,heldout,random_19_0,0.0,0.0,0.0,1.0,1.0,1.0,4.681763014274421
outputs,20260930,heldout,random_19_1,0.0,0.0,0.0,1.0,1.0,1.0,4.688384611670751
outputs,20260930,heldout,random_19_2,0.0,0.0,0.0,1.0,1.0,1.0,4.678455049119097
outputs,20260930,heldout,random_38_0,0.0,0.0,0.0,1.0,1.0,1.0,4.704718466371726
outputs,20260930,heldout,random_38_1,0.0,0.0,0.0,1.0,1.0,1.0,4.693031855325437
outputs,20260930,heldout,random_38_2,0.0,0.0,0.0,1.0,1.0,1.0,4.6786247144670705
outputs,20260930,heldout,random_75_0,0.0,0.0,0.0,1.0,1.0,1.0,4.6844679531799445
outputs,20260930,heldout,random_75_1,0.0,0.0,0.0,1.0,1.0,1.0,4.684687771584362
outputs,20260930,heldout,random_75_2,0.0,0.0,0.0,1.0,1.0,1.0,4.6817483282411185
outputs,20260930,heldout,random_189_0,0.0,0.0,0.0,1.0,1.0,1.0,4.663189375601048
outputs,20260930,heldout,random_189_1,0.0,0.0,0.0,1.0,1.0,1.0,4.664631030197102
outputs,20260930,heldout,random_189_2,0.0,0.0,0.0,1.0,1.0,1.0,4.672671160441869
outputs,20260930,heldout,random_377_0,0.0,0.0,0.0,1.0,1.0,1.0,4.688846124606224
outputs,20260930,heldout,random_377_1,0.0,0.0,0.0,1.0,1.0,1.0,4.657675763841584
outputs,20260930,heldout,random_377_2,0.0,0.0,0.0,1.0,1.0,1.0,4.706068734250836
outputs,20260930,heldout,matched_sva_75_0,0.0,0.0,0.0,1.0,1.0,1.0,4.701670325036638
outputs,20260930,heldout,matched_sva_75_1,0.0,0.0,0.0,1.0,1.0,1.0,4.665209267274284
outputs,20260930,heldout,matched_sva_75_2,0.02358490566037736,0.0047169811320754715,0.04716981132075472,1.0,1.0,1.0,4.636731195727044
outputs,20260930,heldout,matched_sva_189_0,0.2830188679245283,0.2358490566037736,0.330188679245283,1.0,1.0,1.0,4.685270842946047
outputs,20260930,heldout,matched_sva_189_1,0.08018867924528301,0.04716981132075472,0.1179245283018868,0.9409448818897638,0.9094488188976378,0.968503937007874,4.664146752057518
outputs,20260930,heldout,matched_sva_189_2,0.009433962264150943,0.0,0.02358490566037736,1.0,1.0,1.0,4.649062360707705
outputs,20260930,heldout,cross_seed_sva_75,0.5188679245283019,0.4811320754716981,0.5566037735849056,0.9133858267716536,0.8779527559055118,0.9448818897637795,4.673094060526613
outputs,20260930,heldout,cross_seed_sva_189,0.7594339622641509,0.7122641509433962,0.8066037735849056,0.9015748031496063,0.8661417322834646,0.9330708661417323,4.679152397956588
outputs,20260930,heldout,global_best,0.9528301886792453,0.9198113207547169,0.9764150943396226,0.8307086614173228,0.7874015748031497,0.8700787401574803,4.518570037055203
outputs,20260930,heldout,global_match,0.6745283018867925,0.6320754716981132,0.7216981132075472,0.9330708661417323,0.9015748031496063,0.9606299212598425,4.518200930784057
outputs,20260930,transfer,base,0.9947916666666666,0.984375,1.0,0.40625,0.3645833333333333,0.4427083333333333,4.339113135789098
outputs,20260930,transfer,adapted,0.0,0.0,0.0,0.9322916666666666,0.8958333333333334,0.9635416666666666,4.300825326176445
outputs,20260930,transfer,sva_19,0.0,0.0,0.0,0.9166666666666666,0.8802083333333334,0.953125,4.289171940927309
outputs,20260930,transfer,sva_38,0.3333333333333333,0.2864583333333333,0.3802083333333333,0.8489583333333334,0.8020833333333334,0.890625,4.281864475165353
outputs,20260930,transfer,sva_75,0.5052083333333334,0.46875,0.5416666666666666,0.8333333333333334,0.7864583333333334,0.875,4.288616639880294
outputs,20260930,transfer,sva_189,0.7604166666666666,0.7083333333333334,0.8072916666666666,0.8177083333333334,0.7708333333333334,0.8645833333333334,4.289850514188522
outputs,20260930,transfer,sva_377,0.8229166666666666,0.7760416666666666,0.8697916666666666,0.8020833333333334,0.75,0.8489583333333334,4.282301149972799
outputs,20260930,transfer,ioi_19,0.0,0.0,0.0,0.8072916666666666,0.7552083333333334,0.8541666666666666,4.301747631053299
outputs,20260930,transfer,ioi_38,0.0,0.0,0.0,0.765625,0.71875,0.8177083333333334,4.2931255670879604
outputs,20260930,transfer,ioi_75,0.0,0.0,0.0,0.8125,0.765625,0.859375,4.299991996727714
outputs,20260930,transfer,ioi_189,0.0,0.0,0.0,0.671875,0.625,0.7188802083333327,4.304033450532254
outputs,20260930,transfer,ioi_377,0.005208333333333333,0.0,0.015625,0.59375,0.5520833333333334,0.640625,4.321771997554566
outputs,20260930,transfer,random_19_0,0.0,0.0,0.0,0.921875,0.8854166666666666,0.9583333333333334,4.304889900470999
outputs,20260930,transfer,random_19_1,0.0,0.0,0.0,0.9322916666666666,0.8958333333333334,0.9635416666666666,4.2988867385967655
outputs,20260930,transfer,random_19_2,0.0,0.0,0.0,0.9114583333333334,0.8748697916666667,0.9479166666666666,4.289694181550859
outputs,20260930,transfer,random_38_0,0.0,0.0,0.0,0.9166666666666666,0.8802083333333334,0.953125,4.30323713344663
outputs,20260930,transfer,random_38_1,0.0,0.0,0.0,0.9322916666666666,0.8958333333333334,0.9635416666666666,4.290834174378719
outputs,20260930,transfer,random_38_2,0.0,0.0,0.0,0.9479166666666666,0.9166666666666666,0.9739583333333334,4.297960616666258
outputs,20260930,transfer,random_75_0,0.0,0.0,0.0,0.9427083333333334,0.9114583333333334,0.9739583333333334,4.311384104013331
outputs,20260930,transfer,random_75_1,0.0,0.0,0.0,0.9114583333333334,0.8748697916666667,0.9479166666666666,4.3068884175764675
outputs,20260930,transfer,random_75_2,0.0,0.0,0.0,0.921875,0.8854166666666666,0.9583333333333334,4.292950600900575
outputs,20260930,transfer,random_189_0,0.0,0.0,0.0,0.9166666666666666,0.8802083333333334,0.953125,4.305567892279871
outputs,20260930,transfer,random_189_1,0.0,0.0,0.0,0.90625,0.8645833333333334,0.9427083333333334,4.313954405036445
outputs,20260930,transfer,random_189_2,0.0,0.0,0.0,0.9479166666666666,0.9166666666666666,0.9739583333333334,4.294115034787718
outputs,20260930,transfer,random_377_0,0.0,0.0,0.0,0.9322916666666666,0.8958333333333334,0.9635416666666666,4.314019890508586
outputs,20260930,transfer,random_377_1,0.0,0.0,0.0,0.8802083333333334,0.8385416666666666,0.921875,4.292650641958427
outputs,20260930,transfer,random_377_2,0.0,0.0,0.0,0.8854166666666666,0.84375,0.9270833333333334,4.3273743103191995
outputs,20260930,transfer,matched_sva_75_0,0.0,0.0,0.0,0.9166666666666666,0.8802083333333334,0.953125,4.277470652179114
outputs,20260930,transfer,matched_sva_75_1,0.0,0.0,0.0,0.9427083333333334,0.911328125,0.9739583333333334,4.300748604659245
outputs,20260930,transfer,matched_sva_75_2,0.0,0.0,0.0,0.9322916666666666,0.8958333333333334,0.9635416666666666,4.2975625959915025
outputs,20260930,transfer,matched_sva_189_0,0.265625,0.21354166666666666,0.3177083333333333,0.890625,0.8489583333333334,0.9270833333333334,4.283708917469802
outputs,20260930,transfer,matched_sva_189_1,0.10416666666666667,0.067578125,0.14583333333333334,0.84375,0.796875,0.8854166666666666,4.307802585139306
outputs,20260930,transfer,matched_sva_189_2,0.0,0.0,0.0,0.9166666666666666,0.8802083333333334,0.953125,4.279321480793314
outputs,20260930,transfer,cross_seed_sva_75,0.5052083333333334,0.46875,0.5416666666666666,0.8333333333333334,0.7864583333333334,0.875,4.288616639880294
outputs,20260930,transfer,cross_seed_sva_189,0.7604166666666666,0.7083333333333334,0.8072916666666666,0.8177083333333334,0.7708333333333334,0.8645833333333334,4.289850514188522
outputs,20260930,transfer,global_best,0.9791666666666666,0.9583333333333334,0.9947916666666666,0.671875,0.625,0.7239583333333334,4.285747255823773
outputs,20260930,transfer,global_match,0.84375,0.796875,0.890625,0.8125,0.765625,0.859375,4.2716705879609975
outputs,20260930,confirmation,base,0.9765625,0.95703125,0.9921875,0.4921875,0.4609375,0.5234375,3.87269011594953
outputs,20260930,confirmation,adapted,0.0,0.0,0.0,1.0,1.0,1.0,3.9142706077186578
outputs,20260930,confirmation,sva_19,0.0,0.0,0.0,1.0,1.0,1.0,3.937249816175447
outputs,20260930,confirmation,sva_38,0.30859375,0.265625,0.3515625,0.98046875,0.9609375,0.99609375,3.9518300443315697
outputs,20260930,confirmation,sva_75,0.515625,0.48046875,0.55078125,0.890625,0.8515625,0.92578125,3.9382888281191875
outputs,20260930,confirmation,sva_189,0.7578125,0.71484375,0.80078125,0.859375,0.81640625,0.8984375,3.924601550269757
outputs,20260930,confirmation,sva_377,0.78125,0.73828125,0.82421875,0.859375,0.81640625,0.8984375,3.9329675747366206
outputs,20260930,confirmation,ioi_19,0.0,0.0,0.0,0.96484375,0.94140625,0.984375,3.926538132598486
outputs,20260930,confirmation,ioi_38,0.0,0.0,0.0,0.94140625,0.91396484375,0.96484375,3.948967541574161
outputs,20260930,confirmation,ioi_75,0.0,0.0,0.0,0.9609375,0.9375,0.984375,3.9577010004774
outputs,20260930,confirmation,ioi_189,0.0,0.0,0.0,0.78125,0.73828125,0.82421875,3.979250280559207
outputs,20260930,confirmation,ioi_377,0.01171875,0.0,0.02734375,0.63671875,0.59765625,0.67578125,3.9629310459671774
outputs,20260930,confirmation,random_19_0,0.0,0.0,0.0,1.0,1.0,1.0,3.92654209077318
outputs,20260930,confirmation,random_19_1,0.0,0.0,0.0,1.0,1.0,1.0,3.915048412417556
outputs,20260930,confirmation,random_19_2,0.0,0.0,0.0,1.0,1.0,1.0,3.9246568629081233
outputs,20260930,confirmation,random_38_0,0.0,0.0,0.0,1.0,1.0,1.0,3.9205045863163925
outputs,20260930,confirmation,random_38_1,0.0,0.0,0.0,1.0,1.0,1.0,3.9097731993079514
outputs,20260930,confirmation,random_38_2,0.0,0.0,0.0,1.0,1.0,1.0,3.901611753228914
outputs,20260930,confirmation,random_75_0,0.0,0.0,0.0,1.0,1.0,1.0,3.9352834419068525
outputs,20260930,confirmation,random_75_1,0.0,0.0,0.0,1.0,1.0,1.0,3.9432715943571823
outputs,20260930,confirmation,random_75_2,0.0,0.0,0.0,1.0,1.0,1.0,3.9162416522790693
outputs,20260930,confirmation,random_189_0,0.0,0.0,0.0,1.0,1.0,1.0,3.9196151872062024
outputs,20260930,confirmation,random_189_1,0.0,0.0,0.0,1.0,1.0,1.0,3.913816320778296
outputs,20260930,confirmation,random_189_2,0.0,0.0,0.0,1.0,1.0,1.0,3.906049199367264
outputs,20260930,confirmation,random_377_0,0.0,0.0,0.0,1.0,1.0,1.0,3.9075389580068145
outputs,20260930,confirmation,random_377_1,0.0,0.0,0.0,1.0,1.0,1.0,3.9100971621579066
outputs,20260930,confirmation,random_377_2,0.0,0.0,0.0,1.0,1.0,1.0,3.94679161873488
outputs,20260930,confirmation,matched_sva_75_0,0.0,0.0,0.0,1.0,1.0,1.0,3.925492077533811
outputs,20260930,confirmation,matched_sva_75_1,0.0,0.0,0.0,1.0,1.0,1.0,3.9003763232532496
outputs,20260930,confirmation,matched_sva_75_2,0.015625,0.00390625,0.03125,1.0,1.0,1.0,3.910751207856703
outputs,20260930,confirmation,matched_sva_189_0,0.23828125,0.1953125,0.28125,0.99609375,0.98828125,1.0,3.9393413043540706
outputs,20260930,confirmation,matched_sva_189_1,0.078125,0.046875,0.109375,0.90625,0.87109375,0.94140625,3.9252854089166416
outputs,20260930,confirmation,matched_sva_189_2,0.01171875,0.0,0.02734375,1.0,1.0,1.0,3.8756902226908014
outputs,20260930,confirmation,cross_seed_sva_75,0.515625,0.48046875,0.55078125,0.890625,0.8515625,0.92578125,3.9382888281191875
outputs,20260930,confirmation,cross_seed_sva_189,0.7578125,0.71484375,0.80078125,0.859375,0.81640625,0.8984375,3.924601550269757
outputs,20260930,confirmation,global_best,0.93359375,0.90234375,0.9609375,0.8046875,0.76171875,0.8438476562499995,3.820641450693451
outputs,20260930,confirmation,global_match,0.71484375,0.671875,0.7578125,0.9296875,0.8984375,0.95703125,3.806302590053644
outputs,20260930,hard_transfer,base,1.0,1.0,1.0,0.57421875,0.53515625,0.61328125,3.8109560965783333
outputs,20260930,hard_transfer,adapted,0.0,0.0,0.0,0.92578125,0.89453125,0.953125,4.001895221976959
outputs,20260930,hard_transfer,sva_19,0.0,0.0,0.0,0.94140625,0.9140625,0.96484375,4.014515162934126
outputs,20260930,hard_transfer,sva_38,0.3359375,0.29296875,0.375,0.828125,0.78515625,0.8671875,4.02569358564123
outputs,20260930,hard_transfer,sva_75,0.58984375,0.5546875,0.62890625,0.8046875,0.765625,0.84765625,4.0349920368646135
outputs,20260930,hard_transfer,sva_189,0.828125,0.78896484375,0.8671875,0.76953125,0.7265625,0.81640625,4.021959485377213
outputs,20260930,hard_transfer,sva_377,0.87890625,0.83984375,0.9140625,0.7734375,0.7265625,0.8203125,3.987672673821111
outputs,20260930,hard_transfer,ioi_19,0.0,0.0,0.0,0.8125,0.76953125,0.8515625,4.003692251725235
outputs,20260930,hard_transfer,ioi_38,0.0,0.0,0.0,0.79296875,0.75,0.83203125,4.022814742560978
outputs,20260930,hard_transfer,ioi_75,0.0,0.0,0.0,0.8046875,0.76171875,0.84765625,4.01082457525571
outputs,20260930,hard_transfer,ioi_189,0.0,0.0,0.0,0.68359375,0.640625,0.7265625,3.995168128452743
outputs,20260930,hard_transfer,ioi_377,0.0,0.0,0.0,0.59765625,0.5625,0.6328125,3.9961914226378905
outputs,20260930,hard_transfer,random_19_0,0.0,0.0,0.0,0.93359375,0.90234375,0.9609375,4.001203664553097
outputs,20260930,hard_transfer,random_19_1,0.0,0.0,0.0,0.92578125,0.89453125,0.953125,4.005009114858836
outputs,20260930,hard_transfer,random_19_2,0.0,0.0,0.0,0.87890625,0.83984375,0.9140625,4.026816676369389
outputs,20260930,hard_transfer,random_38_0,0.0,0.0,0.0,0.90625,0.87109375,0.9375,4.00364366216585
outputs,20260930,hard_transfer,random_38_1,0.0,0.0,0.0,0.94921875,0.921875,0.97265625,4.002221652643586
outputs,20260930,hard_transfer,random_38_2,0.0,0.0,0.0,0.9453125,0.91796875,0.96875,4.0062111832421605
outputs,20260930,hard_transfer,random_75_0,0.0,0.0,0.0,0.94140625,0.91015625,0.96875,3.991094460670808
outputs,20260930,hard_transfer,random_75_1,0.0,0.0,0.0,0.8984375,0.86328125,0.9296875,4.032028301070642
outputs,20260930,hard_transfer,random_75_2,0.0,0.0,0.0,0.9375,0.91005859375,0.96484375,3.996593773955987
outputs,20260930,hard_transfer,random_189_0,0.0,0.0,0.0,0.92578125,0.89453125,0.953125,4.007609066062917
outputs,20260930,hard_transfer,random_189_1,0.0,0.0,0.0,0.91015625,0.875,0.94140625,4.014007761613889
outputs,20260930,hard_transfer,random_189_2,0.0,0.0,0.0,0.91796875,0.88662109375,0.94921875,3.9925793240738643
outputs,20260930,hard_transfer,random_377_0,0.0,0.0,0.0,0.890625,0.85546875,0.92578125,3.98161892566717
outputs,20260930,hard_transfer,random_377_1,0.0,0.0,0.0,0.85546875,0.81640625,0.89453125,4.005688653284627
outputs,20260930,hard_transfer,random_377_2,0.0,0.0,0.0,0.90625,0.87109375,0.9375,4.0135363285463646
outputs,20260930,hard_transfer,matched_sva_75_0,0.0,0.0,0.0,0.89453125,0.859375,0.9296875,4.003776868093816
outputs,20260930,hard_transfer,matched_sva_75_1,0.0,0.0,0.0,0.92578125,0.89453125,0.953125,3.9776038747853746
outputs,20260930,hard_transfer,matched_sva_75_2,0.0,0.0,0.0,0.91796875,0.8828125,0.94921875,3.992370460385344
outputs,20260930,hard_transfer,matched_sva_189_0,0.23828125,0.1953125,0.28125,0.84765625,0.80859375,0.88671875,4.011328702957906
outputs,20260930,hard_transfer,matched_sva_189_1,0.08984375,0.0546875,0.125,0.78125,0.73828125,0.82421875,4.034752776796337
outputs,20260930,hard_transfer,matched_sva_189_2,0.0,0.0,0.0,0.87890625,0.83984375,0.9140625,4.008773745754169
outputs,20260930,hard_transfer,cross_seed_sva_75,0.58984375,0.5546875,0.62890625,0.8046875,0.765625,0.84765625,4.0349920368646135
outputs,20260930,hard_transfer,cross_seed_sva_189,0.828125,0.78896484375,0.8671875,0.76953125,0.7265625,0.81640625,4.021959485377213
outputs,20260930,hard_transfer,global_best,0.99609375,0.98828125,1.0,0.72265625,0.6796875,0.76171875,3.809744989042537
outputs,20260930,hard_transfer,global_match,0.96484375,0.94140625,0.984375,0.80078125,0.7578125,0.83984375,3.8154323510537775
outputs,20261001,heldout,base,0.9764150943396226,0.9574292452830189,0.9952830188679245,0.4566929133858268,0.4251968503937008,0.4881889763779528,4.548658125398867
outputs,20261001,heldout,adapted,0.0,0.0,0.0,1.0,1.0,1.0,4.740179955646946
outputs,20261001,heldout,sva_19,0.09433962264150944,0.06132075471698113,0.13679245283018868,1.0,1.0,1.0,4.7148015956643965
outputs,20261001,heldout,sva_38,0.12264150943396226,0.08018867924528301,0.1650943396226415,1.0,1.0,1.0,4.727329935415599
outputs,20261001,heldout,sva_75,0.3018867924528302,0.24528301886792453,0.3584905660377358,1.0,1.0,1.0,4.742903033299293
outputs,20261001,heldout,sva_189,0.5943396226415094,0.5566037735849056,0.6320754716981132,1.0,1.0,1.0,4.746403737662823
outputs,20261001,heldout,sva_377,0.5849056603773585,0.5471698113207547,0.6226415094339622,0.9881889763779528,0.9724409448818898,1.0,4.7697517253076605
outputs,20261001,heldout,ioi_19,0.0,0.0,0.0,0.8346456692913385,0.7952755905511811,0.8740157480314961,4.744423896578361
outputs,20261001,heldout,ioi_38,0.0,0.0,0.0,0.7283464566929134,0.6850393700787402,0.7755905511811023,4.764743245131709
outputs,20261001,heldout,ioi_75,0.0,0.0,0.0,0.7086614173228346,0.6653543307086615,0.7519685039370079,4.750245587179813
outputs,20261001,heldout,ioi_189,0.0047169811320754715,0.0,0.014150943396226415,0.4645669291338583,0.4330708661417323,0.49606299212598426,4.796463122737419
outputs,20261001,heldout,ioi_377,0.018867924528301886,0.0047169811320754715,0.03773584905660377,0.3937007874015748,0.3543307086614173,0.42913385826771655,4.801190875627047
outputs,20261001,heldout,random_19_0,0.0,0.0,0.0,1.0,1.0,1.0,4.740307221968168
outputs,20261001,heldout,random_19_1,0.0,0.0,0.0,1.0,1.0,1.0,4.732501032780892
outputs,20261001,heldout,random_19_2,0.0,0.0,0.0,1.0,1.0,1.0,4.744258766744333
outputs,20261001,heldout,random_38_0,0.0,0.0,0.0,1.0,1.0,1.0,4.7419592949792575
outputs,20261001,heldout,random_38_1,0.0,0.0,0.0,1.0,1.0,1.0,4.737728336081328
outputs,20261001,heldout,random_38_2,0.0,0.0,0.0,1.0,1.0,1.0,4.738208826188475
outputs,20261001,heldout,random_75_0,0.0,0.0,0.0,1.0,1.0,1.0,4.7427519488522
outputs,20261001,heldout,random_75_1,0.0,0.0,0.0,1.0,1.0,1.0,4.739805738683748
outputs,20261001,heldout,random_75_2,0.0,0.0,0.0,1.0,1.0,1.0,4.750429168655972
outputs,20261001,heldout,random_189_0,0.0,0.0,0.0,1.0,1.0,1.0,4.755142299559254
outputs,20261001,heldout,random_189_1,0.0,0.0,0.0,1.0,1.0,1.0,4.728051277574055
outputs,20261001,heldout,random_189_2,0.0,0.0,0.0,1.0,1.0,1.0,4.743226589537083
outputs,20261001,heldout,random_377_0,0.0,0.0,0.0,1.0,1.0,1.0,4.725802781966758
outputs,20261001,heldout,random_377_1,0.0,0.0,0.0,0.9921259842519685,0.9803149606299213,1.0,4.719470465438714
outputs,20261001,heldout,random_377_2,0.0,0.0,0.0,1.0,1.0,1.0,4.694383437638149
outputs,20261001,heldout,matched_sva_75_0,0.0,0.0,0.0,1.0,1.0,1.0,4.769780802029122
outputs,20261001,heldout,matched_sva_75_1,0.4669811320754717,0.44339622641509435,0.49056603773584906,1.0,1.0,1.0,4.699131141175937
outputs,20261001,heldout,matched_sva_75_2,0.32547169811320753,0.2783018867924528,0.37264150943396224,1.0,1.0,1.0,4.711984061607811
outputs,20261001,heldout,matched_sva_189_0,0.0,0.0,0.0,0.9881889763779528,0.9724409448818898,1.0,4.765868632496768
outputs,20261001,heldout,matched_sva_189_1,0.0,0.0,0.0,1.0,1.0,1.0,4.790984756227736
outputs,20261001,heldout,matched_sva_189_2,0.0,0.0,0.0,1.0,1.0,1.0,4.77390259716201
outputs,20261001,heldout,cross_seed_sva_75,0.5424528301886793,0.49516509433962264,0.5943396226415094,1.0,1.0,1.0,4.711964079484428
outputs,20261001,heldout,cross_seed_sva_189,0.6367924528301887,0.5943396226415094,0.6792452830188679,1.0,1.0,1.0,4.6912545313978935
outputs,20261001,heldout,global_best,0.9339622641509434,0.9009433962264151,0.9623820754716975,0.84251968503937,0.7992125984251969,0.8819881889763774,4.531291923608675
outputs,20261001,heldout,global_match,0.33962264150943394,0.29245283018867924,0.38207547169811323,0.9921259842519685,0.9803149606299213,1.0,4.551896586704262
outputs,20261001,transfer,base,0.9947916666666666,0.984375,1.0,0.40625,0.3645833333333333,0.4427083333333333,4.339113135789098
outputs,20261001,transfer,adapted,0.0,0.0,0.0,0.9635416666666666,0.9375,0.9895833333333334,4.355209043131661
outputs,20261001,transfer,sva_19,0.109375,0.06770833333333333,0.15104166666666666,0.9583333333333334,0.9322916666666666,0.984375,4.352104254002316
outputs,20261001,transfer,sva_38,0.109375,0.06770833333333333,0.15104166666666666,0.9635416666666666,0.9375,0.984375,4.3613006557293845
outputs,20261001,transfer,sva_75,0.3020833333333333,0.25,0.3489583333333333,0.9583333333333334,0.9322916666666666,0.984375,4.370019490481742
outputs,20261001,transfer,sva_189,0.703125,0.65625,0.7552083333333334,0.9479166666666666,0.9166666666666666,0.9739583333333334,4.356474131170279
outputs,20261001,transfer,sva_377,0.7916666666666666,0.7447916666666666,0.8385416666666666,0.8125,0.7604166666666666,0.8645833333333334,4.352619080062123
outputs,20261001,transfer,ioi_19,0.0,0.0,0.0,0.859375,0.817578125,0.90625,4.353456657563661
outputs,20261001,transfer,ioi_38,0.0,0.0,0.0,0.7708333333333334,0.71875,0.8229166666666666,4.353997815918658
outputs,20261001,transfer,ioi_75,0.0,0.0,0.0,0.7604166666666666,0.7083333333333334,0.8125,4.350016878264899
outputs,20261001,transfer,ioi_189,0.005208333333333333,0.0,0.015625,0.3802083333333333,0.328125,0.4270833333333333,4.375239536296859
outputs,20261001,transfer,ioi_377,0.0,0.0,0.0,0.265625,0.21354166666666666,0.3177083333333333,4.379741160383053
outputs,20261001,transfer,random_19_0,0.0,0.0,0.0,0.9583333333333334,0.9322916666666666,0.984375,4.354614552358504
outputs,20261001,transfer,random_19_1,0.0,0.0,0.0,0.9583333333333334,0.9322916666666666,0.984375,4.342218364260555
outputs,20261001,transfer,random_19_2,0.0,0.0,0.0,0.9635416666666666,0.9375,0.9895833333333334,4.360984846402496
outputs,20261001,transfer,random_38_0,0.0,0.0,0.0,0.9635416666666666,0.9375,0.9895833333333334,4.357741823731145
outputs,20261001,transfer,random_38_1,0.0,0.0,0.0,0.9583333333333334,0.9322916666666666,0.984375,4.355326003095163
outputs,20261001,transfer,random_38_2,0.0,0.0,0.0,0.9635416666666666,0.9375,0.9895833333333334,4.3567945922959845
outputs,20261001,transfer,random_75_0,0.0,0.0,0.0,0.953125,0.921875,0.9791666666666666,4.36412927422147
outputs,20261001,transfer,random_75_1,0.0,0.0,0.0,0.9583333333333334,0.9322916666666666,0.984375,4.35573152463548
outputs,20261001,transfer,random_75_2,0.0,0.0,0.0,0.9427083333333334,0.9114583333333334,0.9739583333333334,4.358012812091073
outputs,20261001,transfer,random_189_0,0.0,0.0,0.0,0.9427083333333334,0.9114583333333334,0.9739583333333334,4.386508475927827
outputs,20261001,transfer,random_189_1,0.0,0.0,0.0,0.9479166666666666,0.9166666666666666,0.9739583333333334,4.3398127073911015
outputs,20261001,transfer,random_189_2,0.0,0.0,0.0,0.9583333333333334,0.9322916666666666,0.984375,4.345737354186518
outputs,20261001,transfer,random_377_0,0.0,0.0,0.0,0.9479166666666666,0.9166666666666666,0.9739583333333334,4.320836330048288
outputs,20261001,transfer,random_377_1,0.0,0.0,0.0,0.96875,0.9427083333333334,0.9895833333333334,4.341907767026869
outputs,20261001,transfer,random_377_2,0.0,0.0,0.0,0.9479166666666666,0.9166666666666666,0.9739583333333334,4.350794740551871
outputs,20261001,transfer,matched_sva_75_0,0.0,0.0,0.0,0.953125,0.921875,0.9791666666666666,4.362811718333555
outputs,20261001,transfer,matched_sva_75_1,0.4479166666666667,0.4166666666666667,0.4791666666666667,0.953125,0.921875,0.9791666666666666,4.34381990232392
outputs,20261001,transfer,matched_sva_75_2,0.390625,0.3489583333333333,0.4322916666666667,0.9479166666666666,0.9166666666666666,0.9739583333333334,4.344215107258536
outputs,20261001,transfer,matched_sva_189_0,0.0,0.0,0.0,0.9635416666666666,0.9375,0.9895833333333334,4.374839808213326
outputs,20261001,transfer,matched_sva_189_1,0.0,0.0,0.0,0.9583333333333334,0.9270833333333334,0.984375,4.398851221304698
outputs,20261001,transfer,matched_sva_189_2,0.0,0.0,0.0,0.953125,0.921875,0.9791666666666666,4.37852015620923
outputs,20261001,transfer,cross_seed_sva_75,0.4375,0.3958333333333333,0.4791666666666667,0.953125,0.921875,0.9791666666666666,4.358590650543303
outputs,20261001,transfer,cross_seed_sva_189,0.7760416666666666,0.7291666666666666,0.8229166666666666,0.9895833333333334,0.9739583333333334,1.0,4.338581480190694
outputs,20261001,transfer,global_best,0.9791666666666666,0.9583333333333334,0.9947916666666666,0.65625,0.6145833333333334,0.703125,4.302795873827047
outputs,20261001,transfer,global_match,0.4427083333333333,0.40625,0.4791666666666667,0.90625,0.8645833333333334,0.9427083333333334,4.287243530699828
outputs,20261001,confirmation,base,0.9765625,0.95703125,0.9921875,0.4921875,0.4609375,0.5234375,3.87269011594953
outputs,20261001,confirmation,adapted,0.0,0.0,0.0,1.0,1.0,1.0,3.9467937228850514
outputs,20261001,confirmation,sva_19,0.109375,0.078125,0.1484375,1.0,1.0,1.0,3.93282293688023
outputs,20261001,confirmation,sva_38,0.15234375,0.11328125,0.1953125,1.0,1.0,1.0,3.9361338887929938
outputs,20261001,confirmation,sva_75,0.390625,0.34765625,0.4296875,1.0,1.0,1.0,3.928008954799274
outputs,20261001,confirmation,sva_189,0.6015625,0.5703125,0.63671875,1.0,1.0,1.0,3.9445155614748435
outputs,20261001,confirmation,sva_377,0.609375,0.57421875,0.64453125,0.96875,0.9453125,0.98828125,3.966910584641327
outputs,20261001,confirmation,ioi_19,0.0,0.0,0.0,0.86328125,0.82421875,0.90234375,3.9648939120376276
outputs,20261001,confirmation,ioi_38,0.0,0.0,0.0,0.74609375,0.69921875,0.7890625,4.0178546150686385
outputs,20261001,confirmation,ioi_75,0.0,0.0,0.0,0.7109375,0.6640625,0.75390625,3.9946644009389907
outputs,20261001,confirmation,ioi_189,0.00390625,0.0,0.01171875,0.49609375,0.46875,0.5234375,4.075228696436632
outputs,20261001,confirmation,ioi_377,0.0546875,0.03125,0.08203125,0.39453125,0.35546875,0.43359375,4.073984909074576
outputs,20261001,confirmation,random_19_0,0.0,0.0,0.0,1.0,1.0,1.0,3.94737157300632
outputs,20261001,confirmation,random_19_1,0.0,0.0,0.0,1.0,1.0,1.0,3.9589220699854195
outputs,20261001,confirmation,random_19_2,0.0,0.0,0.0,1.0,1.0,1.0,3.9506821916789323
outputs,20261001,confirmation,random_38_0,0.0,0.0,0.0,1.0,1.0,1.0,3.9451636068862115
outputs,20261001,confirmation,random_38_1,0.0,0.0,0.0,1.0,1.0,1.0,3.9460023136774973
outputs,20261001,confirmation,random_38_2,0.0,0.0,0.0,1.0,1.0,1.0,3.949194374550019
outputs,20261001,confirmation,random_75_0,0.0,0.0,0.0,1.0,1.0,1.0,3.932597175651563
outputs,20261001,confirmation,random_75_1,0.0,0.0,0.0,1.0,1.0,1.0,3.9396676437124425
outputs,20261001,confirmation,random_75_2,0.0,0.0,0.0,1.0,1.0,1.0,3.9098542000368286
outputs,20261001,confirmation,random_189_0,0.0,0.0,0.0,1.0,1.0,1.0,3.9309063582709864
outputs,20261001,confirmation,random_189_1,0.0,0.0,0.0,1.0,1.0,1.0,3.922529022804358
outputs,20261001,confirmation,random_189_2,0.0,0.0,0.0,1.0,1.0,1.0,3.9474163375334976
outputs,20261001,confirmation,random_377_0,0.0,0.0,0.0,1.0,1.0,1.0,3.9287976196708363
outputs,20261001,confirmation,random_377_1,0.0,0.0,0.0,0.9765625,0.95703125,0.9921875,3.8952871815956853
outputs,20261001,confirmation,random_377_2,0.0,0.0,0.0,1.0,1.0,1.0,3.9540128777108303
outputs,20261001,confirmation,matched_sva_75_0,0.0,0.0,0.0,1.0,1.0,1.0,3.9310415485994548
outputs,20261001,confirmation,matched_sva_75_1,0.421875,0.390625,0.453125,1.0,1.0,1.0,3.9197378390669866
outputs,20261001,confirmation,matched_sva_75_2,0.32421875,0.28125,0.36328125,1.0,1.0,1.0,3.914061130635889
outputs,20261001,confirmation,matched_sva_189_0,0.0,0.0,0.0,0.97265625,0.95302734375,0.9921875,3.919659704899553
outputs,20261001,confirmation,matched_sva_189_1,0.0,0.0,0.0,1.0,1.0,1.0,3.941045309795228
outputs,20261001,confirmation,matched_sva_189_2,0.00390625,0.0,0.01171875,1.0,1.0,1.0,3.920418065312652
outputs,20261001,confirmation,cross_seed_sva_75,0.54296875,0.50390625,0.5859375,1.0,1.0,1.0,3.9847268371023583
outputs,20261001,confirmation,cross_seed_sva_189,0.6640625,0.625,0.703125,1.0,1.0,1.0,3.944012476843466
outputs,20261001,confirmation,global_best,0.9140625,0.87890625,0.9453125,0.8125,0.76953125,0.8515625,3.8087290530745515
outputs,20261001,confirmation,global_match,0.375,0.3359375,0.41015625,0.9921875,0.98046875,1.0,3.7837019379256454
outputs,20261001,hard_transfer,base,1.0,1.0,1.0,0.57421875,0.53515625,0.61328125,3.8109560965783333
outputs,20261001,hard_transfer,adapted,0.0,0.0,0.0,0.90234375,0.8671875,0.9375,4.026203494420501
outputs,20261001,hard_transfer,sva_19,0.14453125,0.10546875,0.18359375,0.8984375,0.859375,0.93359375,4.037487676913822
outputs,20261001,hard_transfer,sva_38,0.1328125,0.09765625,0.171875,0.875,0.8359375,0.9140625,4.019512817078467
outputs,20261001,hard_transfer,sva_75,0.3671875,0.32421875,0.4140625,0.875,0.8359375,0.9140625,4.024268776555545
outputs,20261001,hard_transfer,sva_189,0.75,0.70703125,0.79296875,0.87109375,0.828125,0.90625,3.999629838668149
outputs,20261001,hard_transfer,sva_377,0.7890625,0.74609375,0.83203125,0.80859375,0.765625,0.8515625,4.0087105308086475
outputs,20261001,hard_transfer,ioi_19,0.0,0.0,0.0,0.765625,0.72265625,0.80859375,4.043173322043466
outputs,20261001,hard_transfer,ioi_38,0.0,0.0,0.0,0.703125,0.65625,0.75,4.065836511176136
outputs,20261001,hard_transfer,ioi_75,0.0,0.0,0.0,0.6953125,0.65234375,0.7421875,4.0696449197713065
outputs,20261001,hard_transfer,ioi_189,0.0,0.0,0.0,0.3828125,0.3359375,0.4296875,4.0955456334725024
outputs,20261001,hard_transfer,ioi_377,0.0,0.0,0.0,0.3046875,0.26171875,0.3515625,4.079555539614945
outputs,20261001,hard_transfer,random_19_0,0.0,0.0,0.0,0.89453125,0.85927734375,0.9296875,4.027348401506403
outputs,20261001,hard_transfer,random_19_1,0.0,0.0,0.0,0.890625,0.85537109375,0.92578125,4.029829045994716
outputs,20261001,hard_transfer,random_19_2,0.0,0.0,0.0,0.90234375,0.8671875,0.9375,4.0237954349892044
outputs,20261001,hard_transfer,random_38_0,0.0,0.0,0.0,0.89453125,0.859375,0.9296875,4.021475445690254
outputs,20261001,hard_transfer,random_38_1,0.0,0.0,0.0,0.91015625,0.875,0.94140625,4.013758201802037
outputs,20261001,hard_transfer,random_38_2,0.0,0.0,0.0,0.8984375,0.86328125,0.93359375,4.015818064187117
outputs,20261001,hard_transfer,random_75_0,0.0,0.0,0.0,0.89453125,0.85546875,0.9296875,4.01653241023252
outputs,20261001,hard_transfer,random_75_1,0.0,0.0,0.0,0.91796875,0.8828125,0.94921875,4.024733237187293
outputs,20261001,hard_transfer,random_75_2,0.0,0.0,0.0,0.89453125,0.85546875,0.9296875,3.9967526697621425
outputs,20261001,hard_transfer,random_189_0,0.0,0.0,0.0,0.90234375,0.86328125,0.93359375,4.015557206646736
outputs,20261001,hard_transfer,random_189_1,0.0,0.0,0.0,0.91015625,0.875,0.94140625,4.021720370408289
outputs,20261001,hard_transfer,random_189_2,0.0,0.0,0.0,0.890625,0.8515625,0.92578125,3.987336493092448
outputs,20261001,hard_transfer,random_377_0,0.0,0.0,0.0,0.8671875,0.82421875,0.90625,4.007923097483757
outputs,20261001,hard_transfer,random_377_1,0.0,0.0,0.0,0.86328125,0.82421875,0.90234375,3.9771974026025134
outputs,20261001,hard_transfer,random_377_2,0.0,0.0,0.0,0.92578125,0.890625,0.953125,4.003439066423611
outputs,20261001,hard_transfer,matched_sva_75_0,0.0,0.0,0.0,0.8515625,0.80859375,0.890625,4.025196552472189
outputs,20261001,hard_transfer,matched_sva_75_1,0.44140625,0.4140625,0.46494140624999947,0.91015625,0.875,0.94140625,4.042543415472081
outputs,20261001,hard_transfer,matched_sva_75_2,0.3515625,0.3125,0.390625,0.88671875,0.84765625,0.921875,4.016409879486416
outputs,20261001,hard_transfer,matched_sva_189_0,0.0,0.0,0.0,0.84765625,0.8046875,0.88671875,4.015103499191446
outputs,20261001,hard_transfer,matched_sva_189_1,0.0,0.0,0.0,0.83203125,0.7890625,0.87109375,4.026175861991377
outputs,20261001,hard_transfer,matched_sva_189_2,0.0,0.0,0.0,0.8984375,0.86328125,0.93359375,4.024319002568213
outputs,20261001,hard_transfer,cross_seed_sva_75,0.49609375,0.45703125,0.5390625,0.8046875,0.76171875,0.84765625,4.046747302346525
outputs,20261001,hard_transfer,cross_seed_sva_189,0.7890625,0.74609375,0.83203125,0.796875,0.75,0.83984375,4.016979163094621
outputs,20261001,hard_transfer,global_best,0.984375,0.96875,0.99609375,0.73828125,0.6953125,0.78125,3.785285503166502
outputs,20261001,hard_transfer,global_match,0.5390625,0.48828125,0.58984375,0.87890625,0.83984375,0.9140625,3.7948743191192094
outputs,20261002,heldout,base,0.9764150943396226,0.9574292452830189,0.9952830188679245,0.4566929133858268,0.4251968503937008,0.4881889763779528,4.548658125398867
outputs,20261002,heldout,adapted,0.0,0.0,0.0,0.9960629921259843,0.9881889763779528,1.0,4.891979404645306
outputs,20261002,heldout,sva_19,0.014150943396226415,0.0,0.0330188679245283,0.9960629921259843,0.9881889763779528,1.0,4.867445807542071
outputs,20261002,heldout,sva_38,0.02830188679245283,0.009433962264150943,0.05188679245283019,0.9960629921259843,0.9881889763779528,1.0,4.879777941525912
outputs,20261002,heldout,sva_75,0.25,0.2028301886792453,0.2971698113207547,1.0,1.0,1.0,4.840930300255456
outputs,20261002,heldout,sva_189,0.49528301886792453,0.44339622641509435,0.5471698113207547,1.0,1.0,1.0,4.838088476102248
outputs,20261002,heldout,sva_377,0.5188679245283019,0.4716981132075472,0.5660377358490566,1.0,1.0,1.0,4.87128699886732
outputs,20261002,heldout,ioi_19,0.0,0.0,0.0,0.7440944881889764,0.7007874015748031,0.7874015748031497,4.895914555061928
outputs,20261002,heldout,ioi_38,0.0,0.0,0.0,0.6259842519685039,0.5905511811023622,0.6653543307086615,4.885090134589668
outputs,20261002,heldout,ioi_75,0.0047169811320754715,0.0,0.014150943396226415,0.5787401574803149,0.547244094488189,0.610236220472441,4.870658832086402
outputs,20261002,heldout,ioi_189,0.0047169811320754715,0.0,0.014150943396226415,0.46062992125984253,0.4251968503937008,0.4921259842519685,4.851320245221491
outputs,20261002,heldout,ioi_377,0.009433962264150943,0.0,0.02358490566037736,0.41338582677165353,0.37401574803149606,0.452755905511811,4.8352299226021485
outputs,20261002,heldout,random_19_0,0.0,0.0,0.0,0.9960629921259843,0.9881889763779528,1.0,4.887265564193095
outputs,20261002,heldout,random_19_1,0.0,0.0,0.0,0.9960629921259843,0.9881889763779528,1.0,4.897887830142683
outputs,20261002,heldout,random_19_2,0.0,0.0,0.0,0.9960629921259843,0.9881889763779528,1.0,4.90208978182358
outputs,20261002,heldout,random_38_0,0.0,0.0,0.0,1.0,1.0,1.0,4.8993111854805065
outputs,20261002,heldout,random_38_1,0.0,0.0,0.0,1.0,1.0,1.0,4.877917801194176
outputs,20261002,heldout,random_38_2,0.0,0.0,0.0,0.9960629921259843,0.9881889763779528,1.0,4.887450908915942
outputs,20261002,heldout,random_75_0,0.0,0.0,0.0,0.9960629921259843,0.9881889763779528,1.0,4.884522549677094
outputs,20261002,heldout,random_75_1,0.0,0.0,0.0,0.9960629921259843,0.9881889763779528,1.0,4.873627451819692
outputs,20261002,heldout,random_75_2,0.0,0.0,0.0,0.9960629921259843,0.9881889763779528,1.0,4.8681940395076175
outputs,20261002,heldout,random_189_0,0.0,0.0,0.0,0.9960629921259843,0.9881889763779528,1.0,4.900879300725707
outputs,20261002,heldout,random_189_1,0.12735849056603774,0.08962264150943396,0.16981132075471697,0.9921259842519685,0.9803149606299213,1.0,4.834716993579096
outputs,20261002,heldout,random_189_2,0.0,0.0,0.0,0.9960629921259843,0.9881889763779528,1.0,4.930597313997085
outputs,20261002,heldout,random_377_0,0.0047169811320754715,0.0,0.014150943396226415,0.9960629921259843,0.9881889763779528,1.0,4.859712139515847
outputs,20261002,heldout,random_377_1,0.0,0.0,0.0,1.0,1.0,1.0,4.802512929358261
outputs,20261002,heldout,random_377_2,0.0047169811320754715,0.0,0.014150943396226415,1.0,1.0,1.0,4.920921977109848
outputs,20261002,heldout,matched_sva_75_0,0.0047169811320754715,0.0,0.014150943396226415,1.0,1.0,1.0,4.870970252329946
outputs,20261002,heldout,matched_sva_75_1,0.0047169811320754715,0.0,0.014150943396226415,1.0,1.0,1.0,4.811779013534628
outputs,20261002,heldout,matched_sva_75_2,0.0,0.0,0.0,1.0,1.0,1.0,4.775925701985884
outputs,20261002,heldout,matched_sva_189_0,0.009433962264150943,0.0,0.02358490566037736,1.0,1.0,1.0,4.869490411820122
outputs,20261002,heldout,matched_sva_189_1,0.009433962264150943,0.0,0.02358490566037736,0.9960629921259843,0.9881889763779528,1.0,4.896344081281238
outputs,20261002,heldout,matched_sva_189_2,0.0,0.0,0.0,1.0,1.0,1.0,4.859081931550931
outputs,20261002,heldout,cross_seed_sva_75,0.36792452830188677,0.32075471698113206,0.41509433962264153,0.9881889763779528,0.9724409448818898,1.0,4.772811688105343
outputs,20261002,heldout,cross_seed_sva_189,0.6462264150943396,0.6037735849056604,0.6933962264150944,0.9409448818897638,0.9094488188976378,0.968503937007874,4.746947695688534
outputs,20261002,heldout,global_best,0.9056603773584906,0.8679245283018868,0.9387971698113201,0.7874015748031497,0.743996062992126,0.8307086614173228,4.529996656805524
outputs,20261002,heldout,global_match,0.02830188679245283,0.009433962264150943,0.05188679245283019,1.0,1.0,1.0,4.611176400416475
outputs,20261002,transfer,base,0.9947916666666666,0.984375,1.0,0.40625,0.3645833333333333,0.4427083333333333,4.339113135789098
outputs,20261002,transfer,adapted,0.0,0.0,0.0,0.96875,0.9427083333333334,0.9895833333333334,4.440426159053194
outputs,20261002,transfer,sva_19,0.005208333333333333,0.0,0.015625,0.9791666666666666,0.9583333333333334,0.9947916666666666,4.41486469750977
outputs,20261002,transfer,sva_38,0.010416666666666666,0.0,0.026041666666666668,0.9739583333333334,0.953125,0.9947916666666666,4.412473493999533
outputs,20261002,transfer,sva_75,0.3229166666666667,0.2760416666666667,0.3697916666666667,0.953125,0.921875,0.9791666666666666,4.381228935197702
outputs,20261002,transfer,sva_189,0.71875,0.6666666666666666,0.7708333333333334,0.9010416666666666,0.859375,0.9375,4.387658569411354
outputs,20261002,transfer,sva_377,0.765625,0.71875,0.8177083333333334,0.8697916666666666,0.8229166666666666,0.9114583333333334,4.390195214443868
outputs,20261002,transfer,ioi_19,0.0,0.0,0.0,0.71875,0.671875,0.7708333333333334,4.417731718975825
outputs,20261002,transfer,ioi_38,0.0,0.0,0.0,0.6041666666666666,0.567578125,0.6458333333333334,4.4121887297028755
outputs,20261002,transfer,ioi_75,0.0,0.0,0.0,0.5364583333333334,0.5052083333333334,0.5729166666666666,4.39225536623049
outputs,20261002,transfer,ioi_189,0.0,0.0,0.0,0.4322916666666667,0.3958333333333333,0.4635416666666667,4.40101275514649
outputs,20261002,transfer,ioi_377,0.0,0.0,0.0,0.390625,0.3489583333333333,0.4322916666666667,4.388241664261458
outputs,20261002,transfer,random_19_0,0.0,0.0,0.0,0.9635416666666666,0.9375,0.9895833333333334,4.433723894739664
outputs,20261002,transfer,random_19_1,0.0,0.0,0.0,0.984375,0.9635416666666666,1.0,4.45731347498491
outputs,20261002,transfer,random_19_2,0.0,0.0,0.0,0.9635416666666666,0.9375,0.9895833333333334,4.437542618708191
outputs,20261002,transfer,random_38_0,0.0,0.0,0.0,0.9791666666666666,0.9583333333333334,0.9947916666666666,4.4369760400645974
outputs,20261002,transfer,random_38_1,0.0,0.0,0.0,0.96875,0.9427083333333334,0.9895833333333334,4.436353899292634
outputs,20261002,transfer,random_38_2,0.0,0.0,0.0,0.9895833333333334,0.9739583333333334,1.0,4.438746775821642
outputs,20261002,transfer,random_75_0,0.0,0.0,0.0,0.953125,0.921875,0.9791666666666666,4.419309213480941
outputs,20261002,transfer,random_75_1,0.0,0.0,0.0,0.9739583333333334,0.953125,0.9947916666666666,4.4329863644844965
outputs,20261002,transfer,random_75_2,0.0,0.0,0.0,0.9635416666666666,0.9375,0.9895833333333334,4.409723477479366
outputs,20261002,transfer,random_189_0,0.0,0.0,0.0,0.9270833333333334,0.890625,0.9635416666666666,4.46248774157449
outputs,20261002,transfer,random_189_1,0.25,0.19791666666666666,0.296875,0.875,0.828125,0.9166666666666666,4.40478652141579
outputs,20261002,transfer,random_189_2,0.0,0.0,0.0,0.9739583333333334,0.9479166666666666,0.9947916666666666,4.466854505795196
outputs,20261002,transfer,random_377_0,0.0,0.0,0.0,0.96875,0.9427083333333334,0.9895833333333334,4.41828727424173
outputs,20261002,transfer,random_377_1,0.0,0.0,0.0,0.90625,0.8645833333333334,0.9427083333333334,4.354675178711557
outputs,20261002,transfer,random_377_2,0.0,0.0,0.0,0.9114583333333334,0.875,0.9479166666666666,4.412127775542551
outputs,20261002,transfer,matched_sva_75_0,0.0,0.0,0.0,0.9166666666666666,0.875,0.953125,4.426107817320718
outputs,20261002,transfer,matched_sva_75_1,0.005208333333333333,0.0,0.015625,0.9479166666666666,0.9166666666666666,0.9791666666666666,4.36679634924089
outputs,20261002,transfer,matched_sva_75_2,0.0,0.0,0.0,0.9479166666666666,0.9166666666666666,0.9791666666666666,4.358822080560142
outputs,20261002,transfer,matched_sva_189_0,0.005208333333333333,0.0,0.015625,0.9427083333333334,0.9114583333333334,0.9739583333333334,4.399257447017696
outputs,20261002,transfer,matched_sva_189_1,0.0,0.0,0.0,0.9270833333333334,0.890625,0.9583333333333334,4.467083429188509
outputs,20261002,transfer,matched_sva_189_2,0.0,0.0,0.0,0.9947916666666666,0.984375,1.0,4.405128750344455
outputs,20261002,transfer,cross_seed_sva_75,0.4114583333333333,0.3697916666666667,0.4479166666666667,0.8385416666666666,0.7916666666666666,0.8854166666666666,4.3407905112456
outputs,20261002,transfer,cross_seed_sva_189,0.6979166666666666,0.6510416666666666,0.75,0.7291666666666666,0.6822916666666666,0.7760416666666666,4.325963968201681
outputs,20261002,transfer,global_best,0.96875,0.9427083333333334,0.9895833333333334,0.6510416666666666,0.6041666666666666,0.6979166666666666,4.305870683209928
outputs,20261002,transfer,global_match,0.015625,0.0,0.036458333333333336,0.9375,0.9010416666666666,0.96875,4.310847672546585
outputs,20261002,confirmation,base,0.9765625,0.95703125,0.9921875,0.4921875,0.4609375,0.5234375,3.87269011594953
outputs,20261002,confirmation,adapted,0.0,0.0,0.0,1.0,1.0,1.0,3.9721042292888193
outputs,20261002,confirmation,sva_19,0.00390625,0.0,0.01171875,1.0,1.0,1.0,3.9520215124886393
outputs,20261002,confirmation,sva_38,0.03125,0.01171875,0.0546875,1.0,1.0,1.0,3.9631801759950633
outputs,20261002,confirmation,sva_75,0.2890625,0.24609375,0.328125,1.0,1.0,1.0,3.9363456506305083
outputs,20261002,confirmation,sva_189,0.53515625,0.5,0.5703125,1.0,1.0,1.0,3.9471439765013163
outputs,20261002,confirmation,sva_377,0.55859375,0.5234375,0.59375,1.0,1.0,1.0,3.9401129107379043
outputs,20261002,confirmation,ioi_19,0.0,0.0,0.0,0.70703125,0.6640625,0.75,3.9879869295111687
outputs,20261002,confirmation,ioi_38,0.0,0.0,0.0,0.60546875,0.5703125,0.6407226562499995,3.991594347631973
outputs,20261002,confirmation,ioi_75,0.0,0.0,0.0,0.5703125,0.53515625,0.60546875,4.003085521160177
outputs,20261002,confirmation,ioi_189,0.00390625,0.0,0.01171875,0.48046875,0.453125,0.5078125,4.004765596592017
outputs,20261002,confirmation,ioi_377,0.00390625,0.0,0.01171875,0.43359375,0.40234375,0.4609375,4.016839794686386
outputs,20261002,confirmation,random_19_0,0.0,0.0,0.0,1.0,1.0,1.0,3.9667862912065086
outputs,20261002,confirmation,random_19_1,0.0,0.0,0.0,1.0,1.0,1.0,3.9744751830858376
outputs,20261002,confirmation,random_19_2,0.0,0.0,0.0,1.0,1.0,1.0,3.9740555590541784
outputs,20261002,confirmation,random_38_0,0.0,0.0,0.0,1.0,1.0,1.0,3.9632257098061845
outputs,20261002,confirmation,random_38_1,0.0,0.0,0.0,1.0,1.0,1.0,3.96978720806677
outputs,20261002,confirmation,random_38_2,0.0,0.0,0.0,1.0,1.0,1.0,3.9615405946849256
outputs,20261002,confirmation,random_75_0,0.0,0.0,0.0,1.0,1.0,1.0,3.965112453383497
outputs,20261002,confirmation,random_75_1,0.0,0.0,0.0,1.0,1.0,1.0,3.9557552445013027
outputs,20261002,confirmation,random_75_2,0.0,0.0,0.0,1.0,1.0,1.0,3.9684741926546225
outputs,20261002,confirmation,random_189_0,0.0,0.0,0.0,1.0,1.0,1.0,3.9941641031287287
outputs,20261002,confirmation,random_189_1,0.14453125,0.10546875,0.18359375,1.0,1.0,1.0,3.914433154963635
outputs,20261002,confirmation,random_189_2,0.0,0.0,0.0,1.0,1.0,1.0,3.9894018691050372
outputs,20261002,confirmation,random_377_0,0.0,0.0,0.0,1.0,1.0,1.0,3.9736283647152306
outputs,20261002,confirmation,random_377_1,0.0,0.0,0.0,1.0,1.0,1.0,3.896725764424385
outputs,20261002,confirmation,random_377_2,0.0,0.0,0.0,1.0,1.0,1.0,3.919943658088874
outputs,20261002,confirmation,matched_sva_75_0,0.0,0.0,0.0,1.0,1.0,1.0,4.012652928729392
outputs,20261002,confirmation,matched_sva_75_1,0.0,0.0,0.0,1.0,1.0,1.0,3.9463207154620994
outputs,20261002,confirmation,matched_sva_75_2,0.0,0.0,0.0,1.0,1.0,1.0,3.920527024286293
outputs,20261002,confirmation,matched_sva_189_0,0.0078125,0.0,0.01953125,1.0,1.0,1.0,3.9401643393216315
outputs,20261002,confirmation,matched_sva_189_1,0.00390625,0.0,0.01171875,1.0,1.0,1.0,3.931653097960638
outputs,20261002,confirmation,matched_sva_189_2,0.0,0.0,0.0,1.0,1.0,1.0,3.9955803513072756
outputs,20261002,confirmation,cross_seed_sva_75,0.34765625,0.3046875,0.38671875,0.99609375,0.98828125,1.0,3.9182584638514752
outputs,20261002,confirmation,cross_seed_sva_189,0.6328125,0.59375,0.67578125,0.98046875,0.9609375,0.99609375,3.954256716115619
outputs,20261002,confirmation,global_best,0.88671875,0.84765625,0.921875,0.78125,0.73828125,0.82421875,3.8018247983631115
outputs,20261002,confirmation,global_match,0.05078125,0.02734375,0.078125,0.99609375,0.98828125,1.0,3.7911766406096934
outputs,20261002,hard_transfer,base,1.0,1.0,1.0,0.57421875,0.53515625,0.61328125,3.8109560965783333
outputs,20261002,hard_transfer,adapted,0.0,0.0,0.0,0.83203125,0.7890625,0.87109375,4.082414832570111
outputs,20261002,hard_transfer,sva_19,0.0,0.0,0.0,0.8515625,0.80859375,0.890625,4.057835642347733
outputs,20261002,hard_transfer,sva_38,0.07421875,0.04296875,0.10546875,0.859375,0.81640625,0.8984375,4.053525987291483
outputs,20261002,hard_transfer,sva_75,0.37109375,0.32421875,0.41796875,0.84765625,0.8046875,0.88671875,3.9965715844652636
outputs,20261002,hard_transfer,sva_189,0.65625,0.61328125,0.69921875,0.83984375,0.796875,0.87890625,3.9735674698052534
outputs,20261002,hard_transfer,sva_377,0.6796875,0.63671875,0.7265625,0.8359375,0.79296875,0.875,3.961177699997118
outputs,20261002,hard_transfer,ioi_19,0.0,0.0,0.0,0.60546875,0.5703125,0.64453125,4.08116925593014
outputs,20261002,hard_transfer,ioi_38,0.0,0.0,0.0,0.54296875,0.515625,0.57421875,4.069763214708391
outputs,20261002,hard_transfer,ioi_75,0.0,0.0,0.0,0.51953125,0.4921875,0.546875,4.044024919151808
outputs,20261002,hard_transfer,ioi_189,0.0,0.0,0.0,0.42578125,0.390625,0.45703125,4.032507679606929
outputs,20261002,hard_transfer,ioi_377,0.0,0.0,0.0,0.40234375,0.36328125,0.4375,4.032062076263582
outputs,20261002,hard_transfer,random_19_0,0.0,0.0,0.0,0.83984375,0.796875,0.87890625,4.0846208067791485
outputs,20261002,hard_transfer,random_19_1,0.0,0.0,0.0,0.84375,0.80078125,0.8828125,4.073435666890194
outputs,20261002,hard_transfer,random_19_2,0.0,0.0,0.0,0.83203125,0.7890625,0.87109375,4.072892936006414
outputs,20261002,hard_transfer,random_38_0,0.0,0.0,0.0,0.83203125,0.7890625,0.87109375,4.084683096491252
outputs,20261002,hard_transfer,random_38_1,0.0,0.0,0.0,0.83984375,0.796875,0.87890625,4.073053023657112
outputs,20261002,hard_transfer,random_38_2,0.0,0.0,0.0,0.83203125,0.7890625,0.87109375,4.073732132685343
outputs,20261002,hard_transfer,random_75_0,0.0,0.0,0.0,0.8359375,0.79296875,0.875,4.072386446267253
outputs,20261002,hard_transfer,random_75_1,0.0,0.0,0.0,0.8359375,0.79296875,0.875,4.065080127284834
outputs,20261002,hard_transfer,random_75_2,0.0,0.0,0.0,0.8203125,0.77734375,0.859375,4.073733733853495
outputs,20261002,hard_transfer,random_189_0,0.0,0.0,0.0,0.83203125,0.7890625,0.87109375,4.057382456610882
outputs,20261002,hard_transfer,random_189_1,0.1171875,0.08203125,0.15244140624999947,0.81640625,0.7734375,0.8555664062499995,4.064729720737051
outputs,20261002,hard_transfer,random_189_2,0.0,0.0,0.0,0.8359375,0.79296875,0.875,4.088125336323723
outputs,20261002,hard_transfer,random_377_0,0.0,0.0,0.0,0.8671875,0.828125,0.90625,4.011501378677785
outputs,20261002,hard_transfer,random_377_1,0.0,0.0,0.0,0.8515625,0.80859375,0.890625,4.033659337335972
outputs,20261002,hard_transfer,random_377_2,0.00390625,0.0,0.01171875,0.8046875,0.76171875,0.84765625,4.045960465902745
outputs,20261002,hard_transfer,matched_sva_75_0,0.00390625,0.0,0.01171875,0.81640625,0.7734375,0.859375,4.0301080250909385
outputs,20261002,hard_transfer,matched_sva_75_1,0.0,0.0,0.0,0.84765625,0.8046875,0.88671875,4.037355744695912
outputs,20261002,hard_transfer,matched_sva_75_2,0.0,0.0,0.0,0.83984375,0.796875,0.87890625,3.9980114126081263
outputs,20261002,hard_transfer,matched_sva_189_0,0.0,0.0,0.0,0.8359375,0.79296875,0.875,4.000798534919141
outputs,20261002,hard_transfer,matched_sva_189_1,0.0,0.0,0.0,0.8125,0.765625,0.8515625,4.054448773917094
outputs,20261002,hard_transfer,matched_sva_189_2,0.0,0.0,0.0,0.82421875,0.78125,0.8671875,3.988843233107279
outputs,20261002,hard_transfer,cross_seed_sva_75,0.45703125,0.4140625,0.5,0.77734375,0.73046875,0.8203125,4.0773552036386995
outputs,20261002,hard_transfer,cross_seed_sva_189,0.71484375,0.67177734375,0.7578125,0.78125,0.73828125,0.82421875,4.041831259535287
outputs,20261002,hard_transfer,global_best,0.97265625,0.953125,0.9883789062499995,0.72265625,0.68359375,0.765625,3.8027364010984694
outputs,20261002,hard_transfer,global_match,0.05078125,0.02734375,0.07421875,0.87890625,0.83984375,0.9140625,3.8672542307006594
lora_rows,20260930,heldout,base,0.9764150943396226,0.9574292452830189,0.9952830188679245,0.4566929133858268,0.4251968503937008,0.4881889763779528,4.548658125398867
lora_rows,20260930,heldout,adapted,0.0,0.0,0.0,1.0,1.0,1.0,4.4513413844816645
lora_rows,20260930,heldout,sva_1413,0.25471698113207547,0.19339622641509435,0.3113207547169811,1.0,1.0,1.0,4.441864579593989
lora_rows,20260930,heldout,sva_2826,0.4481132075471698,0.38195754716981134,0.5141509433962265,1.0,1.0,1.0,4.445331696787984
lora_rows,20260930,heldout,sva_5652,0.6792452830188679,0.6132075471698113,0.7405660377358491,1.0,1.0,1.0,4.441143482901273
lora_rows,20260930,heldout,sva_14131,0.8773584905660378,0.8301886792452831,0.9198113207547169,1.0,1.0,1.0,4.438899264013116
lora_rows,20260930,heldout,sva_28262,0.9150943396226415,0.8773584905660378,0.9481132075471698,1.0,1.0,1.0,4.4373451168741695
lora_rows,20260930,heldout,ioi_1413,0.0,0.0,0.0,1.0,1.0,1.0,4.446350354189574
lora_rows,20260930,heldout,ioi_2826,0.0,0.0,0.0,1.0,1.0,1.0,4.442592480725128
lora_rows,20260930,heldout,ioi_5652,0.0,0.0,0.0,0.937007874015748,0.905511811023622,0.9645669291338582,4.440871412595429
lora_rows,20260930,heldout,ioi_14131,0.0,0.0,0.0,0.7401574803149606,0.6968503937007874,0.7834645669291339,4.439679234796581
lora_rows,20260930,heldout,ioi_28262,0.0,0.0,0.0,0.6929133858267716,0.6496062992125984,0.7362204724409449,4.436975381631363
lora_rows,20260930,heldout,random_1413_0,0.0,0.0,0.0,1.0,1.0,1.0,4.449204609520729
lora_rows,20260930,heldout,random_1413_1,0.0,0.0,0.0,1.0,1.0,1.0,4.447725056911063
lora_rows,20260930,heldout,random_1413_2,0.0,0.0,0.0,1.0,1.0,1.0,4.449522169620923
lora_rows,20260930,heldout,random_2826_0,0.0,0.0,0.0,1.0,1.0,1.0,4.448896838638252
lora_rows,20260930,heldout,random_2826_1,0.0,0.0,0.0,1.0,1.0,1.0,4.444383702868104
lora_rows,20260930,heldout,random_2826_2,0.0,0.0,0.0,1.0,1.0,1.0,4.451566100578932
lora_rows,20260930,heldout,random_5652_0,0.0,0.0,0.0,1.0,1.0,1.0,4.447448755237311
lora_rows,20260930,heldout,random_5652_1,0.0,0.0,0.0,1.0,1.0,1.0,4.443891015299285
lora_rows,20260930,heldout,random_5652_2,0.0,0.0,0.0,1.0,1.0,1.0,4.44934559594984
lora_rows,20260930,heldout,random_14131_0,0.0,0.0,0.0,1.0,1.0,1.0,4.437112807920152
lora_rows,20260930,heldout,random_14131_1,0.0,0.0,0.0,1.0,1.0,1.0,4.442938530361786
lora_rows,20260930,heldout,random_14131_2,0.0,0.0,0.0,1.0,1.0,1.0,4.4357625748227445
lora_rows,20260930,heldout,random_28262_0,0.0,0.0,0.0,1.0,1.0,1.0,4.453275338690544
lora_rows,20260930,heldout,random_28262_1,0.0,0.0,0.0,1.0,1.0,1.0,4.44210615562385
lora_rows,20260930,heldout,random_28262_2,0.0,0.0,0.0,1.0,1.0,1.0,4.436986601110808
lora_rows,20260930,heldout,matched_sva_5652_0,0.0,0.0,0.0,1.0,1.0,1.0,4.446047644327939
lora_rows,20260930,heldout,matched_sva_5652_1,0.0,0.0,0.0,1.0,1.0,1.0,4.444019864921055
lora_rows,20260930,heldout,matched_sva_5652_2,0.0,0.0,0.0,1.0,1.0,1.0,4.449198505652776
lora_rows,20260930,heldout,matched_sva_14131_0,0.0,0.0,0.0,1.0,1.0,1.0,4.437812918065406
lora_rows,20260930,heldout,matched_sva_14131_1,0.0,0.0,0.0,1.0,1.0,1.0,4.4372530846831975
lora_rows,20260930,heldout,matched_sva_14131_2,0.0,0.0,0.0,1.0,1.0,1.0,4.425234538988515
lora_rows,20260930,heldout,cross_seed_sva_5652,0.6792452830188679,0.6132075471698113,0.7405660377358491,1.0,1.0,1.0,4.441143482901273
lora_rows,20260930,heldout,cross_seed_sva_14131,0.8773584905660378,0.8301886792452831,0.9198113207547169,1.0,1.0,1.0,4.438899264013116
lora_rows,20260930,heldout,global_best,0.6556603773584906,0.5847877358490566,0.7216981132075472,0.9645669291338582,0.9409448818897638,0.984251968503937,4.46467499331112
lora_rows,20260930,heldout,global_match,0.6556603773584906,0.5847877358490566,0.7216981132075472,0.9645669291338582,0.9409448818897638,0.984251968503937,4.46467499331112
lora_rows,20260930,transfer,base,0.9947916666666666,0.984375,1.0,0.40625,0.3645833333333333,0.4427083333333333,4.339113135789098
lora_rows,20260930,transfer,adapted,0.0,0.0,0.0,1.0,1.0,1.0,4.092241555686871
lora_rows,20260930,transfer,sva_1413,0.390625,0.3177083333333333,0.4635416666666667,1.0,1.0,1.0,4.08823826454608
lora_rows,20260930,transfer,sva_2826,0.609375,0.5364583333333334,0.6822916666666666,1.0,1.0,1.0,4.085763743590338
lora_rows,20260930,transfer,sva_5652,0.9114583333333334,0.8697916666666666,0.953125,1.0,1.0,1.0,4.0849699861552065
lora_rows,20260930,transfer,sva_14131,0.9739583333333334,0.9529947916666667,0.9947916666666666,1.0,1.0,1.0,4.090437775414409
lora_rows,20260930,transfer,sva_28262,0.9739583333333334,0.9529947916666667,0.9947916666666666,1.0,1.0,1.0,4.086462871834326
lora_rows,20260930,transfer,ioi_1413,0.0,0.0,0.0,1.0,1.0,1.0,4.092657157526859
lora_rows,20260930,transfer,ioi_2826,0.0,0.0,0.0,0.9947916666666666,0.984375,1.0,4.090796773172774
lora_rows,20260930,transfer,ioi_5652,0.0,0.0,0.0,0.921875,0.8854166666666666,0.9532552083333327,4.087140197358659
lora_rows,20260930,transfer,ioi_14131,0.0,0.0,0.0,0.7864583333333334,0.7395833333333334,0.8333333333333334,4.087858669167724
lora_rows,20260930,transfer,ioi_28262,0.0,0.0,0.0,0.7395833333333334,0.6927083333333334,0.7916666666666666,4.084342008074322
lora_rows,20260930,transfer,random_1413_0,0.0,0.0,0.0,1.0,1.0,1.0,4.097245632646549
lora_rows,20260930,transfer,random_1413_1,0.0,0.0,0.0,1.0,1.0,1.0,4.092610788356344
lora_rows,20260930,transfer,random_1413_2,0.0,0.0,0.0,1.0,1.0,1.0,4.096668400894427
lora_rows,20260930,transfer,random_2826_0,0.0,0.0,0.0,1.0,1.0,1.0,4.097568180552458
lora_rows,20260930,transfer,random_2826_1,0.0,0.0,0.0,1.0,1.0,1.0,4.0981794752256775
lora_rows,20260930,transfer,random_2826_2,0.0,0.0,0.0,1.0,1.0,1.0,4.095448072288242
lora_rows,20260930,transfer,random_5652_0,0.0,0.0,0.0,1.0,1.0,1.0,4.0872070593293754
lora_rows,20260930,transfer,random_5652_1,0.0,0.0,0.0,1.0,1.0,1.0,4.099890494972439
lora_rows,20260930,transfer,random_5652_2,0.0,0.0,0.0,1.0,1.0,1.0,4.097018667476421
lora_rows,20260930,transfer,random_14131_0,0.0,0.0,0.0,1.0,1.0,1.0,4.093602825211305
lora_rows,20260930,transfer,random_14131_1,0.0,0.0,0.0,1.0,1.0,1.0,4.089270965264348
lora_rows,20260930,transfer,random_14131_2,0.0,0.0,0.0,1.0,1.0,1.0,4.097640248163124
lora_rows,20260930,transfer,random_28262_0,0.0,0.0,0.0,1.0,1.0,1.0,4.075718800195662
lora_rows,20260930,transfer,random_28262_1,0.0,0.0,0.0,1.0,1.0,1.0,4.07503793147703
lora_rows,20260930,transfer,random_28262_2,0.0,0.0,0.0,1.0,1.0,1.0,4.106577886623246
lora_rows,20260930,transfer,matched_sva_5652_0,0.0,0.0,0.0,1.0,1.0,1.0,4.083606028699062
lora_rows,20260930,transfer,matched_sva_5652_1,0.0,0.0,0.0,1.0,1.0,1.0,4.090467422332219
lora_rows,20260930,transfer,matched_sva_5652_2,0.0,0.0,0.0,1.0,1.0,1.0,4.085189293208108
lora_rows,20260930,transfer,matched_sva_14131_0,0.03125,0.010416666666666666,0.057291666666666664,1.0,1.0,1.0,4.0884412227710705
lora_rows,20260930,transfer,matched_sva_14131_1,0.03125,0.010416666666666666,0.057291666666666664,1.0,1.0,1.0,4.084608992176892
lora_rows,20260930,transfer,matched_sva_14131_2,0.03125,0.010416666666666666,0.057291666666666664,1.0,1.0,1.0,4.07531392955828
lora_rows,20260930,transfer,cross_seed_sva_5652,0.9114583333333334,0.8697916666666666,0.953125,1.0,1.0,1.0,4.0849699861552065
lora_rows,20260930,transfer,cross_seed_sva_14131,0.9739583333333334,0.9529947916666667,0.9947916666666666,1.0,1.0,1.0,4.090437775414409
lora_rows,20260930,transfer,global_best,0.9114583333333334,0.8697916666666666,0.9479166666666666,0.8125,0.7604166666666666,0.859375,4.197713247717668
lora_rows,20260930,transfer,global_match,0.9114583333333334,0.8697916666666666,0.9479166666666666,0.8125,0.7604166666666666,0.859375,4.197713247717668
lora_rows,20260930,confirmation,base,0.9765625,0.95703125,0.9921875,0.4921875,0.4609375,0.5234375,3.87269011594953
lora_rows,20260930,confirmation,adapted,0.0,0.0,0.0,1.0,1.0,1.0,3.6747465735626186
lora_rows,20260930,confirmation,sva_1413,0.25390625,0.203125,0.3046875,1.0,1.0,1.0,3.6649884995245543
lora_rows,20260930,confirmation,sva_2826,0.42578125,0.359375,0.484375,1.0,1.0,1.0,3.6650870580749335
lora_rows,20260930,confirmation,sva_5652,0.75390625,0.69921875,0.8046875,1.0,1.0,1.0,3.6649549099363754
lora_rows,20260930,confirmation,sva_14131,0.90625,0.87109375,0.94140625,1.0,1.0,1.0,3.670854216707111
lora_rows,20260930,confirmation,sva_28262,0.91796875,0.8828125,0.94921875,1.0,1.0,1.0,3.671758871250728
lora_rows,20260930,confirmation,ioi_1413,0.0,0.0,0.0,1.0,1.0,1.0,3.6795196665103123
lora_rows,20260930,confirmation,ioi_2826,0.0,0.0,0.0,0.9921875,0.98046875,1.0,3.679134569210173
lora_rows,20260930,confirmation,ioi_5652,0.0,0.0,0.0,0.92578125,0.89453125,0.953125,3.6767636665496632
lora_rows,20260930,confirmation,ioi_14131,0.0,0.0,0.0,0.76171875,0.71875,0.80859375,3.6797785159160186
lora_rows,20260930,confirmation,ioi_28262,0.0,0.0,0.0,0.71484375,0.671875,0.7578125,3.6803835252590225
lora_rows,20260930,confirmation,random_1413_0,0.0,0.0,0.0,1.0,1.0,1.0,3.672950453364382
lora_rows,20260930,confirmation,random_1413_1,0.0,0.0,0.0,1.0,1.0,1.0,3.674769216084876
lora_rows,20260930,confirmation,random_1413_2,0.0,0.0,0.0,1.0,1.0,1.0,3.6774015495018966
lora_rows,20260930,confirmation,random_2826_0,0.0,0.0,0.0,1.0,1.0,1.0,3.6759401060770163
lora_rows,20260930,confirmation,random_2826_1,0.0,0.0,0.0,1.0,1.0,1.0,3.6759672253263287
lora_rows,20260930,confirmation,random_2826_2,0.0,0.0,0.0,1.0,1.0,1.0,3.67420502066825
lora_rows,20260930,confirmation,random_5652_0,0.0,0.0,0.0,1.0,1.0,1.0,3.6781881952138016
lora_rows,20260930,confirmation,random_5652_1,0.0,0.0,0.0,1.0,1.0,1.0,3.6751718785835106
lora_rows,20260930,confirmation,random_5652_2,0.0,0.0,0.0,1.0,1.0,1.0,3.673097180243133
lora_rows,20260930,confirmation,random_14131_0,0.0,0.0,0.0,1.0,1.0,1.0,3.675410403419332
lora_rows,20260930,confirmation,random_14131_1,0.0,0.0,0.0,1.0,1.0,1.0,3.6673596121255816
lora_rows,20260930,confirmation,random_14131_2,0.0,0.0,0.0,1.0,1.0,1.0,3.67767512297321
lora_rows,20260930,confirmation,random_28262_0,0.0,0.0,0.0,1.0,1.0,1.0,3.6853209260868396
lora_rows,20260930,confirmation,random_28262_1,0.0,0.0,0.0,1.0,1.0,1.0,3.6884038247952793
lora_rows,20260930,confirmation,random_28262_2,0.0,0.0,0.0,1.0,1.0,1.0,3.6820262114675484
lora_rows,20260930,confirmation,matched_sva_5652_0,0.0,0.0,0.0,1.0,1.0,1.0,3.671355651319027
lora_rows,20260930,confirmation,matched_sva_5652_1,0.0,0.0,0.0,1.0,1.0,1.0,3.6700076375636677
lora_rows,20260930,confirmation,matched_sva_5652_2,0.0,0.0,0.0,1.0,1.0,1.0,3.6714295924902767
lora_rows,20260930,confirmation,matched_sva_14131_0,0.0,0.0,0.0,1.0,1.0,1.0,3.6740777661857185
lora_rows,20260930,confirmation,matched_sva_14131_1,0.0,0.0,0.0,1.0,1.0,1.0,3.6681744783866663
lora_rows,20260930,confirmation,matched_sva_14131_2,0.00390625,0.0,0.01171875,1.0,1.0,1.0,3.675118348873393
lora_rows,20260930,confirmation,cross_seed_sva_5652,0.75390625,0.69921875,0.8046875,1.0,1.0,1.0,3.6649549099363754
lora_rows,20260930,confirmation,cross_seed_sva_14131,0.90625,0.87109375,0.94140625,1.0,1.0,1.0,3.670854216707111
lora_rows,20260930,confirmation,global_best,0.6796875,0.625,0.734375,0.96484375,0.94140625,0.984375,3.7641888137671087
lora_rows,20260930,confirmation,global_match,0.6796875,0.625,0.734375,0.96484375,0.94140625,0.984375,3.7641888137671087
lora_rows,20260930,hard_transfer,base,1.0,1.0,1.0,0.57421875,0.53515625,0.61328125,3.8109560965783333
lora_rows,20260930,hard_transfer,adapted,0.0,0.0,0.0,0.90234375,0.8671875,0.9375,3.7060083907862396
lora_rows,20260930,hard_transfer,sva_1413,0.5390625,0.4765625,0.60546875,0.90625,0.87109375,0.94140625,3.707317854820779
lora_rows,20260930,hard_transfer,sva_2826,0.78125,0.73046875,0.83203125,0.90234375,0.8671875,0.9336914062499995,3.706909899512362
lora_rows,20260930,hard_transfer,sva_5652,0.96484375,0.94140625,0.984375,0.8984375,0.86328125,0.93359375,3.7030563824848186
lora_rows,20260930,hard_transfer,sva_14131,0.98828125,0.97265625,1.0,0.91015625,0.875,0.94140625,3.7013702529897405
lora_rows,20260930,hard_transfer,sva_28262,0.98828125,0.97265625,1.0,0.91015625,0.875,0.94140625,3.6985782634670086
lora_rows,20260930,hard_transfer,ioi_1413,0.0,0.0,0.0,0.890625,0.8515625,0.92578125,3.7116898100945925
lora_rows,20260930,hard_transfer,ioi_2826,0.0,0.0,0.0,0.8828125,0.84375,0.91796875,3.706342943658714
lora_rows,20260930,hard_transfer,ioi_5652,0.0,0.0,0.0,0.84375,0.80078125,0.8828125,3.7042432811773014
lora_rows,20260930,hard_transfer,ioi_14131,0.0,0.0,0.0,0.78125,0.73828125,0.82421875,3.7009667992162893
lora_rows,20260930,hard_transfer,ioi_28262,0.0,0.0,0.0,0.765625,0.72265625,0.8125,3.702660526285992
lora_rows,20260930,hard_transfer,random_1413_0,0.0,0.0,0.0,0.90234375,0.8671875,0.9375,3.708260747861597
lora_rows,20260930,hard_transfer,random_1413_1,0.0,0.0,0.0,0.90625,0.87109375,0.94140625,3.7075383437877862
lora_rows,20260930,hard_transfer,random_1413_2,0.0,0.0,0.0,0.90234375,0.8671875,0.9375,3.7120711357465406
lora_rows,20260930,hard_transfer,random_2826_0,0.0,0.0,0.0,0.90234375,0.8671875,0.9375,3.706272709271165
lora_rows,20260930,hard_transfer,random_2826_1,0.0,0.0,0.0,0.90234375,0.8671875,0.9375,3.7106777438339353
lora_rows,20260930,hard_transfer,random_2826_2,0.0,0.0,0.0,0.90234375,0.8671875,0.9375,3.7099639985869834
lora_rows,20260930,hard_transfer,random_5652_0,0.0,0.0,0.0,0.90625,0.87109375,0.94140625,3.7074360121875496
lora_rows,20260930,hard_transfer,random_5652_1,0.0,0.0,0.0,0.90625,0.87109375,0.94140625,3.7128657040836743
lora_rows,20260930,hard_transfer,random_5652_2,0.0,0.0,0.0,0.90625,0.87109375,0.94140625,3.7066561016097492
lora_rows,20260930,hard_transfer,random_14131_0,0.0,0.0,0.0,0.90625,0.87109375,0.94140625,3.6964917967314683
lora_rows,20260930,hard_transfer,random_14131_1,0.0,0.0,0.0,0.90625,0.87109375,0.94140625,3.7067010500109894
lora_rows,20260930,hard_transfer,random_14131_2,0.0,0.0,0.0,0.90625,0.87109375,0.94140625,3.703247710006227
lora_rows,20260930,hard_transfer,random_28262_0,0.0,0.0,0.0,0.9140625,0.87890625,0.9453125,3.704676659073483
lora_rows,20260930,hard_transfer,random_28262_1,0.0,0.0,0.0,0.90625,0.87109375,0.9375,3.705264860872094
lora_rows,20260930,hard_transfer,random_28262_2,0.0,0.0,0.0,0.91015625,0.875,0.94140625,3.701231876129962
lora_rows,20260930,hard_transfer,matched_sva_5652_0,0.0,0.0,0.0,0.8984375,0.86328125,0.93359375,3.7025560650851745
lora_rows,20260930,hard_transfer,matched_sva_5652_1,0.0,0.0,0.0,0.90625,0.87109375,0.9375,3.70091164699925
lora_rows,20260930,hard_transfer,matched_sva_5652_2,0.0,0.0,0.0,0.8984375,0.86318359375,0.93359375,3.7005590489843976
lora_rows,20260930,hard_transfer,matched_sva_14131_0,0.015625,0.00390625,0.03125,0.91015625,0.875,0.94140625,3.695601948736179
lora_rows,20260930,hard_transfer,matched_sva_14131_1,0.01953125,0.00390625,0.03515625,0.91796875,0.88662109375,0.94921875,3.6958238874241767
lora_rows,20260930,hard_transfer,matched_sva_14131_2,0.02734375,0.0078125,0.046875,0.9140625,0.87890625,0.9453125,3.697204132619258
lora_rows,20260930,hard_transfer,cross_seed_sva_5652,0.96484375,0.94140625,0.984375,0.8984375,0.86328125,0.93359375,3.7030563824848186
lora_rows,20260930,hard_transfer,cross_seed_sva_14131,0.98828125,0.97265625,1.0,0.91015625,0.875,0.94140625,3.7013702529897405
lora_rows,20260930,hard_transfer,global_best,0.953125,0.92578125,0.9765625,0.88671875,0.8515625,0.921875,3.742386758872449
lora_rows,20260930,hard_transfer,global_match,0.953125,0.92578125,0.9765625,0.88671875,0.8515625,0.921875,3.742386758872449
lora_rows,20261001,heldout,base,0.9764150943396226,0.9574292452830189,0.9952830188679245,0.4566929133858268,0.4251968503937008,0.4881889763779528,4.548658125398867
lora_rows,20261001,heldout,adapted,0.0,0.0,0.0,1.0,1.0,1.0,4.455865278090658
lora_rows,20261001,heldout,sva_1413,0.0,0.0,0.0,1.0,1.0,1.0,4.454627150377776
lora_rows,20261001,heldout,sva_2826,0.04716981132075472,0.018867924528301886,0.07547169811320754,1.0,1.0,1.0,4.454003522537605
lora_rows,20261001,heldout,sva_5652,0.2358490566037736,0.18867924528301888,0.2830188679245283,1.0,1.0,1.0,4.453192692067619
lora_rows,20261001,heldout,sva_14131,0.4858490566037736,0.42924528301886794,0.5424528301886793,0.9960629921259843,0.9881889763779528,1.0,4.449297668471866
lora_rows,20261001,heldout,sva_28262,0.6179245283018868,0.5566037735849056,0.6745283018867925,0.9960629921259843,0.9881889763779528,1.0,4.447291596259747
lora_rows,20261001,heldout,ioi_1413,0.0,0.0,0.0,1.0,1.0,1.0,4.454155134587727
lora_rows,20261001,heldout,ioi_2826,0.0,0.0,0.0,0.9881889763779528,0.9724409448818898,1.0,4.453227251754027
lora_rows,20261001,heldout,ioi_5652,0.0,0.0,0.0,0.9212598425196851,0.889763779527559,0.952755905511811,4.450789668426687
lora_rows,20261001,heldout,ioi_14131,0.0,0.0,0.0,0.7874015748031497,0.7440944881889764,0.8307086614173228,4.449120192512451
lora_rows,20261001,heldout,ioi_28262,0.0,0.0,0.0,0.7165354330708661,0.6732283464566929,0.7598425196850394,4.449562791989961
lora_rows,20261001,heldout,random_1413_0,0.0,0.0,0.0,1.0,1.0,1.0,4.454690307660108
lora_rows,20261001,heldout,random_1413_1,0.0,0.0,0.0,1.0,1.0,1.0,4.454004424438825
lora_rows,20261001,heldout,random_1413_2,0.0,0.0,0.0,1.0,1.0,1.0,4.45671813230031
lora_rows,20261001,heldout,random_2826_0,0.0,0.0,0.0,1.0,1.0,1.0,4.452363971971701
lora_rows,20261001,heldout,random_2826_1,0.0,0.0,0.0,1.0,1.0,1.0,4.4561725020153045
lora_rows,20261001,heldout,random_2826_2,0.0,0.0,0.0,1.0,1.0,1.0,4.455066886811802
lora_rows,20261001,heldout,random_5652_0,0.0,0.0,0.0,1.0,1.0,1.0,4.454470465571195
lora_rows,20261001,heldout,random_5652_1,0.0,0.0,0.0,1.0,1.0,1.0,4.454266739222012
lora_rows,20261001,heldout,random_5652_2,0.0,0.0,0.0,1.0,1.0,1.0,4.457183466605747
lora_rows,20261001,heldout,random_14131_0,0.0,0.0,0.0,1.0,1.0,1.0,4.4510143971134015
lora_rows,20261001,heldout,random_14131_1,0.0,0.0,0.0,1.0,1.0,1.0,4.457119214398933
lora_rows,20261001,heldout,random_14131_2,0.0,0.0,0.0,1.0,1.0,1.0,4.4475260939436225
lora_rows,20261001,heldout,random_28262_0,0.0,0.0,0.0,1.0,1.0,1.0,4.45742624283561
lora_rows,20261001,heldout,random_28262_1,0.0,0.0,0.0,0.9960629921259843,0.9881889763779528,1.0,4.454724135495033
lora_rows,20261001,heldout,random_28262_2,0.0,0.0,0.0,1.0,1.0,1.0,4.446276885327253
lora_rows,20261001,heldout,matched_sva_5652_0,0.0,0.0,0.0,1.0,1.0,1.0,4.4482720263933295
lora_rows,20261001,heldout,matched_sva_5652_1,0.0,0.0,0.0,1.0,1.0,1.0,4.447226632512427
lora_rows,20261001,heldout,matched_sva_5652_2,0.0,0.0,0.0,1.0,1.0,1.0,4.450160178051901
lora_rows,20261001,heldout,matched_sva_14131_0,0.0,0.0,0.0,0.9960629921259843,0.9881889763779528,1.0,4.446719441355041
lora_rows,20261001,heldout,matched_sva_14131_1,0.0,0.0,0.0,1.0,1.0,1.0,4.447402075623866
lora_rows,20261001,heldout,matched_sva_14131_2,0.0,0.0,0.0,0.9960629921259843,0.9881889763779528,1.0,4.44035874498377
lora_rows,20261001,heldout,cross_seed_sva_5652,0.04716981132075472,0.018867924528301886,0.07547169811320754,1.0,1.0,1.0,4.4504238028130745
lora_rows,20261001,heldout,cross_seed_sva_14131,0.22169811320754718,0.16981132075471697,0.27358490566037735,0.9960629921259843,0.9881889763779528,1.0,4.447544100960498
lora_rows,20261001,heldout,global_best,0.0,0.0,0.0,0.9881889763779528,0.9724409448818898,1.0,4.4485328763427345
lora_rows,20261001,heldout,global_match,0.24528301886792453,0.19811320754716982,0.29245283018867924,0.9763779527559056,0.9566929133858267,0.9921259842519685,4.472396564093319
lora_rows,20261001,transfer,base,0.9947916666666666,0.984375,1.0,0.40625,0.3645833333333333,0.4427083333333333,4.339113135789098
lora_rows,20261001,transfer,adapted,0.0,0.0,0.0,1.0,1.0,1.0,4.186816333620245
lora_rows,20261001,transfer,sva_1413,0.15625,0.109375,0.203125,1.0,1.0,1.0,4.186646373294661
lora_rows,20261001,transfer,sva_2826,0.3229166666666667,0.2760416666666667,0.3697916666666667,1.0,1.0,1.0,4.1851604952970805
lora_rows,20261001,transfer,sva_5652,0.3958333333333333,0.3541666666666667,0.4375,1.0,1.0,1.0,4.185272007546755
lora_rows,20261001,transfer,sva_14131,0.8177083333333334,0.765625,0.8697916666666666,1.0,1.0,1.0,4.188825220048258
lora_rows,20261001,transfer,sva_28262,0.9322916666666666,0.890625,0.96875,1.0,1.0,1.0,4.1905587613891635
lora_rows,20261001,transfer,ioi_1413,0.005208333333333333,0.0,0.015625,1.0,1.0,1.0,4.18200904647227
lora_rows,20261001,transfer,ioi_2826,0.010416666666666666,0.0,0.026041666666666668,0.984375,0.9635416666666666,1.0,4.18478852113229
lora_rows,20261001,transfer,ioi_5652,0.010416666666666666,0.0,0.026041666666666668,0.9010416666666666,0.859375,0.9375,4.183117565821546
lora_rows,20261001,transfer,ioi_14131,0.046875,0.020833333333333332,0.078125,0.7760416666666666,0.7239583333333334,0.8229166666666666,4.18505050390987
lora_rows,20261001,transfer,ioi_28262,0.046875,0.020833333333333332,0.078125,0.75,0.6979166666666666,0.796875,4.185470265345507
lora_rows,20261001,transfer,random_1413_0,0.0,0.0,0.0,1.0,1.0,1.0,4.185556686642496
lora_rows,20261001,transfer,random_1413_1,0.0,0.0,0.0,1.0,1.0,1.0,4.184186899768132
lora_rows,20261001,transfer,random_1413_2,0.0,0.0,0.0,1.0,1.0,1.0,4.187448884525872
lora_rows,20261001,transfer,random_2826_0,0.005208333333333333,0.0,0.015625,1.0,1.0,1.0,4.190979556998266
lora_rows,20261001,transfer,random_2826_1,0.0,0.0,0.0,1.0,1.0,1.0,4.186120672444389
lora_rows,20261001,transfer,random_2826_2,0.0,0.0,0.0,1.0,1.0,1.0,4.190043983658155
lora_rows,20261001,transfer,random_5652_0,0.005208333333333333,0.0,0.015625,1.0,1.0,1.0,4.189492706474424
lora_rows,20261001,transfer,random_5652_1,0.0,0.0,0.0,1.0,1.0,1.0,4.192644935249012
lora_rows,20261001,transfer,random_5652_2,0.005208333333333333,0.0,0.015625,1.0,1.0,1.0,4.191465759857303
lora_rows,20261001,transfer,random_14131_0,0.010416666666666666,0.0,0.026041666666666668,1.0,1.0,1.0,4.193869701568037
lora_rows,20261001,transfer,random_14131_1,0.010416666666666666,0.0,0.026041666666666668,1.0,1.0,1.0,4.190637238270349
lora_rows,20261001,transfer,random_14131_2,0.010416666666666666,0.0,0.026041666666666668,1.0,1.0,1.0,4.1894605029581795
lora_rows,20261001,transfer,random_28262_0,0.015625,0.0,0.036458333333333336,1.0,1.0,1.0,4.202654040761462
lora_rows,20261001,transfer,random_28262_1,0.015625,0.0,0.036458333333333336,1.0,1.0,1.0,4.19848662174081
lora_rows,20261001,transfer,random_28262_2,0.020833333333333332,0.005208333333333333,0.041666666666666664,1.0,1.0,1.0,4.196286841286487
lora_rows,20261001,transfer,matched_sva_5652_0,0.020833333333333332,0.005208333333333333,0.046875,1.0,1.0,1.0,4.189072298824251
lora_rows,20261001,transfer,matched_sva_5652_1,0.036458333333333336,0.010416666666666666,0.06770833333333333,1.0,1.0,1.0,4.18835642458109
lora_rows,20261001,transfer,matched_sva_5652_2,0.046875,0.020833333333333332,0.078125,1.0,1.0,1.0,4.18921858831464
lora_rows,20261001,transfer,matched_sva_14131_0,0.09375,0.052083333333333336,0.13541666666666666,1.0,1.0,1.0,4.189857360990577
lora_rows,20261001,transfer,matched_sva_14131_1,0.057291666666666664,0.026041666666666668,0.09375,1.0,1.0,1.0,4.200099173136564
lora_rows,20261001,transfer,matched_sva_14131_2,0.08854166666666667,0.052083333333333336,0.13020833333333334,1.0,1.0,1.0,4.194760015470992
lora_rows,20261001,transfer,cross_seed_sva_5652,0.328125,0.28125,0.375,1.0,1.0,1.0,4.176985450364706
lora_rows,20261001,transfer,cross_seed_sva_14131,0.4895833333333333,0.4322916666666667,0.5416666666666666,1.0,1.0,1.0,4.186494955040204
lora_rows,20261001,transfer,global_best,0.07291666666666667,0.041666666666666664,0.109375,1.0,1.0,1.0,4.208860431048511
lora_rows,20261001,transfer,global_match,0.4635416666666667,0.4010416666666667,0.5208333333333334,0.8854166666666666,0.84375,0.921875,4.255316512624056
lora_rows,20261001,confirmation,base,0.9765625,0.95703125,0.9921875,0.4921875,0.4609375,0.5234375,3.87269011594953
lora_rows,20261001,confirmation,adapted,0.0,0.0,0.0,1.0,1.0,1.0,3.7590081884741298
lora_rows,20261001,confirmation,sva_1413,0.0,0.0,0.0,1.0,1.0,1.0,3.746421329623065
lora_rows,20261001,confirmation,sva_2826,0.03125,0.01171875,0.0546875,1.0,1.0,1.0,3.7412173027701585
lora_rows,20261001,confirmation,sva_5652,0.2265625,0.18359375,0.26953125,1.0,1.0,1.0,3.738894075353883
lora_rows,20261001,confirmation,sva_14131,0.52734375,0.48046875,0.578125,1.0,1.0,1.0,3.7360711352051705
lora_rows,20261001,confirmation,sva_28262,0.65234375,0.6015625,0.703125,1.0,1.0,1.0,3.7414241759132385
lora_rows,20261001,confirmation,ioi_1413,0.0,0.0,0.0,1.0,1.0,1.0,3.7619558928951187
lora_rows,20261001,confirmation,ioi_2826,0.0,0.0,0.0,0.9921875,0.98046875,1.0,3.7624986358193886
lora_rows,20261001,confirmation,ioi_5652,0.0,0.0,0.0,0.91015625,0.875,0.94140625,3.7607627215335304
lora_rows,20261001,confirmation,ioi_14131,0.0,0.0,0.0,0.80078125,0.7578125,0.84375,3.7630774522197354
lora_rows,20261001,confirmation,ioi_28262,0.0,0.0,0.0,0.7578125,0.71484375,0.80078125,3.7612648517428036
lora_rows,20261001,confirmation,random_1413_0,0.0,0.0,0.0,1.0,1.0,1.0,3.759539933251159
lora_rows,20261001,confirmation,random_1413_1,0.0,0.0,0.0,1.0,1.0,1.0,3.755768766400209
lora_rows,20261001,confirmation,random_1413_2,0.0,0.0,0.0,1.0,1.0,1.0,3.757649926289651
lora_rows,20261001,confirmation,random_2826_0,0.0,0.0,0.0,1.0,1.0,1.0,3.761428678296736
lora_rows,20261001,confirmation,random_2826_1,0.0,0.0,0.0,1.0,1.0,1.0,3.7571256521902403
lora_rows,20261001,confirmation,random_2826_2,0.0,0.0,0.0,1.0,1.0,1.0,3.7566077374715223
lora_rows,20261001,confirmation,random_5652_0,0.0,0.0,0.0,1.0,1.0,1.0,3.755635084631209
lora_rows,20261001,confirmation,random_5652_1,0.0,0.0,0.0,1.0,1.0,1.0,3.7603175253250902
lora_rows,20261001,confirmation,random_5652_2,0.0,0.0,0.0,1.0,1.0,1.0,3.756591247968709
lora_rows,20261001,confirmation,random_14131_0,0.0,0.0,0.0,1.0,1.0,1.0,3.7612182915248096
lora_rows,20261001,confirmation,random_14131_1,0.0,0.0,0.0,1.0,1.0,1.0,3.7537535411748393
lora_rows,20261001,confirmation,random_14131_2,0.0,0.0,0.0,1.0,1.0,1.0,3.7593782357842787
lora_rows,20261001,confirmation,random_28262_0,0.0,0.0,0.0,1.0,1.0,1.0,3.756202801676858
lora_rows,20261001,confirmation,random_28262_1,0.0,0.0,0.0,1.0,1.0,1.0,3.7656347403432138
lora_rows,20261001,confirmation,random_28262_2,0.0,0.0,0.0,1.0,1.0,1.0,3.764218281674268
lora_rows,20261001,confirmation,matched_sva_5652_0,0.0,0.0,0.0,1.0,1.0,1.0,3.7509333064170254
lora_rows,20261001,confirmation,matched_sva_5652_1,0.0,0.0,0.0,1.0,1.0,1.0,3.7478077610612583
lora_rows,20261001,confirmation,matched_sva_5652_2,0.0,0.0,0.0,1.0,1.0,1.0,3.7582070113955943
lora_rows,20261001,confirmation,matched_sva_14131_0,0.0,0.0,0.0,1.0,1.0,1.0,3.7517102957907262
lora_rows,20261001,confirmation,matched_sva_14131_1,0.0,0.0,0.0,1.0,1.0,1.0,3.7545231890979647
lora_rows,20261001,confirmation,matched_sva_14131_2,0.0,0.0,0.0,1.0,1.0,1.0,3.745751321119153
lora_rows,20261001,confirmation,cross_seed_sva_5652,0.015625,0.00390625,0.03125,1.0,1.0,1.0,3.737123112001077
lora_rows,20261001,confirmation,cross_seed_sva_14131,0.2421875,0.1953125,0.296875,1.0,1.0,1.0,3.737555631166784
lora_rows,20261001,confirmation,global_best,0.0,0.0,0.0,1.0,1.0,1.0,3.7626695737096103
lora_rows,20261001,confirmation,global_match,0.25,0.20703125,0.296875,0.984375,0.96865234375,0.99609375,3.7913133566293657
lora_rows,20261001,hard_transfer,base,1.0,1.0,1.0,0.57421875,0.53515625,0.61328125,3.8109560965783333
lora_rows,20261001,hard_transfer,adapted,0.0,0.0,0.0,0.86328125,0.82412109375,0.90234375,3.8334344373414804
lora_rows,20261001,hard_transfer,sva_1413,0.2265625,0.18349609375,0.26953125,0.86328125,0.82421875,0.8984375,3.8202694097508423
lora_rows,20261001,hard_transfer,sva_2826,0.4140625,0.37890625,0.44921875,0.8671875,0.82421875,0.90234375,3.820162930722829
lora_rows,20261001,hard_transfer,sva_5652,0.703125,0.65234375,0.7540039062499995,0.8671875,0.828125,0.90234375,3.816415548481781
lora_rows,20261001,hard_transfer,sva_14131,0.9375,0.90625,0.96484375,0.87890625,0.83984375,0.9140625,3.8101099171125417
lora_rows,20261001,hard_transfer,sva_28262,0.94921875,0.921875,0.97265625,0.89453125,0.85927734375,0.9296875,3.8119871945507033
lora_rows,20261001,hard_transfer,ioi_1413,0.0,0.0,0.0,0.86328125,0.8203125,0.8984375,3.830925298153394
lora_rows,20261001,hard_transfer,ioi_2826,0.0,0.0,0.0,0.8671875,0.828125,0.90234375,3.8297414432014483
lora_rows,20261001,hard_transfer,ioi_5652,0.0078125,0.0,0.01953125,0.82421875,0.78125,0.86328125,3.8291701454282605
lora_rows,20261001,hard_transfer,ioi_14131,0.0234375,0.0078125,0.04296875,0.796875,0.75380859375,0.83984375,3.8230740561895074
lora_rows,20261001,hard_transfer,ioi_28262,0.0390625,0.015625,0.0625,0.8046875,0.76162109375,0.84765625,3.817528195944192
lora_rows,20261001,hard_transfer,random_1413_0,0.0,0.0,0.0,0.8671875,0.828125,0.90234375,3.8277658772733854
lora_rows,20261001,hard_transfer,random_1413_1,0.0,0.0,0.0,0.86328125,0.82412109375,0.90234375,3.8284121274307483
lora_rows,20261001,hard_transfer,random_1413_2,0.0,0.0,0.0,0.8671875,0.82421875,0.90234375,3.8303412223525455
lora_rows,20261001,hard_transfer,random_2826_0,0.0,0.0,0.0,0.875,0.8359375,0.91015625,3.830714764632566
lora_rows,20261001,hard_transfer,random_2826_1,0.0,0.0,0.0,0.875,0.8359375,0.91015625,3.8295607170973427
lora_rows,20261001,hard_transfer,random_2826_2,0.0,0.0,0.0,0.8671875,0.828125,0.90234375,3.832327252345611
lora_rows,20261001,hard_transfer,random_5652_0,0.0,0.0,0.0,0.87109375,0.83203125,0.90625,3.8285486406528135
lora_rows,20261001,hard_transfer,random_5652_1,0.0,0.0,0.0,0.875,0.8359375,0.91015625,3.831275041789438
lora_rows,20261001,hard_transfer,random_5652_2,0.0,0.0,0.0,0.87109375,0.83203125,0.90625,3.8273133541843993
lora_rows,20261001,hard_transfer,random_14131_0,0.0,0.0,0.0,0.8828125,0.84375,0.91796875,3.820369101003885
lora_rows,20261001,hard_transfer,random_14131_1,0.00390625,0.0,0.01171875,0.875,0.8359375,0.91015625,3.8168237726376244
lora_rows,20261001,hard_transfer,random_14131_2,0.00390625,0.0,0.01171875,0.87890625,0.83984375,0.9140625,3.8127735676881715
lora_rows,20261001,hard_transfer,random_28262_0,0.01171875,0.0,0.02734375,0.8828125,0.84375,0.91796875,3.8080521321070924
lora_rows,20261001,hard_transfer,random_28262_1,0.01171875,0.0,0.02734375,0.89453125,0.859375,0.9296875,3.80012110875863
lora_rows,20261001,hard_transfer,random_28262_2,0.01171875,0.0,0.02734375,0.87890625,0.83984375,0.9140625,3.8100148211422407
lora_rows,20261001,hard_transfer,matched_sva_5652_0,0.0234375,0.0078125,0.04296875,0.8828125,0.84375,0.91796875,3.816939296881301
lora_rows,20261001,hard_transfer,matched_sva_5652_1,0.015625,0.00390625,0.03125,0.875,0.8359375,0.91015625,3.8121776638493285
lora_rows,20261001,hard_transfer,matched_sva_5652_2,0.0390625,0.015625,0.0625,0.89453125,0.859375,0.9296875,3.8212505533867933
lora_rows,20261001,hard_transfer,matched_sva_14131_0,0.09375,0.0625,0.12890625,0.8984375,0.86328125,0.93359375,3.8056938126014375
lora_rows,20261001,hard_transfer,matched_sva_14131_1,0.05859375,0.03125,0.0859375,0.88671875,0.84765625,0.921875,3.8065026498825825
lora_rows,20261001,hard_transfer,matched_sva_14131_2,0.0703125,0.042871093750000006,0.1015625,0.8984375,0.86328125,0.93359375,3.8049974568318015
lora_rows,20261001,hard_transfer,cross_seed_sva_5652,0.5,0.44921875,0.55078125,0.8828125,0.84375,0.91796875,3.8120318981116132
lora_rows,20261001,hard_transfer,cross_seed_sva_14131,0.828125,0.78515625,0.87109375,0.89453125,0.859375,0.9296875,3.800207522633401
lora_rows,20261001,hard_transfer,global_best,0.08203125,0.05078125,0.1171875,0.91015625,0.875,0.94140625,3.7928881395644876
lora_rows,20261001,hard_transfer,global_match,0.71484375,0.671875,0.7578125,0.9140625,0.87890625,0.9453125,3.7809759982776914
lora_rows,20261002,heldout,base,0.9764150943396226,0.9574292452830189,0.9952830188679245,0.4566929133858268,0.4251968503937008,0.4881889763779528,4.548658125398867
lora_rows,20261002,heldout,adapted,0.0,0.0,0.0,1.0,1.0,1.0,4.414135187062017
lora_rows,20261002,heldout,sva_1413,0.06132075471698113,0.0330188679245283,0.09433962264150944,1.0,1.0,1.0,4.404056228299669
lora_rows,20261002,heldout,sva_2826,0.16037735849056603,0.11320754716981132,0.21226415094339623,1.0,1.0,1.0,4.404550648222768
lora_rows,20261002,heldout,sva_5652,0.32547169811320753,0.2688679245283019,0.38207547169811323,1.0,1.0,1.0,4.40570660398759
lora_rows,20261002,heldout,sva_14131,0.5235849056603774,0.4716981132075472,0.5754716981132075,1.0,1.0,1.0,4.401253902001088
lora_rows,20261002,heldout,sva_28262,0.5849056603773585,0.5330188679245284,0.6367924528301887,1.0,1.0,1.0,4.3989446135112535
lora_rows,20261002,heldout,ioi_1413,0.0,0.0,0.0,1.0,1.0,1.0,4.407322744645416
lora_rows,20261002,heldout,ioi_2826,0.0,0.0,0.0,0.9881889763779528,0.9724409448818898,1.0,4.405265444944801
lora_rows,20261002,heldout,ioi_5652,0.0,0.0,0.0,0.9448818897637795,0.9173228346456693,0.968503937007874,4.40311755299429
lora_rows,20261002,heldout,ioi_14131,0.0,0.0,0.0,0.8346456692913385,0.7913385826771654,0.8740157480314961,4.397725457096449
lora_rows,20261002,heldout,ioi_28262,0.0,0.0,0.0,0.7913385826771654,0.7480314960629921,0.8346456692913385,4.395985400011508
lora_rows,20261002,heldout,random_1413_0,0.0,0.0,0.0,1.0,1.0,1.0,4.409826985889635
lora_rows,20261002,heldout,random_1413_1,0.0,0.0,0.0,1.0,1.0,1.0,4.412220531534448
lora_rows,20261002,heldout,random_1413_2,0.0,0.0,0.0,1.0,1.0,1.0,4.412400276315783
lora_rows,20261002,heldout,random_2826_0,0.0,0.0,0.0,1.0,1.0,1.0,4.40930145242885
lora_rows,20261002,heldout,random_2826_1,0.0,0.0,0.0,1.0,1.0,1.0,4.4116737571139355
lora_rows,20261002,heldout,random_2826_2,0.0,0.0,0.0,1.0,1.0,1.0,4.410773881782158
lora_rows,20261002,heldout,random_5652_0,0.0,0.0,0.0,1.0,1.0,1.0,4.410778079840639
lora_rows,20261002,heldout,random_5652_1,0.0,0.0,0.0,1.0,1.0,1.0,4.410974389796598
lora_rows,20261002,heldout,random_5652_2,0.0,0.0,0.0,1.0,1.0,1.0,4.399750956063904
lora_rows,20261002,heldout,random_14131_0,0.0,0.0,0.0,1.0,1.0,1.0,4.40204225204624
lora_rows,20261002,heldout,random_14131_1,0.0,0.0,0.0,1.0,1.0,1.0,4.40046690013683
lora_rows,20261002,heldout,random_14131_2,0.0,0.0,0.0,1.0,1.0,1.0,4.408043305264281
lora_rows,20261002,heldout,random_28262_0,0.0,0.0,0.0,1.0,1.0,1.0,4.395201144781249
lora_rows,20261002,heldout,random_28262_1,0.0,0.0,0.0,1.0,1.0,1.0,4.401312492557783
lora_rows,20261002,heldout,random_28262_2,0.0,0.0,0.0,1.0,1.0,1.0,4.39837065149916
lora_rows,20261002,heldout,matched_sva_5652_0,0.0,0.0,0.0,1.0,1.0,1.0,4.403113123209102
lora_rows,20261002,heldout,matched_sva_5652_1,0.0047169811320754715,0.0,0.014150943396226415,1.0,1.0,1.0,4.400210920359113
lora_rows,20261002,heldout,matched_sva_5652_2,0.0047169811320754715,0.0,0.014150943396226415,1.0,1.0,1.0,4.403057713736903
lora_rows,20261002,heldout,matched_sva_14131_0,0.0047169811320754715,0.0,0.014150943396226415,1.0,1.0,1.0,4.390878470242635
lora_rows,20261002,heldout,matched_sva_14131_1,0.009433962264150943,0.0,0.02358490566037736,1.0,1.0,1.0,4.389195918209932
lora_rows,20261002,heldout,matched_sva_14131_2,0.0047169811320754715,0.0,0.014150943396226415,1.0,1.0,1.0,4.391407678208961
lora_rows,20261002,heldout,cross_seed_sva_5652,0.18396226415094338,0.1320754716981132,0.2358490566037736,1.0,1.0,1.0,4.393967814375056
lora_rows,20261002,heldout,cross_seed_sva_14131,0.3018867924528302,0.24528301886792453,0.3632075471698113,1.0,1.0,1.0,4.391579109509168
lora_rows,20261002,heldout,global_best,0.6179245283018868,0.5518867924528302,0.6792452830188679,0.9724409448818898,0.952755905511811,0.9921259842519685,4.435033296858118
lora_rows,20261002,heldout,global_match,0.18867924528301888,0.14150943396226415,0.2358490566037736,0.9921259842519685,0.9803149606299213,1.0,4.409814312880136
lora_rows,20261002,transfer,base,0.9947916666666666,0.984375,1.0,0.40625,0.3645833333333333,0.4427083333333333,4.339113135789098
lora_rows,20261002,transfer,adapted,0.0,0.0,0.0,1.0,1.0,1.0,3.9668976702758423
lora_rows,20261002,transfer,sva_1413,0.052083333333333336,0.020833333333333332,0.08333333333333333,1.0,1.0,1.0,3.9638737873052894
lora_rows,20261002,transfer,sva_2826,0.19791666666666666,0.14583333333333334,0.2552083333333333,1.0,1.0,1.0,3.9653549351579875
lora_rows,20261002,transfer,sva_5652,0.4895833333333333,0.4375,0.5416666666666666,1.0,1.0,1.0,3.974360707606979
lora_rows,20261002,transfer,sva_14131,0.859375,0.8177083333333334,0.90625,1.0,1.0,1.0,3.980067320214725
lora_rows,20261002,transfer,sva_28262,0.9114583333333334,0.875,0.9479166666666666,1.0,1.0,1.0,3.9838162238829566
lora_rows,20261002,transfer,ioi_1413,0.0,0.0,0.0,1.0,1.0,1.0,3.963283989143727
lora_rows,20261002,transfer,ioi_2826,0.0,0.0,0.0,0.9947916666666666,0.984375,1.0,3.9663912057516755
lora_rows,20261002,transfer,ioi_5652,0.0,0.0,0.0,0.8958333333333334,0.8541666666666666,0.9322916666666666,3.964853375596559
lora_rows,20261002,transfer,ioi_14131,0.0,0.0,0.0,0.7708333333333334,0.71875,0.8229166666666666,3.9758799626202688
lora_rows,20261002,transfer,ioi_28262,0.005208333333333333,0.0,0.015625,0.75,0.6979166666666666,0.8020833333333334,3.974218354391527
lora_rows,20261002,transfer,random_1413_0,0.0,0.0,0.0,1.0,1.0,1.0,3.967546783355065
lora_rows,20261002,transfer,random_1413_1,0.0,0.0,0.0,1.0,1.0,1.0,3.9700552027448164
lora_rows,20261002,transfer,random_1413_2,0.0,0.0,0.0,1.0,1.0,1.0,3.9623089688576076
lora_rows,20261002,transfer,random_2826_0,0.0,0.0,0.0,1.0,1.0,1.0,3.963974239411341
lora_rows,20261002,transfer,random_2826_1,0.0,0.0,0.0,1.0,1.0,1.0,3.9680998968680137
lora_rows,20261002,transfer,random_2826_2,0.0,0.0,0.0,1.0,1.0,1.0,3.96751792624748
lora_rows,20261002,transfer,random_5652_0,0.0,0.0,0.0,1.0,1.0,1.0,3.968613636129903
lora_rows,20261002,transfer,random_5652_1,0.0,0.0,0.0,1.0,1.0,1.0,3.9690097330276375
lora_rows,20261002,transfer,random_5652_2,0.0,0.0,0.0,1.0,1.0,1.0,3.9738756389223098
lora_rows,20261002,transfer,random_14131_0,0.0,0.0,0.0,1.0,1.0,1.0,3.9783222809948984
lora_rows,20261002,transfer,random_14131_1,0.0,0.0,0.0,1.0,1.0,1.0,3.9691193481297655
lora_rows,20261002,transfer,random_14131_2,0.0,0.0,0.0,1.0,1.0,1.0,3.961027674020663
lora_rows,20261002,transfer,random_28262_0,0.0,0.0,0.0,1.0,1.0,1.0,3.968128022949183
lora_rows,20261002,transfer,random_28262_1,0.0,0.0,0.0,1.0,1.0,1.0,3.982651521329853
lora_rows,20261002,transfer,random_28262_2,0.0,0.0,0.0,1.0,1.0,1.0,3.9937920183356796
lora_rows,20261002,transfer,matched_sva_5652_0,0.0,0.0,0.0,1.0,1.0,1.0,3.967817654351168
lora_rows,20261002,transfer,matched_sva_5652_1,0.0,0.0,0.0,1.0,1.0,1.0,3.9832681958278586
lora_rows,20261002,transfer,matched_sva_5652_2,0.005208333333333333,0.0,0.015625,1.0,1.0,1.0,3.9742531065422706
lora_rows,20261002,transfer,matched_sva_14131_0,0.0,0.0,0.0,1.0,1.0,1.0,3.9875236675366192
lora_rows,20261002,transfer,matched_sva_14131_1,0.005208333333333333,0.0,0.015625,1.0,1.0,1.0,3.984647263489297
lora_rows,20261002,transfer,matched_sva_14131_2,0.010416666666666666,0.0,0.026041666666666668,1.0,1.0,1.0,3.9677751229384524
lora_rows,20261002,transfer,cross_seed_sva_5652,0.19270833333333334,0.140625,0.24479166666666666,1.0,1.0,1.0,3.961929573723764
lora_rows,20261002,transfer,cross_seed_sva_14131,0.453125,0.40625,0.5,1.0,1.0,1.0,3.9817873001184707
lora_rows,20261002,transfer,global_best,0.8697916666666666,0.8229166666666666,0.9166666666666666,0.8072916666666666,0.7552083333333334,0.8541666666666666,4.174611245038721
lora_rows,20261002,transfer,global_match,0.546875,0.484375,0.609375,0.9114583333333334,0.875,0.9479166666666666,4.122440692011944
lora_rows,20261002,confirmation,base,0.9765625,0.95703125,0.9921875,0.4921875,0.4609375,0.5234375,3.87269011594953
lora_rows,20261002,confirmation,adapted,0.00390625,0.0,0.01171875,1.0,1.0,1.0,3.657185403831205
lora_rows,20261002,confirmation,sva_1413,0.05859375,0.03125,0.0859375,1.0,1.0,1.0,3.641721182196102
lora_rows,20261002,confirmation,sva_2826,0.1796875,0.13671875,0.22265625,1.0,1.0,1.0,3.643425115560078
lora_rows,20261002,confirmation,sva_5652,0.36328125,0.30859375,0.41015625,1.0,1.0,1.0,3.6477392369474533
lora_rows,20261002,confirmation,sva_14131,0.609375,0.5625,0.65234375,1.0,1.0,1.0,3.647139294833135
lora_rows,20261002,confirmation,sva_28262,0.6484375,0.6015625,0.6953125,1.0,1.0,1.0,3.6546346575783475
lora_rows,20261002,confirmation,ioi_1413,0.00390625,0.0,0.01171875,1.0,1.0,1.0,3.6580843675026475
lora_rows,20261002,confirmation,ioi_2826,0.00390625,0.0,0.01171875,0.98828125,0.97265625,1.0,3.65594832979913
lora_rows,20261002,confirmation,ioi_5652,0.00390625,0.0,0.01171875,0.95703125,0.93359375,0.98046875,3.655406392927937
lora_rows,20261002,confirmation,ioi_14131,0.00390625,0.0,0.01171875,0.8671875,0.828125,0.9024414062499995,3.6579266596614257
lora_rows,20261002,confirmation,ioi_28262,0.00390625,0.0,0.01171875,0.83984375,0.80078125,0.8828125,3.656773843199021
lora_rows,20261002,confirmation,random_1413_0,0.00390625,0.0,0.01171875,1.0,1.0,1.0,3.662416798728777
lora_rows,20261002,confirmation,random_1413_1,0.00390625,0.0,0.01171875,1.0,1.0,1.0,3.6579207958376183
lora_rows,20261002,confirmation,random_1413_2,0.00390625,0.0,0.01171875,1.0,1.0,1.0,3.6574000271801825
lora_rows,20261002,confirmation,random_2826_0,0.00390625,0.0,0.01171875,1.0,1.0,1.0,3.660750024813446
lora_rows,20261002,confirmation,random_2826_1,0.00390625,0.0,0.01171875,1.0,1.0,1.0,3.6635873599312796
lora_rows,20261002,confirmation,random_2826_2,0.00390625,0.0,0.01171875,1.0,1.0,1.0,3.6584412568645486
lora_rows,20261002,confirmation,random_5652_0,0.00390625,0.0,0.01171875,1.0,1.0,1.0,3.658611754710171
lora_rows,20261002,confirmation,random_5652_1,0.00390625,0.0,0.01171875,1.0,1.0,1.0,3.6586420765372254
lora_rows,20261002,confirmation,random_5652_2,0.00390625,0.0,0.01171875,1.0,1.0,1.0,3.654961180661943
lora_rows,20261002,confirmation,random_14131_0,0.00390625,0.0,0.01171875,1.0,1.0,1.0,3.648718883723946
lora_rows,20261002,confirmation,random_14131_1,0.00390625,0.0,0.01171875,1.0,1.0,1.0,3.6594782229185236
lora_rows,20261002,confirmation,random_14131_2,0.00390625,0.0,0.01171875,1.0,1.0,1.0,3.652482516860394
lora_rows,20261002,confirmation,random_28262_0,0.00390625,0.0,0.01171875,1.0,1.0,1.0,3.651552388556359
lora_rows,20261002,confirmation,random_28262_1,0.00390625,0.0,0.01171875,1.0,1.0,1.0,3.6653580402676593
lora_rows,20261002,confirmation,random_28262_2,0.00390625,0.0,0.01171875,1.0,1.0,1.0,3.6441977419822913
lora_rows,20261002,confirmation,matched_sva_5652_0,0.00390625,0.0,0.01171875,1.0,1.0,1.0,3.653752669422272
lora_rows,20261002,confirmation,matched_sva_5652_1,0.00390625,0.0,0.01171875,1.0,1.0,1.0,3.652177367664954
lora_rows,20261002,confirmation,matched_sva_5652_2,0.00390625,0.0,0.01171875,1.0,1.0,1.0,3.660006766323213
lora_rows,20261002,confirmation,matched_sva_14131_0,0.00390625,0.0,0.01171875,1.0,1.0,1.0,3.6605351712071785
lora_rows,20261002,confirmation,matched_sva_14131_1,0.00390625,0.0,0.01171875,1.0,1.0,1.0,3.6386358470431777
lora_rows,20261002,confirmation,matched_sva_14131_2,0.00390625,0.0,0.01171875,1.0,1.0,1.0,3.649058573053615
lora_rows,20261002,confirmation,cross_seed_sva_5652,0.19140625,0.14453125,0.23828125,1.0,1.0,1.0,3.6455867326798286
lora_rows,20261002,confirmation,cross_seed_sva_14131,0.34375,0.29287109375,0.390625,1.0,1.0,1.0,3.6503785814536607
lora_rows,20261002,confirmation,global_best,0.63671875,0.58203125,0.6875,0.97265625,0.95302734375,0.98828125,3.754266565316644
lora_rows,20261002,confirmation,global_match,0.2421875,0.19921875,0.2890625,1.0,1.0,1.0,3.725586961240243
lora_rows,20261002,hard_transfer,base,1.0,1.0,1.0,0.57421875,0.53515625,0.61328125,3.8109560965783333
lora_rows,20261002,hard_transfer,adapted,0.01171875,0.0,0.02734375,0.82421875,0.78125,0.8633789062499995,3.7180598880174207
lora_rows,20261002,hard_transfer,sva_1413,0.30859375,0.26171875,0.35546875,0.82421875,0.78125,0.8633789062499995,3.706883322006501
lora_rows,20261002,hard_transfer,sva_2826,0.58203125,0.515625,0.6484375,0.82421875,0.78125,0.8633789062499995,3.702001716301099
lora_rows,20261002,hard_transfer,sva_5652,0.82421875,0.77734375,0.87109375,0.82421875,0.78125,0.8633789062499995,3.697399722904348
lora_rows,20261002,hard_transfer,sva_14131,0.9296875,0.8984375,0.95703125,0.82421875,0.78125,0.8633789062499995,3.6964235614070837
lora_rows,20261002,hard_transfer,sva_28262,0.94140625,0.91015625,0.96875,0.82421875,0.78125,0.8633789062499995,3.7001474945843356
lora_rows,20261002,hard_transfer,ioi_1413,0.015625,0.00390625,0.03125,0.82421875,0.78125,0.8633789062499995,3.7207148994086303
lora_rows,20261002,hard_transfer,ioi_2826,0.02734375,0.0078125,0.046875,0.828125,0.78515625,0.8671875,3.7178149461434358
lora_rows,20261002,hard_transfer,ioi_5652,0.02734375,0.0078125,0.046875,0.78515625,0.7421875,0.828125,3.7123119692356945
lora_rows,20261002,hard_transfer,ioi_14131,0.0390625,0.01953125,0.0625,0.74609375,0.703125,0.7890625,3.712717570674423
lora_rows,20261002,hard_transfer,ioi_28262,0.0546875,0.03125,0.08203125,0.74609375,0.703125,0.7890625,3.7112256655463893
lora_rows,20261002,hard_transfer,random_1413_0,0.01171875,0.0,0.02734375,0.82421875,0.78125,0.8633789062499995,3.7184934459900427
lora_rows,20261002,hard_transfer,random_1413_1,0.01171875,0.0,0.02734375,0.82421875,0.78125,0.8633789062499995,3.7180749182357222
lora_rows,20261002,hard_transfer,random_1413_2,0.01171875,0.0,0.02734375,0.82421875,0.78125,0.8633789062499995,3.716065029580512
lora_rows,20261002,hard_transfer,random_2826_0,0.01171875,0.0,0.02734375,0.82421875,0.78125,0.8633789062499995,3.713383339871159
lora_rows,20261002,hard_transfer,random_2826_1,0.01171875,0.0,0.02734375,0.82421875,0.78125,0.8633789062499995,3.7116061323892438
lora_rows,20261002,hard_transfer,random_2826_2,0.01171875,0.0,0.02734375,0.82421875,0.78125,0.8633789062499995,3.716241431926293
lora_rows,20261002,hard_transfer,random_5652_0,0.015625,0.00390625,0.03125,0.82421875,0.78125,0.8633789062499995,3.7125545510649682
lora_rows,20261002,hard_transfer,random_5652_1,0.01171875,0.0,0.02734375,0.82421875,0.78125,0.8633789062499995,3.715504051033252
lora_rows,20261002,hard_transfer,random_5652_2,0.01171875,0.0,0.02734375,0.82421875,0.78125,0.8633789062499995,3.7244154714970064
lora_rows,20261002,hard_transfer,random_14131_0,0.01171875,0.0,0.02734375,0.83984375,0.80078125,0.87890625,3.7072852876553823
lora_rows,20261002,hard_transfer,random_14131_1,0.0234375,0.0078125,0.04296875,0.82421875,0.78125,0.8633789062499995,3.7050482216154257
lora_rows,20261002,hard_transfer,random_14131_2,0.02734375,0.0078125,0.046875,0.82421875,0.78125,0.8633789062499995,3.7252108698077215
lora_rows,20261002,hard_transfer,random_28262_0,0.03515625,0.015625,0.05859375,0.84765625,0.80859375,0.88671875,3.700253105568417
lora_rows,20261002,hard_transfer,random_28262_1,0.03125,0.01171875,0.05078125,0.8359375,0.79296875,0.875,3.6900572407007157
lora_rows,20261002,hard_transfer,random_28262_2,0.04296875,0.0234375,0.06640625,0.83984375,0.80078125,0.87890625,3.692715628935504
lora_rows,20261002,hard_transfer,matched_sva_5652_0,0.046875,0.0234375,0.07421875,0.82421875,0.78125,0.8633789062499995,3.6940796251442625
lora_rows,20261002,hard_transfer,matched_sva_5652_1,0.0625,0.03515625,0.08984375,0.82421875,0.78125,0.8633789062499995,3.7116780801848366
lora_rows,20261002,hard_transfer,matched_sva_5652_2,0.07421875,0.046875,0.10546875,0.82421875,0.78125,0.8633789062499995,3.711236457093619
lora_rows,20261002,hard_transfer,matched_sva_14131_0,0.11328125,0.078125,0.14853515624999947,0.8515625,0.8125,0.890625,3.710566838366319
lora_rows,20261002,hard_transfer,matched_sva_14131_1,0.16796875,0.12890625,0.20703125,0.83984375,0.80078125,0.87890625,3.7071012700572754
lora_rows,20261002,hard_transfer,matched_sva_14131_2,0.1796875,0.14052734375,0.22265625,0.8359375,0.79296875,0.875,3.6999667178342737
lora_rows,20261002,hard_transfer,cross_seed_sva_5652,0.59765625,0.53515625,0.6640625,0.82421875,0.78125,0.8633789062499995,3.7004350846013137
lora_rows,20261002,hard_transfer,cross_seed_sva_14131,0.8046875,0.7578125,0.8515625,0.82421875,0.78125,0.8633789062499995,3.6970486315959983
lora_rows,20261002,hard_transfer,global_best,0.93359375,0.90615234375,0.9609375,0.87109375,0.83203125,0.90625,3.728144434405152
lora_rows,20261002,hard_transfer,global_match,0.765625,0.72265625,0.8125,0.91015625,0.875,0.94140625,3.70617050497962
