step,train/loss,train/lr,train/tokens_per_sec,train/tokens_seen_B,train/grad_norm,eval/nll
0,11.90625,0.0,172423.01131699287,0.000524288,1.0010584397826796,
10,11.875,4e-06,283210.0562200614,0.005767168,1.0034803276905402,
20,11.75,8e-06,303742.44679993397,0.011010048,1.0001153880388247,
30,11.234375,1.2e-05,313579.49497501407,0.016252928,1.0009876638286586,
40,10.5,1.6e-05,317619.17796588666,0.021495808,1.001180095420675,
50,9.859375,2e-05,320813.04467085534,0.026738688,0.995508585707143,
60,10.859375,2.4e-05,313472.87560007966,0.031981568,1.0026840300224034,
70,10.421875,2.8e-05,316632.0024261783,0.037224448,1.0018470629146587,
80,9.078125,3.2e-05,317429.9626566709,0.042467328,0.9974156422505215,
90,8.65625,3.6e-05,313401.52504117077,0.047710208,0.9988360484631825,
100,8.359375,4e-05,315645.4533007449,0.052953088,1.0003612677833884,
110,8.3125,4.4000000000000006e-05,317494.52112346794,0.058195968,1.0040948417143065,
120,7.7421875,4.8e-05,318578.2920933668,0.063438848,0.9982257303631468,
130,7.75,5.2000000000000004e-05,319945.5905965635,0.068681728,0.9995656141817729,
140,8.765625,5.6e-05,321134.1252810041,0.073924608,0.9989886383063139,
150,7.4765625,6e-05,319339.4377258853,0.079167488,1.0013263937657038,
160,7.3828125,6.4e-05,320265.13519932306,0.084410368,1.0020540178435138,
170,7.4296875,6.8e-05,321192.07602041966,0.089653248,1.0001459189063104,
180,7.5,7.2e-05,320914.13822867314,0.094896128,0.9994494929160115,
190,7.265625,7.6e-05,312487.39344214526,0.100139008,1.001136660958464,
200,8.265625,8e-05,313147.1688979569,0.105381888,0.9975468206379429,
210,7.484375,8.400000000000001e-05,314192.8664674707,0.110624768,1.0020594538106522,
220,8.84375,8.800000000000001e-05,314513.95372520376,0.115867648,0.9970902568973378,
230,7.140625,9.2e-05,313143.5103054259,0.121110528,0.9984189608893315,
240,6.9140625,9.6e-05,314058.5957384635,0.126353408,0.902088718866052,
250,6.8671875,0.0001,314889.24180680764,0.131596288,0.650791544650068,
260,6.59375,0.00010400000000000001,315644.5917524373,0.136839168,0.49866086253972874,
270,6.6015625,0.000108,315863.16607905435,0.142082048,0.9984240015483116,
280,7.1640625,0.000112,316540.6249323906,0.147324928,0.9973985777354213,
290,6.5390625,0.000116,314573.2080933129,0.152567808,0.9979604918929814,
300,6.78125,0.00012,315243.22669115925,0.157810688,0.9986059914857082,
310,6.5625,0.000124,315879.70688213303,0.163053568,1.001213566113853,
320,6.6875,0.000128,316486.512474389,0.168296448,1.0006269115496202,
330,6.4375,0.000132,317044.48552110855,0.173539328,0.8780564691839006,
340,6.375,0.000136,317582.74544616794,0.178782208,1.002169617524901,
350,6.25,0.00014000000000000001,316918.7876853537,0.184025088,0.9978434831440435,
360,6.359375,0.000144,317421.4859963597,0.189267968,0.9975649594422272,
370,7.6171875,0.00014800000000000002,316083.8761277403,0.194510848,0.9985380582762997,
380,7.6328125,0.000152,315194.1034393493,0.199753728,1.0005961521927467,
390,6.5078125,0.000156,315231.3314927889,0.204996608,0.9947619574199669,
400,6.5078125,0.00016,313343.2613135555,0.210239488,0.9991084973580611,
410,6.3046875,0.000164,309997.83913938684,0.215482368,0.6838207787908233,
420,6.0625,0.00016800000000000002,309911.6494348756,0.220725248,0.9988416262933486,
430,7.78125,0.000172,306659.12091534265,0.225968128,1.0001008904683923,
440,6.5859375,0.00017600000000000002,305681.7746775725,0.231211008,0.9987735299270752,
450,6.3203125,0.00018,306301.89740804397,0.236453888,0.9969429235573782,
460,6.53125,0.000184,306207.49887926196,0.241696768,0.9963217701016355,
470,6.2421875,0.000188,306784.38847313804,0.246939648,0.9991167900405543,
480,6.1328125,0.000192,307340.5785622458,0.252182528,0.9983961239339665,
490,6.21875,0.00019600000000000002,307872.26413226913,0.257425408,0.8666582403512583,
500,6.0,0.0002,308387.0763899289,0.262668288,0.5017955355770504,
500,,,,,,0.0
510,6.1171875,0.00020400000000000003,308778.52209884196,0.267911168,0.996146731589536,
520,7.6640625,0.00020800000000000001,309261.6807896283,0.273154048,1.0016009960670738,
530,5.84375,0.00021200000000000003,308920.24138121447,0.278396928,0.5393753097338436,
540,5.9140625,0.000216,309382.88219485927,0.283639808,0.8025672539198706,
550,5.9765625,0.00022,309828.2361018781,0.288882688,1.0020467325100162,
560,5.7890625,0.000224,310162.1330230306,0.294125568,0.9831509613814822,
570,5.6328125,0.000228,310280.6415725539,0.299368448,0.5917394912024277,
580,7.8515625,0.000232,310403.92959288385,0.304611328,1.0005352194951345,
590,5.7734375,0.00023600000000000002,310804.8395195528,0.309854208,0.6202206574308252,
600,5.875,0.00024,311002.91884521843,0.315097088,0.7641259372327546,
610,5.625,0.00024400000000000002,311382.7418378021,0.320339968,0.46500756784872926,
620,6.8515625,0.000248,311746.8619892176,0.325582848,0.9971083161468384,
630,5.9609375,0.000252,311771.2984495657,0.330825728,1.0024231609565815,
640,5.4375,0.000256,311778.7464116324,0.336068608,0.9959672890172142,
650,5.59375,0.00026000000000000003,312071.0675603067,0.341311488,1.0025911392131177,
660,5.7734375,0.000264,312409.1530772535,0.346554368,0.9979088388281883,
670,5.578125,0.000268,312733.891288297,0.351797248,0.4970621836034897,
680,5.875,0.000272,313053.4227541014,0.357040128,0.9991428786791546,
690,5.6953125,0.00027600000000000004,313330.2616627544,0.362283008,0.9790306838646967,
700,5.75,0.00028000000000000003,313582.10516422766,0.367525888,0.999940624272999,
710,5.71875,0.000284,313877.2631746791,0.372768768,0.8717975982910646,
720,5.6171875,0.000288,313025.4472295184,0.378011648,0.5938395608043459,
730,5.4140625,0.00029200000000000005,313316.66348679713,0.383254528,0.3032928244640771,
740,5.53125,0.00029600000000000004,313454.30111895164,0.388497408,0.5277549027892937,
750,5.3828125,0.0003,313729.1749852515,0.393740288,0.7144230808393183,
760,5.2421875,0.000304,313637.7422039304,0.398983168,0.9959082822773103,
770,5.2421875,0.000308,313619.44403160363,0.404226048,0.35337838131883187,
780,5.9609375,0.000312,313886.00300585787,0.409468928,1.0014040369180368,
790,5.375,0.000316,314145.53013804054,0.414711808,0.8099960058476993,
800,5.53125,0.00032,314401.86753846187,0.419954688,1.003676759504329,
810,5.4765625,0.000324,314650.6859068233,0.425197568,0.8895302367599986,
820,5.21875,0.000328,314895.47174236045,0.430440448,0.8505142612471653,
830,5.453125,0.000332,315134.5439555749,0.435683328,0.9991174053748543,
840,5.515625,0.00033600000000000004,315292.2329974894,0.440926208,0.9996674120701832,
850,5.6796875,0.00034,315502.23221581517,0.446169088,0.9993733802935041,
860,5.4140625,0.000344,315723.7611589882,0.451411968,0.9943103921049714,
870,5.53125,0.00034800000000000006,315942.2820117219,0.456654848,0.8279976770703527,
880,5.1171875,0.00035200000000000005,316153.4097825227,0.461897728,0.494005839284751,
890,5.140625,0.00035600000000000003,316364.57447746175,0.467140608,0.7332573931353047,
900,5.4375,0.00036,315987.75383960054,0.472383488,0.9358073006784041,
910,4.859375,0.000364,315576.5166887782,0.477626368,0.7836720097987165,
920,5.375,0.000368,315778.7135822165,0.482869248,0.5083152205701204,
930,4.421875,0.000372,315882.2926803963,0.488112128,1.0009378247802911,
940,5.1640625,0.000376,316085.6677295587,0.493355008,1.0003738559597206,
950,4.6796875,0.00038,315890.0622450958,0.498597888,0.9991533720024698,
960,4.875,0.000384,316055.5315327679,0.503840768,1.0013624147320679,
970,4.1015625,0.000388,315982.5339660106,0.509083648,1.0038796627035766,
980,5.109375,0.00039200000000000004,316176.7072024642,0.514326528,0.6395634422890427,
990,5.109375,0.00039600000000000003,315981.63863035676,0.519569408,0.4821776327280857,
1000,4.8203125,0.0004,315588.6844823209,0.524812288,0.44249060780639393,
1000,,,,,,0.0
1010,4.78125,0.00039989235737351994,313791.3878086921,0.530055168,0.8273926896476418,
1020,5.5859375,0.00039978471474703985,313453.71239629475,0.535298048,0.999077395666237,
1030,5.1171875,0.00039967707212055977,313146.68504742556,0.540540928,0.5926061901833631,
1040,4.1484375,0.0003995694294940797,312506.0890848765,0.545783808,0.9979182050706019,
1050,5.1171875,0.0003994617868675996,312715.1464403579,0.551026688,0.7011503300607741,
1060,5.4296875,0.0003993541442411195,312790.71241509984,0.556269568,0.9961234981175816,
1070,4.9296875,0.00039924650161463944,312824.435994442,0.561512448,0.3980323829897626,
1080,4.8828125,0.0003991388589881593,313024.0868802351,0.566755328,0.44246291826614037,
1090,4.90625,0.0003990312163616793,313218.81224449875,0.571998208,0.8935756147129038,
1100,4.4140625,0.00039892357373519914,313413.5288611867,0.577241088,0.5456898843711756,
1110,5.2578125,0.0003988159311087191,313511.31021354866,0.582483968,0.9724547429428371,
1120,5.015625,0.00039870828848223897,313579.64237365586,0.587726848,0.7859193028036051,
1130,4.9765625,0.0003986006458557589,313764.7130484788,0.592969728,0.48712284960081725,
1140,4.84375,0.0003984930032292788,313949.7986358829,0.598212608,0.6794718775302855,
1150,4.765625,0.0003983853606027987,314129.77740009397,0.603455488,0.47605239387484594,
1160,4.6875,0.00039827771797631864,313991.8369417768,0.608698368,0.25405457630681577,
1170,4.7734375,0.00039817007534983856,314169.6643614396,0.613941248,0.3100821614119409,
1180,4.5390625,0.00039806243272335847,314122.73221335537,0.619184128,0.2452695914049829,
1190,4.7421875,0.0003979547900968784,314291.1386408734,0.624427008,0.49916089314993006,
1200,5.3125,0.0003978471474703983,314458.2020584926,0.629669888,0.608609989809881,
1210,4.1796875,0.0003977395048439182,314501.1824894227,0.634912768,0.6101870368484673,
1220,4.265625,0.0003976318622174381,314570.0649377852,0.640155648,0.6444417460097336,
1230,4.609375,0.00039752421959095806,314733.0442152105,0.645398528,0.5178292715001946,
1240,4.65625,0.0003974165769644779,314612.5730377412,0.650641408,0.47955568299105644,
1250,4.75,0.0003973089343379979,314773.2139331034,0.655884288,0.45647745266442497,
1260,4.296875,0.00039720129171151776,314930.89478368167,0.661127168,0.4808889928387941,
1270,4.5703125,0.0003970936490850377,315084.2901236832,0.666370048,0.2480864255449551,
1280,4.59375,0.0003969860064585576,315235.01781473553,0.671612928,0.5324107453760223,
1290,4.5390625,0.0003968783638320775,315384.07743354165,0.676855808,0.37534985131318527,
1300,1.810546875,0.0003967707212055974,315532.7218905393,0.682098688,0.9999935443093144,
1310,4.5625,0.00039666307857911734,315676.9094950308,0.687341568,0.32640015341820017,
1320,4.21875,0.00039655543595263726,315134.7377477912,0.692584448,0.3388449994474991,
1330,4.5234375,0.0003964477933261572,315284.1696742057,0.697827328,0.48480664680503954,
1340,4.703125,0.0003963401506996771,315255.8399896001,0.703070208,1.0034780234025271,
1350,4.5703125,0.000396232508073197,315397.48280884343,0.708313088,0.9968539866381879,
1360,4.546875,0.00039612486544671687,315512.4900911418,0.713555968,0.27574401765983747,
1370,3.95703125,0.00039601722282023684,315653.3551964417,0.718798848,0.3414263224582829,
1380,4.6953125,0.00039590958019375676,315792.5805290313,0.724041728,0.5091645883482997,
1390,4.5625,0.0003958019375672767,315730.10068321455,0.729284608,0.41047649534114244,
1400,4.5625,0.0003956942949407966,315772.00123909226,0.734527488,0.3727944501466984,
1410,4.609375,0.0003955866523143165,315798.2396635115,0.739770368,0.9952618793139224,
1420,4.625,0.00039547900968783643,315773.92320942064,0.745013248,0.7839075480688171,
1430,4.5703125,0.0003953713670613563,315897.29548853333,0.750256128,0.5365459225189021,
1440,4.3984375,0.00039526372443487626,315816.5095897016,0.755499008,0.48032493492790795,
1450,4.5390625,0.0003951560818083961,315579.44678972446,0.760741888,0.44467222680827084,
1460,4.421875,0.0003950484391819161,315558.41044304334,0.765984768,0.3625447708003611,
1470,4.46875,0.00039494079655543596,315634.5281568947,0.771227648,0.3244459326961508,
1480,4.4765625,0.0003948331539289559,315764.64918160916,0.776470528,0.19922152012501776,
1490,4.5078125,0.0003947255113024758,315510.15254742815,0.781713408,0.7064779048563685,
1500,4.40625,0.0003946178686759957,315638.8116628058,0.786956288,0.4459220286616344,
1500,,,,,,0.0
1510,4.3671875,0.00039451022604951563,315766.2986822854,0.792199168,0.23433309523946128,
1520,3.58984375,0.00039440258342303555,315891.13550222485,0.797442048,1.0013239249084918,
1530,4.390625,0.00039429494079655546,315748.2290162239,0.802684928,0.354902805419271,
1540,4.40625,0.0003941872981700754,315871.37243176746,0.807927808,0.24820856739988784,
1550,4.2265625,0.0003940796555435953,315455.52591681865,0.813170688,0.443943329937613,
1560,4.4453125,0.0003939720129171152,315449.72412176273,0.818413568,0.5241509078430036,
1570,3.6953125,0.0003938643702906351,315101.79157936986,0.823656448,0.9885384757500667,
1580,3.87109375,0.00039375672766415505,315129.75634050503,0.828899328,0.4366778160251625,
1590,4.453125,0.0003936490850376749,314913.0919650237,0.834142208,0.22715591523751694,
1600,4.375,0.0003935414424111949,314878.9639925382,0.839385088,0.18186893320416536,
1610,4.3828125,0.00039343379978471475,314978.36396112555,0.844627968,0.23801038827602367,
1620,4.234375,0.00039332615715823466,315101.3921148232,0.849870848,0.18764388651961897,
1630,3.72265625,0.0003932185145317546,314727.5085291266,0.855113728,0.9984109706687193,
1640,3.8671875,0.0003931108719052745,314849.716139696,0.860356608,0.4731577062479523,
1650,3.97265625,0.0003930032292787944,314962.85974588007,0.865599488,0.49415640563725266,
1660,4.359375,0.00039289558665231433,314973.11979483545,0.870842368,0.25146275490662995,
1670,4.375,0.00039278794402583425,315091.886676511,0.876085248,0.21907737322643434,
1680,4.21875,0.00039268030139935417,315162.9193959928,0.881328128,0.2121555441471543,
1690,4.3359375,0.0003925726587728741,315195.3257657904,0.886571008,0.4503305208911583,
1700,3.6640625,0.000392465016146394,315309.613793052,0.891813888,0.27469441481468626,
1710,3.8828125,0.00039235737351991386,315421.9467106652,0.897056768,0.45030199728787224,
1720,4.375,0.00039224973089343383,315476.30298161233,0.902299648,0.5523319802543938,
1730,3.97265625,0.0003921420882669537,315440.91787121264,0.907542528,0.8196491972551808,
1740,4.4453125,0.00039203444564047367,315552.5950799755,0.912785408,0.4382707782189727,
1750,3.18359375,0.0003919268030139936,315661.94734502496,0.918028288,0.9848309711129838,
1760,3.28515625,0.00039181916038751345,315771.38209742086,0.923271168,1.0035442085476205,
1770,4.34375,0.0003917115177610334,315879.49687343667,0.928514048,0.3030636302099561,
1780,4.2265625,0.0003916038751345533,315974.8016269604,0.933756928,0.1787464738091381,
1790,4.25,0.00039149623250807325,316080.5597916157,0.938999808,0.30143204505939664,
1800,4.140625,0.0003913885898815931,316185.6009185739,0.944242688,0.29013819953289666,
1810,4.3046875,0.0003912809472551131,316284.68988071376,0.949485568,0.23564491501510684,
1820,4.1640625,0.00039117330462863295,316128.83428493096,0.954728448,0.17425048488392644,
1830,4.28125,0.00039106566200215287,316231.1991103231,0.959971328,0.17251683550807423,
1840,3.3671875,0.0003909580193756728,316333.1382677442,0.965214208,0.7236215171394402,
1850,4.1796875,0.0003908503767491927,316434.92292776087,0.970457088,0.2917263264361008,
1860,4.1484375,0.0003907427341227126,316520.9595633753,0.975699968,0.27413031796253706,
1870,4.1953125,0.00039063509149623254,316145.53837530507,0.980942848,0.17366817610271196,
1880,4.08203125,0.00039052744886975245,315921.00702660566,0.986185728,0.27334758155987976,
1890,4.1875,0.00039041980624327237,316021.58985309943,0.991428608,0.19713823592349827,
1900,4.125,0.00039031216361679223,315584.57048457477,0.996671488,0.1689907813022314,
1910,4.06640625,0.0003902045209903122,315626.3694732958,1.001914368,0.17182979352635386,
1920,4.1328125,0.00039009687836383207,315483.66288675845,1.007157248,0.17869503123818287,
1930,4.1328125,0.00038998923573735204,315584.3329611592,1.012400128,0.5310807970624544,
1940,4.0703125,0.0003898815931108719,315684.5001755187,1.017643008,0.5972830436833282,
1950,3.484375,0.0003897739504843919,315610.8137639178,1.022885888,1.0027222782372507,
1960,4.171875,0.00038966630785791174,315525.42286315624,1.028128768,0.24598006249747129,
1970,4.171875,0.00038955866523143165,315624.0859328341,1.033371648,0.25018998750665555,
1980,4.1875,0.00038945102260495157,315720.87052697764,1.038614528,0.5518489160586999,
1990,3.3515625,0.0003893433799784715,315817.9676111737,1.043857408,0.8126909665249235,
2000,4.12890625,0.0003892357373519914,315849.6497675973,1.049100288,0.3092351880437307,
2000,,,,,,0.0
2010,4.2421875,0.0003891280947255113,313393.8175628497,1.054343168,0.38100313356625615,
2020,3.7890625,0.00038902045209903124,313370.06621892157,1.059586048,0.7127632583055633,
2030,4.10546875,0.00038891280947255116,313410.7939266523,1.064828928,0.5434110879343828,
2040,4.328125,0.000388805166846071,313454.6679803116,1.070071808,0.7257481454353251,
2050,3.2578125,0.000388697524219591,313450.2436716075,1.075314688,0.9548293477771623,
2060,4.1875,0.00038858988159311085,313523.28008261864,1.080557568,0.2574901242447903,
2070,4.1796875,0.0003884822389666308,313380.7661579657,1.085800448,0.2810957247230286,
2080,3.9609375,0.0003883745963401507,313482.1464910275,1.091043328,0.4432108806514815,
2090,4.15625,0.00038826695371367066,313423.2313904929,1.096286208,0.35356736729651633,
2100,3.61328125,0.0003881593110871905,313524.2046241323,1.101529088,0.34948452209023806,
2110,3.265625,0.00038805166846071044,313607.87046805734,1.106771968,0.997321892594199,
2120,3.0390625,0.0003879440258342304,313706.7268449367,1.112014848,0.9790040141743713,
2130,4.4296875,0.00038783638320775027,313580.21800657053,1.117257728,0.6226938684107769,
2140,4.3203125,0.00038772874058127024,313677.21025181335,1.122500608,0.5092322111105153,
2150,4.2578125,0.0003876210979547901,313749.9788626887,1.127743488,0.5282528975521155,
2160,4.1875,0.00038751345532831,313720.12642419507,1.132986368,0.21925787347952053,
2170,4.0625,0.00038740581270182994,313817.4192017558,1.138229248,0.2110693948419114,
2180,4.28125,0.00038729817007534986,313910.6222071675,1.143472128,0.38491539722215695,
2190,3.5703125,0.0003871905274488698,314006.03906512307,1.148715008,0.3004826782039295,
2200,4.2109375,0.0003870828848223897,314099.41021314834,1.153957888,0.3773060146379156,
2210,4.09765625,0.0003869752421959096,314045.0015605925,1.159200768,0.19451589701879143,
2220,4.1015625,0.0003868675995694295,314136.9813561677,1.164443648,0.371005204542523,
2230,3.2734375,0.00038675995694294944,314228.8533843521,1.169686528,0.8220642938048665,
2240,4.203125,0.00038665231431646936,314319.8920890116,1.174929408,0.21144254719952604,
2250,3.65234375,0.0003865446716899892,314410.5676039576,1.180172288,0.546710526682804,
2260,4.0859375,0.0003864370290635092,314501.0441646584,1.185415168,0.22723876645243446,
2270,4.0390625,0.00038632938643702906,314511.38520914066,1.190658048,0.2464877726888368,
2280,4.1796875,0.00038622174381054903,314596.6605427116,1.195900928,0.2640935716757367,
2290,3.96875,0.0003861141011840689,314434.9621433169,1.201143808,0.16214639217281684,
2300,4.09375,0.0003860064585575888,314521.7728808417,1.206386688,0.17637068276227935,
2310,4.05078125,0.0003858988159311087,314302.6994860024,1.211629568,0.3897741639983158,
2320,3.89453125,0.00038579117330462864,314391.3234205237,1.216872448,0.38511293500024774,
2330,2.28515625,0.00038568353067814856,314478.40445397096,1.222115328,1.0016219778964521,
2340,4.015625,0.0003855758880516685,314564.9257289348,1.227358208,0.23636709586941393,
2350,4.28125,0.0003854682454251884,314650.43859338696,1.232601088,0.5947952228987318,
2360,4.2109375,0.0003853606027987083,314736.2384928605,1.237843968,0.6124088200884152,
2370,4.09375,0.00038525296017222823,314668.59589488746,1.243086848,0.2810471095797624,
2380,2.91796875,0.00038514531754574815,314706.3570388587,1.248329728,0.9537668659325728,
2390,4.0625,0.000385037674919268,314778.94877097005,1.253572608,0.23208361275500297,
2400,3.28515625,0.000384930032292788,314538.553680773,1.258815488,0.45816160617745627,
2410,4.375,0.00038482238966630784,314060.1640599359,1.264058368,0.3180648740001533,
2420,4.08984375,0.0003847147470398278,314123.5496237976,1.269301248,0.20086373285803902,
2430,3.96875,0.0003846071044133477,314172.518844891,1.274544128,0.15878637371070137,
2440,3.51171875,0.0003844994617868676,314190.04900748905,1.279787008,0.41621788168088736,
2450,2.94921875,0.0003843918191603875,314265.59190028557,1.285029888,0.3887593187318632,
2460,4.234375,0.00038428417653390743,313933.62374079356,1.290272768,0.5169605017932057,
2470,3.89453125,0.00038417653390742735,313844.9688647932,1.295515648,0.18862228696970465,
2480,4.046875,0.00038406889128094726,313929.4749344042,1.300758528,0.24823116859627298,
2490,3.29296875,0.00038396124865446723,313623.5900689314,1.306001408,0.8626619054438073,
2500,2.43359375,0.0003838536060279871,313707.600925263,1.311244288,0.5593503272025984,
2500,,,,,,0.0
2510,4.0234375,0.000383745963401507,313632.73999734526,1.316487168,0.16898998752297945,
2520,3.2890625,0.00038363832077502693,313491.16826712195,1.321730048,0.6029262079909771,
2530,3.87890625,0.00038353067814854685,313552.2825117449,1.326972928,0.1598747536831557,
2540,3.9140625,0.00038342303552206677,313612.9542623097,1.332215808,0.17788269142269927,
2550,2.99609375,0.0003833153928955867,313681.6927168389,1.337458688,0.8697080533763347,
2560,2.9765625,0.0003832077502691066,313764.6456510099,1.342701568,0.7309548818128173,
2570,4.015625,0.0003831001076426265,313845.67693329096,1.347944448,0.19205627251380514,
2580,4.00390625,0.00038299246501614643,313835.30884140794,1.353187328,0.1543259825364139,
2590,3.9296875,0.00038288482238966635,313795.6747171298,1.358430208,0.2036617656500795,
2600,3.7421875,0.0003827771797631862,313851.3588922932,1.363673088,0.1405641026294807,
2610,3.41015625,0.0003826695371367062,313931.1351285522,1.368915968,0.3114300380299844,
2620,3.765625,0.00038256189451022605,313985.6465144467,1.374158848,0.16399110350427687,
2630,2.59765625,0.000382454251883746,314065.19002325163,1.379401728,0.44119593688813125,
2640,4.08203125,0.0003823466092572659,314053.1000190148,1.384644608,0.34647796375395806,
2650,2.9609375,0.0003822389666307858,314070.9669925373,1.389887488,0.6589186955269394,
2660,4.04296875,0.0003821313240043057,314140.13529959857,1.395130368,0.20957326577552832,
2670,3.27734375,0.00038202368137782563,314129.3541817114,1.400373248,0.6911518068237102,
2680,3.67578125,0.00038191603875134555,314206.7218448515,1.405616128,0.5748269355216408,
2690,4.01953125,0.00038180839612486547,314283.75786791526,1.410859008,0.3959708277619027,
2700,3.60546875,0.0003817007534983854,314301.8982593653,1.416101888,0.399672456424334,
2710,3.90625,0.0003815931108719053,314183.4758752279,1.421344768,0.16731386959624467,
2720,3.94140625,0.0003814854682454252,314258.90334188665,1.426587648,0.17469521933142715,
2730,3.1171875,0.00038137782561894514,314328.850728568,1.431830528,0.6935617483967105,
2740,3.44140625,0.000381270182992465,314403.6392562314,1.437073408,0.3855736226908819,
2750,2.5546875,0.00038116254036598497,314362.87310321094,1.442316288,0.5072200748473026,
2760,3.44140625,0.00038105489773950483,314436.2622967546,1.447559168,0.3299549442025036,
2770,3.9296875,0.0003809472551130248,314059.2122771951,1.452802048,0.245243491151632,
2780,2.76171875,0.00038083961248654467,314037.23641603044,1.458044928,0.7461513201705268,
2790,4.03125,0.0003807319698600646,313579.19368979253,1.463287808,0.3608922664253048,
2800,3.859375,0.0003806243272335845,313505.5742868323,1.468530688,0.20850310999647872,
2810,3.95703125,0.0003805166846071044,313236.1018380014,1.473773568,0.18690748261857554,
2820,3.8671875,0.00038040904198062434,313264.40013889945,1.479016448,0.14116247012849933,
2830,3.9765625,0.00038030139935414425,313340.4004041882,1.484259328,0.2918033437409436,
2840,3.93359375,0.00038019375672766417,313414.34828800947,1.489502208,0.1899819995910264,
2850,3.9296875,0.0003800861141011841,313323.9716702438,1.494745088,0.1521374535601459,
2860,3.8671875,0.000379978471474704,313368.28449393524,1.499987968,0.1965835935173088,
2870,3.421875,0.0003798708288482239,313414.8593742838,1.505230848,0.3908873586267719,
2880,3.42578125,0.0003797631862217438,313229.86285572895,1.510473728,0.42866757825633445,
2890,3.9453125,0.00037965554359526376,313303.925707624,1.515716608,0.18069134056281552,
2900,3.8359375,0.00037954790096878367,313373.3176476425,1.520959488,0.29342040018480214,
2910,3.4609375,0.0003794402583423036,313445.14384883235,1.526202368,0.42596804003287997,
2920,4.0,0.0003793326157158235,313475.0342528508,1.531445248,0.36272465550106203,
2930,3.45703125,0.00037922497308934337,313418.51149564964,1.536688128,0.32662961674058943,
2940,3.77734375,0.00037911733046286334,313243.3317138308,1.541931008,0.44456579232367177,
2950,4.1015625,0.0003790096878363832,313145.2493297884,1.547173888,0.5776851357162543,
2960,3.94921875,0.0003789020452099032,312277.82520425745,1.552416768,0.29228967852009574,
2970,3.88671875,0.00037879440258342304,311736.5796420304,1.557659648,0.1619891069443913,
2980,2.8125,0.00037868675995694296,311813.4640779256,1.562902528,0.47816247642530807,
2990,3.8046875,0.00037857911733046287,311890.5038050922,1.568145408,0.2981204354114906,
3000,3.96484375,0.0003784714747039828,311965.99630438746,1.573388288,0.1962014091676863,
3000,,,,,,0.0
3010,3.9765625,0.0003783638320775027,311295.4496420433,1.578631168,0.27165473085063585,
3020,2.8125,0.0003782561894510226,311372.30539278215,1.583874048,0.8935243194426657,
3030,3.98828125,0.00037814854682454254,311383.64828537736,1.589116928,0.25473002222119484,
3040,3.90234375,0.00037804090419806246,311452.63327203126,1.594359808,0.13178523173753676,
3050,3.38671875,0.0003779332615715824,311399.0995741335,1.599602688,0.35819586576114887,
3060,3.67578125,0.0003778256189451023,311474.46262868075,1.604845568,0.6058439677067439,
3070,3.06640625,0.00037771797631862216,311548.9909908102,1.610088448,0.42153759354650183,
3080,2.6875,0.0003776103336921421,311546.0103814922,1.615331328,0.3236040201045641,
3090,3.87109375,0.000377502691065662,311620.7095183345,1.620574208,0.30194605429651394,
3100,4.00390625,0.00037739504843918196,311690.36504809896,1.625817088,0.14349354112255844,
3110,3.8359375,0.0003772874058127018,311763.9606055495,1.631059968,0.15790046695563717,
3120,3.96875,0.0003771797631862218,311764.09551127814,1.636302848,0.1383211515981701,
3130,3.515625,0.00037707212055974166,311836.0119236184,1.641545728,0.2508465253636308,
3140,4.0390625,0.0003769644779332616,311886.41442721774,1.646788608,0.5495286624729864,
3150,3.40625,0.0003768568353067815,311957.5480459174,1.652031488,0.4310318631676512,
3160,2.4296875,0.0003767491926803014,311994.3412235986,1.657274368,0.5027617428215042,
3170,3.3671875,0.0003766415500538213,312064.9186183297,1.662517248,0.464129206528799,
3180,3.81640625,0.00037653390742734124,312135.2663933556,1.667760128,0.16183712807386405,
3190,3.33984375,0.00037642626480086116,312205.64084884437,1.673003008,0.3069676942589656,
3200,3.69921875,0.0003763186221743811,312201.37966114125,1.678245888,0.3870699546116326,
3210,3.859375,0.00037621097954790094,312177.3062327471,1.683488768,0.1905483951237971,
3220,3.80078125,0.0003761033369214209,312094.9599138541,1.688731648,0.161690933006948,
3230,3.375,0.00037599569429494083,312164.19681710796,1.693974528,0.2739608532317528,
3240,3.88671875,0.00037588805166846075,312233.1906978167,1.699217408,0.43103734428249024,
3250,4.0078125,0.0003757804090419806,312257.25209513644,1.704460288,0.16055727478654983,
3260,2.58984375,0.0003756727664155006,312287.52436583024,1.709703168,0.5411353553663526,
3270,3.82421875,0.0003755651237890205,312348.23530151806,1.714946048,0.2207581037182616,
3280,3.375,0.00037545748116254036,312416.4066315053,1.720188928,0.2708909896963329,
3290,3.8125,0.00037534983853606033,312427.9631537901,1.725431808,0.18345976916363677,
3300,3.30078125,0.0003752421959095802,312494.81031044276,1.730674688,0.24056426547467827,
3310,2.91015625,0.00037513455328310017,312539.39511829393,1.735917568,0.36912024887118217,
3320,3.23046875,0.00037502691065662003,312431.7830065963,1.741160448,0.3036425802322062,
3330,3.921875,0.00037491926803013995,312497.7148781533,1.746403328,0.17465573788539512,
3340,4.02734375,0.00037481162540365986,312563.1894926751,1.751646208,0.29970545220213146,
3350,3.84765625,0.0003747039827771798,312617.3593857598,1.756889088,0.2961624024364294,
3360,3.8203125,0.0003745963401506997,312682.65949156095,1.762131968,0.17832605853124828,
3370,3.90234375,0.0003744886975242196,312699.57816233253,1.767374848,0.15557705982086323,
3380,2.7109375,0.00037438105489773953,312763.51594097365,1.772617728,0.8190548078856065,
3390,3.80078125,0.00037427341227125945,312695.51013436826,1.777860608,0.23989572889746247,
3400,2.515625,0.00037416576964477937,312740.8203265497,1.783103488,0.6436734212586883,
3410,3.95703125,0.0003740581270182993,312804.3665771626,1.788346368,0.28375579145133467,
3420,3.76171875,0.00037395048439181915,312793.07151692966,1.793589248,0.25941013216830444,
3430,3.69140625,0.0003738428417653391,312857.1316729198,1.798832128,0.5538515688281276,
3440,3.85546875,0.000373735199138859,312920.0521111871,1.804075008,0.22941247726782632,
3450,3.81640625,0.00037362755651237895,312982.3033437033,1.809317888,0.19870672750642343,
3460,3.87109375,0.0003735199138858988,313044.5115611757,1.814560768,0.2342307198370193,
3470,2.4765625,0.00037341227125941873,313106.173427278,1.819803648,0.6500640280226964,
3480,2.51171875,0.00037330462863293865,312993.96781257633,1.825046528,0.9288116240303955,
3490,3.7265625,0.00037319698600645857,312625.47193093965,1.830289408,0.4255480613962546,
3500,3.90625,0.0003730893433799785,312687.85595063696,1.835532288,0.5209556970500181,
3500,,,,,,0.0
3510,2.5703125,0.0003729817007534984,312465.07144722843,1.840775168,0.424432935276203,
3520,3.359375,0.0003728740581270183,312411.3289227588,1.846018048,0.2035594485079355,
3530,3.9453125,0.00037276641550053823,312473.64525948645,1.851260928,0.29488670669508915,
3540,3.890625,0.00037265877287405815,312521.61512382235,1.856503808,0.33917926475510257,
3550,3.875,0.00037255113024757807,312379.1552422924,1.861746688,0.15812473348790748,
3560,3.79296875,0.000372443487621098,312434.88303978957,1.866989568,0.15772391366426494,
3570,3.8671875,0.0003723358449946179,312493.7337153053,1.872232448,0.2616678639583283,
3580,4.01171875,0.00037222820236813776,312282.19840341667,1.877475328,0.26772417624993095,
3590,3.8671875,0.00037212055974165774,312303.22077152686,1.882718208,0.17687922407569703,
3600,4.234375,0.00037201291711517765,312165.6714636168,1.887961088,0.26022796274948595,
3610,2.52734375,0.0003719052744886975,312227.5826567751,1.893203968,0.5866808102766103,
3620,3.7109375,0.00037179763186221743,312180.9273176272,1.898446848,0.1779305696528942,
3630,3.7734375,0.00037168998923573735,311743.85040643445,1.903689728,0.18657945405881318,
3640,3.57421875,0.0003715823466092573,311805.7828244638,1.908932608,0.27060854514093163,
3650,3.80078125,0.0003714747039827772,311692.28785244166,1.914175488,0.19491798647154157,
3660,3.7265625,0.00037136706135629716,311740.76476645557,1.919418368,0.21627688112940271,
3670,3.3359375,0.000371259418729817,311803.2537873171,1.924661248,0.2803155933328995,
3680,3.78515625,0.00037115177610333694,311837.28201958054,1.929904128,0.15358702536900967,
3690,2.453125,0.00037104413347685685,311757.63858161785,1.935147008,0.6132835827487687,
3700,2.296875,0.00037093649085037677,311818.9544475429,1.940389888,0.2669155829301135,
3710,3.26953125,0.0003708288482238967,311762.4703873059,1.945632768,0.37310313695903596,
3720,3.41796875,0.0003707212055974166,311823.8607404427,1.950875648,0.3885686768143398,
3730,3.13671875,0.0003706135629709365,311862.86435183225,1.956118528,0.22884669197796884,
3740,3.71875,0.00037050592034445644,311924.3152849399,1.961361408,0.14448130052155395,
3750,2.69140625,0.0003703982777179763,311850.5176761753,1.966604288,0.47333708372576966,
3760,3.84375,0.00037029063509149627,311910.6913535526,1.971847168,0.2755826620660024,
3770,3.77734375,0.00037018299246501614,311948.16306372144,1.977090048,0.2482825863257994,
3780,2.33984375,0.0003700753498385361,312007.52869265544,1.982332928,0.9623579261331877,
3790,3.74609375,0.00036996770721205597,311937.2184799862,1.987575808,0.1738274242077808,
3800,3.79296875,0.00036986006458557594,311836.5988358989,1.992818688,0.1526626389080801,
3810,3.515625,0.0003697524219590958,311896.0381396573,1.998061568,0.22129480570281274,
3820,3.5390625,0.0003696447793326157,311955.30505745765,2.003304448,0.5237879876263337,
3830,2.79296875,0.00036953713670613564,312014.1664368634,2.008547328,0.9909956913054255,
3840,3.890625,0.00036942949407965556,312072.9817458272,2.013790208,0.2022799569822909,
3850,3.17578125,0.00036932185145317547,312008.22586299846,2.019033088,0.3237239259521069,
3860,3.7109375,0.0003692142088266954,311965.2432766768,2.024275968,0.19319755701703895,
3870,3.421875,0.0003691065662002153,311912.92210623063,2.029518848,0.20879335523124457,
3880,3.7109375,0.0003689989235737352,311971.3738865533,2.034761728,0.17301105340245598,
3890,3.74609375,0.0003688912809472551,311943.77274542034,2.040004608,0.23187286852171196,
3900,3.87109375,0.00036878363832077506,312002.4574960026,2.045247488,0.21232323014733684,
3910,3.765625,0.0003686759956942949,312056.3222168066,2.050490368,0.15830184432702601,
3920,2.484375,0.0003685683530678149,312114.18444395176,2.055733248,1.0004022692962204,
3930,3.7890625,0.0003684607104413348,312166.82516043115,2.060976128,0.3859867222433115,
3940,2.5625,0.0003683530678148547,312079.65412997454,2.066219008,0.3021321672228687,
3950,2.38671875,0.0003682454251883746,311999.99364583334,2.071461888,0.9600740796789197,
3960,3.74609375,0.0003681377825618945,311905.57464950654,2.076704768,0.16090030187986357,
3970,3.66796875,0.0003680301399354145,311962.0593983785,2.081947648,0.21581775468271927,
3980,3.03125,0.00036792249730893434,311990.8628742704,2.087190528,0.9997328962146945,
3990,3.83984375,0.00036781485468245426,312034.75326649245,2.092433408,0.20128654661049428,
4000,3.1171875,0.0003677072120559742,312091.4004731823,2.097676288,0.3946468778721584,
4000,,,,,,0.0
4010,3.36328125,0.0003675995694294941,311453.0227030463,2.102919168,0.5382238174768013,
4020,3.67578125,0.000367491926803014,311357.10233059793,2.108162048,0.13145272626263085,
4030,3.8828125,0.0003673842841765339,311412.27072200977,2.113404928,0.25302462153750327,
4040,3.78515625,0.00036727664155005384,311469.2094177901,2.118647808,0.21743786926537811,
4050,2.63671875,0.00036716899892357376,311525.6692355349,2.123890688,0.43797850935931487,
4060,3.7109375,0.0003670613562970937,311553.4875633464,2.129133568,0.15396352493506016,
4070,3.71875,0.0003669537136706136,311609.64881910244,2.134376448,0.18137490859202923,
4080,3.8046875,0.0003668460710441335,311634.33788609435,2.139619328,0.23606029268847,
4090,3.18359375,0.00036673842841765343,311649.0370685644,2.144862208,0.26125030502714647,
4100,3.71875,0.0003666307857911733,311535.219919779,2.150105088,0.2515883387072631,
4110,3.9140625,0.00036652314316469326,311539.9850965772,2.155347968,0.16418694259172942,
4120,3.703125,0.0003664155005382131,311594.3602148205,2.160590848,0.28803414609752925,
4130,3.6640625,0.0003663078579117331,311649.483029032,2.165833728,0.14451101688514148,
4140,4.0,0.00036620021528525296,311704.75470681436,2.171076608,0.18097838292172633,
4150,3.8359375,0.0003660925726587729,311759.514257976,2.176319488,0.15956865778210386,
4160,3.40234375,0.0003659849300322928,311813.70851231046,2.181562368,0.20878860404106162,
4170,2.76953125,0.0003658772874058127,311867.7314732936,2.186805248,0.25223705381239003,
4180,3.76171875,0.00036576964477933263,311383.4435556118,2.192048128,0.22771206073881958,
4190,3.89453125,0.00036566200215285255,311438.38707159524,2.197291008,0.17140922302282244,
4200,3.72265625,0.00036555435952637246,311493.1200929027,2.202533888,0.27543779316234,
4210,2.26171875,0.0003654467168998924,311332.5383604712,2.207776768,0.8781462961420814,
4220,3.2265625,0.0003653390742734123,311335.7196747854,2.213019648,0.27185256417570924,
4230,3.2578125,0.0003652314316469322,311350.9711402554,2.218262528,0.336388860280643,
4240,3.75390625,0.0003651237890204521,311312.10537606827,2.223505408,0.17080176558427737,
4250,3.640625,0.00036501614639397205,311366.3705253357,2.228748288,0.23262092352018077,
4260,3.890625,0.0003649085037674919,311312.3865213282,2.233991168,0.28870520149097995,
4270,2.8828125,0.0003648008611410119,311335.07960343204,2.239234048,0.9998943189340789,
4280,2.578125,0.00036469321851453175,311389.4516559934,2.244476928,0.6195390943506393,
4290,3.8046875,0.00036458557588805166,311443.65346543584,2.249719808,0.18552815964305777,
4300,3.8125,0.00036447793326157163,311496.6133199792,2.254962688,0.13683852522614331,
4310,3.6640625,0.0003643702906350915,311550.074673311,2.260205568,0.1490172882330273,
4320,3.27734375,0.0003642626480086114,311602.8686941702,2.265448448,0.2106700834117093,
4330,3.75390625,0.00036415500538213133,311655.07699418906,2.270691328,0.16719253611505472,
4340,2.66015625,0.0003640473627556513,311707.4923303779,2.275934208,0.9958069999337033,
4350,3.76953125,0.00036393972012917117,311561.09208732273,2.281177088,0.24781441653110015,
4360,2.7578125,0.0003638320775026911,311594.67349409655,2.286419968,0.49470181033705624,
4370,3.859375,0.000363724434876211,311645.0195553824,2.291662848,0.21953573935605966,
4380,3.69921875,0.0003636167922497309,311697.3418171085,2.296905728,0.17681409392968384,
4390,3.71484375,0.00036350914962325083,311748.94325186993,2.302148608,0.13919270396319483,
4400,3.59375,0.00036340150699677075,311794.2950487422,2.307391488,0.1629837217800143,
4410,3.234375,0.00036329386437029067,311845.55622062436,2.312634368,0.2578142008235645,
4420,3.15625,0.0003631862217438106,311875.15537560487,2.317877248,0.31212564393205616,
4430,2.3828125,0.0003630785791173305,311926.69612881186,2.323120128,0.5063627947161567,
4440,2.4375,0.0003629709364908504,311947.05262875545,2.328363008,0.9981676830565148,
4450,3.73828125,0.0003628632938643703,311563.753816651,2.333605888,0.39346063428781736,
4460,3.8125,0.00036275565123789025,311546.87481804914,2.338848768,0.1618316648656432,
4470,3.359375,0.0003626480086114101,311598.4393340034,2.344091648,0.2822684634182064,
4480,3.51171875,0.0003625403659849301,311593.43704381137,2.349334528,0.1460847738355215,
4490,3.33203125,0.00036243272335844995,311632.7017886033,2.354577408,0.2615478765814761,
4500,2.296875,0.00036232508073196987,311682.8324858455,2.359820288,0.7528419066979997,
4500,,,,,,0.0
4510,3.7109375,0.0003622174381054898,311718.35325551516,2.365063168,0.13274227202480743,
4520,2.23828125,0.0003621097954790097,311757.5019550418,2.370306048,0.42054289673484013,
4530,3.11328125,0.0003620021528525296,311800.86041118647,2.375548928,0.4658069091031648,
4540,3.39453125,0.00036189451022604954,311838.10844242136,2.380791808,0.3567893610638281,
4550,3.21484375,0.00036178686759956945,311847.50049656513,2.386034688,0.24686324427711634,
4560,3.73046875,0.00036167922497308937,311896.9619381283,2.391277568,0.2611431934127236,
4570,2.48828125,0.0003615715823466093,311946.74192017055,2.396520448,0.3064737479730787,
4580,2.95703125,0.0003614639397201292,311848.2030597661,2.401763328,0.3436919576039754,
4590,2.5234375,0.00036135629709364907,311885.6966059341,2.407006208,0.3514065593287151,
4600,3.6875,0.00036124865446716904,311892.23254090623,2.412249088,0.1590904978970154,
4610,3.64453125,0.0003611410118406889,311941.4167270458,2.417491968,0.16500566619022608,
4620,3.6484375,0.00036103336921420887,311692.71501416207,2.422734848,0.12457476540120928,
4630,3.6171875,0.00036092572658772874,311583.0533479104,2.427977728,0.23473816027299596,
4640,3.734375,0.00036081808396124865,311000.33541163866,2.433220608,0.1612265671204635,
4650,3.5234375,0.00036071044133476857,310822.685946706,2.438463488,0.2056120293015986,
4660,2.5390625,0.0003606027987082885,310856.2662980279,2.443706368,0.4257737306596898,
4670,3.4296875,0.00036049515608180846,310590.55214576924,2.448949248,0.3170657727099913,
4680,2.28515625,0.0003603875134553283,310518.62342951016,2.454192128,0.5546174450394854,
4690,3.77734375,0.00036027987082884824,310374.30912127305,2.459435008,0.18767088971892965,
4700,3.69140625,0.00036017222820236816,310352.9232553273,2.464677888,0.33247671699293424,
4710,3.72265625,0.00036006458557588807,310066.1371239078,2.469920768,0.15752361055911399,
4720,3.5625,0.000359956942949408,310118.000510571,2.475163648,0.2755477462848954,
4730,3.70703125,0.00035984930032292785,310080.04664250993,2.480406528,0.13431346800006322,
4740,3.7109375,0.0003597416576964478,309945.9085194522,2.485649408,0.1422758330236828,
4750,2.3671875,0.00035963401506996774,309288.86634307966,2.490892288,0.9652917055638384,
4760,3.66796875,0.00035952637244348766,309275.1296203133,2.496135168,0.27963514359276703,
4770,3.66796875,0.0003594187298170076,309319.9078283794,2.501378048,0.19765340303530116,
4780,3.80859375,0.00035931108719052744,309372.21633458213,2.506620928,0.22965332946319192,
4790,3.41015625,0.0003592034445640474,309361.32383650186,2.511863808,0.22393625117134175,
4800,3.765625,0.00035909580193756727,309382.09577566537,2.517106688,0.2736904086331957,
4810,2.30078125,0.00035898815931108724,309434.3022255143,2.522349568,0.6529824819946497,
4820,3.1484375,0.0003588805166846071,309404.5266632358,2.527592448,0.17964543926120274,
4830,3.6875,0.0003587728740581271,309456.29437798716,2.532835328,0.14695175531015237,
4840,3.765625,0.00035866523143164694,309501.673378294,2.538078208,0.14203841465293937,
4850,3.62890625,0.00035855758880516686,309542.60716236604,2.543321088,0.10631165588012112,
4860,3.66015625,0.0003584499461786868,309593.5052939486,2.548563968,0.1597955449901016,
4870,2.60546875,0.0003583423035522067,309644.02175407344,2.553806848,0.7598623439941035,
4880,3.84375,0.0003582346609257266,309694.1565641273,2.559049728,0.39260430121402934,
4890,2.37890625,0.0003581270182992465,309692.23979088094,2.564292608,0.5526900780885137,
4900,3.62890625,0.00035801937567276644,309600.1790911255,2.569535488,0.19299078501171155,
4910,3.70703125,0.00035791173304628636,309649.79514186404,2.574778368,0.16734317553445707,
4920,2.4609375,0.0003578040904198062,309625.64654296776,2.580021248,0.759894492586214,
4930,3.34375,0.0003576964477933262,309676.0345865162,2.585264128,0.4077951356396995,
4940,3.65625,0.00035758880516684606,309725.57461120223,2.590507008,0.20291012668436442,
4950,3.6953125,0.00035748116254036603,309753.58973509696,2.595749888,0.17464879513235698,
4960,3.66796875,0.0003573735199138859,309802.23530786374,2.600992768,0.16386727400297177,
4970,3.859375,0.00035726587728740586,309851.29164481396,2.606235648,0.21333838816718365,
4980,3.5859375,0.0003571582346609257,309900.33942667145,2.611478528,0.17569601393147474,
4990,2.51953125,0.00035705059203444564,309944.81850484654,2.616721408,0.5000290431897196,
5000,3.07421875,0.00035694294940796556,309992.87531318964,2.621964288,0.5095593993116984,
5000,,,,,,0.0
5010,2.57421875,0.0003568353067814855,309705.17052586545,2.627207168,0.4107904723057849,
5020,3.3203125,0.0003567276641550054,309720.50521899696,2.632450048,0.36584969460829014,
5030,2.58984375,0.0003566200215285253,309678.63614682824,2.637692928,0.5396808518704141,
5040,3.59375,0.00035651237890204523,309726.34864558454,2.642935808,0.15989296916174517,
5050,3.0078125,0.00035640473627556515,309774.6657408801,2.648178688,0.20822879143151304,
5060,2.53125,0.000356297093649085,309736.840740613,2.653421568,0.36199943936513834,
5070,3.6640625,0.000356189451022605,309732.4803938246,2.658664448,0.1946344744635815,
5080,3.39453125,0.0003560818083961249,309764.79276824894,2.663907328,0.23031716361005555,
5090,3.6796875,0.0003559741657696448,309812.3952026769,2.669150208,0.14579317784234797,
5100,3.328125,0.0003558665231431647,309822.6477256119,2.674393088,0.22840977464871282,
5110,3.58984375,0.00035575888051668465,309808.3838345488,2.679635968,0.12332788703092074,
5120,3.69921875,0.00035565123789020457,309835.8643017862,2.684878848,0.2070522510924678,
5130,3.5390625,0.00035554359526372443,309506.3571386084,2.690121728,0.14321949241896662,
5140,3.06640625,0.0003554359526372444,309402.2293135389,2.695364608,0.3424835584873483,
5150,3.6015625,0.00035532831001076426,309441.33663188544,2.700607488,0.15225517524058474,
5160,3.59765625,0.00035522066738428423,309451.842040549,2.705850368,0.15057773758124665,
5170,3.0390625,0.0003551130247578041,309500.04427874426,2.711093248,0.4054808667058082,
5180,2.4921875,0.000355005382131324,309519.0030816566,2.716336128,0.36930367566798056,
5190,3.69140625,0.00035489773950484393,309541.4358200601,2.721579008,0.1649594250095293,
5200,3.203125,0.00035479009687836385,309588.4603395676,2.726821888,0.21970145577135441,
5210,3.68359375,0.00035468245425188377,309517.02098313073,2.732064768,0.14864008691018407,
5220,3.671875,0.0003545748116254037,309565.1265489677,2.737307648,0.15091385235435242,
5230,2.65234375,0.0003544671689989236,309612.47194543673,2.742550528,0.5330221856477192,
5240,2.3984375,0.0003543595263724435,309659.72343803104,2.747793408,0.996538794129258,
5250,2.208984375,0.00035425188374596343,309686.640839591,2.753036288,0.49105076034562345,
5260,2.44921875,0.00035414424111948335,309733.52161897067,2.758279168,0.6631011378324255,
5270,3.14453125,0.0003540365984930032,309779.5774370657,2.763522048,0.3240047686148776,
5280,3.7890625,0.0003539289558665232,309712.9578712153,2.768764928,0.17725749006135672,
5290,3.11328125,0.00035382131324004305,309759.01298518607,2.774007808,0.2913367508169796,
5300,3.625,0.000353713670613563,309763.9615233841,2.779250688,0.14211745693590153,
5310,3.55078125,0.0003536060279870829,309613.2516877057,2.784493568,0.13205303869278381,
5320,3.68359375,0.0003534983853606028,309659.7780035411,2.789736448,0.18379295542257099,
5330,3.70703125,0.0003533907427341227,309698.7997816391,2.794979328,0.2254361054036399,
5340,2.63671875,0.00035328310010764263,309744.9583805103,2.800222208,0.9993683433721119,
5350,3.73046875,0.00035317545748116255,309745.7997450343,2.805465088,0.27153941867285664,
5360,2.12890625,0.00035306781485468247,309720.5351322338,2.810707968,0.3009915743580811,
5370,3.640625,0.0003529601722282024,309739.579239981,2.815950848,0.1392332480614348,
5380,3.87890625,0.0003528525296017223,309777.2554121177,2.821193728,0.2633383017298119,
5390,3.5859375,0.0003527448869752422,309821.4833778945,2.826436608,0.33887901626043776,
5400,3.61328125,0.00035263724434876214,309866.2668590422,2.831679488,0.27202331620554304,
5410,3.765625,0.000352529601722282,309856.8674144359,2.836922368,0.1835453737073872,
5420,3.359375,0.00035242195909580197,309901.2658482637,2.842165248,0.2407521516693849,
5430,3.90234375,0.00035231431646932183,309941.68310890446,2.847408128,0.2831084936950053,
5440,3.03125,0.0003522066738428418,309969.11251269473,2.852651008,0.23945655964034124,
5450,3.66796875,0.0003520990312163617,310013.7438750138,2.857893888,0.27509031877932977,
5460,3.2578125,0.0003519913885898816,310050.13938378147,2.863136768,0.21718404868854066,
5470,3.80078125,0.0003518837459634015,309996.135519861,2.868379648,0.23381058529528284,
5480,2.38671875,0.0003517761033369214,310006.06185366615,2.873622528,0.3813268295269648,
5490,3.66796875,0.0003516684607104414,310049.93138804653,2.878865408,0.31528491898148453,
5500,3.5625,0.00035156081808396125,310093.3620706945,2.884108288,0.2229150342764701,
5500,,,,,,0.0
5510,3.078125,0.0003514531754574812,310069.43921742484,2.889351168,0.321803103540834,
5520,3.00390625,0.0003513455328310011,310113.5379122848,2.894594048,0.30660883956432805,
5530,3.23828125,0.000351237890204521,310121.8422080594,2.899836928,0.2112561379352105,
5540,2.31640625,0.0003511302475780409,310165.1949177776,2.905079808,0.99582083726835,
5550,3.64453125,0.00035102260495156084,310208.39677013806,2.910322688,0.25178063423636443,
5560,3.60546875,0.00035091496232508076,310251.28232738905,2.915565568,0.14326315001085801,
5570,3.65234375,0.00035080731969860067,310293.98500111233,2.920808448,0.27307922878176943,
5580,3.59375,0.0003506996770721206,310336.7560371792,2.926051328,0.18569400016580012,
5590,3.5546875,0.0003505920344456405,310310.1191149407,2.931294208,0.15154777827566374,
5600,3.546875,0.00035048439181916037,310352.6093567992,2.936537088,0.13105049551495004,
5610,3.20703125,0.00035037674919268034,310196.26153349417,2.941779968,0.3205530462121855,
5620,3.58203125,0.0003502691065662002,310014.8645818962,2.947022848,0.3006289444341361,
5630,3.66015625,0.0003501614639397202,309976.63461228454,2.952265728,0.18833078837650313,
5640,3.58203125,0.00035005382131324004,309226.2915069636,2.957508608,0.22826476511990487,
5650,3.6171875,0.00034994617868676,308319.74116767733,2.962751488,0.17303215919159,
5660,2.54296875,0.00034983853606027987,308322.6940487257,2.967994368,0.7292890787618792,
5670,2.27734375,0.0003497308934337998,308368.4149855836,2.973237248,0.3308218593438274,
5680,3.54296875,0.0003496232508073197,308413.25259750395,2.978480128,1.0043911967422348,
5690,3.62890625,0.0003495156081808396,308458.78438901145,2.983723008,0.11374708704198448,
5700,3.60546875,0.00034940796555435954,308504.0696957112,2.988965888,0.11982064100572701,
5710,3.546875,0.00034930032292787946,308548.5681222117,2.994208768,0.11681345866221643,
5720,3.54296875,0.0003491926803013994,308507.80831555184,2.999451648,0.2914779430792471,
5730,3.484375,0.0003490850376749193,308423.2015234609,3.004694528,0.14451059472805064,
5740,3.61328125,0.0003489773950484392,308298.5205967569,3.009937408,0.16954802789898052,
5750,3.65234375,0.0003488697524219591,308332.9090616203,3.015180288,0.22896365536631852,
5760,3.609375,0.000348762109795479,308185.9209243411,3.020423168,0.1267649263062474,
5770,3.64453125,0.00034865446716899896,308208.0483773502,3.025666048,0.23300173284038145,
5780,2.3125,0.0003485468245425189,308150.5830364276,3.030908928,0.7520875684084191,
5790,3.61328125,0.0003484391819160388,308172.5898068364,3.036151808,0.19093223576197438,
5800,3.51953125,0.00034833153928955866,308217.3296951014,3.041394688,0.12057780317221704,
5810,3.28515625,0.0003482238966630786,308173.8315573643,3.046637568,0.16164363202564874,
5820,2.33984375,0.00034811625403659855,308192.9883349198,3.051880448,0.29083942115788064,
5830,3.6953125,0.0003480086114101184,308235.6550095398,3.057123328,0.12412823972113654,
5840,3.67578125,0.0003479009687836383,308280.1512614129,3.062366208,0.12579600782335984,
5850,3.65625,0.00034779332615715824,308324.90882522386,3.067609088,0.16149329013860128,
5860,3.609375,0.00034768568353067816,308368.4011622711,3.072851968,0.17619781894245826,
5870,3.5859375,0.0003475780409041981,308412.25697725324,3.078094848,0.14693115141213217,
5880,2.21484375,0.000347470398277718,308419.1287253889,3.083337728,0.7272005452348693,
5890,3.84375,0.0003473627556512379,308462.64218579803,3.088580608,0.21327250428048544,
5900,2.142578125,0.00034725511302475783,308472.042016276,3.093823488,0.46656199752829786,
5910,3.64453125,0.00034714747039827775,308488.6483279976,3.099066368,0.18602046160305935,
5920,2.21875,0.0003470398277717976,308410.0141709213,3.104309248,0.6838229045256367,
5930,3.515625,0.0003469321851453176,308453.7532331219,3.109552128,0.14819909309496693,
5940,2.08984375,0.0003468245425188375,308496.80817920796,3.114795008,0.31804011696401774,
5950,3.53125,0.00034671689989235736,308474.92934725387,3.120037888,0.11778611661682903,
5960,3.5625,0.00034660925726587733,308406.62790150696,3.125280768,0.11246478771479614,
5970,3.80078125,0.0003465016146393972,308449.9814489798,3.130523648,0.21423408747075542,
5980,3.4921875,0.00034639397201291717,308484.0296547639,3.135766528,0.37481011758153704,
5990,3.05078125,0.00034628632938643703,308524.5541909864,3.141009408,0.23472299838802893,
6000,3.859375,0.00034617868675995695,308567.5338768765,3.146252288,0.13875287683512535,
6000,,,,,,0.0
6010,3.625,0.00034607104413347686,308261.1254128301,3.151495168,0.14989644914184724,
6020,3.4921875,0.0003459634015069968,308087.4538634661,3.156738048,0.2134186455384048,
6030,3.078125,0.0003458557588805167,307954.349303908,3.161980928,0.26722813779466614,
6040,3.4921875,0.0003457481162540366,307985.1002502247,3.167223808,0.1429717953296927,
6050,3.53125,0.00034564047362755653,308024.70702469506,3.172466688,0.23842236793750038,
6060,2.65234375,0.00034553283100107645,308067.79490880074,3.177709568,0.3328752503383264,
6070,3.06640625,0.00034542518837459636,308098.4155748222,3.182952448,0.2085726789147522,
6080,3.62890625,0.0003453175457481163,308140.62228362955,3.188195328,0.18315901699846973,
6090,3.83984375,0.00034520990312163614,308182.64217349683,3.193438208,0.12370550984130978,
6100,3.5546875,0.0003451022604951561,308213.87417800725,3.198681088,0.17211185481751914,
6110,3.53515625,0.00034499461786867603,308255.7459120392,3.203923968,0.2029252328258975,
6120,2.44140625,0.00034488697524219595,308297.8645572816,3.209166848,0.5951330624064357,
6130,3.66015625,0.0003447793326157158,308339.6884778982,3.214409728,0.17654328851271092,
6140,3.68359375,0.00034467168998923573,308303.49161569955,3.219652608,0.24001051230706047,
6150,2.14453125,0.0003445640473627557,308345.3497834825,3.224895488,0.36627546865472793,
6160,3.23828125,0.00034445640473627556,308386.46014308283,3.230138368,0.2380856383798776,
6170,3.58984375,0.0003443487621097955,308427.7787837592,3.235381248,0.27705178100764943,
6180,3.609375,0.0003442411194833154,308458.2563833301,3.240624128,0.16412023270166315,
6190,2.171875,0.00034413347685683537,308472.5212760853,3.245867008,0.3797261919436996,
6200,3.34375,0.00034402583423035523,308513.7989461024,3.251109888,0.17211052264037932,
6210,2.95703125,0.00034391819160387515,308490.69711008744,3.256352768,0.2619860284739829,
6220,3.69140625,0.00034381054897739507,308524.7965425042,3.261595648,0.36807071454258583,
6230,3.640625,0.000343702906350915,308565.7270877101,3.266838528,0.1590745199835223,
6240,2.21484375,0.0003435952637244349,308573.8779287608,3.272081408,0.4291522466340891,
6250,3.5,0.00034348762109795476,308614.4054282374,3.277324288,0.22576593783686075,
6260,3.01953125,0.00034337997847147474,308644.516698607,3.282567168,0.2308919239442961,
6270,3.71875,0.00034327233584499465,308661.7997576441,3.287810048,0.2505217010488893,
6280,3.1328125,0.00034316469321851457,308455.6826169762,3.293052928,0.207255456560063,
6290,3.6015625,0.00034305705059203443,308481.4813977829,3.298295808,0.1381899658923107,
6300,3.546875,0.00034294940796555435,308455.2944943515,3.303538688,0.16201536779576942,
6310,2.3984375,0.0003428417653390743,308481.20535032253,3.308781568,0.9271084994033648,
6320,3.01953125,0.0003427341227125942,308521.16417671496,3.314024448,0.17635318906016992,
6330,3.70703125,0.00034262648008611416,308561.58284176874,3.319267328,0.2750985329569936,
6340,3.0078125,0.000342518837459634,308588.17335119547,3.324510208,0.3286471386181408,
6350,2.3359375,0.00034241119483315394,308564.51227939373,3.329753088,0.5194523022663506,
6360,3.7265625,0.00034230355220667385,308604.9987553053,3.334995968,0.14356452848555673,
6370,2.296875,0.00034219590958019377,308601.0744978496,3.340238848,0.4529842441996512,
6380,2.3828125,0.0003420882669537137,308640.64756245055,3.345481728,0.592355605606405,
6390,3.5625,0.0003419806243272336,308674.243216699,3.350724608,0.13473057201259375,
6400,2.453125,0.0003418729817007535,308699.73542245204,3.355967488,0.7096301114758032,
6410,3.6328125,0.00034176533907427344,308739.42089104967,3.361210368,0.14297641470509934,
6420,3.55859375,0.00034165769644779336,308778.40975610126,3.366453248,0.12001433203158503,
6430,3.609375,0.00034155005382131327,308806.64625708386,3.371696128,0.12391429164574723,
6440,3.60546875,0.00034144241119483314,308826.52312264364,3.376939008,0.19757701645060252,
6450,2.15625,0.0003413347685683531,308865.303528655,3.382181888,0.286716812427019,
6460,3.50390625,0.00034122712594187297,308904.26064568013,3.387424768,0.1348738906870284,
6470,3.57421875,0.00034111948331539294,308942.75111750443,3.392667648,0.15156141331071182,
6480,3.61328125,0.0003410118406889128,308952.06016098,3.397910528,0.12658207027517465,
6490,2.82421875,0.0003409041980624327,308991.1812822168,3.403153408,0.2586203141732059,
6500,3.02734375,0.00034079655543595264,309029.9129592401,3.408396288,0.31155245497210565,
6500,,,,,,0.0
6510,3.5078125,0.00034068891280947255,309067.99694993114,3.413639168,0.23306809588917254,
6520,3.48828125,0.0003405812701829925,309094.2952234361,3.418882048,0.19424076975066462,
6530,3.53125,0.0003404736275565124,309131.8873723817,3.424124928,0.13020405856637182,
6540,3.61328125,0.0003403659849300323,309164.87327848404,3.429367808,0.14867354277337647,
6550,3.5234375,0.0003402583423035522,309202.586705361,3.434610688,0.151103255535536,
6560,3.515625,0.00034015069967707214,309240.63598365214,3.439853568,0.14955265808695495,
6570,3.01953125,0.00034004305705059206,309184.0056909381,3.445096448,0.3214559233079579,
6580,2.171875,0.0003399354144241119,309145.4215312591,3.450339328,0.7323855503656078,
6590,3.59765625,0.0003398277717976319,309183.44307609455,3.455582208,0.15586850257317564,
6600,3.46875,0.0003397201291711518,309221.356078107,3.460825088,0.2140144969047105,
6610,3.56640625,0.0003396124865446717,309236.00071606634,3.466067968,0.11966327055559123,
6620,3.53125,0.0003395048439181916,309273.9638601576,3.471310848,0.11160156255241786,
6630,3.6171875,0.0003393972012917115,309296.82301067276,3.476553728,0.2157077061568342,
6640,3.6328125,0.0003392895586652315,309324.60866628424,3.481796608,0.13587135667311498,
6650,3.625,0.00033918191603875134,309362.2935914047,3.487039488,0.14005730051874804,
6660,3.625,0.00033907427341227126,309400.0267167874,3.492282368,0.10911172374430515,
6670,3.6015625,0.0003389666307857912,309369.5059641844,3.497525248,0.180604363236849,
6680,3.42578125,0.00033885898815931115,309407.00411838153,3.502768128,0.22377241179999038,
6690,3.203125,0.000338751345532831,309444.0707687304,3.508011008,0.2514684015606184,
6700,3.59765625,0.0003386437029063509,309406.76002985693,3.513253888,0.2110215493717684,
6710,3.59765625,0.00033853606027987084,309444.1380804492,3.518496768,0.1608563651439938,
6720,3.43359375,0.00033842841765339076,309481.2518644538,3.523739648,0.11916282871540664,
6730,3.58203125,0.0003383207750269107,309489.22203797224,3.528982528,0.11093675857658074,
6740,3.609375,0.0003382131324004306,309525.58376563987,3.534225408,0.25894740501288344,
6750,3.6328125,0.0003381054897739505,309562.03524220124,3.539468288,0.358338838230573,
6760,3.58203125,0.00033799784714747043,309577.6601918005,3.544711168,0.2175488569911266,
6770,2.39453125,0.0003378902045209903,309613.8148011205,3.549954048,0.32098440142750934,
6780,3.4296875,0.00033778256189451026,309566.70051399875,3.555196928,0.15985146545056267,
6790,3.7890625,0.0003376749192680301,309598.7020010768,3.560439808,0.14989282676153423,
6800,3.5625,0.0003375672766415501,309634.6590733244,3.565682688,0.14917338828365184,
6810,3.6796875,0.00033745963401506996,309671.0697863182,3.570925568,0.14858675446515862,
6820,3.5234375,0.00033735199138858993,309706.99294552417,3.576168448,0.18704775459722442,
6830,3.55078125,0.0003372443487621098,309742.56142714305,3.581411328,0.21537876704502626,
6840,3.55078125,0.0003371367061356297,309727.72215263476,3.586654208,0.11938818451454433,
6850,1.91796875,0.00033702906350914963,309726.86410843494,3.591897088,0.42446813062554406,
6860,3.61328125,0.00033692142088266955,309749.428458107,3.597139968,0.15278491773845754,
6870,2.37890625,0.00033681377825618946,309754.3038203247,3.602382848,0.5162293923356343,
6880,3.52734375,0.0003367061356297094,309789.7116895769,3.607625728,0.15325996668706682,
6890,3.62890625,0.0003365984930032293,309824.7567854763,3.612868608,0.2504352840816465,
6900,3.44140625,0.0003364908503767492,309859.8035573861,3.618111488,0.11912174116845918,
6910,3.421875,0.0003363832077502691,309894.88501682325,3.623354368,0.1207185959009275,
6920,3.54296875,0.00033627556512378905,309912.201118238,3.628597248,0.1259013274112901,
6930,2.087890625,0.00033616792249730896,309946.94062562275,3.633840128,0.3552533494415009,
6940,3.58984375,0.0003360602798708289,309982.2255156775,3.639083008,0.14127849832583392,
6950,3.5390625,0.00033595263724434874,310017.5523758655,3.644325888,0.10673654300016198,
6960,3.44921875,0.0003358449946178687,310052.4763888844,3.649568768,0.1812885104167921,
6970,2.98046875,0.00033573735199138863,310087.3992797714,3.654811648,0.5353948247065936,
6980,3.421875,0.0003356297093649085,310120.19515792106,3.660054528,0.14601219964869866,
6990,3.55078125,0.0003355220667384284,310101.2438647893,3.665297408,0.21306649764418795,
7000,3.05859375,0.00033541442411194833,310136.0501803177,3.670540288,0.15201401528983324,
7000,,,,,,0.0
7010,3.41796875,0.0003353067814854683,309945.2035857226,3.675783168,0.2202849498710305,
7020,3.51171875,0.00033519913885898816,309973.3919103726,3.681026048,0.1471434410800402,
7030,3.5625,0.0003350914962325081,310007.8418394464,3.686268928,0.12483503485943567,
7040,3.3515625,0.000334983853606028,310040.6836997373,3.691511808,0.11801304600670455,
7050,2.8671875,0.0003348762109795479,309974.23726704036,3.696754688,0.16588830331429208,
7060,3.53515625,0.00033476856835306783,310008.3756648313,3.701997568,0.18609329872945107,
7070,3.48828125,0.00033466092572658775,310042.8704889678,3.707240448,0.12889654023223027,
7080,3.51953125,0.00033455328310010767,310077.2539914039,3.712483328,0.16318713309017177,
7090,3.3828125,0.0003344456404736276,310100.9296859454,3.717726208,0.20169365713904466,
7100,3.56640625,0.0003343379978471475,310135.29502979456,3.722969088,0.19041189094053868,
7110,3.58203125,0.0003342303552206674,310169.5172017011,3.728211968,0.3108070240142106,
7120,3.34375,0.0003341227125941873,310203.2332380366,3.733454848,0.412487653711552,
7130,2.7578125,0.00033401506996770725,310236.72206042294,3.738697728,0.2004583798353045,
7140,2.9140625,0.0003339074273412271,310189.32369987364,3.743940608,0.19579814148313898,
7150,3.51953125,0.0003337997847147471,310221.0756449358,3.749183488,0.13352744129682712,
7160,3.0234375,0.00033369214208826695,310241.81639477675,3.754426368,0.21544906550002982,
7170,3.015625,0.00033358449946178687,310275.2559955056,3.759669248,0.2947893069765208,
7180,3.46875,0.0003334768568353068,310308.31240519613,3.764912128,0.1342877721072849,
7190,2.3828125,0.0003333692142088267,310268.9142483181,3.770155008,0.3914837339982039,
7200,3.55078125,0.0003332615715823466,310300.816475933,3.775397888,0.12986370574376013,
7210,2.75390625,0.00033315392895586654,310326.2980075023,3.780640768,0.1805598718096116,
7220,3.4765625,0.00033304628632938645,310335.9110570823,3.785883648,0.13444184886322372,
7230,3.55078125,0.00033293864370290637,310369.2344713257,3.791126528,0.16008391596053395,
7240,3.4921875,0.0003328310010764263,310402.3953812022,3.796369408,0.17721231013737,
7250,2.47265625,0.0003327233584499462,310435.71228994767,3.801612288,0.40962277293680344,
7260,3.49609375,0.0003326157158234661,310468.80641149025,3.806855168,0.12048759029018438,
7270,3.0625,0.00033250807319698604,310489.22088061186,3.812098048,0.1752650436537676,
7280,2.73046875,0.0003324004305705059,310522.18117620714,3.817340928,0.28295964403185886,
7290,2.8203125,0.00033229278794402587,310555.06432003825,3.822583808,0.3332589574827609,
7300,3.58203125,0.0003321851453175458,310587.46494599537,3.827826688,0.1605712391731123,
7310,2.3046875,0.00033207750269106565,310620.2714639455,3.833069568,0.21667981521270302,
7320,3.48046875,0.00033196986006458557,310652.57828089,3.838312448,0.1627376269098961,
7330,3.58203125,0.0003318622174381055,310682.6661717531,3.843555328,0.12737177299599275,
7340,2.3671875,0.00033175457481162546,310714.3364767682,3.848798208,0.2275519442691533,
7350,2.86328125,0.0003316469321851453,310746.417532345,3.854041088,0.19774762935011986,
7360,3.53125,0.00033153928955866524,310778.2798682006,3.859283968,0.21160498911050574,
7370,2.16015625,0.00033143164693218515,310810.2642317538,3.864526848,0.4220750328737342,
7380,3.484375,0.00033132400430570507,310817.83250268776,3.869769728,0.22398702189129266,
7390,2.40625,0.000331216361679225,310849.23109777976,3.875012608,0.4297632088332152,
7400,3.5078125,0.00033110871905274485,310880.82595408265,3.880255488,0.17694373009531725,
7410,3.49609375,0.0003310010764262648,310912.7660859911,3.885498368,0.15206206646002182,
7420,3.5546875,0.00033089343379978474,310944.45203539677,3.890741248,0.12743394944671543,
7430,3.46875,0.00033078579117330466,310932.2099002036,3.895984128,0.11981610794890395,
7440,3.5390625,0.0003306781485468246,310964.0069272504,3.901227008,0.13294637423963807,
7450,3.52734375,0.00033057050592034444,310994.6322376481,3.906469888,0.11476974139402572,
7460,2.85546875,0.0003304628632938644,311025.82248671807,3.911712768,0.1530020761948086,
7470,3.55078125,0.00033035522066738427,311057.2044752904,3.916955648,0.12677767981584787,
7480,3.47265625,0.00033024757804090424,311074.34779641737,3.922198528,0.23586816056779053,
7490,3.50390625,0.0003301399354144241,311105.5602572158,3.927441408,0.24663358659280513,
7500,2.5546875,0.0003300322927879441,311136.69536530774,3.932684288,0.5481459067016773,
7500,,,,,,0.0
7510,3.62890625,0.00032992465016146394,311154.0547976915,3.937927168,0.14769005132600518,
7520,3.5234375,0.00032981700753498386,311181.8386204643,3.943170048,0.14718125822820083,
7530,3.46484375,0.0003297093649085038,311212.7016039683,3.948412928,0.13674047286342622,
7540,3.484375,0.0003296017222820237,311242.5623998809,3.953655808,0.13674346752812871,
7550,3.52734375,0.0003294940796555436,311273.47311648366,3.958898688,0.11546388682157137,
7560,3.37109375,0.0003293864370290635,311304.26720492064,3.964141568,0.16433753661055242,
7570,3.5390625,0.00032927879440258344,311331.7635905405,3.969384448,0.11632769591124537,
7580,3.44140625,0.00032917115177610336,311361.95778503636,3.974627328,0.1346652437920825,
7590,1.974609375,0.0003290635091496233,311392.10674741387,3.979870208,0.4924612745450974,
7600,2.4453125,0.0003289558665231432,311422.2360073342,3.985113088,0.791161144578737,
7610,2.953125,0.00032884822389666306,311452.40366230253,3.990355968,0.2339947287469077,
7620,3.51171875,0.00032874058127018303,311482.58420708496,3.995598848,0.1395882777744516,
7630,3.0625,0.00032863293864370295,311512.5530495037,4.000841728,0.23885891609498824,
7640,3.6015625,0.00032852529601722286,311542.0360060331,4.006084608,0.25391194348896645,
7650,3.45703125,0.0003284176533907427,311571.49913335696,4.011327488,0.16790449989421471,
7660,3.54296875,0.00032831001076426264,311545.83092750434,4.016570368,0.1359883128166086,
7670,3.53125,0.0003282023681377826,311543.18356473773,4.021813248,0.12398069649061703,
7680,3.5,0.0003280947255113025,311548.6411637218,4.027056128,0.19210307229929457,
7690,3.15234375,0.0003279870828848224,311572.58252352703,4.032299008,0.38930073029265044,
7700,3.37890625,0.0003278794402583423,311589.33994381694,4.037541888,0.17562997165763625,
7710,3.55859375,0.00032777179763186223,311618.8390707708,4.042784768,0.1454842010382345,
7720,2.96484375,0.00032766415500538215,311598.78088201804,4.048027648,0.241555902074749,
7730,2.4453125,0.00032755651237890206,311628.11583827157,4.053270528,0.8125067610267543,
7740,3.5,0.000327448869752422,311655.4759571111,4.058513408,0.15397559859816448,
7750,3.40234375,0.0003273412271259419,311685.2152850904,4.063756288,0.10937020211220512,
7760,3.4375,0.0003272335844994618,311714.8458256737,4.068999168,0.13445564789670741,
7770,3.4921875,0.0003271259418729817,311739.3575304844,4.074242048,0.11872410301070864,
7780,2.27734375,0.00032701829924650165,311763.3842226381,4.079484928,0.44185148369912386,
7790,3.46875,0.00032691065662002156,311770.5283781182,4.084727808,0.13174237303309883,
7800,3.5390625,0.00032680301399354143,311799.8528682773,4.089970688,0.14129348296029753,
7810,3.53125,0.0003266953713670614,311792.0848291472,4.095213568,0.1982133992749598,
7820,3.3671875,0.00032658772874058126,311797.41518250084,4.100456448,0.17764866114910627,
7830,3.50390625,0.00032648008611410123,311826.1565864372,4.105699328,0.18931785577729873,
7840,3.5,0.0003263724434876211,311854.75569837255,4.110942208,0.19011616517749969,
7850,3.68359375,0.000326264800861141,311883.7493812352,4.116185088,0.14392968498370692,
7860,3.4140625,0.00032615715823466093,311912.60906872695,4.121427968,0.11876225668477591,
7870,3.0625,0.00032604951560818085,311941.3232078581,4.126670848,0.17216880042964197,
7880,3.44140625,0.00032594187298170076,311969.72950516385,4.131913728,0.24169137876258442,
7890,1.6357421875,0.0003258342303552207,311998.27101149014,4.137156608,0.6046360313274394,
7900,3.55078125,0.0003257265877287406,312026.5381882194,4.142399488,0.14877498281912677,
7910,3.41015625,0.0003256189451022605,312054.24010470306,4.147642368,0.24910935185995728,
7920,3.47265625,0.00032551130247578043,312082.8772963926,4.152885248,0.15775244215041045,
7930,3.4921875,0.00032540365984930035,311971.2990026011,4.158128128,0.1214904602325988,
7940,3.53125,0.0003252960172228202,311999.6279022534,4.163371008,0.16496703405031418,
7950,3.4921875,0.0003251883745963402,312026.37041961844,4.168613888,0.2069897550145544,
7960,2.9375,0.00032508073196986005,312051.95703070675,4.173856768,0.1851468420352008,
7970,2.1484375,0.00032497308934338,312079.62324663287,4.179099648,0.4421784701555853,
7980,3.44921875,0.0003248654467168999,312084.9271978763,4.184342528,0.23118334309097285,
7990,3.06640625,0.00032475780409041985,312113.04095713916,4.189585408,0.28409278098300444,
8000,2.98046875,0.00032465016146393977,312137.302729927,4.194828288,0.27375446959942007,
8000,,,,,,0.0
8010,3.6171875,0.00032454251883745963,311972.79522593983,4.200071168,0.65788409620197,
8020,3.52734375,0.00032443487621097955,312001.702988919,4.205314048,0.1703978343161231,
8030,3.48828125,0.00032432723358449947,312030.0430652397,4.210556928,0.13774787197715366,
8040,3.54296875,0.00032421959095801944,312058.43058104796,4.215799808,0.12943475276760705,
8050,2.25390625,0.0003241119483315393,312086.30714108114,4.221042688,0.25053053296362443,
8060,3.390625,0.0003240043057050592,312109.8381868991,4.226285568,0.1506799465481546,
8070,2.2578125,0.00032389666307857914,312138.0832957381,4.231528448,0.7030060021273821,
8080,2.25390625,0.00032378902045209905,312130.5734500455,4.236771328,0.38487315800587596,
8090,2.8046875,0.00032368137782561897,312157.97381611087,4.242014208,0.9961393853622891,
8100,3.125,0.00032357373519913883,312185.5296821584,4.247257088,0.19994617823441332,
8110,3.421875,0.0003234660925726588,312168.36437219806,4.252499968,0.1124391454211373,
8120,3.5078125,0.0003233584499461787,312182.3741160347,4.257742848,0.14552675758528294,
8130,2.20703125,0.00032325080731969864,312209.85619515105,4.262985728,0.34281170761639,
8140,3.390625,0.0003231431646932185,312224.4132924293,4.268228608,0.20013554145493234,
8150,3.41015625,0.0003230355220667384,312251.7685222294,4.273471488,0.14351556236983726,
8160,3.4453125,0.0003229278794402584,312279.0640215292,4.278714368,0.12959883906889824,
8170,1.990234375,0.00032282023681377825,312306.09193705115,4.283957248,0.30413598036737455,
8180,3.296875,0.0003227125941872982,312332.9711969433,4.289200128,0.15567438103507103,
8190,3.43359375,0.0003226049515608181,312338.46178026067,4.294443008,0.17969311201411262,
8200,3.5859375,0.000322497308934338,312365.3912014744,4.299685888,0.1560995545429895,
8210,3.44921875,0.0003223896663078579,312392.3062667185,4.304928768,0.2621151305093486,
8220,3.41015625,0.00032228202368137784,312418.5515771429,4.310171648,0.24100887428992723,
8230,3.4765625,0.00032217438105489775,312443.10118275665,4.315414528,0.12219958085872765,
8240,3.5,0.00032206673842841767,312457.14411195676,4.320657408,0.14782058811108792,
8250,2.20703125,0.0003219590958019376,312483.6212433926,4.325900288,0.21696510181262432,
8260,3.51171875,0.0003218514531754575,312510.31740850606,4.331143168,0.2264372830524948,
8270,3.40234375,0.0003217438105489774,312537.0383547554,4.336386048,0.21925218956389253,
8280,3.62109375,0.00032163616792249734,312563.7196197201,4.341628928,0.19765713482863986,
8290,3.52734375,0.0003215285252960172,312590.17246158695,4.346871808,0.23385484852492436,
8300,3.0234375,0.0003214208826695372,312616.80434581544,4.352114688,0.15702447063286873,
8310,3.56640625,0.00032131324004305704,312643.3559069874,4.357357568,0.13403888142519563,
8320,2.21875,0.000321205597416577,312478.39580502186,4.362600448,0.7640965599799029,
8330,3.5,0.00032109795479009687,312505.2995619686,4.367843328,0.14629760925331023,
8340,3.5859375,0.0003209903121636168,312486.4901699553,4.373086208,0.23984675258953078,
8350,3.4296875,0.0003208826695371367,312512.95842747565,4.378329088,0.15689063285516006,
8360,3.515625,0.0003207750269106566,312539.31591246143,4.383571968,0.17196440855563744,
8370,2.09765625,0.0003206673842841766,312565.6669406216,4.388814848,0.6328560856803656,
8380,3.5625,0.00032055974165769646,312588.2116117601,4.394057728,0.1449511237787272,
8390,3.34375,0.0003204520990312164,312563.1124404331,4.399300608,0.10792587246876945,
8400,3.52734375,0.0003203444564047363,312554.97639912344,4.404543488,0.11002124184527752,
8410,3.39453125,0.0003202368137782562,312581.2512448748,4.409786368,0.10777967928064118,
8420,2.8984375,0.0003201291711517761,312607.5209621736,4.415029248,0.15457384561436385,
8430,2.8828125,0.000320021528525296,312633.7912379878,4.420272128,0.16274347237408543,
8440,3.3984375,0.00031991388589881596,312659.5605952171,4.425515008,0.12032285953116921,
8450,2.0078125,0.0003198062432723359,312661.2727581082,4.430757888,0.512054876279709,
8460,2.92578125,0.0003196986006458558,312687.5377213653,4.436000768,0.42980847265288363,
8470,3.11328125,0.00031959095801937566,312713.5081808657,4.441243648,0.429730874473239,
8480,3.41796875,0.0003194833153928956,312739.63335610135,4.446486528,0.12454359201422462,
8490,3.5546875,0.00031937567276641555,312765.45737508347,4.451729408,0.13628981851894414,
8500,2.9609375,0.0003192680301399354,312734.47150670574,4.456972288,0.1773735158484068,
8500,,,,,,0.0
8510,3.45703125,0.0003191603875134553,312760.328897797,4.462215168,0.1228066771759907,
8520,3.58203125,0.00031905274488697524,312786.0653975276,4.467458048,0.11538416854520779,
8530,3.29296875,0.0003189451022604952,312812.1011369597,4.472700928,0.13266240742195123,
8540,2.33203125,0.0003188374596340151,312837.83492284745,4.477943808,0.33858401787930636,
8550,3.6015625,0.000318729817007535,312850.08636392676,4.483186688,0.17083166343565578,
8560,2.8828125,0.0003186221743810549,312865.3839229896,4.488429568,0.3824259852039031,
8570,3.53125,0.00031851453175457483,312890.8222099753,4.493672448,0.1314582655445811,
8580,3.55078125,0.00031840688912809475,312915.28468483733,4.498915328,0.14279699131541454,
8590,3.33984375,0.00031829924650161466,312940.7152230893,4.504158208,0.13417982180962826,
8600,3.46875,0.0003181916038751346,312966.075210902,4.509401088,0.16595472617506993,
8610,2.107421875,0.0003180839612486545,312991.66313394206,4.514643968,0.3129526211233771,
8620,2.19921875,0.00031797631862217436,313009.2476024321,4.519886848,0.22903787655204633,
8630,3.4609375,0.00031786867599569433,313008.78788710636,4.525129728,0.2810382905152522,
8640,2.765625,0.0003177610333692142,313033.9978167214,4.530372608,0.2948487793776823,
8650,3.47265625,0.00031765339074273416,313059.1964461996,4.535615488,0.2717206080106055,
8660,3.48828125,0.00031754574811625403,313072.3608310894,4.540858368,0.16995348327794885,
8670,3.3515625,0.000317438105489774,313097.02188489796,4.546101248,0.2057410941249394,
8680,3.46875,0.00031733046286329386,313071.26001507445,4.551344128,0.12577975599139993,
8690,3.3828125,0.0003172228202368138,313096.56093209493,4.556587008,0.15593846083089155,
8700,3.0234375,0.0003171151776103337,313121.8170944875,4.561829888,0.1581368225312694,
8710,2.40625,0.0003170075349838536,313147.1586694577,4.567072768,0.535519783011775,
8720,2.3046875,0.00031689989235737353,313172.11971586087,4.572315648,0.2591089275300361,
8730,3.56640625,0.00031679224973089345,313172.3266824262,4.577558528,0.14131477706774695,
8740,3.53515625,0.00031668460710441336,313197.0892422572,4.582801408,0.1559860686182749,
8750,3.61328125,0.0003165769644779333,313159.5996482217,4.588044288,0.1342338273009636,
8760,3.49609375,0.00031646932185145314,313184.38293930504,4.593287168,0.15629990304695296,
8770,3.640625,0.0003163616792249731,313200.5751526668,4.598530048,0.18950400838310108,
8780,3.3828125,0.00031625403659849303,313224.9872860249,4.603772928,0.14522038160678713,
8790,3.46875,0.00031614639397201295,313249.28351409826,4.609015808,0.14251041102509715,
8800,2.28515625,0.0003160387513455328,313273.5450812577,4.614258688,0.23217704851513826,
8810,2.98046875,0.0003159311087190528,313297.76593614655,4.619501568,0.16695627737120092,
8820,3.390625,0.0003158234660925727,313321.94740972394,4.624744448,0.13015749034802482,
8830,3.53125,0.00031571582346609256,313247.50958051457,4.629987328,0.12310433939155027,
8840,3.40625,0.0003156081808396125,313271.94013318006,4.635230208,0.25198376688106533,
8850,3.44140625,0.0003155005382131324,313283.78045871947,4.640473088,0.17828423720444275,
8860,3.12109375,0.00031539289558665237,313307.67529143044,4.645715968,0.21501716315524427,
8870,3.51953125,0.00031528525296017223,313331.58075147914,4.650958848,0.24325453056351573,
8880,2.1953125,0.00031517761033369215,313335.09922007605,4.656201728,0.7007665343286074,
8890,2.91796875,0.00031506996770721207,313309.5622770372,4.661444608,0.27638944284235434,
8900,3.01171875,0.000314962325080732,313290.4157607209,4.666687488,0.23140099837378522,
8910,3.51171875,0.0003148546824542519,313306.3240694056,4.671930368,0.11651156308985308,
8920,3.4296875,0.0003147470398277718,313322.67106564704,4.677173248,0.12272758011404067,
8930,3.44921875,0.00031463939720129174,313346.9149477268,4.682416128,0.14582680677561552,
8940,3.49609375,0.00031453175457481165,313371.10986688605,4.687659008,0.17617269983893025,
8950,2.84375,0.00031442411194833157,313395.01161081286,4.692901888,0.16605903126533825,
8960,2.1328125,0.0003143164693218515,313392.98401548015,4.698144768,0.7672884859691661,
8970,2.9375,0.00031420882669537135,313416.6650313871,4.703387648,0.35462200106892683,
8980,3.37890625,0.0003141011840688913,313440.74540101725,4.708630528,0.11630930067403847,
8990,3.46875,0.0003139935414424112,313464.39182702533,4.713873408,0.11183062791729734,
9000,3.46875,0.00031388589881593116,313488.17513818044,4.719116288,0.12726603834381914,
9000,,,,,,0.0
9010,3.00390625,0.000313778256189451,313322.37094373174,4.724359168,0.19549403511475918,
9020,3.0859375,0.00031367061356297094,313332.5647599729,4.729602048,0.2349567549764881,
9030,3.4609375,0.00031356297093649085,313347.2180907303,4.734844928,0.12567107241711617,
9040,3.26953125,0.00031345532831001077,313370.92724613217,4.740087808,0.12072925890076562,
9050,2.87890625,0.0003133476856835307,313394.5390750892,4.745330688,0.24219634687149547,
9060,2.54296875,0.0003132400430570506,313418.25488558895,4.750573568,0.20563810518400735,
9070,3.46875,0.0003131324004305705,313441.77457649785,4.755816448,0.1761468509976065,
9080,3.50390625,0.00031302475780409044,313456.40723585984,4.761059328,0.11572925662582488,
9090,2.875,0.00031291711517761035,313479.78352647,4.766302208,0.20240525446400773,
9100,3.63671875,0.00031280947255113027,313503.1777479277,4.771545088,0.21908876137987887,
9110,3.4140625,0.0003127018299246502,313526.8460958329,4.776787968,0.12812623712353888,
9120,3.03125,0.0003125941872981701,313550.43506035616,4.782030848,0.21166210394521928,
9130,3.51171875,0.00031248654467168997,313573.56688192114,4.787273728,0.2382641597056591,
9140,3.453125,0.00031237890204520994,313580.9514222281,4.792516608,0.13726540480877752,
9150,2.06640625,0.00031227125941872986,313604.40236300125,4.797759488,0.24813621547019313,
9160,2.42578125,0.0003121636167922497,313627.51524591836,4.803002368,0.2599537487178502,
9170,3.4609375,0.00031205597416576964,313650.77805704187,4.808245248,0.11759610307313034,
9180,2.1875,0.00031194833153928955,313674.0487314532,4.813488128,0.5923798181540494,
9190,3.3828125,0.0003118406889128095,313680.0779014029,4.818731008,0.11878978078109295,
9200,3.0546875,0.0003117330462863294,313703.216774956,4.823973888,0.2324126722961872,
9210,2.875,0.0003116254036598493,313726.14327592804,4.829216768,0.28992353285451083,
9220,3.50390625,0.0003115177610333692,313749.0534505561,4.834459648,0.16652954549687873,
9230,3.54296875,0.00031141011840688914,313771.85656613426,4.839702528,0.15045028541508243,
9240,3.46484375,0.00031130247578040906,313794.83456633263,4.844945408,0.154932109632351,
9250,3.43359375,0.0003111948331539289,313802.2190257237,4.850188288,0.1340540148265969,
9260,3.140625,0.0003110871905274489,313814.11403620685,4.855431168,0.18166472165930375,
9270,3.40625,0.0003109795479009688,313836.4647496177,4.860674048,0.15713754425790707,
9280,3.38671875,0.0003108719052744887,313858.88861372863,4.865916928,0.17530325944435166,
9290,2.060546875,0.00031076426264800864,313881.47209177545,4.871159808,0.197888100848695,
9300,3.5234375,0.00031065662002152856,313903.977671264,4.876402688,0.19250862829915227,
9310,1.890625,0.0003105489773950485,313918.74063490774,4.881645568,0.35446579784022064,
9320,2.94921875,0.00031044133476856834,313941.1036309671,4.886888448,0.16836790861697132,
9330,1.04296875,0.0003103336921420883,313963.4277073455,4.892131328,0.479403941745806,
9340,3.08984375,0.0003102260495156082,313985.39476545196,4.897374208,0.17451941788645436,
9350,1.79296875,0.00031011840688912815,314007.470823011,4.902617088,0.2462773160541871,
9360,3.42578125,0.000310010764262648,314020.0723692445,4.907859968,0.21169275831401385,
9370,3.47265625,0.0003099031216361679,314042.318445658,4.913102848,0.1454972062690058,
9380,3.0,0.00030979547900968784,314064.70001851174,4.918345728,0.16955493550317544,
9390,3.484375,0.00030968783638320776,314073.6939156331,4.923588608,0.13135408906380694,
9400,3.41796875,0.0003095801937567277,314095.96667563566,4.928831488,0.11092464231002414,
9410,2.9140625,0.0003094725511302476,314118.18362258223,4.934074368,0.16485248160288712,
9420,3.4140625,0.0003093649085037675,314106.8676471754,4.939317248,0.19551482251240476,
9430,2.76953125,0.00030925726587728743,314128.39064357645,4.944560128,0.1611306134426033,
9440,3.46875,0.00030914962325080735,314150.4992750065,4.949803008,0.12726858381257652,
9450,3.484375,0.00030904198062432726,314154.6478022959,4.955045888,0.20628918971967025,
9460,2.80859375,0.0003089343379978471,314172.2820873409,4.960288768,0.21805415274915313,
9470,3.359375,0.0003088266953713671,314194.5130415028,4.965531648,0.13358326517620428,
9480,2.9765625,0.000308719052744887,314216.7456648497,4.970774528,0.18869298857172656,
9490,3.4921875,0.00030861141011840693,314201.3349243731,4.976017408,0.16048210867346888,
9500,2.640625,0.0003085037674919268,314165.19362633885,4.981260288,0.18531463085309394,
9500,,,,,,0.0
9510,3.53125,0.0003083961248654467,314186.95977674815,4.986503168,0.11440782592696251,
9520,3.453125,0.0003082884822389667,314208.7370243193,4.991746048,0.1343328675943294,
9530,2.84765625,0.00030818083961248654,314206.70587966614,4.996988928,0.16144892540603833,
9540,3.45703125,0.00030807319698600646,314228.45451968524,5.002231808,0.11606375041703036,
9550,3.18359375,0.0003079655543595264,314250.02307012485,5.007474688,0.12755964454568025,
9560,3.484375,0.0003078579117330463,314271.72110540647,5.012717568,0.15000895535886494,
9570,2.90234375,0.0003077502691065662,314293.29162109044,5.017960448,0.18521023111891846,
9580,3.45703125,0.00030764262648008613,314314.98687572195,5.023203328,0.13322961762399235,
9590,2.37890625,0.00030753498385360605,314336.6849579078,5.028446208,0.3959531434308646,
9600,2.2265625,0.00030742734122712596,314358.0820683984,5.033689088,0.2640832988500005,
9610,3.44140625,0.0003073196986006459,314379.69202220306,5.038931968,0.11065142801860565,
9620,3.4453125,0.00030721205597416574,314400.7571228052,5.044174848,0.1557721939097066,
9630,3.56640625,0.0003071044133476857,314422.31984236604,5.049417728,0.13550149828565536,
9640,2.73828125,0.00030699677072120563,314443.6715229937,5.054660608,0.21755891337674566,
9650,2.56640625,0.0003068891280947255,314464.64061118197,5.059903488,0.23131109952245127,
9660,3.55859375,0.00030678148546824547,314486.4359566489,5.065146368,0.15249167102050165,
9670,3.375,0.00030667384284176533,314507.96223548974,5.070389248,0.11871079411464516,
9680,3.453125,0.0003065662002152853,314528.8721530405,5.075632128,0.10448907551543594,
9690,2.9375,0.00030645855758880516,314547.9442337491,5.080875008,0.16721139697680287,
9700,2.29296875,0.0003063509149623251,314547.15128121513,5.086117888,0.47431888542417616,
9710,1.87109375,0.000306243272335845,314568.1447584195,5.091360768,0.2580859521934062,
9720,2.01953125,0.0003061356297093649,314588.9436290736,5.096603648,0.4182375547677765,
9730,2.171875,0.00030602798708288483,314587.8920681861,5.101846528,0.2270767099375282,
9740,3.4921875,0.00030592034445640475,314608.9328440373,5.107089408,0.153576114851546,
9750,3.4140625,0.00030581270182992467,314629.8133863434,5.112332288,0.18139410746941423,
9760,3.40625,0.0003057050592034446,314650.8695874233,5.117575168,0.18438889870297023,
9770,2.09765625,0.0003055974165769645,314640.3518994727,5.122818048,0.33764442833981184,
9780,2.1875,0.0003054897739504844,314661.2715016468,5.128060928,0.26359809460982114,
9790,2.08203125,0.0003053821313240043,314682.3950113628,5.133303808,0.25493226444707257,
9800,2.91796875,0.00030527448869752425,314703.4039995056,5.138546688,0.26481740108740837,
9810,3.53515625,0.0003051668460710441,314724.3306132765,5.143789568,0.1255318343748604,
9820,3.50390625,0.0003050592034445641,314745.20281732024,5.149032448,0.2101113528122747,
9830,1.873046875,0.00030495156081808395,314765.769438024,5.154275328,0.17174444449777393,
9840,3.55078125,0.0003048439181916039,314786.43732112565,5.159518208,0.13869207884445553,
9850,3.55078125,0.00030473627556512384,314807.1034129324,5.164761088,0.12009777445906908,
9860,2.8203125,0.0003046286329386437,314822.1542087082,5.170003968,0.20598161717253893,
9870,3.5078125,0.0003045209903121636,314842.11152678623,5.175246848,0.1147020360306582,
9880,3.0078125,0.00030441334768568354,314862.3014327468,5.180489728,0.17999531263395255,
9890,2.765625,0.0003043057050592035,314882.7233086109,5.185732608,0.1454990474186194,
9900,3.38671875,0.00030419806243272337,314903.06486307166,5.190975488,0.10585988273793669,
9910,2.74609375,0.0003040904198062433,314923.3790245053,5.196218368,0.17774320919253664,
9920,2.1328125,0.0003039827771797632,314943.49552313314,5.201461248,0.242898091942544,
9930,3.37890625,0.0003038751345532831,314963.45665632735,5.206704128,0.16308658598782108,
9940,2.89453125,0.00030376749192680304,314983.3479703941,5.211947008,0.21496415195348736,
9950,3.484375,0.0003036598493003229,315001.21108271624,5.217189888,0.17408172536060998,
9960,3.33984375,0.00030355220667384287,315020.9931595467,5.222432768,0.16503939659992506,
9970,3.39453125,0.0003034445640473628,315040.88812504464,5.227675648,0.11785757147075898,
9980,3.3359375,0.0003033369214208827,314979.03515644575,5.232918528,0.10626748107479202,
9990,3.3984375,0.00030322927879440257,314995.72567423014,5.238161408,0.1194817967579683,
10000,3.44140625,0.0003031216361679225,315015.6182682036,5.243404288,0.14348166742114635,
10000,,,,,,0.0
10010,3.0234375,0.00030301399354144246,314881.79690644704,5.248647168,0.13618669168239558,
10020,2.953125,0.0003029063509149623,314892.0992320713,5.253890048,0.21748924773547348,
10030,3.33984375,0.0003027987082884823,314911.83153684845,5.259132928,0.13621109250021768,
10040,3.36328125,0.00030269106566200215,314931.94244693295,5.264375808,0.1588862354509777,
10050,3.65234375,0.00030258342303552207,314950.0297719821,5.269618688,0.21351541390443643,
10060,3.50390625,0.000302475780409042,314970.17553444917,5.274861568,0.11142839289027348,
10070,3.328125,0.0003023681377825619,314990.0681986751,5.280104448,0.1213109419883615,
10080,3.359375,0.0003022604951560818,315006.7353850129,5.285347328,0.12229733213675271,
10090,3.44921875,0.00030215285252960174,314993.75422796217,5.290590208,0.1096092376757299,
10100,3.05078125,0.00030204520990312166,314967.4296019504,5.295833088,0.11608065355237243,
10110,3.48828125,0.0003019375672766416,314987.13688426017,5.301075968,0.1489794638142476,
10120,3.078125,0.0003018299246501615,315007.03572906717,5.306318848,0.12895568619719353,
10130,2.083984375,0.0003017222820236814,315026.80767131166,5.311561728,0.22163825828159484,
10140,2.6875,0.00030161463939720127,315027.41623739747,5.316804608,0.24954296056551267,
10150,3.4921875,0.00030150699677072124,315047.0731165622,5.322047488,0.2545626759455914,
10160,3.4765625,0.0003013993541442411,315062.3614074577,5.327290368,0.13403398173131226,
10170,2.83984375,0.0003012917115177611,315029.0333833746,5.332533248,0.17122354426227152,
10180,3.48046875,0.00030118406889128094,315049.0090062248,5.337776128,0.18805027318193643,
10190,3.390625,0.00030107642626480086,315068.0785660892,5.343019008,0.11779566126349673,
10200,3.39453125,0.0003009687836383208,315087.66576214164,5.348261888,0.10733642884579161,
10210,2.052734375,0.0003008611410118407,315107.4202524656,5.353504768,0.24153852669254935,
10220,3.390625,0.00030075349838536066,315127.076013528,5.358747648,0.10544702173620883,
10230,3.5234375,0.0003006458557588805,315145.4393394795,5.363990528,0.18128105285728763,
10240,2.78125,0.00030053821313240044,315164.6452562278,5.369233408,0.13121795802450753,
10250,3.51171875,0.00030043057050592036,315182.9483137291,5.374476288,0.13002134749530497,
10260,2.68359375,0.0003003229278794403,315195.7854551044,5.379719168,0.15400878272782803,
10270,3.51171875,0.0003002152852529602,315215.2434217415,5.384962048,0.13469110942149812,
10280,3.4453125,0.00030010764262648006,315234.4512538939,5.390204928,0.13812634935631402,
10290,2.87890625,0.00030000000000000003,315253.628074144,5.395447808,0.15006552449980132,
10300,3.34765625,0.00029989235737351995,315273.0919030229,5.400690688,0.1154173272875087,
10310,3.44921875,0.00029978471474703986,315292.31605081924,5.405933568,0.14496541643250363,
10320,1.712890625,0.0002996770721205597,315311.57012033043,5.411176448,0.2932413768905446,
10330,2.2890625,0.00029956942949407964,315325.958236415,5.416419328,0.3751713052725311,
10340,3.3671875,0.0002994617868675996,315333.58354033914,5.421662208,0.11333775162099749,
10350,3.4453125,0.0002993541442411195,315352.6466737859,5.426905088,0.11274154250702456,
10360,3.3828125,0.0002992465016146394,315369.71970572765,5.432147968,0.0981916466218291,
10370,2.0703125,0.0002991388589881593,315388.7322582476,5.437390848,0.5083302390768686,
10380,3.37109375,0.0002990312163616793,315407.70283651317,5.442633728,0.16456512568137563,
10390,3.3671875,0.00029892357373519914,315426.7612256149,5.447876608,0.11150373991441452,
10400,3.4375,0.00029881593110871906,315437.8111313043,5.453119488,0.2004053228143466,
10410,3.42578125,0.000298708288482239,315439.3700053568,5.458362368,0.1636345439291303,
10420,3.828125,0.0002986006458557589,315458.2534915156,5.463605248,0.47481254156885705,
10430,2.8984375,0.0002984930032292788,315473.65715015103,5.468848128,0.19273469981584068,
10440,3.4453125,0.0002983853606027987,315492.50213205745,5.474091008,0.15972834043593684,
10450,3.3125,0.00029827771797631865,315511.2434711795,5.479333888,0.12098200978844707,
10460,3.4375,0.00029817007534983856,315529.83624189044,5.484576768,0.1173438337715459,
10470,1.9609375,0.00029806243272335843,315548.55648337345,5.489819648,0.1779788542204779,
10480,2.0625,0.0002979547900968784,315567.1270564959,5.495062528,0.2969639178464108,
10490,2.0390625,0.00029784714747039826,315578.4533930554,5.500305408,0.19562590582223874,
10500,2.70703125,0.00029773950484391823,315595.23848492047,5.505548288,0.2185351624104328,
10500,,,,,,0.0
10510,3.390625,0.00029763186221743815,315570.1744414959,5.510791168,0.16074870453408463,
10520,3.51171875,0.00029752421959095807,315581.18379277893,5.516034048,0.10893053776664285,
10530,3.453125,0.00029741657696447793,315599.9308103618,5.521276928,0.13611507187671285,
10540,3.39453125,0.00029730893433799785,315618.32809933566,5.526519808,0.1652449809145,
10550,3.3828125,0.0002972012917115178,315618.7089487191,5.531762688,0.1286835177897742,
10560,3.3203125,0.0002970936490850377,315599.2313879853,5.537005568,0.1049024435854159,
10570,2.9375,0.0002969860064585576,315617.6561451941,5.542248448,0.12654275526864112,
10580,3.30078125,0.0002968783638320775,315635.93641777884,5.547491328,0.1298743656451336,
10590,3.3984375,0.00029677072120559743,315654.43701802124,5.552734208,0.10827390295447396,
10600,1.814453125,0.00029666307857911735,315672.82668612537,5.557977088,0.26888974880918376,
10610,1.955078125,0.0002965554359526372,315684.8325382401,5.563219968,0.2404667253731903,
10620,3.31640625,0.0002964477933261572,315703.23055119574,5.568462848,0.12340729200875304,
10630,3.38671875,0.0002963401506996771,315704.6575766724,5.573705728,0.13386245421440668,
10640,2.85546875,0.000296232508073197,315722.77120799624,5.578948608,0.15779506593675585,
10650,3.39453125,0.0002961248654467169,315665.93499553396,5.584191488,0.14775939476364988,
10660,3.34375,0.00029601722282023685,315684.05699590564,5.589434368,0.11955189471700434,
10670,2.27734375,0.00029590958019375677,315702.2983594995,5.594677248,0.1988842560204292,
10680,3.33984375,0.00029580193756727663,315717.156582322,5.599920128,0.16119664570724135,
10690,2.00390625,0.00029569429494079655,315735.2031388327,5.605163008,0.43990721154223617,
10700,3.48828125,0.00029558665231431647,315753.26726877457,5.610405888,0.15060919715072782,
10710,3.5078125,0.00029547900968783644,315771.3411661566,5.615648768,0.14337329989916972,
10720,3.4296875,0.0002953713670613563,315774.31331029744,5.620891648,0.11515936237860643,
10730,3.41015625,0.0002952637244348762,315792.4387148,5.626134528,0.15773462961682355,
10740,3.390625,0.00029515608180839614,315810.3628781022,5.631377408,0.19488917417192422,
10750,3.28125,0.00029504843918191605,315819.88697596744,5.636620288,0.17402189333147128,
10760,3.3828125,0.00029494079655543597,315837.6698567246,5.641863168,0.11926463890777474,
10770,3.578125,0.00029483315392895583,315855.6622888357,5.647106048,0.13037236136891214,
10780,2.1328125,0.0002947255113024758,315873.7838908205,5.652348928,0.17053201461948334,
10790,2.8828125,0.0002946178686759957,315891.87387488916,5.657591808,0.15415845683475135,
10800,1.986328125,0.00029451022604951564,315906.11018740124,5.662834688,0.602250022412327,
10810,3.30078125,0.0002944025834230355,315923.7156406337,5.668077568,0.14648014381936306,
10820,3.40625,0.0002942949407965554,315941.4841034765,5.673320448,0.12721740720406274,
10830,3.51953125,0.0002941872981700754,315958.93732644804,5.678563328,0.11134228292945049,
10840,3.4453125,0.00029407965554359525,315943.8276597853,5.683806208,0.1400114940879207,
10850,3.34765625,0.0002939720129171152,315961.22459053574,5.689049088,0.11613105651314826,
10860,2.2421875,0.0002938643702906351,315978.7065031571,5.694291968,0.35680856820204515,
10870,2.89453125,0.000293756727664155,315996.2335941432,5.699534848,0.199449156050979,
10880,3.046875,0.000293649085037675,316013.83051274286,5.704777728,0.16533400069880205,
10890,3.390625,0.00029354144241119484,316031.4652174874,5.710020608,0.15022752089682587,
10900,3.38671875,0.00029343379978471475,316048.85896924976,5.715263488,0.15028085956579332,
10910,3.44921875,0.00029332615715823467,316066.40890326723,5.720506368,0.18104750856312682,
10920,3.4296875,0.00029321851453175464,316083.89212737954,5.725749248,0.12014355015320453,
10930,2.75,0.0002931108719052745,316075.0487989527,5.730992128,0.22647174051161867,
10940,3.375,0.0002930032292787944,316092.49089253024,5.736235008,0.160554554615831,
10950,2.8203125,0.00029289558665231434,316109.3457036808,5.741477888,0.19251446701945815,
10960,2.7421875,0.00029278794402583426,316126.8984014026,5.746720768,0.14924598848716494,
10970,2.21484375,0.0002926803013993542,316144.22853274073,5.751963648,0.18627365391459352,
10980,2.30859375,0.00029257265877287404,316155.3284743476,5.757206528,0.2549902958668762,
10990,3.390625,0.000292465016146394,316172.78417133697,5.762449408,0.11021555636625577,
11000,3.52734375,0.0002923573735199139,316188.67095989163,5.767692288,0.1504918519849332,
11000,,,,,,0.0
11010,3.4765625,0.0002922497308934338,316019.97902851854,5.772935168,0.1641733489343453,
11020,3.33203125,0.0002921420882669537,316037.2494842752,5.778178048,0.11554068202219935,
11030,2.0546875,0.0002920344456404736,315999.1349751977,5.783420928,0.3445783099951726,
11040,3.36328125,0.0002919268030139936,316011.89708617376,5.788663808,0.14540801273271742,
11050,3.359375,0.00029181916038751346,316014.43663548067,5.793906688,0.10964032464521806,
11060,3.2734375,0.0002917115177610334,315998.07559577614,5.799149568,0.12794747744617285,
11070,2.0859375,0.0002916038751345533,316000.10674193694,5.804392448,0.47847308802128524,
11080,2.7578125,0.0002914962325080732,316017.0384637916,5.809635328,0.18840445290441776,
11090,2.091796875,0.0002913885898815931,315994.50336227746,5.814878208,0.7680456712239704,
11100,1.55859375,0.000291280947255113,315974.1627383714,5.820121088,0.32237547242377684,
11110,3.3046875,0.00029117330462863296,315971.35605870717,5.825363968,0.11329927308931993,
11120,3.5,0.0002910656620021529,315988.6290925133,5.830606848,0.10643286729177696,
11130,3.3671875,0.0002909580193756728,315999.93197541346,5.835849728,0.13599493290884446,
11140,3.44921875,0.00029085037674919266,316015.81090952863,5.841092608,0.1268044813907767,
11150,1.92578125,0.00029074273412271263,316017.44266171544,5.846335488,0.6146774866650567,
11160,3.3828125,0.00029063509149623254,316026.8190040614,5.851578368,0.1938161973325472,
11170,3.35546875,0.0002905274488697524,316043.673387976,5.856821248,0.11830437350871022,
11180,2.6015625,0.0002904198062432723,316050.13008300477,5.862064128,0.14259026427378127,
11190,3.43359375,0.00029031216361679224,316067.1604191052,5.867307008,0.15739004294815925,
11200,3.265625,0.0002902045209903122,316084.4683268935,5.872549888,0.10244556893202923,
11210,2.20703125,0.0002900968783638321,316101.5454687559,5.877792768,0.6279203740407916,
11220,2.10546875,0.000289989235737352,316118.5089623902,5.883035648,0.7095451960425686,
11230,3.38671875,0.0002898815931108719,316135.4882330461,5.888278528,0.12783279260817074,
11240,3.40625,0.00028977395048439183,316145.92685849156,5.893521408,0.11809219132866738,
11250,2.7734375,0.0002896663078579118,316162.7452970003,5.898764288,0.25876483692439706,
11260,2.72265625,0.00028955866523143166,316179.4260732719,5.904007168,0.2692553330135696,
11270,3.41015625,0.0002894510226049516,316196.3613679493,5.909250048,0.1367431518523467,
11280,3.40625,0.0002893433799784715,316213.14597018546,5.914492928,0.11200391705891155,
11290,3.37890625,0.0002892357373519914,316230.0457145705,5.919735808,0.15033170427597456,
11300,3.4140625,0.00028912809472551133,316222.2707239213,5.924978688,0.11579782085595133,
11310,3.3984375,0.0002890204520990312,316239.1524155305,5.930221568,0.11015214210003745,
11320,2.3515625,0.00028891280947255116,316256.09584976814,5.935464448,0.1855139687839402,
11330,3.35546875,0.0002888051668460711,316270.1347398468,5.940707328,0.10230951308097341,
11340,3.35546875,0.000288697524219591,316287.1322737611,5.945950208,0.1273356931097194,
11350,3.20703125,0.00028858988159311086,316303.99982552376,5.951193088,0.10737676942754734,
11360,3.3203125,0.0002884822389666308,316320.71778418525,5.956435968,0.12453476364262539,
11370,3.359375,0.00028837459634015075,316321.63671912183,5.961678848,0.10947016718980188,
11380,2.07421875,0.0002882669537136706,316338.3136426577,5.966921728,0.3852675147642376,
11390,2.51171875,0.00028815931108719053,316354.98849378334,5.972164608,0.28106817901569053,
11400,3.3203125,0.00028805166846071045,316371.7880330007,5.977407488,0.14604439981999892,
11410,3.26953125,0.00028794402583423036,316388.6124932968,5.982650368,0.11492960030104435,
11420,1.9765625,0.0002878363832077503,316405.05224484345,5.987893248,0.13334246926858678,
11430,3.38671875,0.0002877287405812702,316421.599696214,5.993136128,0.11863484659088047,
11440,3.40625,0.0002876210979547901,316438.1783380508,5.998379008,0.13032279285024906,
11450,3.33984375,0.00028751345532831003,316454.7434773521,6.003621888,0.12430262567876421,
11460,2.80078125,0.00028740581270182995,316448.5525057977,6.008864768,0.13617118570372397,
11470,3.30859375,0.0002872981700753498,316464.75784738123,6.014107648,0.17545043744821284,
11480,3.48828125,0.0002871905274488698,316481.13895454246,6.019350528,0.10420105141265966,
11490,1.890625,0.0002870828848223897,316497.4523872454,6.024593408,0.34689780219603794,
11500,1.984375,0.00028697524219590956,316513.5023876722,6.029836288,0.2259029966271165,
11500,,,,,,0.0
11510,3.4375,0.0002868675995694295,316529.66600433865,6.035079168,0.12560081158797143,
11520,3.2734375,0.0002867599569429494,316545.74567401817,6.040322048,0.10474791283647363,
11530,2.46484375,0.00028665231431646937,316561.6398091334,6.045564928,0.16010002708311186,
11540,2.08203125,0.00028654467168998923,316577.5068868146,6.050807808,0.16554391212055924,
11550,3.42578125,0.00028643702906350915,316593.40538931236,6.056050688,0.12668487941982637,
11560,3.39453125,0.00028632938643702907,316609.36447758524,6.061293568,0.16584844208626723,
11570,2.162109375,0.000286221743810549,316625.22716741764,6.066536448,0.14213486681310214,
11580,3.51953125,0.0002861141011840689,316641.36108276254,6.071779328,0.11485705615968922,
11590,3.453125,0.00028600645855758876,316646.23181344813,6.077022208,0.1264269837558836,
11600,1.876953125,0.00028589881593110873,316661.63456487143,6.082265088,0.2295666222745248,
11610,3.51953125,0.00028579117330462865,316654.4793123771,6.087507968,0.14620123309200758,
11620,3.41015625,0.00028568353067814857,316670.44261752255,6.092750848,0.1766215031041613,
11630,3.42578125,0.0002855758880516685,316660.7418858984,6.097993728,0.12047062633119507,
11640,3.2578125,0.00028546824542518835,316676.5670523726,6.103236608,0.1148268158181976,
11650,2.2578125,0.0002853606027987083,316649.255266411,6.108479488,0.2377030450408936,
11660,2.3515625,0.00028525296017222824,316637.93810151843,6.113722368,0.3314546315515245,
11670,1.998046875,0.00028514531754574815,316610.74531520926,6.118965248,0.22792245393354113,
11680,3.3828125,0.000285037674919268,316616.1183503017,6.124208128,0.16196927238886996,
11690,3.38671875,0.000284930032292788,316632.10411769524,6.129451008,0.15881613673465975,
11700,3.0,0.0002848223896663079,316647.9674506654,6.134693888,0.14445298427856246,
11710,3.3046875,0.00028471474703982777,316621.88977745187,6.139936768,0.162306716275934,
11720,3.28515625,0.0002846071044133477,316624.98929424846,6.145179648,0.10541538382982976,
11730,3.30859375,0.0002844994617868676,316640.84707040247,6.150422528,0.09813789302848751,
11740,3.296875,0.0002843918191603876,316653.64498796104,6.155665408,0.11713549891446573,
11750,3.15234375,0.00028428417653390744,316669.37399209867,6.160908288,0.10809782188587878,
11760,2.95703125,0.00028417653390742735,316685.2466101366,6.166151168,0.12292515302384573,
11770,3.33984375,0.00028406889128094727,316701.2769761994,6.171394048,0.1349584876816131,
11780,3.39453125,0.0002839612486544672,316717.19581278064,6.176636928,0.12193553315979955,
11790,1.828125,0.0002838536060279871,316733.0867175027,6.181879808,0.2216820430961347,
11800,2.93359375,0.00028374596340150697,316739.1484778642,6.187122688,0.13103123481138754,
11810,3.4765625,0.00028363832077502694,316754.75610569067,6.192365568,0.12420118192874101,
11820,3.4296875,0.00028353067814854686,316770.4374149427,6.197608448,0.12502696686050485,
11830,1.669921875,0.0002834230355220668,316786.1447573541,6.202851328,0.2642108771729367,
11840,3.37890625,0.00028331539289558664,316752.50017725467,6.208094208,0.12815909676215345,
11850,3.28125,0.00028320775026910655,316768.22027191723,6.213337088,0.1131829587892819,
11860,2.291015625,0.0002831001076426265,316780.77625477733,6.218579968,0.21200994969804862,
11870,3.38671875,0.0002829924650161464,316796.60910464777,6.223822848,0.15411989304031243,
11880,2.3203125,0.0002828848223896663,316812.1890884299,6.229065728,0.3964519654436153,
11890,2.44921875,0.0002827771797631862,316827.88473599026,6.234308608,0.1808947504632971,
11900,3.48046875,0.00028266953713670614,316821.8087169103,6.239551488,0.1331583878813236,
11910,2.1171875,0.00028256189451022606,316837.39345997927,6.244794368,0.2503233007606946,
11920,0.552734375,0.0002824542518837459,316853.0785934801,6.250037248,0.20524753042388197,
11930,3.6171875,0.0002823466092572659,316868.7166452039,6.255280128,0.2705166133030521,
11940,3.40234375,0.0002822389666307858,316884.0091327348,6.260523008,0.14975698820184713,
11950,3.3984375,0.0002821313240043057,316899.3667963308,6.265765888,0.17599102699628438,
11960,3.36328125,0.0002820236813778256,316914.9156338453,6.271008768,0.11406057377067745,
11970,3.328125,0.00028191603875134556,316930.4300227618,6.276251648,0.1036268313632754,
11980,3.4375,0.0002818083961248655,316945.9594761705,6.281494528,0.10463590895772136,
11990,3.359375,0.0002817007534983854,316961.13352752797,6.286737408,0.1539635889538693,
12000,3.4296875,0.0002815931108719053,316976.4057079586,6.291980288,0.11813295887865403,
12000,,,,,,0.0
12010,1.91796875,0.0002814854682454252,316849.3488345757,6.297223168,0.16148965573065324,
12020,3.45703125,0.00028137782561894514,316864.84246348724,6.302466048,0.11278013027487367,
12030,3.41796875,0.00028127018299246506,316880.3006512994,6.307708928,0.11454332066546956,
12040,3.3125,0.0002811625403659849,316895.6768453405,6.312951808,0.11473999680070676,
12050,1.111328125,0.00028105489773950484,316911.0450935394,6.318194688,1.0008967391489745,
12060,1.931640625,0.00028094725511302476,316926.3451228626,6.323437568,0.32041740623349263,
12070,3.33203125,0.00028083961248654473,316935.843577333,6.328680448,0.14692569134365374,
12080,2.73828125,0.0002807319698600646,316950.8150992175,6.333923328,0.20762669970724718,
12090,3.30078125,0.0002806243272335845,316965.6546473482,6.339166208,0.12901602664772516,
12100,2.8671875,0.00028051668460710443,316980.66317807656,6.344409088,0.14105005688275532,
12110,2.037109375,0.00028040904198062434,316995.6641245457,6.349651968,0.41359827209192895,
12120,3.48828125,0.00028030139935414426,317010.768218723,6.354894848,0.1639614384557871,
12130,3.51171875,0.0002801937567276641,317025.4429281515,6.360137728,0.364996142139235,
12140,2.78125,0.0002800861141011841,317040.2576250059,6.365380608,0.14604462325475182,
12150,3.484375,0.000279978471474704,317055.26840339066,6.370623488,0.1559681561834111,
12160,3.3046875,0.00027987082884822393,317070.07355492486,6.375866368,0.11883062893113457,
12170,3.3203125,0.0002797631862217438,317085.0325804687,6.381109248,0.14596559615042715,
12180,1.9765625,0.0002796555435952637,317099.55228022387,6.386352128,0.2314487910786167,
12190,2.875,0.0002795479009687837,317047.15958559245,6.391595008,0.20824311153290004,
12200,3.12890625,0.00027944025834230354,317061.86935252644,6.396837888,0.150444263403736,
12210,2.234375,0.00027933261571582346,317047.00924521027,6.402080768,0.4010558379326089,
12220,3.37109375,0.0002792249730893434,317062.0063883469,6.407323648,0.22868550308262545,
12230,3.34765625,0.00027911733046286335,317004.34864704247,6.412566528,0.12566916738685888,
12240,2.03515625,0.0002790096878363832,317019.41771978594,6.417809408,0.32917001255549844,
12250,3.41015625,0.00027890204520990313,317034.26663069264,6.423052288,0.11891129256704705,
12260,1.669921875,0.00027879440258342305,317049.2862604206,6.428295168,0.137970363367816,
12270,1.890625,0.00027868675995694296,317064.2238292089,6.433538048,0.23619782972323877,
12280,3.421875,0.0002785791173304629,317078.7646830607,6.438780928,0.1440947711103976,
12290,3.3671875,0.00027847147470398274,317055.25653317384,6.444023808,0.13989553786039977,
12300,2.83984375,0.0002783638320775027,317070.19238626014,6.449266688,0.13584094939040328,
12310,3.5,0.00027825618945102263,317085.04326421686,6.454509568,0.1452138277555948,
12320,3.35546875,0.0002781485468245425,317099.9659035984,6.459752448,0.11569452940700589,
12330,2.6953125,0.0002780409041980624,317114.56212881295,6.464995328,0.13657221996384813,
12340,1.99609375,0.00027793326157158233,317129.1764412931,6.470238208,0.33676144066281316,
12350,2.75,0.0002778256189451023,317139.5516010118,6.475481088,0.16060375043250352,
12360,1.708984375,0.0002777179763186222,317154.2372220192,6.480723968,0.23653232436414617,
12370,3.515625,0.00027761033369214214,317168.88998561585,6.485966848,0.163813457814807,
12380,3.48828125,0.000277502691065662,317183.78194572154,6.491209728,0.16897292385304924,
12390,1.0322265625,0.0002773950484391819,317198.40738249134,6.496452608,0.3517606060571086,
12400,3.3828125,0.0002772874058127019,317117.7831392387,6.501695488,0.13255516367570275,
12410,2.078125,0.00027717976318622175,317132.33891765965,6.506938368,0.1948428063394796,
12420,3.5390625,0.00027707212055974167,317146.90117847896,6.512181248,0.1827077500579929,
12430,2.08984375,0.0002769644779332616,317107.8714053004,6.517424128,0.3029698301452737,
12440,3.4296875,0.0002768568353067815,317122.48651216255,6.522667008,0.12063195333286772,
12450,2.8984375,0.0002767491926803014,317124.36177735287,6.527909888,0.14972024047969937,
12460,3.33203125,0.00027664155005382133,317138.44414217555,6.533152768,0.1671896040973055,
12470,3.40234375,0.00027653390742734125,317152.1006058275,6.538395648,0.14090893679291996,
12480,3.37109375,0.00027642626480086117,317166.86119815946,6.543638528,0.1163147363558908,
12490,3.43359375,0.0002763186221743811,317181.63911257527,6.548881408,0.1121023981088413,
12500,3.37890625,0.00027621097954790095,317196.1967115785,6.554124288,0.11301145331686605,
12500,,,,,,0.0
12510,3.4453125,0.0002761033369214209,317205.8781168521,6.559367168,0.10800482505896694,
12520,2.6953125,0.00027599569429494084,317219.0187172394,6.564610048,0.22145462970455337,
12530,3.359375,0.0002758880516684607,317233.2843326071,6.569852928,0.1523001912814961,
12540,3.3671875,0.0002757804090419806,317247.7520175922,6.575095808,0.10816454845006364,
12550,3.31640625,0.00027567276641550053,317261.84233036125,6.580338688,0.13625400340499189,
12560,1.990234375,0.0002755651237890205,317276.33842221496,6.585581568,0.2631554589199235,
12570,2.76171875,0.00027545748116254037,317290.67343794054,6.590824448,0.18897947791167266,
12580,3.41796875,0.0002753498385360603,317304.95960522845,6.596067328,0.14098207068179497,
12590,2.1015625,0.0002752421959095802,317319.2531365867,6.601310208,0.3306611326895572,
12600,3.3515625,0.0002751345532831001,317333.50922542176,6.606553088,0.13635076470052204,
12610,3.40625,0.00027502691065662004,317338.0991204867,6.611795968,0.15268014642048364,
12620,3.39453125,0.0002749192680301399,317352.45007474563,6.617038848,0.13598366892391628,
12630,2.5625,0.00027481162540365987,317361.64888325124,6.622281728,0.21255988303022444,
12640,3.36328125,0.0002747039827771798,317375.8311114481,6.627524608,0.12961412348231452,
12650,3.296875,0.0002745963401506997,317389.9732057206,6.632767488,0.13629864651696896,
12660,1.986328125,0.00027448869752421957,317404.0958497141,6.638010368,0.2914943294134107,
12670,2.009765625,0.0002743810548977395,317417.4171244512,6.643253248,0.14368602580795725,
12680,3.21875,0.00027427341227125946,317431.4456503292,6.648496128,0.11708572928153893,
12690,3.3046875,0.0002741657696447793,317415.05075802346,6.653739008,0.10765706310355651,
12700,2.65625,0.00027405812701829924,317428.9691064203,6.658981888,0.1442819327911383,
12710,3.24609375,0.00027395048439181915,317443.1197599002,6.664224768,0.1385758331089958,
12720,3.34375,0.00027384284176533907,317457.1868215442,6.669467648,0.12566212743638025,
12730,2.052734375,0.00027373519913885904,317445.1901336914,6.674710528,0.20602281827606242,
12740,3.33203125,0.0002736275565123789,317459.39516267076,6.679953408,0.17745134646219488,
12750,3.3671875,0.0002735199138858988,317473.35046370304,6.685196288,0.12504930869619832,
12760,1.9921875,0.00027341227125941874,317480.1170465319,6.690439168,0.18480441205748277,
12770,2.21484375,0.0002733046286329387,317478.9472303846,6.695682048,0.14659773024395986,
12780,2.6015625,0.0002731969860064586,317492.94065836555,6.700924928,0.1870549188358764,
12790,3.2734375,0.0002730893433799785,317506.99104564055,6.706167808,0.12833576867478094,
12800,2.021484375,0.0002729817007534984,317475.62235122116,6.711410688,0.22395459587921812,
12810,3.2890625,0.0002728740581270183,317489.79955484037,6.716653568,0.12746150110999355,
12820,3.296875,0.00027276641550053824,317503.63071101595,6.721896448,0.11248506798392464,
12830,3.375,0.0002726587728740581,317513.9861808047,6.727139328,0.12141524044136626,
12840,3.33984375,0.0002725511302475781,317527.9449043676,6.732382208,0.11195079834433104,
12850,3.37109375,0.000272443487621098,317542.04847367445,6.737625088,0.11822338494499501,
12860,3.40625,0.00027233584499461786,317555.9271285767,6.742867968,0.12859269115213134,
12870,2.8046875,0.0002722282023681378,317569.7213623662,6.748110848,0.13125326346943464,
12880,3.44140625,0.0002721205597416577,317541.99076171883,6.753353728,0.1169559839337551,
12890,3.390625,0.00027201291711517766,317555.7411833852,6.758596608,0.11479043542232259,
12900,3.4140625,0.0002719052744886975,317569.6045815933,6.763839488,0.1423612100041969,
12910,3.3359375,0.00027179763186221744,317583.48433421773,6.769082368,0.12264348178305395,
12920,3.28515625,0.00027168998923573736,317597.2244234729,6.774325248,0.11481601053212898,
12930,2.08203125,0.0002715823466092573,317611.0135468108,6.779568128,0.3709222321988909,
12940,3.2421875,0.0002714747039827772,317624.8252124879,6.784811008,0.17680128621061764,
12950,2.029296875,0.00027136706135629706,317638.4955414615,6.790053888,0.41558108529612375,
12960,3.46875,0.00027125941872981703,317652.16801283206,6.795296768,0.17648916965180053,
12970,3.37109375,0.00027115177610333694,317665.7952425302,6.800539648,0.18180838434748126,
12980,2.013671875,0.00027104413347685686,317679.4722731073,6.805782528,0.6311812090120441,
12990,2.55859375,0.0002709364908503767,317693.2229728259,6.811025408,0.24694244935483187,
13000,3.3046875,0.0002708288482238967,317707.02659945446,6.816268288,0.1351765326255475,
13000,,,,,,0.0
13010,1.859375,0.0002707212055974166,317588.3644495306,6.821511168,0.4586387335231263,
13020,3.3046875,0.0002706135629709365,317601.97238247324,6.826754048,0.14969708569344456,
13030,2.328125,0.0002705059203444564,317615.8263581265,6.831996928,0.845384333923723,
13040,3.16796875,0.0002703982777179763,317629.6112513511,6.837239808,0.10581156080769048,
13050,3.3359375,0.0002702906350914963,317643.48522367247,6.842482688,0.1115654120878138,
13060,3.41796875,0.00027018299246501614,317657.2658911709,6.847725568,0.12032087610647918,
13070,3.26953125,0.00027007534983853606,317670.93860584777,6.852968448,0.11361243807927134,
13080,3.50390625,0.000269967707212056,317684.5232972491,6.858211328,0.1257041967376808,
13090,2.15625,0.0002698600645855759,317698.24362360337,6.863454208,0.35347028190961954,
13100,3.25390625,0.00026975242195909587,317711.76119332813,6.868697088,0.12197769224392804,
13110,3.3203125,0.00026964477933261573,317725.04989836324,6.873939968,0.11646346219915811,
13120,3.44921875,0.00026953713670613565,317738.2974622745,6.879182848,0.1146792856928104,
13130,2.37890625,0.00026942949407965556,317751.8328524703,6.884425728,0.5422339588603535,
13140,3.4140625,0.0002693218514531755,317765.43837881763,6.889668608,0.11601140889963021,
13150,3.0078125,0.0002692142088266954,317778.82221648475,6.894911488,0.2973951441522223,
13160,3.37109375,0.00026910656620021526,317792.10206564236,6.900154368,0.10566158460744536,
13170,3.3828125,0.00026899892357373523,317805.58475309255,6.905397248,0.12239230953839958,
13180,1.912109375,0.00026889128094725515,317818.96972605074,6.910640128,0.18684809860332488,
13190,1.994140625,0.00026878363832077507,317832.4031909765,6.915883008,0.19794249508230244,
13200,1.609375,0.00026867599569429493,317845.6018598359,6.921125888,0.29446371453174086,
13210,3.4453125,0.00026856835306781485,317858.9901171734,6.926368768,0.121684209881533,
13220,3.38671875,0.0002684607104413348,317871.6067713901,6.931611648,0.14103726525467872,
13230,2.021484375,0.0002683530678148547,317884.6588106377,6.936854528,0.17290582507735072,
13240,3.3359375,0.0002682454251883746,317897.9028555342,6.942097408,0.11593992060750581,
13250,3.33984375,0.0002681377825618945,317911.16922394675,6.947340288,0.16105063607587963,
13260,3.265625,0.00026803013993541443,317923.11919620965,6.952583168,0.12359892637006892,
13270,2.02734375,0.00026792249730893435,317936.26477957476,6.957826048,0.161263950803144,
13280,3.390625,0.00026781485468245427,317949.2213735771,6.963068928,0.11434717348699244,
13290,3.37109375,0.0002677072120559742,317961.9972027175,6.968311808,0.15033960449107073,
13300,2.16796875,0.0002675995694294941,317974.91469426185,6.973554688,0.20255322943821388,
13310,3.2890625,0.000267491926803014,317988.0728815491,6.978797568,0.12977906771143222,
13320,1.703125,0.0002673842841765339,318000.6963822135,6.984040448,0.2197011803584923,
13330,1.830078125,0.00026727664155005385,317983.77680272254,6.989283328,0.2688888431561076,
13340,3.46484375,0.00026716899892357377,317997.0464120122,6.994526208,0.11553402965595663,
13350,3.3515625,0.00026706135629709363,318010.2008546328,6.999769088,0.12084773838990816,
13360,3.4375,0.00026695371367061355,318023.2011792433,7.005011968,0.11016974917208647,
13370,3.40234375,0.00026684607104413347,318036.2931922614,7.010254848,0.14237854913576845,
13380,3.203125,0.00026673842841765344,318049.07235469844,7.015497728,0.15682893173807158,
13390,3.44140625,0.0002666307857911733,318051.4978629696,7.020740608,0.14344000192094014,
13400,3.41015625,0.0002665231431646932,318064.0644771393,7.025983488,0.1166328631291777,
13410,2.73828125,0.00026641550053821313,318077.0673947858,7.031226368,0.17640334502292443,
13420,2.1328125,0.00026630785791173305,318090.08090758324,7.036469248,0.1823850785224605,
13430,1.916015625,0.00026620021528525297,318103.0327098395,7.041712128,0.2296048509716657,
13440,3.44921875,0.00026609257265877283,318115.9909335872,7.046955008,0.13026966031937187,
13450,3.37109375,0.0002659849300322928,318128.8245266744,7.052197888,0.14388742639730406,
13460,3.296875,0.0002658772874058127,318141.5921708825,7.057440768,0.13147700383848038,
13470,1.98046875,0.00026576964477933264,318154.2605229744,7.062683648,0.14525945871718698,
13480,3.33984375,0.00026566200215285255,318166.8689494561,7.067926528,0.18105659182196676,
13490,3.3046875,0.0002655543595263724,318179.5974093025,7.073169408,0.13673364909374794,
13500,3.22265625,0.0002654467168998924,318192.2621928796,7.078412288,0.09951749622736414,
13500,,,,,,0.0
13510,3.2578125,0.0002653390742734123,318193.4877580157,7.083655168,0.12168149047441419,
13520,1.9765625,0.0002652314316469322,318206.27033385634,7.088898048,0.2673032477417199,
13530,3.37890625,0.0002651237890204521,318219.12140816165,7.094140928,0.12273625503731425,
13540,3.3828125,0.00026501614639397206,318231.4157750617,7.099383808,0.13877429207111563,
13550,2.35546875,0.000264908503767492,318244.11025987094,7.104626688,0.1365703748715542,
13560,3.44140625,0.00026480086114101184,318256.8953244101,7.109869568,0.13230604680169,
13570,3.484375,0.00026469321851453175,318269.56583162537,7.115112448,0.11046460910548883,
13580,2.97265625,0.00026458557588805167,318282.3412346619,7.120355328,0.13399871294734908,
13590,2.6328125,0.00026447793326157164,318288.5761474015,7.125598208,0.16346585445643344,
13600,3.2578125,0.0002643702906350915,318301.15396329,7.130841088,0.1308554823013029,
13610,3.80859375,0.0002642626480086114,318313.5221188499,7.136083968,0.2680997167271099,
13620,2.62109375,0.00026415500538213134,318326.0039082011,7.141326848,0.3564182907000505,
13630,3.36328125,0.00026404736275565126,318338.51931605703,7.146569728,0.1422306724127992,
13640,1.771484375,0.0002639397201291712,318351.03198554297,7.151812608,0.1725224377284237,
13650,2.97265625,0.00026383207750269104,318363.4073109165,7.157055488,0.1646916577285512,
13660,3.2890625,0.000263724434876211,318375.94603085105,7.162298368,0.14316991821288602,
13670,3.33984375,0.0002636167922497309,318388.4571689685,7.167541248,0.11546503597893228,
13680,3.484375,0.00026350914962325084,318401.06188772386,7.172784128,0.1509083074829388,
13690,3.40625,0.0002634015069967707,318413.3431536247,7.178027008,0.11820838227884323,
13700,3.26953125,0.0002632938643702906,318425.78267606715,7.183269888,0.15033164502380802,
13710,3.41796875,0.0002631862217438106,318438.0690190837,7.188512768,0.11019478978989795,
13720,2.15625,0.00026307857911733046,318450.48274408706,7.193755648,0.2551366945375055,
13730,3.28515625,0.0002629709364908504,318462.7481785802,7.198998528,0.13353375169355144,
13740,3.23828125,0.0002628632938643703,318475.04115196475,7.204241408,0.102532611005613,
13750,2.78125,0.0002627556512378902,318487.1934107838,7.209484288,0.17329455663210347,
13760,3.40625,0.0002626480086114101,318499.4516794042,7.214727168,0.1315292075115403,
13770,2.79296875,0.00026254036598493,318511.8227817397,7.219970048,0.14432737072399562,
13780,3.21484375,0.00026243272335844996,318522.6699033033,7.225212928,0.11165073303126623,
13790,2.7578125,0.0002623250807319699,318535.0367398743,7.230455808,0.20583966283784075,
13800,2.9921875,0.0002622174381054898,318537.4769291264,7.235698688,0.1326054166028537,
13810,3.125,0.00026210979547900966,318549.6843956692,7.240941568,0.11034478013169603,
13820,3.25,0.00026200215285252963,318561.83590070734,7.246184448,0.1098434874952226,
13830,1.6484375,0.00026189451022604954,318573.9813406005,7.251427328,0.22446463303989325,
13840,3.3203125,0.00026178686759956946,318579.8596978484,7.256670208,0.13316898160833596,
13850,2.125,0.0002616792249730894,318591.6673701298,7.261913088,0.17230864821015535,
13860,1.98046875,0.00026157158234660924,318603.61837087857,7.267155968,0.20218592242896632,
13870,3.23828125,0.0002614639397201292,318607.77513568854,7.272398848,0.15313338005239507,
13880,3.203125,0.00026135629709364913,318619.44640981674,7.277641728,0.11490097670424715,
13890,3.29296875,0.000261248654467169,318631.30161319673,7.282884608,0.12999592985771843,
13900,2.28125,0.0002611410118406889,318642.93747469946,7.288127488,0.15044037213643743,
13910,2.74609375,0.00026103336921420883,318654.94777722494,7.293370368,0.14531290181087086,
13920,2.83203125,0.0002609257265877288,318666.69697099034,7.298613248,0.16714194456501086,
13930,3.3046875,0.00026081808396124866,318669.4922270048,7.303856128,0.1295347086309558,
13940,1.923828125,0.0002607104413347686,318680.9549219451,7.309099008,0.21760140928401153,
13950,3.265625,0.0002606027987082885,318663.1499480053,7.314341888,0.113618573481883,
13960,3.328125,0.0002604951560818084,318652.4447310582,7.319584768,0.14631435863517203,
13970,3.2421875,0.00026038751345532833,318664.4338405211,7.324827648,0.11102546254577231,
13980,1.953125,0.0002602798708288482,318676.3270667178,7.330070528,0.2128567778360473,
13990,2.73046875,0.00026017222820236816,318688.3866965577,7.335313408,0.14692452230799377,
14000,1.892578125,0.0002600645855758881,318694.726030873,7.340556288,0.28704462571559125,
14000,,,,,,0.0
14010,3.3359375,0.000259956942949408,318587.91036060103,7.345799168,0.12948806025203977,
14020,3.26171875,0.00025984930032292786,318600.1179985709,7.351042048,0.11421475981859068,
14030,3.29296875,0.0002597416576964478,318612.218751175,7.356284928,0.15855585139916653,
14040,3.390625,0.00025963401506996775,318624.37377123185,7.361527808,0.17037781033522692,
14050,3.41015625,0.0002595263724434876,318636.20961702074,7.366770688,0.16479649436496258,
14060,3.2109375,0.00025941872981700753,318648.20692243485,7.372013568,0.23791293977283257,
14070,2.921875,0.00025931108719052745,318659.9418467265,7.377256448,0.22336837982027433,
14080,3.3671875,0.0002592034445640474,318671.8935435192,7.382499328,0.12328876049620502,
14090,2.421875,0.0002590958019375673,318683.77794338076,7.387742208,0.2203051618271329,
14100,3.4296875,0.0002589881593110872,318695.751104626,7.392985088,0.15047493684992977,
14110,3.41796875,0.0002588805166846071,318707.8474731618,7.398227968,0.13112322607037044,
14120,2.43359375,0.00025877287405812703,318719.9771304936,7.403470848,0.500509072782694,
14130,3.35546875,0.00025866523143164695,318731.90719218826,7.408713728,0.2067052782525394,
14140,3.27734375,0.0002585575888051668,318743.7597151213,7.413956608,0.13798968876687556,
14150,1.640625,0.0002584499461786868,318755.6694134314,7.419199488,0.23477538413153118,
14160,3.37890625,0.0002583423035522067,318764.275175634,7.424442368,0.11156917698339386,
14170,2.8203125,0.00025823466092572656,318773.49938937183,7.429685248,0.17972062377523068,
14180,3.28125,0.0002581270182992465,318785.2885197559,7.434928128,0.1994781085621026,
14190,3.26953125,0.0002580193756727664,318797.0161609306,7.440171008,0.15546900237493333,
14200,1.916015625,0.00025791173304628637,318808.6960356409,7.445413888,0.20943118237601482,
14210,3.171875,0.0002578040904198063,318820.56604074594,7.450656768,0.14922294033249336,
14220,3.15625,0.0002576964477933262,318832.3016715483,7.455899648,0.12343531992808227,
14230,3.21875,0.00025758880516684607,318843.8234475235,7.461142528,0.16372398908593616,
14240,3.2421875,0.000257481162540366,318855.6051453923,7.466385408,0.14466241640577965,
14250,3.41015625,0.00025737351991388595,318867.29480258044,7.471628288,0.1511690051544672,
14260,3.1796875,0.0002572658772874058,318878.7108588814,7.476871168,0.1370781932324382,
14270,3.41796875,0.00025715823466092573,318890.49658111867,7.482114048,0.12932847010305132,
14280,2.119140625,0.00025705059203444565,318899.113929339,7.487356928,0.26729225331963574,
14290,2.021484375,0.00025694294940796557,318910.87292486156,7.492599808,0.2200199574281712,
14300,3.3671875,0.0002568353067814855,318922.5193099077,7.497842688,0.15904990407782715,
14310,1.865234375,0.0002567276641550054,318934.0932285556,7.503085568,0.23558939326829345,
14320,3.453125,0.0002566200215285253,318945.51242894994,7.508328448,0.14718119190370654,
14330,2.7734375,0.00025651237890204524,318956.91750652,7.513571328,0.18592032835026395,
14340,2.0703125,0.00025640473627556515,318949.85342881177,7.518814208,0.17898495723486707,
14350,3.32421875,0.000256297093649085,318961.1783738575,7.524057088,0.13976087142481355,
14360,3.265625,0.000256189451022605,318972.689296845,7.529299968,0.11976277228701113,
14370,3.3125,0.0002560818083961249,318984.00017096614,7.534542848,0.11062566708043937,
14380,2.7734375,0.00025597416576964477,318995.3946744265,7.539785728,0.1664401006411481,
14390,2.87890625,0.0002558665231431647,319006.6072039236,7.545028608,0.12044287231479524,
14400,3.3203125,0.0002557588805166846,319010.26358800003,7.550271488,0.13387966850883154,
14410,2.78125,0.0002556512378902046,319021.768435344,7.555514368,0.1894747223228327,
14420,3.2109375,0.00025554359526372444,319026.2472207237,7.560757248,0.1071875448619857,
14430,3.39453125,0.00025543595263724435,319028.88920836506,7.566000128,0.11337122286836378,
14440,3.39453125,0.00025532831001076427,319040.28696447576,7.571243008,0.19270464409542218,
14450,3.19140625,0.0002552206673842842,319051.37011844304,7.576485888,0.12420621233552402,
14460,3.3671875,0.0002551130247578041,319062.68036749616,7.581728768,0.12471873191489688,
14470,3.28515625,0.00025500538213132397,319073.91943600954,7.586971648,0.11356269922530042,
14480,2.96875,0.00025489773950484394,319085.08048785507,7.592214528,0.13396863132493736,
14490,3.37890625,0.00025479009687836386,319096.6752324477,7.597457408,0.11619581175680364,
14500,3.23046875,0.0002546824542518838,319108.00817753875,7.602700288,0.16435003094908526,
14500,,,,,,0.0
14510,3.3125,0.00025457481162540364,319119.2368804482,7.607943168,0.11759564239325568,
14520,3.3046875,0.00025446716899892355,319130.5767542412,7.613186048,0.1122008906326823,
14530,2.95703125,0.0002543595263724435,319141.9272347778,7.618428928,0.14053125371344544,
14540,3.2578125,0.0002542518837459634,319153.26273100195,7.623671808,0.1260220548372755,
14550,1.876953125,0.0002541442411194833,319164.06913237687,7.628914688,0.19321387559952954,
14560,3.296875,0.0002540365984930032,319175.11293418217,7.634157568,0.14761270891902611,
14570,3.3125,0.00025392895586652314,319186.40162819147,7.639400448,0.13582295902563457,
14580,3.25390625,0.0002538213132400431,319197.5415044276,7.644643328,0.15263741076284393,
14590,3.67578125,0.000253713670613563,319208.9698425619,7.649886208,0.1783958636377937,
14600,2.72265625,0.0002536060279870829,319219.99468022847,7.655129088,0.13440017043979494,
14610,3.375,0.0002534983853606028,319231.13324346696,7.660371968,0.13613412722813426,
14620,3.34765625,0.0002533907427341228,319237.45678492176,7.665614848,0.11895764770104562,
14630,2.6796875,0.00025328310010764264,319248.5843825661,7.670857728,0.13222909885804185,
14640,1.8984375,0.00025317545748116256,319259.83137983084,7.676100608,0.18010121180000144,
14650,2.0390625,0.0002530678148546825,319270.39486438374,7.681343488,0.17220123377814073,
14660,2.8671875,0.0002529601722282024,319274.563800757,7.686586368,0.15282989934626165,
14670,3.2890625,0.0002528525296017223,319285.57872992224,7.691829248,0.12575037198097969,
14680,2.65625,0.0002527448869752422,319296.7218758424,7.697072128,0.1592009113572237,
14690,2.640625,0.00025263724434876214,319305.64295294107,7.702315008,0.16138159550118786,
14700,3.37109375,0.00025252960172228206,319293.99069944187,7.707557888,0.13398199040661235,
14710,2.5390625,0.000252421959095802,319304.88025637664,7.712800768,0.18501820263079313,
14720,1.919921875,0.00025231431646932184,319315.8312024056,7.718043648,0.20515104126259925,
14730,1.833984375,0.00025220667384284176,319326.58763556054,7.723286528,0.14694618054852288,
14740,3.21484375,0.00025209903121636173,319337.5222637768,7.728529408,0.1125021323617069,
14750,3.36328125,0.0002519913885898816,319320.27952212683,7.733772288,0.13389669280280717,
14760,1.927734375,0.0002518837459634015,319331.46050333034,7.739015168,0.25557482274141996,
14770,2.8984375,0.00025177610333692143,319341.8938377321,7.744258048,0.12875697364766173,
14780,3.30859375,0.00025166846071044134,319352.8265528744,7.749500928,0.18155640033797588,
14790,2.73828125,0.00025156081808396126,319363.66276463144,7.754743808,0.16327449292039853,
14800,3.36328125,0.0002514531754574811,319374.67438434594,7.759986688,0.13656318658145838,
14810,1.94921875,0.0002513455328310011,319385.3671401332,7.765229568,0.2946704024194253,
14820,1.9140625,0.000251237890204521,319396.2772889501,7.770472448,0.2491241908624796,
14830,2.9921875,0.00025113024757804093,319407.05158029514,7.775715328,0.14419217033799947,
14840,2.12109375,0.0002510226049515608,319417.9348395466,7.780958208,0.1818319268105343,
14850,1.8984375,0.00025091496232508076,319428.70733315183,7.786201088,0.17293674976621953,
14860,3.32421875,0.0002508073196986007,319439.56155837694,7.791443968,0.12005679807856873,
14870,1.859375,0.00025069967707212054,319450.3767075785,7.796686848,0.47195759426649114,
14880,2.8828125,0.00025059203444564046,319461.14074932307,7.801929728,0.20218142120020127,
14890,3.15625,0.0002504843918191604,319471.92107912607,7.807172608,0.11830058126333962,
14900,3.1953125,0.00025037674919268035,319472.5641324792,7.812415488,0.1254503710073906,
14910,3.3125,0.0002502691065662002,319483.42056162975,7.817658368,0.11972574325519227,
14920,2.59375,0.00025016146393972013,319493.89564045303,7.822901248,0.1725682206671678,
14930,1.62890625,0.00025005382131324005,319504.6199248803,7.828144128,0.1494449154560034,
14940,3.390625,0.00024994617868675996,319514.3884587522,7.833387008,0.12377827382302706,
14950,2.5859375,0.00024983853606027994,319524.862176406,7.838629888,0.2194031476072558,
14960,4.13671875,0.0002497308934337998,319535.57747846673,7.843872768,0.4940204544401414,
14970,3.3359375,0.0002496232508073197,319546.04654090904,7.849115648,0.152326197255205,
14980,3.26953125,0.00024951560818083963,319534.3116004032,7.854358528,0.14505471273194978,
14990,2.84375,0.00024940796555435955,319535.8910208768,7.859601408,0.1397350179808569,
15000,3.30859375,0.00024930032292787947,319546.4017074703,7.864844288,0.17267339540310517,
15000,,,,,,0.0
15010,2.01953125,0.00024919268030139933,319441.8323894207,7.870087168,0.8044277534410127,
15020,3.35546875,0.0002490850376749193,319451.8459560347,7.875330048,0.11324958584881281,
15030,3.32421875,0.0002489773950484392,319462.30261671456,7.880572928,0.112419050567844,
15040,3.41015625,0.00024886975242195913,319472.88236032083,7.885815808,0.10218694085292221,
15050,2.8125,0.000248762109795479,319472.5662320237,7.891058688,0.12089719975922952,
15060,3.2109375,0.0002486544671689989,319483.1275616006,7.896301568,0.11248185507930057,
15070,1.869140625,0.0002485468245425189,319493.85703793104,7.901544448,0.18590522357909484,
15080,3.25,0.00024843918191603875,319504.4546052744,7.906787328,0.11996270739432216,
15090,3.29296875,0.00024833153928955867,319496.4117720514,7.912030208,0.11810305988179788,
15100,3.28125,0.0002482238966630786,319462.46880515397,7.917273088,0.11185543398036804,
15110,1.7734375,0.00024811625403659855,319450.1810658493,7.922515968,0.1563994578195133,
15120,1.5,0.0002480086114101184,319460.97182260285,7.927758848,0.13932142582277232,
15130,3.28125,0.00024790096878363833,319471.6499521766,7.933001728,0.1256408873472222,
15140,1.93359375,0.00024779332615715825,319482.3386006224,7.938244608,0.1738184569487958,
15150,2.65625,0.00024768568353067817,319492.97955486435,7.943487488,0.16006604165581081,
15160,3.30078125,0.0002475780409041981,319503.6040193877,7.948730368,0.14497189519153858,
15170,3.41015625,0.00024747039827771795,319514.28961382445,7.953973248,0.12638998011017832,
15180,3.34375,0.0002473627556512379,319525.0450296762,7.959216128,0.138828883496698,
15190,3.34375,0.00024725511302475784,319519.5203188224,7.964459008,0.1411611710550775,
15200,2.06640625,0.0002471474703982777,319508.288485759,7.969701888,0.2461789628708659,
15210,3.34765625,0.0002470398277717976,319483.50546252384,7.974944768,0.11589182764613722,
15220,1.78515625,0.00024693218514531753,319494.2254698894,7.980187648,0.19662461489383076,
15230,2.00390625,0.0002468245425188375,319504.74969749904,7.985430528,0.21992249334016717,
15240,3.4453125,0.00024671689989235737,319511.3042296457,7.990673408,0.1330861296329167,
15250,1.865234375,0.0002466092572658773,319517.2385763581,7.995916288,0.1430313272116672,
15260,2.84375,0.0002465016146393972,319513.61607966514,8.001159168,0.15317044957969198,
15270,3.37890625,0.0002463939720129171,319514.1005584256,8.006402048,0.13069936304208912,
15280,3.4453125,0.00024628632938643704,319490.2898740547,8.011644928,0.1519649775945863,
15290,1.958984375,0.0002461786867599569,319492.76082083513,8.016887808,0.19460576902466822,
15300,3.41796875,0.00024607104413347687,319503.3452279328,8.022130688,0.10596960810936763,
15310,3.31640625,0.0002459634015069968,319513.80526373204,8.027373568,0.10979477997196237,
15320,2.60546875,0.0002458557588805167,319503.5172517708,8.032616448,0.16382336300053071,
15330,3.26953125,0.0002457481162540366,319514.10238193325,8.037859328,0.10830427213837766,
15340,2.7890625,0.0002456404736275565,319521.51198107144,8.043102208,0.16436824344091844,
15350,3.30078125,0.00024553283100107646,319529.9618235522,8.048345088,0.16164674338627785,
15360,1.919921875,0.0002454251883745964,319540.5621405901,8.053587968,0.170365969689825,
15370,3.171875,0.0002453175457481163,319551.2074666138,8.058830848,0.10353117334446407,
15380,3.2890625,0.00024520990312163615,319561.5771279616,8.064073728,0.12638421593282645,
15390,1.974609375,0.0002451022604951561,319571.2086733284,8.069316608,0.13865546459089387,
15400,3.23828125,0.00024499461786867604,319581.6995900433,8.074559488,0.13207363363560495,
15410,3.28515625,0.0002448869752421959,319590.1971090367,8.079802368,0.1396055659674306,
15420,3.3125,0.0002447793326157158,319600.61947794625,8.085045248,0.12814986346128035,
15430,2.5078125,0.00024467168998923574,319573.96524880937,8.090288128,0.24230528229839707,
15440,2.7421875,0.0002445640473627557,319584.4680711216,8.095531008,0.1374053196235661,
15450,3.37890625,0.0002444564047362756,319594.8245256292,8.100773888,0.12012071255911529,
15460,3.2578125,0.0002443487621097955,319605.15452902846,8.106016768,0.14692241192399716,
15470,3.3046875,0.0002442411194833154,319615.58556801506,8.111259648,0.1083327704328484,
15480,2.1328125,0.00024413347685683535,319625.95250982966,8.116502528,0.1382029803071944,
15490,2.078125,0.00024402583423035524,319627.35804840975,8.121745408,0.194373963201018,
15500,3.3046875,0.00024391819160387513,319637.6395336142,8.126988288,0.11514863109370516,
15500,,,,,,0.0
15510,3.30859375,0.00024381054897739505,319647.95277385623,8.132231168,0.1757073359177122,
15520,3.4140625,0.000243702906350915,319658.42108357727,8.137474048,0.12505848929712757,
15530,2.1015625,0.00024359526372443488,319661.8673945494,8.142716928,0.5257109449845095,
15540,1.837890625,0.00024348762109795477,319672.0416126722,8.147959808,0.20667814754175948,
15550,3.3203125,0.00024337997847147472,319682.1236479576,8.153202688,0.12042828384833554,
15560,3.3046875,0.00024327233584499463,319692.1676530754,8.158445568,0.15609434141014006,
15570,3.25390625,0.00024316469321851455,319652.48136503145,8.163688448,0.10940810194306637,
15580,3.30859375,0.00024305705059203444,319662.6876905891,8.168931328,0.15639223040908495,
15590,3.15234375,0.00024294940796555436,319672.9446889057,8.174174208,0.13753509898001756,
15600,3.2109375,0.0002428417653390743,319683.09855281585,8.179417088,0.10787109084380475,
15610,3.20703125,0.0002427341227125942,319686.62864750635,8.184659968,0.10373086695947936,
15620,3.21875,0.00024262648008611408,319696.81388004025,8.189902848,0.14027383471033242,
15630,2.046875,0.00024251883745963403,319692.7250643308,8.195145728,0.2741866087889091,
15640,3.2734375,0.00024241119483315394,319702.9251136214,8.200388608,0.11829499395434075,
15650,3.25390625,0.00024230355220667383,319713.0467027825,8.205631488,0.12471139074877731,
15660,3.328125,0.00024219590958019372,319723.02430505835,8.210874368,0.1053090507499609,
15670,3.27734375,0.00024208826695371367,319723.7557751707,8.216117248,0.11113502549562936,
15680,3.203125,0.0002419806243272336,319733.942002189,8.221360128,0.11288713781536687,
15690,3.296875,0.00024187298170075353,319744.11592907016,8.226603008,0.13210670871040195,
15700,3.34765625,0.00024176533907427345,319753.9379789931,8.231845888,0.11519831006362946,
15710,2.76171875,0.00024165769644779334,319764.04492004064,8.237088768,0.12496945959343952,
15720,1.95703125,0.00024155005382131325,319773.988039173,8.242331648,0.20860178528537818,
15730,1.896484375,0.0002414424111948332,319783.8578855311,8.247574528,0.1591618836626848,
15740,2.6796875,0.0002413347685683531,319793.8691420235,8.252817408,0.15510488086667898,
15750,1.6953125,0.00024122712594187298,319803.9848315334,8.258060288,0.3201315462431721,
15760,2.6171875,0.00024111948331539292,319813.85267070035,8.263303168,0.19618102715707753,
15770,2.197265625,0.00024101184068891284,319823.57146604144,8.268546048,0.3005933363540234,
15780,3.3828125,0.00024090419806243273,319828.46797226457,8.273788928,0.16931692127426817,
15790,3.265625,0.00024079655543595262,319827.9138634922,8.279031808,0.11464318032329585,
15800,3.20703125,0.00024068891280947256,319837.93675239885,8.284274688,0.10216790254914328,
15810,3.44921875,0.0002405812701829925,319847.7027992867,8.289517568,0.1387209914269294,
15820,2.087890625,0.0002404736275565124,319857.4994887755,8.294760448,0.5649942033276799,
15830,3.2734375,0.0002403659849300323,319867.4292441191,8.300003328,0.11273295035037488,
15840,2.22265625,0.00024025834230355223,319877.2902904331,8.305246208,0.7238047429904245,
15850,3.20703125,0.00024015069967707215,319887.179420674,8.310489088,0.1349062525852118,
15860,3.26171875,0.00024004305705059204,319881.2243908562,8.315731968,0.11053485375279114,
15870,3.2890625,0.00023993541442411193,319885.36841634376,8.320974848,0.13564106785931399,
15880,3.25,0.00023982777179763187,319895.1809659709,8.326217728,0.10967185912953532,
15890,2.7421875,0.00023972012917115182,319904.8804779271,8.331460608,0.1490527159533114,
15900,1.830078125,0.0002396124865446717,319914.5437586232,8.336703488,0.14983621966594757,
15910,3.28125,0.0002395048439181916,319924.2882241956,8.341946368,0.1609722596272641,
15920,3.39453125,0.00023939720129171151,319933.94886299636,8.347189248,0.146928639750633,
15930,3.27734375,0.00023928955866523146,319943.78890613123,8.352432128,0.11997335261158372,
15940,2.60546875,0.00023918191603875135,319953.57868023857,8.357675008,0.1306293013485755,
15950,2.1328125,0.00023907427341227124,319963.2912420676,8.362917888,0.15341377268527231,
15960,3.41796875,0.00023896663078579118,319972.98200968746,8.368160768,0.15263315229570798,
15970,2.78515625,0.00023885898815931113,319982.6478113307,8.373403648,0.17787974861901568,
15980,3.31640625,0.00023875134553283102,319987.01130700525,8.378646528,0.14180111631301812,
15990,1.880859375,0.0002386437029063509,319992.656018062,8.383889408,0.391535947497917,
16000,3.3671875,0.00023853606027987082,320002.63769790874,8.389132288,0.11888759339344582,
16000,,,,,,0.0
16010,3.14453125,0.00023842841765339077,319898.713352247,8.394375168,0.125175435658434,
16020,3.390625,0.00023832077502691066,319908.71505400946,8.399618048,0.11088169517065236,
16030,3.3203125,0.00023821313240043055,319915.9608678849,8.404860928,0.10553302586881311,
16040,2.73828125,0.0002381054897739505,319926.0133633408,8.410103808,0.14743470248609764,
16050,3.2578125,0.0002379978471474704,319935.8582067062,8.415346688,0.11873272804339327,
16060,3.31640625,0.00023789020452099035,319945.676245889,8.420589568,0.1510249806029502,
16070,3.23046875,0.00023778256189451024,319954.9176033159,8.425832448,0.11329876901277798,
16080,1.896484375,0.00023767491926803013,319964.8947660855,8.431075328,0.2713486485457262,
16090,3.359375,0.00023756727664155008,319974.66087593045,8.436318208,0.14292708787491307,
16100,3.34765625,0.00023745963401507002,319984.4019362041,8.441561088,0.14341189271593874,
16110,3.38671875,0.0002373519913885899,319994.22574055265,8.446803968,0.1289320609913199,
16120,3.45703125,0.0002372443487621098,319998.2142320187,8.452046848,0.29830691737229303,
16130,3.35546875,0.00023713670613562972,320007.7236970159,8.457289728,0.16470520590488574,
16140,1.861328125,0.00023702906350914966,320017.4074315138,8.462532608,0.2994994764700769,
16150,2.2890625,0.00023692142088266955,320026.33258160675,8.467775488,0.1614140304390793,
16160,3.29296875,0.00023681377825618944,320035.93456767354,8.473018368,0.11295543722540263,
16170,3.26171875,0.0002367061356297094,320045.6010805669,8.478261248,0.1281152327985752,
16180,3.359375,0.0002365984930032293,320055.28162244667,8.483504128,0.10676783458822564,
16190,3.33203125,0.0002364908503767492,320063.1156860495,8.488747008,0.11638371408058974,
16200,2.00390625,0.00023638320775026909,320072.5181365104,8.493989888,0.27182226351263833,
16210,3.296875,0.00023627556512378903,320082.0340445991,8.499232768,0.10775552650219258,
16220,3.40625,0.00023616792249730897,320091.3760417916,8.504475648,0.14391593858379068,
16230,3.28515625,0.00023606027987082886,320100.7444551575,8.509718528,0.12024952714741359,
16240,2.0703125,0.00023595263724434875,320101.73691138596,8.514961408,0.3147676131873158,
16250,3.26953125,0.0002358449946178687,320111.27787363407,8.520204288,0.11819689443991684,
16260,3.2109375,0.00023573735199138862,320120.8578323595,8.525447168,0.11813843566294142,
16270,3.2890625,0.0002356297093649085,320130.48983330175,8.530690048,0.10318915822345155,
16280,2.54296875,0.0002355220667384284,320139.8142959195,8.535932928,0.1449639695884666,
16290,2.78515625,0.00023541442411194834,320147.79798920976,8.541175808,0.1416513228018635,
16300,3.20703125,0.00023530678148546828,320149.33942407777,8.546418688,0.10944364814859561,
16310,3.265625,0.00023519913885898817,320158.87474595173,8.551661568,0.10821551888286736,
16320,3.234375,0.00023509149623250806,320168.15881695464,8.556904448,0.12978852459152881,
16330,3.37109375,0.00023498385360602798,320177.6232425288,8.562147328,0.1406304644937104,
16340,2.7421875,0.00023487621097954792,320177.9458208245,8.567390208,0.1454382877120113,
16350,3.33203125,0.00023476856835306781,320185.0394230984,8.572633088,0.11159818473819251,
16360,2.078125,0.0002346609257265877,320194.5339530723,8.577875968,0.4999740394841737,
16370,3.2421875,0.00023455328310010765,320203.94900999044,8.583118848,0.11802111432961553,
16380,1.50390625,0.0002344456404736276,320206.33654314454,8.588361728,0.2295638070713367,
16390,2.8984375,0.00023433799784714748,320215.5748473533,8.593604608,0.12043300046663603,
16400,2.70703125,0.00023423035522066737,320224.89540552604,8.598847488,0.1628875050834942,
16410,2.18359375,0.0002341227125941873,320234.30170568946,8.604090368,0.1911637800604863,
16420,2.052734375,0.00023401506996770723,320243.76270423445,8.609333248,0.21266935851702196,
16430,3.42578125,0.00023390742734122718,320244.19074357854,8.614576128,0.2080222192902271,
16440,2.63671875,0.00023379978471474707,320253.60644991294,8.619819008,0.20525423193910736,
16450,3.28125,0.00023369214208826696,320263.02035744145,8.625061888,0.16127063089015517,
16460,3.3671875,0.00023358449946178688,320260.5368654657,8.630304768,0.11916377930530861,
16470,3.28515625,0.00023347685683530682,320269.7181959061,8.635547648,0.12817844604737236,
16480,2.6484375,0.0002333692142088267,320269.87167243136,8.640790528,0.1787429538559231,
16490,3.27734375,0.0002332615715823466,320279.22927660093,8.646033408,0.1011244077051258,
16500,3.171875,0.00023315392895586654,320288.56103321165,8.651276288,0.10663262658838298,
16500,,,,,,0.0
16510,2.67578125,0.0002330462863293865,320297.8894827865,8.656519168,0.12646974470322705,
16520,3.40625,0.00023293864370290638,320307.2511660036,8.661762048,0.1321630832032935,
16530,3.26171875,0.00023283100107642627,320298.6998294194,8.667004928,0.12480694840775726,
16540,3.20703125,0.00023272335844994619,320308.12305253156,8.672247808,0.11146258541365062,
16550,3.19921875,0.00023261571582346613,320287.32821744354,8.677490688,0.11300966413169594,
16560,3.25,0.00023250807319698602,320296.6869069552,8.682733568,0.10263000117775115,
16570,3.2109375,0.0002324004305705059,320305.86672958086,8.687976448,0.10138975191056025,
16580,3.1640625,0.00023229278794402585,320314.9081846167,8.693219328,0.10682843163147097,
16590,2.65625,0.00023218514531754577,320321.611475165,8.698462208,0.13595658188214016,
16600,3.17578125,0.00023207750269106566,320330.79994722956,8.703705088,0.12748997267704723,
16610,2.16796875,0.00023196986006458558,320334.2712105779,8.708947968,0.334948371274978,
16620,2.640625,0.0002318622174381055,320343.4165435251,8.714190848,0.14432686784839568,
16630,2.12109375,0.00023175457481162544,320352.4546191191,8.719433728,0.1751754100642026,
16640,2.74609375,0.00023164693218514533,320361.6361374564,8.724676608,0.1815972307144885,
16650,3.19140625,0.00023153928955866522,320370.8636995428,8.729919488,0.16760885086946112,
16660,3.34375,0.00023143164693218516,320370.86951401003,8.735162368,0.14159836555867267,
16670,3.1875,0.00023132400430570508,320248.01793105307,8.740405248,0.12446845358676766,
16680,3.3203125,0.00023121636167922497,320257.26516951114,8.745648128,0.1442585286747584,
16690,3.578125,0.00023110871905274486,320251.3756894087,8.750891008,0.1313783517800598,
16700,3.23046875,0.0002310010764262648,320219.03972952766,8.756133888,0.11534677178657436,
16710,1.78125,0.00023089343379978475,320228.1296522446,8.761376768,0.17804636844599314,
16720,1.974609375,0.00023078579117330464,320237.12388205127,8.766619648,0.1807273589247674,
16730,0.96484375,0.00023067814854682453,320246.37167174456,8.771862528,1.0022662254693866,
16740,3.27734375,0.00023057050592034445,320255.52185039694,8.777105408,0.1088135075346026,
16750,3.421875,0.0002304628632938644,320260.4792144144,8.782348288,0.11937286483385756,
16760,3.16015625,0.00023035522066738428,320240.9193298283,8.787591168,0.11699429135844748,
16770,3.265625,0.00023024757804090417,320229.9699870493,8.792834048,0.10405630609598929,
16780,3.34375,0.00023013993541442411,320239.3195067957,8.798076928,0.10954333942982059,
16790,3.28125,0.00023003229278794406,320248.53893493715,8.803319808,0.1493915444676103,
16800,3.26953125,0.00022992465016146398,320232.51569056895,8.808562688,0.1423158555585243,
16810,2.6796875,0.00022981700753498387,320241.8666920814,8.813805568,0.14615148997923658,
16820,3.33203125,0.00022970936490850376,320241.5501358069,8.819048448,0.1328495585664354,
16830,3.27734375,0.0002296017222820237,320250.19863293006,8.824291328,0.10711015466762681,
16840,3.21875,0.00022949407965554364,320258.4907260483,8.829534208,0.11182892415452439,
16850,3.2578125,0.00022938643702906353,320267.43357606727,8.834777088,0.11481385948464762,
16860,2.08984375,0.00022927879440258342,320272.43543286354,8.840019968,0.2526540990052657,
16870,3.08984375,0.00022917115177610334,320281.6066470215,8.845262848,0.11295554618030819,
16880,3.23046875,0.00022906350914962329,320290.69366779365,8.850505728,0.10121299780862973,
16890,2.578125,0.00022895586652314318,320299.7768239824,8.855748608,0.1274811563515373,
16900,3.28125,0.00022884822389666307,320308.77817302116,8.860991488,0.12173939069198052,
16910,3.1640625,0.000228740581270183,320317.67489993403,8.866234368,0.1317190252808841,
16920,1.513671875,0.00022863293864370295,320326.6311703979,8.871477248,0.15532157600094368,
16930,3.40625,0.00022852529601722284,320335.0616452702,8.876720128,0.225078189618959,
16940,3.39453125,0.00022841765339074273,320344.0258569459,8.881963008,0.1371304265686154,
16950,2.46484375,0.00022831001076426265,320352.8715456674,8.887205888,0.15639211858187205,
16960,3.31640625,0.0002282023681377826,320351.6004120791,8.892448768,0.13573357418554094,
16970,3.33203125,0.00022809472551130249,320360.63139399095,8.897691648,0.10736079250036151,
16980,1.9453125,0.00022798708288482238,320369.53376428573,8.902934528,0.19376645650022767,
16990,3.265625,0.00022787944025834232,320378.28508222447,8.908177408,0.13309535467766942,
17000,2.703125,0.00022777179763186224,320387.30248498806,8.913420288,0.16726224763325723,
17000,,,,,,0.0
17010,2.87109375,0.00022766415500538215,320300.56385887,8.918663168,0.14110560281174656,
17020,3.3203125,0.00022755651237890204,320309.43707026925,8.923906048,0.1403763016512861,
17030,3.35546875,0.00022744886975242196,320318.2688656887,8.929148928,0.1840595306555467,
17040,1.75,0.0002273412271259419,320326.8776337256,8.934391808,0.15485195440239216,
17050,3.35546875,0.0002272335844994618,320335.6632818263,8.939634688,0.2489891428406156,
17060,2.5625,0.00022712594187298169,320337.57851170195,8.944877568,0.12201431981784341,
17070,3.28125,0.00022701829924650163,320346.3715104243,8.950120448,0.11004779342731077,
17080,3.30859375,0.00022691065662002155,320355.1660150938,8.955363328,0.10259798675452277,
17090,1.55078125,0.00022680301399354144,320363.9010781226,8.960606208,0.19755362967779572,
17100,3.3046875,0.00022669537136706133,320372.89616197697,8.965849088,0.11171712566124362,
17110,3.26953125,0.00022658772874058127,320381.78549198183,8.971091968,0.11132668468193986,
17120,3.17578125,0.00022648008611410121,320389.2177237321,8.976334848,0.11424686495925139,
17130,3.19140625,0.0002263724434876211,320398.1293190733,8.981577728,0.10032983187745882,
17140,2.5625,0.000226264800861141,320406.9363837321,8.986820608,0.13473943705935718,
17150,2.65625,0.00022615715823466094,320415.657036565,8.992063488,0.14083570309370927,
17160,3.3359375,0.00022604951560818086,320419.8297099171,8.997306368,0.11572908113542824,
17170,3.3125,0.0002259418729817008,320427.18474379374,9.002549248,0.132039329298899,
17180,3.2578125,0.0002258342303552207,320436.0131697937,9.007792128,0.10882140278327768,
17190,2.025390625,0.00022572658772874058,320444.73321471654,9.013035008,0.20743425725736178,
17200,2.8515625,0.00022561894510226052,320453.52075871953,9.018277888,0.10959038768535742,
17210,3.30078125,0.00022551130247578044,320462.39771007106,9.023520768,0.11718182481936834,
17220,3.17578125,0.00022540365984930033,320471.2538294955,9.028763648,0.13893200771209882,
17230,3.265625,0.00022529601722282022,320474.7658820292,9.034006528,0.13232171919750316,
17240,1.9296875,0.00022518837459634017,320483.5921975771,9.039249408,0.21036286170728224,
17250,3.42578125,0.0002250807319698601,320492.3243359541,9.044492288,0.1650838337278473,
17260,3.33984375,0.00022497308934338,320501.1671366595,9.049735168,0.12456655179694233,
17270,3.296875,0.0002248654467168999,320509.700819678,9.054978048,0.11800236987794319,
17280,3.26953125,0.00022475780409041983,320482.30987634254,9.060220928,0.1091996640848912,
17290,2.50390625,0.00022465016146393975,320483.4301860472,9.065463808,0.17337252930368596,
17300,1.533203125,0.00022454251883745964,320476.31076860515,9.070706688,0.13814567482985257,
17310,2.43359375,0.00022443487621097953,320458.8058504507,9.075949568,0.2768607932309282,
17320,3.30078125,0.00022432723358449948,320463.7232016289,9.081192448,0.13065182649077062,
17330,2.9375,0.00022421959095801942,320470.22158914746,9.086435328,0.1284569222856317,
17340,3.3125,0.0002241119483315393,320451.46841272106,9.091678208,0.12216169100457323,
17350,3.2265625,0.0002240043057050592,320460.21954224317,9.096921088,0.12946629518237793,
17360,1.783203125,0.00022389666307857912,320467.93093719386,9.102163968,0.1407119020434087,
17370,3.3359375,0.00022378902045209906,320476.8457946302,9.107406848,0.13852513732567676,
17380,1.8671875,0.00022368137782561895,320473.04620847834,9.112649728,0.2216938904661001,
17390,2.0703125,0.00022357373519913884,320468.2700844015,9.117892608,0.22793038405049157,
17400,3.15625,0.00022346609257265879,320472.51807643665,9.123135488,0.11525512155306729,
17410,3.265625,0.0002233584499461787,320455.27440499695,9.128378368,0.18417644654062618,
17420,1.7890625,0.00022325080731969862,320460.2556588914,9.133621248,0.40448855202075307,
17430,3.30078125,0.0002231431646932185,320457.84484982095,9.138864128,0.11772901769689945,
17440,3.34765625,0.00022303552206673843,320452.5453805769,9.144107008,0.12070049502128403,
17450,3.359375,0.00022292787944025837,320456.2553777747,9.149349888,0.12202610448159527,
17460,3.1015625,0.00022282023681377826,320435.27586832794,9.154592768,0.12871344415365468,
17470,3.12109375,0.00022271259418729815,320444.0196222602,9.159835648,0.10388887766083175,
17480,3.2734375,0.0002226049515608181,320452.6941680733,9.165078528,0.11514543001434283,
17490,3.1796875,0.000222497308934338,320461.2107280006,9.170321408,0.13502306145176124,
17500,2.51953125,0.0002223896663078579,320468.1621166476,9.175564288,0.1634011792072428,
17500,,,,,,0.0
17510,3.37890625,0.0002222820236813778,320476.66121369967,9.180807168,0.13315337808894875,
17520,3.2734375,0.00022217438105489774,320485.27267023746,9.186050048,0.10689246483270258,
17530,3.2265625,0.00022206673842841768,320493.8565718573,9.191292928,0.1404088865829771,
17540,3.30078125,0.0002219590958019376,320502.3515681965,9.196535808,0.1137259266788279,
17550,3.32421875,0.00022185145317545751,320470.47647745995,9.201778688,0.13659117305146767,
17560,3.3984375,0.0002217438105489774,320466.7521907334,9.207021568,0.11543264723694997,
17570,2.57421875,0.00022163616792249732,320475.5629999979,9.212264448,0.27544252599746505,
17580,3.36328125,0.00022152852529601727,320484.00198588107,9.217507328,0.12752617166714986,
17590,3.234375,0.00022142088266953716,320492.68720870226,9.222750208,0.1104018209939977,
17600,3.2890625,0.00022131324004305705,320501.29986583727,9.227993088,0.1055294593404355,
17610,3.19921875,0.000221205597416577,320509.8401018012,9.233235968,0.1183285992549981,
17620,3.37890625,0.0002210979547900969,320518.33116889646,9.238478848,0.11706676572571897,
17630,3.421875,0.0002209903121636168,320526.9036172503,9.243721728,0.13211534279596804,
17640,3.28125,0.0002208826695371367,320535.5220204423,9.248964608,0.10817542461589424,
17650,2.7265625,0.00022077502691065663,320544.18466199865,9.254207488,0.12764264936365718,
17660,1.734375,0.00022066738428417658,320552.713424153,9.259450368,0.16401370916909985,
17670,3.27734375,0.00022055974165769647,320561.16070125904,9.264693248,0.1349384577161204,
17680,3.2265625,0.00022045209903121636,320569.7392964333,9.269936128,0.11068659075902199,
17690,3.27734375,0.0002203444564047363,320578.2686244591,9.275179008,0.12457236780787705,
17700,3.35546875,0.00022023681377825622,320586.8416998529,9.280421888,0.1318980101903381,
17710,3.2421875,0.0002201291711517761,320595.4607865109,9.285664768,0.13274210620782945,
17720,3.32421875,0.000220021528525296,320603.9488562723,9.290907648,0.13764079320628542,
17730,3.23828125,0.00021991388589881594,320612.4743288421,9.296150528,0.12560026691811862,
17740,3.13671875,0.00021980624327233589,320621.1089322366,9.301393408,0.13450265277336332,
17750,2.4765625,0.00021969860064585578,320629.56449969014,9.306636288,0.23543313752024644,
17760,3.26953125,0.00021959095801937567,320637.899200453,9.311879168,0.1296731517723183,
17770,2.89453125,0.00021948331539289558,320645.90063043725,9.317122048,0.15991065161960577,
17780,2.0,0.00021937567276641553,320654.1959088929,9.322364928,0.18659480693343408,
17790,3.203125,0.00021926803013993542,320662.6832674803,9.327607808,0.11420661679234026,
17800,3.41796875,0.0002191603875134553,320668.2926950687,9.332850688,0.13871623116828785,
17810,3.3203125,0.00021905274488697525,320676.5607751277,9.338093568,0.17897816983169965,
17820,2.765625,0.0002189451022604952,320684.9610519731,9.343336448,0.13351180030803844,
17830,3.28125,0.00021883745963401509,320693.46678394085,9.348579328,0.18923052056431366,
17840,3.16015625,0.00021872981700753498,320700.2831728379,9.353822208,0.13853191185558017,
17850,3.203125,0.0002186221743810549,320684.9841006944,9.359065088,0.12494746858135021,
17860,1.833984375,0.00021851453175457484,320693.26058545563,9.364307968,0.1392830526137897,
17870,3.41796875,0.00021840688912809473,320700.4693516121,9.369550848,0.13951573522516278,
17880,3.2109375,0.00021829924650161462,320702.5262515546,9.374793728,0.10350274072097211,
17890,3.24609375,0.00021819160387513456,320707.46239314735,9.380036608,0.10732438362422222,
17900,2.84765625,0.00021808396124865448,320705.3479711225,9.385279488,0.10588612007114931,
17910,2.146484375,0.00021797631862217442,320713.755083529,9.390522368,0.41973746880542223,
17920,3.26171875,0.0002178686759956943,320651.8953178572,9.395765248,0.15488752365377836,
17930,3.30078125,0.0002177610333692142,320632.8442815446,9.401008128,0.1491616685228586,
17940,2.76171875,0.00021765339074273415,320634.63646508777,9.406251008,0.15489553589913385,
17950,1.8359375,0.0002175457481162541,320643.0568754914,9.411493888,0.1535468426835421,
17960,3.171875,0.00021743810548977398,320630.8052772461,9.416736768,0.11084843539496667,
17970,3.28125,0.00021733046286329387,320638.971589826,9.421979648,0.1042434532051305,
17980,3.203125,0.0002172228202368138,320647.1335092094,9.427222528,0.12983731586420505,
17990,2.79296875,0.00021711517761033373,320655.3941857956,9.432465408,0.1455370809748818,
18000,3.34375,0.00021700753498385362,320663.6422024988,9.437708288,0.1404910304575301,
18000,,,,,,0.0
18010,3.234375,0.0002168998923573735,320564.2815317346,9.442951168,0.15440132108550705,
18020,3.2109375,0.00021679224973089346,320572.79139330925,9.448194048,0.1091601858170782,
18030,3.359375,0.00021668460710441337,320581.1553418989,9.453436928,0.12745568174951125,
18040,3.25,0.00021657696447793326,320589.4045095984,9.458679808,0.15326231499116716,
18050,2.16015625,0.00021646932185145315,320597.5753986097,9.463922688,0.21818315090419405,
18060,3.30859375,0.0002163616792249731,320605.7730545551,9.469165568,0.09986224187968355,
18070,3.2421875,0.00021625403659849304,320614.01278231095,9.474408448,0.12245452918350264,
18080,3.33984375,0.00021614639397201293,320615.57332481345,9.479651328,0.11803307579218336,
18090,1.767578125,0.00021603875134553282,320623.8780460415,9.484894208,0.16729105350312334,
18100,1.86328125,0.00021593110871905277,320628.80969799514,9.490137088,0.20871854682871271,
18110,3.27734375,0.00021582346609257268,320637.0727040601,9.495379968,0.12333611566049198,
18120,3.2734375,0.00021571582346609257,320645.31183416146,9.500622848,0.11985388149458558,
18130,3.27734375,0.00021560818083961246,320653.5162937681,9.505865728,0.10568251874295344,
18140,3.37109375,0.0002155005382131324,320661.7266439707,9.511108608,0.12551353793863476,
18150,2.81640625,0.00021539289558665235,320670.0046135999,9.516351488,0.1200884937296856,
18160,1.869140625,0.00021528525296017224,320678.16398184723,9.521594368,0.17647067074318967,
18170,1.931640625,0.00021517761033369213,320686.31017198786,9.526837248,0.313371351004705,
18180,2.69140625,0.00021506996770721205,320675.70532743307,9.532080128,0.1291284878168797,
18190,2.88671875,0.000214962325080732,320684.1116651767,9.537323008,0.12231303198727554,
18200,3.31640625,0.00021485468245425188,320692.543272458,9.542565888,0.16419784960724743,
18210,3.2890625,0.00021474703982777177,320697.99399300816,9.547808768,0.12072666044920931,
18220,3.15625,0.00021463939720129172,320703.11258879595,9.553051648,0.11909424260171302,
18230,3.32421875,0.00021453175457481166,320711.1644543117,9.558294528,0.12109345784225377,
18240,3.26171875,0.00021442411194833155,320717.3040970223,9.563537408,0.12492949780266525,
18250,3.11328125,0.00021431646932185144,320725.5087510247,9.568780288,0.1046305928664581,
18260,3.28125,0.00021420882669537136,320733.7873620199,9.574023168,0.12897950304485564,
18270,3.2265625,0.0002141011840688913,320742.1689946909,9.579266048,0.11331529926283328,
18280,3.75,0.00021399354144241125,320741.0551166662,9.584508928,0.20734132504487907,
18290,1.88671875,0.00021388589881593114,320749.26113326056,9.589751808,0.22208631427991044,
18300,2.0703125,0.00021377825618945103,320757.45271613327,9.594994688,0.1594399687768607,
18310,3.17578125,0.00021367061356297094,320765.5873756521,9.600237568,0.1349993902010611,
18320,3.1484375,0.0002135629709364909,320773.83203620854,9.605480448,0.10247917688001663,
18330,3.33203125,0.00021345532831001078,320781.7557733505,9.610723328,0.1005385854871953,
18340,3.1953125,0.00021334768568353067,320789.81614019873,9.615966208,0.10384100094822112,
18350,3.24609375,0.0002132400430570506,320788.22533371416,9.621209088,0.12181591306487899,
18360,3.1796875,0.00021313240043057056,320779.28623787797,9.626451968,0.10476846434282001,
18370,3.13671875,0.00021302475780409045,320786.61589056306,9.631694848,0.10482478552256548,
18380,3.38671875,0.00021291711517761034,320792.65809658304,9.636937728,0.10385561431842441,
18390,3.21875,0.00021280947255113025,320800.5920256212,9.642180608,0.10592404771993927,
18400,3.234375,0.0002127018299246502,320808.750383937,9.647423488,0.09893092285275014,
18410,3.296875,0.0002125941872981701,320816.7392975177,9.652666368,0.12609857956301612,
18420,3.22265625,0.00021248654467168998,320816.7024910061,9.657909248,0.15252061757439536,
18430,1.9609375,0.00021237890204520992,320824.9269913616,9.663152128,0.19644705801171547,
18440,3.26953125,0.00021227125941872984,320833.0550456925,9.668395008,0.16546914380806843,
18450,3.23828125,0.00021216361679224973,320841.04117546114,9.673637888,0.10612188916352208,
18460,3.34375,0.00021205597416576965,320849.13288781827,9.678880768,0.14534764263949643,
18470,2.828125,0.00021194833153928956,320848.2431265568,9.684123648,0.17350466946323714,
18480,2.009765625,0.0002118406889128095,320856.1774167193,9.689366528,0.1870988833216636,
18490,3.2109375,0.0002117330462863294,320864.2115038232,9.694609408,0.11349854281919969,
18500,2.2109375,0.0002116254036598493,320872.25143391656,9.699852288,0.20079399461050704,
18500,,,,,,0.0
18510,3.109375,0.00021151776103336923,320880.19399996113,9.705095168,0.11326205063841285,
18520,2.73046875,0.00021141011840688915,320888.20023349015,9.710338048,0.12671805888144813,
18530,3.20703125,0.00021130247578040904,320896.10731972655,9.715580928,0.14000204516609127,
18540,3.30078125,0.00021119483315392893,320904.1107881345,9.720823808,0.15575711171812243,
18550,3.3671875,0.00021108719052744887,320912.2254403797,9.726066688,0.1459836335238906,
18560,3.26953125,0.00021097954790096882,320920.0164211336,9.731309568,0.10818172954721217,
18570,3.1953125,0.0002108719052744887,320927.96433472895,9.736552448,0.11712488225247697,
18580,2.7265625,0.0002107642626480086,320935.8423219602,9.741795328,0.13483570159472386,
18590,3.17578125,0.00021065662002152854,320943.6337082183,9.747038208,0.11590764295154331,
18600,3.15234375,0.00021054897739504846,320951.47834812547,9.752281088,0.11659423983461889,
18610,3.0546875,0.00021044133476856835,320959.36728389614,9.757523968,0.11411634675195234,
18620,1.7421875,0.00021033369214208824,320966.09087430395,9.762766848,0.13675276414609874,
18630,2.38671875,0.00021022604951560818,320974.0946311564,9.768009728,0.12398311131858653,
18640,2.80859375,0.00021011840688912813,320981.9559156229,9.773252608,0.13831273351696347,
18650,3.19921875,0.00021001076426264802,320989.8671759681,9.778495488,0.12221731703518772,
18660,3.203125,0.00020990312163616793,320997.9274222609,9.783738368,0.11445169653003064,
18670,1.47265625,0.00020979547900968782,321004.42402196163,9.788981248,0.1365023411129695,
18680,3.2734375,0.00020968783638320777,321012.2661477375,9.794224128,0.14224761455833687,
18690,3.30078125,0.0002095801937567277,321020.06810391246,9.799467008,0.10623893879834449,
18700,3.140625,0.0002094725511302476,321027.60804610053,9.804709888,0.11984553504670317,
18710,1.728515625,0.0002093649085037675,321035.5012891302,9.809952768,0.13240383396505048,
18720,3.2578125,0.0002092572658772874,321043.4465515784,9.815195648,0.11783967303282109,
18730,1.810546875,0.00020914962325080735,321051.44156132714,9.820438528,0.1969094315012923,
18740,2.060546875,0.00020904198062432724,321059.35910331976,9.825681408,0.14991302261351616,
18750,3.375,0.00020893433799784713,321067.1918106902,9.830924288,0.11952919760875119,
18760,3.25,0.00020882669537136708,321075.13104857743,9.836167168,0.1260654849698242,
18770,3.30078125,0.00020871905274488702,321082.9355103011,9.841410048,0.10901345988409092,
18780,3.23828125,0.0002086114101184069,321090.74127884436,9.846652928,0.11161222230858842,
18790,1.783203125,0.0002085037674919268,321092.3354977527,9.851895808,0.2033617812328455,
18800,3.22265625,0.00020839612486544672,321099.9938434506,9.857138688,0.16006663014621764,
18810,1.892578125,0.00020828848223896666,321107.73892743624,9.862381568,0.2247594249890238,
18820,3.2734375,0.00020818083961248655,321110.031155573,9.867624448,0.10575232215896285,
18830,3.18359375,0.00020807319698600644,321117.9303154466,9.872867328,0.11474509855815956,
18840,1.697265625,0.0002079655543595264,321125.64956140233,9.878110208,0.223069434725823,
18850,3.25,0.0002078579117330463,321133.5430467317,9.883353088,0.11432474258919846,
18860,2.63671875,0.00020775026910656622,321139.8963959433,9.888595968,0.14721369263138326,
18870,1.8984375,0.0002076426264800861,321147.73861740634,9.893838848,0.13981699578597617,
18880,3.28515625,0.00020753498385360603,321155.3986693311,9.899081728,0.1245761736967938,
18890,1.828125,0.00020742734122712597,321159.16816062573,9.904324608,0.19341270957811035,
18900,3.3125,0.00020731969860064586,321166.93966364785,9.909567488,0.11235465981051884,
18910,3.2109375,0.00020721205597416575,321174.6817031751,9.914810368,0.14862915538060043,
18920,3.296875,0.0002071044133476857,321156.8631661845,9.920053248,0.12006790458122295,
18930,2.072265625,0.00020699677072120561,321164.62112810544,9.925296128,0.21826253379636695,
18940,3.2265625,0.0002068891280947255,321170.6268067018,9.930539008,0.12227093002674902,
18950,3.46875,0.0002067814854682454,321178.1933880118,9.935781888,0.13189734271703601,
18960,3.2265625,0.00020667384284176534,321185.54919883434,9.941024768,0.12386979418672592,
18970,1.888671875,0.00020656620021528528,321192.7605341311,9.946267648,0.1316067211278174,
18980,3.24609375,0.00020645855758880517,321200.4905459243,9.951510528,0.13360215151217694,
18990,2.6328125,0.00020635091496232506,321200.14706559974,9.956753408,0.1166344582303127,
19000,3.27734375,0.000206243272335845,321203.80390930275,9.961996288,0.1190348082447781,
19000,,,,,,0.0
19010,3.26953125,0.00020613562970936492,321123.249884992,9.967239168,0.11426985608003172,
19020,1.935546875,0.00020602798708288481,321131.071218838,9.972482048,0.1864300661741858,
19030,3.17578125,0.00020592034445640476,321138.82978417986,9.977724928,0.13298568188769003,
19040,3.40625,0.00020581270182992465,321128.592979432,9.982967808,0.11963466480864363,
19050,2.6796875,0.0002057050592034446,321136.26454673347,9.988210688,0.1357239145360838,
19060,3.21875,0.0002055974165769645,321143.97801704216,9.993453568,0.10972732680665598,
19070,2.74609375,0.0002054897739504844,321151.6977740021,9.998696448,0.1513920454964516,
19080,3.35546875,0.0002053821313240043,321159.48413494043,10.003939328,0.10836094022043058,
19090,2.61328125,0.00020527448869752423,321167.270610077,10.009182208,0.353267370964091,
19100,1.701171875,0.00020516684607104418,321174.81635953946,10.014425088,0.1412030192772923,
19110,3.2421875,0.00020505920344456407,321182.46279686445,10.019667968,0.1463797854025538,
19120,3.1875,0.00020495156081808396,321190.29452498106,10.024910848,0.14784719076795627,
19130,3.32421875,0.0002048439181916039,321197.9829191436,10.030153728,0.11852491244128835,
19140,1.736328125,0.00020473627556512382,321197.8793708675,10.035396608,0.13524064366295552,
19150,2.9375,0.0002046286329386437,321205.31989576237,10.040639488,0.11639154228168111,
19160,3.31640625,0.0002045209903121636,321212.8633399349,10.045882368,0.11218864482598283,
19170,3.23828125,0.00020441334768568354,321220.46196959197,10.051125248,0.1194288716121203,
19180,3.14453125,0.0002043057050592035,321227.89826182695,10.056368128,0.12607986172050928,
19190,3.32421875,0.00020419806243272338,321235.5217735745,10.061611008,0.12789555867705435,
19200,2.6484375,0.00020409041980624327,321243.0584519567,10.066853888,0.15034135627456735,
19210,3.25,0.00020398277717976319,321250.42957836733,10.072096768,0.11123281212502376,
19220,3.375,0.00020387513455328313,321258.0121757599,10.077339648,0.11995935610367199,
19230,3.22265625,0.00020376749192680302,321262.9525647125,10.082582528,0.10458391432062213,
19240,2.72265625,0.0002036598493003229,321267.4025099409,10.087825408,0.11875189139190881,
19250,1.6875,0.00020355220667384285,321274.96717736265,10.093068288,0.13711240137389813,
19260,2.71875,0.0002034445640473628,321282.3290083213,10.098311168,0.1719233039866743,
19270,3.265625,0.0002033369214208827,321285.5319435093,10.103554048,0.18695855552709756,
19280,2.55078125,0.00020322927879440258,321292.9363653611,10.108796928,0.16055320807718176,
19290,3.1484375,0.0002031216361679225,321300.4050801394,10.114039808,0.10588377691003888,
19300,3.22265625,0.00020301399354144244,321301.30548247654,10.119282688,0.1085844333838591,
19310,2.76953125,0.00020290635091496233,321308.76738842047,10.124525568,0.12038443600962559,
19320,2.30859375,0.00020279870828848222,321316.2180598784,10.129768448,0.1718606028307507,
19330,2.11328125,0.00020269106566200216,321323.564755361,10.135011328,0.1906262780879489,
19340,1.76953125,0.00020258342303552208,321331.1157349278,10.140254208,0.28791745645769934,
19350,3.30859375,0.00020247578040904197,321338.6064527684,10.145497088,0.1355342589694404,
19360,1.740234375,0.00020236813778256186,321346.0663978189,10.150739968,0.1258271488780848,
19370,3.15625,0.0002022604951560818,321353.47723302,10.155982848,0.11342676506868454,
19380,3.27734375,0.00020215285252960175,321361.0480417035,10.161225728,0.14404562157661543,
19390,1.96484375,0.00020204520990312164,321368.56808509317,10.166468608,0.363286490341586,
19400,3.2578125,0.00020193756727664158,321376.0345203525,10.171711488,0.10001178150284248,
19410,3.07421875,0.00020182992465016147,321383.48691359774,10.176954368,0.10809611830659653,
19420,3.16796875,0.0002017222820236814,321391.0146140384,10.182197248,0.10554635026625593,
19430,3.26171875,0.00020161463939720133,321398.49070758757,10.187440128,0.15719067999355307,
19440,3.28515625,0.00020150699677072122,321405.8849468821,10.192683008,0.10838915896116023,
19450,1.841796875,0.00020139935414424111,321413.3276154101,10.197925888,0.2313296750060112,
19460,3.26171875,0.00020129171151776106,321420.8451355278,10.203168768,0.11123806408261491,
19470,2.86328125,0.00020118406889128098,321428.3277989693,10.208411648,0.16126674228081203,
19480,3.2578125,0.00020107642626480087,321435.49562453444,10.213654528,0.12890183634618982,
19490,1.697265625,0.00020096878363832076,321442.84884125675,10.218897408,0.16319369302146006,
19500,3.203125,0.0002008611410118407,321450.30081849406,10.224140288,0.10430235550845737,
19500,,,,,,0.0
19510,1.9140625,0.00020075349838536064,321454.9413508786,10.229383168,0.21124489038745115,
19520,3.19921875,0.00020064585575888053,321462.2936219587,10.234626048,0.12745185577204132,
19530,3.19921875,0.00020053821313240042,321469.6304829708,10.239868928,0.10433150026112703,
19540,1.7890625,0.00020043057050592037,321476.98509266076,10.245111808,0.25586826949141367,
19550,3.11328125,0.00020032292787944029,321484.34625568154,10.250354688,0.11584697370725701,
19560,1.564453125,0.00020021528525296018,321491.6431887428,10.255597568,0.21192505335192846,
19570,3.30078125,0.00020010764262648007,321499.0478731544,10.260840448,0.1384326005139821,
19580,2.7578125,0.0002,321506.40821977844,10.266083328,0.14278331794935936,
19590,2.74609375,0.00019989235737351995,321513.8593538996,10.271326208,0.12694244753317388,
19600,1.671875,0.00019978471474703984,321520.8861058348,10.276569088,0.11468990543005879,
19610,3.35546875,0.00019967707212055976,321528.19196526887,10.281811968,0.13151256066171954,
19620,3.109375,0.00019956942949407965,321535.49764119094,10.287054848,0.10832611631108933,
19630,2.7734375,0.0001994617868675996,321541.16891266446,10.292297728,0.1136634383237376,
19640,3.2578125,0.00019935414424111949,321548.54809741094,10.297540608,0.10581961998896788,
19650,3.21484375,0.00019924650161463943,321555.77377395803,10.302783488,0.1030651249767617,
19660,3.18359375,0.00019913885898815932,321562.9905542308,10.308026368,0.10540887393761768,
19670,3.09765625,0.00019903121636167926,321570.2449756953,10.313269248,0.10469049474201449,
19680,3.27734375,0.00019892357373519915,321576.3975595206,10.318512128,0.10383052153800269,
19690,3.1953125,0.00019881593110871907,321583.6550206659,10.323755008,0.12146397169478375,
19700,3.1640625,0.00019870828848223896,321591.0025981118,10.328997888,0.10520906144358126,
19710,2.07421875,0.0001986006458557589,321598.3225827448,10.334240768,0.5391936824052157,
19720,2.83984375,0.0001984930032292788,321605.6476830024,10.339483648,0.1497840742214485,
19730,3.20703125,0.00019838536060279874,321612.8978432982,10.344726528,0.1592467707793644,
19740,3.27734375,0.00019827771797631863,321620.14348188695,10.349969408,0.142822688432883,
19750,3.1875,0.00019817007534983855,321627.44178775494,10.355212288,0.10539688363775174,
19760,3.35546875,0.00019806243272335844,321634.6771888251,10.360455168,0.1098223459060231,
19770,3.27734375,0.00019795479009687838,321641.87380316533,10.365698048,0.1388177621756118,
19780,3.3125,0.00019784714747039827,321649.13210605824,10.370940928,0.1537742967219453,
19790,3.125,0.00019773950484391821,321656.29388806806,10.376183808,0.14790452743179688,
19800,2.66796875,0.0001976318622174381,321663.5661424124,10.381426688,0.1318056911863847,
19810,3.2421875,0.00019752421959095805,321670.704554021,10.386669568,0.11376486017768382,
19820,3.484375,0.00019741657696447794,321677.8450339692,10.391912448,0.17227449604158443,
19830,3.2890625,0.00019730893433799786,321685.117104588,10.397155328,0.1661746996650313,
19840,1.857421875,0.00019720129171151775,321692.23415760894,10.402398208,0.19081577070613945,
19850,2.703125,0.0001970936490850377,321699.35398701776,10.407641088,0.14131430176165366,
19860,3.171875,0.00019698600645855758,321706.6059974145,10.412883968,0.1075181363463905,
19870,3.23046875,0.00019687836383207752,321713.8605782483,10.418126848,0.10292594032340628,
19880,2.61328125,0.00019677072120559741,321721.0741241071,10.423369728,0.1325774456649579,
19890,3.171875,0.00019666307857911733,321728.26098974835,10.428612608,0.10833079779983114,
19900,2.85546875,0.00019655543595263722,321735.51441132004,10.433855488,0.11240228867771083,
19910,2.8203125,0.00019644779332615717,321742.6508647842,10.439098368,0.12863845795026932,
19920,2.8671875,0.00019634015069967706,321749.7508992295,10.444341248,0.11184274087096831,
19930,3.234375,0.000196232508073197,321756.98576009646,10.449584128,0.11144125700950276,
19940,3.265625,0.0001961248654467169,321764.1758023791,10.454827008,0.11495290139727342,
19950,3.26953125,0.00019601722282023683,321771.1619056252,10.460069888,0.11655718902829562,
19960,3.34375,0.00019590958019375675,321778.22150835185,10.465312768,0.1364170409615199,
19970,2.65625,0.00019580193756727664,321785.2994490754,10.470555648,0.12564457956636454,
19980,2.546875,0.00019569429494079659,321792.3327320843,10.475798528,0.13899424847039663,
19990,1.98828125,0.00019558665231431648,321799.32344718045,10.481041408,0.16377442367197828,
20000,2.150390625,0.00019547900968783642,321806.33767699066,10.486284288,0.23579824226299675,
20000,,,,,,0.0
20010,2.73828125,0.0001953713670613563,321731.32640185533,10.491527168,0.1364626902505359,
20020,3.24609375,0.00019526372443487623,321738.38529257645,10.496770048,0.11165629204804602,
20030,1.923828125,0.00019515608180839612,321745.40863905195,10.502012928,0.19102183568654407,
20040,3.2578125,0.00019504843918191606,321752.41519350745,10.507255808,0.11496641606703087,
20050,2.625,0.00019494079655543595,321759.4045543261,10.512498688,0.14874664268099924,
20060,3.3828125,0.0001948331539289559,321766.4255849004,10.517741568,0.1121337901001146,
20070,3.25,0.00019472551130247579,321773.3890178009,10.522984448,0.11951597411906126,
20080,1.8515625,0.00019461786867599573,321780.399866061,10.528227328,0.1819694278175323,
20090,3.23828125,0.00019451022604951562,321772.45543070877,10.533470208,0.12587614268624708,
20100,3.125,0.00019440258342303554,321778.21792748064,10.538713088,0.11961128918778913,
20110,2.72265625,0.00019429494079655543,321784.9710793025,10.543955968,0.15519905767988826,
20120,3.43359375,0.00019418729817007537,321791.942575277,10.549198848,0.12598418573842854,
20130,1.716796875,0.00019407965554359526,321798.87716067414,10.554441728,0.4253679708331801,
20140,2.7578125,0.0001939720129171152,321805.8183785116,10.559684608,0.14821057606828708,
20150,2.8828125,0.0001938643702906351,321812.68263797124,10.564927488,0.13510563476333742,
20160,3.13671875,0.000193756727664155,321802.5191423448,10.570170368,0.11916013720562571,
20170,3.1015625,0.00019364908503767493,321809.28654753335,10.575413248,0.11504009286253494,
20180,3.140625,0.00019354144241119485,321810.1203389463,10.580656128,0.12744032853394657,
20190,1.572265625,0.00019343379978471474,321817.0080753782,10.585899008,0.18071022110050416,
20200,3.42578125,0.00019332615715823468,321823.78941293573,10.591141888,0.13454761235650148,
20210,3.30078125,0.00019321851453175457,321824.59436559357,10.596384768,0.13916001551891832,
20220,3.3046875,0.00019311087190527451,321831.5613149068,10.601627648,0.36062945663741947,
20230,3.25390625,0.0001930032292787944,321832.86929643195,10.606870528,0.12096770342922847,
20240,3.1796875,0.00019289558665231432,321839.7783301196,10.612113408,0.10916106713392389,
20250,3.21484375,0.0001927879440258342,321844.95857642416,10.617356288,0.12565347166422622,
20260,3.2578125,0.00019268030139935416,321851.81178718596,10.622599168,0.10562506996818737,
20270,3.23828125,0.00019257265877287405,321858.62344787904,10.627842048,0.10799604089960985,
20280,3.41015625,0.000192465016146394,321865.57881954545,10.633084928,0.11740957456451408,
20290,3.3046875,0.00019235737351991388,321872.06746855774,10.638327808,0.14902564113646205,
20300,3.08203125,0.0001922497308934338,321878.9668411746,10.643570688,0.10344554521606793,
20310,1.4267578125,0.00019214208826695371,321885.72680029337,10.648813568,0.4280959094839821,
20320,2.62890625,0.00019203444564047363,321892.58368144865,10.654056448,0.13028391863114763,
20330,3.30078125,0.00019192680301399358,321899.3722620158,10.659299328,0.11384843809622602,
20340,3.33984375,0.00019181916038751347,321906.1945592094,10.664542208,0.1161234300392973,
20350,3.19921875,0.0001917115177610334,321912.9261160661,10.669785088,0.11197564703223065,
20360,3.16796875,0.0001916038751345533,321917.38298810704,10.675027968,0.12817045029059346,
20370,3.3125,0.00019149623250807322,321924.26425474463,10.680270848,0.13023829608081153,
20380,3.33984375,0.0001913885898815931,321931.0763190633,10.685513728,0.13521368277453968,
20390,3.2734375,0.00019128094725511305,321937.75752076955,10.690756608,0.13206255314600573,
20400,3.24609375,0.00019117330462863294,321944.61568234063,10.695999488,0.11419611839852356,
20410,3.21484375,0.00019106566200215289,321951.3817024091,10.701242368,0.10737402362977264,
20420,1.80859375,0.00019095801937567278,321958.12444393884,10.706485248,0.1683189601045016,
20430,3.07421875,0.0001908503767491927,321964.88816655386,10.711728128,0.2745586411986187,
20440,3.36328125,0.0001907427341227126,321967.74954119755,10.716971008,0.12283672336928624,
20450,3.31640625,0.00019063509149623253,321974.50662933977,10.722213888,0.10806804921304686,
20460,1.814453125,0.00019052744886975242,321981.2363523476,10.727456768,0.24447549629881982,
20470,3.23046875,0.00019041980624327236,321988.0515985902,10.732699648,0.11286511553752672,
20480,3.29296875,0.00019031216361679225,321994.81659354846,10.737942528,0.1601400130961556,
20490,3.1796875,0.0001902045209903122,321970.92213901156,10.743185408,0.13997985749391104,
20500,3.3125,0.00019009687836383209,321977.7489411774,10.748428288,0.13136677155753787,
20500,,,,,,0.0
20510,1.84765625,0.000189989235737352,321984.36266517034,10.753671168,0.38884114126253394,
20520,2.859375,0.0001898815931108719,321991.1207895121,10.758914048,0.11927546111715168,
20530,3.17578125,0.00018977395048439184,321997.83214721404,10.764156928,0.12604693304766493,
20540,3.33203125,0.00018966630785791173,322004.6023195347,10.769399808,0.10827109672682712,
20550,3.23046875,0.00018955866523143167,322011.358982894,10.774642688,0.11935651996845577,
20560,3.30078125,0.00018945102260495156,322017.72149173776,10.779885568,0.10959239563353088,
20570,1.9609375,0.00018934337997847148,322024.2934832479,10.785128448,0.14916672215470198,
20580,3.38671875,0.0001892357373519914,322031.06111531646,10.790371328,0.13441743938123873,
20590,3.2109375,0.0001891280947255113,322037.7027974721,10.795614208,0.12063965653893334,
20600,3.26171875,0.0001890204520990312,322044.3338410304,10.800857088,0.13697559841177148,
20610,2.65234375,0.00018891280947255115,322050.96720338817,10.806099968,0.15389660491067642,
20620,3.265625,0.00018880516684607104,322057.4864228114,10.811342848,0.12225733800303148,
20630,1.80078125,0.00018869752421959098,322046.9325247861,10.816585728,0.15237070923448623,
20640,3.1796875,0.00018858988159311087,322053.46507423854,10.821828608,0.1983918986434112,
20650,3.2109375,0.0001884822389666308,322059.91384060733,10.827071488,0.13054973070271692,
20660,2.5390625,0.00018837459634015068,322066.51459828496,10.832314368,0.13883935172785766,
20670,3.1953125,0.00018826695371367062,322073.1605483858,10.837557248,0.13891953819913125,
20680,3.3359375,0.0001881593110871905,322079.634142444,10.842800128,0.10640161183384864,
20690,3.234375,0.00018805166846071046,322086.2880711373,10.848043008,0.09931364980649864,
20700,2.47265625,0.00018794402583423037,322092.8479203097,10.853285888,0.1185381735126532,
20710,3.3359375,0.0001878363832077503,322099.4055764892,10.858528768,0.11717413217321582,
20720,3.1875,0.0001877287405812702,322106.0821458373,10.863771648,0.11494654448574461,
20730,3.2265625,0.0001876210979547901,322098.4817221686,10.869014528,0.11503915950380673,
20740,2.73828125,0.00018751345532831004,322105.1221995538,10.874257408,0.13825261226478563,
20750,3.3125,0.00018740581270182993,322111.7660749752,10.879500288,0.12825014510550226,
20760,3.30078125,0.00018729817007534988,322118.3515503423,10.884743168,0.1369156749746051,
20770,3.15234375,0.00018719052744886977,322124.93996108125,10.889986048,0.15123260395193172,
20780,3.26171875,0.00018708288482238968,322131.5242325571,10.895228928,0.12213301150552201,
20790,3.28125,0.00018697524219590957,322138.1343676934,10.900471808,0.11821726677226713,
20800,3.1328125,0.00018686759956942952,322144.6760749593,10.905714688,0.11088817368790582,
20810,2.3984375,0.0001867599569429494,322151.2380009896,10.910957568,0.12333669306617215,
20820,3.20703125,0.00018665231431646935,322157.70840442233,10.916200448,0.11586472861808322,
20830,1.779296875,0.00018654467168998924,322164.2806715028,10.921443328,0.1753572752569806,
20840,3.203125,0.00018643702906350919,322170.88774217333,10.926686208,0.1564092858933017,
20850,2.734375,0.00018632938643702908,322177.45643968607,10.931929088,0.12967440156694568,
20860,3.23046875,0.000186221743810549,322184.0733799658,10.937171968,0.13420103668505734,
20870,3.24609375,0.00018611410118406888,322176.20266082924,10.942414848,0.11226550481540815,
20880,3.3359375,0.00018600645855758883,322182.5360164386,10.947657728,0.2467026862209337,
20890,3.4140625,0.00018589881593110872,322189.02767471457,10.952900608,0.11864570988895046,
20900,2.66015625,0.00018579117330462866,322183.0696837632,10.958143488,0.12313653486058793,
20910,2.59765625,0.00018568353067814855,322185.09834906075,10.963386368,0.14358587409674003,
20920,3.2421875,0.00018557588805166847,322189.79085019,10.968629248,0.10592022837974462,
20930,3.171875,0.00018546824542518836,322196.38400061283,10.973872128,0.13689474725178258,
20940,2.66015625,0.0001853606027987083,322202.8654010925,10.979115008,0.12326258718377585,
20950,1.72265625,0.0001852529601722282,322209.2099197139,10.984357888,0.11893585488307815,
20960,2.71875,0.00018514531754574814,322215.6889808803,10.989600768,0.1805394175200129,
20970,3.20703125,0.00018503767491926803,322222.2666489192,10.994843648,0.1146210010357132,
20980,2.78515625,0.00018493003229278797,322228.71315754415,11.000086528,0.15408234132096538,
20990,3.2109375,0.00018482238966630786,322235.23481476214,11.005329408,0.10744132737142528,
21000,3.1953125,0.00018471474703982778,322241.77671312616,11.010572288,0.11477112461795833,
21000,,,,,,0.0
21010,3.26171875,0.00018460710441334767,322161.17383879574,11.015815168,0.11159348188415338,
21020,3.23046875,0.0001844994617868676,322167.7169389533,11.021058048,0.1346775207395022,
21030,2.57421875,0.0001843918191603875,322174.2568674267,11.026300928,0.1356809591589058,
21040,3.2421875,0.00018428417653390745,322180.6159687172,11.031543808,0.10840911293685156,
21050,3.23828125,0.00018417653390742734,322187.14457218477,11.036786688,0.1484943701161059,
21060,3.28515625,0.00018406889128094725,322192.59607999166,11.042029568,0.11132747382592939,
21070,3.1171875,0.0001839612486544672,322199.0598555588,11.047272448,0.11833803476456922,
21080,3.140625,0.0001838536060279871,322205.59607201413,11.052515328,0.11783622901715825,
21090,0.95703125,0.00018374596340150703,322212.07839536015,11.057758208,0.41549928314993423,
21100,3.2265625,0.00018363832077502692,322218.3759538678,11.063001088,0.14298422470940625,
21110,3.1953125,0.00018353067814854687,322224.79707150924,11.068243968,0.1250009702933852,
21120,3.2265625,0.00018342303552206676,322231.2307900755,11.073486848,0.1140257474301071,
21130,3.16015625,0.00018331539289558667,322237.71699482907,11.078729728,0.10659195267128756,
21140,3.37109375,0.00018320775026910656,322244.16568233765,11.083972608,0.13069593514569852,
21150,1.892578125,0.0001831001076426265,322250.6842579363,11.089215488,0.26320456582189666,
21160,2.12890625,0.0001829924650161464,322257.1137219244,11.094458368,0.9969503250782842,
21170,3.265625,0.00018288482238966634,322263.5500523238,11.099701248,0.14421556194847815,
21180,2.6328125,0.00018277717976318623,322269.9841274386,11.104944128,0.13957574096826356,
21190,3.17578125,0.00018266953713670615,322276.4147336025,11.110187008,0.11117171131255121,
21200,3.26953125,0.00018256189451022604,322282.8677656384,11.115429888,0.10602557609175217,
21210,3.328125,0.00018245425188374598,322289.16912033263,11.120672768,0.1191184995466928,
21220,2.63671875,0.00018234660925726587,322295.5345209009,11.125915648,0.1172152678141522,
21230,3.3046875,0.00018223896663078582,322301.8235688419,11.131158528,0.12239875122526961,
21240,3.09765625,0.0001821313240043057,322308.23401385435,11.136401408,0.10462916256202116,
21250,1.537109375,0.00018202368137782565,322314.5564984368,11.141644288,0.22604888229875117,
21260,3.26171875,0.00018191603875134554,322320.8331876816,11.146887168,0.109469432651227,
21270,3.2890625,0.00018180839612486546,322327.2537710517,11.152130048,0.12317933412382313,
21280,2.703125,0.00018170075349838535,322333.6387497765,11.157372928,0.1335594897798874,
21290,3.2265625,0.0001815931108719053,322339.8337871977,11.162615808,0.10682127975286002,
21300,3.15234375,0.00018148546824542518,322346.24131314096,11.167858688,0.1194797969372388,
21310,3.19140625,0.00018137782561894513,322352.7382454025,11.173101568,0.11710405161489644,
21320,2.71875,0.00018127018299246502,322359.11699024605,11.178344448,0.1491395487804398,
21330,3.390625,0.00018116254036598493,322365.37196893047,11.183587328,0.1301691279412226,
21340,1.435546875,0.00018105489773950482,322371.5790871492,11.188830208,0.22251332559022483,
21350,2.5859375,0.00018094725511302477,322377.51627002243,11.194073088,0.12473859021078995,
21360,3.26953125,0.00018083961248654466,322383.83039366186,11.199315968,0.12953568643544394,
21370,3.3515625,0.0001807319698600646,322390.20324632025,11.204558848,0.12015563734365067,
21380,3.16015625,0.0001806243272335845,322396.52147839434,11.209801728,0.13664558156204615,
21390,3.2734375,0.00018051668460710444,322402.8081083189,11.215044608,0.11858821933975684,
21400,3.15234375,0.00018040904198062433,322409.21001174336,11.220287488,0.10163507217514228,
21410,3.23828125,0.00018030139935414424,322412.21604661626,11.225530368,0.11271248466430654,
21420,3.28125,0.00018019375672766413,322418.60778824636,11.230773248,0.103777645771497,
21430,3.375,0.00018008611410118408,322424.97730687173,11.236016128,0.10343856383987299,
21440,3.16796875,0.00017997847147470402,322431.43406762317,11.241259008,0.13141925325256992,
21450,2.796875,0.0001798708288482239,322437.7948628687,11.246501888,0.1140803431416304,
21460,3.2890625,0.00017976318622174383,322444.1759970747,11.251744768,0.11263158134869142,
21470,3.26171875,0.00017965554359526372,322449.73777653824,11.256987648,0.11362072936696134,
21480,3.2578125,0.00017954790096878366,322455.98093694216,11.262230528,0.1121651073041923,
21490,3.203125,0.00017944025834230355,322453.0614223854,11.267473408,0.10713067646420443,
21500,3.2109375,0.0001793326157158235,322459.1000694891,11.272716288,0.1105237216465169,
21500,,,,,,0.0
21510,3.171875,0.0001792249730893434,322465.40295333345,11.277959168,0.11471174856201984,
21520,2.03125,0.00017911733046286333,322471.6086288519,11.283202048,0.21533255242255048,
21530,3.19921875,0.00017900968783638322,322477.89764366584,11.288444928,0.10617244638517087,
21540,3.234375,0.00017890204520990314,322484.2905969627,11.293687808,0.1712901784635689,
21550,2.609375,0.00017879440258342303,322490.6391177212,11.298930688,0.13175988244156947,
21560,2.7109375,0.00017868675995694297,322496.96420053137,11.304173568,0.12751560331348635,
21570,2.87109375,0.00017857911733046286,322503.08910031465,11.309416448,0.14454866188385435,
21580,2.5234375,0.0001784714747039828,322509.4458286101,11.314659328,0.16210982728271253,
21590,3.328125,0.0001783638320775027,322515.59559036983,11.319902208,0.12207118929793954,
21600,3.12890625,0.00017825618945102261,322521.70797751483,11.325145088,0.10365463131316537,
21610,3.23046875,0.0001781485468245425,322527.86951561546,11.330387968,0.1380362351948462,
21620,3.2578125,0.00017804090419806245,322534.0431259773,11.335630848,0.12198631019301641,
21630,1.984375,0.00017793326157158234,322540.2328046302,11.340873728,0.18122945784636801,
21640,2.6328125,0.00017782561894510228,322546.3933768116,11.346116608,0.18147844029735827,
21650,3.2890625,0.00017771797631862217,322552.46368304867,11.351359488,0.1225398613844219,
21660,3.23046875,0.00017761033369214212,322551.25794346817,11.356602368,0.12969525803445625,
21670,1.609375,0.000177502691065662,322557.391181101,11.361845248,0.206538373957322,
21680,3.28515625,0.00017739504843918192,322563.5989176172,11.367088128,0.12967251004091895,
21690,3.19921875,0.00017728740581270181,322569.5948117262,11.372331008,0.1051016869800159,
21700,3.2265625,0.00017717976318622176,322575.77740320266,11.377573888,0.10942224753163271,
21710,3.1953125,0.00017707212055974165,322581.9113544,11.382816768,0.10701911388283762,
21720,3.21875,0.0001769644779332616,322588.06872936897,11.388059648,0.10337590275854627,
21730,3.2578125,0.00017685683530678148,322594.19197843364,11.393302528,0.10480566465232223,
21740,3.203125,0.0001767491926803014,322600.3735898227,11.398545408,0.1045832456751013,
21750,3.25390625,0.00017664155005382132,322606.11316387926,11.403788288,0.1051469163514147,
21760,3.32421875,0.00017653390742734123,322607.9191587059,11.409031168,0.10134412538596023,
21770,3.19140625,0.00017642626480086112,322613.8248270231,11.414274048,0.10508622557771645,
21780,3.125,0.00017631862217438107,322599.5280644739,11.419516928,0.09899319831310054,
21790,2.62109375,0.00017621097954790096,322605.6589766847,11.424759808,0.11531548078913277,
21800,3.33984375,0.0001761033369214209,322605.38018317014,11.430002688,0.1346163777868164,
21810,3.109375,0.00017599569429494082,322604.20272714476,11.435245568,0.1276484227497178,
21820,2.59765625,0.0001758880516684607,322610.12588504405,11.440488448,0.1267941966062829,
21830,3.3046875,0.00017578040904198065,322616.14700461156,11.445731328,0.1709022495603511,
21840,1.869140625,0.00017567276641550054,322622.3249411819,11.450974208,0.2499614704042729,
21850,1.7890625,0.0001755651237890205,322628.3379276017,11.456217088,0.17904948737674423,
21860,3.22265625,0.00017545748116254038,322634.51695233566,11.461459968,0.1152917434942812,
21870,1.736328125,0.0001753498385360603,322640.6884894994,11.466702848,0.12936434659674742,
21880,3.265625,0.00017524219590958018,322641.02714235923,11.471945728,0.12317646172581226,
21890,3.23828125,0.00017513455328310013,322642.9491507924,11.477188608,0.10815691310716521,
21900,3.31640625,0.00017502691065662002,322648.90126755007,11.482431488,0.10546996113817128,
21910,3.296875,0.00017491926803013996,322654.9090663901,11.487674368,0.10276642669401068,
21920,3.23828125,0.00017481162540365985,322661.01176556054,11.492917248,0.10986477477495625,
21930,2.546875,0.0001747039827771798,322667.08427514724,11.498160128,0.1495121629894173,
21940,1.783203125,0.0001745963401506997,322673.12529971683,11.503403008,0.140545433597389,
21950,3.1640625,0.0001744886975242196,322679.16522857983,11.508645888,0.10860614910289432,
21960,1.984375,0.0001743810548977395,322685.31049894384,11.513888768,0.21418392273513218,
21970,1.76171875,0.00017427341227125944,322685.7893895247,11.519131648,0.19307271708495533,
21980,3.22265625,0.00017416576964477933,322691.6401474111,11.524374528,0.11889839811561574,
21990,3.078125,0.00017405812701829927,322696.1459496605,11.529617408,0.10876748556131019,
22000,2.765625,0.00017395048439181916,322702.20916468796,11.534860288,0.14106624135297535,
22000,,,,,,0.0
22010,2.83984375,0.00017384284176533908,322631.79503545683,11.540103168,0.13659109006051395,
22020,3.18359375,0.000173735199138859,322637.96746124123,11.545346048,0.13937524668564838,
22030,3.1953125,0.00017362755651237891,322644.03255973686,11.550588928,0.10398539760902302,
22040,3.2265625,0.0001735199138858988,322650.1107443943,11.555831808,0.1106752308873271,
22050,1.876953125,0.00017341227125941875,322656.06517626974,11.561074688,0.14242168963952898,
22060,3.12109375,0.00017330462863293864,322652.53903121984,11.566317568,0.1263560064963395,
22070,1.962890625,0.00017319698600645858,322658.45408738893,11.571560448,0.24347081979866012,
22080,3.33203125,0.00017308934337997847,322664.37206666236,11.576803328,0.1186864531979115,
22090,2.79296875,0.0001729817007534984,322670.2157294042,11.582046208,0.16263855217251966,
22100,2.77734375,0.00017287405812701828,322676.2093706484,11.587289088,0.19349055381833555,
22110,2.8984375,0.00017276641550053822,322681.31270756415,11.592531968,0.1502073390717824,
22120,3.2421875,0.00017265877287405811,322687.4981955252,11.597774848,0.1335539577938387,
22130,3.3203125,0.00017255113024757806,322693.54154249205,11.603017728,0.1209636774015258,
22140,3.22265625,0.00017244348762109795,322699.60918479966,11.608260608,0.14197803728308164,
22150,1.916015625,0.00017233584499461787,322698.5774186836,11.613503488,0.16717851597615416,
22160,3.1953125,0.00017222820236813778,322690.4229778922,11.618746368,0.11291693092727452,
22170,1.974609375,0.0001721205597416577,322688.03865668457,11.623989248,0.18549020193945912,
22180,3.25390625,0.0001720129171151776,322690.9390303679,11.629232128,0.1217389559223211,
22190,3.23046875,0.00017190527448869753,322696.8815618529,11.634475008,0.12143331583285663,
22200,3.125,0.00017179763186221748,322702.74201478786,11.639717888,0.10459605160939558,
22210,3.00390625,0.00017168998923573737,322708.7051698575,11.644960768,0.13911273292700324,
22220,3.21875,0.00017158234660925728,322714.6496356221,11.650203648,0.10416632535299733,
22230,3.16015625,0.00017147470398277717,322708.99175068137,11.655446528,0.11172928412992575,
22240,3.1875,0.00017136706135629712,322714.9180848316,11.660689408,0.1060359322102981,
22250,2.86328125,0.000171259418729817,322720.6467033867,11.665932288,0.11380754497720799,
22260,3.140625,0.00017115177610333695,322726.41889869765,11.671175168,0.12115316001795441,
22270,2.32421875,0.00017104413347685684,322722.73212754074,11.676418048,0.2141049788496485,
22280,3.15234375,0.00017093649085037676,322728.5949374412,11.681660928,0.11452665589054292,
22290,3.3359375,0.00017082884822389668,322734.534598508,11.686903808,0.1122020280942158,
22300,3.15625,0.0001707212055974166,322740.39000909356,11.692146688,0.11091716110968067,
22310,3.2265625,0.00017061356297093648,322746.3054607032,11.697389568,0.11033524327833703,
22320,3.1484375,0.00017050592034445643,322734.69590042956,11.702632448,0.10094945111110584,
22330,3.296875,0.00017039827771797632,322740.49022670055,11.707875328,0.11753350040064788,
22340,3.33984375,0.00017029063509149626,322725.33730040235,11.713118208,0.13234801503972896,
22350,3.19140625,0.00017018299246501615,322731.3169323438,11.718361088,0.10197790322217597,
22360,3.1640625,0.00017007534983853607,322737.2400379783,11.723603968,0.10935685898025348,
22370,2.1328125,0.00016996770721205596,322739.8383542497,11.728846848,0.404087784099962,
22380,1.888671875,0.0001698600645855759,322745.4845492067,11.734089728,0.14432313490202436,
22390,3.24609375,0.0001697524219590958,322716.3186639173,11.739332608,0.13915813906911065,
22400,3.21484375,0.00016964477933261574,322708.1701644832,11.744575488,0.10429647269603827,
22410,3.2265625,0.00016953713670613563,322713.8911231266,11.749818368,0.11330808485360919,
22420,3.35546875,0.00016942949407965557,322719.596308864,11.755061248,0.11785433105210201,
22430,3.23828125,0.00016932185145317546,322724.2925853141,11.760304128,0.10996159161978461,
22440,3.203125,0.00016921420882669538,322726.9292144871,11.765547008,0.10336039594599836,
22450,3.20703125,0.00016910656620021527,322732.9300634649,11.770789888,0.10892946742278138,
22460,2.46484375,0.00016899892357373521,322738.8007567317,11.776032768,0.13634231312070091,
22470,3.26171875,0.0001688912809472551,322744.66763339425,11.781275648,0.1316812775339452,
22480,2.78515625,0.00016878363832077505,322750.48671657284,11.786518528,0.10887188131107844,
22490,3.1875,0.00016867599569429494,322756.1840787531,11.791761408,0.11248094841381127,
22500,3.1875,0.00016856835306781486,322751.30280270625,11.797004288,0.12566122614954361,
22500,,,,,,0.0
22510,3.3046875,0.00016846071044133475,322757.1468431806,11.802247168,0.10544264984219087,
22520,3.2109375,0.0001683530678148547,322763.1158574551,11.807490048,0.1084715356430977,
22530,3.21484375,0.00016824542518837458,322769.0411590583,11.812732928,0.10495746947974512,
22540,3.2265625,0.00016813778256189452,322755.1557903674,11.817975808,0.1201039237243411,
22550,2.58203125,0.00016803013993541441,322760.9929644003,11.823218688,0.11985818543408497,
22560,2.58203125,0.00016792249730893436,322766.8205151406,11.828461568,0.1206089317620048,
22570,3.18359375,0.00016781485468245428,322772.6453414308,11.833704448,0.11900599410148728,
22580,3.2109375,0.00016770721205597417,322778.4817520376,11.838947328,0.10167382226742105,
22590,3.3671875,0.0001675995694294941,322784.3257188781,11.844190208,0.11361073214506409,
22600,3.30078125,0.000167491926803014,322790.1552895399,11.849433088,0.10459857575352141,
22610,2.61328125,0.00016738428417653394,322795.7980147498,11.854675968,0.12415756039321339,
22620,1.69140625,0.00016727664155005383,322796.685429065,11.859918848,0.14244029929741936,
22630,3.296875,0.00016716899892357375,322802.372865957,11.865161728,0.11322622648533717,
22640,3.18359375,0.00016706135629709364,322808.1772878784,11.870404608,0.1135067031379355,
22650,3.26953125,0.00016695371367061358,322813.9118494733,11.875647488,0.10491409039452813,
22660,3.2265625,0.00016684607104413347,322819.62378172565,11.880890368,0.10216178129047189,
22670,1.755859375,0.00016673842841765342,322825.3469397043,11.886133248,0.13430039806603178,
22680,3.19921875,0.0001666307857911733,322831.12956883066,11.891376128,0.13489013003912653,
22690,2.71875,0.00016652314316469325,322836.9339915665,11.896619008,0.13634685786643466,
22700,3.29296875,0.00016641550053821314,322842.0273930007,11.901861888,0.11451266527998306,
22710,3.15234375,0.00016630785791173306,322847.81561414094,11.907104768,0.10676647383859386,
22720,3.1953125,0.00016620021528525295,322853.5447900227,11.912347648,0.10883078447054438,
22730,3.1875,0.0001660925726587729,322859.44670587784,11.917590528,0.10417490821533507,
22740,1.85546875,0.00016598493003229278,322865.0696696587,11.922833408,0.19525452364296134,
22750,3.2890625,0.00016587728740581273,322870.84987400123,11.928076288,0.10786848263367853,
22760,2.578125,0.00016576964477933262,322876.65995162824,11.933319168,0.12595680577062993,
22770,3.2734375,0.00016566200215285254,322882.4386543104,11.938562048,0.12541377464535286,
22780,3.24609375,0.00016555435952637243,322888.08997142664,11.943804928,0.13481938954268302,
22790,3.12890625,0.00016544671689989237,322893.77561570733,11.949047808,0.1173155103148427,
22800,2.5234375,0.00016533907427341226,322898.0053145201,11.954290688,0.14479735352196266,
22810,3.34375,0.0001652314316469322,322903.7383286365,11.959533568,0.10527329309159707,
22820,3.17578125,0.0001651237890204521,322909.44828932127,11.964776448,0.12389026938467923,
22830,1.970703125,0.00016501614639397204,322915.1320407435,11.970019328,0.3370997763053454,
22840,2.828125,0.00016490850376749193,322920.6727141396,11.975262208,0.13928068358589007,
22850,1.744140625,0.00016480086114101185,322926.34951134725,11.980505088,0.1513502819433927,
22860,3.23046875,0.00016469321851453174,322931.9674157099,11.985747968,0.10755209780765616,
22870,3.3125,0.00016458557588805168,322937.5853573339,11.990990848,0.13300825696922944,
22880,3.1953125,0.00016447793326157157,322943.1296106988,11.996233728,0.14474949971907627,
22890,3.33984375,0.00016437029063509151,322948.64461234066,12.001476608,0.13941278503059976,
22900,3.125,0.0001642626480086114,322951.6088641031,12.006719488,0.1206206410331253,
22910,1.892578125,0.00016415500538213132,322957.0502869692,12.011962368,0.22246871092761633,
22920,3.3046875,0.0001640473627556512,322962.5852544392,12.017205248,0.12074944490373574,
22930,2.83984375,0.00016393972012917116,322947.58937711566,12.022448128,0.1337930952801046,
22940,3.22265625,0.0001638320775026911,322953.1472417078,12.027691008,0.1251683407403995,
22950,2.66015625,0.000163724434876211,322953.09437563655,12.032933888,0.14629851277569197,
22960,3.1640625,0.00016361679224973093,322958.6891865508,12.038176768,0.14031378910896006,
22970,3.390625,0.00016350914962325082,322914.8347104065,12.043419648,0.1379287704282225,
22980,3.2578125,0.00016340150699677074,322917.65453741414,12.048662528,0.13108232857298355,
22990,3.1796875,0.00016329386437029063,322923.47319802723,12.053905408,0.11723308709629827,
23000,3.29296875,0.00016318622174381058,322928.1821063749,12.059148288,0.10654030041739901,
23000,,,,,,0.0
23010,1.5703125,0.00016307857911733047,322850.58224562736,12.064391168,0.12133291979412915,
23020,1.98828125,0.0001629709364908504,322854.0490559936,12.069634048,0.13740257704465067,
23030,2.103515625,0.0001628632938643703,322859.86057737324,12.074876928,0.3245205206490716,
23040,3.26171875,0.00016275565123789022,322865.59638267447,12.080119808,0.12152644281199727,
23050,2.6171875,0.0001626480086114101,322871.4566670831,12.085362688,0.12945236404053373,
23060,3.22265625,0.00016254036598493005,322867.8146109554,12.090605568,0.11383393949378139,
23070,3.21875,0.00016243272335844994,322873.6323154499,12.095848448,0.11300093283258326,
23080,3.3046875,0.00016232508073196988,322879.4135671829,12.101091328,0.10583674814439512,
23090,3.16015625,0.00016221743810548977,322885.1666307289,12.106334208,0.11038304665540821,
23100,2.40234375,0.00016210979547900972,322890.84743704135,12.111577088,0.15586114514717953,
23110,3.20703125,0.0001620021528525296,322896.6038300023,12.116819968,0.12185683628246616,
23120,2.765625,0.00016189451022604953,322902.3007374814,12.122062848,0.13994697028113603,
23130,3.13671875,0.00016178686759956942,322907.83973485307,12.127305728,0.11170530985323988,
23140,1.865234375,0.00016167922497308936,322913.3599838541,12.132548608,0.15209750560440793,
23150,2.65625,0.00016157158234660925,322919.07148155395,12.137791488,0.1274257100100218,
23160,3.2109375,0.0001614639397201292,322922.1096413056,12.143034368,0.10921719553542633,
23170,3.1640625,0.00016135629709364908,322927.54747825785,12.148277248,0.10601293751825942,
23180,3.19140625,0.000161248654467169,322932.8460600352,12.153520128,0.10684229234526882,
23190,1.697265625,0.0001611410118406889,322938.4078667675,12.158763008,0.12574451604799453,
23200,3.11328125,0.00016103336921420884,322944.1535862439,12.164005888,0.11460057774020169,
23210,3.1875,0.00016092572658772873,322949.8131819402,12.169248768,0.1261211943662918,
23220,3.2734375,0.00016081808396124867,322955.45863394375,12.174491648,0.11657061392061432,
23230,2.70703125,0.00016071044133476856,322959.1062148187,12.179734528,0.16890475324170584,
23240,3.21484375,0.0001606027987082885,322964.6311043348,12.184977408,0.10446902639833883,
23250,3.1796875,0.0001604951560818084,322970.18744429457,12.190220288,0.11235246786728294,
23260,3.078125,0.0001603875134553283,322975.79876991693,12.195463168,0.10299678842115594,
23270,2.4609375,0.0001602798708288482,322981.4737329012,12.200706048,0.1456386230773751,
23280,3.12890625,0.00016017222820236815,322987.0628544548,12.205948928,0.10648819801975902,
23290,3.22265625,0.00016006458557588804,322990.91992423945,12.211191808,0.11042280621058467,
23300,3.13671875,0.00015995694294940798,322996.54021181876,12.216434688,0.13370614029761893,
23310,3.28125,0.0001598493003229279,323002.07284835813,12.221677568,0.11650618491081911,
23320,3.23046875,0.0001597416576964478,323007.4932232805,12.226920448,0.10895876392332561,
23330,3.1953125,0.00015963401506996773,323013.0151903996,12.232163328,0.11930692694202231,
23340,3.37890625,0.00015952637244348762,323018.5213443938,12.237406208,0.10519982307390123,
23350,3.203125,0.00015941872981700757,323024.1308494039,12.242649088,0.11433674802098152,
23360,3.23046875,0.00015931108719052746,323027.80667421257,12.247891968,0.11352049720852773,
23370,3.15625,0.0001592034445640474,323033.33600282273,12.253134848,0.10146730027645115,
23380,2.76953125,0.0001590958019375673,323017.9269434933,12.258377728,0.11159962985466734,
23390,3.17578125,0.0001589881593110872,323023.4031194276,12.263620608,0.11975057436907899,
23400,3.32421875,0.0001588805166846071,323028.80609363405,12.268863488,0.10908901696015703,
23410,3.15234375,0.00015877287405812704,323030.4336091536,12.274106368,0.11056274400496262,
23420,2.6875,0.00015866523143164693,323036.1141913817,12.279349248,0.139701397358142,
23430,3.19140625,0.00015855758880516688,323041.53510659945,12.284592128,0.10912587745640476,
23440,3.15625,0.00015844994617868677,323047.01704375306,12.289835008,0.11546690292138774,
23450,3.18359375,0.00015834230355220668,323052.3848978467,12.295077888,0.10870330897940883,
23460,2.58203125,0.00015823466092572657,323053.28678722656,12.300320768,0.14061984497443017,
23470,1.87890625,0.00015812701829924652,323058.7914032385,12.305563648,0.2419284705141476,
23480,3.23046875,0.0001580193756727664,323064.2714080876,12.310806528,0.1317445585209199,
23490,3.33203125,0.00015791173304628635,323065.2012286976,12.316049408,0.12225808068788376,
23500,1.841796875,0.00015780409041980624,323070.55927400687,12.321292288,0.14279223142934386,
23500,,,,,,0.0
23510,3.25,0.00015769644779332618,323075.86581447005,12.326535168,0.12860981990757508,
23520,1.8671875,0.00015758880516684607,323081.2769910292,12.331778048,0.19278200229573383,
23530,3.21484375,0.000157481162540366,323086.68720504805,12.337020928,0.13245702883642155,
23540,2.5703125,0.00015737351991388588,323091.94877160015,12.342263808,0.2937319309416311,
23550,3.234375,0.00015726587728740583,323086.4262931533,12.347506688,0.11294275371695225,
23560,3.14453125,0.00015715823466092572,323084.10835957783,12.352749568,0.12117761293679015,
23570,3.140625,0.00015705059203444566,323087.9528495583,12.357992448,0.11332045510967631,
23580,2.69921875,0.00015694294940796555,323093.4522856974,12.363235328,0.12088297123006217,
23590,2.5390625,0.00015683530678148547,323090.8885378427,12.368478208,0.11889153015680597,
23600,3.171875,0.00015672766415500538,323096.34307944094,12.373721088,0.104375286534815,
23610,3.18359375,0.0001566200215285253,323101.81768229196,12.378963968,0.1096676904411867,
23620,3.26171875,0.0001565123789020452,323087.4516364768,12.384206848,0.10773306423450951,
23630,2.6171875,0.00015640473627556514,323068.905038827,12.389449728,0.12771056772374806,
23640,3.296875,0.00015629709364908503,323074.3436038265,12.394692608,0.10944980260479496,
23650,3.19140625,0.00015618945102260497,323079.6762543808,12.399935488,0.11933390917407564,
23660,3.07421875,0.00015608180839612486,323084.9479767744,12.405178368,0.12411765196010129,
23670,3.3515625,0.00015597416576964478,323090.3509318462,12.410421248,0.11937792652555981,
23680,3.265625,0.00015586652314316472,323090.0833132674,12.415664128,0.10979233955741641,
23690,3.22265625,0.0001557588805166846,323084.86109628994,12.420907008,0.12468146884473648,
23700,3.2578125,0.00015565123789020456,323090.31850969174,12.426149888,0.1056000670234675,
23710,3.20703125,0.00015554359526372445,323092.6152132548,12.431392768,0.1462229600574351,
23720,3.2421875,0.00015543595263724436,323098.0773557515,12.436635648,0.1096775053696481,
23730,3.23046875,0.00015532831001076428,323103.46423179086,12.441878528,0.11200638716436113,
23740,2.66796875,0.0001552206673842842,323108.9083965304,12.447121408,0.12547893011581798,
23750,3.0625,0.0001551130247578041,323114.336930068,12.452364288,0.102198750288083,
23760,3.08984375,0.00015500538213132403,323119.77354509017,12.457607168,0.09970191607054375,
23770,3.1875,0.00015489773950484392,323125.16681544425,12.462850048,0.10026398915780108,
23780,3.2734375,0.00015479009687836387,323108.9369692715,12.468092928,0.11591477006322405,
23790,3.2109375,0.00015468245425188376,323114.0622536849,12.473335808,0.12037979832268021,
23800,1.59765625,0.00015457481162540367,323106.34415769,12.478578688,0.14416253282879787,
23810,3.1875,0.00015446716899892356,323111.7751464229,12.483821568,0.11619503745046426,
23820,3.32421875,0.0001543595263724435,323117.1753191259,12.489064448,0.1518542033790557,
23830,3.21875,0.0001542518837459634,323122.5006074031,12.494307328,0.14525096598510245,
23840,3.21484375,0.00015414424111948334,323127.9579064022,12.499550208,0.11023875625379845,
23850,3.2421875,0.00015403659849300323,323133.34525636974,12.504793088,0.10733173720671534,
23860,3.04296875,0.00015392895586652315,323138.75612857274,12.510035968,0.10613262561115788,
23870,1.6640625,0.00015382131324004307,323144.11501345027,12.515278848,0.14078849278440378,
23880,2.73828125,0.00015371367061356298,323149.5360334424,12.520521728,0.11905751730519708,
23890,1.857421875,0.00015360602798708287,323154.87120799115,12.525764608,0.1312500108511895,
23900,3.5234375,0.00015349838536060282,323160.2439157031,12.531007488,0.12506110350412697,
23910,3.125,0.0001533907427341227,323165.631728977,12.536250368,0.16843459129263058,
23920,3.27734375,0.00015328310010764265,323170.8034208813,12.541493248,0.12988933956803014,
23930,3.16015625,0.00015317545748116254,323176.05301594955,12.546736128,0.1104406126045841,
23940,1.837890625,0.00015306781485468246,323181.4752351303,12.551979008,0.14732315475731342,
23950,3.23828125,0.00015296017222820235,323186.6656439274,12.557221888,0.1256174436479746,
23960,1.658203125,0.0001528525296017223,323192.0097138046,12.562464768,0.1470981172926967,
23970,1.6015625,0.00015274488697524218,323197.3325011317,12.567707648,0.2112622010660189,
23980,2.001953125,0.00015263724434876213,323202.5168056714,12.572950528,0.12513555559279987,
23990,3.4296875,0.00015252960172228202,323207.97777124343,12.578193408,0.1860459455878199,
24000,2.03125,0.00015242195909580196,323213.4158498633,12.583436288,0.18474305171000716,
24000,,,,,,0.0
24010,2.6796875,0.00015231431646932185,323145.96476469765,12.588679168,0.13591437969167278,
24020,2.58203125,0.00015220667384284177,323151.4476538203,12.593922048,0.12213166520192799,
24030,2.041015625,0.00015209903121636166,323156.771966753,12.599164928,0.1683215327753811,
24040,3.2890625,0.0001519913885898816,323162.0832863199,12.604407808,0.1117008074871805,
24050,2.68359375,0.00015188374596340155,323167.3419587407,12.609650688,0.12333064204225236,
24060,2.265625,0.00015177610333692144,323162.52723565575,12.614893568,0.14044119939456934,
24070,2.70703125,0.00015166846071044135,323167.7268027851,12.620136448,0.1437285642259596,
24080,3.2578125,0.00015156081808396124,323172.9196428491,12.625379328,0.15806391966726555,
24090,3.18359375,0.0001514531754574812,323178.0421687578,12.630622208,0.1216411960671659,
24100,2.59765625,0.00015134553283100108,323183.2213682952,12.635865088,0.13204079064851265,
24110,3.171875,0.00015123789020452102,323188.47296221263,12.641107968,0.10551540784638286,
24120,2.453125,0.0001511302475780409,323173.1024364885,12.646350848,0.11538075718522067,
24130,3.171875,0.00015102260495156083,323178.5283504191,12.651593728,0.10972261872400038,
24140,3.17578125,0.00015091496232508075,323183.9015172251,12.656836608,0.1140958443254315,
24150,3.25390625,0.00015080731969860066,323189.23892125615,12.662079488,0.12413260082477809,
24160,3.234375,0.00015069967707212055,323194.37677697046,12.667322368,0.12791517074146305,
24170,3.21484375,0.0001505920344456405,323199.6925028956,12.672565248,0.10911033746201734,
24180,3.12109375,0.0001504843918191604,323205.1341157526,12.677808128,0.22191803851855402,
24190,3.22265625,0.00015037674919268033,323210.40541066934,12.683051008,0.10688804893660872,
24200,3.234375,0.00015026910656620022,323204.26611201745,12.688293888,0.1303511026252103,
24210,1.88671875,0.00015016146393972014,323209.58173126687,12.693536768,0.16206900696819998,
24220,3.25390625,0.00015005382131324003,323214.9218151267,12.698779648,0.1371543763225577,
24230,3.1640625,0.00014994617868675997,323220.10852241074,12.704022528,0.1159010552799532,
24240,3.15625,0.00014983853606027986,323225.3730868708,12.709265408,0.10820502341826373,
24250,3.1796875,0.0001497308934337998,323205.2093183019,12.714508288,0.09992074275235327,
24260,2.7734375,0.0001496232508073197,323210.4399141866,12.719751168,0.11417578626086418,
24270,3.28515625,0.00014951560818083964,323215.53383333294,12.724994048,0.11775151325780153,
24280,2.6484375,0.00014940796555435953,323219.9973816962,12.730236928,0.11633626841704661,
24290,2.578125,0.00014930032292787945,323225.23394411214,12.735479808,0.13575451077127831,
24300,3.203125,0.00014919268030139934,323230.3960801543,12.740722688,0.11673824017047278,
24310,3.25390625,0.00014908503767491928,323235.54994983756,12.745965568,0.1399135721565936,
24320,2.91015625,0.00014897739504843917,323240.6698765272,12.751208448,0.13030242276115614,
24330,3.21484375,0.00014886975242195912,323206.29640374205,12.756451328,0.12285816244722547,
24340,3.25,0.000148762109795479,323211.5168969849,12.761694208,0.11793295764782136,
24350,3.1171875,0.00014865446716899892,323216.74459804763,12.766937088,0.12367397236452196,
24360,3.23828125,0.00014854682454251881,323218.22539051145,12.772179968,0.11077175801632232,
24370,3.35546875,0.00014843918191603876,323223.5006090709,12.777422848,0.41046690052331664,
24380,3.24609375,0.00014833153928955865,323228.7132530753,12.782665728,0.12497785922097647,
24390,3.1796875,0.0001482238966630786,323233.9219310207,12.787908608,0.10811136837980889,
24400,3.171875,0.00014811625403659848,323234.4236085887,12.793151488,0.11077763545667828,
24410,3.1328125,0.00014800861141011843,323239.6654145089,12.798394368,0.119249363269009,
24420,2.73828125,0.00014790096878363834,323244.8817007884,12.803637248,0.12089680871289463,
24430,1.658203125,0.00014779332615715823,323250.0627931894,12.808880128,0.13618570467420082,
24440,3.1796875,0.00014768568353067818,323251.42792916816,12.814123008,0.10265877662240253,
24450,1.830078125,0.00014757804090419807,323256.5811654999,12.819365888,0.14644604908288097,
24460,3.19140625,0.000147470398277718,323261.7272636223,12.824608768,0.12663077086942334,
24470,3.1796875,0.0001473627556512379,323266.98103872215,12.829851648,0.12138090087151082,
24480,3.27734375,0.00014725511302475782,323269.36449969484,12.835094528,0.10357882231017265,
24490,2.5390625,0.0001471474703982777,323274.5072017256,12.840337408,0.12273461836023716,
24500,3.21484375,0.00014703982777179765,323279.7057508956,12.845580288,0.1282403363020961,
24500,,,,,,0.0
24510,2.734375,0.00014693218514531754,323284.8388013108,12.850823168,0.11152211557114956,
24520,3.29296875,0.0001468245425188375,323280.31051932607,12.856066048,0.11454450240147881,
24530,3.171875,0.00014671689989235738,323285.43208961,12.861308928,0.10123068197122913,
24540,1.572265625,0.00014660925726587732,323290.4492589057,12.866551808,0.12226028996164548,
24550,3.2578125,0.0001465016146393972,323295.2709859886,12.871794688,0.10951832810280879,
24560,3.18359375,0.00014639397201291713,323300.2887328762,12.877037568,0.13904916641857665,
24570,2.58203125,0.00014628632938643702,323305.3182341958,12.882280448,0.1168090908802643,
24580,3.109375,0.00014617868675995696,323310.3825334909,12.887523328,0.1140977506312087,
24590,3.19921875,0.00014607104413347685,323315.42297730397,12.892766208,0.10574961348169455,
24600,3.265625,0.0001459634015069968,323320.55171486654,12.898009088,0.1092985266009148,
24610,3.25,0.0001458557588805167,323321.24476898334,12.903251968,0.11531916414680199,
24620,1.81640625,0.0001457481162540366,323326.2969432202,12.908494848,0.1461979143022597,
24630,2.5546875,0.0001456404736275565,323331.40831474395,12.913737728,0.12585659068817828,
24640,3.0703125,0.00014553283100107644,323336.35505951423,12.918980608,0.12714416221745223,
24650,3.3125,0.00014542518837459633,323335.0309207635,12.924223488,0.11638776005117976,
24660,2.86328125,0.00014531754574811627,323340.0709832308,12.929466368,0.10698770939885517,
24670,3.23046875,0.00014520990312163616,323345.17823260213,12.934709248,0.12231616020505973,
24680,3.28515625,0.0001451022604951561,323350.0706816003,12.939952128,0.10206991106634407,
24690,3.18359375,0.000144994617868676,323355.1852224818,12.945195008,0.11067231721368585,
24700,3.11328125,0.00014488697524219591,323360.3089161043,12.950437888,0.10934357031874274,
24710,3.11328125,0.0001447793326157158,323365.2744310445,12.955680768,0.12062493126151917,
24720,3.20703125,0.00014467168998923575,323370.313759931,12.960923648,0.10936441717831089,
24730,2.287109375,0.00014456404736275564,323375.3429980774,12.966166528,0.14324978134570673,
24740,3.1640625,0.00014445640473627558,323380.42892176966,12.971409408,0.11326547046705251,
24750,3.19921875,0.00014434876210979547,323385.52488147386,12.976652288,0.11466029631776731,
24760,3.296875,0.0001442411194833154,323378.5186015955,12.981895168,0.12047050684686227,
24770,3.296875,0.00014413347685683528,323383.6238651834,12.987138048,0.11705623030336154,
24780,3.1953125,0.00014402583423035522,323387.74711443734,12.992380928,0.1144131216793468,
24790,2.66015625,0.00014391819160387517,323392.7347447788,12.997623808,0.11945846354341672,
24800,2.53515625,0.00014381054897739506,323397.8002015365,13.002866688,0.10625315771037841,
24810,1.953125,0.000143702906350915,323402.85425931885,13.008109568,0.1502211406397151,
24820,1.978515625,0.0001435952637244349,323407.83582757035,13.013352448,0.17632135607208868,
24830,3.1328125,0.0001434876210979548,323412.79727765644,13.018595328,0.13969813319033283,
24840,3.26953125,0.0001433799784714747,323417.7673028572,13.023838208,0.10723779959760242,
24850,3.1875,0.00014327233584499464,323422.81388498744,13.029081088,0.11517012313799221,
24860,3.16015625,0.00014316469321851453,323427.8569721394,13.034323968,0.11287662970824072,
24870,3.3125,0.00014305705059203448,323432.9231911632,13.039566848,0.1127428425745284,
24880,1.720703125,0.00014294940796555437,323437.80500701955,13.044809728,0.13471711445042522,
24890,2.59765625,0.00014284176533907428,323442.8740945536,13.050052608,0.14119217634513703,
24900,2.44921875,0.00014273412271259417,323447.91074273037,13.055295488,0.11271942050636984,
24910,3.45703125,0.00014262648008611412,323451.5094412745,13.060538368,0.15080388213670445,
24920,3.24609375,0.000142518837459634,323456.53281978046,13.065781248,0.11062218431393145,
24930,3.1953125,0.00014241119483315395,323461.5534197454,13.071024128,0.1137200163903326,
24940,3.19921875,0.00014230355220667384,323466.49074430106,13.076267008,0.11459193882489031,
24950,3.28125,0.0001421959095801938,323471.4906888482,13.081509888,0.10791407491769872,
24960,3.30859375,0.00014208826695371368,323476.4512632061,13.086752768,0.11359172274930594,
24970,3.3671875,0.0001419806243272336,323481.49830976914,13.091995648,0.10824978031267235,
24980,1.513671875,0.00014187298170075348,323486.51921414444,13.097238528,0.1306813995398305,
24990,2.74609375,0.00014176533907427343,323491.528125098,13.102481408,0.12968960325246304,
25000,3.234375,0.00014165769644779332,323496.5580341641,13.107724288,0.10861150283630429,
25000,,,,,,0.0
25010,3.14453125,0.00014155005382131326,323436.7579805906,13.112967168,0.11305383909258296,
25020,3.32421875,0.00014144241119483315,323441.8042593048,13.118210048,0.12136604519392057,
25030,3.19140625,0.00014133476856835307,323446.6177685378,13.123452928,0.11858937081534836,
25040,3.2265625,0.00014122712594187296,323451.7876868182,13.128695808,0.10693430835907844,
25050,1.5859375,0.0001411194833153929,323454.2806205922,13.133938688,0.1937237877089922,
25060,3.34765625,0.0001410118406889128,323459.2759962437,13.139181568,0.12463437867312661,
25070,3.140625,0.00014090419806243274,323464.2190578577,13.144424448,0.11215306787960852,
25080,3.28125,0.00014079655543595263,323469.1399590387,13.149667328,0.11592564297082752,
25090,3.29296875,0.00014068891280947257,323473.96057929675,13.154910208,0.13000358335216758,
25100,3.2109375,0.00014058127018299246,323478.90170872374,13.160153088,0.11412677685854436,
25110,3.2265625,0.00014047362755651238,323483.95066579257,13.165395968,0.10818698079650739,
25120,3.16015625,0.00014036598493003227,323488.84617603454,13.170638848,0.11589902730465258,
25130,1.986328125,0.00014025834230355221,323493.6625837023,13.175881728,0.18188396204060453,
25140,3.15625,0.0001401506996770721,323498.6575799838,13.181124608,0.11239768350351614,
25150,3.1640625,0.00014004305705059205,323503.64584051655,13.186367488,0.1041359531314888,
25160,3.1484375,0.00013993541442411197,323502.01459191367,13.191610368,0.11674341974940884,
25170,3.171875,0.00013982777179763186,323507.07136811415,13.196853248,0.12020801545090716,
25180,3.08984375,0.0001397201291711518,323511.63560663076,13.202096128,0.12540634224375438,
25190,3.05078125,0.0001396124865446717,323510.2710719011,13.207339008,0.1350003020387511,
25200,2.42578125,0.00013950484391819163,323503.9429870244,13.212581888,0.1844086173214827,
25210,3.24609375,0.00013939720129171152,323508.91287901497,13.217824768,0.1238420375139545,
25220,3.23046875,0.00013928955866523147,323513.8836983035,13.223067648,0.1070466163252474,
25230,1.8828125,0.00013918191603875136,323518.78994997,13.228310528,0.14075252144071063,
25240,3.2578125,0.00013907427341227127,323500.6997601119,13.233553408,0.12839410525164088,
25250,3.1875,0.00013896663078579116,323505.76646559255,13.238796288,0.11616772736510572,
25260,3.2109375,0.0001388589881593111,323510.6894861859,13.244039168,0.11629257245921154,
25270,3.265625,0.000138751345532831,323515.35772080574,13.249282048,0.10854523491808263,
25280,3.25,0.00013864370290635094,323520.34598604846,13.254524928,0.1336870446321007,
25290,3.3828125,0.00013853606027987083,323525.2559102809,13.259767808,0.11961810027614482,
25300,3.265625,0.00013842841765339075,323530.18983277975,13.265010688,0.1211546176935442,
25310,1.80078125,0.00013832077502691067,323535.13724106236,13.270253568,0.12606688826964121,
25320,1.923828125,0.00013821313240043058,323540.033850832,13.275496448,0.14278917668966562,
25330,3.15234375,0.00013810548977395047,323544.883880373,13.280739328,0.1263204728048667,
25340,3.31640625,0.00013799784714747042,323549.7635307197,13.285982208,0.12224129233514032,
25350,3.1484375,0.0001378902045209903,323554.627247709,13.291225088,0.10625824715575813,
25360,2.58984375,0.00013778256189451025,323559.5974146715,13.296467968,0.13124518753932163,
25370,3.11328125,0.00013767491926803014,323564.4822961547,13.301710848,0.12214870405380385,
25380,2.71875,0.00013756727664155006,323569.4230731051,13.306953728,0.12445874748064693,
25390,2.69921875,0.00013745963401506995,323574.37136185664,13.312196608,0.12596173230045724,
25400,2.578125,0.0001373519913885899,323579.3394041275,13.317439488,0.11885330616110791,
25410,3.33203125,0.00013724434876210978,323583.92422763497,13.322682368,0.11117308304347091,
25420,3.1796875,0.00013713670613562973,323588.8617632768,13.327925248,0.1295598102118194,
25430,3.234375,0.00013702906350914962,323588.3128223389,13.333168128,0.12596262302269512,
25440,3.1484375,0.00013692142088266954,323593.24516024493,13.338411008,0.11740711485540704,
25450,2.61328125,0.00013681377825618945,323598.19324031187,13.343653888,0.12313052697387869,
25460,1.775390625,0.00013670613562970937,323603.1227286374,13.348896768,0.1305327927756053,
25470,2.56640625,0.00013659849300322926,323608.0246861786,13.354139648,0.11165769084313602,
25480,3.25390625,0.0001364908503767492,323612.72349048057,13.359382528,0.1229396115888177,
25490,1.857421875,0.0001363832077502691,323617.5474817102,13.364625408,0.13591636386221007,
25500,3.07421875,0.00013627556512378904,323622.32992413966,13.369868288,0.11149713830276684,
25500,,,,,,0.0
25510,3.19140625,0.00013616792249730893,323627.13205796434,13.375111168,0.12404970511533978,
25520,1.376953125,0.00013606027987082885,323631.8969182235,13.380354048,0.13452901971632328,
25530,3.23046875,0.0001359526372443488,323636.61819509487,13.385596928,0.11060047505005144,
25540,1.841796875,0.00013584499461786868,323641.4044315877,13.390839808,0.1445199653184839,
25550,3.1484375,0.00013573735199138862,323646.1556300128,13.396082688,0.10923904013880428,
25560,1.64453125,0.00013562970936490851,323650.94021790405,13.401325568,0.15365816726130388,
25570,3.125,0.00013552206673842843,323655.7326933893,13.406568448,0.11153294149007292,
25580,3.1484375,0.00013541442411194835,323658.2902072924,13.411811328,0.1121537941069544,
25590,3.2265625,0.00013530678148546827,323663.2015931092,13.417054208,0.12820660296088085,
25600,3.12890625,0.00013519913885898816,323667.9318489896,13.422297088,0.10346429617075244,
25610,1.802734375,0.0001350914962325081,323672.7519730459,13.427539968,0.15279052764435305,
25620,3.21484375,0.000134983853606028,323677.4082027675,13.432782848,0.12732260047950916,
25630,3.19140625,0.00013487621097954793,323682.1734913662,13.438025728,0.1327666191619479,
25640,2.025390625,0.00013476856835306782,323687.03230748937,13.443268608,0.14881081537018673,
25650,2.62109375,0.00013466092572658774,323691.8307546413,13.448511488,0.13824160416523124,
25660,3.09765625,0.00013455328310010763,323696.5594840534,13.453754368,0.12087728816393972,
25670,3.10546875,0.00013444564047362757,323689.3377836252,13.458997248,0.10359208450522414,
25680,3.25390625,0.00013433799784714746,323667.04767408373,13.464240128,0.10892685233294469,
25690,1.982421875,0.0001342303552206674,323671.857873912,13.469483008,0.20342845136578702,
25700,3.16796875,0.0001341227125941873,323676.63198699924,13.474725888,0.10815187572244986,
25710,3.16015625,0.00013401506996770722,323681.4796991473,13.479968768,0.11985885175380043,
25720,3.25390625,0.00013390742734122713,323686.25736040034,13.485211648,0.10685436716251373,
25730,3.26171875,0.00013379978471474705,323690.9308766584,13.490454528,0.104095036311053,
25740,3.16015625,0.00013369214208826694,323695.7214073945,13.495697408,0.11132885316320244,
25750,2.65234375,0.00013358449946178688,323700.2856724476,13.500940288,0.10885955379587661,
25760,2.6640625,0.00013347685683530677,323694.67901915376,13.506183168,0.15579954206043012,
25770,2.640625,0.00013336921420882672,323691.4125219174,13.511426048,0.1099532713923465,
25780,3.171875,0.0001332615715823466,323695.9316079127,13.516668928,0.1013467998777824,
25790,3.1953125,0.00013315392895586653,323700.66106055625,13.521911808,0.11132355173540771,
25800,1.89453125,0.00013304628632938642,323705.43171789544,13.527154688,0.14695415519180727,
25810,3.22265625,0.00013293864370290636,323710.3008344405,13.532397568,0.11580058586354891,
25820,3.1171875,0.00013283100107642625,323715.08394102164,13.537640448,0.11501025450053969,
25830,3.28125,0.0001327233584499462,323719.9363710174,13.542883328,0.0999390206948318,
25840,2.66796875,0.00013261571582346608,323724.7157890371,13.548126208,0.13211396623807803,
25850,3.1953125,0.00013250807319698603,323729.4536324592,13.553369088,0.11866187087314474,
25860,3.08203125,0.00013240043057050592,323734.2720234826,13.558611968,0.10226734691148297,
25870,3.0390625,0.00013229278794402584,323738.98584656196,13.563854848,0.1401619147022272,
25880,3.22265625,0.00013218514531754573,323743.636489359,13.569097728,0.11578721421947914,
25890,3.1015625,0.00013207750269106567,323746.0258595726,13.574340608,0.10885682934361432,
25900,2.015625,0.00013196986006458561,323750.7846227132,13.579583488,0.15743061217391952,
25910,3.203125,0.0001318622174381055,323755.5859635359,13.584826368,0.1071617060749468,
25920,2.6953125,0.00013175457481162542,323754.5692074101,13.590069248,0.12310327385836459,
25930,3.20703125,0.0001316469321851453,323759.2357144078,13.595312128,0.11329449609090957,
25940,3.22265625,0.00013153928955866526,323764.0652111426,13.600555008,0.11265498212647378,
25950,3.29296875,0.00013143164693218515,323768.3819538228,13.605797888,0.10635623008543078,
25960,2.77734375,0.0001313240043057051,323773.017612138,13.611040768,0.1339243324080692,
25970,2.68359375,0.00013121636167922498,323777.5748108694,13.616283648,0.11931920220576868,
25980,3.1875,0.00013110871905274492,323782.2882064486,13.621526528,0.10537867020361222,
25990,2.5234375,0.00013100107642626481,323775.61098641314,13.626769408,0.10571742354471889,
26000,3.23828125,0.00013089343379978473,323780.27567389567,13.632012288,0.11244554821230089,
26000,,,,,,0.0
26010,2.703125,0.00013078579117330462,323717.90242145024,13.637255168,0.12369164419520513,
26020,3.109375,0.00013067814854682457,323722.7194659063,13.642498048,0.10015423781802872,
26030,3.2578125,0.00013057050592034446,323727.50105469604,13.647740928,0.10812784350484678,
26040,1.466796875,0.0001304628632938644,323732.23693114286,13.652983808,0.18820276912643716,
26050,2.74609375,0.0001303552206673843,323736.87432663975,13.658226688,0.13259162024229346,
26060,3.18359375,0.0001302475780409042,323741.5133417389,13.663469568,0.14359890553073038,
26070,3.203125,0.0001301399354144241,323746.2332123654,13.668712448,0.1142235473636692,
26080,3.21484375,0.00013003229278794404,323750.88465013454,13.673955328,0.1087043318342449,
26090,3.1953125,0.00012992465016146393,323755.73315235315,13.679198208,0.11429684295860146,
26100,3.21875,0.00012981700753498387,323760.4859280872,13.684441088,0.10946757726438124,
26110,3.140625,0.00012970936490850376,323764.69434410176,13.689683968,0.1314397106901536,
26120,3.17578125,0.0001296017222820237,323769.46142935375,13.694926848,0.10998516952134613,
26130,3.18359375,0.0001294940796555436,323774.1552592081,13.700169728,0.10487996089714956,
26140,1.7578125,0.00012938643702906352,323778.9672267121,13.705412608,0.13629926166673845,
26150,3.234375,0.0001292787944025834,323783.7062143853,13.710655488,0.13441355361136478,
26160,3.23046875,0.00012917115177610335,323788.38060606475,13.715898368,0.11463180852401811,
26170,1.703125,0.00012906350914962324,323793.14371097327,13.721141248,0.13252498665590992,
26180,3.16796875,0.00012895586652314318,323797.8793025171,13.726384128,0.1049443270319846,
26190,3.08203125,0.00012884822389666307,323802.688974703,13.731627008,0.10510756600304277,
26200,3.2421875,0.000128740581270183,323807.3730144856,13.736869888,0.10537516690998844,
26210,2.66796875,0.00012863293864370288,323812.04119425575,13.742112768,0.1298188953136921,
26220,2.58984375,0.00012852529601722283,323815.14666962187,13.747355648,0.14682925163830857,
26230,2.5078125,0.00012841765339074272,323819.7903243984,13.752598528,0.13241867882045694,
26240,3.171875,0.00012831001076426266,323824.41509747406,13.757841408,0.12061358593436203,
26250,2.9921875,0.00012820236813778255,323829.0085399134,13.763084288,0.1406724937773569,
26260,3.28125,0.0001280947255113025,323833.58786745864,13.768327168,0.1115178650613191,
26270,1.74609375,0.0001279870828848224,323835.1241092314,13.773570048,0.18063242914017263,
26280,3.15625,0.0001278794402583423,323839.7207962054,13.778812928,0.10713007230137177,
26290,1.787109375,0.00012777179763186225,323844.2187878158,13.784055808,0.1937479192021124,
26300,3.234375,0.00012766415500538214,323848.64494637796,13.789298688,0.11306332679440187,
26310,1.919921875,0.00012755651237890208,323852.750872631,13.794541568,0.19829282079733435,
26320,3.1015625,0.00012744886975242197,323854.42253798933,13.799784448,0.10867328513622077,
26330,3.390625,0.0001273412271259419,323859.0134150805,13.805027328,0.11976291558256372,
26340,1.671875,0.00012723358449946178,323863.6180029216,13.810270208,0.19407988497457082,
26350,2.69140625,0.00012712594187298172,323868.1720113181,13.815513088,0.12871146041133716,
26360,2.7734375,0.0001270182992465016,323872.7856104453,13.820755968,0.15015448053102082,
26370,3.140625,0.00012691065662002156,323877.4584139576,13.825998848,0.11135966752235936,
26380,2.0234375,0.00012680301399354145,323882.0810579078,13.831241728,0.1605480727077757,
26390,3.17578125,0.0001266953713670614,323886.56393681705,13.836484608,0.10637278389348176,
26400,1.927734375,0.00012658772874058128,323888.45636234933,13.841727488,0.18394295082658826,
26410,3.140625,0.0001264800861141012,323892.9467929963,13.846970368,0.11446620093647988,
26420,3.2109375,0.0001263724434876211,323897.56865477015,13.852213248,0.10765093382694786,
26430,1.95703125,0.00012626480086114103,323898.02243613184,13.857456128,0.16648350918170848,
26440,2.6875,0.00012615715823466092,323902.66908202233,13.862699008,0.12786043284088994,
26450,3.09765625,0.00012604951560818087,323907.283921031,13.867941888,0.12479484760496656,
26460,3.3125,0.00012594187298170076,323911.8150179659,13.873184768,0.11224458917843756,
26470,3.18359375,0.00012583423035522067,323916.47679496754,13.878427648,0.10935769526153567,
26480,1.6875,0.00012572658772874056,323921.1361167055,13.883670528,0.11967283864484392,
26490,3.265625,0.0001256189451022605,323925.71098250384,13.888913408,0.12321457066486098,
26500,1.951171875,0.0001255113024757804,323930.44516712957,13.894156288,0.12938104135323045,
26500,,,,,,0.0
26510,3.296875,0.00012540365984930034,323931.93265819893,13.899399168,0.13276105715739045,
26520,2.1171875,0.00012529601722282023,323936.4574848987,13.904642048,0.11867663796262377,
26530,1.697265625,0.00012518837459634017,323934.32296923146,13.909884928,0.19089574078598298,
26540,1.673828125,0.00012508073196986006,323938.8888427878,13.915127808,0.15822741635172913,
26550,3.16796875,0.00012497308934337998,323943.4137641223,13.920370688,0.10791833516045392,
26560,1.70703125,0.00012486544671689987,323947.9350775361,13.925613568,0.13650557691048526,
26570,3.12890625,0.00012475780409041982,323952.45369934506,13.930856448,0.11595460080768787,
26580,3.19921875,0.0001246501614639397,323957.04670763086,13.936099328,0.10385763336859606,
26590,2.7890625,0.00012454251883745965,323961.60794344195,13.941342208,0.11769674932888818,
26600,3.14453125,0.00012443487621097954,323966.03787980427,13.946585088,0.10707839166698334,
26610,3.1640625,0.00012432723358449946,323970.64253780764,13.951827968,0.10543441596271512,
26620,1.763671875,0.00012421959095801935,323975.2040258884,13.957070848,0.1868388097030725,
26630,3.27734375,0.0001241119483315393,323979.776013952,13.962313728,0.1274036205427644,
26640,3.22265625,0.00012400430570505918,323984.18030214735,13.967556608,0.11336223830560109,
26650,3.21484375,0.00012389666307857913,323988.6347809165,13.972799488,0.14474413938588873,
26660,3.2265625,0.00012378902045209907,323993.1775975862,13.978042368,0.11643931815223782,
26670,3.203125,0.00012368137782561896,323997.74287467473,13.983285248,0.1020131499959681,
26680,3.12890625,0.00012357373519913888,324002.1865691437,13.988528128,0.10052294686963939,
26690,3.1953125,0.00012346609257265877,324006.72195160313,13.993771008,0.10545806925670351,
26700,2.40625,0.0001233584499461787,324011.2005190803,13.999013888,0.13780597214632387,
26710,2.81640625,0.0001232508073196986,324015.7192182424,14.004256768,0.10789338059383101,
26720,3.1171875,0.00012314316469321855,324020.2298816346,14.009499648,0.10967303149074578,
26730,3.20703125,0.00012303552206673844,324024.754145902,14.014742528,0.10439476667828029,
26740,2.078125,0.00012292787944025835,324029.23986567894,14.019985408,0.15458650902430487,
26750,3.23828125,0.00012282023681377824,324033.7377415543,14.025228288,0.13701134621767572,
26760,2.80859375,0.0001227125941872982,324038.2094510064,14.030471168,0.11404139667535773,
26770,2.5,0.00012260495156081808,324042.7973781643,14.035714048,0.11203085231713313,
26780,3.26171875,0.00012249730893433802,324046.39115487674,14.040956928,0.11163094850959203,
26790,2.75390625,0.0001223896663078579,324038.2126056967,14.046199808,0.11831433706554763,
26800,3.203125,0.00012228202368137786,324013.58421902405,14.051442688,0.10661485561977878,
26810,2.68359375,0.00012217438105489775,324018.21250574075,14.056685568,0.12150371122576742,
26820,3.26953125,0.00012206673842841768,324013.57436899934,14.061928448,0.11849046343810654,
26830,1.7421875,0.00012195909580193757,324001.5910685334,14.067171328,0.16370041491605009,
26840,3.15234375,0.0001218514531754575,323989.03221575305,14.072414208,0.12347720309217662,
26850,3.29296875,0.00012174381054897739,323993.5204062943,14.077657088,0.1358879579735109,
26860,2.4921875,0.00012163616792249732,323997.93251646054,14.082899968,0.1166568908065149,
26870,1.521484375,0.00012152852529601722,324002.33099873725,14.088142848,0.14921098809959177,
26880,3.25390625,0.00012142088266953715,324006.7398747602,14.093385728,0.10254207533415916,
26890,3.12109375,0.00012131324004305704,324011.0310409264,14.098628608,0.11378336451435395,
26900,3.171875,0.00012120559741657697,324015.3041763996,14.103871488,0.10866596084753673,
26910,1.8515625,0.00012109795479009686,324019.02360911807,14.109114368,0.13374927495051908,
26920,3.16015625,0.0001209903121636168,324022.4858055078,14.114357248,0.1096365606345742,
26930,3.11328125,0.0001208826695371367,324026.8721624331,14.119600128,0.12323463557480338,
26940,3.1015625,0.00012077502691065663,324031.27261174214,14.124843008,0.10733222956023836,
26950,2.35546875,0.00012066738428417652,324035.64293427975,14.130085888,0.11209667452689946,
26960,3.19140625,0.00012055974165769646,324039.98365538317,14.135328768,0.11869633705218595,
26970,3.2890625,0.00012045209903121635,324044.32107732847,14.140571648,0.10898348925810213,
26980,1.767578125,0.00012034445640473628,324048.6987327216,14.145814528,0.12514604065293097,
26990,3.05859375,0.00012023681377825617,324053.1472763231,14.151057408,0.10768184761842056,
27000,2.84375,0.00012012917115177612,324057.44134670036,14.156300288,0.1105860730194512,
27000,,,,,,0.0
27010,3.08984375,0.000120021528525296,323984.235076955,14.161543168,0.10077441824667177,
27020,2.3828125,0.00011991388589881594,323984.6101179086,14.166786048,0.12339010389765419,
27030,2.74609375,0.00011980624327233587,323984.1299155789,14.172028928,0.127334600829878,
27040,2.76953125,0.00011969860064585576,323988.5815948424,14.177271808,0.12431544089971283,
27050,1.869140625,0.0001195909580193757,323993.0277915306,14.182514688,0.1332870208354952,
27060,2.2734375,0.00011948331539289559,323991.2322238358,14.187757568,0.1180697959562593,
27070,1.646484375,0.00011937567276641552,323991.73748929513,14.193000448,0.38679634545659286,
27080,2.65234375,0.00011926803013993541,323996.307212179,14.198243328,0.1156872945423701,
27090,2.35546875,0.00011916038751345536,323995.514005133,14.203486208,0.1439964644189043,
27100,2.3515625,0.00011905274488697525,324000.00199014816,14.208729088,0.11377036155202293,
27110,2.70703125,0.00011894510226049518,324000.4722786225,14.213971968,0.13330117229318317,
27120,3.25,0.00011883745963401507,324004.80175924505,14.219214848,0.10918276785702595,
27130,3.2734375,0.00011872981700753501,324009.2395021379,14.224457728,0.10873105242848487,
27140,3.1171875,0.0001186221743810549,324013.7756393557,14.229700608,0.10231330477204059,
27150,2.021484375,0.00011851453175457483,324018.2278363522,14.234943488,0.13959188535891826,
27160,1.87109375,0.00011840688912809472,324022.51153113856,14.240186368,0.1370480757770543,
27170,1.75390625,0.00011829924650161465,324014.6385482612,14.245429248,0.15432585839031726,
27180,3.2109375,0.00011819160387513454,324009.5895052074,14.250672128,0.13029095307482952,
27190,3.1171875,0.00011808396124865449,324013.65447210707,14.255915008,0.13008088346504892,
27200,3.27734375,0.00011797631862217438,324018.0619499533,14.261157888,0.15163248148186667,
27210,2.65234375,0.00011786867599569431,324021.4660416057,14.266400768,0.1140628542230077,
27220,2.60546875,0.0001177610333692142,324025.7921532709,14.271643648,0.1280494048776429,
27230,3.2265625,0.00011765339074273414,324030.14875401516,14.276886528,0.10421269412988753,
27240,3.0859375,0.00011754574811625403,324034.2409343435,14.282129408,0.11526063372035458,
27250,3.20703125,0.00011743810548977396,324038.5518821978,14.287372288,0.12537585180580854,
27260,3.20703125,0.00011733046286329385,324042.9791933343,14.292615168,0.11408656413662865,
27270,2.43359375,0.0001172228202368138,324040.5964379305,14.297858048,0.11972972703109791,
27280,2.4765625,0.00011711517761033369,324044.97640142887,14.303100928,0.1263493219933972,
27290,1.578125,0.00011700753498385362,324049.30151263747,14.308343808,0.11794328270297978,
27300,2.66796875,0.00011689989235737351,324053.63163951214,14.313586688,0.1149886406584677,
27310,3.14453125,0.00011679224973089344,324058.05210806394,14.318829568,0.11543088018559308,
27320,1.4140625,0.00011668460710441334,324062.33361686824,14.324072448,0.11367271298536179,
27330,3.04296875,0.00011657696447793327,324066.6543446279,14.329315328,0.109145506355417,
27340,1.9140625,0.00011646932185145316,324070.98714341724,14.334558208,0.13873979965555586,
27350,3.11328125,0.00011636167922497309,324075.3534878277,14.339801088,0.1123347125716056,
27360,2.59375,0.00011625403659849298,324073.28103667224,14.345043968,0.13857658544061552,
27370,2.6484375,0.00011614639397201293,324077.72363383777,14.350286848,0.11761835908847731,
27380,3.234375,0.00011603875134553282,324082.0931840568,14.355529728,0.1221221065834922,
27390,3.2421875,0.00011593110871905275,324086.46447945683,14.360772608,0.10770668714376166,
27400,3.19140625,0.00011582346609257269,324086.58539664344,14.366015488,0.10892137155149002,
27410,3.25390625,0.00011571582346609258,324087.22630270885,14.371258368,0.1086232145703707,
27420,1.89453125,0.00011560818083961251,324091.5521783797,14.376501248,0.17216931323688422,
27430,3.16015625,0.0001155005382131324,324095.8261490899,14.381744128,0.10482735609208833,
27440,1.900390625,0.00011539289558665233,324099.61559007515,14.386987008,0.1336753803059111,
27450,2.38671875,0.00011528525296017222,324095.48755719495,14.392229888,0.13207532809390332,
27460,2.4453125,0.00011517761033369217,324087.1437201868,14.397472768,0.1508207411629071,
27470,3.32421875,0.00011506996770721206,324080.4076163868,14.402715648,0.11328988443420851,
27480,3.0234375,0.00011496232508073199,324084.683400282,14.407958528,0.11763051450277447,
27490,2.3125,0.00011485468245425188,324089.0785050173,14.413201408,0.1296194286252213,
27500,2.609375,0.00011474703982777182,324093.5631448397,14.418444288,0.10878448232297946,
27500,,,,,,0.0
27510,3.08984375,0.00011463939720129171,324097.9200070071,14.423687168,0.11493055561209065,
27520,3.203125,0.00011453175457481164,324100.6827924539,14.428930048,0.10738377804970974,
27530,3.27734375,0.00011442411194833153,324085.67706006754,14.434172928,0.11958983847234711,
27540,3.12109375,0.00011431646932185148,324090.1042293524,14.439415808,0.10448986011093461,
27550,3.19140625,0.00011420882669537137,324085.1609911668,14.444658688,0.10834872668162172,
27560,2.6875,0.0001141011840688913,324089.500873311,14.449901568,0.1235216651613521,
27570,2.1875,0.00011399354144241119,324093.80039791093,14.455144448,0.12014450547764428,
27580,2.40625,0.00011388589881593112,324094.58612906776,14.460387328,0.11724859041018483,
27590,3.13671875,0.00011377825618945102,324097.1562073929,14.465630208,0.11764004381459706,
27600,1.9609375,0.00011367061356297095,324101.4973802771,14.470873088,0.15542147076480733,
27610,1.962890625,0.00011356297093649084,324104.47596451256,14.476115968,0.14675841850182567,
27620,1.908203125,0.00011345532831001077,324106.273927192,14.481358848,0.12430281071993902,
27630,3.10546875,0.00011334768568353066,324110.632879751,14.486601728,0.11301474742459308,
27640,3.2421875,0.00011324004305705061,324114.96425903606,14.491844608,0.11450727193759334,
27650,3.16796875,0.0001131324004305705,324119.2786180411,14.497087488,0.11237491580189098,
27660,1.70703125,0.00011302475780409043,324123.560925556,14.502330368,0.11195389231732333,
27670,3.27734375,0.00011291711517761032,324121.20320461073,14.507573248,0.11435096277622997,
27680,2.5859375,0.00011280947255113026,324124.9490833854,14.512816128,0.13249912638835962,
27690,3.11328125,0.00011270182992465015,324111.15068580356,14.518059008,0.10449080552675186,
27700,1.583984375,0.00011259418729817008,324115.49793335947,14.523301888,0.12730830156022438,
27710,3.21875,0.00011248654467168997,324107.11915089213,14.528544768,0.11110689359191384,
27720,1.69921875,0.00011237890204520992,324111.3226222707,14.533787648,0.1608667273961025,
27730,3.296875,0.00011227125941872981,324115.59003158455,14.539030528,0.1114556010397157,
27740,2.703125,0.00011216361679224974,324116.54890782014,14.544273408,0.1379227634510645,
27750,3.16015625,0.00011205597416576963,324120.72866096155,14.549516288,0.11985548675165304,
27760,3.09375,0.00011194833153928956,324124.78999404964,14.554759168,0.13339773730155655,
27770,3.1640625,0.0001118406889128095,324129.1204742743,14.560002048,0.12847583047453548,
27780,3.33984375,0.00011173304628632939,324126.11250598123,14.565244928,0.1068118729798524,
27790,2.5078125,0.00011162540365984932,324129.7558268063,14.570487808,0.12678602814743176,
27800,3.078125,0.00011151776103336921,324134.1100529263,14.575730688,0.10169838897071042,
27810,3.1015625,0.00011141011840688916,324138.40130930586,14.580973568,0.10775661090592856,
27820,3.203125,0.00011130247578040905,324142.6438927237,14.586216448,0.10522273099404553,
27830,3.234375,0.00011119483315392898,324146.8022313506,14.591459328,0.1130510645301989,
27840,3.2109375,0.00011108719052744887,324151.04105438816,14.596702208,0.10117053095164019,
27850,2.39453125,0.0001109795479009688,324153.46453872946,14.601945088,0.10637647247809547,
27860,3.1640625,0.0001108719052744887,324137.36442065926,14.607187968,0.10663693391418672,
27870,1.939453125,0.00011076426264800863,324141.70206792443,14.612430848,0.11518041128186532,
27880,3.25390625,0.00011065662002152852,324145.9654094715,14.617673728,0.10506873456378128,
27890,3.25,0.00011054897739504845,324150.2396996579,14.622916608,0.1168921538155015,
27900,3.21484375,0.00011044133476856834,324154.47027366934,14.628159488,0.11200026722943589,
27910,1.826171875,0.00011033369214208829,324158.68327843153,14.633402368,0.14158453783764957,
27920,2.6640625,0.00011022604951560818,324158.44108584884,14.638645248,0.1198959014036788,
27930,3.11328125,0.00011011840688912811,324162.7482005283,14.643888128,0.11019576785841337,
27940,1.62109375,0.000110010764262648,324166.89147300925,14.649131008,0.10507697167915163,
27950,2.42578125,0.00010990312163616794,324171.20087739365,14.654373888,0.12373733179550203,
27960,3.09375,0.00010979547900968783,324175.5106688376,14.659616768,0.10872552994891872,
27970,3.3046875,0.00010968783638320776,324179.66391621233,14.664859648,0.11001600308358865,
27980,2.59765625,0.00010958019375672765,324181.38694285,14.670102528,0.11939414174583597,
27990,3.14453125,0.0001094725511302476,324185.6688652572,14.675345408,0.10395361321167894,
28000,3.125,0.00010936490850376749,324184.73646477057,14.680588288,0.10574796936094667,
28000,,,,,,0.0
28010,1.986328125,0.00010925726587728742,324127.3602501352,14.685831168,0.29093291502862784,
28020,2.34765625,0.00010914962325080731,324129.47371874406,14.691074048,0.14601561069984886,
28030,3.30859375,0.00010904198062432724,324133.6521222752,14.696316928,0.11427565939984155,
28040,2.64453125,0.00010893433799784713,324128.2818466049,14.701559808,0.12456194480318625,
28050,3.29296875,0.00010882669537136707,324123.08914791653,14.706802688,0.10834627166918043,
28060,3.140625,0.00010871905274488696,324123.9622368759,14.712045568,0.12416894401335603,
28070,1.7578125,0.0001086114101184069,324128.3476309353,14.717288448,0.09975231479057299,
28080,2.5625,0.00010850376749192678,324131.19738299795,14.722531328,0.11452094740250345,
28090,3.1640625,0.00010839612486544673,324133.58337365685,14.727774208,0.12571744650971906,
28100,3.44921875,0.00010828848223896662,324121.24016067764,14.733017088,0.151725301846975,
28110,1.78125,0.00010818083961248655,324125.5080340235,14.738259968,0.12640394147196102,
28120,3.1328125,0.00010807319698600644,324129.7700790996,14.743502848,0.11812257400223432,
28130,3.078125,0.00010796555435952638,324134.1226473705,14.748745728,0.10097902633240503,
28140,3.1953125,0.00010785791173304631,324135.3285236553,14.753988608,0.10054727052194415,
28150,3.1640625,0.0001077502691065662,324136.6916020561,14.759231488,0.11098048461544353,
28160,3.19140625,0.00010764262648008613,324139.7044969267,14.764474368,0.10910581660351461,
28170,3.15234375,0.00010753498385360602,324144.03394924686,14.769717248,0.10837324648400777,
28180,1.955078125,0.00010742734122712597,324143.4098830845,14.774960128,0.11771762249468155,
28190,3.14453125,0.00010731969860064586,324101.84588299604,14.780203008,0.1047668090275108,
28200,3.19140625,0.00010721205597416579,324105.40894568386,14.785445888,0.1012621143100622,
28210,1.814453125,0.00010710441334768568,324109.6866711881,14.790688768,0.11562423501583195,
28220,3.33984375,0.00010699677072120562,324113.9925754475,14.795931648,0.11755717747790512,
28230,3.0703125,0.00010688912809472551,324118.29218619864,14.801174528,0.10943924322514142,
28240,3.2421875,0.00010678148546824544,324119.98508128145,14.806417408,0.12807607684753863,
28250,2.375,0.00010667384284176533,324124.03996607463,14.811660288,0.19787805990404517,
28260,3.328125,0.00010656620021528528,324128.1488717048,14.816903168,0.13184601313875793,
28270,1.5234375,0.00010645855758880517,324124.6977359361,14.822146048,0.11348069248604735,
28280,1.65234375,0.0001063509149623251,324128.9168847428,14.827388928,0.14917152237093287,
28290,2.6328125,0.00010624327233584499,324133.1793263208,14.832631808,0.11443819289638602,
28300,3.11328125,0.00010613562970936492,324137.4912478066,14.837874688,0.11008064665865364,
28310,2.63671875,0.00010602798708288482,324141.7155932016,14.843117568,0.12084070100644255,
28320,2.63671875,0.00010592034445640475,324145.9202128841,14.848360448,0.13305052025436215,
28330,3.0703125,0.00010581270182992464,324150.1309778425,14.853603328,0.10890423894791709,
28340,3.73046875,0.00010570505920344457,324154.3489881807,14.858846208,0.16097885709504892,
28350,2.453125,0.00010559741657696446,324158.6741742305,14.864089088,0.12164580203671886,
28360,3.20703125,0.00010548977395048441,324155.37590402114,14.869331968,0.11323474824854833,
28370,2.5546875,0.0001053821313240043,324159.6359018855,14.874574848,0.1259567983730356,
28380,1.990234375,0.00010527448869752423,324163.8457254867,14.879817728,0.14565192108495537,
28390,3.31640625,0.00010516684607104412,324168.030358634,14.885060608,0.11208767570927908,
28400,3.23046875,0.00010505920344456406,324154.9741165021,14.890303488,0.10515684162423423,
28410,3.1640625,0.00010495156081808395,324159.15376115753,14.895546368,0.1055918729332474,
28420,3.1796875,0.00010484391819160388,324163.29859630263,14.900789248,0.10592133448805822,
28430,1.80078125,0.00010473627556512377,324167.5471543109,14.906032128,0.11590571117916344,
28440,1.623046875,0.0001046286329386437,324171.70408645924,14.911275008,0.11352681985867608,
28450,3.2265625,0.00010452099031216361,324175.9115085046,14.916517888,0.10912701756842094,
28460,3.19140625,0.00010441334768568354,324180.09038008883,14.921760768,0.10336522544623758,
28470,2.87890625,0.00010430570505920343,324184.25943401374,14.927003648,0.10619238358796126,
28480,3.3046875,0.00010419806243272336,324188.4763283815,14.932246528,0.10701953244256104,
28490,1.73046875,0.00010409041980624325,324192.2410041983,14.937489408,0.10931208843313815,
28500,3.19921875,0.0001039827771797632,324191.54887674,14.942732288,0.13616876119388882,
28500,,,,,,0.0
28510,3.1640625,0.00010387513455328312,324195.7419697193,14.947975168,0.10918642069215873,
28520,2.6484375,0.00010376749192680301,324199.90078700805,14.953218048,0.11883228521601936,
28530,1.802734375,0.00010365984930032296,324193.9356693123,14.958460928,0.1331271634261709,
28540,2.8203125,0.00010355220667384285,324196.6451677202,14.963703808,0.11505165498945472,
28550,2.56640625,0.00010344456404736278,324200.70755367615,14.968946688,0.12609511592172307,
28560,3.1953125,0.00010333692142088267,324204.654251264,14.974189568,0.12956235969502417,
28570,3.19921875,0.0001032292787944026,324208.6589598619,14.979432448,0.10655677774244987,
28580,2.458984375,0.0001031216361679225,324205.9829261512,14.984675328,0.16472287789239884,
28590,3.15625,0.00010301399354144243,324210.11526941834,14.989918208,0.11393330065197611,
28600,2.66796875,0.00010290635091496232,324210.45457413787,14.995161088,0.1227233504767031,
28610,3.23046875,0.00010279870828848225,324203.6954605336,15.000403968,0.10239053369960474,
28620,1.74609375,0.00010269106566200214,324191.8441530217,15.005646848,0.11026993376457822,
28630,3.07421875,0.00010258342303552209,324196.0965966736,15.010889728,0.10962092636133944,
28640,3.21484375,0.00010247578040904198,324168.3089660324,15.016132608,0.1044390642939157,
28650,3.2578125,0.00010236813778256191,324168.8256828912,15.021375488,0.10769263010384374,
28660,1.630859375,0.0001022604951560818,324171.73027655744,15.026618368,0.14394791199193305,
28670,3.2109375,0.00010215285252960174,324162.4224924418,15.031861248,0.11922064117838874,
28680,2.46484375,0.00010204520990312163,324166.6728277311,15.037104128,0.11810576378612528,
28690,1.826171875,0.00010193756727664156,324170.11813208245,15.042347008,0.10301251109331498,
28700,3.234375,0.00010182992465016145,324174.2605711721,15.047589888,0.11397968004517617,
28710,2.625,0.0001017222820236814,324174.4020070104,15.052832768,0.10895993273138115,
28720,3.2265625,0.00010161463939720129,324178.541926403,15.058075648,0.11234605067604746,
28730,2.4375,0.00010150699677072122,324182.60883547366,15.063318528,0.12359725301836312,
28740,1.681640625,0.00010139935414424111,324186.7520244597,15.068561408,0.10625485326023068,
28750,1.755859375,0.00010129171151776104,324185.2048987335,15.073804288,0.145935872112463,
28760,3.1484375,0.00010118406889128093,324188.7085872069,15.079047168,0.11302154649380815,
28770,2.828125,0.00010107642626480087,324192.7399172763,15.084290048,0.10831804616583564,
28780,3.234375,0.00010096878363832076,324196.85314200545,15.089532928,0.11562639753955838,
28790,3.12890625,0.0001008611410118407,324201.011123302,15.094775808,0.1041671224595456,
28800,1.921875,0.00010075349838536059,324205.16089355916,15.100018688,0.11454753396266357,
28810,3.10546875,0.00010064585575888053,324202.9635369297,15.105261568,0.13348525485142904,
28820,3.1015625,0.00010053821313240042,324207.23036209133,15.110504448,0.10179857191608413,
28830,3.22265625,0.00010043057050592035,324211.4228710083,15.115747328,0.10284041333629186,
28840,1.681640625,0.00010032292787944024,324215.55060737685,15.120990208,0.10139143083693496,
28850,2.0234375,0.00010021528525296018,324211.2489135185,15.126233088,0.14846512084989227,
28860,3.2109375,0.00010010764262648007,324215.3851259972,15.131475968,0.10364791506685628,
28870,3.21875,0.0001,324218.92052071023,15.136718848,0.11455372646900576,
28880,1.515625,9.989235737351994e-05,324205.8414786717,15.141961728,0.11802757926603444,
28890,3.17578125,9.978471474703983e-05,324208.63161867624,15.147204608,0.11426978226952896,
28900,3.140625,9.967707212055977e-05,324212.76996298344,15.152447488,0.1175751375305838,
28910,3.13671875,9.956942949407966e-05,324214.3554674704,15.157690368,0.10677816353364501,
28920,3.125,9.946178686759959e-05,324218.50521213794,15.162933248,0.11463008629721042,
28930,3.2265625,9.935414424111948e-05,324222.6828133008,15.168176128,0.12490636346847864,
28940,3.15625,9.924650161463942e-05,324225.1262933616,15.173419008,0.12588790126662264,
28950,2.58984375,9.913885898815931e-05,324228.13972312,15.178661888,0.12020481323098056,
28960,3.24609375,9.903121636167925e-05,324232.1770824815,15.183904768,0.11975939009425314,
28970,2.5078125,9.892357373519914e-05,324236.34203475027,15.189147648,0.1048026082025259,
28980,2.62109375,9.881593110871908e-05,324240.46389730164,15.194390528,0.12654284342475122,
28990,2.453125,9.870828848223897e-05,324244.6860053198,15.199633408,0.11973055015779278,
29000,3.2734375,9.86006458557589e-05,324248.7867379088,15.204876288,0.10469199284720727,
29000,,,,,,0.0
29010,2.48046875,9.849300322927879e-05,324183.0224449396,15.210119168,0.10955913973105258,
29020,3.14453125,9.838536060279872e-05,324187.20050739264,15.215362048,0.1197373024255808,
29030,3.2421875,9.827771797631861e-05,324186.8086723908,15.220604928,0.10704845590451968,
29040,3.234375,9.817007534983855e-05,324190.9914180208,15.225847808,0.10151855256757131,
29050,1.814453125,9.806243272335844e-05,324188.1187533943,15.231090688,0.12036480453383708,
29060,1.689453125,9.795479009687838e-05,324192.15226660855,15.236333568,0.11150927882876886,
29070,3.33203125,9.784714747039827e-05,324196.293890654,15.241576448,0.11494299633564563,
29080,3.1328125,9.773950484391821e-05,324200.4419612715,15.246819328,0.10318094192978011,
29090,3.2421875,9.76318622174381e-05,324201.2828363236,15.252062208,0.11757154811941102,
29100,3.15234375,9.752421959095803e-05,324205.4670814711,15.257305088,0.10673448236516177,
29110,3.2421875,9.741657696447792e-05,324206.09676881303,15.262547968,0.12859723220069683,
29120,2.8125,9.730893433799786e-05,324210.12082825875,15.267790848,0.10686419671107127,
29130,2.6640625,9.720129171151775e-05,324206.3067271039,15.273033728,0.10545839847972238,
29140,2.45703125,9.709364908503769e-05,324191.17456984904,15.278276608,0.1207977365163966,
29150,3.15625,9.698600645855758e-05,324194.0420424533,15.283519488,0.10059286651717408,
29160,3.1171875,9.68783638320775e-05,324198.2239674541,15.288762368,0.10927829942984671,
29170,3.0859375,9.677072120559741e-05,324202.41350159945,15.294005248,0.10890546997325214,
29180,3.18359375,9.666307857911734e-05,324206.5418778387,15.299248128,0.10249438100958269,
29190,2.0390625,9.655543595263723e-05,324191.7494530864,15.304491008,0.13970215571457467,
29200,3.078125,9.644779332615716e-05,324195.82368306955,15.309733888,0.10810133587558746,
29210,3.20703125,9.634015069967705e-05,324200.01478825783,15.314976768,0.10857506396897175,
29220,3.2734375,9.6232508073197e-05,324204.1523256507,15.320219648,0.1095214285036864,
29230,3.16796875,9.612486544671689e-05,324197.6719882836,15.325462528,0.12433028467810953,
29240,3.2421875,9.601722282023682e-05,324201.5775060796,15.330705408,0.1106164167721443,
29250,3.23828125,9.590958019375676e-05,324205.56672798446,15.335948288,0.116789082195614,
29260,3.34375,9.580193756727665e-05,324196.443610267,15.341191168,0.10741033403923352,
29270,3.25390625,9.569429494079658e-05,324200.59593868564,15.346434048,0.1116661995193867,
29280,3.1171875,9.558665231431647e-05,324204.65593712946,15.351676928,0.11096399178990117,
29290,3.13671875,9.54790096878364e-05,324208.70954105107,15.356919808,0.10214718578205827,
29300,2.34375,9.53713670613563e-05,324185.5354582121,15.362162688,0.1236936230310776,
29310,1.828125,9.526372443487624e-05,324183.83774526813,15.367405568,0.13904406773542113,
29320,2.39453125,9.515608180839613e-05,324187.8732174828,15.372648448,0.11282539121611264,
29330,3.21484375,9.504843918191606e-05,324191.89526592934,15.377891328,0.11238774167019099,
29340,3.2578125,9.494079655543595e-05,324195.9787704334,15.383134208,0.11633384873706483,
29350,3.16015625,9.483315392895589e-05,324191.82898325444,15.388377088,0.10846871955520908,
29360,3.15234375,9.472551130247578e-05,324195.89447734784,15.393619968,0.11145972396415245,
29370,3.14453125,9.461786867599571e-05,324199.96357017674,15.398862848,0.10953234589848286,
29380,2.48828125,9.45102260495156e-05,324204.0255929832,15.404105728,0.12074050192574345,
29390,1.85546875,9.440258342303555e-05,324208.03225601494,15.409348608,0.1277859239755397,
29400,3.13671875,9.429494079655544e-05,324212.1432146579,15.414591488,0.10780873180781987,
29410,3.16015625,9.418729817007537e-05,324216.3003461734,15.419834368,0.1029045043765053,
29420,3.0703125,9.407965554359526e-05,324220.3871724225,15.425077248,0.10130667348987363,
29430,2.56640625,9.397201291711519e-05,324224.34610825044,15.430320128,0.1274456923144259,
29440,3.2578125,9.386437029063509e-05,324224.73646995827,15.435563008,0.10860352959851578,
29450,3.140625,9.375672766415502e-05,324228.7722860096,15.440805888,0.11297589084516109,
29460,3.28515625,9.364908503767491e-05,324229.4220416507,15.446048768,0.10242729551360856,
29470,3.11328125,9.354144241119484e-05,324233.4555904024,15.451291648,0.11108624086071169,
29480,3.26171875,9.343379978471473e-05,324237.51332334365,15.456534528,0.11267314170890616,
29490,3.171875,9.332615715823468e-05,324241.51155123295,15.461777408,0.10656274453524772,
29500,1.728515625,9.321851453175457e-05,324245.52002992446,15.467020288,0.10649002899520499,
29500,,,,,,0.0
29510,3.05078125,9.31108719052745e-05,324242.5077224071,15.472263168,0.100494750405653,
29520,1.55859375,9.300322927879439e-05,324246.50005595,15.477506048,0.11764695305232094,
29530,3.25,9.289558665231433e-05,324226.3018646558,15.482748928,0.10808802851734332,
29540,1.751953125,9.278794402583422e-05,324230.39450725337,15.487991808,0.11728907999425238,
29550,3.1171875,9.268030139935415e-05,324234.4920074262,15.493234688,0.10243275198331987,
29560,2.6015625,9.257265877287404e-05,324238.4745814576,15.498477568,0.10488999037864218,
29570,3.140625,9.246501614639399e-05,324242.47770996066,15.503720448,0.10389373595841697,
29580,3.21875,9.235737351991388e-05,324241.21432574344,15.508963328,0.11400873768006144,
29590,2.6171875,9.22497308934338e-05,324245.04292142304,15.514206208,0.11623701864706112,
29600,3.1015625,9.21420882669537e-05,324243.5594075867,15.519449088,0.10387332386513186,
29610,3.140625,9.203444564047363e-05,324247.5984951158,15.524691968,0.105281968152995,
29620,3.046875,9.192680301399357e-05,324251.58949764573,15.529934848,0.11014096253167942,
29630,3.30859375,9.181916038751346e-05,324255.586535726,15.535177728,0.1383874379414119,
29640,3.2734375,9.171151776103339e-05,324259.5425623913,15.540420608,0.12256548959244368,
29650,2.859375,9.160387513455328e-05,324263.5108868919,15.545663488,0.10515092930327792,
29660,3.23828125,9.149623250807323e-05,324267.42488110904,15.550906368,0.10485758879413551,
29670,3.1640625,9.138858988159312e-05,324271.46899132204,15.556149248,0.10381114786333683,
29680,3.23828125,9.128094725511305e-05,324275.3324647369,15.561392128,0.10822704999397342,
29690,3.2421875,9.117330462863294e-05,324279.3364476355,15.566635008,0.10882568815059687,
29700,2.546875,9.106566200215288e-05,324283.2652956581,15.571877888,0.12492914288995575,
29710,3.171875,9.095801937567277e-05,324287.2714743208,15.577120768,0.1139851660974609,
29720,1.9375,9.08503767491927e-05,324291.2200126567,15.582363648,0.3700271677103439,
29730,3.16796875,9.074273412271259e-05,324275.57451336563,15.587606528,0.10927312181380108,
29740,3.17578125,9.063509149623252e-05,324279.55726986914,15.592849408,0.10316214030631056,
29750,3.203125,9.052744886975241e-05,324283.4202350394,15.598092288,0.118805452041392,
29760,2.59375,9.041980624327236e-05,324287.43801265646,15.603335168,0.1263893155984612,
29770,1.67578125,9.031216361679225e-05,324291.4758421494,15.608578048,0.10560134561396031,
29780,2.515625,9.020452099031218e-05,324295.4251218306,15.613820928,0.5438712549642551,
29790,1.6875,9.009687836383207e-05,324299.40841679747,15.619063808,0.1169609807528423,
29800,3.140625,8.998923573735201e-05,324303.36109581264,15.624306688,0.10345008240473665,
29810,3.16015625,8.98815931108719e-05,324307.25102295075,15.629549568,0.10276075644917435,
29820,3.14453125,8.977395048439183e-05,324311.004133678,15.634792448,0.1099165306854255,
29830,2.55859375,8.966630785791172e-05,324315.0668645637,15.640035328,0.12859506841637913,
29840,3.109375,8.955866523143167e-05,324319.0234231766,15.645278208,0.10577962136353834,
29850,3.15625,8.945102260495156e-05,324322.8596216981,15.650521088,0.12783462586040042,
29860,2.84765625,8.934337997847149e-05,324326.82885940134,15.655763968,0.10619918964987249,
29870,2.546875,8.923573735199138e-05,324330.73606901476,15.661006848,0.11241611657939582,
29880,3.171875,8.912809472551131e-05,324326.29311900283,15.666249728,0.10294335443331958,
29890,2.58203125,8.902045209903121e-05,324327.80332029494,15.671492608,0.11367869380711487,
29900,2.5859375,8.891280947255114e-05,324331.8269539576,15.676735488,0.12678180575790915,
29910,2.54296875,8.880516684607103e-05,324330.32732052414,15.681978368,0.1200594937339784,
29920,3.13671875,8.869752421959096e-05,324327.0202410793,15.687221248,0.10402452999526979,
29930,3.140625,8.858988159311085e-05,324330.9311104688,15.692464128,0.1090009156879077,
29940,3.2109375,8.84822389666308e-05,324334.9482400992,15.697707008,0.10550730478353748,
29950,3.140625,8.837459634015069e-05,324338.8750529479,15.702949888,0.11246534621893355,
29960,3.16796875,8.826695371367062e-05,324342.854778417,15.708192768,0.10621076014135487,
29970,3.12890625,8.815931108719051e-05,324346.69854946696,15.713435648,0.11461436385063567,
29980,1.62109375,8.805166846071045e-05,324350.65168259933,15.718678528,0.1355823734101003,
29990,3.1875,8.794402583423038e-05,324354.5941992091,15.723921408,0.10485556178138687,
30000,3.01953125,8.783638320775027e-05,324358.49170469487,15.729164288,0.10292669426431986,
30000,,,,,,0.0
30010,3.171875,8.77287405812702e-05,324300.5987202987,15.734407168,0.10699758438388557,
30020,3.20703125,8.762109795479009e-05,324280.6981522092,15.739650048,0.10866805495669642,
30030,1.888671875,8.751345532831004e-05,324284.6711062128,15.744892928,0.11940993026559513,
30040,3.28515625,8.740581270182993e-05,324288.6981479398,15.750135808,0.10684707754579302,
30050,3.25,8.729817007534986e-05,324292.75675502484,15.755378688,0.11096720684532341,
30060,3.171875,8.719052744886975e-05,324296.54280756245,15.760621568,0.10031557033945009,
30070,3.16796875,8.708288482238969e-05,324300.5185093898,15.765864448,0.11062328833771391,
30080,3.24609375,8.697524219590958e-05,324304.5130405775,15.771107328,0.10409899356083846,
30090,2.703125,8.686759956942951e-05,324308.4009578098,15.776350208,0.12264040298942393,
30100,3.2109375,8.67599569429494e-05,324312.4152648487,15.781593088,0.10633572129100811,
30110,2.5625,8.665231431646935e-05,324316.32687476015,15.786835968,0.1116414889226123,
30120,1.833984375,8.654467168998924e-05,324320.23226576607,15.792078848,0.12819257178730273,
30130,1.900390625,8.643702906350917e-05,324324.141656121,15.797321728,0.12587661478108014,
30140,3.11328125,8.632938643702906e-05,324328.0493162668,15.802564608,0.11384807632189523,
30150,1.6875,8.622174381054899e-05,324332.0005163204,15.807807488,0.10832760951623915,
30160,3.30859375,8.611410118406889e-05,324335.97369365493,15.813050368,0.11060125823315636,
30170,3.09375,8.600645855758882e-05,324339.8759875417,15.818293248,0.10348299659110129,
30180,3.2734375,8.589881593110871e-05,324343.8193089227,15.823536128,0.18527634697669526,
30190,3.28515625,8.579117330462864e-05,324347.6313999544,15.828779008,0.115229189576193,
30200,3.15234375,8.568353067814853e-05,324351.4946965736,15.834021888,0.10397635125015102,
30210,3.125,8.557588805166848e-05,324355.35447924345,15.839264768,0.104493213241246,
30220,2.5859375,8.546824542518837e-05,324359.15636954573,15.844507648,0.1191916806624267,
30230,3.44140625,8.53606027987083e-05,324362.99254599836,15.849750528,0.16607728068632044,
30240,3.2890625,8.525296017222819e-05,324365.9497087197,15.854993408,0.10772743972090618,
30250,3.26953125,8.514531754574813e-05,324369.9498664577,15.860236288,0.11030597723607126,
30260,1.908203125,8.503767491926802e-05,324373.83096412366,15.865479168,0.12004178132875937,
30270,3.21484375,8.493003229278795e-05,324374.7998498344,15.870722048,0.20559629648761807,
30280,2.6953125,8.482238966630784e-05,324368.3819873755,15.875964928,0.13599749769509087,
30290,1.697265625,8.471474703982779e-05,324339.45345777244,15.881207808,0.10781569079722118,
30300,3.19921875,8.460710441334768e-05,324338.3005296114,15.886450688,0.10718363476374458,
30310,2.609375,8.449946178686761e-05,324340.594988022,15.891693568,0.10247786412753608,
30320,1.390625,8.43918191603875e-05,324344.5456405449,15.896936448,0.10068255632781836,
30330,3.1796875,8.428417653390743e-05,324348.530473171,15.902179328,0.10246297923891558,
30340,2.546875,8.417653390742732e-05,324352.4299842417,15.907422208,0.1121438827655137,
30350,3.1171875,8.406889128094726e-05,324356.2699947572,15.912665088,0.10962885537930246,
30360,2.76953125,8.396124865446719e-05,324360.2848126857,15.917907968,0.12615847241794315,
30370,3.28515625,8.385360602798708e-05,324360.5857194809,15.923150848,0.10663303043835333,
30380,3.046875,8.374596340150703e-05,324364.446476843,15.928393728,0.11197694782606776,
30390,1.818359375,8.363832077502692e-05,324368.26970872557,15.933636608,0.12295779912230592,
30400,3.203125,8.353067814854685e-05,324372.02841678495,15.938879488,0.11233537045721097,
30410,2.5703125,8.342303552206674e-05,324375.78828163026,15.944122368,0.11795060725685172,
30420,1.328125,8.331539289558667e-05,324372.2883140103,15.949365248,0.2604365518907549,
30430,3.19921875,8.320775026910657e-05,324376.02616728836,15.954608128,0.1031439843971569,
30440,3.09765625,8.31001076426265e-05,324379.83972601173,15.959851008,0.11046349360537107,
30450,2.40234375,8.299246501614639e-05,324383.7107430628,15.965093888,0.13050649823210314,
30460,3.21875,8.288482238966632e-05,324387.4218778393,15.970336768,0.10623729987147937,
30470,3.2265625,8.277717976318621e-05,324391.21944646415,15.975579648,0.10224125617380804,
30480,3.109375,8.266953713670616e-05,324395.03705320385,15.980822528,0.099377772364223,
30490,2.978515625,8.256189451022605e-05,324398.8835113346,15.986065408,0.12358066215249043,
30500,1.6796875,8.245425188374598e-05,324402.69930568594,15.991308288,0.1040018561745603,
30500,,,,,,0.0
30510,1.7890625,8.234660925726587e-05,324406.4280725555,15.996551168,0.09572320947753646,
30520,1.5625,8.223896663078581e-05,324410.20234642643,16.001794048,0.1553031971681971,
30530,3.2265625,8.21313240043057e-05,324411.81646139786,16.007036928,0.1024748996995971,
30540,1.708984375,8.202368137782563e-05,324415.52124923945,16.012279808,0.10330306759635755,
30550,2.87109375,8.191603875134552e-05,324419.34236310475,16.017522688,0.12279165353324734,
30560,1.626953125,8.180839612486547e-05,324418.93323948106,16.022765568,0.09626341353781741,
30570,2.46875,8.170075349838536e-05,324422.70773997786,16.028008448,0.10252203014027447,
30580,2.41015625,8.159311087190529e-05,324425.8263978829,16.033251328,0.12232174190024162,
30590,3.125,8.148546824542518e-05,324429.5172178196,16.038494208,0.11208846957735562,
30600,3.21875,8.137782561894511e-05,324433.26884421095,16.043737088,0.12469038070612264,
30610,3.125,8.1270182992465e-05,324437.04905800446,16.048979968,0.10273127387901931,
30620,3.23046875,8.116254036598494e-05,324423.19742018176,16.054222848,0.10971692625618723,
30630,1.6484375,8.105489773950483e-05,324427.0928470933,16.059465728,0.12800320517025401,
30640,2.03125,8.094725511302476e-05,324430.9213565283,16.064708608,0.11325950416407703,
30650,3.16796875,8.083961248654465e-05,324431.3192766265,16.069951488,0.10066100561235626,
30660,3.19921875,8.07319698600646e-05,324435.1534734978,16.075194368,0.12216840628002085,
30670,3.3046875,8.062432723358449e-05,324438.957324886,16.080437248,0.11270011011173121,
30680,1.9375,8.051668460710442e-05,324442.71701799263,16.085680128,0.13841181625110582,
30690,1.73046875,8.040904198062431e-05,324446.47953417484,16.090923008,0.1059316634702123,
30700,3.109375,8.030139935414425e-05,324450.2805729487,16.096165888,0.10571798816718721,
30710,3.24609375,8.019375672766414e-05,324454.049577491,16.101408768,0.11573511521845696,
30720,3.0703125,8.008611410118407e-05,324421.09600315534,16.106651648,0.11758391299481233,
30730,2.625,7.9978471474704e-05,324421.6636447455,16.111894528,0.11734326987709662,
30740,3.27734375,7.98708288482239e-05,324425.4535821333,16.117137408,0.10556543707729234,
30750,3.19921875,7.976318622174384e-05,324429.2235514305,16.122380288,0.10341042554448268,
30760,2.33984375,7.965554359526373e-05,324433.05836390675,16.127623168,0.102769555198575,
30770,2.1484375,7.954790096878366e-05,324436.8894180118,16.132866048,0.10034409315709347,
30780,3.14453125,7.944025834230355e-05,324438.92136489175,16.138108928,0.10927506366145334,
30790,1.986328125,7.933261571582349e-05,324442.65259485645,16.143351808,0.15182503618859183,
30800,1.646484375,7.922497308934338e-05,324446.4489407311,16.148594688,0.16898288195395342,
30810,2.796875,7.911733046286331e-05,324425.8540063022,16.153837568,0.11105467641323807,
30820,1.3359375,7.90096878363832e-05,324428.7375613169,16.159080448,0.10965096502364907,
30830,3.32421875,7.890204520990315e-05,324432.5560599598,16.164323328,0.11026481829910331,
30840,1.837890625,7.879440258342304e-05,324428.4321575595,16.169566208,0.1167574162433689,
30850,1.91015625,7.868675995694297e-05,324432.10846318566,16.174809088,0.12171150629237246,
30860,3.20703125,7.857911733046286e-05,324429.4604388358,16.180051968,0.11761023575461299,
30870,3.0390625,7.847147470398279e-05,324427.39232445316,16.185294848,0.1088094542146557,
30880,3.09765625,7.836383207750269e-05,324431.2155238,16.190537728,0.12351295880127135,
30890,2.34375,7.825618945102262e-05,324428.10707246047,16.195780608,0.10869431320865154,
30900,3.12109375,7.814854682454251e-05,324431.99203574535,16.201023488,0.10360595481146258,
30910,2.4375,7.804090419806244e-05,324433.8359257452,16.206266368,0.10596466903226785,
30920,3.0625,7.793326157158233e-05,324436.2899157816,16.211509248,0.10246816170108901,
30930,1.95703125,7.782561894510228e-05,324440.1484872407,16.216752128,0.12800399170651627,
30940,2.44921875,7.771797631862217e-05,324438.5508100374,16.221995008,0.10434784309946742,
30950,2.609375,7.76103336921421e-05,324442.2461348493,16.227237888,0.10904519857698745,
30960,1.78515625,7.750269106566199e-05,324446.0031439225,16.232480768,0.12377301804663748,
30970,1.576171875,7.739504843918193e-05,324449.72108306503,16.237723648,0.10079492457448558,
30980,3.31640625,7.728740581270182e-05,324453.5257282167,16.242966528,0.10788460726429606,
30990,3.140625,7.717976318622175e-05,324457.2725347609,16.248209408,0.10384847453913505,
31000,3.16796875,7.707212055974164e-05,324461.13287926064,16.253452288,0.1034683381415532,
31000,,,,,,0.0
31010,1.740234375,7.696447793326157e-05,324409.79099644505,16.258695168,0.11940685009051401,
31020,3.16796875,7.685683530678148e-05,324413.7116845582,16.263938048,0.11094670972281229,
31030,3.13671875,7.674919268030141e-05,324417.5740563948,16.269180928,0.10423251541789015,
31040,2.671875,7.66415500538213e-05,324421.42858405126,16.274423808,0.11772029120288803,
31050,3.30078125,7.653390742734123e-05,324425.173000751,16.279666688,0.10781332739274248,
31060,3.0703125,7.642626480086112e-05,324428.6541360979,16.284909568,0.1124629450485542,
31070,3.07421875,7.631862217438106e-05,324432.38183827425,16.290152448,0.20101325990538088,
31080,1.8046875,7.621097954790095e-05,324436.1608024428,16.295395328,0.1552409609121155,
31090,3.1640625,7.610333692142088e-05,324439.90469051,16.300638208,0.10836064219963287,
31100,1.9140625,7.599569429494083e-05,324443.614612892,16.305881088,0.1332452911028403,
31110,3.2265625,7.588805166846072e-05,324435.2255689098,16.311123968,0.11029893377796667,
31120,3.16015625,7.578040904198065e-05,324439.0692837297,16.316366848,0.1026851427233413,
31130,3.1328125,7.567276641550054e-05,324442.84191857313,16.321609728,0.10320146772693471,
31140,3.1640625,7.556512378902047e-05,324446.56070577545,16.326852608,0.10772374249326144,
31150,1.701171875,7.545748116254037e-05,324450.31442680326,16.332095488,0.12515627766405762,
31160,3.0234375,7.53498385360603e-05,324454.16182946484,16.337338368,0.11138849389170097,
31170,1.65234375,7.52421959095802e-05,324457.9018762407,16.342581248,0.11221464562180487,
31180,2.08984375,7.513455328310012e-05,324461.5637502359,16.347824128,0.10496605472600637,
31190,2.38671875,7.502691065662001e-05,324464.0781063569,16.353067008,0.10395565843471974,
31200,3.15625,7.491926803013996e-05,324462.42915923183,16.358309888,0.10764256982877245,
31210,3.06640625,7.481162540365985e-05,324466.2116958943,16.363552768,0.11069461043811156,
31220,2.39453125,7.470398277717978e-05,324469.8219335795,16.368795648,0.09484185431348956,
31230,3.28515625,7.459634015069967e-05,324473.43358504825,16.374038528,0.10550800341443994,
31240,3.07421875,7.448869752421961e-05,324477.2317224064,16.379281408,0.102938501716742,
31250,3.3125,7.43810548977395e-05,324461.03304357483,16.384524288,0.11701060482568236,
31260,1.71484375,7.427341227125943e-05,324464.76701018185,16.389767168,0.11940442180000838,
31270,3.2734375,7.416576964477932e-05,324468.44283458183,16.395010048,0.10150710018685542,
31280,3.0859375,7.405812701829927e-05,324469.40513423237,16.400252928,0.104139122324727,
31290,2.01171875,7.395048439181916e-05,324473.071653281,16.405495808,0.10211329652706252,
31300,3.1953125,7.384284176533909e-05,324476.7665396357,16.410738688,0.10410211647356854,
31310,3.171875,7.373519913885898e-05,324480.5712505,16.415981568,0.10361083633279353,
31320,3.1640625,7.362755651237891e-05,324484.30551440315,16.421224448,0.09963815418733422,
31330,3.13671875,7.35199138858988e-05,324485.74174853094,16.426467328,0.10552228154614747,
31340,3.3359375,7.341227125941874e-05,324489.15685377765,16.431710208,0.10612088235287893,
31350,2.67578125,7.330462863293863e-05,324492.84148979565,16.436953088,0.1153970904572467,
31360,3.15625,7.319698600645856e-05,324493.3564125436,16.442195968,0.10267543419361679,
31370,3.28125,7.308934337997845e-05,324497.04181540187,16.447438848,0.10047933184092844,
31380,2.0234375,7.29817007534984e-05,324499.16034478,16.452681728,0.12492710659371876,
31390,3.12109375,7.287405812701829e-05,324488.44395219756,16.457924608,0.11754539318990226,
31400,1.759765625,7.276641550053822e-05,324477.98866472894,16.463167488,0.11906195806456517,
31410,3.29296875,7.265877287405811e-05,324481.6258998203,16.468410368,0.10782788151023788,
31420,1.4609375,7.255113024757805e-05,324484.9130144077,16.473653248,0.10513402122686055,
31430,3.19921875,7.244348762109794e-05,324488.10550036724,16.478896128,0.11273662444442599,
31440,1.892578125,7.233584499461787e-05,324491.81321223936,16.484139008,0.12007025632987395,
31450,3.109375,7.222820236813776e-05,324495.4513891254,16.489381888,0.10105360629404522,
31460,3.1328125,7.21205597416577e-05,324499.1060283333,16.494624768,0.10217542516157743,
31470,1.9296875,7.20129171151776e-05,324502.70362734055,16.499867648,0.12458612541564655,
31480,2.51171875,7.190527448869753e-05,324506.3833720272,16.505110528,0.11253560528994579,
31490,2.64453125,7.179763186221746e-05,324510.06564868026,16.510353408,0.11576811960988966,
31500,2.78125,7.168998923573735e-05,324513.6709815907,16.515596288,0.103825733388631,
31500,,,,,,0.0
31510,3.2890625,7.15823466092573e-05,324517.24558889546,16.520839168,0.1083536102849883,
31520,3.10546875,7.147470398277718e-05,324520.9369970852,16.526082048,0.10602490601485128,
31530,3.0546875,7.136706135629711e-05,324524.60292230756,16.531324928,0.11395432426675026,
31540,3.26953125,7.1259418729817e-05,324519.49678652466,16.536567808,0.10107308235010486,
31550,3.1171875,7.115177610333695e-05,324523.1660228867,16.541810688,0.10507635318601562,
31560,3.28515625,7.104413347685684e-05,324526.9087175922,16.547053568,0.10336431741343909,
31570,1.890625,7.093649085037677e-05,324530.65128175315,16.552296448,0.1892626327461127,
31580,3.296875,7.082884822389666e-05,324533.8610930084,16.557539328,0.1053745578401189,
31590,3.2265625,7.072120559741659e-05,324537.5981707148,16.562782208,0.1021329990276738,
31600,1.9375,7.061356297093648e-05,324541.19739417324,16.568025088,0.12499310055285838,
31610,3.1015625,7.050592034445642e-05,324544.7523768523,16.573267968,0.10440182886297819,
31620,3.16796875,7.039827771797631e-05,324548.4180818571,16.578510848,0.10895205479214026,
31630,3.2734375,7.029063509149624e-05,324552.15832023934,16.583753728,0.10148547451504188,
31640,3.04296875,7.018299246501613e-05,324555.8083922871,16.588996608,0.10143098315209638,
31650,3.25390625,7.007534983853608e-05,324559.5046812674,16.594239488,0.10742980418249108,
31660,1.55078125,6.996770721205597e-05,324563.1654542343,16.599482368,0.13444396287222504,
31670,2.51953125,6.98600645855759e-05,324566.8653880367,16.604725248,0.10570946630183882,
31680,3.10546875,6.975242195909579e-05,324570.59692095243,16.609968128,0.10920586349508257,
31690,1.822265625,6.964477933261573e-05,324573.8424886,16.615211008,0.11763863139554408,
31700,2.78125,6.953713670613562e-05,324577.4676056674,16.620453888,0.1001123957375853,
31710,1.5078125,6.942949407965555e-05,324581.1293055457,16.625696768,0.11094266046887777,
31720,1.4375,6.932185145317544e-05,324584.62695063534,16.630939648,0.11342414914884952,
31730,3.1640625,6.921420882669538e-05,324586.48265132855,16.636182528,0.0999745090896894,
31740,3.26953125,6.910656620021528e-05,324589.2165055161,16.641425408,0.10597444110873815,
31750,3.18359375,6.899892357373521e-05,324592.8460215155,16.646668288,0.11180662453665313,
31760,1.7109375,6.88912809472551e-05,324592.74039785506,16.651911168,0.10051090700550382,
31770,3.1953125,6.878363832077503e-05,324596.37405609287,16.657154048,0.10813562147345657,
31780,3.2265625,6.867599569429492e-05,324599.9879101607,16.662396928,0.10172228313996574,
31790,1.904296875,6.856835306781486e-05,324603.604918682,16.667639808,0.1220851396863437,
31800,2.62890625,6.846071044133475e-05,324607.20961352135,16.672882688,0.11497044237150843,
31810,3.17578125,6.835306781485468e-05,324610.8640480859,16.678125568,0.10108374779698126,
31820,3.1953125,6.824542518837457e-05,324614.4795951386,16.683368448,0.10658424238491541,
31830,2.62890625,6.813778256189452e-05,324618.0694449019,16.688611328,0.1140011019598881,
31840,3.0859375,6.803013993541441e-05,324621.59163328796,16.693854208,0.10448706678893381,
31850,3.16796875,6.792249730893434e-05,324624.7942893925,16.699097088,0.10175441220909257,
31860,3.1796875,6.781485468245427e-05,324628.40564930416,16.704339968,0.10739912283427193,
31870,3.16015625,6.770721205597417e-05,324631.92212704994,16.709582848,0.11448815241510625,
31880,3.1953125,6.75995694294941e-05,324635.52938305907,16.714825728,0.09917333857504598,
31890,1.876953125,6.7491926803014e-05,324637.4756347785,16.720068608,0.12555745396583967,
31900,3.1953125,6.738428417653393e-05,324641.01410988724,16.725311488,0.1123587806375241,
31910,2.5703125,6.727664155005382e-05,324642.2952516981,16.730554368,0.10619936620180759,
31920,3.328125,6.716899892357376e-05,324639.89942339226,16.735797248,0.11368065063645069,
31930,3.25390625,6.706135629709365e-05,324638.6173161687,16.741040128,0.10198397453503956,
31940,3.15234375,6.695371367061358e-05,324642.1563165864,16.746283008,0.11742785277818803,
31950,1.736328125,6.684607104413347e-05,324644.8751884787,16.751525888,0.17566434175340798,
31960,3.19140625,6.673842841765341e-05,324648.52786850184,16.756768768,0.10392700932551437,
31970,3.16796875,6.66307857911733e-05,324652.10374401615,16.762011648,0.10051797741936251,
31980,2.65625,6.652314316469324e-05,324655.6486758274,16.767254528,0.11216125234106432,
31990,3.1953125,6.641550053821313e-05,324659.235917247,16.772497408,0.10481232405968097,
32000,3.203125,6.630785791173306e-05,324662.83187787724,16.777740288,0.12293926168346678,
32000,,,,,,0.0
32010,3.10546875,6.620021528525296e-05,324613.8029673078,16.782983168,0.1122309836738118,
32020,2.6640625,6.609257265877289e-05,324617.4770486984,16.788226048,0.11920267274994326,
32030,1.736328125,6.598493003229278e-05,324621.155649943,16.793468928,0.14475594196600314,
32040,1.923828125,6.587728740581271e-05,324624.8647674319,16.798711808,0.12729053190635467,
32050,3.0,6.57696447793326e-05,324627.5957182773,16.803954688,0.12805007426231052,
32060,2.15234375,6.566200215285254e-05,324631.14858109615,16.809197568,0.11094629103259347,
32070,3.39453125,6.555435952637243e-05,324634.6945420524,16.814440448,0.14756576470577146,
32080,3.26171875,6.544671689989237e-05,324638.29663488414,16.819683328,0.10162788099929483,
32090,2.7890625,6.533907427341226e-05,324641.8928633331,16.824926208,0.1064938441499808,
32100,2.9453125,6.52314316469322e-05,324645.4369693483,16.830169088,0.1210497681960498,
32110,3.078125,6.512378902045209e-05,324636.56758057774,16.835411968,0.10445259073366832,
32120,2.54296875,6.501614639397202e-05,324639.6656609758,16.840654848,0.4276448275405874,
32130,3.296875,6.490850376749191e-05,324643.2324943634,16.845897728,0.10469920692336256,
32140,3.1953125,6.480086114101185e-05,324646.77537791035,16.851140608,0.1003638084949498,
32150,3.1171875,6.469321851453174e-05,324650.30750779127,16.856383488,0.10206277610237756,
32160,3.15625,6.458557588805168e-05,324653.9014693859,16.861626368,0.10364134607766667,
32170,1.40625,6.447793326157157e-05,324657.37403673586,16.866869248,0.1226726218052983,
32180,3.19921875,6.43702906350915e-05,324660.90655194107,16.872112128,0.1027803813193367,
32190,2.6015625,6.426264800861139e-05,324664.3452544254,16.877355008,0.11204727587265581,
32200,3.17578125,6.415500538213133e-05,324667.9098231092,16.882597888,0.10245792707522385,
32210,3.2578125,6.404736275565122e-05,324671.4831174389,16.887840768,0.10525966005423533,
32220,3.3515625,6.393972012917115e-05,324674.9870827564,16.893083648,0.11414238131235846,
32230,3.21484375,6.38320775026911e-05,324671.91603834264,16.898326528,0.10047992661491337,
32240,3.19140625,6.372443487621098e-05,324675.3770076591,16.903569408,0.10512692368880049,
32250,3.171875,6.361679224973092e-05,324678.9154103569,16.908812288,0.10321172730043943,
32260,1.5390625,6.35091496232508e-05,324678.8045909973,16.914055168,0.09448011882969282,
32270,1.83203125,6.340150699677075e-05,324682.35240292904,16.919298048,0.1456068523116212,
32280,2.62890625,6.329386437029064e-05,324679.52342143696,16.924540928,0.117146928608077,
32290,1.677734375,6.318622174381057e-05,324683.1064546071,16.929783808,0.11969954758699577,
32300,3.1875,6.307857911733046e-05,324686.5978024685,16.935026688,0.12508682963873888,
32310,3.2109375,6.297093649085039e-05,324690.03184094344,16.940269568,0.11039816748603701,
32320,2.51953125,6.286329386437028e-05,324693.55497805885,16.945512448,0.10420900260398785,
32330,2.8203125,6.275565123789023e-05,324697.17194304056,16.950755328,0.09401620170163195,
32340,3.13671875,6.264800861141012e-05,324700.71906703484,16.955998208,0.10282120564574018,
32350,3.21484375,6.254036598493005e-05,324704.1090488472,16.961241088,0.10432090100588141,
32360,3.1875,6.243272335844994e-05,324702.54060887126,16.966483968,0.12035737279631996,
32370,1.66796875,6.232508073196988e-05,324705.2984446395,16.971726848,0.12488283757635886,
32380,3.1875,6.221743810548977e-05,324708.80364773393,16.976969728,0.10281087528613632,
32390,3.3046875,6.21097954790097e-05,324712.36809450475,16.982212608,0.10559527712560889,
32400,3.3203125,6.200215285252959e-05,324715.85051602,16.987455488,0.13780099968985615,
32410,3.1953125,6.189451022604954e-05,324719.3076776443,16.992698368,0.12593591642697155,
32420,3.2578125,6.178686759956943e-05,324722.88588654046,16.997941248,0.10228528141523335,
32430,3.171875,6.167922497308936e-05,324726.4173232877,17.003184128,0.10239205423712434,
32440,1.900390625,6.157158234660925e-05,324728.4010644163,17.008427008,0.10014005586159978,
32450,1.978515625,6.146393972012918e-05,324731.865777842,17.013669888,0.13263037340209438,
32460,3.23046875,6.135629709364908e-05,324728.04245309177,17.018912768,0.10803714223429808,
32470,3.203125,6.124865446716901e-05,324731.62055799965,17.024155648,0.11043216703423754,
32480,3.16015625,6.11410118406889e-05,324734.99151013466,17.029398528,0.1032449843875795,
32490,1.646484375,6.103336921420884e-05,324734.0130250841,17.034641408,0.11048025203544945,
32500,3.17578125,6.092572658772873e-05,324734.86187522794,17.039884288,0.10375024023186584,
32500,,,,,,0.0
32510,3.19140625,6.081808396124866e-05,324738.1526360435,17.045127168,0.10332677942780416,
32520,3.15625,6.0710441334768555e-05,324740.52107551805,17.050370048,0.10287640969705276,
32530,2.65625,6.0602798708288486e-05,324736.301403663,17.055612928,0.11679406175030928,
32540,2.58203125,6.049515608180838e-05,324739.50336944236,17.060855808,0.12051007438296626,
32550,3.21875,6.0387513455328313e-05,324742.94395257445,17.066098688,0.10329785601581533,
32560,2.6875,6.0279870828848203e-05,324746.486713273,17.071341568,0.11379307899314324,
32570,3.1796875,6.017222820236814e-05,324750.06613629585,17.076584448,0.10642001475138664,
32580,3.19921875,6.006458557588803e-05,324753.60403198184,17.081827328,0.10137574427762694,
32590,2.42578125,5.995694294940797e-05,324757.1128665197,17.087070208,0.1049627749586158,
32600,3.20703125,5.9849300322927906e-05,324760.65001734067,17.092313088,0.09993343941496738,
32610,3.07421875,5.9741657696447796e-05,324764.11336592975,17.097555968,0.10712305738100168,
32620,3.19140625,5.963401506996773e-05,324767.5988505843,17.102798848,0.1045913035329039,
32630,3.1484375,5.952637244348762e-05,324771.1029216887,17.108041728,0.10130450756427654,
32640,2.66015625,5.9418729817007554e-05,324774.6154179713,17.113284608,0.182748568979444,
32650,2.55859375,5.931108719052745e-05,324778.1141344143,17.118527488,0.1098919308858988,
32660,3.1875,5.920344456404738e-05,324781.6150017415,17.123770368,0.11401666411135077,
32670,3.09375,5.909580193756727e-05,324780.9806438603,17.129013248,0.10667540149794505,
32680,3.1796875,5.898815931108721e-05,324784.4707167754,17.134256128,0.1061147121137988,
32690,2.48828125,5.88805166846071e-05,324787.944048332,17.139499008,0.10650186088615303,
32700,3.203125,5.8772874058127036e-05,324791.411200322,17.144741888,0.10090387491530413,
32710,2.453125,5.8665231431646926e-05,324794.869673228,17.149984768,0.10207130805616453,
32720,3.10546875,5.8557588805166864e-05,324798.35901739524,17.155227648,0.09901193586981945,
32730,3.23046875,5.8449946178686754e-05,324801.7693780584,17.160470528,0.10609239373367374,
32740,3.19921875,5.834230355220669e-05,324805.10300449916,17.165713408,0.10547435622749654,
32750,1.974609375,5.823466092572658e-05,324808.52510050614,17.170956288,0.10123823505585333,
32760,3.15234375,5.812701829924652e-05,324804.51960098394,17.176199168,0.10588585829914228,
32770,1.6796875,5.801937567276641e-05,324807.94209901325,17.181442048,0.09917739189738393,
32780,3.09765625,5.7911733046286346e-05,324809.3976558528,17.186684928,0.11131389492046044,
32790,2.66015625,5.7804090419806236e-05,324812.7511846264,17.191927808,0.11962514939064693,
32800,1.2734375,5.7696447793326167e-05,324816.14816227474,17.197170688,0.2587400233660423,
32810,3.109375,5.758880516684606e-05,324819.638247977,17.202413568,0.10260230225426614,
32820,3.0546875,5.7481162540365994e-05,324823.0670975998,17.207656448,0.1053096024137138,
32830,3.046875,5.7373519913885884e-05,324826.5211301214,17.212899328,0.11437104684000064,
32840,3.13671875,5.726587728740582e-05,324829.5524330808,17.218142208,0.10654601573157046,
32850,3.17578125,5.715823466092571e-05,324833.0000695379,17.223385088,0.10844282646837046,
32860,3.01953125,5.705059203444565e-05,324836.52245345083,17.228627968,0.10456322566084827,
32870,1.884765625,5.694294940796554e-05,324837.529671324,17.233870848,0.1399552172036767,
32880,3.22265625,5.6835306781485476e-05,324837.93547717563,17.239113728,0.1074807662599179,
32890,3.1640625,5.6727664155005366e-05,324841.4408551352,17.244356608,0.11223791644732964,
32900,3.13671875,5.6620021528525304e-05,324844.9264538454,17.249599488,0.11441995677115756,
32910,2.53515625,5.6512378902045194e-05,324848.4267613317,17.254842368,0.1122041228262143,
32920,2.296875,5.640473627556513e-05,324850.03504529904,17.260085248,0.09981089800796437,
32930,3.25390625,5.629709364908502e-05,324846.69985327177,17.265328128,0.10447325743622973,
32940,3.40625,5.618945102260496e-05,324850.04658711876,17.270571008,0.12130109271681708,
32950,3.01171875,5.608180839612485e-05,324836.5369635211,17.275813888,0.10667508126040572,
32960,3.1640625,5.597416576964478e-05,324840.0040549756,17.281056768,0.11054609014407787,
32970,3.2578125,5.586652314316472e-05,324843.3758107392,17.286299648,0.10417397535294853,
32980,2.703125,5.575888051668461e-05,324846.8053414119,17.291542528,0.1666649598323363,
32990,2.6640625,5.5651237890204544e-05,324850.3040501808,17.296785408,0.11608420302643191,
33000,3.2109375,5.5543595263724434e-05,324853.74094552797,17.302028288,0.10413914679150808,
33000,,,,,,0.0
33010,2.71484375,5.543595263724437e-05,324796.4585573435,17.307271168,0.10412549252257114,
33020,3.28125,5.532831001076426e-05,324799.5854776617,17.312514048,0.10696010406722989,
33030,2.7578125,5.52206673842842e-05,324803.05044537137,17.317756928,0.1044261310836467,
33040,3.20703125,5.511302475780409e-05,324801.2441443368,17.322999808,0.10386868913506786,
33050,1.763671875,5.5005382131324026e-05,324804.6401784047,17.328242688,0.116347095838308,
33060,2.84375,5.4897739504843916e-05,324808.000053351,17.333485568,0.09743566943634564,
33070,1.791015625,5.479009687836385e-05,324811.31778799027,17.338728448,0.12255010770686114,
33080,3.0390625,5.4682454251883744e-05,324806.1397334769,17.343971328,0.10104892983537818,
33090,3.12890625,5.4574811625403675e-05,324809.54406439123,17.349214208,0.10290142884068412,
33100,1.71875,5.4467168998923565e-05,324812.9378986457,17.354457088,0.10453993236822787,
33110,1.8125,5.43595263724435e-05,324808.87479430495,17.359699968,0.10655776424774777,
33120,1.720703125,5.425188374596339e-05,324802.15779004013,17.364942848,0.12149769225079386,
33130,1.7734375,5.414424111948333e-05,324805.5703762634,17.370185728,0.10328416337766912,
33140,1.693359375,5.403659849300322e-05,324799.1125652495,17.375428608,0.11882843103335813,
33150,2.009765625,5.392895586652316e-05,324785.8918880438,17.380671488,0.0999240377534595,
33160,3.1171875,5.382131324004305e-05,324781.53167044756,17.385914368,0.10257678541432388,
33170,3.1796875,5.3713670613562984e-05,324784.98108733783,17.391157248,0.10407886143937915,
33180,3.1796875,5.3606027987082874e-05,324788.5027919953,17.396400128,0.10349522481355675,
33190,3.125,5.349838536060281e-05,324791.2747988593,17.401643008,0.10101989130544896,
33200,3.234375,5.33907427341227e-05,324794.7159449215,17.406885888,0.10524541941209109,
33210,1.591796875,5.328310010764264e-05,324798.12364638585,17.412128768,0.18505595191916635,
33220,3.2578125,5.317545748116253e-05,324801.49872710556,17.417371648,0.13410918226956128,
33230,2.5703125,5.306781485468246e-05,324804.9001269296,17.422614528,0.10892035827392872,
33240,3.109375,5.2960172228202357e-05,324808.4539592704,17.427857408,0.10022709996798085,
33250,2.66796875,5.285252960172229e-05,324811.8437312405,17.433100288,0.11612014008364416,
33260,3.1484375,5.274488697524218e-05,324811.8694128601,17.438343168,0.10279264083192388,
33270,3.0859375,5.2637244348762115e-05,324815.3211902963,17.443586048,0.10086644668063033,
33280,2.51171875,5.2529601722282005e-05,324818.7628603811,17.448828928,0.11111263889742083,
33290,3.25390625,5.242195909580194e-05,324822.1180289248,17.454071808,0.10181943990002693,
33300,3.109375,5.231431646932183e-05,324825.62243093207,17.459314688,0.10174898304088455,
33310,2.076171875,5.220667384284177e-05,324828.9691328221,17.464557568,0.12513890044376502,
33320,1.7421875,5.209903121636166e-05,324832.30216151034,17.469800448,0.09984107799150099,
33330,3.1640625,5.19913885898816e-05,324835.65972607455,17.475043328,0.10103908620026601,
33340,3.14453125,5.1883745963401534e-05,324839.08034264954,17.480286208,0.10989515862515617,
33350,3.109375,5.1776103336921424e-05,324839.52589342924,17.485529088,0.10249927050136837,
33360,3.23828125,5.1668460710441355e-05,324840.61258819996,17.490771968,0.1033984721142918,
33370,2.53515625,5.156081808396125e-05,324840.1500147676,17.496014848,0.11969334601575245,
33380,1.896484375,5.145317545748118e-05,324843.49113059236,17.501257728,0.1389434726941161,
33390,3.08984375,5.134553283100107e-05,324846.8623562767,17.506500608,0.10849323339219694,
33400,1.91015625,5.123789020452101e-05,324843.2646588978,17.511743488,0.11766619367509965,
33410,1.830078125,5.11302475780409e-05,324846.77097754786,17.516986368,0.14182191325355642,
33420,2.3515625,5.102260495156084e-05,324850.1791674658,17.522229248,0.10574789797496825,
33430,3.0859375,5.091496232508073e-05,324853.6406356603,17.527472128,0.10241936741215579,
33440,2.78125,5.0807319698600665e-05,324847.6076233912,17.532715008,0.10251620991639089,
33450,3.1484375,5.0699677072120555e-05,324842.40778456547,17.537957888,0.10183454467247578,
33460,3.04296875,5.059203444564049e-05,324844.67002620886,17.543200768,0.10485062734576543,
33470,1.603515625,5.048439181916038e-05,324848.0388993955,17.548443648,0.1658116222489076,
33480,3.16796875,5.037674919268032e-05,324851.336836012,17.553686528,0.10228867514705889,
33490,1.61328125,5.026910656620021e-05,324854.5652437132,17.558929408,0.12092509560816363,
33500,1.71875,5.016146393972014e-05,324857.9211098935,17.564172288,0.11322769799475096,
33500,,,,,,0.0
33510,3.13671875,5.005382131324004e-05,324861.24163549894,17.569415168,0.10886722044164474,
33520,3.15625,4.994617868675997e-05,324864.41780750355,17.574658048,0.09986352072863176,
33530,2.390625,4.9838536060279865e-05,324867.75811434496,17.579900928,0.09758787500062545,
33540,2.7734375,4.9730893433799795e-05,324871.0904037397,17.585143808,0.09778685452665113,
33550,3.265625,4.9623250807319685e-05,324874.38582156494,17.590386688,0.12900051100344936,
33560,3.12890625,4.951560818083962e-05,324877.7606523204,17.595629568,0.10389033163555446,
33570,3.21875,4.940796555435951e-05,324881.1164472527,17.600872448,0.09877259047103719,
33580,2.59375,4.930032292787945e-05,324884.4002053168,17.606115328,0.1322216934068882,
33590,3.1875,4.919268030139934e-05,324820.2691651035,17.611358208,0.1026389968861233,
33600,3.21484375,4.908503767491928e-05,324807.92071159027,17.616601088,0.11029034673917824,
33610,2.4453125,4.897739504843917e-05,324807.3959660888,17.621843968,0.10128893856399118,
33620,3.17578125,4.8869752421959105e-05,324810.5492702856,17.627086848,0.10465103876549145,
33630,2.74609375,4.8762109795478995e-05,324808.40890653303,17.632329728,0.09830043250208148,
33640,3.3203125,4.865446716899893e-05,324806.54717455775,17.637572608,0.11790059719437078,
33650,3.09375,4.854682454251882e-05,324763.303144293,17.642815488,0.1067238285139893,
33660,3.3046875,4.843918191603875e-05,324766.59066455526,17.648058368,0.10699914908396696,
33670,2.54296875,4.833153928955865e-05,324765.1102827394,17.653301248,0.10347311316291175,
33680,3.22265625,4.822389666307858e-05,324767.3765027577,17.658544128,0.10006029754282546,
33690,3.2734375,4.811625403659847e-05,324768.1128665731,17.663787008,0.1099575006767487,
33700,3.25390625,4.800861141011841e-05,324755.5198722128,17.669029888,0.10455470557223846,
33710,3.10546875,4.7900968783638345e-05,324741.7685851091,17.674272768,0.09980497245017382,
33720,3.2265625,4.7793326157158235e-05,324745.1755828987,17.679515648,0.10378550249512739,
33730,2.013671875,4.768568353067817e-05,324748.56240324525,17.684758528,0.11456724923748102,
33740,3.19140625,4.757804090419806e-05,324751.9593955247,17.690001408,0.10242118621016262,
33750,3.1640625,4.7470398277718e-05,324753.882012313,17.695244288,0.10579103138042517,
33760,2.484375,4.736275565123789e-05,324757.2959928996,17.700487168,0.12316477649165479,
33770,3.26171875,4.725511302475783e-05,324760.7465892256,17.705730048,0.10281101902606633,
33780,3.23828125,4.714747039827772e-05,324764.08028842486,17.710972928,0.10209617873369392,
33790,3.09765625,4.703982777179765e-05,324767.5033834883,17.716215808,0.09994440983963013,
33800,3.24609375,4.6932185145317545e-05,324769.65615877096,17.721458688,0.1052915771124247,
33810,3.1171875,4.6824542518837476e-05,324767.3746931906,17.726701568,0.10306080654555827,
33820,3.17578125,4.6716899892357366e-05,324770.74701674865,17.731944448,0.09866706460232909,
33830,3.08984375,4.66092572658773e-05,324771.78519763495,17.737187328,0.1148142945706387,
33840,2.3359375,4.650161463939719e-05,324775.20464397577,17.742430208,0.1306146239586464,
33850,2.6796875,4.639397201291713e-05,324778.52253455116,17.747673088,0.11181447942764765,
33860,1.64453125,4.628632938643702e-05,324778.1151870263,17.752915968,0.11904302480655234,
33870,3.37109375,4.617868675995696e-05,324781.2599724626,17.758158848,0.1095882637824434,
33880,3.2109375,4.607104413347685e-05,324765.9702396857,17.763401728,0.10574720116117405,
33890,3.13671875,4.5963401506996785e-05,324769.3435490983,17.768644608,0.1304383828301531,
33900,3.05859375,4.5855758880516675e-05,324772.6701167503,17.773887488,0.10605426993817181,
33910,3.09765625,4.574811625403661e-05,324776.0028106628,17.779130368,0.10390065965934245,
33920,3.1875,4.56404736275565e-05,324778.0606510957,17.784373248,0.291959857396444,
33930,1.84375,4.553283100107644e-05,324781.31519854703,17.789616128,0.10226954522418251,
33940,3.21484375,4.542518837459633e-05,324778.4387692986,17.794859008,0.10079208070074223,
33950,3.1484375,4.531754574811626e-05,324781.76677240955,17.800101888,0.10715156047159059,
33960,1.951171875,4.520990312163616e-05,324785.0937891668,17.805344768,0.09709159116916188,
33970,2.0234375,4.510226049515609e-05,324788.44186601706,17.810587648,0.11892504745399778,
33980,1.9375,4.499461786867598e-05,324791.72465430107,17.815830528,0.12063063333944817,
33990,3.16015625,4.4886975242195916e-05,324794.73996182496,17.821073408,0.09967205637193488,
34000,3.09375,4.4779332615715806e-05,324798.04874038463,17.826316288,0.09938503425153176,
34000,,,,,,0.0
34010,2.6328125,4.467168998923574e-05,324747.4598382887,17.831559168,0.11193098877817138,
34020,1.96875,4.456404736275563e-05,324750.74896641227,17.836802048,0.11019414708965747,
34030,3.16015625,4.445640473627557e-05,324754.0895082284,17.842044928,0.10088411146334723,
34040,3.15625,4.434876210979546e-05,324752.6947683214,17.847287808,0.09911472259460521,
34050,1.826171875,4.42411194833154e-05,324754.0220303106,17.852530688,0.09632892580352144,
34060,2.84765625,4.413347685683529e-05,324750.13940464787,17.857773568,0.09780938826497625,
34070,2.41796875,4.4025834230355226e-05,324753.4945142575,17.863016448,0.10992122507821252,
34080,1.712890625,4.3918191603875156e-05,324756.82736539346,17.868259328,0.10922906102479989,
34090,3.140625,4.3810548977395046e-05,324754.2193350752,17.873502208,0.105662662039187,
34100,3.203125,4.3702906350914984e-05,324757.43633292464,17.878745088,0.1033582504712575,
34110,3.16796875,4.3595263724434874e-05,324760.7703031396,17.883987968,0.09977631531853709,
34120,3.265625,4.348762109795481e-05,324762.65689069603,17.889230848,0.10157931312139082,
34130,3.18359375,4.33799784714747e-05,324765.90709866886,17.894473728,0.10268085551064636,
34140,3.265625,4.327233584499464e-05,324769.1040499503,17.899716608,0.10453437498455988,
34150,3.03125,4.316469321851453e-05,324766.1599942085,17.904959488,0.10018598624892529,
34160,3.19921875,4.3057050592034466e-05,324748.9087783228,17.910202368,0.10517445888235952,
34170,3.09375,4.2949407965554356e-05,324752.2570875528,17.915445248,0.10276214523664967,
34180,2.8203125,4.284176533907429e-05,324729.4969668053,17.920688128,0.10598861108509344,
34190,3.19921875,4.273412271259418e-05,324728.9698804671,17.925931008,0.10746476093571458,
34200,3.08984375,4.262648008611412e-05,324732.28391098836,17.931173888,0.11429702195104743,
34210,2.6171875,4.251883745963401e-05,324735.5537002148,17.936416768,0.11521059525953961,
34220,3.12109375,4.241119483315394e-05,324738.9288908239,17.941659648,0.11417696809086333,
34230,3.05078125,4.230355220667384e-05,324742.20326978946,17.946902528,0.10104733690766196,
34240,3.1875,4.219590958019377e-05,324745.45930887444,17.952145408,0.10019918449178458,
34250,1.642578125,4.208826695371366e-05,324748.76538953994,17.957388288,0.09230615593040939,
34260,3.11328125,4.1980624327233596e-05,324752.1534319152,17.962631168,0.10243145060594144,
34270,2.6640625,4.1872981700753486e-05,324755.54849339125,17.967874048,0.11283288829500789,
34280,3.296875,4.1765339074273424e-05,324758.8734670819,17.973116928,0.10246034809597898,
34290,2.85546875,4.1657696447793314e-05,324762.2194422822,17.978359808,0.09573698393539443,
34300,2.3046875,4.155005382131325e-05,324765.56880005647,17.983602688,0.10840563054834756,
34310,3.171875,4.144241119483314e-05,324767.9051402312,17.988845568,0.11102900848075989,
34320,3.1953125,4.133476856835308e-05,324762.1355097921,17.994088448,0.10062666131467396,
34330,3.1953125,4.122712594187297e-05,324764.35499035096,17.999331328,0.11466242594758357,
34340,2.78515625,4.1119483315392906e-05,324767.66951444553,18.004574208,0.09760632326836217,
34350,3.140625,4.1011840688912796e-05,324771.0322162985,18.009817088,0.1027353624238617,
34360,3.26953125,4.0904198062432733e-05,324773.8611222802,18.015059968,0.10010167977795482,
34370,3.13671875,4.0796555435952623e-05,324777.25177703955,18.020302848,0.10314306813064822,
34380,3.3359375,4.0688912809472554e-05,324780.5561381786,18.025545728,0.10414680184541034,
34390,3.203125,4.058127018299245e-05,324783.90761655127,18.030788608,0.10700744319702285,
34400,3.15625,4.047362755651238e-05,324787.1586097823,18.036031488,0.10025594835490952,
34410,1.98828125,4.036598493003227e-05,324782.6450602702,18.041274368,0.12468800370582409,
34420,3.12890625,4.025834230355221e-05,324783.3031912108,18.046517248,0.10258343412667756,
34430,1.78515625,4.01506996770721e-05,324786.5901252943,18.051760128,0.12538258384681616,
34440,3.16015625,4.0043057050592036e-05,324789.9412945732,18.057003008,0.10389709987926968,
34450,2.81640625,3.9935414424111974e-05,324793.1704280503,18.062245888,0.12504064361733164,
34460,3.11328125,3.9827771797631864e-05,324796.39982441126,18.067488768,0.10034150233304003,
34470,3.0625,3.97201291711518e-05,324794.25251649047,18.072731648,0.099632758709015,
34480,1.9765625,3.961248654467169e-05,324789.35859470797,18.077974528,0.1372129423032825,
34490,3.2421875,3.950484391819162e-05,324790.07987513556,18.083217408,0.10744306493933399,
34500,2.56640625,3.939720129171152e-05,324793.371953046,18.088460288,0.11687893705597374,
34500,,,,,,0.0
34510,3.17578125,3.928955866523145e-05,324793.52537393174,18.093703168,0.10632484374232025,
34520,2.55078125,3.9181916038751346e-05,324796.7624898704,18.098946048,0.09409654616553531,
34530,3.1796875,3.907427341227128e-05,324800.0398130826,18.104188928,0.10468995299916581,
34540,1.90625,3.896663078579117e-05,324800.77136273665,18.109431808,0.12466734905583841,
34550,2.6796875,3.8858988159311104e-05,324804.01724886807,18.114674688,0.113437401255729,
34560,3.25390625,3.8751345532830994e-05,324807.3209298817,18.119917568,0.10310735293200661,
34570,2.7109375,3.864370290635093e-05,324810.65489654127,18.125160448,0.11562592746531107,
34580,2.5703125,3.853606027987082e-05,324813.94729457196,18.130403328,0.11006569832489096,
34590,3.078125,3.842841765339076e-05,324817.256548652,18.135646208,0.10573179846998301,
34600,2.41015625,3.832077502691065e-05,324819.16476835957,18.140889088,0.10896242905693697,
34610,3.16015625,3.8213132400430587e-05,324822.47282019205,18.146131968,0.10151539481480198,
34620,3.19921875,3.8105489773950477e-05,324825.6836826803,18.151374848,0.0972448697818759,
34630,3.2421875,3.7997847147470414e-05,324828.8250727549,18.156617728,0.10092022776583612,
34640,3.26171875,3.7890204520990304e-05,324832.10561999254,18.161860608,0.09973836183671644,
34650,3.08203125,3.7782561894510235e-05,324835.3858189029,18.167103488,0.10220213356482158,
34660,3.18359375,3.767491926803013e-05,324838.6873704398,18.172346368,0.09842898456975524,
34670,1.748046875,3.756727664155006e-05,324841.76364691375,18.177589248,0.1352284414204967,
34680,3.16796875,3.745963401506995e-05,324842.2838643191,18.182832128,0.10035717063312759,
34690,3.1171875,3.735199138858989e-05,324845.6773296738,18.188075008,0.10389634959032924,
34700,3.06640625,3.724434876210978e-05,324848.93928237545,18.193317888,0.10467413960274459,
34710,3.26953125,3.713670613562972e-05,324852.274417798,18.198560768,0.1118860441568574,
34720,3.20703125,3.702906350914961e-05,324855.59999360767,18.203803648,0.10174210906059414,
34730,2.48828125,3.6921420882669544e-05,324858.8726652159,18.209046528,0.11590039283412525,
34740,2.58203125,3.6813778256189434e-05,324862.2017234728,18.214289408,0.10472185936807588,
34750,3.1171875,3.670613562970937e-05,324838.7371264969,18.219532288,0.10377865836591883,
34760,2.80859375,3.659849300322926e-05,324838.8566387635,18.224775168,0.10068633656326574,
34770,3.1328125,3.64908503767492e-05,324842.10891295434,18.230018048,0.09886005028996347,
34780,3.1484375,3.638320775026909e-05,324845.2388620721,18.235260928,0.10714257760548468,
34790,3.3203125,3.627556512378903e-05,324848.4666686678,18.240503808,0.10106112967991031,
34800,3.16015625,3.616792249730892e-05,324830.9216903022,18.245746688,0.09992679200206717,
34810,3.15625,3.606027987082885e-05,324824.18741846853,18.250989568,0.11425500209708203,
34820,3.109375,3.5952637244348785e-05,324819.9955104944,18.256232448,0.11205391555858042,
34830,1.927734375,3.5844994617868675e-05,324810.9119089005,18.261475328,0.11066344440194065,
34840,3.19140625,3.573735199138861e-05,324814.14767154015,18.266718208,0.10113207029432124,
34850,3.09375,3.56297093649085e-05,324817.4500255933,18.271961088,0.09731977901908967,
34860,3.22265625,3.552206673842844e-05,324820.70127320115,18.277203968,0.10094537296114907,
34870,2.75390625,3.541442411194833e-05,324823.9107003074,18.282446848,0.11319790914873451,
34880,3.2265625,3.530678148546827e-05,324827.1925163476,18.287689728,0.10181928001615959,
34890,3.12890625,3.519913885898816e-05,324830.4660195782,18.292932608,0.10027308606065466,
34900,1.439453125,3.5091496232508094e-05,324833.62705690437,18.298175488,0.09190184488054272,
34910,3.15625,3.4983853606027984e-05,324836.85167931515,18.303418368,0.09819202995864543,
34920,3.125,3.487621097954792e-05,324832.8587114264,18.308661248,0.10396440181938954,
34930,2.69140625,3.476856835306781e-05,324833.5607467616,18.313904128,0.11432478059295037,
34940,3.2265625,3.466092572658774e-05,324836.8623560844,18.319147008,0.10251906557665273,
34950,2.640625,3.455328310010764e-05,324840.1007578968,18.324389888,0.11797990791989063,
34960,3.09375,3.444564047362757e-05,324839.0466986682,18.329632768,0.09900543712658824,
34970,3.28125,3.433799784714746e-05,324842.25094141916,18.334875648,0.10313890066381069,
34980,3.26953125,3.42303552206674e-05,324845.456788602,18.340118528,0.10102764009129565,
34990,3.171875,3.412271259418729e-05,324847.0456574138,18.345361408,0.09899409581573956,
35000,2.49609375,3.4015069967707225e-05,324850.3339980936,18.350604288,0.10218794011616743,
35000,,,,,,0.0
35010,1.716796875,3.3907427341227115e-05,324797.55720953114,18.355847168,0.09759444019259318,
35020,3.140625,3.379978471474705e-05,324800.79785653914,18.361090048,0.09996881680241994,
35030,3.1796875,3.369214208826694e-05,324796.4804951083,18.366332928,0.10850368853625457,
35040,3.0859375,3.358449946178688e-05,324796.7030158392,18.371575808,0.11706295352805368,
35050,3.15625,3.347685683530677e-05,324800.02113842044,18.376818688,0.09934384943036824,
35060,1.740234375,3.336921420882671e-05,324803.2904534301,18.382061568,0.1475867446257674,
35070,3.2890625,3.32615715823466e-05,324806.575937883,18.387304448,0.10666675094090394,
35080,2.70703125,3.315392895586653e-05,324809.7919868736,18.392547328,0.11422555351005606,
35090,3.25,3.3046286329386425e-05,324813.02937132504,18.397790208,0.09768749135361178,
35100,2.26171875,3.2938643702906355e-05,324816.25477198407,18.403033088,0.10525194113796241,
35110,3.13671875,3.283100107642625e-05,324808.5891641931,18.408275968,0.09967690363101508,
35120,1.71484375,3.272335844994618e-05,324811.8476784834,18.413518848,0.0984300900460459,
35130,3.0859375,3.261571582346607e-05,324815.0988788176,18.418761728,0.10305753801279471,
35140,1.8046875,3.250807319698601e-05,324812.1692606885,18.424004608,0.09388786228335771,
35150,2.6484375,3.24004305705059e-05,324815.46165743796,18.429247488,0.1133592410091893,
35160,3.09765625,3.229278794402584e-05,324817.8464506388,18.434490368,0.10549050263614751,
35170,3.12109375,3.218514531754573e-05,324821.01130493125,18.439733248,0.09982911608552814,
35180,3.1328125,3.2077502691065665e-05,324824.2485864881,18.444976128,0.12208317477665402,
35190,3.078125,3.19698600645856e-05,324818.2198811688,18.450219008,0.09693172102870388,
35200,3.21484375,3.186221743810549e-05,324821.3709901821,18.455461888,0.09877854190921176,
35210,3.18359375,3.175457481162542e-05,324824.5068023741,18.460704768,0.10096474328626417,
35220,2.28515625,3.164693218514532e-05,324814.0057033243,18.465947648,0.10218430021526369,
35230,3.2109375,3.153928955866525e-05,324817.24796653347,18.471190528,0.1067784952716616,
35240,3.16796875,3.143164693218514e-05,324820.4892821396,18.476433408,0.10472998737826066,
35250,2.625,3.132400430570508e-05,324823.7017753502,18.481676288,0.12042864213872849,
35260,3.16015625,3.121636167922497e-05,324826.92927305546,18.486919168,0.10914693618745785,
35270,1.4375,3.1108719052744905e-05,324830.1026526514,18.492162048,0.08948279242174045,
35280,2.58203125,3.1001076426264795e-05,324833.2421440415,18.497404928,0.12513389081806472,
35290,3.1796875,3.089343379978473e-05,324830.89322470775,18.502647808,0.10933363185230807,
35300,2.71875,3.078579117330462e-05,324825.708833392,18.507890688,0.11375769557693925,
35310,3.22265625,3.067814854682456e-05,324818.9967118925,18.513133568,0.10138931817854047,
35320,2.6484375,3.057050592034445e-05,324822.14525765035,18.518376448,0.11298302324226424,
35330,2.82421875,3.0462863293864384e-05,324825.3228675909,18.523619328,0.0997177213449098,
35340,3.30078125,3.0355220667384278e-05,324828.4524429223,18.528862208,0.11294769656560347,
35350,2.66015625,3.0247578040904212e-05,324798.26506243204,18.534105088,0.11364138128217778,
35360,3.19921875,3.0139935414424102e-05,324748.78287966945,18.539347968,0.13738745078880688,
35370,1.775390625,3.003229278794404e-05,324737.91122104105,18.544590848,0.12278398920729017,
35380,3.15625,2.992465016146393e-05,324736.06214364077,18.549833728,0.10320145121283314,
35390,3.19140625,2.9817007534983867e-05,324739.33401955396,18.555076608,0.11061501539348101,
35400,2.65625,2.9709364908503757e-05,324736.0001817217,18.560319488,0.1071183762453463,
35410,3.1953125,2.960172228202369e-05,324737.06705711636,18.565562368,0.10939147934096018,
35420,3.1953125,2.9494079655543584e-05,324731.5293267538,18.570805248,0.10072778721241309,
35430,3.05859375,2.9386437029063518e-05,324734.8665904088,18.576048128,0.10963334380325544,
35440,1.787109375,2.9278794402583408e-05,324738.1633554545,18.581291008,0.11490151285308518,
35450,3.14453125,2.9171151776103346e-05,324740.4187365865,18.586533888,0.10321693917867064,
35460,3.15234375,2.9063509149623236e-05,324743.65067046555,18.591776768,0.09786014853850232,
35470,2.6171875,2.8955866523143173e-05,324746.93057809724,18.597019648,0.11116833973314114,
35480,3.27734375,2.8848223896663063e-05,324750.15690140845,18.602262528,0.10449147499663347,
35490,2.55078125,2.8740581270182997e-05,324753.5021020001,18.607505408,0.11447463921197601,
35500,3.05078125,2.863293864370289e-05,324756.8070895738,18.612748288,0.10304630405297445,
35500,,,,,,0.0
35510,2.5625,2.8525296017222824e-05,324759.739788531,18.617991168,0.11538048678581594,
35520,2.984375,2.8417653390742714e-05,324752.1372659926,18.623234048,0.13378945548695842,
35530,3.0859375,2.8310010764262652e-05,324755.392814654,18.628476928,0.10006012718903937,
35540,1.55078125,2.8202368137782542e-05,324746.3689379743,18.633719808,0.09679614450575957,
35550,1.16015625,2.809472551130248e-05,324749.5553733214,18.638962688,0.6951912372671708,
35560,3.2734375,2.7987082884822413e-05,324752.736726288,18.644205568,0.10990991204020165,
35570,3.25390625,2.7879440258342303e-05,324755.88464201015,18.649448448,0.10057674827648755,
35580,3.15234375,2.777179763186224e-05,324759.1002176047,18.654691328,0.1011733907994686,
35590,3.0703125,2.766415500538213e-05,324762.3130432067,18.659934208,0.10144162885180749,
35600,3.22265625,2.7556512378902065e-05,324762.38731376483,18.665177088,0.11943077536638035,
35610,3.10546875,2.7448869752421958e-05,324764.48899223993,18.670419968,0.10700882422987147,
35620,3.2265625,2.7341227125941892e-05,324767.734889534,18.675662848,0.10897742082546373,
35630,3.1171875,2.7233584499461782e-05,324770.99400034884,18.680905728,0.11783300710041193,
35640,3.30078125,2.712594187298172e-05,324774.1414677692,18.686148608,0.10636166036500593,
35650,3.2265625,2.701829924650161e-05,324777.32385780953,18.691391488,0.09658733102589666,
35660,2.765625,2.6910656620021547e-05,324780.4231545315,18.696634368,0.11485834561456595,
35670,3.30859375,2.6803013993541437e-05,324783.6001696328,18.701877248,0.10150907298242497,
35680,2.50390625,2.669537136706137e-05,324786.6798802892,18.707120128,0.09277119213742961,
35690,3.1484375,2.6587728740581265e-05,324789.8246275163,18.712363008,0.10579193370641166,
35700,2.63671875,2.64800861141012e-05,324792.97191191395,18.717605888,0.1142568323364962,
35710,2.71875,2.637244348762109e-05,324796.1768466039,18.722848768,0.11244261600923401,
35720,3.1875,2.6264800861141026e-05,324799.3770739711,18.728091648,0.10224121612481227,
35730,3.3125,2.6157158234660916e-05,324801.9295499198,18.733334528,0.10227538722695576,
35740,1.939453125,2.6049515608180853e-05,324804.9601539195,18.738577408,0.12257808907763058,
35750,3.12109375,2.5941872981700743e-05,324808.08229983784,18.743820288,0.12070616352613218,
35760,3.2265625,2.5834230355220678e-05,324811.19457451964,18.749063168,0.10096346617534309,
35770,2.63671875,2.572658772874057e-05,324814.2872804482,18.754306048,0.1132120832099847,
35780,3.14453125,2.5618945102260505e-05,324814.7471793305,18.759548928,0.1143151390546857,
35790,1.470703125,2.5511302475780395e-05,324817.92827673483,18.764791808,0.09958003260217642,
35800,3.18359375,2.5403659849300332e-05,324821.0818433889,18.770034688,0.10263257057221821,
35810,3.21484375,2.5296017222820222e-05,324797.95496541186,18.775277568,0.10197610120718609,
35820,1.640625,2.518837459634016e-05,324801.24057465297,18.780520448,0.0903521224519092,
35830,1.955078125,2.508073196986005e-05,324804.3686542475,18.785763328,0.12616057915308335,
35840,3.21484375,2.4973089343379984e-05,324807.5474215379,18.791006208,0.10408716478163782,
35850,0.24755859375,2.4865446716899877e-05,324810.67662805534,18.796249088,0.7600128735961502,
35860,2.99609375,2.475780409041981e-05,324810.891521517,18.801491968,0.10243530980321465,
35870,3.015625,2.46501614639397e-05,324806.87392416515,18.806734848,0.1051316013483306,
35880,3.140625,2.454251883745964e-05,324809.9810283356,18.811977728,0.11391786559500884,
35890,1.6796875,2.443487621097953e-05,324812.9511168272,18.817220608,0.11719609303520907,
35900,3.1953125,2.4327233584499466e-05,324812.6340292482,18.822463488,0.10356102869367893,
35910,3.20703125,2.4219590958019356e-05,324815.61463124753,18.827706368,0.1011930638882142,
35920,3.203125,2.411194833153929e-05,324818.71096953534,18.832949248,0.0990099311434525,
35930,3.2265625,2.4004305705059184e-05,324794.03785571235,18.838192128,0.10036885749975799,
35940,1.623046875,2.3896663078579118e-05,324797.29323064705,18.843435008,0.08987328838244947,
35950,2.056640625,2.3789020452099055e-05,324760.7035070815,18.848677888,0.1198543362301409,
35960,2.9453125,2.3681377825618945e-05,324763.8998413353,18.853920768,0.10260991046260229,
35970,2.78515625,2.357373519913888e-05,324766.1268343223,18.859163648,0.10827404789225756,
35980,2.578125,2.3466092572658773e-05,324749.02649350924,18.864406528,0.12214419967185927,
35990,1.904296875,2.3358449946178707e-05,324744.74253548204,18.869649408,0.1268410631213043,
36000,3.0859375,2.3250807319698597e-05,324747.99963572714,18.874892288,0.10681385858039551,
36000,,,,,,0.0
36010,1.693359375,2.3143164693218534e-05,324695.4473675794,18.880135168,0.09357563443931588,
36020,2.51171875,2.3035522066738424e-05,324696.4258827819,18.885378048,0.10994400477664273,
36030,3.13671875,2.2927879440258358e-05,324699.64750259294,18.890620928,0.10108757395346556,
36040,2.73046875,2.282023681377825e-05,324702.8713042531,18.895863808,0.11134190586362608,
36050,2.66015625,2.2712594187298185e-05,324706.09322713513,18.901106688,0.10539136766670068,
36060,3.203125,2.260495156081808e-05,324701.7618153524,18.906349568,0.10342368605705657,
36070,3.2421875,2.2497308934338013e-05,324705.05308632983,18.911592448,0.11052056861787812,
36080,3.1484375,2.2389666307857903e-05,324708.3166815558,18.916835328,0.10529096154702783,
36090,3.18359375,2.228202368137784e-05,324711.58769125707,18.922078208,0.10732437606836012,
36100,2.40625,2.217438105489773e-05,324705.1165835463,18.927321088,0.45430710097790816,
36110,3.328125,2.2066738428417664e-05,324703.1565802585,18.932563968,0.10287484888881615,
36120,3.23828125,2.1959095801937558e-05,324697.46154130757,18.937806848,0.10567047621292544,
36130,3.05859375,2.1851453175457492e-05,324700.5147357576,18.943049728,0.10500069081425771,
36140,2.59375,2.1743810548977385e-05,324703.77750546066,18.948292608,0.11143430829683158,
36150,3.15625,2.163616792249732e-05,324706.97930288967,18.953535488,0.1070404295061428,
36160,3.1640625,2.152852529601721e-05,324710.16835283686,18.958778368,0.10022890894159205,
36170,3.265625,2.1420882669537147e-05,324711.5143600998,18.964021248,0.1009336395030541,
36180,3.31640625,2.1313240043057037e-05,324710.4351538954,18.969264128,0.10143414297453487,
36190,3.140625,2.120559741657697e-05,324713.60507030785,18.974507008,0.09736540955294998,
36200,2.81640625,2.1097954790096864e-05,324709.0337150867,18.979749888,0.18772776888376694,
36210,3.296875,2.0990312163616798e-05,324712.25505151146,18.984992768,0.10285301024064634,
36220,2.74609375,2.0882669537136688e-05,324715.47229557927,18.990235648,0.0956570245944029,
36230,3.01953125,2.0775026910656626e-05,324718.6346542017,18.995478528,0.1020362006498159,
36240,1.78125,2.0667384284176516e-05,324721.77353904315,19.000721408,0.09334914221777495,
36250,3.15625,2.0559741657696453e-05,324723.65008833737,19.005964288,0.10547147554281697,
36260,2.65625,2.0452099031216343e-05,324726.8375362735,19.011207168,0.1180369676790649,
36270,1.873046875,2.0344456404736277e-05,324729.9672332616,19.016450048,0.1184345909774128,
36280,3.1484375,2.023681377825617e-05,324733.19204133825,19.021692928,0.10549908367125574,
36290,0.814453125,2.0129171151776104e-05,324736.28624194657,19.026935808,0.3386448691144508,
36300,3.1796875,2.0021528525295994e-05,324733.17823634134,19.032178688,0.121732079608301,
36310,3.09375,1.9913885898815932e-05,324736.4045713974,19.037421568,0.10241929941939187,
36320,3.2734375,1.9806243272335866e-05,324739.5655460589,19.042664448,0.10098662243733958,
36330,3.2109375,1.969860064585576e-05,324742.72443555214,19.047907328,0.10064300952110142,
36340,2.74609375,1.9590958019375693e-05,324745.8675171081,19.053150208,0.13604978188567576,
36350,3.14453125,1.9483315392895583e-05,324748.97094172274,19.058393088,0.1038131158284904,
36360,3.171875,1.937567276641552e-05,324752.1484557676,19.063635968,0.13527063077674037,
36370,2.55078125,1.926803013993541e-05,324755.2518041051,19.068878848,0.10244023922243313,
36380,3.0703125,1.9160387513455348e-05,324745.1353162662,19.074121728,0.09908860777868661,
36390,2.7265625,1.9052744886975238e-05,324735.1983450082,19.079364608,0.11091641259669384,
36400,2.5703125,1.8945102260495172e-05,324734.6223807511,19.084607488,0.1092306035292563,
36410,3.078125,1.8837459634015066e-05,324723.0107847498,19.089850368,0.09834521191517036,
36420,3.18359375,1.8729817007535e-05,324701.9497614908,19.095093248,0.09597713888801881,
36430,3.19921875,1.862217438105489e-05,324693.72432446934,19.100336128,0.10303061631810326,
36440,1.681640625,1.8514531754574827e-05,324693.5714059734,19.105579008,0.09693063910894181,
36450,3.2109375,1.8406889128094717e-05,324696.70293590944,19.110821888,0.10852222752634083,
36460,1.94921875,1.8299246501614655e-05,324698.74927704094,19.116064768,0.1439473712333477,
36470,2.3046875,1.8191603875134545e-05,324701.9020463745,19.121307648,0.10748583274425844,
36480,3.296875,1.808396124865448e-05,324700.8202628265,19.126550528,0.10446066127425127,
36490,3.1640625,1.7976318622174372e-05,324703.9462766815,19.131793408,0.09825004212765381,
36500,3.18359375,1.7868675995694306e-05,324707.08075617027,19.137036288,0.10248300762079882,
36500,,,,,,0.0
36510,3.31640625,1.7761033369214196e-05,324705.35525216494,19.142279168,0.10024976910091372,
36520,3.125,1.7653390742734134e-05,324708.5277955341,19.147522048,0.10064094001731491,
36530,3.1640625,1.7545748116254024e-05,324709.1029776309,19.152764928,0.10366834513560465,
36540,1.80078125,1.743810548977396e-05,324712.3021707076,19.158007808,0.09376592866752237,
36550,1.9375,1.733046286329385e-05,324715.41217469756,19.163250688,0.12517378163624404,
36560,2.53515625,1.7222820236813785e-05,324714.18264958303,19.168493568,0.10794335744671107,
36570,3.26953125,1.711517761033368e-05,324713.40555079916,19.173736448,0.10020148837391125,
36580,3.1484375,1.7007534983853612e-05,324716.1355082742,19.178979328,0.1006905900627481,
36590,3.234375,1.6899892357373502e-05,324718.72688131814,19.184222208,0.09765920836886918,
36600,3.29296875,1.679224973089344e-05,324721.8291229551,19.189465088,0.10683996484892615,
36610,3.28125,1.668460710441333e-05,324724.91134147445,19.194707968,0.10550441310873843,
36620,3.3671875,1.6576964477933264e-05,324728.08337600186,19.199950848,0.10157194089305668,
36630,3.421875,1.6469321851453157e-05,324722.3928369923,19.205193728,0.11571759582565486,
36640,3.16796875,1.636167922497309e-05,324725.63138636557,19.210436608,0.10140974906753628,
36650,2.62109375,1.6254036598492985e-05,324728.7999041362,19.215679488,0.11266450613023613,
36660,3.1171875,1.614639397201292e-05,324722.0365860394,19.220922368,0.10270293658190763,
36670,2.625,1.603875134553281e-05,324725.19563210674,19.226165248,0.32324367278586746,
36680,3.28515625,1.5931108719052746e-05,324728.31023502717,19.231408128,0.10222946958331623,
36690,3.140625,1.582346609257268e-05,324731.42385076074,19.236651008,0.10032298707751508,
36700,2.45703125,1.571582346609257e-05,324734.6024631119,19.241893888,0.10161997529486777,
36710,3.078125,1.5608180839612508e-05,324737.7566817265,19.247136768,0.10531545841361198,
36720,1.826171875,1.5500538213132398e-05,324740.87925096834,19.252379648,0.12049061668080742,
36730,2.69921875,1.5392895586652335e-05,324744.0160316156,19.257622528,0.11365569060207373,
36740,3.30078125,1.5285252960172225e-05,324747.1554192712,19.262865408,0.10460708069891356,
36750,2.7109375,1.5177610333692161e-05,324750.2976038364,19.268108288,0.11332576732141879,
36760,3.12890625,1.5069967707212051e-05,324753.43881022255,19.273351168,0.11328999502028127,
36770,3.43359375,1.4962325080731987e-05,324747.69740016485,19.278594048,0.12529487973189693,
36780,3.12109375,1.4854682454251878e-05,324750.795510618,19.283836928,0.1008350955817133,
36790,3.234375,1.4747039827771814e-05,324753.8128778748,19.289079808,0.09770267804471333,
36800,3.08203125,1.4639397201291704e-05,324749.0383522355,19.294322688,0.09998301769047487,
36810,1.681640625,1.453175457481164e-05,324752.16624343797,19.299565568,0.10884890821176742,
36820,1.779296875,1.4424111948331531e-05,324755.21572098386,19.304808448,0.10973159268251145,
36830,3.21875,1.4316469321851467e-05,324758.3248708649,19.310051328,0.10332880425862975,
36840,3.19140625,1.4208826695371357e-05,324761.4182787827,19.315294208,0.1037514082329392,
36850,3.3359375,1.4101184068891293e-05,324764.5155110591,19.320537088,0.09891122899560888,
36860,3.1953125,1.3993541442411185e-05,324766.7595789058,19.325779968,0.1009331955818539,
36870,1.921875,1.388589881593112e-05,324766.911377627,19.331022848,0.13563346584178068,
36880,3.10546875,1.377825618945101e-05,324767.2189062418,19.336265728,0.1006388852547182,
36890,1.734375,1.3670613562970946e-05,324770.1133977443,19.341508608,0.11464480570384804,
36900,2.3203125,1.3562970936490838e-05,324760.7303601572,19.346751488,0.09749379648771454,
36910,3.1015625,1.3455328310010774e-05,324763.91546546936,19.351994368,0.09657966785134066,
36920,3.1953125,1.3347685683530664e-05,324766.9684437251,19.357237248,0.10305323299170252,
36930,3.2265625,1.32400430570506e-05,324770.056074561,19.362480128,0.10247469253453056,
36940,3.21484375,1.3132400430570491e-05,324773.1681559839,19.367723008,0.09811397199496368,
36950,3.16796875,1.3024757804090427e-05,324776.290143705,19.372965888,0.10082736153884288,
36960,3.125,1.2917115177610317e-05,324779.3785816909,19.378208768,0.1008171016528739,
36970,3.33984375,1.2809472551130252e-05,324782.4517324003,19.383451648,0.1376790481769743,
36980,2.5859375,1.2701829924650144e-05,324785.5692431559,19.388694528,0.11260249601519462,
36990,3.1171875,1.259418729817008e-05,324788.6909391606,19.393937408,0.1007538577714926,
37000,3.29296875,1.248654467168997e-05,324783.3269078984,19.399180288,0.10779450083151099,
37000,,,,,,0.0
37010,3.3359375,1.2378902045209906e-05,324721.8348540717,19.404423168,0.16250953852088398,
37020,3.19921875,1.2271259418729797e-05,324724.9032415061,19.409666048,0.09976833288352567,
37030,3.18359375,1.2163616792249733e-05,324725.1546183365,19.414908928,0.10361921932573917,
37040,2.6875,1.2055974165769623e-05,324728.28619447263,19.420151808,0.11136363957592908,
37050,2.06640625,1.1948331539289559e-05,324718.3346941151,19.425394688,0.10078515979285774,
37060,2.46875,1.1840688912809495e-05,324721.38340021216,19.430637568,0.13222752941629973,
37070,2.80859375,1.1733046286329386e-05,324719.2504854249,19.435880448,0.09693211221370639,
37080,1.46875,1.162540365984932e-05,324722.2886572616,19.441123328,0.09342686862495003,
37090,3.0703125,1.1517761033369212e-05,324725.4297660503,19.446366208,0.09844081730430487,
37100,3.140625,1.1410118406889148e-05,324728.5412599843,19.451609088,0.10773464100284687,
37110,3.1875,1.130247578040904e-05,324731.6678817612,19.456851968,0.09832182525370288,
37120,2.5390625,1.1194833153928973e-05,324734.8002348695,19.462094848,0.11119193446749348,
37130,3.1171875,1.1087190527448865e-05,324737.8479955353,19.467337728,0.10005772606909179,
37140,3.27734375,1.0979547900968801e-05,324738.6051155336,19.472580608,0.09952240574994643,
37150,3.04296875,1.0871905274488693e-05,324741.6809286911,19.477823488,0.09810620133439234,
37160,3.2265625,1.0764262648008627e-05,324735.8419803884,19.483066368,0.10087781561447584,
37170,3.1640625,1.0656620021528518e-05,324738.89653841144,19.488309248,0.10251471287657365,
37180,3.13671875,1.0548977395048454e-05,324742.00154690014,19.493552128,0.099027268089479,
37190,3.26171875,1.0441334768568344e-05,324745.03714752104,19.498795008,0.09759746465901718,
37200,1.572265625,1.033369214208828e-05,324748.1044565313,19.504037888,0.09213118440857054,
37210,3.1796875,1.0226049515608172e-05,324751.14198395726,19.509280768,0.10933760824669517,
37220,1.75,1.0118406889128107e-05,324754.223673365,19.514523648,0.0946658191835269,
37230,3.26171875,1.0010764262647997e-05,324734.277203675,19.519766528,0.10067036229118394,
37240,2.67578125,9.903121636167933e-06,324737.40246742754,19.525009408,0.11291181661926619,
37250,1.7734375,9.795479009687825e-06,324740.35179635993,19.530252288,0.1204708378308851,
37260,1.939453125,9.68783638320776e-06,324743.30319178075,19.535495168,0.12469727707582678,
37270,3.21875,9.58019375672765e-06,324746.2785265931,19.540738048,0.10318103888219231,
37280,3.07421875,9.472551130247586e-06,324749.2376456534,19.545980928,0.10463056804411842,
37290,2.4296875,9.364908503767478e-06,324747.63863147306,19.551223808,0.11640589963959233,
37300,3.1640625,9.257265877287414e-06,324750.7265686404,19.556466688,0.10344225362700986,
37310,2.64453125,9.149623250807304e-06,324753.7818190253,19.561709568,0.11150278113417211,
37320,2.82421875,9.04198062432724e-06,324756.77984004683,19.566952448,0.0967310639794059,
37330,3.046875,8.934337997847131e-06,324759.38763979735,19.572195328,0.09757327844344534,
37340,3.12890625,8.826695371367067e-06,324762.4101764413,19.577438208,0.0982575074442939,
37350,1.470703125,8.719052744886957e-06,324764.8809912452,19.582681088,0.10500467529372563,
37360,3.14453125,8.611410118406893e-06,324767.898097303,19.587923968,0.10219578588239227,
37370,3.13671875,8.503767491926784e-06,324771.01745915523,19.593166848,0.09818855849358177,
37380,3.23828125,8.39612486544672e-06,324773.96268036653,19.598409728,0.10291816803242726,
37390,3.10546875,8.28848223896661e-06,324776.6589604886,19.603652608,0.10246262916493681,
37400,3.12109375,8.180839612486546e-06,324779.5576654087,19.608895488,0.10638137696587954,
37410,3.39453125,8.073196986006437e-06,324782.08533232275,19.614138368,0.10007294073249254,
37420,1.486328125,7.965554359526373e-06,324784.99402394745,19.619381248,0.1084299087778671,
37430,3.1796875,7.857911733046309e-06,324788.0083415416,19.624624128,0.1740610618699012,
37440,3.16796875,7.750269106566199e-06,324790.9633824222,19.629867008,0.10686535599902752,
37450,1.767578125,7.642626480086135e-06,324793.9304523801,19.635109888,0.1271726907687781,
37460,3.046875,7.5349838536060254e-06,324796.87348710315,19.640352768,0.10495714045101685,
37470,1.80859375,7.427341227125961e-06,324793.88785931736,19.645595648,0.09572937735822828,
37480,3.1328125,7.319698600645852e-06,324792.94545544946,19.650838528,0.10605629986584944,
37490,3.1796875,7.212055974165788e-06,324793.04668494815,19.656081408,0.12406598055530339,
37500,2.55859375,7.104413347685679e-06,324795.954585313,19.661324288,0.11248285799896211,
37500,,,,,,0.0
37510,3.1953125,6.996770721205614e-06,324798.9107036983,19.666567168,0.09852400749972845,
37520,3.23046875,6.889128094725505e-06,324796.5292174908,19.671810048,0.1000018821087686,
37530,3.29296875,6.781485468245441e-06,324793.89687353524,19.677052928,0.10654489048047902,
37540,3.140625,6.673842841765332e-06,324796.89500714827,19.682295808,0.09908820106605179,
37550,2.82421875,6.5662002152852675e-06,324799.79964962276,19.687538688,0.09754821345729853,
37560,1.73828125,6.458557588805158e-06,324797.86382200813,19.692781568,0.09175908072124293,
37570,3.1484375,6.350914962325094e-06,324800.8987114159,19.698024448,0.1016904230268108,
37580,3.07421875,6.243272335844985e-06,324803.8769201218,19.703267328,0.09975376280790946,
37590,3.23828125,6.135629709364921e-06,324806.88344531605,19.708510208,0.09727079929241811,
37600,1.341796875,6.0279870828848115e-06,324809.90443486057,19.713753088,0.10401890764451871,
37610,2.60546875,5.920344456404747e-06,324804.6989259655,19.718995968,0.11627752036798898,
37620,3.14453125,5.812701829924638e-06,324804.4386497064,19.724238848,0.10805417967761209,
37630,3.20703125,5.705059203444574e-06,324807.48558076116,19.729481728,0.10044620010944892,
37640,1.822265625,5.597416576964465e-06,324808.18796127615,19.734724608,0.10941825552236292,
37650,3.2421875,5.4897739504844005e-06,324811.09953928494,19.739967488,0.1011225085399336,
37660,3.05859375,5.382131324004291e-06,324814.112514049,19.745210368,0.10955693450102064,
37670,3.19921875,5.274488697524227e-06,324817.1017343323,19.750453248,0.102200675666854,
37680,2.55078125,5.166846071044118e-06,324820.14734706987,19.755696128,0.11211164036029667,
37690,2.66796875,5.059203444564054e-06,324823.0923923797,19.760939008,0.10937809757347912,
37700,1.59375,4.9515608180839445e-06,324826.0996721611,19.766181888,0.15261877709133836,
37710,3.1484375,4.84391819160388e-06,324829.1743736451,19.771424768,0.10096067617673678,
37720,3.1484375,4.736275565123771e-06,324832.1519769839,19.776667648,0.09910879232469419,
37730,3.12109375,4.628632938643707e-06,324835.1604642535,19.781910528,0.09977190753205291,
37740,3.171875,4.520990312163598e-06,324838.2160093542,19.787153408,0.11010148654803918,
37750,3.1875,4.413347685683533e-06,324841.1935318699,19.792396288,0.09814594450213963,
37760,2.4609375,4.305705059203424e-06,324844.23826433776,19.797639168,0.10366498884793438,
37770,3.20703125,4.19806243272336e-06,324847.25519337505,19.802882048,0.09962648128997187,
37780,2.69140625,4.090419806243251e-06,324850.09022182797,19.808124928,0.11483695471380162,
37790,3.17578125,3.9827771797631866e-06,324853.0566405828,19.813367808,0.10473664244372638,
37800,2.3515625,3.8751345532831214e-06,324839.463103241,19.818610688,0.12712871043579954,
37810,1.689453125,3.7674919268030127e-06,324842.5671163312,19.823853568,0.12148782775246482,
37820,3.08984375,3.6598493003229485e-06,324845.6698264076,19.829096448,0.10000841872662095,
37830,3.04296875,3.5522066738428393e-06,324848.66092084657,19.834339328,0.10754740349652793,
37840,3.1796875,3.444564047362775e-06,324851.78566128877,19.839582208,0.10944428965296785,
37850,3.14453125,3.336921420882666e-06,324854.79086037807,19.844825088,0.10111926708030226,
37860,3.14453125,3.2292787944026016e-06,324857.76239264186,19.850067968,0.10304397698824634,
37870,3.19140625,3.1216361679224925e-06,324860.7629212022,19.855310848,0.09816737716788333,
37880,3.15625,3.0139935414424282e-06,324863.7626975867,19.860553728,0.10224102218435108,
37890,3.15625,2.906350914962319e-06,324866.7339632569,19.865796608,0.11845629764140453,
37900,2.5234375,2.798708288482255e-06,324869.7413612792,19.871039488,0.11877187830441008,
37910,3.12109375,2.6910656620021456e-06,324872.69780146866,19.876282368,0.11002995188887951,
37920,1.794921875,2.5834230355220814e-06,324875.65908609127,19.881525248,0.09111648736256553,
37930,3.11328125,2.4757804090419722e-06,324878.64828441315,19.886768128,0.09830807665924328,
37940,3.1875,2.368137782561908e-06,324881.7177811464,19.892011008,0.11582259636662443,
37950,3.10546875,2.260495156081799e-06,324884.7320889153,19.897253888,0.09848073367873332,
37960,3.125,2.152852529601734e-06,324882.9088093812,19.902496768,0.1036839844779238,
37970,3.234375,2.0452099031216254e-06,324885.8498379635,19.907739648,0.101400160160062,
37980,3.0859375,1.9375672766415607e-06,324888.77277125145,19.912982528,0.1026062694467108,
37990,3.109375,1.829924650161452e-06,324891.7100825355,19.918225408,0.10093180703511477,
38000,3.12109375,1.7222820236813875e-06,324894.54051763925,19.923468288,0.11764638341729974,
38000,,,,,,0.0
38010,3.0703125,1.6146393972012786e-06,324851.6258997721,19.928711168,0.11166501479627498,
38020,3.2109375,1.5069967707212141e-06,324854.60223784007,19.933954048,0.1018798153627179,
38030,1.611328125,1.3993541442411052e-06,324857.4891966453,19.939196928,0.09768949515460028,
38040,3.23828125,1.2917115177610407e-06,324860.35250544373,19.944439808,0.11565021967106177,
38050,1.69140625,1.1840688912809318e-06,324863.2694326903,19.949682688,0.09151037499744565,
38060,2.546875,1.076426264800867e-06,324866.1855289049,19.954925568,0.10258759641933353,
38070,3.2109375,9.687836383207583e-07,324869.11601828376,19.960168448,0.10043555228451279,
38080,3.1796875,8.611410118406938e-07,324872.0301217113,19.965411328,0.10635531908909315,
38090,1.724609375,7.534983853605848e-07,324874.88374901743,19.970654208,0.12663323724671793,
38100,3.20703125,6.458557588805203e-07,324877.8984247712,19.975897088,0.10387010035736964,
38110,1.453125,5.382131324004114e-07,324880.6677899602,19.981139968,0.09998336602893566,
38120,3.05859375,4.305705059203469e-07,324883.6555560732,19.986382848,0.10244779287952853,
38130,3.17578125,3.2292787944023794e-07,324886.4954207799,19.991625728,0.10164125081419892,
38140,3.23046875,2.1528525296017344e-07,324889.44083255547,19.996868608,0.1036188067325045,
38150,1.31640625,1.0764262648006451e-07,324892.1212214098,20.002111488,0.09756118220272085,
