step,train/nll,train/sparsity_loss,train/total_loss,train/lr,train/predictor_lr,train/tokens_per_sec,train/tokens_seen_B,grad/base_norm,grad/predictor_norm,schedule/tau,schedule/lambda,train/use_dagformer,eval/nll_soft,eval/nll_hard,eval/nll_baseline
31010,1.63525390625,0.0,1.63525390625,7.696447793326157e-05,3.848223896663079e-05,120592.63494286934,16.258695168,0.10444262850523121,0.16269909361183707,0.6039242393762775,0.01,1.0,,,
31020,3.0732421875,0.0,3.0732421875,7.685683530678148e-05,3.842841765339074e-05,118528.97234651298,16.263938048,0.09716058232424393,0.13981876203320615,0.6028278719357203,0.01,1.0,,,
31030,3.0439453125,0.0,3.0439453125,7.674919268030141e-05,3.8374596340150704e-05,117161.11006315649,16.269180928,0.09279628428915597,0.16552762165982332,0.601732858120532,0.01,1.0,,,
31040,2.5712890625,0.0,2.5712890625,7.66415500538213e-05,3.832077502691065e-05,114661.65266062538,16.274423808,0.10263021608918094,0.1371307890457545,0.6006391986728834,0.01,1.0,,,
31050,3.212890625,0.0,3.212890625,7.653390742734123e-05,3.8266953713670614e-05,115898.33994402076,16.279666688,0.09674663257357836,0.19124329675651047,0.5995468943340228,0.01,1.0,,,
31060,2.9873046875,0.0,2.9873046875,7.642626480086112e-05,3.821313240043056e-05,114065.43170329765,16.284909568,0.09928713249383489,0.15957286606434162,0.5984559458442837,0.01,1.0,,,
31070,2.9833984375,0.0,2.9833984375,7.631862217438106e-05,3.815931108719053e-05,113694.43729412748,16.290152448,0.19919450362991797,0.27226047761154215,0.5973663539430786,0.01,1.0,,,
31080,1.73876953125,0.0,1.73876953125,7.621097954790095e-05,3.8105489773950477e-05,113998.31632654165,16.295395328,0.13646191573432673,0.135370510814364,0.5962781193689023,0.01,1.0,,,
31090,3.0703125,0.0,3.0703125,7.610333692142088e-05,3.805166846071044e-05,114893.68290988194,16.300638208,0.09534296237908924,0.16590812685737807,0.5951912428593273,0.01,1.0,,,
31100,1.84130859375,0.0,1.84130859375,7.599569429494083e-05,3.7997847147470414e-05,115617.89880111984,16.305881088,0.12124816445617981,0.16737396516359992,0.5941057251510091,0.01,1.0,,,
31110,3.1298828125,0.0,3.1298828125,7.588805166846072e-05,3.794402583423036e-05,116421.1660479848,16.311123968,0.09693874106952684,0.16418625898318281,0.593021566979678,0.01,1.0,,,
31120,3.0693359375,0.0,3.0693359375,7.578040904198065e-05,3.7890204520990324e-05,117148.29140761534,16.316366848,0.09274183607548808,0.15280379877711744,0.5919387690801461,0.01,1.0,,,
31130,3.0400390625,0.0,3.0400390625,7.567276641550054e-05,3.783638320775027e-05,117763.16790712129,16.321609728,0.09306372538596822,0.15154754597848022,0.5908573321863015,0.01,1.0,,,
31140,3.0703125,0.0,3.0703125,7.556512378902047e-05,3.7782561894510235e-05,117957.32752527087,16.326852608,0.09622967252756628,0.1797399018285531,0.5897772570311121,0.01,1.0,,,
31150,1.63916015625,0.0,1.63916015625,7.545748116254037e-05,3.7728740581270186e-05,117939.6233885223,16.332095488,0.11260171806749064,0.1491036952462145,0.588698544346621,0.01,1.0,,,
31160,2.94140625,0.0,2.94140625,7.53498385360603e-05,3.767491926803015e-05,117330.79887003606,16.337338368,0.0951069705397969,0.12392951638547912,0.5876211948639474,0.01,1.0,,,
31170,1.55859375,0.0,1.55859375,7.52421959095802e-05,3.76210979547901e-05,117598.44327185817,16.342581248,0.09119300141647499,0.13607202328708462,0.5865452093132892,0.01,1.0,,,
31180,1.9794921875,0.0,1.9794921875,7.513455328310012e-05,3.756727664155006e-05,118012.80978126191,16.347824128,0.09136015524948926,0.1682272187331269,0.5854705884239166,0.01,1.0,,,
31190,2.29248046875,0.0,2.29248046875,7.502691065662001e-05,3.751345532831001e-05,118388.77541532562,16.353067008,0.08934383153904714,0.16429033419217356,0.584397332924178,0.01,1.0,,,
31200,3.060546875,0.0,3.060546875,7.491926803013996e-05,3.745963401506998e-05,118616.4598564171,16.358309888,0.09265162671201287,0.20673779250738672,0.5833254435414934,0.01,1.0,,,
31210,2.974609375,0.0,2.974609375,7.481162540365985e-05,3.7405812701829924e-05,118934.94245520033,16.363552768,0.09985436078982848,0.15854463276094208,0.5822549210023603,0.01,1.0,,,
31220,2.3134765625,0.0,2.3134765625,7.470398277717978e-05,3.735199138858989e-05,119147.66480911417,16.368795648,0.08597962667934782,0.1305766773399525,0.5811857660323454,0.01,1.0,,,
31230,3.1923828125,0.0,3.1923828125,7.459634015069967e-05,3.7298170075349835e-05,119143.56070922987,16.374038528,0.09455653864260075,0.13346279053893823,0.5801179793560929,0.01,1.0,,,
31240,2.982421875,0.0,2.982421875,7.448869752421961e-05,3.724434876210981e-05,119348.58624303002,16.379281408,0.09182022224716833,0.1410264194681799,0.5790515616973164,0.01,1.0,,,
31250,3.2265625,0.0,3.2265625,7.43810548977395e-05,3.719052744886975e-05,119022.56051730968,16.384524288,0.09912556817799706,0.17636966826789421,0.5779865137788038,0.01,1.0,,,
31260,1.59326171875,0.0,1.59326171875,7.427341227125943e-05,3.713670613562972e-05,119126.27441203778,16.389767168,0.0972691993830449,0.17042683393614072,0.5769228363224133,0.01,1.0,,,
31270,3.177734375,0.0,3.177734375,7.416576964477932e-05,3.708288482238966e-05,119251.5352918032,16.395010048,0.09013849719890854,0.1501191261940468,0.5758605300490748,0.01,1.0,,,
31280,2.9970703125,0.0,2.9970703125,7.405812701829927e-05,3.7029063509149634e-05,118725.10647447343,16.400252928,0.09227339270642218,0.143817914362183,0.5747995956787878,0.01,1.0,,,
31290,1.908203125,0.0,1.908203125,7.395048439181916e-05,3.697524219590958e-05,118365.65599899476,16.405495808,0.09159948620701966,0.15774856391678793,0.5737400339306242,0.01,1.0,,,
31300,3.1044921875,0.0,3.1044921875,7.384284176533909e-05,3.6921420882669544e-05,118249.52206132379,16.410738688,0.09304774514885997,0.16152915451783256,0.5726818455227232,0.01,1.0,,,
31310,3.0693359375,0.0,3.0693359375,7.373519913885898e-05,3.686759956942949e-05,118318.84449183047,16.415981568,0.09321154292885078,0.16061547315349425,0.5716250311722952,0.01,1.0,,,
31320,3.0673828125,0.0,3.0673828125,7.362755651237891e-05,3.6813778256189455e-05,118321.79833800043,16.421224448,0.09021778879637794,0.11229937046907215,0.5705695915956177,0.01,1.0,,,
31330,3.044921875,0.0,3.044921875,7.35199138858988e-05,3.67599569429494e-05,118451.65602665315,16.426467328,0.09468691836482987,0.16262370787691158,0.5695155275080371,0.01,1.0,,,
31340,3.2451171875,0.0,3.2451171875,7.341227125941874e-05,3.670613562970937e-05,118480.90399790536,16.431710208,0.09521292455661644,0.16697473117851702,0.5684628396239673,0.01,1.0,,,
31350,2.5810546875,0.0,2.5810546875,7.330462863293863e-05,3.665231431646932e-05,118577.74717695068,16.436953088,0.1028946187512044,0.10750598153460095,0.5674115286568899,0.01,1.0,,,
31360,3.068359375,0.0,3.068359375,7.319698600645856e-05,3.659849300322928e-05,118272.57667843545,16.442195968,0.09104364021257533,0.1779776456297816,0.5663615953193528,0.01,1.0,,,
31370,3.1943359375,0.0,3.1943359375,7.308934337997845e-05,3.654467168998923e-05,118338.300805623,16.447438848,0.09160221702635155,0.12803867962083798,0.5653130403229709,0.01,1.0,,,
31380,1.951171875,0.0,1.951171875,7.29817007534984e-05,3.64908503767492e-05,118489.42791716724,16.452681728,0.11105186985714421,0.1608978585112598,0.564265864378424,0.01,1.0,,,
31390,3.021484375,0.0,3.021484375,7.287405812701829e-05,3.6437029063509144e-05,118495.61832971411,16.457924608,0.09642305241451395,0.1239247008001666,0.5632200681954571,0.01,1.0,,,
31400,1.6513671875,0.0,1.6513671875,7.276641550053822e-05,3.638320775026911e-05,118315.543991301,16.463167488,0.11454142843621663,0.19116438509925193,0.5621756524828816,0.01,1.0,,,
31410,3.201171875,0.0,3.201171875,7.265877287405811e-05,3.6329386437029055e-05,118330.25188624999,16.468410368,0.09570476457697225,0.12150133356061682,0.5611326179485709,0.01,1.0,,,
31420,1.35498046875,0.0,1.35498046875,7.255113024757805e-05,3.627556512378903e-05,118498.72355321662,16.473653248,0.09216921495999987,0.13392068490032877,0.560090965299465,0.01,1.0,,,
31430,3.1044921875,0.0,3.1044921875,7.244348762109794e-05,3.622174381054897e-05,118553.57483287471,16.478896128,0.0964356155570682,0.18193413417099943,0.559050695241565,0.01,1.0,,,
31440,1.822265625,0.0,1.822265625,7.233584499461787e-05,3.616792249730894e-05,118462.07739126746,16.484139008,0.10979295654033625,0.11697099654793754,0.5580118084799363,0.01,1.0,,,
31450,3.013671875,0.0,3.013671875,7.222820236813776e-05,3.611410118406888e-05,118199.90874475866,16.489381888,0.090314828454012,0.16461137093103484,0.5569743057187052,0.01,1.0,,,
31460,3.0517578125,0.0,3.0517578125,7.21205597416577e-05,3.606027987082885e-05,117908.24671444377,16.494624768,0.0928733189366788,0.1045008406694293,0.555938187661062,0.01,1.0,,,
31470,1.81298828125,0.0,1.81298828125,7.20129171151776e-05,3.60064585575888e-05,118044.28712756585,16.499867648,0.10909114767019616,0.2178867303705285,0.5549034550092568,0.01,1.0,,,
31480,2.4228515625,0.0,2.4228515625,7.190527448869753e-05,3.5952637244348764e-05,118118.40830790225,16.505110528,0.10059384618722372,0.1749299271600347,0.5538701084646023,0.01,1.0,,,
31490,2.5546875,0.0,2.5546875,7.179763186221746e-05,3.589881593110873e-05,118241.22174748579,16.510353408,0.10089235519254135,0.1441692070679405,0.5528381487274701,0.01,1.0,,,
31500,2.6806640625,0.0,2.6806640625,7.168998923573735e-05,3.5844994617868675e-05,118184.24111573191,16.515596288,0.08810950561788718,0.1461392547231302,0.551807576497293,0.01,1.0,,,
31500,,,,,,,,,,,,,0.0,0.0,0.0
31510,3.19921875,0.0,3.19921875,7.15823466092573e-05,3.579117330462865e-05,117752.16069711908,16.520839168,0.09516140131777448,0.12750788167783947,0.550778392472562,0.01,1.0,,,
31520,3.0126953125,0.0,3.0126953125,7.147470398277718e-05,3.573735199138859e-05,117725.14181556807,16.526082048,0.09350971617458652,0.1182593206543893,0.5497505973508297,0.01,1.0,,,
31530,2.962890625,0.0,2.962890625,7.136706135629711e-05,3.568353067814856e-05,117794.56319736212,16.531324928,0.10136460843292579,0.12845521160771353,0.5487241918287047,0.01,1.0,,,
31540,3.1728515625,0.0,3.1728515625,7.1259418729817e-05,3.56297093649085e-05,117763.11863820074,16.536567808,0.09129143035449439,0.14763280703223688,0.5476991766018559,0.01,1.0,,,
31550,3.0234375,0.0,3.0234375,7.115177610333695e-05,3.5575888051668474e-05,117848.75478234973,16.541810688,0.0935790804502191,0.16302485482550944,0.5466755523650076,0.01,1.0,,,
31560,3.1884765625,0.0,3.1884765625,7.104413347685684e-05,3.552206673842842e-05,117773.62864166088,16.547053568,0.09138443767988284,0.12462391413468327,0.5456533198119435,0.01,1.0,,,
31570,1.810546875,0.0,1.810546875,7.093649085037677e-05,3.5468245425188385e-05,117760.28585545177,16.552296448,0.15319669596530672,0.21363236186661155,0.5446324796355029,0.01,1.0,,,
31580,3.2080078125,0.0,3.2080078125,7.082884822389666e-05,3.541442411194833e-05,117878.44633499894,16.557539328,0.09520130562825603,0.18390308718403525,0.5436130325275822,0.01,1.0,,,
31590,3.1376953125,0.0,3.1376953125,7.072120559741659e-05,3.5360602798708295e-05,117967.0816394689,16.562782208,0.09185927994518067,0.14191080380581508,0.5425949791791325,0.01,1.0,,,
31600,1.86572265625,0.0,1.86572265625,7.061356297093648e-05,3.530678148546824e-05,118031.3212007995,16.568025088,0.11367759365498277,0.13873531593137878,0.5415783202801608,0.01,1.0,,,
31610,3.0048828125,0.0,3.0048828125,7.050592034445642e-05,3.525296017222821e-05,118139.68512259287,16.573267968,0.09315005770475447,0.12212516802570321,0.5405630565197297,0.01,1.0,,,
31620,3.0791015625,0.0,3.0791015625,7.039827771797631e-05,3.519913885898816e-05,118081.53931532208,16.578510848,0.0940067617638996,0.1505145323817576,0.5395491885859546,0.01,1.0,,,
31630,3.1796875,0.0,3.1796875,7.029063509149624e-05,3.514531754574812e-05,118000.40679909234,16.583753728,0.0910495631820077,0.15808637334234343,0.5385367171660067,0.01,1.0,,,
31640,2.9580078125,0.0,2.9580078125,7.018299246501613e-05,3.509149623250807e-05,118005.60147465624,16.588996608,0.09047526249290122,0.17304422777770256,0.5375256429461089,0.01,1.0,,,
31650,3.1689453125,0.0,3.1689453125,7.007534983853608e-05,3.503767491926804e-05,118069.76845274263,16.594239488,0.09509046630590742,0.15128673637645323,0.5365159666115397,0.01,1.0,,,
31660,1.4306640625,0.0,1.4306640625,6.996770721205597e-05,3.4983853606027984e-05,118076.3355588095,16.599482368,0.09360413964591889,0.16842861256163547,0.535507688846626,0.01,1.0,,,
31670,2.4228515625,0.0,2.4228515625,6.98600645855759e-05,3.493003229278795e-05,118086.86273228358,16.604725248,0.09306621230973865,0.12822559774686432,0.5345008103347508,0.01,1.0,,,
31680,3.0087890625,0.0,3.0087890625,6.975242195909579e-05,3.4876210979547895e-05,117996.62566640612,16.609968128,0.09573900948679095,0.14589374001263508,0.5334953317583466,0.01,1.0,,,
31690,1.7529296875,0.0,1.7529296875,6.964477933261573e-05,3.482238966630787e-05,118090.35306074303,16.615211008,0.10805730286419098,0.11700707735669322,0.5324912537988985,0.01,1.0,,,
31700,2.6875,0.0,2.6875,6.953713670613562e-05,3.476856835306781e-05,118148.25460474491,16.620453888,0.08982908547472195,0.12157118566544242,0.5314885771369404,0.01,1.0,,,
31710,1.41845703125,0.0,1.41845703125,6.942949407965555e-05,3.471474703982778e-05,118164.18713017087,16.625696768,0.09919355757139263,0.12687406003409774,0.5304873024520583,0.01,1.0,,,
31720,1.331298828125,0.0,1.331298828125,6.932185145317544e-05,3.466092572658772e-05,118239.77348542321,16.630939648,0.09481723631358079,0.15821865386233494,0.529487430422886,0.01,1.0,,,
31730,3.0576171875,0.0,3.0576171875,6.921420882669538e-05,3.460710441334769e-05,118301.6809852123,16.636182528,0.08997573314928228,0.13305463348353785,0.528488961727109,0.01,1.0,,,
31740,3.17578125,0.0,3.17578125,6.910656620021528e-05,3.455328310010764e-05,118272.86939031922,16.641425408,0.09199365497688472,0.12264366023033352,0.5274918970414594,0.01,1.0,,,
31750,3.0869140625,0.0,3.0869140625,6.899892357373521e-05,3.4499461786867605e-05,118346.68786857754,16.646668288,0.09771170534741495,0.19977500599023643,0.5264962370417197,0.01,1.0,,,
31760,1.60693359375,0.0,1.60693359375,6.88912809472551e-05,3.444564047362755e-05,118365.62158726952,16.651911168,0.08745672508450787,0.2115832469277353,0.5255019824027191,0.01,1.0,,,
31770,3.1015625,0.0,3.1015625,6.878363832077503e-05,3.4391819160387515e-05,118334.80904623048,16.657154048,0.09502607651473324,0.1158663273748254,0.5245091337983343,0.01,1.0,,,
31780,3.13671875,0.0,3.13671875,6.867599569429492e-05,3.433799784714746e-05,118327.89120671543,16.662396928,0.0914933128864555,0.1277002179037002,0.5235176919014891,0.01,1.0,,,
31790,1.83740234375,0.0,1.83740234375,6.856835306781486e-05,3.428417653390743e-05,118399.63054496761,16.667639808,0.10944866816634558,0.1383167999174431,0.522527657384155,0.01,1.0,,,
31800,2.544921875,0.0,2.544921875,6.846071044133475e-05,3.423035522066738e-05,118484.83389950123,16.672882688,0.10203277758199235,0.12991121899090027,0.5215390309173471,0.01,1.0,,,
31810,3.0810546875,0.0,3.0810546875,6.835306781485468e-05,3.417653390742734e-05,118415.16583537687,16.678125568,0.09016531464823088,0.11386715804139486,0.5205518131711295,0.01,1.0,,,
31820,3.0966796875,0.0,3.0966796875,6.824542518837457e-05,3.412271259418729e-05,118460.29856935368,16.683368448,0.09459235018372016,0.16317548066873439,0.5195660048146092,0.01,1.0,,,
31830,2.537109375,0.0,2.537109375,6.813778256189452e-05,3.406889128094726e-05,118501.21042110445,16.688611328,0.10070387714283781,0.15166613865670378,0.5185816065159379,0.01,1.0,,,
31840,2.9921875,0.0,2.9921875,6.803013993541441e-05,3.4015069967707205e-05,118511.3996478931,16.693854208,0.09297596993956493,0.1463310713330461,0.5175986189423127,0.01,1.0,,,
31850,3.0732421875,0.0,3.0732421875,6.792249730893434e-05,3.396124865446717e-05,118513.77444851333,16.699097088,0.09138674327038054,0.12686613835831423,0.516617042759974,0.01,1.0,,,
31860,3.0908203125,0.0,3.0908203125,6.781485468245427e-05,3.3907427341227135e-05,118512.8188359842,16.704339968,0.09531435490857305,0.13334637281059336,0.515636878634206,0.01,1.0,,,
31870,3.0634765625,0.0,3.0634765625,6.770721205597417e-05,3.385360602798709e-05,118512.21109631266,16.709582848,0.09983043595247558,0.1914583018510297,0.5146581272293355,0.01,1.0,,,
31880,3.1064453125,0.0,3.1064453125,6.75995694294941e-05,3.379978471474705e-05,118451.62343552786,16.714825728,0.09013963840509011,0.11566441565810992,0.5136807892087315,0.01,1.0,,,
31890,1.8115234375,0.0,1.8115234375,6.7491926803014e-05,3.3745963401507e-05,118318.3013239229,16.720068608,0.11229353014774797,0.14997546706769105,0.512704865234805,0.01,1.0,,,
31900,3.099609375,0.0,3.099609375,6.738428417653393e-05,3.369214208826696e-05,118251.04514723652,16.725311488,0.10081716799162661,0.149392285240655,0.5117303559690098,0.01,1.0,,,
31910,2.474609375,0.0,2.474609375,6.727664155005382e-05,3.363832077502691e-05,118140.91538283466,16.730554368,0.09350682784819613,0.1456933557990767,0.5107572620718391,0.01,1.0,,,
31920,3.2314453125,0.0,3.2314453125,6.716899892357376e-05,3.358449946178688e-05,118142.77242452666,16.735797248,0.09608444889763516,0.14228237192860407,0.509785584202829,0.01,1.0,,,
31930,3.1591796875,0.0,3.1591796875,6.706135629709365e-05,3.3530678148546825e-05,118120.81117760246,16.741040128,0.09076906923962484,0.13423247158536256,0.5088153230205541,0.01,1.0,,,
31940,3.0576171875,0.0,3.0576171875,6.695371367061358e-05,3.347685683530679e-05,118150.47575955604,16.746283008,0.10245005720220292,0.1443497058029214,0.5078464791826287,0.01,1.0,,,
31950,1.63427734375,0.0,1.63427734375,6.684607104413347e-05,3.3423035522066735e-05,118175.82347105586,16.751525888,0.14379659748182094,0.3522309485453591,0.5068790533457073,0.01,1.0,,,
31960,3.0869140625,0.0,3.0869140625,6.673842841765341e-05,3.336921420882671e-05,118226.35850216202,16.756768768,0.09097764035226101,0.21712008003415104,0.5059130461654834,0.01,1.0,,,
31970,3.080078125,0.0,3.080078125,6.66307857911733e-05,3.331539289558665e-05,118246.4531991144,16.762011648,0.09062860488259171,0.12751164706982235,0.5049484582966882,0.01,1.0,,,
31980,2.5693359375,0.0,2.5693359375,6.652314316469324e-05,3.326157158234662e-05,118246.032714894,16.767254528,0.100777360685377,0.12468919908967473,0.5039852903930929,0.01,1.0,,,
31990,3.1025390625,0.0,3.1025390625,6.641550053821313e-05,3.320775026910656e-05,118267.1829028694,16.772497408,0.09303010981984115,0.18900433837307865,0.5030235431075024,0.01,1.0,,,
32000,3.1015625,0.0,3.1015625,6.630785791173306e-05,3.315392895586653e-05,118254.54706041633,16.777740288,0.1054183991854991,0.17643605769236698,0.5020632170917627,0.01,1.0,,,
32000,,,,,,,,,,,,,0.0,0.0,0.0
32010,3.0087890625,0.0,3.0087890625,6.620021528525296e-05,3.310010764262648e-05,118063.8972330535,16.782983168,0.10205415735211817,0.12934102378391962,0.5011043129967542,0.01,1.0,,,
32020,2.5703125,0.0,2.5703125,6.609257265877289e-05,3.3046286329386445e-05,118098.73104991234,16.788226048,0.10486353675109683,0.15102361521197125,0.5001468314723951,0.01,1.0,,,
32030,1.669921875,0.0,1.669921875,6.598493003229278e-05,3.299246501614639e-05,118164.0469408876,16.793468928,0.1339573412515602,0.16162336532826782,0.49919077316763794,0.01,1.0,,,
32040,1.8583984375,0.0,1.8583984375,6.587728740581271e-05,3.2938643702906355e-05,118191.44468533913,16.798711808,0.11328807262358433,0.1373340268741893,0.4982361387304718,0.01,1.0,,,
32050,2.90625,0.0,2.90625,6.57696447793326e-05,3.28848223896663e-05,118092.79628207869,16.803954688,0.11014503006774612,0.18491393110230364,0.49728292880791997,0.01,1.0,,,
32060,2.07470703125,0.0,2.07470703125,6.566200215285254e-05,3.283100107642627e-05,118099.59001647303,16.809197568,0.10258350265342982,0.1425608328720281,0.49633114404603995,0.01,1.0,,,
32070,3.2900390625,0.0,3.2900390625,6.555435952637243e-05,3.277717976318622e-05,117995.23046785021,16.814440448,0.13002092620102998,0.19710347804282452,0.49538078508992517,0.01,1.0,,,
32080,3.16796875,0.0,3.16796875,6.544671689989237e-05,3.272335844994618e-05,118025.1839619597,16.819683328,0.09102412253714327,0.21195975343359505,0.4944318525836998,0.01,1.0,,,
32090,2.69921875,0.0,2.69921875,6.533907427341226e-05,3.266953713670613e-05,118051.60147146694,16.824926208,0.09147623772023031,0.15983065123114717,0.4934843471705248,0.01,1.0,,,
32100,2.8505859375,0.0,2.8505859375,6.52314316469322e-05,3.26157158234661e-05,118092.69027529289,16.830169088,0.10625226215057705,0.14677842165090607,0.4925382694925897,0.01,1.0,,,
32110,2.9814453125,0.0,2.9814453125,6.512378902045209e-05,3.2561894510226045e-05,118011.4022358088,16.835411968,0.0915513944204939,0.12230046697778292,0.49159362019112,0.01,1.0,,,
32120,2.44921875,0.0,2.44921875,6.501614639397202e-05,3.250807319698601e-05,118057.89651946466,16.840654848,0.25569020598623043,0.33493775380065766,0.4906503999063707,0.01,1.0,,,
32130,3.208984375,0.0,3.208984375,6.490850376749191e-05,3.2454251883745955e-05,118093.6406814859,16.845897728,0.09333353028940658,0.1880471923967405,0.48970860927762994,0.01,1.0,,,
32140,3.095703125,0.0,3.095703125,6.480086114101185e-05,3.240043057050593e-05,118075.2961601002,16.851140608,0.09078977802971674,0.15724567106505208,0.48876824894321586,0.01,1.0,,,
32150,3.02734375,0.0,3.02734375,6.469321851453174e-05,3.234660925726587e-05,118099.9924657779,16.856383488,0.09213661878625587,0.13907441364227155,0.4878293195404771,0.01,1.0,,,
32160,3.0595703125,0.0,3.0595703125,6.458557588805168e-05,3.229278794402584e-05,118053.049690033,16.861626368,0.09463905336352592,0.1949412705391949,0.4868918217057928,0.01,1.0,,,
32170,1.2998046875,0.0,1.2998046875,6.447793326157157e-05,3.223896663078578e-05,118083.28855025089,16.866869248,0.0975622478943784,0.15401300881353586,0.4859557560745723,0.01,1.0,,,
32180,3.1083984375,0.0,3.1083984375,6.43702906350915e-05,3.218514531754575e-05,118126.2862927548,16.872112128,0.09081067385262888,0.14089683489994914,0.485021123281253,0.01,1.0,,,
32190,2.5166015625,0.0,2.5166015625,6.426264800861139e-05,3.213132400430569e-05,118150.81588196503,16.877355008,0.1009295966845968,0.11920199210578014,0.484087923959303,0.01,1.0,,,
32200,3.08203125,0.0,3.08203125,6.415500538213133e-05,3.2077502691065665e-05,118135.46272145769,16.882597888,0.09049633673172636,0.1205398940069756,0.4831561587412169,0.01,1.0,,,
32210,3.1669921875,0.0,3.1669921875,6.404736275565122e-05,3.202368137782561e-05,118123.43969387714,16.887840768,0.09261454976352533,0.12164047360447405,0.4822258282585187,0.01,1.0,,,
32220,3.2568359375,0.0,3.2568359375,6.393972012917115e-05,3.1969860064585575e-05,118169.14944048574,16.893083648,0.0938325972192064,0.13811196064126968,0.4812969331417583,0.01,1.0,,,
32230,3.130859375,0.0,3.130859375,6.38320775026911e-05,3.191603875134555e-05,118188.03931791271,16.898326528,0.0908072694147106,0.1379915285167634,0.48036947402051533,0.01,1.0,,,
32240,3.09765625,0.0,3.09765625,6.372443487621098e-05,3.186221743810549e-05,118202.69217405826,16.903569408,0.09638625343110316,0.1330534779277647,0.4794434515233936,0.01,1.0,,,
32250,3.0859375,0.0,3.0859375,6.361679224973092e-05,3.180839612486546e-05,118119.26474666504,16.908812288,0.09038624412101477,0.16716852586890701,0.47851886627802526,0.01,1.0,,,
32260,1.44140625,0.0,1.44140625,6.35091496232508e-05,3.17545748116254e-05,118023.00963622918,16.914055168,0.08236297355489237,0.1409722834846009,0.4775957189110671,0.01,1.0,,,
32270,1.76025390625,0.0,1.76025390625,6.340150699677075e-05,3.1700753498385375e-05,118074.31817739845,16.919298048,0.1329881720750803,0.16727900806031745,0.47667401004820054,0.01,1.0,,,
32280,2.5390625,0.0,2.5390625,6.329386437029064e-05,3.164693218514532e-05,118097.99480889548,16.924540928,0.10068943090875515,0.13636536582253134,0.47575374031413487,0.01,1.0,,,
32290,1.615234375,0.0,1.615234375,6.318622174381057e-05,3.1593110871905285e-05,118088.00930524754,16.929783808,0.10934568693374166,0.17860956515967588,0.47483491033260056,0.01,1.0,,,
32300,3.0791015625,0.0,3.0791015625,6.307857911733046e-05,3.153928955866523e-05,118111.70676175371,16.935026688,0.10442151074831264,0.19056190536968667,0.4739175207263557,0.01,1.0,,,
32310,3.111328125,0.0,3.111328125,6.297093649085039e-05,3.1485468245425196e-05,118097.57032528213,16.940269568,0.09763014523302233,0.16658802572387532,0.47300157211717914,0.01,1.0,,,
32320,2.4169921875,0.0,2.4169921875,6.286329386437028e-05,3.143164693218514e-05,118072.99229931807,16.945512448,0.09181090507645825,0.12361284888280323,0.4720870651258746,0.01,1.0,,,
32330,2.7255859375,0.0,2.7255859375,6.275565123789023e-05,3.137782561894511e-05,118086.22960348177,16.950755328,0.08552143908740363,0.108662696792265,0.47117400037226786,0.01,1.0,,,
32340,3.0517578125,0.0,3.0517578125,6.264800861141012e-05,3.132400430570506e-05,118126.77459263676,16.955998208,0.0911450138417308,0.143669866687269,0.470262378475209,0.01,1.0,,,
32350,3.123046875,0.0,3.123046875,6.254036598493005e-05,3.127018299246502e-05,118159.52552728493,16.961241088,0.09303567517170665,0.11625768410071521,0.46935220005256745,0.01,1.0,,,
32360,3.1005859375,0.0,3.1005859375,6.243272335844994e-05,3.121636167922497e-05,118151.9025509858,16.966483968,0.1006133025201822,0.12510856888959282,0.4684434657212372,0.01,1.0,,,
32370,1.56396484375,0.0,1.56396484375,6.232508073196988e-05,3.116254036598494e-05,118194.2440622263,16.971726848,0.10591255506930791,0.1496692628802171,0.4675361760971312,0.01,1.0,,,
32380,3.0908203125,0.0,3.0908203125,6.221743810548977e-05,3.1108719052744885e-05,118208.57287235923,16.976969728,0.09096851126668477,0.21116038758856934,0.46663033179518426,0.01,1.0,,,
32390,3.2158203125,0.0,3.2158203125,6.21097954790097e-05,3.105489773950485e-05,118210.14278254722,16.982212608,0.0931864987605907,0.1006063731659991,0.4657259334293508,0.01,1.0,,,
32400,3.23046875,0.0,3.23046875,6.200215285252959e-05,3.1001076426264795e-05,118220.20696054155,16.987455488,0.11731520724390002,0.1836095021625953,0.4648229816126067,0.01,1.0,,,
32410,3.09765625,0.0,3.09765625,6.189451022604954e-05,3.094725511302477e-05,118146.88726659887,16.992698368,0.10322918489237629,0.18227846243572932,0.4639214769569458,0.01,1.0,,,
32420,3.1669921875,0.0,3.1669921875,6.178686759956943e-05,3.089343379978471e-05,118145.42136832346,16.997941248,0.09216775956450708,0.1711477269409575,0.46302142007338254,0.01,1.0,,,
32430,3.0849609375,0.0,3.0849609375,6.167922497308936e-05,3.083961248654468e-05,118137.99375227412,17.003184128,0.09217897542881735,0.1657030218438021,0.4621228115719493,0.01,1.0,,,
32440,1.80029296875,0.0,1.80029296875,6.157158234660925e-05,3.078579117330462e-05,118115.58737389876,17.008427008,0.08391450417705405,0.15491752904524547,0.4612256520616964,0.01,1.0,,,
32450,1.85986328125,0.0,1.85986328125,6.146393972012918e-05,3.073196986006459e-05,118081.20015030625,17.013669888,0.11610599773551918,0.20116591163801292,0.4603299421506922,0.01,1.0,,,
32460,3.13671875,0.0,3.13671875,6.135629709364908e-05,3.067814854682454e-05,118012.5817027595,17.018912768,0.09595160073885863,0.14881168960337018,0.459435682446024,0.01,1.0,,,
32470,3.1044921875,0.0,3.1044921875,6.124865446716901e-05,3.0624327233584505e-05,117999.80461545696,17.024155648,0.0981812974383966,0.17006930102109308,0.45854287355379403,0.01,1.0,,,
32480,3.06640625,0.0,3.06640625,6.11410118406889e-05,3.057050592034445e-05,117997.41003039312,17.029398528,0.09105530866368101,0.10530158636735859,0.45765151607912324,0.01,1.0,,,
32490,1.53125,0.0,1.53125,6.103336921420884e-05,3.051668460710442e-05,117974.44501902499,17.034641408,0.09268363187718877,0.1525593365305424,0.4567616106261476,0.01,1.0,,,
32500,3.0908203125,0.0,3.0908203125,6.092572658772873e-05,3.0462863293864364e-05,117951.36243977475,17.039884288,0.09229875351630544,0.1617968876574353,0.4558731577980185,0.01,1.0,,,
32500,,,,,,,,,,,,,0.0,0.0,0.0
32510,3.09765625,0.0,3.09765625,6.081808396124866e-05,3.040904198062433e-05,117658.09898560638,17.045127168,0.091425554022556,0.15562643399236703,0.4549861581969047,0.01,1.0,,,
32520,3.0576171875,0.0,3.0576171875,6.0710441334768555e-05,3.0355220667384278e-05,117655.51662139785,17.050370048,0.09120100906567935,0.14062552309692758,0.45410061242398736,0.01,1.0,,,
32530,2.5634765625,0.0,2.5634765625,6.0602798708288486e-05,3.0301399354144243e-05,117671.37665570182,17.055612928,0.10419520339082981,0.1433303174770108,0.4532165210794659,0.01,1.0,,,
32540,2.48388671875,0.0,2.48388671875,6.049515608180838e-05,3.024757804090419e-05,117710.14466165219,17.060855808,0.10036854795992342,0.1723566804102545,0.4523338847625492,0.01,1.0,,,
32550,3.1318359375,0.0,3.1318359375,6.0387513455328313e-05,3.0193756727664157e-05,117758.80424352424,17.066098688,0.08950409829688852,0.10979562514842696,0.45145270407146443,0.01,1.0,,,
32560,2.5947265625,0.0,2.5947265625,6.0279870828848203e-05,3.0139935414424102e-05,117735.73363267593,17.071341568,0.10025377265648852,0.17252637656922662,0.4505729796034495,0.01,1.0,,,
32570,3.0859375,0.0,3.0859375,6.017222820236814e-05,3.008611410118407e-05,117763.48218168945,17.076584448,0.09500165292317464,0.1481395128889709,0.4496947119547565,0.01,1.0,,,
32580,3.1142578125,0.0,3.1142578125,6.006458557588803e-05,3.0032292787944015e-05,117718.5358599918,17.081827328,0.08988638113765192,0.10202139258491905,0.4488179017206494,0.01,1.0,,,
32590,2.3447265625,0.0,2.3447265625,5.995694294940797e-05,2.9978471474703984e-05,117695.73740745363,17.087070208,0.09334806314455525,0.15857766522738617,0.44794254949540574,0.01,1.0,,,
32600,3.11328125,0.0,3.11328125,5.9849300322927906e-05,2.9924650161463953e-05,117741.2796322156,17.092313088,0.0895894178387101,0.12853032709465248,0.44706865587231237,0.01,1.0,,,
32610,2.98046875,0.0,2.98046875,5.9741657696447796e-05,2.9870828848223898e-05,117772.71836741136,17.097555968,0.09660489729398343,0.13596719767002585,0.4461962214436704,0.01,1.0,,,
32620,3.0927734375,0.0,3.0927734375,5.963401506996773e-05,2.9817007534983867e-05,117785.86944930561,17.102798848,0.09212884728560532,0.116135927036167,0.44532524680078944,0.01,1.0,,,
32630,3.044921875,0.0,3.044921875,5.952637244348762e-05,2.976318622174381e-05,117776.65344076681,17.108041728,0.09053840398272116,0.12849596060740132,0.44445573253399184,0.01,1.0,,,
32640,2.5556640625,0.0,2.5556640625,5.9418729817007554e-05,2.9709364908503777e-05,117804.66458384178,17.113284608,0.16569024029675677,0.2250032770973525,0.44358767923260894,0.01,1.0,,,
32650,2.4609375,0.0,2.4609375,5.931108719052745e-05,2.9655543595263725e-05,117830.87638254701,17.118527488,0.09817156483243573,0.17486018691563962,0.44272108748498173,0.01,1.0,,,
32660,3.0966796875,0.0,3.0966796875,5.920344456404738e-05,2.960172228202369e-05,117771.47176443187,17.123770368,0.10113361395698958,0.18606273106297383,0.44185595787846077,0.01,1.0,,,
32670,3.00390625,0.0,3.00390625,5.909580193756727e-05,2.9547900968783636e-05,117614.86020242052,17.129013248,0.09366534494346683,0.1572199784680331,0.44099229099940673,0.01,1.0,,,
32680,3.08203125,0.0,3.08203125,5.898815931108721e-05,2.9494079655543604e-05,117568.14676385505,17.134256128,0.09254118264306485,0.13362421015243456,0.4401300874331871,0.01,1.0,,,
32690,2.39404296875,0.0,2.39404296875,5.88805166846071e-05,2.944025834230355e-05,117584.24567787153,17.139499008,0.09480590064754622,0.12582510375496644,0.4392693477641794,0.01,1.0,,,
32700,3.1064453125,0.0,3.1064453125,5.8772874058127036e-05,2.9386437029063518e-05,117592.77616518647,17.144741888,0.0899840550520228,0.1128410573444863,0.4384100725757672,0.01,1.0,,,
32710,2.3564453125,0.0,2.3564453125,5.8665231431646926e-05,2.9332615715823463e-05,117588.14941863997,17.149984768,0.09302334422266921,0.17629592759781085,0.4375522624503422,0.01,1.0,,,
32720,3.0068359375,0.0,3.0068359375,5.8557588805166864e-05,2.9278794402583432e-05,117580.50329094073,17.155227648,0.08997654275737794,0.12123901940933066,0.43669591796930407,0.01,1.0,,,
32730,3.1435546875,0.0,3.1435546875,5.8449946178686754e-05,2.9224973089343377e-05,117552.41638546373,17.160470528,0.09365263022443436,0.13883737553357914,0.4358410397130574,0.01,1.0,,,
32740,3.1103515625,0.0,3.1103515625,5.834230355220669e-05,2.9171151776103346e-05,117556.83719779097,17.165713408,0.09197710869014215,0.12684962712097006,0.43498762826101467,0.01,1.0,,,
32750,1.884765625,0.0,1.884765625,5.823466092572658e-05,2.911733046286329e-05,117584.7846049976,17.170956288,0.09271717501182498,0.11328729602827844,0.43413568419159326,0.01,1.0,,,
32760,3.052734375,0.0,3.052734375,5.812701829924652e-05,2.906350914962326e-05,117580.6698760538,17.176199168,0.09191065597610937,0.12255955367456,0.43328520808221577,0.01,1.0,,,
32770,1.58203125,0.0,1.58203125,5.801937567276641e-05,2.9009687836383204e-05,117579.70261858593,17.181442048,0.08808826035622433,0.1458637912017513,0.4324362005093102,0.01,1.0,,,
32780,3.0068359375,0.0,3.0068359375,5.7911733046286346e-05,2.8955866523143173e-05,117613.394876477,17.186684928,0.09643308251328757,0.1401815957428431,0.43158866204830976,0.01,1.0,,,
32790,2.564453125,0.0,2.564453125,5.7804090419806236e-05,2.8902045209903118e-05,117647.01764556924,17.191927808,0.10296521721040255,0.18258760562806178,0.4307425932736508,0.01,1.0,,,
32800,1.184326171875,0.0,1.184326171875,5.7696447793326167e-05,2.8848223896663083e-05,117689.12757084395,17.197170688,0.22022336278309837,0.39195787124502046,0.42989799475877505,0.01,1.0,,,
32810,3.0146484375,0.0,3.0146484375,5.758880516684606e-05,2.879440258342303e-05,117666.37253202306,17.202413568,0.09137368405977793,0.12971037689804782,0.42905486707612656,0.01,1.0,,,
32820,2.962890625,0.0,2.962890625,5.7481162540365994e-05,2.8740581270182997e-05,117629.40417740661,17.207656448,0.0933086860145329,0.12696131391888035,0.4282132107971527,0.01,1.0,,,
32830,2.9541015625,0.0,2.9541015625,5.7373519913885884e-05,2.8686759956942942e-05,117637.17909183544,17.212899328,0.10144204168199601,0.12735587417506886,0.42737302649230324,0.01,1.0,,,
32840,3.046875,0.0,3.046875,5.726587728740582e-05,2.863293864370291e-05,117642.2137705477,17.218142208,0.09137156585376946,0.10942216718598549,0.4265343147310318,0.01,1.0,,,
32850,3.0771484375,0.0,3.0771484375,5.715823466092571e-05,2.8579117330462856e-05,117672.81974911138,17.223385088,0.09603567680749914,0.15878599314267852,0.4256970760817917,0.01,1.0,,,
32860,2.9189453125,0.0,2.9189453125,5.705059203444565e-05,2.8525296017222824e-05,117703.33117483642,17.228627968,0.0932411003827563,0.13289005203353196,0.4248613111120402,0.01,1.0,,,
32870,1.81005859375,0.0,1.81005859375,5.694294940796554e-05,2.847147470398277e-05,117688.2296429098,17.233870848,0.12441945785757944,0.18912936955844242,0.4240270203882339,0.01,1.0,,,
32880,3.1298828125,0.0,3.1298828125,5.6835306781485476e-05,2.8417653390742738e-05,117704.34638009143,17.239113728,0.09365992674163232,0.169398904292152,0.4231942044758311,0.01,1.0,,,
32890,3.0625,0.0,3.0625,5.6727664155005366e-05,2.8363832077502683e-05,117640.8473812498,17.244356608,0.09886300721864756,0.17666377366935573,0.4223628639392898,0.01,1.0,,,
32900,3.052734375,0.0,3.052734375,5.6620021528525304e-05,2.8310010764262652e-05,117646.85927885797,17.249599488,0.09734025917267808,0.14081927819430612,0.4215329993420685,0.01,1.0,,,
32910,2.43994140625,0.0,2.43994140625,5.6512378902045194e-05,2.8256189451022597e-05,117645.46470892463,17.254842368,0.09902953806409295,0.1601256573675353,0.4207046112466265,0.01,1.0,,,
32920,2.20068359375,0.0,2.20068359375,5.640473627556513e-05,2.8202368137782566e-05,117637.44771644987,17.260085248,0.08838683289679386,0.13842212364136797,0.4198777002144205,0.01,1.0,,,
32930,3.166015625,0.0,3.166015625,5.629709364908502e-05,2.814854682454251e-05,117663.01995493892,17.265328128,0.09367954707193961,0.10982499874622924,0.4190522668059067,0.01,1.0,,,
32940,3.3232421875,0.0,3.3232421875,5.618945102260496e-05,2.809472551130248e-05,117690.2204740868,17.270571008,0.10260110375006382,0.17408809040119985,0.41822831158053964,0.01,1.0,,,
32950,2.9228515625,0.0,2.9228515625,5.608180839612485e-05,2.8040904198062424e-05,117699.60331315822,17.275813888,0.0922653417342732,0.12477112927953177,0.4174058350967733,0.01,1.0,,,
32960,3.0693359375,0.0,3.0693359375,5.597416576964478e-05,2.798708288482239e-05,117711.04108353854,17.281056768,0.09492605116005702,0.1429793946675445,0.41658483791205714,0.01,1.0,,,
32970,3.1748046875,0.0,3.1748046875,5.586652314316472e-05,2.793326157158236e-05,117749.25719038892,17.286299648,0.09350934928073273,0.14524658396876425,0.41576532058284044,0.01,1.0,,,
32980,2.60400390625,0.0,2.60400390625,5.575888051668461e-05,2.7879440258342303e-05,117780.14046444549,17.291542528,0.13434036982220546,0.18395179733102424,0.4149472836645677,0.01,1.0,,,
32990,2.568359375,0.0,2.568359375,5.5651237890204544e-05,2.7825618945102272e-05,117810.99946791325,17.296785408,0.10216810639049788,0.15764184401542683,0.41413072771168047,0.01,1.0,,,
33000,3.1201171875,0.0,3.1201171875,5.5543595263724434e-05,2.7771797631862217e-05,117836.62884415258,17.302028288,0.09112948072813072,0.1149942205265428,0.4133156532776166,0.01,1.0,,,
33000,,,,,,,,,,,,,0.0,0.0,0.0
33010,2.61865234375,0.0,2.61865234375,5.543595263724437e-05,2.7717976318622186e-05,117755.19424993332,17.307271168,0.092532007285016,0.13061521934428363,0.41250206091481073,0.01,1.0,,,
33020,3.1923828125,0.0,3.1923828125,5.532831001076426e-05,2.766415500538213e-05,117792.28424701601,17.312514048,0.09306281980918411,0.11862666915331656,0.4116899511746913,0.01,1.0,,,
33030,2.669921875,0.0,2.669921875,5.52206673842842e-05,2.76103336921421e-05,117794.07945371915,17.317756928,0.09110726633774245,0.12473553968711687,0.4108793246076837,0.01,1.0,,,
33040,3.103515625,0.0,3.103515625,5.511302475780409e-05,2.7556512378902044e-05,117791.7357594464,17.322999808,0.0932918896683195,0.1876595364776351,0.4100701817632061,0.01,1.0,,,
33050,1.646484375,0.0,1.646484375,5.5005382131324026e-05,2.7502691065662013e-05,117827.12866091126,17.328242688,0.10283455579486989,0.1703827767458016,0.4092625231896724,0.01,1.0,,,
33060,2.7490234375,0.0,2.7490234375,5.4897739504843916e-05,2.7448869752421958e-05,117838.51232217945,17.333485568,0.08843866659963696,0.12197427533995366,0.4084563494344902,0.01,1.0,,,
33070,1.67626953125,0.0,1.67626953125,5.479009687836385e-05,2.7395048439181924e-05,117856.2215459879,17.338728448,0.10825944488365832,0.14306754927754098,0.4076516610440611,0.01,1.0,,,
33080,2.9541015625,0.0,2.9541015625,5.4682454251883744e-05,2.7341227125941872e-05,117842.23917459365,17.343971328,0.09063075746381977,0.1295958371362321,0.40684845856377916,0.01,1.0,,,
33090,3.0341796875,0.0,3.0341796875,5.4574811625403675e-05,2.7287405812701837e-05,117816.81318461284,17.349214208,0.09240651741730702,0.13235126381412346,0.40604674253803186,0.01,1.0,,,
33100,1.62744140625,0.0,1.62744140625,5.4467168998923565e-05,2.7233584499461782e-05,117847.45873824354,17.354457088,0.09136993228174206,0.1587681954329398,0.40524651351019847,0.01,1.0,,,
33110,1.6982421875,0.0,1.6982421875,5.43595263724435e-05,2.717976318622175e-05,117831.487951316,17.359699968,0.0926473593142433,0.15380584961658234,0.40444777202265225,0.01,1.0,,,
33120,1.61328125,0.0,1.61328125,5.425188374596339e-05,2.7125941872981696e-05,117848.5680403134,17.364942848,0.10668584439997769,0.16394895791803435,0.4036505186167557,0.01,1.0,,,
33130,1.6728515625,0.0,1.6728515625,5.414424111948333e-05,2.7072120559741665e-05,117874.44522809598,17.370185728,0.09117990960799321,0.12382146433217148,0.40285475383286484,0.01,1.0,,,
33140,1.6279296875,0.0,1.6279296875,5.403659849300322e-05,2.701829924650161e-05,117895.14356152038,17.375428608,0.10864329786230519,0.17387574685259,0.40206047821032653,0.01,1.0,,,
33150,1.89990234375,0.0,1.89990234375,5.392895586652316e-05,2.696447793326158e-05,117901.28363369599,17.380671488,0.08951060646327037,0.16936568600872431,0.4012676922874764,0.01,1.0,,,
33160,3.0283203125,0.0,3.0283203125,5.382131324004305e-05,2.6910656620021523e-05,117908.53299076979,17.385914368,0.09153617041226549,0.2285936962577058,0.40047639660164275,0.01,1.0,,,
33170,3.0888671875,0.0,3.0888671875,5.3713670613562984e-05,2.6856835306781492e-05,117927.85847193547,17.391157248,0.09443884100310604,0.22514857319146922,0.3996865916891421,0.01,1.0,,,
33180,3.0869140625,0.0,3.0869140625,5.3606027987082874e-05,2.6803013993541437e-05,117948.54374664562,17.396400128,0.09147019705512574,0.12497548384403422,0.39889827808528233,0.01,1.0,,,
33190,3.0341796875,0.0,3.0341796875,5.349838536060281e-05,2.6749192680301406e-05,117980.5896099487,17.401643008,0.08957906617146347,0.1231701636283238,0.39811145632435896,0.01,1.0,,,
33200,3.1396484375,0.0,3.1396484375,5.33907427341227e-05,2.669537136706135e-05,117985.3750321442,17.406885888,0.09209049152558307,0.14136795155266785,0.39732612693965685,0.01,1.0,,,
33210,1.5283203125,0.0,1.5283203125,5.328310010764264e-05,2.664155005382132e-05,118005.24282969508,17.412128768,0.16977687272650815,0.17086547518468834,0.39654229046344935,0.01,1.0,,,
33220,3.162109375,0.0,3.162109375,5.317545748116253e-05,2.6587728740581265e-05,118023.8591488533,17.417371648,0.12126215569695183,0.11816174377498291,0.3957599474269989,0.01,1.0,,,
33230,2.46923828125,0.0,2.46923828125,5.306781485468246e-05,2.653390742734123e-05,118049.13519848695,17.422614528,0.09690073929819522,0.12267375464022391,0.39497909836055367,0.01,1.0,,,
33240,3.021484375,0.0,3.021484375,5.2960172228202357e-05,2.6480086114101178e-05,117992.06730414592,17.427857408,0.0914527858480804,0.17048032936575103,0.39419974379335204,0.01,1.0,,,
33250,2.5732421875,0.0,2.5732421875,5.285252960172229e-05,2.6426264800861144e-05,117963.57807984471,17.433100288,0.09993913728577392,0.1378063580548658,0.393421884253617,0.01,1.0,,,
33260,3.0537109375,0.0,3.0537109375,5.274488697524218e-05,2.637244348762109e-05,117943.9469768355,17.438343168,0.09153687210554942,0.10812343142371547,0.3926455202685595,0.01,1.0,,,
33270,2.9892578125,0.0,2.9892578125,5.2637244348762115e-05,2.6318622174381057e-05,117889.71839784992,17.443586048,0.08952532237924289,0.11575925380118372,0.3918706523643757,0.01,1.0,,,
33280,2.4267578125,0.0,2.4267578125,5.2529601722282005e-05,2.6264800861141002e-05,117894.86972609688,17.448828928,0.0995421910382331,0.1233107962202451,0.39109728106624975,0.01,1.0,,,
33290,3.154296875,0.0,3.154296875,5.242195909580194e-05,2.621097954790097e-05,117924.68104328263,17.454071808,0.09048995158139343,0.15989351652081576,0.3903254068983497,0.01,1.0,,,
33300,3.0146484375,0.0,3.0146484375,5.231431646932183e-05,2.6157158234660916e-05,117915.42620134789,17.459314688,0.08973746930573925,0.12469732854211771,0.3895550303838299,0.01,1.0,,,
33310,1.9990234375,0.0,1.9990234375,5.220667384284177e-05,2.6103336921420885e-05,117923.5639688056,17.464557568,0.11287720788423719,0.1240794231152777,0.3887861520448289,0.01,1.0,,,
33320,1.64404296875,0.0,1.64404296875,5.209903121636166e-05,2.604951560818083e-05,117904.41712153447,17.469800448,0.08890822961257205,0.10953137343563812,0.38801877240247046,0.01,1.0,,,
33330,3.0654296875,0.0,3.0654296875,5.19913885898816e-05,2.59956942949408e-05,117920.51758393948,17.475043328,0.09008278415469767,0.11510487637987317,0.3872528919768614,0.01,1.0,,,
33340,3.0546875,0.0,3.0546875,5.1883745963401534e-05,2.5941872981700767e-05,117888.3226453876,17.480286208,0.09665449671318677,0.12627153097096647,0.38648851128709377,0.01,1.0,,,
33350,3.0205078125,0.0,3.0205078125,5.1776103336921424e-05,2.5888051668460712e-05,117852.8325923165,17.485529088,0.09264145748596789,0.1655327270163607,0.38572563085124323,0.01,1.0,,,
33360,3.14453125,0.0,3.14453125,5.1668460710441355e-05,2.5834230355220678e-05,117837.72209479094,17.490771968,0.09495682314548168,0.1412673249510379,0.3849642511863676,0.01,1.0,,,
33370,2.4423828125,0.0,2.4423828125,5.156081808396125e-05,2.5780409041980626e-05,117854.596965566,17.496014848,0.10345102787193554,0.13848116202440272,0.38420437280850783,0.01,1.0,,,
33380,1.82958984375,0.0,1.82958984375,5.145317545748118e-05,2.572658772874059e-05,117869.03785235516,17.501257728,0.1266263884238535,0.15908815540459248,0.38344599623268727,0.01,1.0,,,
33390,2.9970703125,0.0,2.9970703125,5.134553283100107e-05,2.5672766415500536e-05,117852.50909551144,17.506500608,0.09617601544856855,0.1491243756616082,0.3826891219729118,0.01,1.0,,,
33400,1.83837890625,0.0,1.83837890625,5.123789020452101e-05,2.5618945102260505e-05,117830.38182815042,17.511743488,0.10842861466175843,0.1322854038310032,0.3819337505421688,0.01,1.0,,,
33410,1.7607421875,0.0,1.7607421875,5.11302475780409e-05,2.556512378902045e-05,117841.9378144053,17.516986368,0.1245646788387018,0.18585977653814206,0.3811798824524274,0.01,1.0,,,
33420,2.24755859375,0.0,2.24755859375,5.102260495156084e-05,2.551130247578042e-05,117865.73884325357,17.522229248,0.09466482680644209,0.11363723460278134,0.3804275182146375,0.01,1.0,,,
33430,2.9990234375,0.0,2.9990234375,5.091496232508073e-05,2.5457481162540364e-05,117855.1575073307,17.527472128,0.09095214878545176,0.11444642338120589,0.37967665833872954,0.01,1.0,,,
33440,2.68359375,0.0,2.68359375,5.0807319698600665e-05,2.5403659849300332e-05,117870.14876278206,17.532715008,0.0888749723121379,0.14531305709871806,0.37892730333361413,0.01,1.0,,,
33450,3.0556640625,0.0,3.0556640625,5.0699677072120555e-05,2.5349838536060277e-05,117865.53366481616,17.537957888,0.0897682022013342,0.12144054681315657,0.3781794537071834,0.01,1.0,,,
33460,2.951171875,0.0,2.951171875,5.059203444564049e-05,2.5296017222820246e-05,117823.77213539807,17.543200768,0.0925616766729895,0.1285416816463776,0.37743310996630697,0.01,1.0,,,
33470,1.54638671875,0.0,1.54638671875,5.048439181916038e-05,2.524219590958019e-05,117808.50647955395,17.548443648,0.14235960749235815,0.1647825029239396,0.3766882726168369,0.01,1.0,,,
33480,3.076171875,0.0,3.076171875,5.037674919268032e-05,2.518837459634016e-05,117796.08477365522,17.553686528,0.09123205851970213,0.11107570241941178,0.3759449421635999,0.01,1.0,,,
33490,1.49560546875,0.0,1.49560546875,5.026910656620021e-05,2.5134553283100105e-05,117771.89178051714,17.558929408,0.10272891048417043,0.16966428740398376,0.3752031191104056,0.01,1.0,,,
33500,1.62060546875,0.0,1.62060546875,5.016146393972014e-05,2.508073196986007e-05,117701.84683258542,17.564172288,0.09976941661834932,0.16535380338195926,0.37446280396003895,0.01,1.0,,,
33500,,,,,,,,,,,,,0.0,0.0,0.0
33510,3.033203125,0.0,3.033203125,5.005382131324004e-05,2.502691065662002e-05,117568.40692005778,17.569415168,0.09433844097196264,0.1535669733328714,0.37372399721426525,0.01,1.0,,,
33520,3.0625,0.0,3.0625,4.994617868675997e-05,2.4973089343379984e-05,117581.47530872581,17.574658048,0.09013560299473623,0.12833745454836493,0.37298669937382534,0.01,1.0,,,
33530,2.29931640625,0.0,2.29931640625,4.9838536060279865e-05,2.4919268030139932e-05,117576.04187658423,17.579900928,0.08568226899614147,0.1685267739645276,0.37225091093843937,0.01,1.0,,,
33540,2.67578125,0.0,2.67578125,4.9730893433799795e-05,2.4865446716899898e-05,117601.70310977875,17.585143808,0.08531291337152529,0.1822895272998732,0.3715166324068019,0.01,1.0,,,
33550,3.166015625,0.0,3.166015625,4.9623250807319685e-05,2.4811625403659843e-05,117606.03798223691,17.590386688,0.11537491093528404,0.14858280532245252,0.37078386427658727,0.01,1.0,,,
33560,3.033203125,0.0,3.033203125,4.951560818083962e-05,2.475780409041981e-05,117583.85704775152,17.595629568,0.09234915749975299,0.1538278011051009,0.370052607044443,0.01,1.0,,,
33570,3.134765625,0.0,3.134765625,4.940796555435951e-05,2.4703982777179756e-05,117585.24096026768,17.600872448,0.0882640157692675,0.13211190224127675,0.3693228612059948,0.01,1.0,,,
33580,2.490234375,0.0,2.490234375,4.930032292787945e-05,2.4650161463939725e-05,117580.55400578614,17.606115328,0.1289278447626631,0.21358970891310927,0.36859462725584385,0.01,1.0,,,
33590,3.09375,0.0,3.09375,4.919268030139934e-05,2.459634015069967e-05,117541.92614866995,17.611358208,0.09166351667049011,0.11696695500604144,0.3678679056875649,0.01,1.0,,,
33600,3.1171875,0.0,3.1171875,4.908503767491928e-05,2.454251883745964e-05,117553.60509056656,17.616601088,0.09652150209888286,0.14196939845797296,0.36714269699370927,0.01,1.0,,,
33610,2.35888671875,0.0,2.35888671875,4.897739504843917e-05,2.4488697524219584e-05,117508.79683816253,17.621843968,0.08672333151833547,0.1342960197388431,0.3664190016658022,0.01,1.0,,,
33620,3.080078125,0.0,3.080078125,4.8869752421959105e-05,2.4434876210979552e-05,117510.68539556557,17.627086848,0.09397484217714172,0.16180032085858392,0.36569682019434363,0.01,1.0,,,
33630,2.6572265625,0.0,2.6572265625,4.8762109795478995e-05,2.4381054897739497e-05,117511.77378701772,17.632329728,0.08684075035126866,0.12585651736688983,0.36497615306880726,0.01,1.0,,,
33640,3.2294921875,0.0,3.2294921875,4.865446716899893e-05,2.4327233584499466e-05,117509.93715536199,17.637572608,0.10163051225457947,0.12087627645788636,0.36425700077764034,0.01,1.0,,,
33650,2.994140625,0.0,2.994140625,4.854682454251882e-05,2.427341227125941e-05,117531.78715975858,17.642815488,0.09704547253045155,0.11570429164677301,0.3635393638082628,0.01,1.0,,,
33660,3.208984375,0.0,3.208984375,4.843918191603875e-05,2.4219590958019376e-05,117536.81488920322,17.648058368,0.09392977123602775,0.16929812972596564,0.36282324264706933,0.01,1.0,,,
33670,2.44140625,0.0,2.44140625,4.833153928955865e-05,2.4165769644779325e-05,117519.27077206249,17.653301248,0.09232166573786664,0.1274210789328122,0.3621086377794249,0.01,1.0,,,
33680,3.1318359375,0.0,3.1318359375,4.822389666307858e-05,2.411194833153929e-05,117459.43173548955,17.658544128,0.08912631377671139,0.1468108688765528,0.3613955496896689,0.01,1.0,,,
33690,3.1796875,0.0,3.1796875,4.811625403659847e-05,2.4058127018299235e-05,117416.69452287245,17.663787008,0.09813919904826345,0.1706607678718433,0.3606839788611117,0.01,1.0,,,
33700,3.1650390625,0.0,3.1650390625,4.800861141011841e-05,2.4004305705059204e-05,117398.70044041803,17.669029888,0.09375173836537758,0.11588996286986013,0.3599739257760347,0.01,1.0,,,
33710,3.0224609375,0.0,3.0224609375,4.7900968783638345e-05,2.3950484391819173e-05,117337.91385614079,17.674272768,0.09059777717811406,0.10686354017728161,0.35926539091569165,0.01,1.0,,,
33720,3.1435546875,0.0,3.1435546875,4.7793326157158235e-05,2.3896663078579118e-05,117358.49645085,17.679515648,0.09379475795443873,0.11492001428578491,0.35855837476030716,0.01,1.0,,,
33730,1.94287109375,0.0,1.94287109375,4.768568353067817e-05,2.3842841765339086e-05,117335.63594850448,17.684758528,0.10467415017052073,0.13876279124107332,0.3578528777890758,0.01,1.0,,,
33740,3.0966796875,0.0,3.0966796875,4.757804090419806e-05,2.378902045209903e-05,117345.46362480914,17.690001408,0.0927217711753538,0.12242669190897092,0.3571489004801637,0.01,1.0,,,
33750,3.0810546875,0.0,3.0810546875,4.7470398277718e-05,2.3735199138859e-05,117357.08842873693,17.695244288,0.09280259994212783,0.1427309707841487,0.35644644331070563,0.01,1.0,,,
33760,2.38671875,0.0,2.38671875,4.736275565123789e-05,2.3681377825618945e-05,117383.98822490004,17.700487168,0.10799652003981516,0.1292684938457616,0.35574550675680716,0.01,1.0,,,
33770,3.1767578125,0.0,3.1767578125,4.725511302475783e-05,2.3627556512378914e-05,117370.02790024791,17.705730048,0.09310934501509113,0.146272851272241,0.3550460912935418,0.01,1.0,,,
33780,3.14453125,0.0,3.14453125,4.714747039827772e-05,2.357373519913886e-05,117396.50986499152,17.710972928,0.09096859520157352,0.14078998828778141,0.35434819739495427,0.01,1.0,,,
33790,3.0126953125,0.0,3.0126953125,4.703982777179765e-05,2.3519913885898824e-05,117418.28363767668,17.716215808,0.08986186451997788,0.14153994048235682,0.3536518255340564,0.01,1.0,,,
33800,3.15625,0.0,3.15625,4.6932185145317545e-05,2.3466092572658773e-05,117431.38813160181,17.721458688,0.09409314194379412,0.14444069760509132,0.3529569761828286,0.01,1.0,,,
33810,3.03125,0.0,3.03125,4.6824542518837476e-05,2.3412271259418738e-05,117413.0898019161,17.726701568,0.09309945574024538,0.11962980578461457,0.3522636498122201,0.01,1.0,,,
33820,3.080078125,0.0,3.080078125,4.6716899892357366e-05,2.3358449946178683e-05,117419.16005760558,17.731944448,0.08915035430168247,0.12945885110040142,0.3515718468921466,0.01,1.0,,,
33830,2.9755859375,0.0,2.9755859375,4.66092572658773e-05,2.330462863293865e-05,117432.90316265923,17.737187328,0.10344818693752439,0.15254874841604024,0.35088156789149305,0.01,1.0,,,
33840,2.2294921875,0.0,2.2294921875,4.650161463939719e-05,2.3250807319698597e-05,117445.40305218524,17.742430208,0.11473566134632505,0.18622172363037057,0.35019281327810986,0.01,1.0,,,
33850,2.591796875,0.0,2.591796875,4.639397201291713e-05,2.3196986006458565e-05,117409.90670995285,17.747673088,0.09817376049339115,0.1104094742941701,0.3495055835188152,0.01,1.0,,,
33860,1.53125,0.0,1.53125,4.628632938643702e-05,2.314316469321851e-05,117380.78901592777,17.752915968,0.10544356905467903,0.136051163126631,0.3488198790793937,0.01,1.0,,,
33870,3.275390625,0.0,3.275390625,4.617868675995696e-05,2.308934337997848e-05,117355.45570310431,17.758158848,0.09596646323092523,0.11140129820362554,0.3481357004245956,0.01,1.0,,,
33880,3.1142578125,0.0,3.1142578125,4.607104413347685e-05,2.3035522066738424e-05,117352.52648384076,17.763401728,0.0928950513641881,0.15495978844368996,0.3474530480181369,0.01,1.0,,,
33890,3.04296875,0.0,3.04296875,4.5963401506996785e-05,2.2981700753498393e-05,117296.46157246295,17.768644608,0.11087932231638364,0.1363608054558895,0.34677192232270065,0.01,1.0,,,
33900,2.9638671875,0.0,2.9638671875,4.5855758880516675e-05,2.2927879440258338e-05,117295.73077879207,17.773887488,0.09256829349978866,0.12582928855666212,0.34609232379993327,0.01,1.0,,,
33910,2.9990234375,0.0,2.9990234375,4.574811625403661e-05,2.2874058127018306e-05,117292.13547738994,17.779130368,0.09371646541463731,0.10918298159701981,0.34541425291044786,0.01,1.0,,,
33920,3.0693359375,0.0,3.0693359375,4.56404736275565e-05,2.282023681377825e-05,117306.02170633902,17.784373248,0.24708425798098327,0.327962581503026,0.34473771011382004,0.01,1.0,,,
33930,1.74951171875,0.0,1.74951171875,4.553283100107644e-05,2.276641550053822e-05,117303.8973578499,17.789616128,0.09588581270890102,0.13556165854447372,0.34406269586859184,0.01,1.0,,,
33940,3.1181640625,0.0,3.1181640625,4.542518837459633e-05,2.2712594187298165e-05,117306.0375007379,17.794859008,0.0915398891994466,0.12349415606665705,0.3433892106322676,0.01,1.0,,,
33950,3.0556640625,0.0,3.0556640625,4.531754574811626e-05,2.265877287405813e-05,117325.16302971145,17.800101888,0.09607742234327486,0.14488186429663952,0.3427172548613167,0.01,1.0,,,
33960,1.85107421875,0.0,1.85107421875,4.520990312163616e-05,2.260495156081808e-05,117312.98478183537,17.805344768,0.08692326089299171,0.13514841834776958,0.3420468290111708,0.01,1.0,,,
33970,1.91650390625,0.0,1.91650390625,4.510226049515609e-05,2.2551130247578044e-05,117312.979269719,17.810587648,0.10589285045484423,0.13952907058578895,0.34137793353622636,0.01,1.0,,,
33980,1.8291015625,0.0,1.8291015625,4.499461786867598e-05,2.249730893433799e-05,117335.74160464916,17.815830528,0.11259836701392145,0.15583155832502335,0.34071056888983914,0.01,1.0,,,
33990,3.0673828125,0.0,3.0673828125,4.4886975242195916e-05,2.2443487621097958e-05,117355.09602734794,17.821073408,0.09096328175743362,0.13374955610288178,0.3400447355243311,0.01,1.0,,,
34000,2.9912109375,0.0,2.9912109375,4.4779332615715806e-05,2.2389666307857903e-05,117365.16096604678,17.826316288,0.08865014630834957,0.12486087733906523,0.3393804338909847,0.01,1.0,,,
34000,,,,,,,,,,,,,0.0,0.0,0.0
34010,2.5498046875,0.0,2.5498046875,4.467168998923574e-05,2.233584499461787e-05,117276.87505912187,17.831559168,0.09937829218922044,0.18111479022626692,0.3387176644400438,0.01,1.0,,,
34020,1.89697265625,0.0,1.89697265625,4.456404736275563e-05,2.2282023681377817e-05,117280.36998773635,17.836802048,0.09922900370612293,0.11232769107464786,0.3380564276207152,0.01,1.0,,,
34030,3.07421875,0.0,3.07421875,4.445640473627557e-05,2.2228202368137785e-05,117259.6300062528,17.842044928,0.09146841199662592,0.14363651536875643,0.33739672388116465,0.01,1.0,,,
34040,3.0712890625,0.0,3.0712890625,4.434876210979546e-05,2.217438105489773e-05,117239.66693332419,17.847287808,0.09070910779355734,0.11560619887125384,0.3367385536685217,0.01,1.0,,,
34050,1.73876953125,0.0,1.73876953125,4.42411194833154e-05,2.21205597416577e-05,117241.25033324077,17.852530688,0.08457875981342977,0.12038697838219176,0.3360819174288737,0.01,1.0,,,
34060,2.748046875,0.0,2.748046875,4.413347685683529e-05,2.2066738428417644e-05,117220.90493827674,17.857773568,0.0876249512200008,0.11922443837772446,0.3354268156072707,0.01,1.0,,,
34070,2.3173828125,0.0,2.3173828125,4.4025834230355226e-05,2.2012917115177613e-05,117224.1740225135,17.863016448,0.09674908607442635,0.1204327160754772,0.3347732486477211,0.01,1.0,,,
34080,1.61962890625,0.0,1.61962890625,4.3918191603875156e-05,2.1959095801937578e-05,117236.62123174782,17.868259328,0.09769613853107506,0.14086842441396144,0.33412121699319464,0.01,1.0,,,
34090,3.048828125,0.0,3.048828125,4.3810548977395046e-05,2.1905274488697523e-05,117237.83142964286,17.873502208,0.09527505967416224,0.1351146095491681,0.3334707210856178,0.01,1.0,,,
34100,3.11328125,0.0,3.11328125,4.3702906350914984e-05,2.1851453175457492e-05,117253.97573395174,17.878745088,0.09261712906820226,0.12648411487178093,0.33282176136587915,0.01,1.0,,,
34110,3.078125,0.0,3.078125,4.3595263724434874e-05,2.1797631862217437e-05,117227.29351288607,17.883987968,0.09030470709313472,0.14518539452221987,0.3321743382738241,0.01,1.0,,,
34120,3.173828125,0.0,3.173828125,4.348762109795481e-05,2.1743810548977406e-05,117234.78544924463,17.889230848,0.09025866510738562,0.12451551876058438,0.331528452248258,0.01,1.0,,,
34130,3.095703125,0.0,3.095703125,4.33799784714747e-05,2.168998923573735e-05,117246.05790815977,17.894473728,0.09203607516088025,0.12411602090823119,0.33088410372694305,0.01,1.0,,,
34140,3.177734375,0.0,3.177734375,4.327233584499464e-05,2.163616792249732e-05,117264.88153939674,17.899716608,0.09205777755920452,0.17630900734306154,0.3302412931466,0.01,1.0,,,
34150,2.94140625,0.0,2.94140625,4.316469321851453e-05,2.1582346609257264e-05,117275.29477770494,17.904959488,0.08939512712154755,0.11349739758648031,0.3296000209429073,0.01,1.0,,,
34160,3.1103515625,0.0,3.1103515625,4.3057050592034466e-05,2.1528525296017233e-05,117261.14370329242,17.910202368,0.0942009727659471,0.1318235834665447,0.32896028755050094,0.01,1.0,,,
34170,3.0,0.0,3.0,4.2949407965554356e-05,2.1474703982777178e-05,117265.69665822241,17.915445248,0.09220824548628082,0.11834932472802047,0.32832209340297314,0.01,1.0,,,
34180,2.7294921875,0.0,2.7294921875,4.284176533907429e-05,2.1420882669537147e-05,117269.89351689276,17.920688128,0.09477395572415158,0.12327052405807755,0.32768543893287405,0.01,1.0,,,
34190,3.09765625,0.0,3.09765625,4.273412271259418e-05,2.136706135629709e-05,117273.35142730932,17.925931008,0.09677484312922055,0.13405956547371273,0.32705032457170946,0.01,1.0,,,
34200,2.998046875,0.0,2.998046875,4.262648008611412e-05,2.131324004305706e-05,117275.73769308436,17.931173888,0.09912466417114249,0.1275754976669838,0.3264167507499409,0.01,1.0,,,
34210,2.5244140625,0.0,2.5244140625,4.251883745963401e-05,2.1259418729817005e-05,117287.01581178715,17.936416768,0.10224429142661562,0.12672919281983386,0.3257847178969868,0.01,1.0,,,
34220,3.0361328125,0.0,3.0361328125,4.241119483315394e-05,2.120559741657697e-05,117286.85445795562,17.941659648,0.10090557086213653,0.13197293170691538,0.3251542264412205,0.01,1.0,,,
34230,2.962890625,0.0,2.962890625,4.230355220667384e-05,2.115177610333692e-05,117279.43664148988,17.946902528,0.09128756278764483,0.12915521821653814,0.32452527680997123,0.01,1.0,,,
34240,3.09765625,0.0,3.09765625,4.219590958019377e-05,2.1097954790096884e-05,117294.66989479183,17.952145408,0.08934360684319781,0.1274978206141333,0.3238978694295224,0.01,1.0,,,
34250,1.55126953125,0.0,1.55126953125,4.208826695371366e-05,2.104413347685683e-05,117293.95633529768,17.957388288,0.08241049659320787,0.11670376820458085,0.3232720047251131,0.01,1.0,,,
34260,3.0185546875,0.0,3.0185546875,4.1980624327233596e-05,2.0990312163616798e-05,117304.64111829581,17.962631168,0.0897976124909872,0.13271322229935706,0.3226476831209353,0.01,1.0,,,
34270,2.5703125,0.0,2.5703125,4.1872981700753486e-05,2.0936490850376743e-05,117301.49407284663,17.967874048,0.09897751700793037,0.12041639630125883,0.32202490504013703,0.01,1.0,,,
34280,3.2001953125,0.0,3.2001953125,4.1765339074273424e-05,2.0882669537136712e-05,117297.00395108922,17.973116928,0.09261380100968657,0.11269209151727805,0.3214036709048185,0.01,1.0,,,
34290,2.7568359375,0.0,2.7568359375,4.1657696447793314e-05,2.0828848223896657e-05,117298.27802429747,17.978359808,0.08518378446150456,0.1194383678654693,0.32078398113603485,0.01,1.0,,,
34300,2.18505859375,0.0,2.18505859375,4.155005382131325e-05,2.0775026910656626e-05,117314.79312325851,17.983602688,0.0967810481741227,0.13404450255636005,0.3201658361537937,0.01,1.0,,,
34310,3.07421875,0.0,3.07421875,4.144241119483314e-05,2.072120559741657e-05,117316.56779896119,17.988845568,0.09697876253146955,0.1481581628496536,0.31954923637705546,0.01,1.0,,,
34320,3.103515625,0.0,3.103515625,4.133476856835308e-05,2.066738428417654e-05,117310.1844970465,17.994088448,0.09021507960958147,0.12738237896167695,0.3189341822237335,0.01,1.0,,,
34330,3.099609375,0.0,3.099609375,4.122712594187297e-05,2.0613562970936484e-05,117316.29566414069,17.999331328,0.10216819156870793,0.11442186672509184,0.3183206741106942,0.01,1.0,,,
34340,2.6904296875,0.0,2.6904296875,4.1119483315392906e-05,2.0559741657696453e-05,117328.24856661138,18.004574208,0.08614239946649711,0.15741178872224448,0.3177087124537552,0.01,1.0,,,
34350,3.05078125,0.0,3.05078125,4.1011840688912796e-05,2.0505920344456398e-05,117328.28976685471,18.009817088,0.09274824582102646,0.11961752566669341,0.3170982976676865,0.01,1.0,,,
34360,3.1689453125,0.0,3.1689453125,4.0904198062432733e-05,2.0452099031216367e-05,117297.23557832096,18.015059968,0.09000803018572304,0.11466217132631092,0.31648943016620973,0.01,1.0,,,
34370,3.044921875,0.0,3.044921875,4.0796555435952623e-05,2.0398277717976312e-05,117297.95120406731,18.020302848,0.09422982419373375,0.11610746278226862,0.3158821103619977,0.01,1.0,,,
34380,3.23828125,0.0,3.23828125,4.0688912809472554e-05,2.0344456404736277e-05,117280.53172923466,18.025545728,0.09355913556105014,0.10620805677187656,0.31527633866667315,0.01,1.0,,,
34390,3.1015625,0.0,3.1015625,4.058127018299245e-05,2.0290635091496225e-05,117303.76971578975,18.030788608,0.09446126043869539,0.1267642930002691,0.314672115490812,0.01,1.0,,,
34400,3.0634765625,0.0,3.0634765625,4.047362755651238e-05,2.023681377825619e-05,117307.45923641199,18.036031488,0.0911537713275372,0.1046257678358358,0.31406944124393793,0.01,1.0,,,
34410,1.9130859375,0.0,1.9130859375,4.036598493003227e-05,2.0182992465016136e-05,117310.03593904806,18.041274368,0.11203015077212246,0.12056165815611658,0.3134683163345276,0.01,1.0,,,
34420,3.041015625,0.0,3.041015625,4.025834230355221e-05,2.0129171151776104e-05,117264.80997201565,18.046517248,0.09298563757167927,0.12177342758765784,0.3128687411700043,0.01,1.0,,,
34430,1.7216796875,0.0,1.7216796875,4.01506996770721e-05,2.007534983853605e-05,117273.45030471262,18.051760128,0.11464674750591149,0.14660701458558756,0.3122707161567436,0.01,1.0,,,
34440,3.068359375,0.0,3.068359375,4.0043057050592036e-05,2.0021528525296018e-05,117276.67669333144,18.057003008,0.09401770416384377,0.13537075015560213,0.31167424170006974,0.01,1.0,,,
34450,2.716796875,0.0,2.716796875,3.9935414424111974e-05,1.9967707212055987e-05,117272.8480072664,18.062245888,0.10893428019550538,0.13328264927666722,0.3110793182042551,0.01,1.0,,,
34460,3.0234375,0.0,3.0234375,3.9827771797631864e-05,1.9913885898815932e-05,117291.54381629427,18.067488768,0.09064158041027787,0.11991273361213312,0.310485946072523,0.01,1.0,,,
34470,2.9755859375,0.0,2.9755859375,3.97201291711518e-05,1.98600645855759e-05,117226.0126220901,18.072731648,0.08904823010301534,0.10933099122021696,0.30989412570704183,0.01,1.0,,,
34480,1.90478515625,0.0,1.90478515625,3.961248654467169e-05,1.9806243272335846e-05,117199.68160167546,18.077974528,0.12293670880156188,0.14918381187043162,0.30930385750893186,0.01,1.0,,,
34490,3.14453125,0.0,3.14453125,3.950484391819162e-05,1.975242195909581e-05,117163.99344321301,18.083217408,0.09707448315744227,0.12000980531627328,0.3087151418782586,0.01,1.0,,,
34500,2.46875,0.0,2.46875,3.939720129171152e-05,1.969860064585576e-05,117175.74862748678,18.088460288,0.10204498548397718,0.17490625262583445,0.30812797921403756,0.01,1.0,,,
34500,,,,,,,,,,,,,0.0,0.0,0.0
34510,3.080078125,0.0,3.080078125,3.928955866523145e-05,1.9644779332615725e-05,117126.92158992488,18.093703168,0.09383375870240432,0.1286960536391822,0.3075423699142297,0.01,1.0,,,
34520,2.455078125,0.0,2.455078125,3.9181916038751346e-05,1.9590958019375673e-05,117127.07809378003,18.098946048,0.08411721673118702,0.24611617646478176,0.3069583143757451,0.01,1.0,,,
34530,3.0908203125,0.0,3.0908203125,3.907427341227128e-05,1.953713670613564e-05,117145.86443605207,18.104188928,0.09366792449879566,0.13901001351344916,0.30637581299443817,0.01,1.0,,,
34540,1.828125,0.0,1.828125,3.896663078579117e-05,1.9483315392895583e-05,117160.12757856377,18.109431808,0.11355621253545754,0.1461972288163506,0.30579486616511276,0.01,1.0,,,
34550,2.5908203125,0.0,2.5908203125,3.8858988159311104e-05,1.9429494079655552e-05,117169.51033265327,18.114674688,0.10040343012992137,0.1383315012824278,0.30521547428151685,0.01,1.0,,,
34560,3.16015625,0.0,3.16015625,3.8751345532830994e-05,1.9375672766415497e-05,117170.37073528841,18.119917568,0.09291825943974077,0.12576033694365252,0.30463763773634617,0.01,1.0,,,
34570,2.6171875,0.0,2.6171875,3.864370290635093e-05,1.9321851453175466e-05,117159.45934481909,18.125160448,0.10284026129667447,0.1305013295255417,0.30406135692124137,0.01,1.0,,,
34580,2.4775390625,0.0,2.4775390625,3.853606027987082e-05,1.926803013993541e-05,117181.08029798271,18.130403328,0.0980449434053842,0.14003557751692053,0.3034866322267889,0.01,1.0,,,
34590,2.9892578125,0.0,2.9892578125,3.842841765339076e-05,1.921420882669538e-05,117191.49351915457,18.135646208,0.09473250076144961,0.12028783230971211,0.30291346404251984,0.01,1.0,,,
34600,2.2939453125,0.0,2.2939453125,3.832077502691065e-05,1.9160387513455325e-05,117199.57409972991,18.140889088,0.09950170306389079,0.13867235352361995,0.30234185275691194,0.01,1.0,,,
34610,3.0673828125,0.0,3.0673828125,3.8213132400430587e-05,1.9106566200215293e-05,117208.46300340455,18.146131968,0.09155560064920253,0.10391901065256702,0.3017717987573863,0.01,1.0,,,
34620,3.111328125,0.0,3.111328125,3.8105489773950477e-05,1.9052744886975238e-05,117216.30858316727,18.151374848,0.08889342590310419,0.14654906395720382,0.301203302430309,0.01,1.0,,,
34630,3.1533203125,0.0,3.1533203125,3.7997847147470414e-05,1.8998923573735207e-05,117209.06441370344,18.156617728,0.09076851103695051,0.11701773014741439,0.3006363641609905,0.01,1.0,,,
34640,3.1787109375,0.0,3.1787109375,3.7890204520990304e-05,1.8945102260495152e-05,117189.68597156034,18.161860608,0.08967798891602924,0.14429239242315245,0.30007098433368506,0.01,1.0,,,
34650,2.9873046875,0.0,2.9873046875,3.7782561894510235e-05,1.8891280947255117e-05,117154.26102810605,18.167103488,0.09206804004191822,0.1430016260557505,0.29950716333159066,0.01,1.0,,,
34660,3.0908203125,0.0,3.0908203125,3.767491926803013e-05,1.8837459634015066e-05,117164.45342892461,18.172346368,0.09118810199689924,0.11445208084217867,0.29894490153684855,0.01,1.0,,,
34670,1.68017578125,0.0,1.68017578125,3.756727664155006e-05,1.878363832077503e-05,117133.09344221716,18.177589248,0.12541940019936385,0.16548908498853043,0.29838419933054433,0.01,1.0,,,
34680,3.0751953125,0.0,3.0751953125,3.745963401506995e-05,1.8729817007534976e-05,117085.15486521568,18.182832128,0.09105709670316424,0.1134188688682359,0.2978250570927049,0.01,1.0,,,
34690,3.025390625,0.0,3.025390625,3.735199138858989e-05,1.8675995694294945e-05,117098.39674027826,18.188075008,0.0920060341165947,0.1881413942284896,0.29726747520230123,0.01,1.0,,,
34700,2.9638671875,0.0,2.9638671875,3.724434876210978e-05,1.862217438105489e-05,117106.70440815194,18.193317888,0.09188766741939888,0.15514854694595032,0.29671145403724547,0.01,1.0,,,
34710,3.1845703125,0.0,3.1845703125,3.713670613562972e-05,1.856835306781486e-05,117084.52559705939,18.198560768,0.09783880616234712,0.12383502699669043,0.2961569939743932,0.01,1.0,,,
34720,3.1123046875,0.0,3.1123046875,3.702906350914961e-05,1.8514531754574803e-05,117095.69376530625,18.203803648,0.0918974515094863,0.13986300037481003,0.29560409538954124,0.01,1.0,,,
34730,2.38427734375,0.0,2.38427734375,3.6921420882669544e-05,1.8460710441334772e-05,117109.50458566862,18.209046528,0.09274299935792585,0.11788557046560419,0.2950527586574281,0.01,1.0,,,
34740,2.4794921875,0.0,2.4794921875,3.6813778256189434e-05,1.8406889128094717e-05,117110.59220380321,18.214289408,0.09449022834713691,0.15233543999478805,0.29450298415173437,0.01,1.0,,,
34750,3.0205078125,0.0,3.0205078125,3.670613562970937e-05,1.8353067814854686e-05,117112.9970379186,18.219532288,0.09138552939219657,0.10379892121745252,0.29395477224508043,0.01,1.0,,,
34760,2.71484375,0.0,2.71484375,3.659849300322926e-05,1.829924650161463e-05,117117.4960406857,18.224775168,0.08769631457071142,0.10399848160359661,0.29340812330902877,0.01,1.0,,,
34770,3.0439453125,0.0,3.0439453125,3.64908503767492e-05,1.82454251883746e-05,117114.99109826951,18.230018048,0.08864628265548728,0.16163684392211156,0.29286303771408245,0.01,1.0,,,
34780,3.0478515625,0.0,3.0478515625,3.638320775026909e-05,1.8191603875134545e-05,117111.70264212695,18.235260928,0.09548079289162355,0.11744091034858413,0.2923195158296844,0.01,1.0,,,
34790,3.2197265625,0.0,3.2197265625,3.627556512378903e-05,1.8137782561894513e-05,117126.81018617473,18.240503808,0.09146226302994616,0.18377564742329586,0.291777558024218,0.01,1.0,,,
34800,3.0703125,0.0,3.0703125,3.616792249730892e-05,1.808396124865446e-05,117131.21560208152,18.245746688,0.09031196359458052,0.1707771513128049,0.2912371646650069,0.01,1.0,,,
34810,3.0537109375,0.0,3.0537109375,3.606027987082885e-05,1.8030139935414424e-05,117139.69366692306,18.250989568,0.10173768342437856,0.11719023705430537,0.2906983361183137,0.01,1.0,,,
34820,3.02734375,0.0,3.02734375,3.5952637244348785e-05,1.7976318622174392e-05,117157.38029669238,18.256232448,0.10004649902698691,0.12359780201401699,0.2901610727493405,0.01,1.0,,,
34830,1.85498046875,0.0,1.85498046875,3.5844994617868675e-05,1.7922497308934337e-05,117164.65157823317,18.261475328,0.09874353452214182,0.12685306282628123,0.28962537492222956,0.01,1.0,,,
34840,3.0927734375,0.0,3.0927734375,3.573735199138861e-05,1.7868675995694306e-05,117170.58702029868,18.266718208,0.09128061097938735,0.11367216578988262,0.2890912430000606,0.01,1.0,,,
34850,3.005859375,0.0,3.005859375,3.56297093649085e-05,1.781485468245425e-05,117186.90553276615,18.271961088,0.0884209544287737,0.15414638422994925,0.28855867734485363,0.01,1.0,,,
34860,3.126953125,0.0,3.126953125,3.552206673842844e-05,1.776103336921422e-05,117176.15814868754,18.277203968,0.08960733232137028,0.12238581801947199,0.28802767831756526,0.01,1.0,,,
34870,2.658203125,0.0,2.658203125,3.541442411194833e-05,1.7707212055974165e-05,117192.19935803134,18.282446848,0.0993085311869601,0.11983730356770944,0.2874982462780916,0.01,1.0,,,
34880,3.140625,0.0,3.140625,3.530678148546827e-05,1.7653390742734134e-05,117209.28969242082,18.287689728,0.0928025330512795,0.14181316939203212,0.28697038158526667,0.01,1.0,,,
34890,3.033203125,0.0,3.033203125,3.519913885898816e-05,1.759956942949408e-05,117194.38180234985,18.292932608,0.08853810185660016,0.13419125487778333,0.2864440845968613,0.01,1.0,,,
34900,1.337890625,0.0,1.337890625,3.5091496232508094e-05,1.7545748116254047e-05,117168.40861035901,18.298175488,0.07871970129998287,0.12013647301273142,0.285919355669585,0.01,1.0,,,
34910,3.0654296875,0.0,3.0654296875,3.4983853606027984e-05,1.7491926803013992e-05,117169.35390280056,18.303418368,0.088648155798833,0.12258441867742048,0.2853961951590832,0.01,1.0,,,
34920,3.037109375,0.0,3.037109375,3.487621097954792e-05,1.743810548977396e-05,117174.44897476707,18.308661248,0.09339315316445189,0.16585058956590948,0.2848746034199393,0.01,1.0,,,
34930,2.6025390625,0.0,2.6025390625,3.476856835306781e-05,1.7384284176533906e-05,117159.54056041133,18.313904128,0.10202823821941459,0.1742589332492133,0.2843545808056726,0.01,1.0,,,
34940,3.1298828125,0.0,3.1298828125,3.466092572658774e-05,1.733046286329387e-05,117167.21712386535,18.319147008,0.09178352163719943,0.10328410883654258,0.28383612766874017,0.01,1.0,,,
34950,2.548828125,0.0,2.548828125,3.455328310010764e-05,1.727664155005382e-05,117183.33243321428,18.324389888,0.1050691387323161,0.13489345839044828,0.2833192443605334,0.01,1.0,,,
34960,2.9990234375,0.0,2.9990234375,3.444564047362757e-05,1.7222820236813785e-05,117176.31059699031,18.329632768,0.08860798689573947,0.12256474087307927,0.28280393123138226,0.01,1.0,,,
34970,3.1875,0.0,3.1875,3.433799784714746e-05,1.716899892357373e-05,117181.85155099066,18.334875648,0.09294741068645544,0.12066556588694707,0.28229018863054967,0.01,1.0,,,
34980,3.177734375,0.0,3.177734375,3.42303552206674e-05,1.71151776103337e-05,117187.70195965274,18.340118528,0.09078620809143528,0.09006986876674264,0.28177801690623633,0.01,1.0,,,
34990,3.0869140625,0.0,3.0869140625,3.412271259418729e-05,1.7061356297093644e-05,117163.42590746419,18.345361408,0.08996548845303254,0.12658990180015423,0.28126741640557656,0.01,1.0,,,
35000,2.39453125,0.0,2.39453125,3.4015069967707225e-05,1.7007534983853612e-05,117166.92208776459,18.350604288,0.09177052216599454,0.1156259840308938,0.2807583874746416,0.01,1.0,,,
35000,,,,,,,,,,,,,0.0,0.0,0.0
35010,1.62744140625,0.0,1.62744140625,3.3907427341227115e-05,1.6953713670613557e-05,117106.29286462786,18.355847168,0.0856783237408193,0.17872328456797507,0.2802509304584359,0.01,1.0,,,
35020,3.046875,0.0,3.046875,3.379978471474705e-05,1.6899892357373526e-05,117123.76249416253,18.361090048,0.08936116656906434,0.1256365399087488,0.27974504570089936,0.01,1.0,,,
35030,3.0927734375,0.0,3.0927734375,3.369214208826694e-05,1.684607104413347e-05,117139.07623918455,18.366332928,0.09633662199051334,0.14373987444378356,0.2792407335449057,0.01,1.0,,,
35040,2.9970703125,0.0,2.9970703125,3.358449946178688e-05,1.679224973089344e-05,117138.50047352366,18.371575808,0.1030641751156778,0.18507734993866154,0.2787379943322633,0.01,1.0,,,
35050,3.0673828125,0.0,3.0673828125,3.347685683530677e-05,1.6738428417653385e-05,117152.90058364552,18.376818688,0.08909924265128287,0.11207660651484265,0.2782368284037138,0.01,1.0,,,
35060,1.6787109375,0.0,1.6787109375,3.336921420882671e-05,1.6684607104413354e-05,117128.17142720905,18.382061568,0.13002048030218943,0.1907900758607484,0.2777372360989337,0.01,1.0,,,
35070,3.1845703125,0.0,3.1845703125,3.32615715823466e-05,1.66307857911733e-05,117137.47444713862,18.387304448,0.09544208376878456,0.14395893656872547,0.2772392177565319,0.01,1.0,,,
35080,2.6181640625,0.0,2.6181640625,3.315392895586653e-05,1.6576964477933264e-05,117112.1391253606,18.392547328,0.10040680507325538,0.13926946937366377,0.2767427737140501,0.01,1.0,,,
35090,3.162109375,0.0,3.162109375,3.3046286329386425e-05,1.6523143164693212e-05,117107.94896586714,18.397790208,0.08871998536860039,0.15143219654752457,0.2762479043079648,0.01,1.0,,,
35100,2.1630859375,0.0,2.1630859375,3.2938643702906355e-05,1.6469321851453178e-05,117104.35385960841,18.403033088,0.0921543290416033,0.12267801737491447,0.27575460987368317,0.01,1.0,,,
35110,3.0380859375,0.0,3.0380859375,3.283100107642625e-05,1.6415500538213126e-05,117094.49062996055,18.408275968,0.08987714828060399,0.11086619178275545,0.2752628907455468,0.01,1.0,,,
35120,1.60693359375,0.0,1.60693359375,3.272335844994618e-05,1.636167922497309e-05,117108.01147563153,18.413518848,0.08634218268560072,0.13241218719784228,0.274772747256828,0.01,1.0,,,
35130,2.9912109375,0.0,2.9912109375,3.261571582346607e-05,1.6307857911733036e-05,117124.7441639128,18.418761728,0.09258015249288086,0.11570698512615515,0.274284179739732,0.01,1.0,,,
35140,1.7021484375,0.0,1.7021484375,3.250807319698601e-05,1.6254036598493005e-05,117140.92826295449,18.424004608,0.08370003841123376,0.10530483970451185,0.27379718852539525,0.01,1.0,,,
35150,2.556640625,0.0,2.556640625,3.24004305705059e-05,1.620021528525295e-05,117158.89519575772,18.429247488,0.1012475907080918,0.13537785291688184,0.2733117739438871,0.01,1.0,,,
35160,3.0126953125,0.0,3.0126953125,3.229278794402584e-05,1.614639397201292e-05,117151.86621750017,18.434490368,0.09261492232328371,0.15008172397722086,0.272827936324207,0.01,1.0,,,
35170,3.0244140625,0.0,3.0244140625,3.218514531754573e-05,1.6092572658772864e-05,117160.40218937084,18.439733248,0.0904121424338419,0.1178509075557211,0.2723456759942862,0.01,1.0,,,
35180,3.0400390625,0.0,3.0400390625,3.2077502691065665e-05,1.6038751345532833e-05,117166.90189665633,18.444976128,0.10553066351313287,0.11025740562295021,0.2718649932809868,0.01,1.0,,,
35190,2.9892578125,0.0,2.9892578125,3.19698600645856e-05,1.59849300322928e-05,117163.14340290336,18.450219008,0.08838327527464068,0.10635367316724115,0.27138588851010165,0.01,1.0,,,
35200,3.115234375,0.0,3.115234375,3.186221743810549e-05,1.5931108719052746e-05,117176.86531802821,18.455461888,0.08947802327523598,0.11139096831591645,0.27090836200635354,0.01,1.0,,,
35210,3.0908203125,0.0,3.0908203125,3.175457481162542e-05,1.587728740581271e-05,117190.13414939019,18.460704768,0.09002226331003432,0.12791272798036482,0.2704324140933968,0.01,1.0,,,
35220,2.1923828125,0.0,2.1923828125,3.164693218514532e-05,1.582346609257266e-05,117191.1649480563,18.465947648,0.09310657401138221,0.11628639513341246,0.26995804509381455,0.01,1.0,,,
35230,3.10546875,0.0,3.10546875,3.153928955866525e-05,1.5769644779332625e-05,117194.94780714513,18.471190528,0.09496603584883694,0.14030044701503042,0.26948525532912077,0.01,1.0,,,
35240,3.0791015625,0.0,3.0791015625,3.143164693218514e-05,1.571582346609257e-05,117202.73744996845,18.476433408,0.09655593142594147,0.12619881731258523,0.2690140451197588,0.01,1.0,,,
35250,2.5341796875,0.0,2.5341796875,3.132400430570508e-05,1.566200215285254e-05,117210.83685808552,18.481676288,0.10759877561812321,0.13559136265207197,0.2685444147851007,0.01,1.0,,,
35260,3.0673828125,0.0,3.0673828125,3.121636167922497e-05,1.5608180839612484e-05,117229.28665093573,18.486919168,0.09721250028922614,0.13667389353631482,0.2680763646434484,0.01,1.0,,,
35270,1.33447265625,0.0,1.33447265625,3.1108719052744905e-05,1.5554359526372453e-05,117245.04077535955,18.492162048,0.07805441521049601,0.13162533212311636,0.26760989501203325,0.01,1.0,,,
35280,2.4931640625,0.0,2.4931640625,3.1001076426264795e-05,1.5500538213132398e-05,117245.9205768869,18.497404928,0.10949767816647234,0.15428631677511911,0.2671450062070142,0.01,1.0,,,
35290,3.0791015625,0.0,3.0791015625,3.089343379978473e-05,1.5446716899892366e-05,117249.16256944902,18.502647808,0.09507861885489839,0.22036220659929326,0.26668169854347984,0.01,1.0,,,
35300,2.6240234375,0.0,2.6240234375,3.078579117330462e-05,1.539289558665231e-05,117249.09650974229,18.507890688,0.10087714174730229,0.1291139022530118,0.2662199723354465,0.01,1.0,,,
35310,3.1279296875,0.0,3.1279296875,3.067814854682456e-05,1.533907427341228e-05,117244.94181198505,18.513133568,0.09205951259487734,0.11333243805126343,0.2657598278958586,0.01,1.0,,,
35320,2.5576171875,0.0,2.5576171875,3.057050592034445e-05,1.5285252960172225e-05,117239.5773625109,18.518376448,0.10036154774932536,0.1187045412194869,0.2653012655365893,0.01,1.0,,,
35330,2.7265625,0.0,2.7265625,3.0462863293864384e-05,1.5231431646932192e-05,117256.83596356174,18.523619328,0.08927325573405255,0.10843625195940304,0.26484428556843803,0.01,1.0,,,
35340,3.2138671875,0.0,3.2138671875,3.0355220667384278e-05,1.5177610333692139e-05,117274.0839367884,18.528862208,0.09971291294909343,0.11938025046185924,0.2643888883011335,0.01,1.0,,,
35350,2.5673828125,0.0,2.5673828125,3.0247578040904212e-05,1.5123789020452106e-05,117280.18099203463,18.534105088,0.10103280125990484,0.13049967623162226,0.2639350740433303,0.01,1.0,,,
35360,3.0986328125,0.0,3.0986328125,3.0139935414424102e-05,1.5069967707212051e-05,117290.57339613333,18.539347968,0.1196545680535943,0.14519134210711176,0.2634828431026106,0.01,1.0,,,
35370,1.685546875,0.0,1.685546875,3.003229278794404e-05,1.501614639397202e-05,117291.34783067789,18.544590848,0.10536465778469742,0.17374328392450386,0.2630321957854832,0.01,1.0,,,
35380,3.0517578125,0.0,3.0517578125,2.992465016146393e-05,1.4962325080731965e-05,117309.49977678417,18.549833728,0.09352771567149544,0.11594443234233821,0.26258313239738407,0.01,1.0,,,
35390,3.08984375,0.0,3.08984375,2.9817007534983867e-05,1.4908503767491933e-05,117313.52543152579,18.555076608,0.09724860290127345,0.13250469706941975,0.2621356532426752,0.01,1.0,,,
35400,2.5654296875,0.0,2.5654296875,2.9709364908503757e-05,1.4854682454251878e-05,117310.25524728448,18.560319488,0.09650249435473149,0.11834188686779881,0.26168975862464555,0.01,1.0,,,
35410,3.1044921875,0.0,3.1044921875,2.960172228202369e-05,1.4800861141011845e-05,117319.49077327321,18.565562368,0.09706949440785882,0.13432113911686633,0.2612454488455086,0.01,1.0,,,
35420,3.1064453125,0.0,3.1064453125,2.9494079655543584e-05,1.4747039827771792e-05,117321.52841269977,18.570805248,0.09113804242077718,0.1481687388629887,0.2608027242064052,0.01,1.0,,,
35430,2.9658203125,0.0,2.9658203125,2.9386437029063518e-05,1.4693218514531759e-05,117327.9423726358,18.576048128,0.09840836300463666,0.11222327417014936,0.26036158500740136,0.01,1.0,,,
35440,1.6806640625,0.0,1.6806640625,2.9278794402583408e-05,1.4639397201291704e-05,117333.09590237276,18.581291008,0.10234753941279703,0.14461225247903275,0.25992203154748816,0.01,1.0,,,
35450,3.0458984375,0.0,3.0458984375,2.9171151776103346e-05,1.4585575888051673e-05,117337.07014386961,18.586533888,0.09223489657524978,0.10547139669035803,0.2594840641245823,0.01,1.0,,,
35460,3.0576171875,0.0,3.0576171875,2.9063509149623236e-05,1.4531754574811618e-05,117337.6814116508,18.591776768,0.08960690469489745,0.11188307823384448,0.25904768303552583,0.01,1.0,,,
35470,2.525390625,0.0,2.525390625,2.8955866523143173e-05,1.4477933261571586e-05,117333.86806207336,18.597019648,0.09968410890378507,0.1649952527376882,0.2586128885760842,0.01,1.0,,,
35480,3.1865234375,0.0,3.1865234375,2.8848223896663063e-05,1.4424111948331531e-05,117344.63530925971,18.602262528,0.09416420560773589,0.12794463889991628,0.25817968104094946,0.01,1.0,,,
35490,2.45703125,0.0,2.45703125,2.8740581270182997e-05,1.4370290635091499e-05,117345.32397452218,18.607505408,0.10184762253397732,0.11770151600064802,0.2577480607237364,0.01,1.0,,,
35500,2.94921875,0.0,2.94921875,2.863293864370289e-05,1.4316469321851445e-05,117360.22271060765,18.612748288,0.09284732299093994,0.10270158684483809,0.2573180279169856,0.01,1.0,,,
35500,,,,,,,,,,,,,0.0,0.0,0.0
35510,2.42724609375,0.0,2.42724609375,2.8525296017222824e-05,1.4262648008611412e-05,117308.45188805209,18.617991168,0.10546854727437932,0.14410066921930773,0.2568895829121602,0.01,1.0,,,
35520,2.8984375,0.0,2.8984375,2.8417653390742714e-05,1.4208826695371357e-05,117294.25562101515,18.623234048,0.1170809402103684,0.18036704799073214,0.25646272599964764,0.01,1.0,,,
35530,2.994140625,0.0,2.994140625,2.8310010764262652e-05,1.4155005382131326e-05,117294.9371519961,18.628476928,0.09026688889294797,0.1126275844213295,0.2560374574687595,0.01,1.0,,,
35540,1.4501953125,0.0,1.4501953125,2.8202368137782542e-05,1.4101184068891271e-05,117296.53628391879,18.633719808,0.08366715148167736,0.11457247709432108,0.25561377760773046,0.01,1.0,,,
35550,1.0498046875,0.0,1.0498046875,2.809472551130248e-05,1.404736275565124e-05,117291.4089336647,18.638962688,0.5790018660042457,0.8163185240596796,0.25519168670371856,0.01,1.0,,,
35560,3.1806640625,0.0,3.1806640625,2.7987082884822413e-05,1.3993541442411207e-05,117298.98475558824,18.644205568,0.09649476206957752,0.12532097771029063,0.2547711850428046,0.01,1.0,,,
35570,3.1630859375,0.0,3.1630859375,2.7879440258342303e-05,1.3939720129171152e-05,117308.18329465191,18.649448448,0.09130665505199066,0.12340570533129827,0.25435227290999257,0.01,1.0,,,
35580,3.0634765625,0.0,3.0634765625,2.777179763186224e-05,1.388589881593112e-05,117323.97576638493,18.654691328,0.09047213487808874,0.09558166347926089,0.25393495058920845,0.01,1.0,,,
35590,2.9814453125,0.0,2.9814453125,2.766415500538213e-05,1.3832077502691065e-05,117323.43279756849,18.659934208,0.09188685430229498,0.11053483452418326,0.25351921836330193,0.01,1.0,,,
35600,3.1337890625,0.0,3.1337890625,2.7556512378902065e-05,1.3778256189451032e-05,117324.66338508428,18.665177088,0.10436481508024496,0.14840580989550836,0.2531050765140437,0.01,1.0,,,
35610,3.013671875,0.0,3.013671875,2.7448869752421958e-05,1.3724434876210979e-05,117336.70908441923,18.670419968,0.09183456950738224,0.1244436992691784,0.25269252532212727,0.01,1.0,,,
35620,3.13671875,0.0,3.13671875,2.7341227125941892e-05,1.3670613562970946e-05,117330.41403405352,18.675662848,0.09690500157071244,0.12817617585478946,0.25228156506716826,0.01,1.0,,,
35630,3.029296875,0.0,3.029296875,2.7233584499461782e-05,1.3616792249730891e-05,117347.60053486584,18.680905728,0.10341917259698025,0.10824986073765486,0.2518721960277032,0.01,1.0,,,
35640,3.203125,0.0,3.203125,2.712594187298172e-05,1.356297093649086e-05,117363.90130656229,18.686148608,0.09610591143104562,0.18054434038249842,0.25146441848119033,0.01,1.0,,,
35650,3.1279296875,0.0,3.1279296875,2.701829924650161e-05,1.3509149623250805e-05,117373.3474222711,18.691391488,0.08828959688836045,0.16285385032006439,0.2510582327040103,0.01,1.0,,,
35660,2.671875,0.0,2.671875,2.6910656620021547e-05,1.3455328310010774e-05,117382.5454268393,18.696634368,0.10365489107099596,0.12684365786293472,0.2506536389714629,0.01,1.0,,,
35670,3.21875,0.0,3.21875,2.6803013993541437e-05,1.3401506996770719e-05,117396.33092756587,18.701877248,0.09297425449498778,0.13197594905784443,0.25025063755777127,0.01,1.0,,,
35680,2.41796875,0.0,2.41796875,2.669537136706137e-05,1.3347685683530686e-05,117394.49868492247,18.707120128,0.08414765525098014,0.10038247253793807,0.24984922873607707,0.01,1.0,,,
35690,3.05859375,0.0,3.05859375,2.6587728740581265e-05,1.3293864370290632e-05,117388.5897054929,18.712363008,0.09586828521858722,0.1197152807435939,0.24944941277844432,0.01,1.0,,,
35700,2.546875,0.0,2.546875,2.64800861141012e-05,1.32400430570506e-05,117362.5524338295,18.717605888,0.10188063481224145,0.11920154944896019,0.24905118995585573,0.01,1.0,,,
35710,2.6259765625,0.0,2.6259765625,2.637244348762109e-05,1.3186221743810544e-05,117368.15391893435,18.722848768,0.09948309516438933,0.1416433266567409,0.2486545605382162,0.01,1.0,,,
35720,3.0908203125,0.0,3.0908203125,2.6264800861141026e-05,1.3132400430570513e-05,117379.3053208437,18.728091648,0.0919836466202347,0.11308860693178784,0.24825952479434907,0.01,1.0,,,
35730,3.21875,0.0,3.21875,2.6157158234660916e-05,1.3078579117330458e-05,117370.865305568,18.733334528,0.09219719118522958,0.14586385725639414,0.24786608299199858,0.01,1.0,,,
35740,1.82470703125,0.0,1.82470703125,2.6049515608180853e-05,1.3024757804090427e-05,117375.67135669905,18.738577408,0.1095506076254803,0.14098363140252557,0.2474742353978277,0.01,1.0,,,
35750,3.0244140625,0.0,3.0244140625,2.5941872981700743e-05,1.2970936490850372e-05,117387.19833016508,18.743820288,0.11610235192875355,0.3713428692203491,0.24708398227741946,0.01,1.0,,,
35760,3.134765625,0.0,3.134765625,2.5834230355220678e-05,1.2917115177610339e-05,117403.35148383713,18.749063168,0.09199022762648763,0.14263450824615667,0.24669532389527637,0.01,1.0,,,
35770,2.541015625,0.0,2.541015625,2.572658772874057e-05,1.2863293864370285e-05,117397.75814895197,18.754306048,0.10198900835318409,0.1572459554923988,0.24630826051481922,0.01,1.0,,,
35780,3.0361328125,0.0,3.0361328125,2.5618945102260505e-05,1.2809472551130252e-05,117387.99841669899,18.759548928,0.10164161174916671,0.1691881832409828,0.24592279239838932,0.01,1.0,,,
35790,1.364990234375,0.0,1.364990234375,2.5511302475780395e-05,1.2755651237890197e-05,117401.05143213901,18.764791808,0.08372809613699952,0.11887149664059955,0.24553891980724496,0.01,1.0,,,
35800,3.0888671875,0.0,3.0888671875,2.5403659849300332e-05,1.2701829924650166e-05,117414.17881587493,18.770034688,0.09180970537164207,0.12676129622878565,0.24515664300156434,0.01,1.0,,,
35810,3.1142578125,0.0,3.1142578125,2.5296017222820222e-05,1.2648008611410111e-05,117420.48526004673,18.775277568,0.09296300757556583,0.11774245452008474,0.2447759622404429,0.01,1.0,,,
35820,1.55126953125,0.0,1.55126953125,2.518837459634016e-05,1.259418729817008e-05,117419.05440688324,18.780520448,0.07978376150023554,0.12022888240559113,0.24439687778189587,0.01,1.0,,,
35830,1.88916015625,0.0,1.88916015625,2.508073196986005e-05,1.2540365984930025e-05,117422.24490182681,18.785763328,0.11549418451124509,0.12016192989267993,0.2440193898828553,0.01,1.0,,,
35840,3.1162109375,0.0,3.1162109375,2.4973089343379984e-05,1.2486544671689992e-05,117423.26718606582,18.791006208,0.09159720084305695,0.1414619316885942,0.24364349879917171,0.01,1.0,,,
35850,0.14404296875,0.0,0.14404296875,2.4865446716899877e-05,1.2432723358449939e-05,117426.83954121864,18.796249088,0.2628471100033352,0.9646755680566165,0.24326920478561284,0.01,1.0,,,
35860,2.904296875,0.0,2.904296875,2.475780409041981e-05,1.2378902045209906e-05,117440.65231081784,18.801491968,0.09178194626177451,0.13626944151630935,0.24289650809586477,0.01,1.0,,,
35870,2.9306640625,0.0,2.9306640625,2.46501614639397e-05,1.232508073196985e-05,117444.09289977308,18.806734848,0.09441379238619298,0.10653709564203157,0.24252540898253,0.01,1.0,,,
35880,3.0419921875,0.0,3.0419921875,2.454251883745964e-05,1.227125941872982e-05,117427.50203142666,18.811977728,0.10216844805986772,0.13569752854063485,0.2421559076971292,0.01,1.0,,,
35890,1.5693359375,0.0,1.5693359375,2.443487621097953e-05,1.2217438105489764e-05,117427.80098067992,18.817220608,0.1033838855258958,0.13687098202572523,0.24178800449009935,0.01,1.0,,,
35900,3.1044921875,0.0,3.1044921875,2.4327233584499466e-05,1.2163616792249733e-05,117408.1675715908,18.822463488,0.0935150755297491,0.13135955512495542,0.24142169961079488,0.01,1.0,,,
35910,3.1103515625,0.0,3.1103515625,2.4219590958019356e-05,1.2109795479009678e-05,117417.76912609517,18.827706368,0.09046336250102122,0.11828344680194276,0.24105699330748626,0.01,1.0,,,
35920,3.11328125,0.0,3.11328125,2.411194833153929e-05,1.2055974165769645e-05,117415.32887660745,18.832949248,0.09029074250139356,0.10934307007520597,0.24069388582736106,0.01,1.0,,,
35930,3.125,0.0,3.125,2.4004305705059184e-05,1.2002152852529592e-05,117387.65136170063,18.838192128,0.09116582640410713,0.10136165459723163,0.24033237741652302,0.01,1.0,,,
35940,1.518798828125,0.0,1.518798828125,2.3896663078579118e-05,1.1948331539289559e-05,117401.12266948115,18.843435008,0.07987135133944061,0.10865683587361537,0.23997246831999208,0.01,1.0,,,
35950,1.98388671875,0.0,1.98388671875,2.3789020452099055e-05,1.1894510226049528e-05,117408.1568052256,18.848677888,0.10731440324164443,0.12419360431445037,0.23961415878170406,0.01,1.0,,,
35960,2.8583984375,0.0,2.8583984375,2.3681377825618945e-05,1.1840688912809473e-05,117423.38809522534,18.853920768,0.0897962357873791,0.13270928126314294,0.23925744904451057,0.01,1.0,,,
35970,2.6884765625,0.0,2.6884765625,2.357373519913888e-05,1.178686759956944e-05,117435.41838899646,18.859163648,0.09889404033470568,0.1404255384190503,0.23890233935017957,0.01,1.0,,,
35980,2.490234375,0.0,2.490234375,2.3466092572658773e-05,1.1733046286329386e-05,117443.44144377563,18.864406528,0.10916850685925712,0.13748467128016484,0.23854882993939397,0.01,1.0,,,
35990,1.806640625,0.0,1.806640625,2.3358449946178707e-05,1.1679224973089353e-05,117445.25756001794,18.869649408,0.10529817036740328,0.16039760340866902,0.23819692105175197,0.01,1.0,,,
36000,3.0,0.0,3.0,2.3250807319698597e-05,1.1625403659849298e-05,117439.90802312536,18.874892288,0.09625746247643888,0.12569017806854724,0.23784661292576761,0.01,1.0,,,
36000,,,,,,,,,,,,,0.0,0.0,0.0
36010,1.59228515625,0.0,1.59228515625,2.3143164693218534e-05,1.1571582346609267e-05,117404.96578407938,18.880135168,0.08219987588888739,0.13970021403231064,0.23749790579886965,0.01,1.0,,,
36020,2.431640625,0.0,2.431640625,2.3035522066738424e-05,1.1517761033369212e-05,117410.14360484509,18.885378048,0.09570344121081366,0.12136890468750816,0.23715079990740096,0.01,1.0,,,
36030,3.05078125,0.0,3.05078125,2.2927879440258358e-05,1.1463939720129179e-05,117414.6963342249,18.890620928,0.09073818730767172,0.11745421509990933,0.23680529548662035,0.01,1.0,,,
36040,2.6396484375,0.0,2.6396484375,2.282023681377825e-05,1.1410118406889126e-05,117428.2647109423,18.895863808,0.1003693244955817,0.11728959521106362,0.23646139277070077,0.01,1.0,,,
36050,2.5625,0.0,2.5625,2.2712594187298185e-05,1.1356297093649093e-05,117439.45904656388,18.901106688,0.09469595091557431,0.11672764458902292,0.23611909199272932,0.01,1.0,,,
36060,3.1025390625,0.0,3.1025390625,2.260495156081808e-05,1.130247578040904e-05,117447.31082951918,18.906349568,0.09362923038518642,0.13330547854162828,0.23577839338470766,0.01,1.0,,,
36070,3.15625,0.0,3.15625,2.2497308934338013e-05,1.1248654467169006e-05,117462.08823864762,18.911592448,0.10016906971915424,0.11905036068584994,0.23543929717755133,0.01,1.0,,,
36080,3.0576171875,0.0,3.0576171875,2.2389666307857903e-05,1.1194833153928951e-05,117457.94260930702,18.916835328,0.09262601859694637,0.1349629360117677,0.23510180360108981,0.01,1.0,,,
36090,3.0849609375,0.0,3.0849609375,2.228202368137784e-05,1.114101184068892e-05,117438.636590345,18.922078208,0.09643031006866071,0.13325664050940686,0.2347659128840668,0.01,1.0,,,
36100,2.2529296875,0.0,2.2529296875,2.217438105489773e-05,1.1087190527448865e-05,117445.57575853186,18.927321088,0.30611631835842346,0.5879028990521948,0.23443162525413888,0.01,1.0,,,
36110,3.2392578125,0.0,3.2392578125,2.2066738428417664e-05,1.1033369214208832e-05,117443.39014650091,18.932563968,0.09219554599297487,0.11471220829156312,0.23409894093787706,0.01,1.0,,,
36120,3.1455078125,0.0,3.1455078125,2.1959095801937558e-05,1.0979547900968779e-05,117452.31082496633,18.937806848,0.09482386718150257,0.11623317486334994,0.23376786016076467,0.01,1.0,,,
36130,2.97119140625,0.0,2.97119140625,2.1851453175457492e-05,1.0925726587728746e-05,117463.92643237069,18.943049728,0.08946485120782177,0.10381802633898887,0.2334383831471988,0.01,1.0,,,
36140,2.4951171875,0.0,2.4951171875,2.1743810548977385e-05,1.0871905274488693e-05,117476.31813495404,18.948292608,0.09924187195799744,0.11699395097539234,0.23311051012048933,0.01,1.0,,,
36150,3.0556640625,0.0,3.0556640625,2.163616792249732e-05,1.081808396124866e-05,117487.25257193935,18.953535488,0.09618095911063665,0.12182865478079852,0.23278424130285932,0.01,1.0,,,
36160,3.0712890625,0.0,3.0712890625,2.152852529601721e-05,1.0764262648008605e-05,117491.9733323567,18.958778368,0.09040177106866729,0.1158102201673051,0.23245957691544383,0.01,1.0,,,
36170,3.181640625,0.0,3.181640625,2.1420882669537147e-05,1.0710441334768573e-05,117500.91131255652,18.964021248,0.09091250059485868,0.09029610341789251,0.2321365171782917,0.01,1.0,,,
36180,3.2236328125,0.0,3.2236328125,2.1313240043057037e-05,1.0656620021528518e-05,117503.97306159406,18.969264128,0.09143647640244662,0.11711524825858136,0.23181506231036295,0.01,1.0,,,
36190,3.048828125,0.0,3.048828125,2.120559741657697e-05,1.0602798708288485e-05,117505.24355250041,18.974507008,0.0876509226411975,0.11232054134813597,0.2314952125295302,0.01,1.0,,,
36200,2.72265625,0.0,2.72265625,2.1097954790096864e-05,1.0548977395048432e-05,117516.62959210899,18.979749888,0.15824166682383844,0.32055068864595304,0.23117696805257879,0.01,1.0,,,
36210,3.203125,0.0,3.203125,2.0990312163616798e-05,1.0495156081808399e-05,117528.46595001839,18.984992768,0.09232725844374319,0.12544899173956145,0.23086032909520543,0.01,1.0,,,
36220,2.6533203125,0.0,2.6533203125,2.0882669537136688e-05,1.0441334768568344e-05,117533.7293156039,18.990235648,0.08677028708488677,0.12107423011053527,0.23054529587201902,0.01,1.0,,,
36230,2.9306640625,0.0,2.9306640625,2.0775026910656626e-05,1.0387513455328313e-05,117541.27400052735,18.995478528,0.09233539857754873,0.10455567960362848,0.2302318685965397,0.01,1.0,,,
36240,1.6787109375,0.0,1.6787109375,2.0667384284176516e-05,1.0333692142088258e-05,117555.3335333914,19.000721408,0.0816522793877156,0.11256678059823845,0.22992004748119968,0.01,1.0,,,
36250,3.0595703125,0.0,3.0595703125,2.0559741657696453e-05,1.0279870828848227e-05,117568.93683224224,19.005964288,0.0947040939993046,0.10561886104736642,0.22960983273734162,0.01,1.0,,,
36260,2.552734375,0.0,2.552734375,2.0452099031216343e-05,1.0226049515608172e-05,117571.11301788254,19.011207168,0.10017524364180046,0.19755467023952283,0.2293012245752208,0.01,1.0,,,
36270,1.8046875,0.0,1.8046875,2.0344456404736277e-05,1.0172228202368139e-05,117583.07939936206,19.016450048,0.10823524175451021,0.12349603404620776,0.22899422320400245,0.01,1.0,,,
36280,3.0595703125,0.0,3.0595703125,2.023681377825617e-05,1.0118406889128085e-05,117590.94319664504,19.021692928,0.09381483067038174,0.10872261733057421,0.22868882883176334,0.01,1.0,,,
36290,0.72998046875,0.0,0.72998046875,2.0129171151776104e-05,1.0064585575888052e-05,117599.5112505529,19.026935808,0.28908852059355145,0.38494082577387256,0.22838504166549117,0.01,1.0,,,
36300,3.09765625,0.0,3.09765625,2.0021528525295994e-05,1.0010764262647997e-05,117607.54825966104,19.032178688,0.1059689633921901,0.11876118648479791,0.2280828619110837,0.01,1.0,,,
36310,3.005859375,0.0,3.005859375,1.9913885898815932e-05,9.956942949407966e-06,117576.32714970558,19.037421568,0.0924079517720542,0.10260241706328141,0.2277822897733496,0.01,1.0,,,
36320,3.17578125,0.0,3.17578125,1.9806243272335866e-05,9.903121636167933e-06,117573.38422493367,19.042664448,0.09074297554759092,0.13379374050003986,0.22748332545600808,0.01,1.0,,,
36330,3.1162109375,0.0,3.1162109375,1.969860064585576e-05,9.84930032292788e-06,117578.17176341325,19.047907328,0.09128862332032178,0.10570901377910122,0.22718596916168848,0.01,1.0,,,
36340,2.640625,0.0,2.640625,1.9590958019375693e-05,9.795479009687847e-06,117589.37999737567,19.053150208,0.11045446495502691,0.1503976623277313,0.2268902210919307,0.01,1.0,,,
36350,3.0458984375,0.0,3.0458984375,1.9483315392895583e-05,9.741657696447792e-06,117603.03655446456,19.058393088,0.09380985401850053,0.1417893414086407,0.22659608144718338,0.01,1.0,,,
36360,3.087890625,0.0,3.087890625,1.937567276641552e-05,9.68783638320776e-06,117610.66536843963,19.063635968,0.12485262351782553,0.17234191891100445,0.2263035504268066,0.01,1.0,,,
36370,2.447265625,0.0,2.447265625,1.926803013993541e-05,9.634015069967705e-06,117620.39570696799,19.068878848,0.09221167285437198,0.1065437796245278,0.22601262822906865,0.01,1.0,,,
36380,2.98046875,0.0,2.98046875,1.9160387513455348e-05,9.580193756727674e-06,117605.98527946927,19.074121728,0.08931259835856523,0.10590424063723998,0.2257233150511489,0.01,1.0,,,
36390,2.62890625,0.0,2.62890625,1.9052744886975238e-05,9.526372443487619e-06,117611.93117666678,19.079364608,0.09940713347020363,0.1188163894886226,0.225435611089135,0.01,1.0,,,
36400,2.48046875,0.0,2.48046875,1.8945102260495172e-05,9.472551130247586e-06,117622.44202470861,19.084607488,0.09588638638067742,0.12020828525913681,0.2251495165380246,0.01,1.0,,,
36410,2.98828125,0.0,2.98828125,1.8837459634015066e-05,9.418729817007533e-06,117634.90391083065,19.089850368,0.08902887512903711,0.10544061546032991,0.22486503159172413,0.01,1.0,,,
36420,3.08984375,0.0,3.08984375,1.8729817007535e-05,9.3649085037675e-06,117643.51306149554,19.095093248,0.08758983296317116,0.10885232430667388,0.2245821564430493,0.01,1.0,,,
36430,3.0986328125,0.0,3.0986328125,1.862217438105489e-05,9.311087190527445e-06,117650.11275612372,19.100336128,0.09240744940545532,0.1253955552846368,0.22430089128372455,0.01,1.0,,,
36440,1.57568359375,0.0,1.57568359375,1.8514531754574827e-05,9.257265877287414e-06,117664.07890082795,19.105579008,0.08550991831835901,0.12241127838732879,0.2240212363043833,0.01,1.0,,,
36450,3.1259765625,0.0,3.1259765625,1.8406889128094717e-05,9.203444564047359e-06,117677.5203705767,19.110821888,0.09621828673944527,0.10642475980628592,0.22374319169456802,0.01,1.0,,,
36460,1.876953125,0.0,1.876953125,1.8299246501614655e-05,9.149623250807327e-06,117684.69124242761,19.116064768,0.1296762374161408,0.16699891876965195,0.22346675764272855,0.01,1.0,,,
36470,2.21142578125,0.0,2.21142578125,1.8191603875134545e-05,9.095801937567272e-06,117694.35083325993,19.121307648,0.0956625286878802,0.11178579917017445,0.22319193433622458,0.01,1.0,,,
36480,3.2021484375,0.0,3.2021484375,1.808396124865448e-05,9.04198062432724e-06,117702.50898172679,19.126550528,0.09379839599086325,0.11456751618591295,0.2229187219613226,0.01,1.0,,,
36490,3.0654296875,0.0,3.0654296875,1.7976318622174372e-05,8.988159311087186e-06,117707.80094731605,19.131793408,0.08890293336483888,0.1055569764520629,0.22264712070319873,0.01,1.0,,,
36500,3.0927734375,0.0,3.0927734375,1.7868675995694306e-05,8.934337997847153e-06,117710.65187483378,19.137036288,0.09351905556313812,0.11904246266671595,0.22237713074593612,0.01,1.0,,,
36500,,,,,,,,,,,,,0.0,0.0,0.0
36510,3.23046875,0.0,3.23046875,1.7761033369214196e-05,8.880516684607098e-06,117676.57997562777,19.142279168,0.09037939137434785,0.11160448169442228,0.2221087522725263,0.01,1.0,,,
36520,3.0380859375,0.0,3.0380859375,1.7653390742734134e-05,8.826695371367067e-06,117665.95645193172,19.147522048,0.09057479947167325,0.1095434783938803,0.22184198546486825,0.01,1.0,,,
36530,3.0791015625,0.0,3.0791015625,1.7545748116254024e-05,8.772874058127012e-06,117665.66067711773,19.152764928,0.09261615463651247,0.13124512082600368,0.22157683050376883,0.01,1.0,,,
36540,1.69921875,0.0,1.69921875,1.743810548977396e-05,8.71905274488698e-06,117670.48043872828,19.158007808,0.08189187843518846,0.12603536655742337,0.22131328756894242,0.01,1.0,,,
36550,1.87255859375,0.0,1.87255859375,1.733046286329385e-05,8.665231431646925e-06,117676.4149198633,19.163250688,0.11583406206601518,0.11338547164736133,0.22105135683901064,0.01,1.0,,,
36560,2.44189453125,0.0,2.44189453125,1.7222820236813785e-05,8.611410118406893e-06,117668.72987080176,19.168493568,0.09554865604294235,0.12121421914029852,0.22079103849150297,0.01,1.0,,,
36570,3.173828125,0.0,3.173828125,1.711517761033368e-05,8.55758880516684e-06,117678.3543415887,19.173736448,0.09123919989666773,0.10518588328811149,0.2205323327028551,0.01,1.0,,,
36580,3.056640625,0.0,3.056640625,1.7007534983853612e-05,8.503767491926806e-06,117684.17369485961,19.178979328,0.09096595698557848,0.12401784336503785,0.22027523964841045,0.01,1.0,,,
36590,3.142578125,0.0,3.142578125,1.6899892357373502e-05,8.449946178686751e-06,117692.69738197933,19.184222208,0.08899887517090642,0.10684897524910474,0.22001975950241956,0.01,1.0,,,
36600,3.203125,0.0,3.203125,1.679224973089344e-05,8.39612486544672e-06,117695.65615969205,19.189465088,0.09725627548903802,0.103222977189671,0.21976589243803907,0.01,1.0,,,
36610,3.177734375,0.0,3.177734375,1.668460710441333e-05,8.342303552206665e-06,117709.04305491685,19.194707968,0.09466578630541371,0.11279051202350944,0.21951363862733297,0.01,1.0,,,
36620,3.275390625,0.0,3.275390625,1.6576964477933264e-05,8.288482238966632e-06,117722.06166910095,19.199950848,0.09280845877376437,0.11024948406556967,0.21926299824127168,0.01,1.0,,,
36630,3.32421875,0.0,3.32421875,1.6469321851453157e-05,8.234660925726579e-06,117722.01868330546,19.205193728,0.10347221570936044,0.12613883079117297,0.2190139714497316,0.01,1.0,,,
36640,3.0791015625,0.0,3.0791015625,1.636167922497309e-05,8.180839612486546e-06,117726.03155393111,19.210436608,0.09604318521300347,0.10815924156029844,0.2187665584214961,0.01,1.0,,,
36650,2.5322265625,0.0,2.5322265625,1.6254036598492985e-05,8.127018299246492e-06,117733.48507155137,19.215679488,0.10000494776065164,0.1361825370884869,0.21852075932425452,0.01,1.0,,,
36660,3.0361328125,0.0,3.0361328125,1.614639397201292e-05,8.07319698600646e-06,117746.85618304224,19.220922368,0.09211093655492218,0.11466085792406144,0.21827657432460237,0.01,1.0,,,
36670,2.505859375,0.0,2.505859375,1.603875134553281e-05,8.019375672766404e-06,117753.12890163793,19.226165248,0.2631716068768693,0.3163914546993335,0.21803400358804118,0.01,1.0,,,
36680,3.1884765625,0.0,3.1884765625,1.5931108719052746e-05,7.965554359526373e-06,117756.86890854653,19.231408128,0.09279952787967563,0.12667860725918975,0.21779304727897833,0.01,1.0,,,
36690,3.0439453125,0.0,3.0439453125,1.582346609257268e-05,7.91173304628634e-06,117766.78464308222,19.236651008,0.09081159751251913,0.1271024708372634,0.2175537055607272,0.01,1.0,,,
36700,2.361328125,0.0,2.361328125,1.571582346609257e-05,7.857911733046285e-06,117763.12468175103,19.241893888,0.09041456561391319,0.12165260871679533,0.2173159785955063,0.01,1.0,,,
36710,2.978515625,0.0,2.978515625,1.5608180839612508e-05,7.804090419806254e-06,117771.11933244747,19.247136768,0.09465713445349276,0.14634930516978106,0.21707986654444034,0.01,1.0,,,
36720,1.76123046875,0.0,1.76123046875,1.5500538213132398e-05,7.750269106566199e-06,117779.28302532538,19.252379648,0.11027631409701551,0.13705706126204575,0.2168453695675594,0.01,1.0,,,
36730,2.6044921875,0.0,2.6044921875,1.5392895586652335e-05,7.696447793326168e-06,117775.5451762024,19.257622528,0.10190368913005138,0.10380681826252701,0.21661248782379827,0.01,1.0,,,
36740,3.212890625,0.0,3.212890625,1.5285252960172225e-05,7.642626480086113e-06,117779.23425301518,19.262865408,0.09401481497155806,0.11256842935830609,0.2163812214709979,0.01,1.0,,,
36750,2.62158203125,0.0,2.62158203125,1.5177610333692161e-05,7.5888051668460804e-06,117781.17805621293,19.268108288,0.10130267267773155,0.11930030417117626,0.21615157066590324,0.01,1.0,,,
36760,3.041015625,0.0,3.041015625,1.5069967707212051e-05,7.5349838536060254e-06,117792.45302328799,19.273351168,0.09966820095249421,0.12328974395092868,0.21592353556416582,0.01,1.0,,,
36770,3.34375,0.0,3.34375,1.4962325080731987e-05,7.481162540365993e-06,117789.73101382989,19.278594048,0.1123545763758035,0.1658583134084289,0.2156971163203407,0.01,1.0,,,
36780,3.029296875,0.0,3.029296875,1.4854682454251878e-05,7.427341227125939e-06,117796.11318652365,19.283836928,0.09185021449305374,0.13482231986176332,0.21547231308788853,0.01,1.0,,,
36790,3.14453125,0.0,3.14453125,1.4747039827771814e-05,7.373519913885907e-06,117796.13881320013,19.289079808,0.08836090682606225,0.09814036547823418,0.2152491260191739,0.01,1.0,,,
36800,2.9970703125,0.0,2.9970703125,1.4639397201291704e-05,7.319698600645852e-06,117803.92425029968,19.294322688,0.09115807861875988,0.11412294660218271,0.2150275552654672,0.01,1.0,,,
36810,1.5673828125,0.0,1.5673828125,1.453175457481164e-05,7.26587728740582e-06,117800.91900026331,19.299565568,0.09326831773298941,0.12308161719372995,0.21480760097694224,0.01,1.0,,,
36820,1.669921875,0.0,1.669921875,1.4424111948331531e-05,7.212055974165766e-06,117801.19666297077,19.304808448,0.09815165495584705,0.15049018577170015,0.21458926330267813,0.01,1.0,,,
36830,3.1279296875,0.0,3.1279296875,1.4316469321851467e-05,7.158234660925734e-06,117801.70677995583,19.310051328,0.09309924579393308,0.11583395134998306,0.21437254239065703,0.01,1.0,,,
36840,3.0947265625,0.0,3.0947265625,1.4208826695371357e-05,7.104413347685679e-06,117812.67124178552,19.315294208,0.09341802200163106,0.11004311728823432,0.2141574383877668,0.01,1.0,,,
36850,3.2451171875,0.0,3.2451171875,1.4101184068891293e-05,7.0505920344456465e-06,117804.88150529028,19.320537088,0.09038879324006284,0.10473822907738643,0.2139439514397985,0.01,1.0,,,
36860,3.1025390625,0.0,3.1025390625,1.3993541442411185e-05,6.996770721205592e-06,117808.62065178706,19.325779968,0.0914090346918795,0.10872298295604291,0.2137320816914471,0.01,1.0,,,
36870,1.8505859375,0.0,1.8505859375,1.388589881593112e-05,6.94294940796556e-06,117821.12613245969,19.331022848,0.1200242655502406,0.13463004880046678,0.21352182928631214,0.01,1.0,,,
36880,3.0126953125,0.0,3.0126953125,1.377825618945101e-05,6.889128094725505e-06,117825.85768469003,19.336265728,0.09555666243369781,0.1546997595282814,0.2133131943668964,0.01,1.0,,,
36890,1.67041015625,0.0,1.67041015625,1.3670613562970946e-05,6.835306781485473e-06,117834.47083145265,19.341508608,0.1051018887106868,0.10767054642628288,0.21310617707460705,0.01,1.0,,,
36900,2.2265625,0.0,2.2265625,1.3562970936490838e-05,6.781485468245419e-06,117833.32327602559,19.346751488,0.08625273467143722,0.13332285173471461,0.21290077754975345,0.01,1.0,,,
36910,3.0068359375,0.0,3.0068359375,1.3455328310010774e-05,6.727664155005387e-06,117834.71493350725,19.351994368,0.08776841231419845,0.09908275040995086,0.21269699593155034,0.01,1.0,,,
36920,3.107421875,0.0,3.107421875,1.3347685683530664e-05,6.673842841765332e-06,117828.19658092961,19.357237248,0.09188792742937153,0.11817671231556072,0.2124948323581145,0.01,1.0,,,
36930,3.1279296875,0.0,3.1279296875,1.32400430570506e-05,6.6200215285253e-06,117829.85736567383,19.362480128,0.09203827446469061,0.10356322074770458,0.21229428696646693,0.01,1.0,,,
36940,3.1123046875,0.0,3.1123046875,1.3132400430570491e-05,6.5662002152852455e-06,117831.11321935264,19.367723008,0.08820797899335878,0.09896598863665344,0.21209535989253095,0.01,1.0,,,
36950,3.0771484375,0.0,3.0771484375,1.3024757804090427e-05,6.512378902045213e-06,117827.17567872789,19.372965888,0.09149550214170564,0.14370441468412493,0.21189805127113415,0.01,1.0,,,
36960,3.029296875,0.0,3.029296875,1.2917115177610317e-05,6.458557588805158e-06,117839.18893429707,19.378208768,0.0907643558984431,0.13917384408225822,0.2117023612360061,0.01,1.0,,,
36970,3.24609375,0.0,3.24609375,1.2809472551130252e-05,6.404736275565126e-06,117849.67254439916,19.383451648,0.14192255136887555,0.3847622821373095,0.21150828991978018,0.01,1.0,,,
36980,2.498046875,0.0,2.498046875,1.2701829924650144e-05,6.350914962325072e-06,117862.05689784829,19.388694528,0.10159799894462544,0.1375092637885932,0.2113158374539922,0.01,1.0,,,
36990,3.021484375,0.0,3.021484375,1.259418729817008e-05,6.29709364908504e-06,117874.16468568722,19.393937408,0.09107088626437988,0.11595163678176133,0.21112500396908082,0.01,1.0,,,
37000,3.2001953125,0.0,3.2001953125,1.248654467168997e-05,6.243272335844985e-06,117878.55017907772,19.399180288,0.09660730476435767,0.12830558297282993,0.2109357895943873,0.01,1.0,,,
37000,,,,,,,,,,,,,0.0,0.0,0.0
37010,3.224609375,0.0,3.224609375,1.2378902045209906e-05,6.189451022604953e-06,117843.35100878081,19.404423168,0.14007436022235292,0.28341160245633595,0.2107481944581558,0.01,1.0,,,
37020,3.1083984375,0.0,3.1083984375,1.2271259418729797e-05,6.135629709364899e-06,117855.46361815486,19.409666048,0.09014156042002618,0.10333881060204061,0.21056221868753308,0.01,1.0,,,
37030,3.0947265625,0.0,3.0947265625,1.2163616792249733e-05,6.0818083961248665e-06,117860.88667705376,19.414908928,0.093218165272215,0.10936254829336166,0.21037786240856768,0.01,1.0,,,
37040,2.583984375,0.0,2.583984375,1.2055974165769623e-05,6.0279870828848115e-06,117872.55423430621,19.420151808,0.09891714528013827,0.1081148727973418,0.21019512574621135,0.01,1.0,,,
37050,1.94921875,0.0,1.94921875,1.1948331539289559e-05,5.974165769644779e-06,117879.0212058138,19.425394688,0.08999804324010897,0.12463246202046625,0.21001400882431762,0.01,1.0,,,
37060,2.37744140625,0.0,2.37744140625,1.1840688912809495e-05,5.920344456404747e-06,117872.56766269114,19.430637568,0.09866371055363038,0.163367587631663,0.20983451176564208,0.01,1.0,,,
37070,2.712890625,0.0,2.712890625,1.1733046286329386e-05,5.866523143164693e-06,117862.68413682598,19.435880448,0.08656455720072126,0.1260006175991727,0.20965663469184267,0.01,1.0,,,
37080,1.369140625,0.0,1.369140625,1.162540365984932e-05,5.81270182992466e-06,117860.42325555088,19.441123328,0.08195783741585785,0.14364529672260332,0.20948037772347947,0.01,1.0,,,
37090,2.9775390625,0.0,2.9775390625,1.1517761033369212e-05,5.758880516684606e-06,117861.15112533043,19.446366208,0.08936162041877396,0.10729174053247703,0.20930574098001423,0.01,1.0,,,
37100,3.0478515625,0.0,3.0478515625,1.1410118406889148e-05,5.705059203444574e-06,117867.53794733513,19.451609088,0.09621731201970579,0.11249049857562893,0.2091327245798107,0.01,1.0,,,
37110,3.0908203125,0.0,3.0908203125,1.130247578040904e-05,5.65123789020452e-06,117879.58237201955,19.456851968,0.09000830287928129,0.09780352660326115,0.20896132864013453,0.01,1.0,,,
37120,2.44921875,0.0,2.44921875,1.1194833153928973e-05,5.597416576964487e-06,117863.65673982353,19.462094848,0.09690868999045431,0.11210834951698546,0.20879155327715282,0.01,1.0,,,
37130,3.02734375,0.0,3.02734375,1.1087190527448865e-05,5.543595263724433e-06,117851.20752470041,19.467337728,0.0895493315176785,0.0999139687511135,0.208623398605934,0.01,1.0,,,
37140,3.18359375,0.0,3.18359375,1.0979547900968801e-05,5.4897739504844005e-06,117845.76995305489,19.472580608,0.08979258214348348,0.10191823186150231,0.2084568647404491,0.01,1.0,,,
37150,2.9521484375,0.0,2.9521484375,1.0871905274488693e-05,5.435952637244346e-06,117856.32197842158,19.477823488,0.08865187585720559,0.11448529641113667,0.20829195179356966,0.01,1.0,,,
37160,3.1298828125,0.0,3.1298828125,1.0764262648008627e-05,5.382131324004313e-06,117857.76955255234,19.483066368,0.09070024833316238,0.11984323959251185,0.2081286598770687,0.01,1.0,,,
37170,3.0693359375,0.0,3.0693359375,1.0656620021528518e-05,5.328310010764259e-06,117855.40724785055,19.488309248,0.09186526961920956,0.11026327946318693,0.20796698910162112,0.01,1.0,,,
37180,3.0439453125,0.0,3.0439453125,1.0548977395048454e-05,5.274488697524227e-06,117862.17719620152,19.493552128,0.09044456912071491,0.10147230715422097,0.2078069395768022,0.01,1.0,,,
37190,3.169921875,0.0,3.169921875,1.0441334768568344e-05,5.220667384284172e-06,117865.40809920842,19.498795008,0.08870265640513447,0.10354909310559797,0.20764851141108923,0.01,1.0,,,
37200,1.46337890625,0.0,1.46337890625,1.033369214208828e-05,5.16684607104414e-06,117860.94361052616,19.504037888,0.08368642604050987,0.10595390084482272,0.20749170471186026,0.01,1.0,,,
37210,3.0810546875,0.0,3.0810546875,1.0226049515608172e-05,5.113024757804086e-06,117864.11847702511,19.509280768,0.09665306680397633,0.11703734368444924,0.207336519585394,0.01,1.0,,,
37220,1.654296875,0.0,1.654296875,1.0118406889128107e-05,5.059203444564054e-06,117865.41940961278,19.514523648,0.08440341592624594,0.10732696419796929,0.2071829561368709,0.01,1.0,,,
37230,3.162109375,0.0,3.162109375,1.0010764262647997e-05,5.005382131323999e-06,117874.2818135859,19.519766528,0.0919586067687013,0.11844431773105808,0.20703101447037142,0.01,1.0,,,
37240,2.587890625,0.0,2.587890625,9.903121636167933e-06,4.9515608180839665e-06,117886.0435015565,19.525009408,0.10126495821958449,0.13022252933365186,0.2068806946888774,0.01,1.0,,,
37250,1.669921875,0.0,1.669921875,9.795479009687825e-06,4.897739504843912e-06,117875.50244240015,19.530252288,0.10379341646343558,0.13059847917878847,0.20673199689427113,0.01,1.0,,,
37260,1.861328125,0.0,1.861328125,9.68783638320776e-06,4.84391819160388e-06,117868.29568794677,19.535495168,0.11385995608274938,0.14123401616379733,0.20658492118733573,0.01,1.0,,,
37270,3.134765625,0.0,3.134765625,9.58019375672765e-06,4.790096878363825e-06,117873.8450676269,19.540738048,0.09326495801407303,0.11246094750485568,0.20643946766775462,0.01,1.0,,,
37280,2.9765625,0.0,2.9765625,9.472551130247586e-06,4.736275565123793e-06,117880.5596837337,19.545980928,0.09402398648892844,0.11282156364036232,0.20629563643411242,0.01,1.0,,,
37290,2.3271484375,0.0,2.3271484375,9.364908503767478e-06,4.682454251883739e-06,117886.1652090863,19.551223808,0.10327741226570335,0.16321183614513465,0.20615342758389357,0.01,1.0,,,
37300,3.0693359375,0.0,3.0693359375,9.257265877287414e-06,4.628632938643707e-06,117882.01212293573,19.556466688,0.09134489878341111,0.1117635027525012,0.2060128412134831,0.01,1.0,,,
37310,2.5546875,0.0,2.5546875,9.149623250807304e-06,4.574811625403652e-06,117881.66699024348,19.561709568,0.09975578846905196,0.12803574787947972,0.20587387741816637,0.01,1.0,,,
37320,2.732421875,0.0,2.732421875,9.04198062432724e-06,4.52099031216362e-06,117871.86282758065,19.566952448,0.08715886027755762,0.11423263352094848,0.20573653629212885,0.01,1.0,,,
37330,2.9580078125,0.0,2.9580078125,8.934337997847131e-06,4.4671689989235655e-06,117879.63569694303,19.572195328,0.08887027261494669,0.0957592127620403,0.20560081792845664,0.01,1.0,,,
37340,3.0322265625,0.0,3.0322265625,8.826695371367067e-06,4.413347685683533e-06,117889.84072543358,19.577438208,0.09025046509499411,0.10617956139604073,0.2054667224191353,0.01,1.0,,,
37350,1.36962890625,0.0,1.36962890625,8.719052744886957e-06,4.359526372443478e-06,117888.23499834786,19.582681088,0.09103733221643837,0.11936539743385623,0.20533424985505164,0.01,1.0,,,
37360,3.0537109375,0.0,3.0537109375,8.611410118406893e-06,4.305705059203446e-06,117894.40301897185,19.587923968,0.09202479285380653,0.1332104875656906,0.20520340032599088,0.01,1.0,,,
37370,3.0458984375,0.0,3.0458984375,8.503767491926784e-06,4.251883745963392e-06,117905.34850483903,19.593166848,0.09016703468567473,0.10164454020150232,0.20507417392063942,0.01,1.0,,,
37380,3.1474609375,0.0,3.1474609375,8.39612486544672e-06,4.19806243272336e-06,117912.90147566432,19.598409728,0.09250387279239772,0.10831237896878054,0.20494657072658323,0.01,1.0,,,
37390,3.0146484375,0.0,3.0146484375,8.28848223896661e-06,4.144241119483305e-06,117910.59751588601,19.603652608,0.0920218145061195,0.10838684686521025,0.2048205908303083,0.01,1.0,,,
37400,3.021484375,0.0,3.021484375,8.180839612486546e-06,4.090419806243273e-06,117916.28991331495,19.608895488,0.09573095087850861,0.11853647106016352,0.20469623431719938,0.01,1.0,,,
37410,3.3046875,0.0,3.3046875,8.073196986006437e-06,4.036598493003219e-06,117927.6897735843,19.614138368,0.09062413178547482,0.10848512552686311,0.2045735012715424,0.01,1.0,,,
37420,1.3935546875,0.0,1.3935546875,7.965554359526373e-06,3.9827771797631866e-06,117938.9752256767,19.619381248,0.09586588170349877,0.12478917034049547,0.20445239177652202,0.01,1.0,,,
37430,3.0908203125,0.0,3.0908203125,7.857911733046309e-06,3.9289558665231544e-06,117941.49296195716,19.624624128,0.13393601950828554,0.16831872941178766,0.2043329059142227,0.01,1.0,,,
37440,3.0712890625,0.0,3.0712890625,7.750269106566199e-06,3.8751345532830994e-06,117952.89637934444,19.629867008,0.09516145946492235,0.12215030305198447,0.20421504376562877,0.01,1.0,,,
37450,1.666015625,0.0,1.666015625,7.642626480086135e-06,3.821313240043067e-06,117964.25741793895,19.635109888,0.1122002536968094,0.15666346111264973,0.2040988054106232,0.01,1.0,,,
37460,2.9541015625,0.0,2.9541015625,7.5349838536060254e-06,3.7674919268030127e-06,117973.86621361526,19.640352768,0.09407327822601966,0.12081687650212096,0.20398419092798942,0.01,1.0,,,
37470,1.7177734375,0.0,1.7177734375,7.427341227125961e-06,3.7136706135629806e-06,117980.8297319995,19.645595648,0.08410575277635753,0.1106189814489976,0.20387120039541007,0.01,1.0,,,
37480,3.03515625,0.0,3.03515625,7.319698600645852e-06,3.659849300322926e-06,117983.5860195375,19.650838528,0.09304255106460513,0.1102203876016454,0.203759833889466,0.01,1.0,,,
37490,3.08203125,0.0,3.08203125,7.212055974165788e-06,3.606027987082894e-06,117989.9595058436,19.656081408,0.10878127676717474,0.1300531405667466,0.203650091485639,0.01,1.0,,,
37500,2.47265625,0.0,2.47265625,7.104413347685679e-06,3.5522066738428393e-06,118001.00646965942,19.661324288,0.09955059744342777,0.15249292224120636,0.20354197325830903,0.01,1.0,,,
37500,,,,,,,,,,,,,0.0,0.0,0.0
37510,3.099609375,0.0,3.099609375,6.996770721205614e-06,3.498385360602807e-06,117960.01730793368,19.666567168,0.08992010754641964,0.10241032151757788,0.20343547928075534,0.01,1.0,,,
37520,3.142578125,0.0,3.142578125,6.889128094725505e-06,3.4445640473627526e-06,117965.17977262313,19.671810048,0.09102139665872616,0.10734532355706125,0.20333060962515648,0.01,1.0,,,
37530,3.203125,0.0,3.203125,6.781485468245441e-06,3.3907427341227205e-06,117976.22194064707,19.677052928,0.09546008152504443,0.11158528546556189,0.2032273643625902,0.01,1.0,,,
37540,3.0400390625,0.0,3.0400390625,6.673842841765332e-06,3.336921420882666e-06,117968.10937387325,19.682295808,0.090121794969562,0.10875545681845093,0.20312574356303312,0.01,1.0,,,
37550,2.728515625,0.0,2.728515625,6.5662002152852675e-06,3.2831001076426338e-06,117978.87925195604,19.687538688,0.08630411733699783,0.09568984311120464,0.20302574729536105,0.01,1.0,,,
37560,1.63916015625,0.0,1.63916015625,6.458557588805158e-06,3.229278794402579e-06,117969.72900393781,19.692781568,0.08182812619706346,0.11970320163283983,0.2029273756273483,0.01,1.0,,,
37570,3.0556640625,0.0,3.0556640625,6.350914962325094e-06,3.175457481162547e-06,117975.89272525343,19.698024448,0.0912306212864616,0.10552094898747051,0.20283062862566822,0.01,1.0,,,
37580,2.98046875,0.0,2.98046875,6.243272335844985e-06,3.1216361679224925e-06,117982.40010642802,19.703267328,0.09069067825676609,0.10602358188744841,0.20273550635589344,0.01,1.0,,,
37590,3.1484375,0.0,3.1484375,6.135629709364921e-06,3.0678148546824603e-06,117990.4853821922,19.708510208,0.0885731447435277,0.10394605150113748,0.20264200888249473,0.01,1.0,,,
37600,1.265625,0.0,1.265625,6.0279870828848115e-06,3.0139935414424058e-06,117995.41494324397,19.713753088,0.09020328350700332,0.11490110400471537,0.20255013626884227,0.01,1.0,,,
37610,2.509765625,0.0,2.509765625,5.920344456404747e-06,2.9601722282023736e-06,117998.02419848622,19.718995968,0.10344977923706909,0.16898214184411234,0.20245988857720462,0.01,1.0,,,
37620,3.056640625,0.0,3.056640625,5.812701829924638e-06,2.906350914962319e-06,118004.71039677683,19.724238848,0.09599111296170687,0.11270180352154069,0.2023712658687491,0.01,1.0,,,
37630,3.12109375,0.0,3.12109375,5.705059203444574e-06,2.852529601722287e-06,118015.656409545,19.729481728,0.09130769892889357,0.10066375884028231,0.20228426820354128,0.01,1.0,,,
37640,1.7578125,0.0,1.7578125,5.597416576964465e-06,2.7987082884822324e-06,118022.42487258496,19.734724608,0.1007038019069218,0.11558879966786154,0.20219889564054602,0.01,1.0,,,
37650,3.1474609375,0.0,3.1474609375,5.4897739504844005e-06,2.7448869752422002e-06,118031.92772700408,19.739967488,0.09191465968662267,0.09625265728590782,0.20211514823762633,0.01,1.0,,,
37660,2.966796875,0.0,2.966796875,5.382131324004291e-06,2.6910656620021456e-06,118037.45759070854,19.745210368,0.09870136669320582,0.12440754311854953,0.20203302605154347,0.01,1.0,,,
37670,3.109375,0.0,3.109375,5.274488697524227e-06,2.6372443487621135e-06,118041.02056604043,19.750453248,0.09348219161529508,0.10201268338228639,0.20195252913795772,0.01,1.0,,,
37680,2.4521484375,0.0,2.4521484375,5.166846071044118e-06,2.583423035522059e-06,118049.22790264379,19.755696128,0.09862264395848828,0.11825117898591495,0.2018736575514276,0.01,1.0,,,
37690,2.57421875,0.0,2.57421875,5.059203444564054e-06,2.529601722282027e-06,118057.10641933458,19.760939008,0.0972580225455226,0.12316582401487469,0.2017964113454098,0.01,1.0,,,
37700,1.48486328125,0.0,1.48486328125,4.9515608180839445e-06,2.4757804090419722e-06,118044.2818159835,19.766181888,0.1276579385925464,0.21394099095438607,0.20172079057225975,0.01,1.0,,,
37710,3.068359375,0.0,3.068359375,4.84391819160388e-06,2.42195909580194e-06,118047.10142467184,19.771424768,0.09046390827990582,0.10660483397464862,0.20164679528323087,0.01,1.0,,,
37720,3.060546875,0.0,3.060546875,4.736275565123771e-06,2.3681377825618855e-06,118038.91951560702,19.776667648,0.09000043392021212,0.10124141952068229,0.20157442552847504,0.01,1.0,,,
37730,3.0302734375,0.0,3.0302734375,4.628632938643707e-06,2.3143164693218534e-06,118040.77958867943,19.781910528,0.09039082317888969,0.09490954661516342,0.20150368135704239,0.01,1.0,,,
37740,3.0732421875,0.0,3.0732421875,4.520990312163598e-06,2.260495156081799e-06,118050.07765830513,19.787153408,0.09947882048331,0.12625782156382298,0.20143456281688119,0.01,1.0,,,
37750,3.0859375,0.0,3.0859375,4.413347685683533e-06,2.2066738428417667e-06,118051.06212428895,19.792396288,0.08892891595129367,0.1094285557889824,0.20136706995483822,0.01,1.0,,,
37760,2.365234375,0.0,2.365234375,4.305705059203424e-06,2.152852529601712e-06,118054.27105486179,19.797639168,0.09397698735521001,0.10976856414352298,0.201301202816658,0.01,1.0,,,
37770,3.12109375,0.0,3.12109375,4.19806243272336e-06,2.09903121636168e-06,118064.74848273545,19.802882048,0.09078240455798466,0.10058262521856401,0.20123696144698375,0.01,1.0,,,
37780,2.5810546875,0.0,2.5810546875,4.090419806243251e-06,2.0452099031216254e-06,118075.22879939218,19.808124928,0.09766535589043764,0.11768425038465871,0.2011743458893558,0.01,1.0,,,
37790,3.0869140625,0.0,3.0869140625,3.9827771797631866e-06,1.9913885898815933e-06,118080.166932572,19.813367808,0.09468442485681243,0.1190572183481817,0.2011133561862133,0.01,1.0,,,
37800,2.255859375,0.0,2.255859375,3.8751345532831214e-06,1.9375672766415607e-06,118080.75630442669,19.818610688,0.11384846960343568,0.15875821335854992,0.20105399237889357,0.01,1.0,,,
37810,1.5830078125,0.0,1.5830078125,3.7674919268030127e-06,1.8837459634015064e-06,118088.4247738986,19.823853568,0.10542763782062806,0.1708580338190793,0.20099625450763164,0.01,1.0,,,
37820,3.001953125,0.0,3.001953125,3.6598493003229485e-06,1.8299246501614742e-06,118081.1428638848,19.829096448,0.09053239158965379,0.09374423092570662,0.2009401426115602,0.01,1.0,,,
37830,2.9423828125,0.0,2.9423828125,3.5522066738428393e-06,1.7761033369214197e-06,118078.14957034994,19.834339328,0.09608339574945547,0.11430792539260899,0.20088565672871095,0.01,1.0,,,
37840,3.0810546875,0.0,3.0810546875,3.444564047362775e-06,1.7222820236813875e-06,118078.08031637326,19.839582208,0.09590549921633856,0.12776244268828382,0.20083279689601197,0.01,1.0,,,
37850,3.056640625,0.0,3.056640625,3.336921420882666e-06,1.668460710441333e-06,118083.17936000846,19.844825088,0.0911930254817209,0.09789528788143996,0.20078156314929085,0.01,1.0,,,
37860,3.0517578125,0.0,3.0517578125,3.2292787944026016e-06,1.6146393972013008e-06,118077.73020889434,19.850067968,0.09155826386005782,0.11938111557252545,0.2007319555232721,0.01,1.0,,,
37870,3.1005859375,0.0,3.1005859375,3.1216361679224925e-06,1.5608180839612462e-06,118082.23836223692,19.855310848,0.08931898007013686,0.09917825494313313,0.20068397405157815,0.01,1.0,,,
37880,3.0537109375,0.0,3.0537109375,3.0139935414424282e-06,1.5069967707212141e-06,118073.61485784507,19.860553728,0.09357339761719426,0.12395445910145282,0.20063761876672964,0.01,1.0,,,
37890,3.0654296875,0.0,3.0654296875,2.906350914962319e-06,1.4531754574811595e-06,118077.44633171636,19.865796608,0.1082796903789406,0.11944903330890867,0.2005928897001449,0.01,1.0,,,
37900,2.39404296875,0.0,2.39404296875,2.798708288482255e-06,1.3993541442411274e-06,118073.02013336423,19.871039488,0.10518334869556126,0.1413394833690153,0.20054978688213973,0.01,1.0,,,
37910,3.025390625,0.0,3.025390625,2.6910656620021456e-06,1.3455328310010728e-06,118078.27252901378,19.876282368,0.09688098743336936,0.11196738182452655,0.2005083103419283,0.01,1.0,,,
37920,1.69384765625,0.0,1.69384765625,2.5834230355220814e-06,1.2917115177610407e-06,118084.43537694942,19.881525248,0.08084478476670537,0.11471078146890556,0.200468460107622,0.01,1.0,,,
37930,3.01171875,0.0,3.01171875,2.4757804090419722e-06,1.2378902045209861e-06,118082.0791876197,19.886768128,0.08919616644064703,0.10038847985884886,0.2004302362062302,0.01,1.0,,,
37940,3.09765625,0.0,3.09765625,2.368137782561908e-06,1.184068891280954e-06,118081.87559084989,19.892011008,0.10298864969497433,0.10968294688341594,0.2003936386636599,0.01,1.0,,,
37950,3.015625,0.0,3.015625,2.260495156081799e-06,1.1302475780408994e-06,118076.37156943876,19.897253888,0.08965104720064088,0.10900868326820093,0.20035866750471598,0.01,1.0,,,
37960,3.037109375,0.0,3.037109375,2.152852529601734e-06,1.076426264800867e-06,118086.68573959914,19.902496768,0.09430788241626595,0.11104699541928266,0.20032532275310067,0.01,1.0,,,
37970,3.1357421875,0.0,3.1357421875,2.0452099031216254e-06,1.0226049515608127e-06,118094.82085830692,19.907739648,0.09143598968113603,0.09860282454494543,0.20029360443141445,0.01,1.0,,,
37980,2.9931640625,0.0,2.9931640625,1.9375672766415607e-06,9.687836383207804e-07,118073.80951050871,19.912982528,0.09328541609957657,0.1205215000166265,0.2002635125611546,0.01,1.0,,,
37990,3.017578125,0.0,3.017578125,1.829924650161452e-06,9.14962325080726e-07,118083.4084308856,19.918225408,0.09044916732490887,0.09558914537031363,0.200235047162717,0.01,1.0,,,
38000,3.03515625,0.0,3.03515625,1.7222820236813875e-06,8.611410118406938e-07,118087.38816889632,19.923468288,0.10436216249855516,0.11881651057674876,0.20020820825539432,0.01,1.0,,,
38000,,,,,,,,,,,,,0.0,0.0,0.0
38010,2.982421875,0.0,2.982421875,1.6146393972012786e-06,8.073196986006393e-07,118047.82075008615,19.928711168,0.10151187084942032,0.11112302904183859,0.20018299585737723,0.01,1.0,,,
38020,3.1298828125,0.0,3.1298828125,1.5069967707212141e-06,7.534983853606071e-07,118055.41444040835,19.933954048,0.09311136929970092,0.11339209161494557,0.200159409985754,0.01,1.0,,,
38030,1.5078125,0.0,1.5078125,1.3993541442411052e-06,6.996770721205526e-07,118055.03328693699,19.939196928,0.08130433275145517,0.10430276635484827,0.20013745065651048,0.01,1.0,,,
38040,3.146484375,0.0,3.146484375,1.2917115177610407e-06,6.458557588805203e-07,118050.17616623484,19.944439808,0.10058276587391841,0.12208325274040024,0.20011711788453024,0.01,1.0,,,
38050,1.59423828125,0.0,1.59423828125,1.1840688912809318e-06,5.920344456404659e-07,118058.84464459735,19.949682688,0.08171723788941807,0.10409978569029711,0.200098411683594,0.01,1.0,,,
38060,2.43505859375,0.0,2.43505859375,1.076426264800867e-06,5.382131324004335e-07,118059.44672885115,19.954925568,0.09209949884674566,0.11208590577550133,0.2000813320663804,0.01,1.0,,,
38070,3.123046875,0.0,3.123046875,9.687836383207583e-07,4.843918191603792e-07,118047.75534650104,19.960168448,0.09066112208876316,0.10038924638015864,0.20006587904446552,0.01,1.0,,,
38080,3.091796875,0.0,3.091796875,8.611410118406938e-07,4.305705059203469e-07,118055.83572724104,19.965411328,0.09655472072025327,0.11162053493142542,0.20005205262832285,0.01,1.0,,,
38090,1.65283203125,0.0,1.65283203125,7.534983853605848e-07,3.767491926802924e-07,118060.60008552406,19.970654208,0.11634942858733281,0.11719656563100452,0.20003985282732356,0.01,1.0,,,
38100,3.123046875,0.0,3.123046875,6.458557588805203e-07,3.229278794402602e-07,118065.18194914015,19.975897088,0.09229900771601351,0.11013479563875213,0.20002927964973624,0.01,1.0,,,
38110,1.33984375,0.0,1.33984375,5.382131324004114e-07,2.691065662002057e-07,118068.29279179094,19.981139968,0.08517796492033583,0.12220590143763421,0.2000203331027274,0.01,1.0,,,
38120,2.9658203125,0.0,2.9658203125,4.305705059203469e-07,2.1528525296017344e-07,118063.51310204543,19.986382848,0.0916153467589884,0.10653833502726365,0.2000130131923605,0.01,1.0,,,
38130,3.083984375,0.0,3.083984375,3.2292787944023794e-07,1.6146393972011897e-07,118069.10769262862,19.991625728,0.09164076821546797,0.11117918699386273,0.20000731992359688,0.01,1.0,,,
38140,3.130859375,0.0,3.130859375,2.1528525296017344e-07,1.0764262648008672e-07,118062.53369615442,19.996868608,0.09235654888182111,0.1028603675536579,0.20000325330029503,0.01,1.0,,,
38150,1.22119140625,0.0,1.22119140625,1.0764262648006451e-07,5.3821313240032256e-08,118066.58441367048,20.002111488,0.08096688792616143,0.11989728825059134,0.20000081332521172,0.01,1.0,,,
