step,train/nll,train/sparsity_loss,train/total_loss,train/lr,train/predictor_lr,train/tokens_per_sec,train/tokens_seen_B,grad/base_norm,grad/predictor_norm,schedule/tau,schedule/lambda,train/use_dagformer,eval/nll_soft,eval/nll_hard,eval/nll_baseline
0,11.8984375,0.0,11.8984375,0.0,0.0,84953.18972489095,0.000524288,0.984970461198821,0.15665149859829341,5.0,0.0,1.0,,,
10,11.87890625,0.0,11.87890625,4e-06,2e-06,92556.37653034183,0.005767168,0.9893458807525298,0.15057425378835698,4.999999186674788,1.3102725366876311e-05,1.0,,,
20,11.7578125,0.0,11.7578125,8e-06,4e-06,94718.01839512393,0.011010048,0.9876664249476531,0.17114663769231833,4.999996746699705,2.6205450733752623e-05,1.0,,,
30,11.203125,0.0,11.203125,1.2e-05,6e-06,95955.58344123654,0.016252928,0.9753062889049336,0.2210843048798848,4.999992680076403,3.930817610062893e-05,1.0,,,
40,10.45703125,0.0,10.45703125,1.6e-05,8e-06,96316.91107818198,0.021495808,0.9412197357571153,0.32943762102537405,4.99998698680764,5.2410901467505245e-05,1.0,,,
50,9.80859375,0.0,9.80859375,2e-05,1e-05,96045.5149658327,0.026738688,0.6811226407884656,0.7340087191090772,4.999979666897272,6.551362683438155e-05,1.0,,,
60,10.83984375,0.0,10.83984375,2.4e-05,1.2e-05,95946.95875023655,0.031981568,0.970798401742038,0.24018466067563674,4.999970720350264,7.861635220125786e-05,1.0,,,
70,10.421875,0.0,10.421875,2.8e-05,1.4e-05,95922.99254908346,0.037224448,0.7575245263634287,0.6540640782838023,4.9999601471726765,9.171907756813417e-05,1.0,,,
80,9.203125,0.0,9.203125,3.2e-05,1.6e-05,96275.2054256934,0.042467328,0.33264032273690547,0.9429740208727365,4.999947947371677,0.00010482180293501049,1.0,,,
90,8.97265625,0.0,8.97265625,3.6e-05,1.8e-05,95852.06897140537,0.047710208,0.36483525374740267,0.9308901408096417,4.999934120955534,0.0001179245283018868,1.0,,,
100,8.79296875,0.0,8.79296875,4e-05,2e-05,96138.02568910443,0.052953088,0.8389908014389448,0.5404098356222371,4.99991866793362,0.0001310272536687631,1.0,,,
110,8.61328125,0.0,8.61328125,4.4000000000000006e-05,2.2000000000000003e-05,96243.88433202838,0.058195968,0.6164775236932262,0.7852626004592937,4.999901588316407,0.00014412997903563943,1.0,,,
120,8.091796875,0.0,8.091796875,4.8e-05,2.4e-05,96451.12943426197,0.063438848,0.46083860507925667,0.886399555277432,4.99988288211547,0.00015723270440251572,1.0,,,
130,7.98828125,0.0,7.98828125,5.2000000000000004e-05,2.6000000000000002e-05,95356.33599028629,0.068681728,0.7688335763559307,0.638616908331931,4.999862549343489,0.00017033542976939203,1.0,,,
140,8.9296875,0.0,8.9296875,5.6e-05,2.8e-05,94101.06565320939,0.073924608,0.5811934316207078,0.8140272409675011,4.999840590014246,0.00018343815513626835,1.0,,,
150,7.70703125,0.0,7.70703125,6e-05,3e-05,94080.20606169253,0.079167488,0.3665200562125431,0.9299786936714973,4.999817004142622,0.00019654088050314466,1.0,,,
160,7.69140625,0.0,7.69140625,6.4e-05,3.2e-05,93889.83158574425,0.084410368,0.14661382932616893,0.9891726094374165,4.999791791744606,0.00020964360587002098,1.0,,,
170,7.69921875,0.0,7.69921875,6.8e-05,3.4e-05,94000.8647779599,0.089653248,0.22671572839433946,0.9740517840409108,4.999764952837284,0.00022274633123689727,1.0,,,
180,7.67578125,0.0,7.67578125,7.2e-05,3.6e-05,93948.23449286763,0.094896128,0.6826773759285062,0.7317620482445802,4.999736487438845,0.0002358490566037736,1.0,,,
190,7.689453125,0.0,7.689453125,7.6e-05,3.8e-05,93865.15205919783,0.100139008,0.21307517882776336,0.9771396417506524,4.999706395568586,0.00024895178197064993,1.0,,,
200,8.5859375,0.0,8.5859375,8e-05,4e-05,94091.45977025216,0.105381888,0.5042469496210329,0.8634419739274052,4.999674677246899,0.0002620545073375262,1.0,,,
210,7.701171875,0.0,7.701171875,8.400000000000001e-05,4.2000000000000004e-05,94204.48509172956,0.110624768,0.4416006724509867,0.8970843106946612,4.999641332495284,0.0002751572327044025,1.0,,,
220,9.09765625,0.0,9.09765625,8.800000000000001e-05,4.4000000000000006e-05,94133.08620810907,0.115867648,0.75919830620148,0.6525082955932353,4.99960636133634,0.00028825995807127885,1.0,,,
230,7.380859375,0.0,7.380859375,9.2e-05,4.6e-05,94163.27630226008,0.121110528,0.4028686662224251,0.9147358413728649,4.99956976379377,0.0003013626834381552,1.0,,,
240,7.181640625,0.0,7.181640625,9.6e-05,4.8e-05,94317.05286037605,0.126353408,0.44366383582954794,0.8955529520780254,4.999531539892378,0.00031446540880503143,1.0,,,
250,7.087890625,0.0,7.087890625,0.0001,5e-05,94274.95958278175,0.131596288,0.2993593025101786,0.9541585247229761,4.999491689658072,0.0003275681341719078,1.0,,,
260,6.771484375,0.0,6.771484375,0.00010400000000000001,5.2000000000000004e-05,94437.93967012064,0.136839168,0.6009116483547454,0.8011175725343833,4.999450213117861,0.00034067085953878406,1.0,,,
270,6.806640625,0.0,6.806640625,0.000108,5.4e-05,94509.07344142944,0.142082048,0.8565242254055352,0.5151468185676132,4.999407110299855,0.0003537735849056604,1.0,,,
280,7.3515625,0.0,7.3515625,0.000112,5.6e-05,94652.32709144207,0.147324928,0.7622959898528321,0.6483082933526546,4.99936238123327,0.0003668763102725367,1.0,,,
290,6.658203125,0.0,6.658203125,0.000116,5.8e-05,94719.63547662545,0.152567808,0.37387208581326203,0.927355037609431,4.9993160259484215,0.000379979035639413,1.0,,,
300,7.166015625,0.0,7.166015625,0.00012,6e-05,94561.60192120598,0.157810688,0.8601133352642617,0.5043518323077781,4.999268044476728,0.00039308176100628933,1.0,,,
310,6.623046875,0.0,6.623046875,0.000124,6.2e-05,94495.49513495,0.163053568,0.6034780121647586,0.7956673728474134,4.999218436850709,0.0004061844863731656,1.0,,,
320,6.693359375,0.0,6.693359375,0.000128,6.4e-05,94600.66020567167,0.168296448,0.5956873619571508,0.802750191350484,4.999167203103989,0.00041928721174004196,1.0,,,
330,6.50390625,0.0,6.50390625,0.000132,6.6e-05,94694.29955652548,0.173539328,0.4434310993159777,0.8966282899532598,4.999114343271289,0.00043238993710691825,1.0,,,
340,6.427734375,0.0,6.427734375,0.000136,6.8e-05,94807.71511277053,0.178782208,0.668498985096691,0.7425046211433967,4.99905985738844,0.00044549266247379454,1.0,,,
350,6.2734375,0.0,6.2734375,0.00014000000000000001,7.000000000000001e-05,94914.3075830838,0.184025088,0.5636482205574039,0.8270822341314198,4.999003745492368,0.0004585953878406709,1.0,,,
360,6.501953125,0.0,6.501953125,0.000144,7.2e-05,94983.64553210475,0.189267968,0.25714826172287697,0.966399087533945,4.9989460076211065,0.0004716981132075472,1.0,,,
370,7.646484375,0.0,7.646484375,0.00014800000000000002,7.400000000000001e-05,95078.80637481574,0.194510848,0.541206645570973,0.8406779043506308,4.998886643813787,0.0004848008385744235,1.0,,,
380,6.408203125,0.0,6.408203125,0.000152,7.6e-05,95063.43353484929,0.199753728,0.736460372277914,0.6716895130563961,4.998825654110645,0.0004979035639412999,1.0,,,
390,6.490234375,0.0,6.490234375,0.000156,7.8e-05,95150.92509260471,0.204996608,0.7699593451502841,0.6331474953435597,4.998763038553016,0.0005110062893081761,1.0,,,
400,6.546875,0.0,6.546875,0.00016,8e-05,95235.07039680693,0.210239488,0.443519383542224,0.8960899493882906,4.998698797183342,0.0005241090146750524,1.0,,,
410,6.298828125,0.0,6.298828125,0.000164,8.2e-05,95262.45595388151,0.215482368,0.5702673011114264,0.822033766637909,4.9986329300451615,0.0005372117400419287,1.0,,,
420,6.076171875,0.0,6.076171875,0.00016800000000000002,8.400000000000001e-05,95337.07683913744,0.220725248,0.8014317509843013,0.5988915936527909,4.998565437183119,0.000550314465408805,1.0,,,
430,7.82421875,0.0,7.82421875,0.000172,8.6e-05,95412.3035292372,0.225968128,0.6283813525750722,0.7769091864365498,4.998496318642958,0.0005634171907756814,1.0,,,
440,6.3984375,0.0,6.3984375,0.00017600000000000002,8.800000000000001e-05,95433.01221640967,0.231211008,0.8651902813788566,0.49853424963540593,4.998425574471526,0.0005765199161425577,1.0,,,
450,6.298828125,0.0,6.298828125,0.00018,9e-05,95497.61653469126,0.236453888,0.8010186130914397,0.5995758540400492,4.998353204716769,0.0005896226415094339,1.0,,,
460,6.451171875,0.0,6.451171875,0.000184,9.2e-05,95485.19451075734,0.241696768,0.79791753325653,0.6067803521987832,4.99827920942774,0.0006027253668763104,1.0,,,
470,6.201171875,0.0,6.201171875,0.000188,9.4e-05,95549.50891431193,0.246939648,0.4885322477693196,0.8720426313593742,4.99820358865459,0.0006158280922431866,1.0,,,
480,6.060546875,0.0,6.060546875,0.000192,9.6e-05,95579.4846130356,0.252182528,0.47077779857587276,0.8822876368065357,4.998126342448572,0.0006289308176100629,1.0,,,
490,6.23046875,0.0,6.23046875,0.00019600000000000002,9.800000000000001e-05,95639.70577060133,0.257425408,0.8477620402079247,0.5323961029951543,4.998047470862042,0.0006420335429769392,1.0,,,
500,5.958984375,0.0,5.958984375,0.0002,0.0001,95669.59542341359,0.262668288,0.4498444701968784,0.7604259513969711,4.997966973948457,0.0006551362683438155,1.0,,,
500,,,,,,,,,,,,,0.0,0.0,0.0
510,6.0234375,0.0,6.0234375,0.00020400000000000003,0.00010200000000000001,95723.69118389652,0.267911168,0.588999456086072,0.8066768931130519,4.9978848517623735,0.0006682389937106919,1.0,,,
520,7.728515625,0.0,7.728515625,0.00020800000000000001,0.00010400000000000001,95778.04768406173,0.273154048,0.5661054452062804,0.8224489615600727,4.997801104359454,0.0006813417190775681,1.0,,,
530,5.728515625,0.0,5.728515625,0.00021200000000000003,0.00010600000000000002,95826.48131300409,0.278396928,0.5819051831015389,0.3847474479035777,4.997715731796459,0.0006944444444444445,1.0,,,
540,5.80078125,0.0,5.80078125,0.000216,0.000108,95851.94968335312,0.283639808,0.5497446289918214,0.5935708573195028,4.997628734131251,0.0007075471698113208,1.0,,,
550,5.73046875,0.0,5.73046875,0.00022,0.00011,95900.09354037495,0.288882688,0.8098832488883327,0.5908429534268679,4.997540111422795,0.000720649895178197,1.0,,,
560,5.72265625,0.0,5.72265625,0.000224,0.000112,95919.50011286227,0.294125568,0.6492913349588322,0.7610262649225027,4.997449863731158,0.0007337526205450734,1.0,,,
570,5.537109375,0.0,5.537109375,0.000228,0.000114,95959.99510908405,0.299368448,0.5934007742111667,0.4605484478854726,4.9973579911175054,0.0007468553459119497,1.0,,,
580,7.609375,0.0,7.609375,0.000232,0.000116,95997.28762596582,0.304611328,0.5953600117059521,0.8030517628857629,4.997264493644106,0.000759958071278826,1.0,,,
590,5.630859375,0.0,5.630859375,0.00023600000000000002,0.00011800000000000001,96039.85256016436,0.309854208,0.5054508940206224,0.25817970583303657,4.997169371374332,0.0007730607966457023,1.0,,,
600,5.71484375,0.0,5.71484375,0.00024,0.00012,96077.04393063873,0.315097088,0.7840759465945635,0.548911274023007,4.9970726243726515,0.0007861635220125787,1.0,,,
610,5.466796875,0.0,5.466796875,0.00024400000000000002,0.00012200000000000001,96115.7735533184,0.320339968,0.47952806053484603,0.19673666140178983,4.996974252704639,0.000799266247379455,1.0,,,
620,6.724609375,0.0,6.724609375,0.000248,0.000124,96147.32393906669,0.325582848,0.9016708829319277,0.4354597946764514,4.996874256436967,0.0008123689727463312,1.0,,,
630,5.75,0.0,5.75,0.000252,0.000126,96174.82548506543,0.330825728,0.6480557246927257,0.7639115626449697,4.99677263563741,0.0008254716981132075,1.0,,,
640,5.287109375,0.0,5.287109375,0.000256,0.000128,96183.97367049541,0.336068608,0.6316862403959965,0.7748032138365886,4.996669390374843,0.0008385744234800839,1.0,,,
650,5.427734375,0.0,5.427734375,0.00026000000000000003,0.00013000000000000002,96220.55993863514,0.341311488,0.5982172619732739,0.8008859980182318,4.996564520719245,0.0008516771488469602,1.0,,,
660,5.537109375,0.0,5.537109375,0.000264,0.000132,96255.63991224267,0.346554368,0.4563425406654847,0.8905767097061458,4.996458026741691,0.0008647798742138365,1.0,,,
670,5.40625,0.0,5.40625,0.000268,0.000134,96287.45801468377,0.351797248,0.6137926829676233,0.7891372720762674,4.996349908514361,0.0008778825995807128,1.0,,,
680,5.716796875,0.0,5.716796875,0.000272,0.000136,96318.65001849557,0.357040128,0.6702329131683855,0.7409448370214317,4.9962401661105345,0.0008909853249475891,1.0,,,
690,5.587890625,0.0,5.587890625,0.00027600000000000004,0.00013800000000000002,96340.77337635688,0.362283008,0.44556124503246086,0.8951345247209972,4.99612879960459,0.0009040880503144654,1.0,,,
700,5.1240234375,0.0,5.1240234375,0.00028000000000000003,0.00014000000000000001,96370.3345263908,0.367525888,0.8598280010074562,0.5105516505488951,4.99601580907201,0.0009171907756813418,1.0,,,
710,5.478515625,0.0,5.478515625,0.000284,0.000142,96399.04051660359,0.372768768,0.5462577092331679,0.5847298614801145,4.995901194589377,0.0009302935010482181,1.0,,,
720,5.373046875,0.0,5.373046875,0.000288,0.000144,96402.96590746833,0.378011648,0.4608804618179597,0.7273150010650833,4.995784956234372,0.0009433962264150943,1.0,,,
730,5.18359375,0.0,5.18359375,0.00029200000000000005,0.00014600000000000003,96432.46242991548,0.383254528,0.26989244564049064,0.47014420708909027,4.9956670940857775,0.0009564989517819706,1.0,,,
740,5.22265625,0.0,5.22265625,0.00029600000000000004,0.00014800000000000002,96460.84358781436,0.388497408,0.5907634077490667,0.6990173610303685,4.995547608223478,0.000969601677148847,1.0,,,
750,5.068359375,0.0,5.068359375,0.0003,0.00015,96488.31644087163,0.393740288,0.45362895767136774,0.8907454016357896,4.995426498728458,0.0009827044025157233,1.0,,,
760,4.4248046875,0.0,4.4248046875,0.000304,0.000152,96510.25998947986,0.398983168,0.484354193254998,0.8764467864561865,4.9953037656828005,0.0009958071278825997,1.0,,,
770,4.93359375,0.0,4.93359375,0.000308,0.000154,96536.69309367683,0.404226048,0.3190820274567074,0.4680801642858079,4.995179409169691,0.001008909853249476,1.0,,,
780,4.822265625,0.0,4.822265625,0.000312,0.000156,96556.87689684145,0.409468928,0.622128063795231,0.7821879420296437,4.995053429273416,0.0010220125786163522,1.0,,,
790,4.658203125,0.0,4.658203125,0.000316,0.000158,96548.37746714777,0.414711808,0.5907446217094299,0.8048934649771393,4.994925826079361,0.0010351153039832286,1.0,,,
800,5.142578125,0.0,5.142578125,0.00032,0.00016,96557.57875557138,0.419954688,0.44559247041246247,0.8950050889678199,4.994796599674009,0.0010482180293501049,1.0,,,
810,5.009765625,0.0,5.009765625,0.000324,0.000162,96581.64185365413,0.425197568,0.644666207674865,0.695161063426275,4.994665750144948,0.0010613207547169811,1.0,,,
820,4.5205078125,0.0,4.5205078125,0.000328,0.000164,96568.05260731559,0.430440448,0.44002391387132356,0.8981422118677257,4.994533277580865,0.0010744234800838573,1.0,,,
830,5.009765625,0.0,5.009765625,0.000332,0.000166,96591.97655394285,0.435683328,0.4027148385790973,0.9159296786061367,4.994399182071543,0.0010875262054507338,1.0,,,
840,5.09765625,0.0,5.09765625,0.00033600000000000004,0.00016800000000000002,96602.74881570193,0.440926208,0.574478463172295,0.8195034205702124,4.994263463707871,0.00110062893081761,1.0,,,
850,5.283203125,0.0,5.283203125,0.00034,0.00017,96625.66782211907,0.446169088,0.6163775936299846,0.7884219625661104,4.994126122581833,0.0011137316561844863,1.0,,,
860,4.828125,0.0,4.828125,0.000344,0.000172,96648.08129850536,0.451411968,0.4286134906461829,0.9043209367044575,4.993987158786517,0.0011268343815513627,1.0,,,
870,5.03125,0.0,5.03125,0.00034800000000000006,0.00017400000000000003,96669.68324828475,0.456654848,0.4815801642272723,0.8762796475795097,4.993846572416106,0.0011399371069182392,1.0,,,
880,4.51953125,0.0,4.51953125,0.00035200000000000005,0.00017600000000000002,96686.39425339432,0.461897728,0.612410592327484,0.7920126477205452,4.993704363565888,0.0011530398322851154,1.0,,,
890,4.50390625,0.0,4.50390625,0.00035600000000000003,0.00017800000000000002,96693.6034807376,0.467140608,0.6332061656802477,0.7741042891626368,4.9935605323322445,0.0011661425576519916,1.0,,,
900,5.033203125,0.0,5.033203125,0.00036,0.00018,96711.4833700388,0.472383488,0.349523173445607,0.9366482494254098,4.993415078812664,0.0011792452830188679,1.0,,,
910,4.1943359375,0.0,4.1943359375,0.000364,0.000182,96683.45359722966,0.477626368,0.5638176946111932,0.8270409832319814,4.9932680031057295,0.0011923480083857441,1.0,,,
920,4.861328125,0.0,4.861328125,0.000368,0.000184,96703.75766084323,0.482869248,0.39505397076003773,0.5045848288323589,4.993119305311122,0.0012054507337526208,1.0,,,
930,3.75390625,0.0,3.75390625,0.000372,0.000186,96706.52220881521,0.488112128,0.7741411317489345,0.6342716476598032,4.992968985529629,0.001218553459119497,1.0,,,
940,4.75390625,0.0,4.75390625,0.000376,0.000188,96726.1630002519,0.493355008,0.3432236671226358,0.9388890587930991,4.992817043863129,0.0012316561844863733,1.0,,,
950,3.802734375,0.0,3.802734375,0.00038,0.00019,96721.11498948287,0.498597888,0.6218225386426552,0.7839737750762436,4.992663480414606,0.0012447589098532495,1.0,,,
960,4.28515625,0.0,4.28515625,0.000384,0.000192,96721.28930167071,0.503840768,0.3964022057311919,0.917341573859748,4.99250829528814,0.0012578616352201257,1.0,,,
970,3.365234375,0.0,3.365234375,0.000388,0.000194,96724.95073765745,0.509083648,0.3401428185143849,0.940480100081867,4.992351488588911,0.0012709643605870022,1.0,,,
980,4.666015625,0.0,4.666015625,0.00039200000000000004,0.00019600000000000002,96743.6264472474,0.514326528,0.46139456636742476,0.8870303356680052,4.992193060423197,0.0012840670859538784,1.0,,,
990,4.677734375,0.0,4.677734375,0.00039600000000000003,0.00019800000000000002,96761.98285421908,0.519569408,0.3568626417242694,0.9340705102261485,4.992033010898379,0.0012971698113207549,1.0,,,
1000,4.197265625,0.0,4.197265625,0.0004,0.0002,96779.45598623634,0.524812288,0.36534342919452556,0.930193849995432,4.991871340122931,0.001310272536687631,1.0,,,
1000,,,,,,,,,,,,,0.0,0.0,0.0
1010,4.2822265625,0.0,4.2822265625,0.00039989235737351994,0.00019994617868675997,96648.9545838214,0.530055168,0.4344863559528771,0.9004777659555196,4.99170804820643,0.0013233752620545073,1.0,,,
1020,3.9345703125,0.0,3.9345703125,0.00039978471474703985,0.00019989235737351993,96667.12279433661,0.535298048,0.44177408902152954,0.8964684896925859,4.991543135259551,0.0013364779874213838,1.0,,,
1030,4.650390625,0.0,4.650390625,0.00039967707212055977,0.00019983853606027989,96679.86968279198,0.540540928,0.29537706259949975,0.9550496721405554,4.991376601394066,0.00134958071278826,1.0,,,
1040,3.6162109375,0.0,3.6162109375,0.0003995694294940797,0.00019978471474703984,96688.44455919755,0.545783808,0.36156418880561986,0.9321814402241021,4.9912084467228475,0.0013626834381551363,1.0,,,
1050,4.75,0.0,4.75,0.0003994617868675996,0.0001997308934337998,96705.84432928455,0.551026688,0.4427852183238251,0.8964426021055288,4.991038671359865,0.0013757861635220125,1.0,,,
1060,4.244140625,0.0,4.244140625,0.0003993541442411195,0.00019967707212055976,96713.55773619215,0.556269568,0.4617739840383674,0.8868683695829697,4.9908672754201895,0.001388888888888889,1.0,,,
1070,4.517578125,0.0,4.517578125,0.00039924650161463944,0.00019962325080731972,96730.87074069747,0.561512448,0.3691477968994959,0.5758402462622159,4.990694259019985,0.0014019916142557654,1.0,,,
1080,4.45703125,0.0,4.45703125,0.0003991388589881593,0.00019956942949407965,96747.84362881359,0.566755328,0.31029296248324734,0.2948091240076085,4.990519622276521,0.0014150943396226416,1.0,,,
1090,4.3857421875,0.0,4.3857421875,0.0003990312163616793,0.00019951560818083964,96764.1995448247,0.571998208,0.5710626070266313,0.7206913077143375,4.990343365308157,0.0014281970649895179,1.0,,,
1100,3.953125,0.0,3.953125,0.00039892357373519914,0.00019946178686759957,96780.06111707326,0.577241088,0.41549114645285967,0.9094544054924201,4.990165488234358,0.001441299790356394,1.0,,,
1110,4.1689453125,0.0,4.1689453125,0.0003988159311087191,0.00019940796555435955,96795.72151822352,0.582483968,0.39686552660534946,0.9181138862859195,4.989985991175683,0.0014544025157232703,1.0,,,
1120,3.955078125,0.0,3.955078125,0.00039870828848223897,0.00019935414424111949,96811.46133908536,0.587726848,0.5130090993099162,0.8596281058713366,4.989804874253789,0.0014675052410901468,1.0,,,
1130,4.560546875,0.0,4.560546875,0.0003986006458557589,0.00019930032292787944,96797.82639250648,0.592969728,0.3815421533336323,0.9241247351661782,4.989622137591432,0.0014806079664570232,1.0,,,
1140,4.474609375,0.0,4.474609375,0.0003984930032292788,0.0001992465016146394,96810.72268226593,0.598212608,0.2537419259791137,0.9674675199522255,4.989437781312467,0.0014937106918238995,1.0,,,
1150,4.35546875,0.0,4.35546875,0.0003983853606027987,0.00019919268030139936,96826.16747034344,0.603455488,0.379951841277343,0.924804308669973,4.989251805541844,0.0015068134171907757,1.0,,,
1160,4.330078125,0.0,4.330078125,0.00039827771797631864,0.00019913885898815932,96841.52999837743,0.608698368,0.20410872692644574,0.6133722673979156,4.989064210405613,0.001519916142557652,1.0,,,
1170,4.416015625,0.0,4.416015625,0.00039817007534983856,0.00019908503767491928,96856.23180478433,0.613941248,0.20234229634322462,0.42137064956652254,4.988874996030919,0.0015330188679245284,1.0,,,
1180,4.177734375,0.0,4.177734375,0.00039806243272335847,0.00019903121636167924,96870.8449558792,0.619184128,0.16142621413985717,0.6764054612601551,4.988684162546008,0.0015461215932914046,1.0,,,
1190,4.3369140625,0.0,4.3369140625,0.0003979547900968784,0.0001989773950484392,96885.1182841199,0.624427008,0.13561266705235236,0.9907852991183942,4.98849171008022,0.0015592243186582809,1.0,,,
1200,4.5107421875,0.0,4.5107421875,0.0003978471474703983,0.00019892357373519915,96899.03353074018,0.629669888,0.21543704897892912,0.9763851495869944,4.988297638763994,0.0015723270440251573,1.0,,,
1210,3.634765625,0.0,3.634765625,0.0003977395048439182,0.0001988697524219591,96912.52075293551,0.634912768,0.4525490552675517,0.8918940926731795,4.9881019487288665,0.0015854297693920336,1.0,,,
1220,3.7998046875,0.0,3.7998046875,0.0003976318622174381,0.00019881593110871904,96925.79687908391,0.640155648,0.38373927189614077,0.9232150556577993,4.987904640107469,0.00159853249475891,1.0,,,
1230,4.2431640625,0.0,4.2431640625,0.00039752421959095806,0.00019876210979547903,96927.95845268671,0.645398528,0.35661220358206985,0.934820134765129,4.987705713033533,0.0016116352201257862,1.0,,,
1240,4.283203125,0.0,4.283203125,0.0003974165769644779,0.00019870828848223896,96923.52167728309,0.650641408,0.2860391419126629,0.9584503438920754,4.987505167641885,0.0016247379454926625,1.0,,,
1250,4.3642578125,0.0,4.3642578125,0.0003973089343379979,0.00019865446716899895,96936.27673884228,0.655884288,0.35806592253575525,0.8380977871958785,4.987303004068449,0.0016378406708595387,1.0,,,
1260,3.81640625,0.0,3.81640625,0.00039720129171151776,0.00019860064585575888,96949.17092922173,0.661127168,0.3752952653032242,0.9269998250005036,4.987099222450246,0.001650943396226415,1.0,,,
1270,4.1787109375,0.0,4.1787109375,0.0003970936490850377,0.00019854682454251886,96959.12751143356,0.666370048,0.19202465492061954,0.6754630486491086,4.986893822925394,0.0016640461215932916,1.0,,,
1280,4.2236328125,0.0,4.2236328125,0.0003969860064585576,0.0001984930032292788,96971.7882965274,0.671612928,0.2502207465174623,0.9681085028729949,4.986686805633104,0.0016771488469601678,1.0,,,
1290,4.19921875,0.0,4.19921875,0.0003968783638320775,0.00019843918191603875,96974.10642443318,0.676855808,0.322783037081518,0.26707891926402605,4.9864781707136885,0.001690251572327044,1.0,,,
1300,1.438232421875,0.0,1.438232421875,0.0003967707212055974,0.0001983853606027987,96975.70164167442,0.682098688,0.631653949929261,0.7749853093104367,4.9862679183085525,0.0017033542976939203,1.0,,,
1310,4.1806640625,0.0,4.1806640625,0.00039666307857911734,0.00019833153928955867,96987.88555248617,0.687341568,0.22550985818262728,0.7356415634058798,4.986056048560202,0.0017164570230607966,1.0,,,
1320,3.80078125,0.0,3.80078125,0.00039655543595263726,0.00019827771797631863,96999.90663795042,0.692584448,0.2806860167463125,0.4064071056545764,4.985842561612233,0.001729559748427673,1.0,,,
1330,4.2001953125,0.0,4.2001953125,0.0003964477933261572,0.0001982238966630786,97011.71550918162,0.697827328,0.26229281273073457,0.9646525134725803,4.985627457609343,0.0017426624737945495,1.0,,,
1340,3.59765625,0.0,3.59765625,0.0003963401506996771,0.00019817007534983855,97014.67150908077,0.703070208,0.3004770217262662,0.9534506392412586,4.985410736697323,0.0017557651991614257,1.0,,,
1350,3.6748046875,0.0,3.6748046875,0.000396232508073197,0.0001981162540365985,97009.75657140525,0.708313088,0.2447786529418061,0.9697468234109261,4.985192399023058,0.001768867924528302,1.0,,,
1360,4.173828125,0.0,4.173828125,0.00039612486544671687,0.00019806243272335844,97021.32247884816,0.713555968,0.2678381895404422,0.771117791724945,4.984972444734533,0.0017819706498951782,1.0,,,
1370,3.5439453125,0.0,3.5439453125,0.00039601722282023684,0.00019800861141011842,97029.04575511928,0.718798848,0.30797942442456716,0.5538882230673219,4.9847508739808255,0.0017950733752620546,1.0,,,
1380,4.3359375,0.0,4.3359375,0.00039590958019375676,0.00019795479009687838,97039.91277704132,0.724041728,0.3810932912427773,0.9244949643674703,4.984527686912111,0.0018081761006289308,1.0,,,
1390,4.23828125,0.0,4.23828125,0.0003958019375672767,0.00019790096878363834,97049.31642349367,0.729284608,0.40810591175180594,0.9136698089929566,4.98430288367966,0.001821278825995807,1.0,,,
1400,4.23828125,0.0,4.23828125,0.0003956942949407966,0.0001978471474703983,97060.2359796952,0.734527488,0.3851204134524379,0.9230139468537091,4.984076464435835,0.0018343815513626835,1.0,,,
1410,4.294921875,0.0,4.294921875,0.0003955866523143165,0.00019779332615715826,97070.623942726,0.739770368,0.4140049251456146,0.9102342830863659,4.983848429334096,0.0018474842767295598,1.0,,,
1420,4.2900390625,0.0,4.2900390625,0.00039547900968783643,0.00019773950484391821,97080.93331947977,0.745013248,0.5451322911856366,0.8377517703821614,4.983618778529002,0.0018605870020964362,1.0,,,
1430,4.1611328125,0.0,4.1611328125,0.0003953713670613563,0.00019768568353067815,97078.57127729947,0.750256128,0.374835619250689,0.9268527766002489,4.983387512176202,0.0018736897274633125,1.0,,,
1440,4.0634765625,0.0,4.0634765625,0.00039526372443487626,0.00019763186221743813,97088.76501242252,0.755499008,0.17870911947084056,0.9838522625346131,4.983154630432441,0.0018867924528301887,1.0,,,
1450,4.2216796875,0.0,4.2216796875,0.0003951560818083961,0.00019757804090419806,97099.16505725447,0.760741888,0.15609109722876505,0.9877206193321305,4.9829201334555595,0.001899895178197065,1.0,,,
1460,4.0908203125,0.0,4.0908203125,0.0003950484391819161,0.00019752421959095805,97108.93231579484,0.765984768,0.331583686872891,0.881732092615052,4.982684021404494,0.0019129979035639412,1.0,,,
1470,4.154296875,0.0,4.154296875,0.00039494079655543596,0.00019747039827771798,97117.82765271721,0.771227648,0.2973603806358999,0.7686346448977487,4.9824462944392724,0.0019261006289308178,1.0,,,
1480,4.1494140625,0.0,4.1494140625,0.0003948331539289559,0.00019741657696447794,97126.47310763517,0.776470528,0.1739538645700451,0.4328715185767663,4.982206952721022,0.001939203354297694,1.0,,,
1490,4.0322265625,0.0,4.0322265625,0.0003947255113024758,0.0001973627556512379,97123.67240380842,0.781713408,0.3750270453201822,0.9269391460749954,4.981965996411959,0.0019523060796645703,1.0,,,
1500,4.0849609375,0.0,4.0849609375,0.0003946178686759957,0.00019730893433799786,97133.13385069193,0.786956288,0.26383396845839274,0.9646778856337178,4.981723425675398,0.0019654088050314465,1.0,,,
1500,,,,,,,,,,,,,0.0,0.0,0.0
1510,4.04296875,0.0,4.04296875,0.00039451022604951563,0.00019725511302475781,97136.95921973782,0.792199168,0.26120988792684025,0.6685751200824491,4.981479240675745,0.001978511530398323,1.0,,,
1520,3.2802734375,0.0,3.2802734375,0.00039440258342303555,0.00019720129171151777,97146.1282651542,0.797442048,0.46515535820252235,0.8858544113736408,4.981233441578504,0.0019916142557651994,1.0,,,
1530,4.078125,0.0,4.078125,0.00039429494079655546,0.00019714747039827773,97154.9154244189,0.802684928,0.30161570801301435,0.9289614711480157,4.9809860285502685,0.0020047169811320755,1.0,,,
1540,4.1044921875,0.0,4.1044921875,0.0003941872981700754,0.0001970936490850377,97163.62862758468,0.807927808,0.21243628263292594,0.4504585405536241,4.980737001758729,0.002017819706498952,1.0,,,
1550,3.88671875,0.0,3.88671875,0.0003940796555435953,0.00019703982777179765,97172.17064916,0.813170688,0.29374375379274104,0.9562286266229375,4.980486361372667,0.002030922431865828,1.0,,,
1560,4.162109375,0.0,4.162109375,0.0003939720129171152,0.0001969860064585576,97180.76378557859,0.818413568,0.5297702535736342,0.8476876081682582,4.980234107561961,0.0020440251572327044,1.0,,,
1570,3.3583984375,0.0,3.3583984375,0.0003938643702906351,0.00019693218514531754,97189.20030078363,0.823656448,0.42762496132871386,0.9042244043717499,4.97998024049758,0.002057127882599581,1.0,,,
1580,3.525390625,0.0,3.525390625,0.00039375672766415505,0.00019687836383207752,97198.07148744939,0.828899328,0.2815033494133949,0.9598333095531493,4.97972476035159,0.0020702306079664573,1.0,,,
1590,4.123046875,0.0,4.123046875,0.0003936490850376749,0.00019682454251883746,97187.6527923023,0.834142208,0.1775482276310206,0.3250667629936519,4.979467667297145,0.0020833333333333333,1.0,,,
1600,4.0791015625,0.0,4.0791015625,0.0003935414424111949,0.00019677072120559744,97193.43422657979,0.839385088,0.1524632986600923,0.3579228983870397,4.979208961508497,0.0020964360587002098,1.0,,,
1610,4.0654296875,0.0,4.0654296875,0.00039343379978471475,0.00019671689989235737,97201.02790751572,0.844627968,0.2005248063403461,0.4466332630901657,4.978948643160989,0.002109538784067086,1.0,,,
1620,3.9228515625,0.0,3.9228515625,0.00039332615715823466,0.00019666307857911733,97206.57057046928,0.849870848,0.15487326353864744,0.2993968274971768,4.978686712431058,0.0021226415094339622,1.0,,,
1630,3.1396484375,0.0,3.1396484375,0.0003932185145317546,0.0001966092572658773,97214.31898092285,0.855113728,0.18517332319163876,0.9827079485243471,4.9784231694962315,0.0021357442348008387,1.0,,,
1640,3.4736328125,0.0,3.4736328125,0.0003931108719052745,0.00019655543595263725,97222.10545008934,0.860356608,0.2957176065275203,0.653179833471908,4.978158014535132,0.0021488469601677147,1.0,,,
1650,3.6181640625,0.0,3.6181640625,0.0003930032292787944,0.0001965016146393972,97229.00864335395,0.865599488,0.3815769624967765,0.730779434922721,4.977891247727474,0.002161949685534591,1.0,,,
1660,4.04296875,0.0,4.04296875,0.00039289558665231433,0.00019644779332615717,97236.67913525441,0.870842368,0.2146063048166009,0.41399026392383154,4.9776228692540645,0.0021750524109014676,1.0,,,
1670,4.087890625,0.0,4.087890625,0.00039278794402583425,0.00019639397201291712,97244.46514011954,0.876085248,0.1765036350028837,0.43530384143120004,4.977352879296801,0.0021881551362683436,1.0,,,
1680,3.931640625,0.0,3.931640625,0.00039268030139935417,0.00019634015069967708,97252.10705560184,0.881328128,0.19372085472055517,0.5100568536701875,4.9770812780386775,0.00220125786163522,1.0,,,
1690,4.025390625,0.0,4.025390625,0.0003925726587728741,0.00019628632938643704,97244.72922650499,0.886571008,0.3012943970384601,0.952979384717469,4.976808065663776,0.002214360587002096,1.0,,,
1700,3.35546875,0.0,3.35546875,0.000392465016146394,0.000196232508073197,97252.48709720094,0.891813888,0.2587304701728759,0.9660899835654949,4.976533242357271,0.0022274633123689725,1.0,,,
1710,3.5634765625,0.0,3.5634765625,0.00039235737351991386,0.00019617868675995693,97251.16612470434,0.897056768,0.39056150960978825,0.920822517105921,4.976256808305433,0.0022405660377358494,1.0,,,
1720,4.064453125,0.0,4.064453125,0.00039224973089343383,0.00019612486544671692,97258.72266618942,0.902299648,0.26635772351279685,0.963837084260512,4.9759787636956165,0.0022536687631027254,1.0,,,
1730,3.638671875,0.0,3.638671875,0.0003921420882669537,0.00019607104413347685,97261.96526966317,0.907542528,0.3663415273583138,0.9297439627266021,4.975699108716276,0.002266771488469602,1.0,,,
1740,4.1533203125,0.0,4.1533203125,0.00039203444564047367,0.00019601722282023683,97266.12360552949,0.912785408,0.3367619242879046,0.9414299687284781,4.975417843556951,0.0022798742138364783,1.0,,,
1750,2.888671875,0.0,2.888671875,0.0003919268030139936,0.0001959634015069968,97270.03212808415,0.918028288,0.45365370092484714,0.8913767307134726,4.975134968408276,0.0022929769392033544,1.0,,,
1760,2.7587890625,0.0,2.7587890625,0.00039181916038751345,0.00019590958019375672,97266.87066801943,0.923271168,0.341302805414534,0.9402463336404561,4.974850483461975,0.002306079664570231,1.0,,,
1770,4.0458984375,0.0,4.0458984375,0.0003917115177610334,0.0001958557588805167,97268.422111203,0.928514048,0.3021828047963773,0.8890975122769346,4.974564388910865,0.002319182389937107,1.0,,,
1780,3.9375,0.0,3.9375,0.0003916038751345533,0.00019580193756727664,97261.17187941154,0.933756928,0.1692070470796608,0.3298793654648809,4.974276684948851,0.0023322851153039833,1.0,,,
1790,3.947265625,0.0,3.947265625,0.00039149623250807325,0.00019574811625403663,97268.35474119418,0.938999808,0.23816973794245955,0.7978858355036615,4.9739873717709315,0.0023453878406708597,1.0,,,
1800,3.861328125,0.0,3.861328125,0.0003913885898815931,0.00019569429494079656,97275.63313000691,0.944242688,0.20888741112076636,0.9780376287008211,4.973696449573194,0.0023584905660377358,1.0,,,
1810,4.0283203125,0.0,4.0283203125,0.0003912809472551131,0.00019564047362755654,97253.42074786073,0.949485568,0.22424924476968647,0.5120263266641223,4.973403918552816,0.002371593291404612,1.0,,,
1820,3.896484375,0.0,3.896484375,0.00039117330462863295,0.00019558665231431648,97260.55320004992,0.954728448,0.16348232190278494,0.2771734797652262,4.97310977890807,0.0023846960167714882,1.0,,,
1830,4.01953125,0.0,4.01953125,0.00039106566200215287,0.00019553283100107643,97265.20871570773,0.959971328,0.18227301830752698,0.3746105677074618,4.972814030838312,0.0023977987421383647,1.0,,,
1840,2.9267578125,0.0,2.9267578125,0.0003909580193756728,0.0001954790096878364,97250.19779358082,0.965214208,0.39701142138168594,0.9181642010380072,4.972516674543992,0.0024109014675052416,1.0,,,
1850,3.8974609375,0.0,3.8974609375,0.0003908503767491927,0.00019542518837459635,97237.76212957922,0.970457088,0.24565314571874455,0.7598055211407898,4.9722177102266505,0.0024240041928721176,1.0,,,
1860,3.8642578125,0.0,3.8642578125,0.0003907427341227126,0.0001953713670613563,97242.87959071925,0.975699968,0.18955275441046746,0.7191722044195256,4.971917138088917,0.002437106918238994,1.0,,,
1870,3.91796875,0.0,3.91796875,0.00039063509149623254,0.00019531754574811627,97250.001788433,0.980942848,0.13772492132634218,0.3544720756109733,4.971614958334509,0.00245020964360587,1.0,,,
1880,3.80859375,0.0,3.80859375,0.00039052744886975245,0.00019526372443487623,97237.7541863156,0.986185728,0.14714951106262952,0.9890844168394572,4.971311171168237,0.0024633123689727465,1.0,,,
1890,3.91796875,0.0,3.91796875,0.00039041980624327237,0.00019520990312163619,97244.70978458776,0.991428608,0.1554757009453009,0.5856083623976525,4.971005776795997,0.002476415094339623,1.0,,,
1900,3.837890625,0.0,3.837890625,0.00039031216361679223,0.00019515608180839612,97251.59571576175,0.996671488,0.16379475884543024,0.44146526248841517,4.970698775424779,0.002489517819706499,1.0,,,
1910,3.7958984375,0.0,3.7958984375,0.0003902045209903122,0.0001951022604951561,97257.41993254259,1.001914368,0.15427262480144605,0.391798187741845,4.970390167262658,0.0025026205450733754,1.0,,,
1920,3.8896484375,0.0,3.8896484375,0.00039009687836383207,0.00019504843918191603,97262.51619578296,1.007157248,0.1537219097058269,0.5609024542135655,4.9700799525188,0.0025157232704402514,1.0,,,
1930,3.8427734375,0.0,3.8427734375,0.00038998923573735204,0.00019499461786867602,97269.39767116113,1.012400128,0.2603723030231069,0.9655093466272354,4.96976813140346,0.002528825995807128,1.0,,,
1940,3.6943359375,0.0,3.6943359375,0.0003898815931108719,0.00019494079655543595,97276.31900724799,1.017643008,0.35818533683893183,0.9333323287456385,4.969454704127981,0.0025419287211740044,1.0,,,
1950,2.86328125,0.0,2.86328125,0.0003897739504843919,0.00019488697524219594,97283.06283893775,1.022885888,0.31831511585121824,0.9482054793096212,4.969139670904794,0.0025550314465408804,1.0,,,
1960,3.91015625,0.0,3.91015625,0.00038966630785791174,0.00019483315392895587,97281.05103744526,1.028128768,0.23653315955883333,0.5024988684837334,4.968823031947421,0.002568134171907757,1.0,,,
1970,3.90625,0.0,3.90625,0.00038955866523143165,0.00019477933261571583,97284.78765445971,1.033371648,0.17979772731187896,0.9836130980863044,4.96850478747047,0.002581236897274633,1.0,,,
1980,3.9013671875,0.0,3.9013671875,0.00038945102260495157,0.00019472551130247579,97291.16076689155,1.038614528,0.2529628907415513,0.9674945331650164,4.968184937689637,0.0025943396226415097,1.0,,,
1990,3.0712890625,0.0,3.0712890625,0.0003893433799784715,0.00019467168998923574,97297.83515607993,1.043857408,0.6116600837516055,0.7925944487519283,4.967863482821709,0.002607442348008386,1.0,,,
2000,3.828125,0.0,3.828125,0.0003892357373519914,0.0001946178686759957,97298.6787092263,1.049100288,0.2418373691204888,0.9705025179921313,4.967540423084556,0.002620545073375262,1.0,,,
2000,,,,,,,,,,,,,0.0,0.0,0.0
2010,3.9560546875,0.0,3.9560546875,0.0003891280947255113,0.00019456404736275566,97225.55537395165,1.054343168,0.3391007426493181,0.9406888560250448,4.967215758697141,0.0026336477987421386,1.0,,,
2020,3.5322265625,0.0,3.5322265625,0.00038902045209903124,0.00019451022604951562,97218.63840813824,1.059586048,0.28668036195048757,0.9582334231188466,4.966889489879511,0.0026467505241090147,1.0,,,
2030,3.7333984375,0.0,3.7333984375,0.00038891280947255116,0.00019445640473627558,97225.12991168868,1.064828928,0.21942200809318324,0.9755247625708872,4.966561616852801,0.002659853249475891,1.0,,,
2040,4.064453125,0.0,4.064453125,0.000388805166846071,0.0001944025834230355,97227.1403167127,1.070071808,0.38611983274966905,0.9226785077246727,4.966232139839235,0.0026729559748427676,1.0,,,
2050,2.8466796875,0.0,2.8466796875,0.000388697524219591,0.0001943487621097955,97228.04268086786,1.075314688,0.5106683508449608,0.8590873143527158,4.965901059062123,0.0026860587002096436,1.0,,,
2060,3.921875,0.0,3.921875,0.00038858988159311085,0.00019429494079655543,97234.29869961538,1.080557568,0.24537287143877745,0.45899951967790925,4.965568374745861,0.00269916142557652,1.0,,,
2070,3.9150390625,0.0,3.9150390625,0.0003884822389666308,0.0001942411194833154,97236.4338564849,1.085800448,0.26313726908388374,0.33754933556638655,4.965234087115933,0.002712264150943396,1.0,,,
2080,3.6669921875,0.0,3.6669921875,0.0003883745963401507,0.00019418729817007534,97243.18680737812,1.091043328,0.2166628315244714,0.9761785699877951,4.96489819639891,0.0027253668763102725,1.0,,,
2090,3.8857421875,0.0,3.8857421875,0.00038826695371367066,0.00019413347685683533,97244.11248600304,1.096286208,0.14202225688008777,0.9898616967833519,4.964560702822449,0.002738469601677149,1.0,,,
2100,3.3193359375,0.0,3.3193359375,0.0003881593110871905,0.00019407965554359526,97242.7044323932,1.101529088,0.3084684821427415,0.9079787169667892,4.964221606615292,0.002751572327044025,1.0,,,
2110,2.8349609375,0.0,2.8349609375,0.00038805166846071044,0.00019402583423035522,97247.47502628854,1.106771968,0.32945694865887837,0.9440505140619451,4.963880908007271,0.002764675052410902,1.0,,,
2120,2.5849609375,0.0,2.5849609375,0.0003879440258342304,0.0001939720129171152,97253.70753592803,1.112014848,0.34716803217260306,0.9377230454711747,4.9635386072292995,0.002777777777777778,1.0,,,
2130,4.173828125,0.0,4.173828125,0.00038783638320775027,0.00019391819160387514,97245.89318326632,1.117257728,0.3594757671570924,0.9331818212310645,4.96319470451338,0.0027908805031446543,1.0,,,
2140,4.03515625,0.0,4.03515625,0.00038772874058127024,0.00019386437029063512,97252.35028638359,1.122500608,0.21850276196979315,0.9758638309600056,4.962849200092599,0.002803983228511531,1.0,,,
2150,4.0029296875,0.0,4.0029296875,0.0003876210979547901,0.00019381054897739505,97257.86525217588,1.127743488,0.44662694810855313,0.8382347587985983,4.96250209420113,0.002817085953878407,1.0,,,
2160,3.92578125,0.0,3.92578125,0.00038751345532831,0.000193756727664155,97260.18370862787,1.132986368,0.18611751913516797,0.7607642719225074,4.962153387074232,0.0028301886792452833,1.0,,,
2170,3.8330078125,0.0,3.8330078125,0.00038740581270182994,0.00019370290635091497,97264.07496720199,1.138229248,0.1917655577886787,0.28464231647270694,4.961803078948248,0.0028432914046121593,1.0,,,
2180,4.0107421875,0.0,4.0107421875,0.00038729817007534986,0.00019364908503767493,97268.03597319497,1.143472128,0.30476073900767836,0.9526396798467438,4.961451170060606,0.0028563941299790357,1.0,,,
2190,3.2841796875,0.0,3.2841796875,0.0003871905274488698,0.0001935952637244349,97273.8684147491,1.148715008,0.26747156472792505,0.48656239722449185,4.96109766064982,0.002869496855345912,1.0,,,
2200,3.93359375,0.0,3.93359375,0.0003870828848223897,0.00019354144241119485,97271.37135494687,1.153957888,0.3199223369748097,0.947233626097984,4.96074255095549,0.002882599580712788,1.0,,,
2210,3.8486328125,0.0,3.8486328125,0.0003869752421959096,0.0001934876210979548,97266.42931843753,1.159200768,0.1825757141526291,0.6560284282525307,4.960385841218296,0.0028957023060796647,1.0,,,
2220,3.8212890625,0.0,3.8212890625,0.0003868675995694295,0.00019343379978471476,97268.1380682578,1.164443648,0.17824840703701142,0.9841453495358599,4.960027531680008,0.0029088050314465407,1.0,,,
2230,2.8095703125,0.0,2.8095703125,0.00038675995694294944,0.00019337997847147472,97274.09751899679,1.169686528,0.33738393006285,0.9411965746217259,4.959667622583477,0.002921907756813417,1.0,,,
2240,3.9384765625,0.0,3.9384765625,0.00038665231431646936,0.00019332615715823468,97278.99766964812,1.174929408,0.23510769021663655,0.6193016263684292,4.959306114172639,0.0029350104821802936,1.0,,,
2250,3.3212890625,0.0,3.3212890625,0.0003865446716899892,0.0001932723358449946,97284.76466904326,1.180172288,0.2674367047527872,0.9635697325407504,4.958943006692514,0.00294811320754717,1.0,,,
2260,3.84375,0.0,3.84375,0.0003864370290635092,0.0001932185145317546,97288.28034424441,1.185415168,0.17252773961788,0.45544214740344974,4.958578300389205,0.0029612159329140465,1.0,,,
2270,3.7802734375,0.0,3.7802734375,0.00038632938643702906,0.00019316469321851453,97292.0035956976,1.190658048,0.19544274641723067,0.3870739668481929,4.958211995509901,0.0029743186582809225,1.0,,,
2280,3.9296875,0.0,3.9296875,0.00038622174381054903,0.00019311087190527451,97293.14677428696,1.195900928,0.19017779458037168,0.9818308516714686,4.957844092302871,0.002987421383647799,1.0,,,
2290,3.7041015625,0.0,3.7041015625,0.0003861141011840689,0.00019305705059203445,97297.46394983947,1.201143808,0.16578536670112745,0.34260632320442935,4.95747459101747,0.0030005241090146754,1.0,,,
2300,3.86328125,0.0,3.86328125,0.0003860064585575888,0.0001930032292787944,97299.52322316104,1.206386688,0.18048351530930262,0.8752532116916721,4.957103491904135,0.0030136268343815514,1.0,,,
2310,3.7841796875,0.0,3.7841796875,0.0003858988159311087,0.00019294940796555436,97287.83962421509,1.211629568,0.3309803685939435,0.7024367322717674,4.956730795214387,0.003026729559748428,1.0,,,
2320,3.5927734375,0.0,3.5927734375,0.00038579117330462864,0.00019289558665231432,97293.37132788586,1.216872448,0.40018719027705496,0.6225268892585581,4.956356501200828,0.003039832285115304,1.0,,,
2330,1.89453125,0.0,1.89453125,0.00038568353067814856,0.00019284176533907428,97277.71631935386,1.222115328,0.6281191705334529,0.7767470802493659,4.955980610117145,0.0030529350104821803,1.0,,,
2340,3.7783203125,0.0,3.7783203125,0.0003855758880516685,0.00019278794402583424,97283.39872513223,1.227358208,0.20777626560214144,0.4468957102886193,4.955603122218104,0.003066037735849057,1.0,,,
2350,4.029296875,0.0,4.029296875,0.0003854682454251884,0.0001927341227125942,97288.91505446415,1.232601088,0.25522237352730653,0.9667149571175976,4.9552240377595576,0.003079140461215933,1.0,,,
2360,3.9404296875,0.0,3.9404296875,0.0003853606027987083,0.00019268030139935416,97294.41876065957,1.237843968,0.25464799352142026,0.9671337272471416,4.954843356998436,0.0030922431865828093,1.0,,,
2370,3.8505859375,0.0,3.8505859375,0.00038525296017222823,0.00019262648008611411,97297.144133433,1.243086848,0.2189943958378655,0.5770578706012089,4.954461080192755,0.0031053459119496853,1.0,,,
2380,2.591796875,0.0,2.591796875,0.00038514531754574815,0.00019257265877287407,97302.6240629985,1.248329728,0.42248063498094574,0.9069858311699508,4.95407720760161,0.0031184486373165617,1.0,,,
2390,3.806640625,0.0,3.806640625,0.000385037674919268,0.000192518837459634,97308.00092669281,1.253572608,0.18040955048591384,0.9834658372077237,4.953691739485181,0.0031315513626834386,1.0,,,
2400,3.03515625,0.0,3.03515625,0.000384930032292788,0.000192465016146394,97312.36299819275,1.258815488,0.38386610631529366,0.9229413406158958,4.953304676104724,0.0031446540880503146,1.0,,,
2410,4.1279296875,0.0,4.1279296875,0.00038482238966630784,0.00019241119483315392,97317.5083374363,1.264058368,0.32951403401927254,0.8418784803087385,4.952916017722581,0.003157756813417191,1.0,,,
2420,3.84765625,0.0,3.84765625,0.0003847147470398278,0.0001923573735199139,97322.8327898539,1.269301248,0.1791058049349624,0.32893026926707175,4.952525764602172,0.003170859538784067,1.0,,,
2430,3.736328125,0.0,3.736328125,0.0003846071044133477,0.00019230355220667384,97328.15586937871,1.274544128,0.16944273633663728,0.36891919578915144,4.952133917008001,0.0031839622641509436,1.0,,,
2440,3.244140625,0.0,3.244140625,0.0003844994617868676,0.0001922497308934338,97333.34011889974,1.279787008,0.3852705829195052,0.7584561612271205,4.951740475205651,0.00319706498951782,1.0,,,
2450,2.59033203125,0.0,2.59033203125,0.0003843918191603875,0.00019219590958019376,97331.31785119104,1.285029888,0.27839136800041386,0.9607655070556098,4.951345439461784,0.003210167714884696,1.0,,,
2460,3.9853515625,0.0,3.9853515625,0.00038428417653390743,0.00019214208826695371,97310.50376566032,1.290272768,0.3607968240826904,0.9329304779536598,4.950948810044144,0.0032232704402515725,1.0,,,
2470,3.6552734375,0.0,3.6552734375,0.00038417653390742735,0.00019208826695371367,97263.40472647068,1.295515648,0.1680069053310023,0.426224856284594,4.950550587221556,0.0032363731656184485,1.0,,,
2480,3.8154296875,0.0,3.8154296875,0.00038406889128094726,0.00019203444564047363,97268.5647085709,1.300758528,0.20240628945878505,0.37080275910203214,4.950150771263923,0.003249475890985325,1.0,,,
2490,2.8662109375,0.0,2.8662109375,0.00038396124865446723,0.00019198062432723362,97245.9794437446,1.306001408,0.3065917766339884,0.9514815639820324,4.949749362442229,0.0032625786163522014,1.0,,,
2500,2.3291015625,0.0,2.3291015625,0.0003838536060279871,0.00019192680301399355,97227.00188771062,1.311244288,0.7445688231608709,0.6683103330817846,4.949346361028537,0.0032756813417190774,1.0,,,
2500,,,,,,,,,,,,,0.0,0.0,0.0
2510,3.798828125,0.0,3.798828125,0.000383745963401507,0.0001918729817007535,97213.62721778646,1.316487168,0.20772332039938463,0.439553624204954,4.94894176729599,0.003288784067085954,1.0,,,
2520,2.8759765625,0.0,2.8759765625,0.00038363832077502693,0.00019181916038751347,97219.0448122024,1.321730048,0.4180591452343059,0.9079612457910023,4.94853558151881,0.00330188679245283,1.0,,,
2530,3.6611328125,0.0,3.6611328125,0.00038353067814854685,0.00019176533907427342,97224.50557496349,1.326972928,0.15200461129515516,0.41907464067804334,4.948127803972297,0.0033149895178197068,1.0,,,
2540,3.705078125,0.0,3.705078125,0.00038342303552206677,0.00019171151776103338,97229.89929372282,1.332215808,0.17058579085266662,0.4040553256547659,4.947718434932831,0.0033280922431865832,1.0,,,
2550,2.7529296875,0.0,2.7529296875,0.0003833153928955867,0.00019165769644779334,97222.98957678743,1.337458688,0.401065807156062,0.9158044677934309,4.9473074746778725,0.0033411949685534592,1.0,,,
2560,2.7421875,0.0,2.7421875,0.0003832077502691066,0.0001916038751345533,97227.1826015355,1.342701568,0.6303759410736527,0.7759431110834951,4.9468949234859565,0.0033542976939203357,1.0,,,
2570,3.8017578125,0.0,3.8017578125,0.0003831001076426265,0.00019155005382131326,97221.27327618196,1.347944448,0.20286063038648025,0.3904812704045918,4.946480781636699,0.0033674004192872117,1.0,,,
2580,3.7685546875,0.0,3.7685546875,0.00038299246501614643,0.00019149623250807322,97218.94364598885,1.353187328,0.1357314592676309,0.1765557301764286,4.946065049410791,0.003380503144654088,1.0,,,
2590,3.7041015625,0.0,3.7041015625,0.00038288482238966635,0.00019144241119483318,97221.61393941351,1.358430208,0.23595530255331612,0.530003499498608,4.945647727090008,0.0033936058700209646,1.0,,,
2600,3.5302734375,0.0,3.5302734375,0.0003827771797631862,0.0001913885898815931,97222.53161474106,1.363673088,0.13358899049352257,0.3224293736119626,4.945228814957195,0.0034067085953878406,1.0,,,
2610,3.1494140625,0.0,3.1494140625,0.0003826695371367062,0.0001913347685683531,97227.65248442387,1.368915968,0.24195347223161265,0.6190299571208914,4.9448083132962815,0.003419811320754717,1.0,,,
2620,3.5390625,0.0,3.5390625,0.00038256189451022605,0.00019128094725511302,97232.84452455159,1.374158848,0.14331916059334984,0.22969992816084694,4.94438622239227,0.003432914046121593,1.0,,,
2630,2.30029296875,0.0,2.30029296875,0.000382454251883746,0.000191227125941873,97232.11508202067,1.379401728,0.32768076686970976,0.7809729856849545,4.94396254253124,0.0034460167714884696,1.0,,,
2640,3.8349609375,0.0,3.8349609375,0.0003823466092572659,0.00019117330462863294,97220.1158404532,1.384644608,0.240147501357924,0.6193149366921916,4.943537274000352,0.003459119496855346,1.0,,,
2650,2.7158203125,0.0,2.7158203125,0.0003822389666307858,0.0001911194833153929,97219.18590955381,1.389887488,0.5278933216350914,0.8496805304599223,4.94311041708784,0.003472222222222222,1.0,,,
2660,3.806640625,0.0,3.806640625,0.0003821313240043057,0.00019106566200215286,97219.5087739804,1.395130368,0.22423430667274438,0.3638490433127668,4.942681972083015,0.003485324947589099,1.0,,,
2670,2.9345703125,0.0,2.9345703125,0.00038202368137782563,0.00019101184068891282,97216.40948865062,1.400373248,0.42078694647502946,0.9064632907534621,4.942251939276264,0.003498427672955975,1.0,,,
2680,3.3876953125,0.0,3.3876953125,0.00038191603875134555,0.00019095801937567278,97221.4173419134,1.405616128,0.3242583166097424,0.9455158098943657,4.941820318959051,0.0035115303983228514,1.0,,,
2690,3.796875,0.0,3.796875,0.00038180839612486547,0.00019090419806243273,97226.42305954928,1.410859008,0.3123553176649835,0.5807307169457772,4.941387111423916,0.003524633123689728,1.0,,,
2700,3.3486328125,0.0,3.3486328125,0.0003817007534983854,0.0001908503767491927,97231.28004864384,1.416101888,0.3034320473892893,0.806429800383228,4.9409523169644745,0.003537735849056604,1.0,,,
2710,3.6875,0.0,3.6875,0.0003815931108719053,0.00019079655543595265,97236.21973798527,1.421344768,0.14711217611081587,0.28675499959461215,4.940515935875418,0.0035508385744234803,1.0,,,
2720,3.7041015625,0.0,3.7041015625,0.0003814854682454252,0.0001907427341227126,97241.10728178744,1.426587648,0.15759112483606588,0.6173840537409864,4.940077968452512,0.0035639412997903563,1.0,,,
2730,2.7724609375,0.0,2.7724609375,0.00038137782561894514,0.00019068891280947257,97240.54958520012,1.431830528,0.526102962518381,0.8510467105483447,4.939638414992599,0.0035770440251572328,1.0,,,
2740,3.1884765625,0.0,3.1884765625,0.000381270182992465,0.0001906350914962325,97245.29823416824,1.437073408,0.28691398621833114,0.5347248717374739,4.939197275793595,0.0035901467505241092,1.0,,,
2750,2.3681640625,0.0,2.3681640625,0.00038116254036598497,0.00019058127018299249,97249.80673405952,1.442316288,0.40190182141560515,0.9015742465073923,4.938754551154491,0.0036032494758909852,1.0,,,
2760,3.2001953125,0.0,3.2001953125,0.00038105489773950483,0.00019052744886975242,97254.62812375574,1.447559168,0.25410465026022516,0.43262157111544414,4.938310241375355,0.0036163522012578617,1.0,,,
2770,3.69140625,0.0,3.69140625,0.0003809472551130248,0.0001904736275565124,97259.55729994207,1.452802048,0.20990006672388034,0.6539867360643115,4.937864346757324,0.0036294549266247377,1.0,,,
2780,2.572265625,0.0,2.572265625,0.00038083961248654467,0.00019041980624327233,97264.05146837913,1.458044928,0.5459017691495233,0.5235708761704571,4.937416867602616,0.003642557651991614,1.0,,,
2790,3.798828125,0.0,3.798828125,0.0003807319698600646,0.0001903659849300323,97268.81026669676,1.463287808,0.34017677691265596,0.46814728528078364,4.936967804214516,0.003655660377358491,1.0,,,
2800,3.6259765625,0.0,3.6259765625,0.0003806243272335845,0.00019031216361679225,97255.10825663476,1.468530688,0.15963454229043647,0.6307404749798439,4.93651715689739,0.003668763102725367,1.0,,,
2810,3.748046875,0.0,3.748046875,0.0003805166846071044,0.0001902583423035522,97246.5798555072,1.473773568,0.20042336925972334,0.6600454860052508,4.93606492595667,0.0036818658280922435,1.0,,,
2820,3.6552734375,0.0,3.6552734375,0.00038040904198062434,0.00019020452099031217,97245.71094122433,1.479016448,0.1316338818435847,0.32903331898715854,4.935611111698867,0.0036949685534591195,1.0,,,
2830,3.7529296875,0.0,3.7529296875,0.00038030139935414425,0.00019015069967707213,97250.32234620984,1.484259328,0.31223538043170995,0.861197947693934,4.935155714431562,0.003708071278825996,1.0,,,
2840,3.7177734375,0.0,3.7177734375,0.00038019375672766417,0.00019009687836383209,97255.08909654932,1.489502208,0.18397954991942964,0.18207775961733266,4.93469873446341,0.0037211740041928724,1.0,,,
2850,3.716796875,0.0,3.716796875,0.0003800861141011841,0.00019004305705059204,97259.74689314117,1.494745088,0.1502400446384836,0.4085674132189429,4.934240172104142,0.0037342767295597485,1.0,,,
2860,3.6552734375,0.0,3.6552734375,0.000379978471474704,0.000189989235737352,97260.69956767482,1.499987968,0.17571834069507006,0.3640336832208655,4.933780027664554,0.003747379454926625,1.0,,,
2870,3.1962890625,0.0,3.1962890625,0.0003798708288482239,0.00018993541442411196,97262.3668627983,1.505230848,0.2709778134091468,0.9623316392425489,4.93331830145652,0.003760482180293501,1.0,,,
2880,3.1865234375,0.0,3.1865234375,0.0003797631862217438,0.0001898815931108719,97257.6045306382,1.510473728,0.44241601720765894,0.8973052071186347,4.932854993792986,0.0037735849056603774,1.0,,,
2890,3.7421875,0.0,3.7421875,0.00037965554359526376,0.00018982777179763188,97260.91753734049,1.515716608,0.3290634176617569,0.4003040642462093,4.9323901049879675,0.003786687631027254,1.0,,,
2900,3.6201171875,0.0,3.6201171875,0.00037954790096878367,0.00018977395048439184,97264.90846608767,1.520959488,0.32811759611127067,0.7558811965047798,4.931923635356552,0.00379979035639413,1.0,,,
2910,3.2109375,0.0,3.2109375,0.0003794402583423036,0.0001897201291711518,97269.2502073462,1.526202368,0.28665038619956246,0.5202563535606259,4.931455585214899,0.0038128930817610063,1.0,,,
2920,3.75,0.0,3.75,0.0003793326157158235,0.00018966630785791175,97269.99689645668,1.531445248,0.19534283238903183,0.7616141101699284,4.930985954880241,0.0038259958071278823,1.0,,,
2930,3.251953125,0.0,3.251953125,0.00037922497308934337,0.00018961248654467168,97265.24977983537,1.536688128,0.3023063523916931,0.7574714004232711,4.930514744670879,0.003839098532494759,1.0,,,
2940,3.5205078125,0.0,3.5205078125,0.00037911733046286334,0.00018955866523143167,97259.6429745343,1.541931008,0.3099846201242855,0.9506898928586388,4.930041954906185,0.0038522012578616357,1.0,,,
2950,3.841796875,0.0,3.841796875,0.0003790096878363832,0.0001895048439181916,97260.08401655556,1.547173888,0.4297827794380032,0.7883876892299184,4.929567585906604,0.0038653039832285117,1.0,,,
2960,3.736328125,0.0,3.736328125,0.0003789020452099032,0.0001894510226049516,97230.44587678938,1.552416768,0.18593482342517617,0.36066934183571553,4.929091637993646,0.003878406708595388,1.0,,,
2970,3.6630859375,0.0,3.6630859375,0.00037879440258342304,0.00018939720129171152,97231.00431893118,1.557659648,0.13853481379574822,0.28742161360601864,4.928614111489899,0.003891509433962264,1.0,,,
2980,2.4951171875,0.0,2.4951171875,0.00037868675995694296,0.00018934337997847148,97230.91146123015,1.562902528,0.4080438802048164,0.7954048116925225,4.928135006719013,0.0039046121593291406,1.0,,,
2990,3.599609375,0.0,3.599609375,0.00037857911733046287,0.00018928955866523144,97233.2357885429,1.568145408,0.2910874203689497,0.772272567276894,4.927654324005714,0.003917714884696017,1.0,,,
3000,3.7568359375,0.0,3.7568359375,0.0003784714747039828,0.0001892357373519914,97237.80988047125,1.573388288,0.22911546520294668,0.29214014952580897,4.927172063675793,0.003930817610062893,1.0,,,
3000,,,,,,,,,,,,,0.0,0.0,0.0
3010,3.755859375,0.0,3.755859375,0.0003783638320775027,0.00018918191603875135,97187.37238158868,1.578631168,0.16055346967963577,0.6845275550398716,4.926688226056113,0.00394392033542977,1.0,,,
3020,2.49560546875,0.0,2.49560546875,0.0003782561894510226,0.0001891280947255113,97169.49406567238,1.583874048,0.42744900754009124,0.9043960749245159,4.926202811474605,0.003957023060796646,1.0,,,
3030,3.7705078125,0.0,3.7705078125,0.00037814854682454254,0.00018907427341227127,97172.45300900386,1.589116928,0.2721306660876768,0.8997254677703016,4.925715820260269,0.003970125786163522,1.0,,,
3040,3.703125,0.0,3.703125,0.00037804090419806246,0.00018902045209903123,97146.0971415917,1.594359808,0.1318777697089354,0.3012301135176461,4.925227252743173,0.003983228511530399,1.0,,,
3050,3.1484375,0.0,3.1484375,0.0003779332615715824,0.0001889666307857912,97150.87165408283,1.599602688,0.2769329915137364,0.41942421260486173,4.924737109254453,0.003996331236897275,1.0,,,
3060,3.439453125,0.0,3.439453125,0.0003778256189451023,0.00018891280947255115,97147.10475840107,1.604845568,0.16761681618840368,0.9857063799735943,4.924245390126317,0.004009433962264151,1.0,,,
3070,2.73828125,0.0,2.73828125,0.00037771797631862216,0.00018885898815931108,97151.88978205873,1.610088448,0.43628733686596843,0.8999094212824079,4.923752095692035,0.004022536687631027,1.0,,,
3080,2.35888671875,0.0,2.35888671875,0.0003776103336921421,0.00018880516684607106,97156.54405586181,1.615331328,0.3307864831142784,0.5707826349081976,4.9232572262859495,0.004035639412997904,1.0,,,
3090,3.681640625,0.0,3.681640625,0.000377502691065662,0.000188751345532831,97161.16169120691,1.620574208,0.2932157352852128,0.7787170851943924,4.9227607822434685,0.00404874213836478,1.0,,,
3100,3.7890625,0.0,3.7890625,0.00037739504843918196,0.00018869752421959098,97165.67248894235,1.625817088,0.13886377409829886,0.3352504261044845,4.922262763901066,0.004061844863731656,1.0,,,
3110,3.634765625,0.0,3.634765625,0.0003772874058127018,0.0001886437029063509,97170.22214091847,1.631059968,0.14448783431374138,0.3218015280135908,4.921763171596286,0.004074947589098533,1.0,,,
3120,3.7587890625,0.0,3.7587890625,0.0003771797631862218,0.0001885898815931109,97174.60707405872,1.636302848,0.12213936595846193,0.39823727663067365,4.921262005667737,0.004088050314465409,1.0,,,
3130,3.3046875,0.0,3.3046875,0.00037707212055974166,0.00018853606027987083,97176.53141841527,1.641545728,0.23534854473514624,0.5303721354334676,4.920759266455095,0.004101153039832285,1.0,,,
3140,3.8349609375,0.0,3.8349609375,0.0003769644779332616,0.0001884822389666308,97180.50133982122,1.646788608,0.43309444945521036,0.9019871909098919,4.920254954299101,0.004114255765199162,1.0,,,
3150,3.1826171875,0.0,3.1826171875,0.0003768568353067815,0.00018842841765339075,97178.29119224256,1.652031488,0.3150580904568188,0.9492105693120542,4.919749069541564,0.004127358490566038,1.0,,,
3160,2.322265625,0.0,2.322265625,0.0003767491926803014,0.0001883745963401507,97182.7031328089,1.657274368,0.5486577537941467,0.7571528931246484,4.919241612525359,0.004140461215932915,1.0,,,
3170,3.15625,0.0,3.15625,0.0003766415500538213,0.00018832077502691066,97186.3713962856,1.662517248,0.5196657133514491,0.8544037418660322,4.918732583594424,0.004153563941299791,1.0,,,
3180,3.625,0.0,3.625,0.00037653390742734124,0.00018826695371367062,97190.75710882613,1.667760128,0.1573654137515012,0.3497667560193567,4.918221983093764,0.004166666666666667,1.0,,,
3190,3.1259765625,0.0,3.1259765625,0.00037642626480086116,0.00018821313240043058,97193.0397752913,1.673003008,0.20736451521410015,0.9782772647886844,4.91770981136945,0.0041797693920335435,1.0,,,
3200,3.4619140625,0.0,3.4619140625,0.0003763186221743811,0.00018815931108719054,97188.68270259858,1.678245888,0.32831399685411156,0.941327650051165,4.917196068768618,0.0041928721174004195,1.0,,,
3210,3.66015625,0.0,3.66015625,0.00037621097954790094,0.00018810548977395047,97192.91620113987,1.683488768,0.1976097247977963,0.6360452216682981,4.916680755639467,0.0042059748427672955,1.0,,,
3220,3.599609375,0.0,3.599609375,0.0003761033369214209,0.00018805166846071046,97195.49912685822,1.688731648,0.2013890104292638,0.339188550412269,4.91616387233126,0.004219077568134172,1.0,,,
3230,3.1513671875,0.0,3.1513671875,0.00037599569429494083,0.00018799784714747041,97199.59498728883,1.693974528,0.23507809859250708,0.6316300634364083,4.915645419194328,0.004232180293501048,1.0,,,
3240,3.6884765625,0.0,3.6884765625,0.00037588805166846075,0.00018794402583423037,97200.29788828266,1.699217408,0.35930179822059527,0.5406371504399621,4.915125396580061,0.0042452830188679245,1.0,,,
3250,3.806640625,0.0,3.806640625,0.0003757804090419806,0.0001878902045209903,97204.00214787234,1.704460288,0.1607743857733251,0.46409138657147664,4.914603804840917,0.0042583857442348005,1.0,,,
3260,2.32177734375,0.0,2.32177734375,0.0003756727664155006,0.0001878363832077503,97206.5935134282,1.709703168,0.38201906538179564,0.9237787257719593,4.914080644330415,0.004271488469601677,1.0,,,
3270,3.6318359375,0.0,3.6318359375,0.0003755651237890205,0.00018778256189451025,97210.865340713,1.714946048,0.28587342013207495,0.9538804913185681,4.913555915403139,0.004284591194968554,1.0,,,
3280,3.1748046875,0.0,3.1748046875,0.00037545748116254036,0.00018772874058127018,97215.02778328066,1.720188928,0.3207916101675694,0.7748159642316206,4.9130296184147335,0.004297693920335429,1.0,,,
3290,3.61328125,0.0,3.61328125,0.00037534983853606033,0.00018767491926803017,97219.09976597923,1.725431808,0.23932226919834496,0.7303492639173849,4.912501753721909,0.004310796645702306,1.0,,,
3300,3.072265625,0.0,3.072265625,0.0003752421959095802,0.0001876210979547901,97220.57719484519,1.730674688,0.24110175896061292,0.9705924784616353,4.911972321682435,0.004323899371069182,1.0,,,
3310,2.6337890625,0.0,2.6337890625,0.00037513455328310017,0.00018756727664155008,97213.88647946178,1.735917568,0.3111661404370325,0.5644646488043301,4.911441322655147,0.004337002096436059,1.0,,,
3320,2.998046875,0.0,2.998046875,0.00037502691065662003,0.00018751345532831001,97212.13653915288,1.741160448,0.24170893270268193,0.3998406223884098,4.910908756999939,0.004350104821802935,1.0,,,
3330,3.7265625,0.0,3.7265625,0.00037491926803013995,0.00018745963401506997,97216.35929439189,1.746403328,0.14350150932919462,0.33324994653559203,4.910374625077771,0.004363207547169811,1.0,,,
3340,3.83203125,0.0,3.83203125,0.00037481162540365986,0.00018740581270182993,97219.72806831813,1.751646208,0.2532092834121042,0.8875065977097952,4.90983892725066,0.004376310272536687,1.0,,,
3350,3.6533203125,0.0,3.6533203125,0.0003747039827771798,0.0001873519913885899,97223.66717339557,1.756889088,0.15583303416672253,0.9879042696553674,4.909301663881687,0.004389412997903564,1.0,,,
3360,3.634765625,0.0,3.634765625,0.0003745963401506997,0.00018729817007534985,97227.70293605377,1.762131968,0.1965285036764194,0.6726021553542055,4.9087628353349935,0.00440251572327044,1.0,,,
3370,3.716796875,0.0,3.716796875,0.0003744886975242196,0.0001872443487621098,97228.71827907601,1.767374848,0.16094263304749387,0.7723261340904745,4.908222441975782,0.004415618448637317,1.0,,,
3380,2.46337890625,0.0,2.46337890625,0.00037438105489773953,0.00018719052744886977,97232.79689539276,1.772617728,0.25929458505675074,0.9658793184321448,4.907680484170315,0.004428721174004192,1.0,,,
3390,3.60546875,0.0,3.60546875,0.00037427341227125945,0.00018713670613562972,97234.65189336285,1.777860608,0.2892134169950241,0.7421039768460209,4.907136962285917,0.004441823899371069,1.0,,,
3400,2.30712890625,0.0,2.30712890625,0.00037416576964477937,0.00018708288482238968,97238.61815451237,1.783103488,0.5740424439504459,0.8197349567887865,4.906591876690971,0.004454926624737945,1.0,,,
3410,3.7802734375,0.0,3.7802734375,0.0003740581270182993,0.00018702906350914964,97242.58018021217,1.788346368,0.23199261581375585,0.6146361983940357,4.90604522775492,0.004468029350104822,1.0,,,
3420,3.5693359375,0.0,3.5693359375,0.00037395048439181915,0.00018697524219590957,97245.54245301694,1.793589248,0.1931221849610779,0.4693018471086107,4.905497015848266,0.004481132075471699,1.0,,,
3430,3.466796875,0.0,3.466796875,0.0003738428417653391,0.00018692142088266956,97247.62570111471,1.798832128,0.36863491563470013,0.859574356592209,4.9049472413425725,0.004494234800838575,1.0,,,
3440,3.6572265625,0.0,3.6572265625,0.000373735199138859,0.0001868675995694295,97251.42654016819,1.804075008,0.18365218764981692,0.3216059172020137,4.904395904610459,0.004507337526205451,1.0,,,
3450,3.6240234375,0.0,3.6240234375,0.00037362755651237895,0.00018681377825618948,97255.31398686608,1.809317888,0.16050895797485648,0.402332430743274,4.903843006025607,0.004520440251572327,1.0,,,
3460,3.6767578125,0.0,3.6767578125,0.0003735199138858988,0.0001867599569429494,97257.71457955714,1.814560768,0.24884077231869028,0.6358191604076878,4.903288545962755,0.004533542976939204,1.0,,,
3470,2.30029296875,0.0,2.30029296875,0.00037341227125941873,0.00018670613562970937,97258.6692607373,1.819803648,0.42458985802954907,0.905181478785093,4.902732524797699,0.00454664570230608,1.0,,,
3480,2.3212890625,0.0,2.3212890625,0.00037330462863293865,0.00018665231431646932,97253.08853363864,1.825046528,0.6064778032670651,0.7953907734749526,4.902174942907295,0.004559748427672957,1.0,,,
3490,3.46875,0.0,3.46875,0.00037319698600645857,0.00018659849300322928,97253.92006030069,1.830289408,0.12193492170318045,0.9925909493579322,4.901615800669456,0.004572851153039832,1.0,,,
3500,3.669921875,0.0,3.669921875,0.0003730893433799785,0.00018654467168998924,97255.10023412792,1.835532288,0.3698485746949175,0.8660074490743124,4.901055098463152,0.004585953878406709,1.0,,,
3500,,,,,,,,,,,,,0.0,0.0,0.0
3510,2.32421875,0.0,2.32421875,0.0003729817007534984,0.0001864908503767492,97256.95030663349,1.840775168,0.43969323931756843,0.8749992227385631,4.90049283666841,0.004599056603773585,1.0,,,
3520,3.1552734375,0.0,3.1552734375,0.0003728740581270183,0.00018643702906350916,97253.3248706299,1.846018048,0.17507732283607977,0.5888600829642344,4.899929015666316,0.004612159329140462,1.0,,,
3530,3.75390625,0.0,3.75390625,0.00037276641550053823,0.00018638320775026912,97257.13740680304,1.851260928,0.2229983931252313,0.9748365150325784,4.899363635839009,0.004625262054507338,1.0,,,
3540,3.677734375,0.0,3.677734375,0.00037265877287405815,0.00018632938643702908,97258.72221960533,1.856503808,0.19205475188677798,0.7483414685824479,4.898796697569691,0.004638364779874214,1.0,,,
3550,3.6962890625,0.0,3.6962890625,0.00037255113024757807,0.00018627556512378903,97259.86430562694,1.861746688,0.1497413644560745,0.33949876039782423,4.898228201242614,0.0046514675052410906,1.0,,,
3560,3.6083984375,0.0,3.6083984375,0.000372443487621098,0.000186221743810549,97263.5453824476,1.866989568,0.13791840105691022,0.2994531793524533,4.897658147243089,0.004664570230607967,1.0,,,
3570,3.69140625,0.0,3.69140625,0.0003723358449946179,0.00018616792249730895,97267.29332825479,1.872232448,0.35970703426973694,0.6230402086210771,4.89708653595748,0.0046776729559748435,1.0,,,
3580,3.826171875,0.0,3.826171875,0.00037222820236813776,0.00018611410118406888,97270.96725639595,1.877475328,0.23863421948310493,0.5948998477208165,4.8965133677732116,0.0046907756813417195,1.0,,,
3590,3.693359375,0.0,3.693359375,0.00037212055974165774,0.00018606027987082887,97273.78873139193,1.882718208,0.18064694375538887,0.5769764865650744,4.895938643078759,0.0047038784067085955,1.0,,,
3600,4.037109375,0.0,4.037109375,0.00037201291711517765,0.00018600645855758883,97276.92046873216,1.887961088,0.25626829271275353,0.9665362048529144,4.895362362263654,0.0047169811320754715,1.0,,,
3610,2.3037109375,0.0,2.3037109375,0.0003719052744886975,0.00018595263724434876,97280.62263213815,1.893203968,0.5288041355029414,0.6732992418396531,4.894784525718483,0.004730083857442348,1.0,,,
3620,3.5390625,0.0,3.5390625,0.00037179763186221743,0.00018589881593110872,97282.3521885949,1.898446848,0.15108106030747626,0.3398462696888505,4.8942051338348875,0.004743186582809224,1.0,,,
3630,3.5888671875,0.0,3.5888671875,0.00037168998923573735,0.00018584499461786868,97281.31928078289,1.903689728,0.15264869207682377,0.17220512705722707,4.893624187005562,0.004756289308176101,1.0,,,
3640,3.33203125,0.0,3.33203125,0.0003715823466092573,0.00018579117330462866,97259.55401828191,1.908932608,0.22246056517591342,0.43939930460440324,4.893041685624255,0.0047693920335429765,1.0,,,
3650,3.5986328125,0.0,3.5986328125,0.0003714747039827772,0.0001857373519913886,97255.99726151429,1.914175488,0.17430523401181092,0.3729506256011312,4.89245763008577,0.004782494758909853,1.0,,,
3660,3.529296875,0.0,3.529296875,0.00037136706135629716,0.00018568353067814858,97259.71406169976,1.919418368,0.19154838126195653,0.2919493701242976,4.8918720207859625,0.004795597484276729,1.0,,,
3670,3.150390625,0.0,3.150390625,0.000371259418729817,0.0001856297093649085,97257.80557950538,1.924661248,0.3067379643910359,0.3067089190687085,4.891284858121741,0.004808700209643606,1.0,,,
3680,3.6025390625,0.0,3.6025390625,0.00037115177610333694,0.00018557588805166847,97261.47447750143,1.929904128,0.13523315581612178,0.2943539811480908,4.890696142491069,0.004821802935010483,1.0,,,
3690,2.3232421875,0.0,2.3232421875,0.00037104413347685685,0.00018552206673842843,97262.76286998659,1.935147008,0.5252359719611687,0.8523901075116965,4.890105874292958,0.004834905660377358,1.0,,,
3700,2.14794921875,0.0,2.14794921875,0.00037093649085037677,0.00018546824542518839,97266.4460158541,1.940389888,0.25453772938016517,0.45955535862144925,4.889514053927477,0.004848008385744235,1.0,,,
3710,3.060546875,0.0,3.060546875,0.0003708288482238967,0.00018541442411194834,97270.10136483115,1.945632768,0.26279482787913777,0.5794992103560962,4.888920681795744,0.004861111111111111,1.0,,,
3720,3.1962890625,0.0,3.1962890625,0.0003707212055974166,0.0001853606027987083,97273.75749266437,1.950875648,0.26219810407328653,0.3597095942758395,4.88832575829993,0.004874213836477988,1.0,,,
3730,2.927734375,0.0,2.927734375,0.0003706135629709365,0.00018530678148546826,97277.40450067738,1.956118528,0.19645893647828397,0.4742119700874438,4.887729283843257,0.004887316561844864,1.0,,,
3740,3.53125,0.0,3.53125,0.00037050592034445644,0.00018525296017222822,97280.99847761738,1.961361408,0.1319863080447606,0.3638421642779852,4.887131258829996,0.00490041928721174,1.0,,,
3750,2.3642578125,0.0,2.3642578125,0.0003703982777179763,0.00018519913885898815,97276.21363723294,1.966604288,0.45625634887362443,0.6211044896592952,4.886531683665472,0.004913522012578616,1.0,,,
3760,3.6357421875,0.0,3.6357421875,0.00037029063509149627,0.00018514531754574814,97273.1745565578,1.971847168,0.2695839327758912,0.7428864837947066,4.885930558756062,0.004926624737945493,1.0,,,
3770,3.576171875,0.0,3.576171875,0.00037018299246501614,0.00018509149623250807,97276.83756991275,1.977090048,0.2108316962141152,0.48302406494821526,4.885327884509189,0.004939727463312369,1.0,,,
3780,2.1748046875,0.0,2.1748046875,0.0003700753498385361,0.00018503767491926805,97280.45249478513,1.982332928,0.841040462514154,0.5385827667478607,4.884723661333327,0.004952830188679246,1.0,,,
3790,3.5576171875,0.0,3.5576171875,0.00036996770721205597,0.00018498385360602798,97276.11634019394,1.987575808,0.14357329667763633,0.5232732170706799,4.884117889638002,0.004965932914046121,1.0,,,
3800,3.615234375,0.0,3.615234375,0.00036986006458557594,0.00018493003229278797,97276.83475480785,1.992818688,0.13428195587227815,0.33539449279557076,4.88351056983379,0.004979035639412998,1.0,,,
3810,3.2998046875,0.0,3.2998046875,0.0003697524219590958,0.0001848762109795479,97280.28213556277,1.998061568,0.1895016677729476,0.547643732270912,4.882901702332314,0.004992138364779874,1.0,,,
3820,3.244140625,0.0,3.244140625,0.0003696447793326157,0.00018482238966630786,97282.25797627977,2.003304448,0.41922743772597704,0.8451123715717038,4.882291287546245,0.005005241090146751,1.0,,,
3830,2.4208984375,0.0,2.4208984375,0.00036953713670613564,0.00018476856835306782,97275.68025054467,2.008547328,0.3479971686410685,0.9373989695974355,4.881679325889306,0.005018343815513628,1.0,,,
3840,3.6962890625,0.0,3.6962890625,0.00036942949407965556,0.00018471474703982778,97278.11906930247,2.013790208,0.17668294359168008,0.3822858404686823,4.881065817776267,0.005031446540880503,1.0,,,
3850,3.0048828125,0.0,3.0048828125,0.00036932185145317547,0.00018466092572658774,97281.57014467152,2.019033088,0.27054884844953553,0.5283637140979736,4.880450763622944,0.00504454926624738,1.0,,,
3860,3.5205078125,0.0,3.5205078125,0.0003692142088266954,0.0001846071044133477,97279.80715066225,2.024275968,0.16278397584011048,0.4407383492272268,4.879834163846207,0.005057651991614256,1.0,,,
3870,3.216796875,0.0,3.216796875,0.0003691065662002153,0.00018455328310010765,97273.74217488512,2.029518848,0.19732134441860624,0.45696693385177073,4.879216018863965,0.005070754716981133,1.0,,,
3880,3.5244140625,0.0,3.5244140625,0.0003689989235737352,0.0001844994617868676,97277.20252904501,2.034761728,0.15580231223243968,0.48722502776120713,4.878596329095181,0.005083857442348009,1.0,,,
3890,3.5712890625,0.0,3.5712890625,0.0003688912809472551,0.00018444564047362754,97276.28725167962,2.040004608,0.14561213393113684,0.4011658068391601,4.877975094959863,0.005096960167714885,1.0,,,
3900,3.70703125,0.0,3.70703125,0.00036878363832077506,0.00018439181916038753,97279.6495704732,2.045247488,0.2347031024333098,0.494525774525445,4.877352316879065,0.005110062893081761,1.0,,,
3910,3.5869140625,0.0,3.5869140625,0.0003686759956942949,0.00018433799784714746,97280.34641619113,2.050490368,0.21219416622060233,0.5664198593719632,4.876727995274887,0.005123165618448638,1.0,,,
3920,2.20947265625,0.0,2.20947265625,0.0003685683530678149,0.00018428417653390745,97282.93930910646,2.055733248,0.5568900703422801,0.8316684334887676,4.8761021305704775,0.005136268343815514,1.0,,,
3930,3.5966796875,0.0,3.5966796875,0.0003684607104413348,0.0001842303552206674,97286.27471576649,2.060976128,0.29410109770482606,0.9561096651806245,4.875474723190028,0.0051493710691823905,1.0,,,
3940,2.39404296875,0.0,2.39404296875,0.0003683530678148547,0.00018417653390742736,97289.55453872425,2.066219008,0.2731522692729284,0.30374419915127304,4.874845773558779,0.005162473794549266,1.0,,,
3950,2.26318359375,0.0,2.26318359375,0.0003682454251883746,0.0001841227125941873,97291.46520150498,2.071461888,0.6469811221167846,0.7624869978630903,4.874215282103013,0.0051755765199161426,1.0,,,
3960,3.576171875,0.0,3.576171875,0.0003681377825618945,0.00018406889128094725,97294.85756322849,2.076704768,0.14604951558283388,0.3204544664501882,4.87358324925006,0.0051886792452830195,1.0,,,
3970,3.494140625,0.0,3.494140625,0.0003680301399354145,0.00018401506996770724,97298.18542670365,2.081947648,0.193650018584172,0.24960496031862256,4.87294967542829,0.0052017819706498955,1.0,,,
3980,2.783203125,0.0,2.783203125,0.00036792249730893434,0.00018396124865446717,97301.4696123299,2.087190528,0.5261748798589039,0.8499700753645215,4.872314561067126,0.005214884696016772,1.0,,,
3990,3.67578125,0.0,3.67578125,0.00036781485468245426,0.00018390742734122713,97302.01024547544,2.092433408,0.19996196722753545,0.5286910323013477,4.871677906597027,0.0052279874213836475,1.0,,,
4000,2.9404296875,0.0,2.9404296875,0.0003677072120559742,0.0001838536060279871,97305.3459240711,2.097676288,0.25887986591813267,0.9658292199057619,4.8710397124495,0.005241090146750524,1.0,,,
4000,,,,,,,,,,,,,0.0,0.0,0.0
4010,3.0966796875,0.0,3.0966796875,0.0003675995694294941,0.00018379978471474705,97267.27376580318,2.102919168,0.41365250317267355,0.9106300145311668,4.870399979057093,0.0052541928721174,1.0,,,
4020,3.486328125,0.0,3.486328125,0.000367491926803014,0.000183745963401507,97270.60449735657,2.108162048,0.1227063335886226,0.20072367477086248,4.869758706853401,0.005267295597484277,1.0,,,
4030,3.6923828125,0.0,3.6923828125,0.0003673842841765339,0.00018369214208826696,97267.34114584756,2.113404928,0.1053685526915547,0.9944302995365145,4.869115896273057,0.005280398322851153,1.0,,,
4040,3.6025390625,0.0,3.6025390625,0.00036727664155005384,0.00018363832077502692,97267.63705682401,2.118647808,0.19297301795115862,0.7015391699095606,4.868471547751742,0.005293501048218029,1.0,,,
4050,2.373046875,0.0,2.373046875,0.00036716899892357376,0.00018358449946178688,97267.36515376094,2.123890688,0.2155674212088136,0.9765245680585262,4.867825661726176,0.005306603773584905,1.0,,,
4060,3.52734375,0.0,3.52734375,0.0003670613562970937,0.00018353067814854684,97270.55645817131,2.129133568,0.15741725742559315,0.38323471738895165,4.867178238634121,0.005319706498951782,1.0,,,
4070,3.55078125,0.0,3.55078125,0.0003669537136706136,0.0001834768568353068,97272.3071217455,2.134376448,0.19492058389810635,0.4207911108221758,4.866529278914382,0.005332809224318658,1.0,,,
4080,3.6318359375,0.0,3.6318359375,0.0003668460710441335,0.00018342303552206676,97275.60057006263,2.139619328,0.15158138579975627,0.9884151762051882,4.8658787830068055,0.005345911949685535,1.0,,,
4090,3.00390625,0.0,3.00390625,0.00036673842841765343,0.00018336921420882671,97273.53948481781,2.144862208,0.24941508269878204,0.6361906369200939,4.865226751352278,0.00535901467505241,1.0,,,
4100,3.552734375,0.0,3.552734375,0.0003666307857911733,0.00018331539289558665,97276.83882965852,2.150105088,0.22473198346555195,0.6901931744603418,4.864573184392729,0.005372117400419287,1.0,,,
4110,3.740234375,0.0,3.740234375,0.00036652314316469326,0.00018326157158234663,97280.04163165228,2.155347968,0.14814375884609332,0.23463463360668282,4.863918082571126,0.005385220125786164,1.0,,,
4120,3.5263671875,0.0,3.5263671875,0.0003664155005382131,0.00018320775026910656,97283.27614588174,2.160590848,0.3107480834930547,0.5094623946867983,4.863261446331479,0.00539832285115304,1.0,,,
4130,3.4921875,0.0,3.4921875,0.0003663078579117331,0.00018315392895586655,97286.20824089607,2.165833728,0.1264556791390717,0.2524478477386193,4.862603276118835,0.005411425576519917,1.0,,,
4140,3.8115234375,0.0,3.8115234375,0.00036620021528525296,0.00018310010764262648,97288.23801281796,2.171076608,0.16203979765703727,0.26386414587548257,4.861943572379285,0.005424528301886792,1.0,,,
4150,3.65234375,0.0,3.65234375,0.0003660925726587729,0.00018304628632938644,97271.17058701695,2.176319488,0.15134198325545228,0.37664962533908614,4.861282335559956,0.005437631027253669,1.0,,,
4160,3.1962890625,0.0,3.1962890625,0.0003659849300322928,0.0001829924650161464,97265.87295714753,2.181562368,0.17945984618291366,0.26323583088298164,4.8606195661090155,0.005450733752620545,1.0,,,
4170,2.51318359375,0.0,2.51318359375,0.0003658772874058127,0.00018293864370290636,97268.99625370346,2.186805248,0.2322169400972976,0.43585613890943437,4.859955264475669,0.005463836477987422,1.0,,,
4180,3.5908203125,0.0,3.5908203125,0.00036576964477933263,0.00018288482238966631,97272.25729929651,2.192048128,0.23720048367646088,0.5959626634893754,4.85928943111016,0.005476939203354298,1.0,,,
4190,3.7177734375,0.0,3.7177734375,0.00036566200215285255,0.00018283100107642627,97275.51767091459,2.197291008,0.14493667657683415,0.42951191366666436,4.858622066463774,0.005490041928721174,1.0,,,
4200,3.5419921875,0.0,3.5419921875,0.00036555435952637246,0.00018277717976318623,97278.72154909544,2.202533888,0.3436806862006425,0.6751064289986223,4.857953170988829,0.00550314465408805,1.0,,,
4210,2.12158203125,0.0,2.12158203125,0.0003654467168998924,0.0001827233584499462,97278.36877452776,2.207776768,0.6146000594099178,0.7905176489547848,4.857282745138684,0.005516247379454927,1.0,,,
4220,3.0361328125,0.0,3.0361328125,0.0003653390742734123,0.00018266953713670615,97280.701993649,2.213019648,0.21008570895799833,0.38008893795012233,4.856610789367733,0.005529350104821804,1.0,,,
4230,3.0634765625,0.0,3.0634765625,0.0003652314316469322,0.0001826157158234661,97278.18023348463,2.218262528,0.29262693442813537,0.8558999060117433,4.855937304131408,0.00554245283018868,1.0,,,
4240,3.5869140625,0.0,3.5869140625,0.0003651237890204521,0.00018256189451022604,97277.28816703384,2.223505408,0.14260807165651337,0.3458162435838009,4.855262289886181,0.005555555555555556,1.0,,,
4250,3.4755859375,0.0,3.4755859375,0.00036501614639397205,0.00018250807319698602,97280.37006034426,2.228748288,0.2895391413999012,0.9568137750632713,4.854585747089553,0.005568658280922432,1.0,,,
4260,3.6943359375,0.0,3.6943359375,0.0003649085037674919,0.00018245425188374596,97283.52742569968,2.233991168,0.20356181340911003,0.5537001002599946,4.853907676200066,0.005581761006289309,1.0,,,
4270,2.6328125,0.0,2.6328125,0.0003648008611410119,0.00018240043057050594,97286.65105941745,2.239234048,0.7279125828095759,0.6858158815426465,4.8532280776773,0.005594863731656185,1.0,,,
4280,2.4462890625,0.0,2.4462890625,0.00036469321851453175,0.00018234660925726587,97287.83246111742,2.244476928,0.5380381156327801,0.8413766944327999,4.8525469519818625,0.005607966457023062,1.0,,,
4290,3.6240234375,0.0,3.6240234375,0.00036458557588805166,0.00018229278794402583,97290.89394379333,2.249719808,0.16108273557163227,0.27594637648654446,4.851864299575405,0.005621069182389937,1.0,,,
4300,3.6240234375,0.0,3.6240234375,0.00036447793326157163,0.00018223896663078582,97289.07948301194,2.254962688,0.14051378199300738,0.40111374832748126,4.851180120920606,0.005634171907756814,1.0,,,
4310,3.4794921875,0.0,3.4794921875,0.0003643702906350915,0.00018218514531754575,97281.76656919371,2.260205568,0.14560848610687271,0.4221487504750313,4.850494416481185,0.00564727463312369,1.0,,,
4320,3.1005859375,0.0,3.1005859375,0.0003642626480086114,0.0001821313240043057,97284.79779900632,2.265448448,0.19341869007603707,0.39890171967268023,4.849807186721891,0.0056603773584905665,1.0,,,
4330,3.5673828125,0.0,3.5673828125,0.00036415500538213133,0.00018207750269106567,97287.90411505656,2.270691328,0.16039979792993497,0.41072472021263823,4.849118432108507,0.0056734800838574425,1.0,,,
4340,2.51171875,0.0,2.51171875,0.0003640473627556513,0.00018202368137782565,97289.64743296325,2.275934208,0.5554257504401685,0.8319207646612049,4.848428153107853,0.0056865828092243186,1.0,,,
4350,3.5869140625,0.0,3.5869140625,0.00036393972012917117,0.00018196986006458558,97291.15874537783,2.281177088,0.1875972250924581,0.7798283531882871,4.84773635018778,0.005699685534591195,1.0,,,
4360,2.482421875,0.0,2.482421875,0.0003638320775026911,0.00018191603875134554,97293.00165478216,2.286419968,0.24301579546514537,0.9699633919061905,4.847043023817172,0.0057127882599580715,1.0,,,
4370,3.693359375,0.0,3.693359375,0.000363724434876211,0.0001818622174381055,97296.11137658056,2.291662848,0.19519998226120885,0.4526822877616041,4.846348174465944,0.005725890985324948,1.0,,,
4380,3.53125,0.0,3.53125,0.0003636167922497309,0.00018180839612486546,97298.41583980317,2.296905728,0.17618135139653696,0.4193663144045297,4.845651802605046,0.005738993710691824,1.0,,,
4390,3.54296875,0.0,3.54296875,0.00036350914962325083,0.00018175457481162542,97301.4021193692,2.302148608,0.1304362676529257,0.34961092088711826,4.844953908706458,0.0057520964360587,1.0,,,
4400,3.41796875,0.0,3.41796875,0.00036340150699677075,0.00018170075349838538,97304.42527649889,2.307391488,0.1548238140864594,0.4002665405942548,4.844254493243193,0.005765199161425576,1.0,,,
4410,3.0576171875,0.0,3.0576171875,0.00036329386437029067,0.00018164693218514533,97304.50322198897,2.312634368,0.2249182158926534,0.39642838643646494,4.843553556689295,0.005778301886792453,1.0,,,
4420,2.9873046875,0.0,2.9873046875,0.0003631862217438106,0.0001815931108719053,97306.22962863649,2.317877248,0.2654992905309465,0.4629261024064095,4.842851099519836,0.005791404612159329,1.0,,,
4430,2.24560546875,0.0,2.24560546875,0.0003630785791173305,0.00018153928955866525,97305.34112953508,2.323120128,0.36775592420551234,0.9300628711606805,4.842147122210924,0.005804507337526206,1.0,,,
4440,2.20166015625,0.0,2.20166015625,0.0003629709364908504,0.0001814854682454252,97306.01893417648,2.328363008,0.431413073049935,0.9022778861076542,4.8414416252396935,0.005817610062893081,1.0,,,
4450,3.5703125,0.0,3.5703125,0.0003628632938643703,0.00018143164693218514,97308.97131176261,2.333605888,0.32108174918946963,0.6722047163822326,4.840734609084308,0.005830712788259958,1.0,,,
4460,3.6611328125,0.0,3.6611328125,0.00036275565123789025,0.00018137782561894513,97309.45968038969,2.338848768,0.17035434309722067,0.4213811647444947,4.840026074223966,0.005843815513626834,1.0,,,
4470,3.16015625,0.0,3.16015625,0.0003626480086114101,0.00018132400430570506,97301.72334009287,2.344091648,0.34537549839312776,0.8424622117129312,4.839316021138889,0.005856918238993711,1.0,,,
4480,3.3486328125,0.0,3.3486328125,0.0003625403659849301,0.00018127018299246504,97304.69136032322,2.349334528,0.1410301375849608,0.3174264228718234,4.838604450310331,0.005870020964360587,1.0,,,
4490,3.1630859375,0.0,3.1630859375,0.00036243272335844995,0.00018121636167922498,97307.63134835324,2.354577408,0.21404050992306878,0.37923605325261356,4.837891362220575,0.005883123689727463,1.0,,,
4500,2.1435546875,0.0,2.1435546875,0.00036232508073196987,0.00018116254036598493,97308.9642099052,2.359820288,0.48416713284417023,0.8752411233721039,4.837176757352931,0.00589622641509434,1.0,,,
4500,,,,,,,,,,,,,0.0,0.0,0.0
4510,3.541015625,0.0,3.541015625,0.0003622174381054898,0.0001811087190527449,97305.62613575967,2.365063168,0.12588222437634453,0.41971861121009574,4.836460636191737,0.005909329140461216,1.0,,,
4520,1.9892578125,0.0,1.9892578125,0.0003621097954790097,0.00018105489773950485,97308.48798204499,2.370306048,0.41065157528719043,0.699023083147924,4.83574299922236,0.005922431865828093,1.0,,,
4530,2.9140625,0.0,2.9140625,0.0003620021528525296,0.0001810010764262648,97311.43902305666,2.375548928,0.32724796443880844,0.5422985127339264,4.835023846931192,0.005935534591194969,1.0,,,
4540,3.23046875,0.0,3.23046875,0.00036189451022604954,0.00018094725511302477,97308.0340061992,2.380791808,0.33925514322388417,0.7448434390936082,4.834303179805656,0.005948637316561845,1.0,,,
4550,3.0322265625,0.0,3.0322265625,0.00036178686759956945,0.00018089343379978473,97307.77801709897,2.386034688,0.20280450979053108,0.38848087237939305,4.833580998334198,0.005961740041928721,1.0,,,
4560,3.5458984375,0.0,3.5458984375,0.00036167922497308937,0.00018083961248654469,97306.79569020298,2.391277568,0.2506779094711615,0.4963876986984477,4.832857303006291,0.005974842767295598,1.0,,,
4570,2.24169921875,0.0,2.24169921875,0.0003615715823466093,0.00018078579117330464,97309.66668251246,2.396520448,0.27883834708970523,0.8314868979582715,4.832132094312435,0.005987945492662474,1.0,,,
4580,2.75146484375,0.0,2.75146484375,0.0003614639397201292,0.0001807319698600646,97308.98197206312,2.401763328,0.2723032953734902,0.6815701989644438,4.831405372744157,0.006001048218029351,1.0,,,
4590,2.2939453125,0.0,2.2939453125,0.00036135629709364907,0.00018067814854682453,97311.85519786824,2.407006208,0.21851940150317825,0.9759056731953398,4.830677138794005,0.006014150943396226,1.0,,,
4600,3.521484375,0.0,3.521484375,0.00036124865446716904,0.00018062432723358452,97312.00566515677,2.412249088,0.17091865781016818,0.21690356968907906,4.829947392955557,0.006027253668763103,1.0,,,
4610,3.4921875,0.0,3.4921875,0.0003611410118406889,0.00018057050592034445,97314.24621880958,2.417491968,0.17025079499917764,0.4524070367209291,4.829216135723413,0.006040356394129979,1.0,,,
4620,3.4921875,0.0,3.4921875,0.00036103336921420887,0.00018051668460710444,97315.64376659773,2.422734848,0.1165163590203801,0.3445204974907613,4.828483367593198,0.006053459119496856,1.0,,,
4630,3.4580078125,0.0,3.4580078125,0.00036092572658772874,0.00018046286329386437,97314.47803662627,2.427977728,0.16489083293940457,0.34033854335177843,4.8277490890615615,0.006066561844863733,1.0,,,
4640,3.5615234375,0.0,3.5615234375,0.00036081808396124865,0.00018040904198062433,97300.84695068075,2.433220608,0.1474425454906866,0.3012919184084945,4.827013300626175,0.006079664570230608,1.0,,,
4650,3.361328125,0.0,3.361328125,0.00036071044133476857,0.00018035522066738428,97302.73481215004,2.438463488,0.18679375486300095,0.34903735584524404,4.826276002785735,0.006092767295597485,1.0,,,
4660,2.27587890625,0.0,2.27587890625,0.0003606027987082885,0.00018030139935414424,97305.5474326089,2.443706368,0.3357690479148074,0.875523142551112,4.825537196039961,0.006105870020964361,1.0,,,
4670,3.2353515625,0.0,3.2353515625,0.00036049515608180846,0.00018024757804090423,97308.28186398525,2.448949248,0.24038317530985323,0.7609614700324219,4.824796880889594,0.0061189727463312376,1.0,,,
4680,2.0673828125,0.0,2.0673828125,0.0003603875134553283,0.00018019375672766416,97310.90825412874,2.454192128,0.4246778509596705,0.7812346689595308,4.8240550578364,0.006132075471698114,1.0,,,
4690,3.599609375,0.0,3.599609375,0.00036027987082884824,0.00018013993541442412,97313.67152638148,2.459435008,0.14536621213375603,0.3872684550753377,4.823311727383164,0.00614517819706499,1.0,,,
4700,3.5205078125,0.0,3.5205078125,0.00036017222820236816,0.00018008611410118408,97316.42575627424,2.464677888,0.3257100717864776,0.6236104115103523,4.822566890033693,0.006158280922431866,1.0,,,
4710,3.5546875,0.0,3.5546875,0.00036006458557588807,0.00018003229278794404,97319.17721484217,2.469920768,0.13810706175880272,0.45459331167938444,4.821820546292817,0.0061713836477987425,1.0,,,
4720,3.4072265625,0.0,3.4072265625,0.000359956942949408,0.000179978471474704,97321.9005799178,2.475163648,0.26534909047512567,0.4274652407892093,4.821072696666386,0.0061844863731656185,1.0,,,
4730,3.533203125,0.0,3.533203125,0.00035984930032292785,0.00017992465016146393,97317.93557952264,2.480406528,0.15788503416318314,0.26884505641561535,4.82032334166127,0.006197589098532495,1.0,,,
4740,3.53515625,0.0,3.53515625,0.0003597416576964478,0.0001798708288482239,97320.73967427651,2.485649408,0.1184799710972615,0.38210981854792164,4.819572481785363,0.0062106918238993706,1.0,,,
4750,2.06787109375,0.0,2.06787109375,0.00035963401506996774,0.00017981700753498387,97321.08531968824,2.490892288,0.39205208691632637,0.9196631520740765,4.818820117547572,0.0062237945492662474,1.0,,,
4760,3.4853515625,0.0,3.4853515625,0.00035952637244348766,0.00017976318622174383,97323.83899135211,2.496135168,0.20409452914213366,0.4438524346310703,4.818066249457831,0.0062368972746331235,1.0,,,
4770,3.5048828125,0.0,3.5048828125,0.0003594187298170076,0.0001797093649085038,97322.76840417512,2.501378048,0.17831853627574853,0.418992834830553,4.817310878027088,0.00625,1.0,,,
4780,3.6416015625,0.0,3.6416015625,0.00035931108719052744,0.00017965554359526372,97315.06230541147,2.506620928,0.24777502223934875,0.6640849347861449,4.816554003767313,0.006263102725366877,1.0,,,
4790,3.240234375,0.0,3.240234375,0.0003592034445640474,0.0001796017222820237,97317.73132271446,2.511863808,0.23036134120443874,0.6686023689141465,4.815795627191492,0.006276205450733752,1.0,,,
4800,3.61328125,0.0,3.61328125,0.00035909580193756727,0.00017954790096878364,97320.39724355731,2.517106688,0.26796500331237094,0.377884928307328,4.815035748813632,0.006289308176100629,1.0,,,
4810,2.17138671875,0.0,2.17138671875,0.00035898815931108724,0.00017949407965554362,97316.38498785015,2.522349568,0.4423258051699906,0.8969754413037546,4.814274369148757,0.006302410901467505,1.0,,,
4820,2.9794921875,0.0,2.9794921875,0.0003588805166846071,0.00017944025834230355,97317.52296177851,2.527592448,0.18959683489687698,0.6011498364877058,4.813511488712906,0.006315513626834382,1.0,,,
4830,3.53515625,0.0,3.53515625,0.0003587728740581271,0.00017938643702906354,97320.19819507124,2.532835328,0.18265133595022165,0.23447213004777678,4.812747108023139,0.006328616352201258,1.0,,,
4840,3.615234375,0.0,3.615234375,0.00035866523143164694,0.00017933261571582347,97322.85648968036,2.538078208,0.13665735451835603,0.29134009731364774,4.81198122759753,0.006341719077568134,1.0,,,
4850,3.4638671875,0.0,3.4638671875,0.00035855758880516686,0.00017927879440258343,97324.62982417323,2.543321088,0.10632149051569628,0.2061477924846699,4.811213847955171,0.00635482180293501,1.0,,,
4860,3.490234375,0.0,3.490234375,0.0003584499461786868,0.0001792249730893434,97327.28900552304,2.548563968,0.14003936785832266,0.5083134522817383,4.81044496961617,0.006367924528301887,1.0,,,
4870,2.49609375,0.0,2.49609375,0.0003583423035522067,0.00017917115177610335,97324.89380296454,2.553806848,0.40209386910500217,0.9153006765052953,4.809674593101651,0.006381027253668763,1.0,,,
4880,3.685546875,0.0,3.685546875,0.0003582346609257266,0.0001791173304628633,97327.55511988902,2.559049728,0.1656621945806522,0.9860760393118142,4.80890271893375,0.00639412997903564,1.0,,,
4890,2.27587890625,0.0,2.27587890625,0.0003581270182992465,0.00017906350914962326,97329.10854129195,2.564292608,0.5231395628888639,0.8524120764851089,4.808129347635624,0.006407232704402515,1.0,,,
4900,3.46875,0.0,3.46875,0.00035801937567276644,0.00017900968783638322,97330.80440543283,2.569535488,0.18900313854021672,0.6421477238416909,4.8073544797314405,0.006420335429769392,1.0,,,
4910,3.5537109375,0.0,3.5537109375,0.00035791173304628636,0.00017895586652314318,97333.45001571761,2.574778368,0.2105618846454392,0.507545180581911,4.806578115746383,0.006433438155136269,1.0,,,
4920,2.330078125,0.0,2.330078125,0.0003578040904198062,0.0001789020452099031,97333.4871233529,2.580021248,0.4146097587902703,0.9099613078514155,4.8058002562066475,0.006446540880503145,1.0,,,
4930,3.1640625,0.0,3.1640625,0.0003576964477933262,0.0001788482238966631,97335.75226108928,2.585264128,0.30306829318489,0.9528862969162465,4.805020901639446,0.006459643605870022,1.0,,,
4940,3.5009765625,0.0,3.5009765625,0.00035758880516684606,0.00017879440258342303,97338.3577382105,2.590507008,0.23568150289807224,0.4213821782864928,4.804240052573002,0.006472746331236897,1.0,,,
4950,3.5341796875,0.0,3.5341796875,0.00035748116254036603,0.00017874058127018301,97340.58324397191,2.595749888,0.11089831528642415,0.9938237295637613,4.80345770953655,0.006485849056603774,1.0,,,
4960,3.505859375,0.0,3.505859375,0.0003573735199138859,0.00017868675995694295,97341.59544940628,2.600992768,0.13535081871841578,0.35824009195760426,4.8026738730603435,0.00649895178197065,1.0,,,
4970,3.6982421875,0.0,3.6982421875,0.00035726587728740586,0.00017863293864370293,97342.80198484234,2.606235648,0.17508751739999817,0.8309980498827381,4.801888543675641,0.006512054507337527,1.0,,,
4980,3.4140625,0.0,3.4140625,0.0003571582346609257,0.00017857911733046286,97344.98534690384,2.611478528,0.12625350070877941,0.37779583040454956,4.801101721914717,0.006525157232704403,1.0,,,
4990,2.34765625,0.0,2.34765625,0.00035705059203444564,0.00017852529601722282,97345.39071515448,2.616721408,0.49748218872811145,0.8672089603178041,4.800313408310857,0.006538259958071279,1.0,,,
5000,2.8876953125,0.0,2.8876953125,0.00035694294940796556,0.00017847147470398278,97347.87380886772,2.621964288,0.43636830660584247,0.5639412580979934,4.799523603398358,0.006551362683438155,1.0,,,
5000,,,,,,,,,,,,,0.0,0.0,0.0
5010,2.3759765625,0.0,2.3759765625,0.0003568353067814855,0.00017841765339074274,97316.18485406355,2.627207168,0.3756401726592935,0.5696578481799222,4.798732307712523,0.006564465408805032,1.0,,,
5020,3.1005859375,0.0,3.1005859375,0.0003567276641550054,0.0001783638320775027,97316.81113093345,2.632450048,0.29953992306195126,0.9544463511114826,4.797939521789674,0.006577568134171908,1.0,,,
5030,2.31201171875,0.0,2.31201171875,0.0003566200215285253,0.00017831001076426266,97315.1666091542,2.637692928,0.21590458439635773,0.9764017373099002,4.797145246167135,0.006590670859538785,1.0,,,
5040,3.431640625,0.0,3.431640625,0.00035651237890204523,0.00017825618945102261,97316.57613350824,2.642935808,0.12367657658384647,0.30689835241305524,4.796349481383244,0.00660377358490566,1.0,,,
5050,2.8544921875,0.0,2.8544921875,0.00035640473627556515,0.00017820236813778257,97318.0028971147,2.648178688,0.17429850132178887,0.4381680918051952,4.795552227977348,0.006616876310272537,1.0,,,
5060,2.30859375,0.0,2.30859375,0.000356297093649085,0.0001781485468245425,97320.61748174949,2.653421568,0.361692052992438,0.931959199853638,4.794753486489801,0.0066299790356394135,1.0,,,
5070,3.5068359375,0.0,3.5068359375,0.000356189451022605,0.0001780947255113025,97323.17565481336,2.658664448,0.19545027642206692,0.5749339837422978,4.793953257461968,0.00664308176100629,1.0,,,
5080,3.2421875,0.0,3.2421875,0.0003560818083961249,0.00017804090419806245,97325.73859228476,2.663907328,0.23712152391671423,0.8607328549487595,4.793151541436221,0.0066561844863731665,1.0,,,
5090,3.5322265625,0.0,3.5322265625,0.0003559741657696448,0.0001779870828848224,97328.24754341782,2.669150208,0.18143371363281374,0.563642755949323,4.792348338955939,0.006669287211740042,1.0,,,
5100,3.15625,0.0,3.15625,0.0003558665231431647,0.00017793326157158234,97330.72454114608,2.674393088,0.258727729729882,0.7426490198126551,4.79154365056551,0.0066823899371069185,1.0,,,
5110,3.4306640625,0.0,3.4306640625,0.00035575888051668465,0.00017787944025834232,97328.94248431193,2.679635968,0.11875581389327929,0.38442474083272005,4.790737476810328,0.0066954926624737945,1.0,,,
5120,3.55078125,0.0,3.55078125,0.00035565123789020457,0.00017782561894510228,97331.44962534649,2.684878848,0.2752062666064442,0.4426213689007161,4.789929818236794,0.006708595387840671,1.0,,,
5130,3.3720703125,0.0,3.3720703125,0.00035554359526372443,0.00017777179763186221,97332.05903756536,2.690121728,0.15434276162027263,0.23091497149378049,4.789120675392317,0.006721698113207547,1.0,,,
5140,2.9267578125,0.0,2.9267578125,0.0003554359526372444,0.0001777179763186222,97322.25971551033,2.695364608,0.42877131924672757,0.8016770336914192,4.788310048825308,0.006734800838574423,1.0,,,
5150,3.447265625,0.0,3.447265625,0.00035532831001076426,0.00017766415500538213,97318.80378070868,2.700607488,0.17665518869124308,0.3690798878249438,4.787497939085189,0.0067479035639412994,1.0,,,
5160,3.4462890625,0.0,3.4462890625,0.00035522066738428423,0.00017761033369214212,97318.31757980256,2.705850368,0.1505827036699278,0.31667329801297367,4.786684346722383,0.006761006289308176,1.0,,,
5170,2.880859375,0.0,2.880859375,0.0003551130247578041,0.00017755651237890205,97316.41491654616,2.711093248,0.28768792829611206,0.9575691981755237,4.78586927228832,0.006774109014675052,1.0,,,
5180,2.24462890625,0.0,2.24462890625,0.000355005382131324,0.000177502691065662,97315.89769994664,2.716336128,0.3208706043342992,0.7899129891609236,4.785052716335433,0.006787211740041929,1.0,,,
5190,3.5234375,0.0,3.5234375,0.00035489773950484393,0.00017744886975242197,97316.86573201341,2.721579008,0.18187961512072098,0.5511258036195918,4.7842346794171595,0.006800314465408805,1.0,,,
5200,2.9921875,0.0,2.9921875,0.00035479009687836385,0.00017739504843918192,97318.67783510569,2.726821888,0.18339685855035828,0.318054783048782,4.783415162087943,0.006813417190775681,1.0,,,
5210,3.52734375,0.0,3.52734375,0.00035468245425188377,0.00017734122712594188,97320.91957818935,2.732064768,0.12507450500876072,0.3105126807900111,4.782594164903227,0.006826519916142558,1.0,,,
5220,3.5126953125,0.0,3.5126953125,0.0003545748116254037,0.00017728740581270184,97321.31391767273,2.737307648,0.13401798728259393,0.3235946791355702,4.781771688419461,0.006839622641509434,1.0,,,
5230,2.52490234375,0.0,2.52490234375,0.0003544671689989236,0.0001772335844994618,97323.80041406536,2.742550528,0.6421690594903655,0.767521803177274,4.780947733194093,0.006852725366876311,1.0,,,
5240,2.1962890625,0.0,2.1962890625,0.0003543595263724435,0.00017717976318622176,97326.24582302837,2.747793408,0.8230537046293782,0.5664802550835368,4.78012229978558,0.006865828092243186,1.0,,,
5250,2.02734375,0.0,2.02734375,0.00035425188374596343,0.00017712594187298172,97327.36260091877,2.753036288,0.3378513582111151,0.8176504312595061,4.779295388753373,0.006878930817610063,1.0,,,
5260,2.361328125,0.0,2.361328125,0.00035414424111948335,0.00017707212055974168,97329.8352355869,2.758279168,0.8083952319057337,0.5855321035765273,4.7784670006579315,0.006892033542976939,1.0,,,
5270,2.9755859375,0.0,2.9755859375,0.0003540365984930032,0.0001770182992465016,97329.52496299424,2.763522048,0.25918976142137035,0.46579538794211,4.777637136060711,0.006905136268343816,1.0,,,
5280,3.6357421875,0.0,3.6357421875,0.0003539289558665232,0.0001769644779332616,97331.02935254134,2.768764928,0.1830337944144444,0.24178643538712555,4.77680579552417,0.006918238993710692,1.0,,,
5290,2.9462890625,0.0,2.9462890625,0.00035382131324004305,0.00017691065662002152,97332.80267635718,2.774007808,0.3282406759993068,0.9445185787851942,4.775972979611766,0.006931341719077568,1.0,,,
5300,3.484375,0.0,3.484375,0.000353713670613563,0.0001768568353067815,97335.30057846186,2.779250688,0.15909484204193045,0.31835885067813013,4.77513868888796,0.006944444444444444,1.0,,,
5310,3.3896484375,0.0,3.3896484375,0.0003536060279870829,0.00017680301399354144,97335.14611053705,2.784493568,0.1289143490752428,0.31468045081374635,4.774302923918208,0.006957547169811321,1.0,,,
5320,3.5205078125,0.0,3.5205078125,0.0003534983853606028,0.0001767491926803014,97334.79151265036,2.789736448,0.16131266494847096,0.2479793337224479,4.7734656852689685,0.006970649895178198,1.0,,,
5330,3.5380859375,0.0,3.5380859375,0.0003533907427341227,0.00017669537136706136,97335.759090325,2.794979328,0.18355803549216448,0.533484154311693,4.7726269735076965,0.006983752620545074,1.0,,,
5340,2.45166015625,0.0,2.45166015625,0.00035328310010764263,0.00017664155005382132,97338.13706462724,2.800222208,0.4634970410971712,0.8860943713247836,4.771786789202848,0.00699685534591195,1.0,,,
5350,3.5634765625,0.0,3.5634765625,0.00035317545748116255,0.00017658772874058128,97340.55267220244,2.805465088,0.18723972749619702,0.9823874809685762,4.770945132923874,0.007009958071278826,1.0,,,
5360,1.892578125,0.0,1.892578125,0.00035306781485468247,0.00017653390742734123,97342.93826969956,2.810707968,0.2503769005746613,0.48337643953631604,4.770102005241225,0.007023060796645703,1.0,,,
5370,3.4833984375,0.0,3.4833984375,0.0003529601722282024,0.0001764800861141012,97345.27518505031,2.815950848,0.12863214731821204,0.5430360981259946,4.769257406726349,0.007036163522012579,1.0,,,
5380,3.7021484375,0.0,3.7021484375,0.0003528525296017223,0.00017642626480086115,97347.59881951452,2.821193728,0.24965293771014183,0.609512424004063,4.76841133795169,0.007049266247379456,1.0,,,
5390,3.4248046875,0.0,3.4248046875,0.0003527448869752422,0.0001763724434876211,97343.63472703971,2.826436608,0.21713986109138214,0.7617577755137481,4.76756379949069,0.007062368972746331,1.0,,,
5400,3.447265625,0.0,3.447265625,0.00035263724434876214,0.00017631862217438107,97344.21870886326,2.831679488,0.29896639748131054,0.8014838469883588,4.766714791917784,0.007075471698113208,1.0,,,
5410,3.5859375,0.0,3.5859375,0.000352529601722282,0.000176264800861141,97344.1687200414,2.836922368,0.14383656006181916,0.3834704394106095,4.765864315808407,0.007088574423480084,1.0,,,
5420,3.1796875,0.0,3.1796875,0.00035242195909580197,0.00017621097954790099,97340.97137473794,2.842165248,0.24423346054354134,0.4722366903135214,4.765012371738985,0.007101677148846961,1.0,,,
5430,3.7578125,0.0,3.7578125,0.00035231431646932183,0.00017615715823466092,97342.59150449977,2.847408128,0.2182852175996269,0.9757920057154267,4.7641589602869425,0.007114779874213837,1.0,,,
5440,2.873046875,0.0,2.873046875,0.0003522066738428418,0.0001761033369214209,97336.1572430124,2.852651008,0.2511244443383631,0.5072902991642414,4.763304082030696,0.007127882599580713,1.0,,,
5450,3.513671875,0.0,3.513671875,0.0003520990312163617,0.00017604951560818086,97336.78643306256,2.857893888,0.3231770459065963,0.59580264691412,4.762447737549658,0.007140985324947589,1.0,,,
5460,3.083984375,0.0,3.083984375,0.0003519913885898816,0.0001759956942949408,97339.13832003043,2.863136768,0.22034067942012467,0.9753381574645608,4.761589927424233,0.0071540880503144656,1.0,,,
5470,3.6435546875,0.0,3.6435546875,0.0003518837459634015,0.00017594187298170075,97329.09518055209,2.868379648,0.17876393302047058,0.9837572081152203,4.7607306522358215,0.0071671907756813424,1.0,,,
5480,2.26025390625,0.0,2.26025390625,0.0003517761033369214,0.0001758880516684607,97325.34063913224,2.873622528,0.3564728847735038,0.689471183447405,4.7598699125668125,0.0071802935010482185,1.0,,,
5490,3.505859375,0.0,3.505859375,0.0003516684607104414,0.0001758342303552207,97319.20899295027,2.878865408,0.2803818219799243,0.6611652419201195,4.759007709000594,0.0071933962264150945,1.0,,,
5500,3.404296875,0.0,3.404296875,0.00035156081808396125,0.00017578040904198063,97320.00613962297,2.884108288,0.1793878255915148,0.48512576357808096,4.758144042121539,0.0072064989517819705,1.0,,,
5500,,,,,,,,,,,,,0.0,0.0,0.0
5510,2.90625,0.0,2.90625,0.0003514531754574812,0.0001757265877287406,97318.96080267955,2.889351168,0.3389154121145667,0.39095524161347656,4.7572789125150186,0.007219601677148847,1.0,,,
5520,2.85546875,0.0,2.85546875,0.0003513455328310011,0.00017567276641550054,97321.31097740133,2.894594048,0.2947187701783258,0.610274450217187,4.756412320767391,0.007232704402515723,1.0,,,
5530,3.0810546875,0.0,3.0810546875,0.000351237890204521,0.0001756189451022605,97320.46168429615,2.899836928,0.24541674182885248,0.28948220483416043,4.755544267466008,0.0072458071278826,1.0,,,
5540,2.125,0.0,2.125,0.0003511302475780409,0.00017556512378902046,97322.82599901596,2.905079808,0.5878326249039161,0.8111534151566728,4.75467475319921,0.0072589098532494754,1.0,,,
5550,3.4912109375,0.0,3.4912109375,0.00035102260495156084,0.00017551130247578042,97325.13100845301,2.910322688,0.22113758601506314,0.6140347177069179,4.75380377855633,0.007272012578616352,1.0,,,
5560,3.4560546875,0.0,3.4560546875,0.00035091496232508076,0.00017545748116254038,97327.15378280451,2.915565568,0.12929580301088042,0.29585513586619816,4.7529313441276875,0.007285115303983228,1.0,,,
5570,3.48828125,0.0,3.48828125,0.00035080731969860067,0.00017540365984930034,97328.48832808944,2.920808448,0.24907204198663432,0.5507460669512948,4.752057450504594,0.007298218029350105,1.0,,,
5580,3.4375,0.0,3.4375,0.0003506996770721206,0.0001753498385360603,97329.99682797848,2.926051328,0.23915660936446184,0.45140065000453683,4.75118209827935,0.007311320754716982,1.0,,,
5590,3.400390625,0.0,3.400390625,0.0003505920344456405,0.00017529601722282025,97327.06111184848,2.931294208,0.12788771969804458,0.2826794636055507,4.750305288045244,0.007324423480083857,1.0,,,
5600,3.40234375,0.0,3.40234375,0.00035048439181916037,0.00017524219590958018,97328.82200254168,2.936537088,0.1389748560411257,0.3751941443173005,4.74942702039655,0.007337526205450734,1.0,,,
5610,3.0361328125,0.0,3.0361328125,0.00035037674919268034,0.00017518837459634017,97331.03910270167,2.941779968,0.23500593606162606,0.35341818264035757,4.748547295928536,0.00735062893081761,1.0,,,
5620,3.40234375,0.0,3.40234375,0.0003502691065662002,0.0001751345532831001,97326.10381792301,2.947022848,0.11305277581336257,0.9935697353774504,4.74766611523745,0.007363731656184487,1.0,,,
5630,3.5068359375,0.0,3.5068359375,0.0003501614639397202,0.0001750807319698601,97326.04985402148,2.952265728,0.15751273448763484,0.46480773408306086,4.746783478920535,0.007376834381551363,1.0,,,
5640,3.4248046875,0.0,3.4248046875,0.00035005382131324004,0.00017502691065662002,97313.5581818295,2.957508608,0.15455989588856325,0.32784135205896314,4.745899387576013,0.007389937106918239,1.0,,,
5650,3.470703125,0.0,3.470703125,0.00034994617868676,0.00017497308934338,97315.84429072749,2.962751488,0.15165661212562787,0.2715970867970077,4.745013841803095,0.007403039832285115,1.0,,,
5660,2.3935546875,0.0,2.3935546875,0.00034983853606027987,0.00017491926803013994,97309.98552391812,2.967994368,0.4226393223822375,0.9075137499098311,4.7441268422019816,0.007416142557651992,1.0,,,
5670,2.07666015625,0.0,2.07666015625,0.0003497308934337998,0.0001748654467168999,97301.17614979846,2.973237248,0.3066724124650125,0.4559170904591529,4.743238389373853,0.007429245283018868,1.0,,,
5680,3.533203125,0.0,3.533203125,0.0003496232508073197,0.00017481162540365985,97302.09279847793,2.978480128,0.4401116452489999,0.8983099285091547,4.7423484839208765,0.007442348008385745,1.0,,,
5690,3.4736328125,0.0,3.4736328125,0.0003495156081808396,0.0001747578040904198,97298.82417714002,2.983723008,0.11826666226913439,0.43468311813554605,4.741457126446206,0.00745545073375262,1.0,,,
5700,3.447265625,0.0,3.447265625,0.00034940796555435954,0.00017470398277717977,97301.16088149197,2.988965888,0.11538190470847828,0.2794203533447053,4.740564317553977,0.007468553459119497,1.0,,,
5710,3.3837890625,0.0,3.3837890625,0.00034930032292787946,0.00017465016146393973,97284.28152846078,2.994208768,0.11545943922313093,0.18973069431892423,4.739670057849308,0.007481656184486373,1.0,,,
5720,3.3642578125,0.0,3.3642578125,0.0003491926803013994,0.0001745963401506997,97286.72537452793,2.999451648,0.19519738622515517,0.6281289373088044,4.738774347938304,0.00749475890985325,1.0,,,
5730,3.3251953125,0.0,3.3251953125,0.0003490850376749193,0.00017454251883745965,97270.73843118793,3.004694528,0.13263576602438734,0.2544182922052136,4.737877188428051,0.007507861635220127,1.0,,,
5740,3.4560546875,0.0,3.4560546875,0.0003489773950484392,0.0001744886975242196,97273.09026690299,3.009937408,0.16978763017174514,0.31144379966181074,4.7369785799266175,0.007520964360587002,1.0,,,
5750,3.494140625,0.0,3.494140625,0.0003488697524219591,0.00017443487621097956,97268.61587608604,3.015180288,0.18067147853741344,0.9834823641712999,4.736078523043054,0.007534067085953879,1.0,,,
5760,3.462890625,0.0,3.462890625,0.000348762109795479,0.0001743810548977395,97267.6336969475,3.020423168,0.24022776406954283,0.3521109206431196,4.735177018387394,0.007547169811320755,1.0,,,
5770,3.5048828125,0.0,3.5048828125,0.00034865446716899896,0.00017432723358449948,97270.05477868434,3.025666048,0.12449547066619393,0.9921618397757977,4.7342740665706495,0.007560272536687632,1.0,,,
5780,2.2119140625,0.0,2.2119140625,0.0003485468245425189,0.00017427341227125944,97271.6934084331,3.030908928,0.6908183206533466,0.724721395847597,4.733369668204816,0.007573375262054508,1.0,,,
5790,3.48046875,0.0,3.48046875,0.0003484391819160388,0.0001742195909580194,97273.51768846327,3.036151808,0.5158126778718239,0.7531055593150038,4.732463823902869,0.007586477987421384,1.0,,,
5800,3.3662109375,0.0,3.3662109375,0.00034833153928955866,0.00017416576964477933,97275.89447077436,3.041394688,0.11708209739200509,0.21656556376195782,4.731556534278763,0.00759958071278826,1.0,,,
5810,3.12109375,0.0,3.12109375,0.0003482238966630786,0.0001741119483315393,97275.98877144844,3.046637568,0.15254806997931658,0.3562592028609598,4.730647799947432,0.007612683438155137,1.0,,,
5820,2.1552734375,0.0,2.1552734375,0.00034811625403659855,0.00017405812701829927,97274.84079278696,3.051880448,0.36777774510312383,0.6841844748919336,4.729737621524792,0.007625786163522013,1.0,,,
5830,3.5537109375,0.0,3.5537109375,0.0003480086114101184,0.0001740043057050592,97262.82923635516,3.057123328,0.12498617696168109,0.27655131644078396,4.728825999627732,0.0076388888888888895,1.0,,,
5840,3.5078125,0.0,3.5078125,0.0003479009687836383,0.00017395048439181916,97263.78351793451,3.062366208,0.1272230719801077,0.2596701406262052,4.727912934874126,0.007651991614255765,1.0,,,
5850,3.505859375,0.0,3.505859375,0.00034779332615715824,0.00017389666307857912,97266.14915163757,3.067609088,0.1566065023848894,0.5219408942045409,4.726998427882821,0.0076650943396226415,1.0,,,
5860,3.4599609375,0.0,3.4599609375,0.00034768568353067816,0.00017384284176533908,97267.2781696532,3.072851968,0.1769355212142669,0.2996119110174105,4.726082479273645,0.007678197064989518,1.0,,,
5870,3.4404296875,0.0,3.4404296875,0.0003475780409041981,0.00017378902045209904,97267.72222552802,3.078094848,0.12410389286604816,0.23695529645056645,4.725165089667399,0.0076912997903563944,1.0,,,
5880,2.0712890625,0.0,2.0712890625,0.000347470398277718,0.000173735199138859,97263.47519640712,3.083337728,0.5452524416377608,0.45856731648077853,4.724246259685865,0.007704402515723271,1.0,,,
5890,3.701171875,0.0,3.701171875,0.0003473627556512379,0.00017368137782561896,97265.78437286631,3.088580608,0.27125298665638065,0.4838351328403742,4.7233259899518,0.0077175052410901465,1.0,,,
5900,2.03955078125,0.0,2.03955078125,0.00034725511302475783,0.00017362755651237891,97262.7507628167,3.093823488,0.44382700469245756,0.5523432737938165,4.7224042810889335,0.007730607966457023,1.0,,,
5910,3.5,0.0,3.5,0.00034714747039827775,0.00017357373519913887,97256.50354126202,3.099066368,0.20296031245897048,0.25919345537708327,4.721481133721975,0.007743710691823899,1.0,,,
5920,2.10302734375,0.0,2.10302734375,0.0003470398277717976,0.0001735199138858988,97255.98281416575,3.104309248,0.6274221960768613,0.5722622984388287,4.7205565484766066,0.007756813417190776,1.0,,,
5930,3.36328125,0.0,3.36328125,0.0003469321851453176,0.0001734660925726588,97248.43822159026,3.109552128,0.14083949080355657,0.45830302219605373,4.719630525979485,0.007769916142557652,1.0,,,
5940,1.875,0.0,1.875,0.0003468245425188375,0.00017341227125941875,97250.59983883011,3.114795008,0.3720830705281893,0.6404759597884295,4.718703066858242,0.007783018867924528,1.0,,,
5950,3.3837890625,0.0,3.3837890625,0.00034671689989235736,0.00017335844994617868,97249.85605074317,3.120037888,0.12838078670515404,0.2695203241668826,4.717774171741482,0.007796121593291404,1.0,,,
5960,3.4140625,0.0,3.4140625,0.00034660925726587733,0.00017330462863293867,97252.13778703343,3.125280768,0.1182759013868924,0.33885289249383144,4.716843841258783,0.007809224318658281,1.0,,,
5970,3.654296875,0.0,3.654296875,0.0003465016146393972,0.0001732508073196986,97252.12474769549,3.130523648,0.21994181972491428,0.3622396300598359,4.715912076040698,0.007822327044025157,1.0,,,
5980,3.330078125,0.0,3.330078125,0.00034639397201291717,0.00017319698600645858,97248.36789838425,3.135766528,0.16272575251460306,0.9866020805290555,4.714978876718747,0.007835429769392034,1.0,,,
5990,2.8896484375,0.0,2.8896484375,0.00034628632938643703,0.00017314316469321851,97250.59686153822,3.141009408,0.19909448432482174,0.3579688096117389,4.714044243925428,0.00784853249475891,1.0,,,
6000,3.71484375,0.0,3.71484375,0.00034617868675995695,0.00017308934337997847,97246.66246036641,3.146252288,0.1422844218040859,0.26995618956587397,4.713108178294207,0.007861635220125786,1.0,,,
6000,,,,,,,,,,,,,0.0,0.0,0.0
6010,3.4853515625,0.0,3.4853515625,0.00034607104413347686,0.00017303552206673843,97217.89718165252,3.151495168,0.1367921312558804,0.4943090703135235,4.712170680459524,0.007874737945492663,1.0,,,
6020,3.3310546875,0.0,3.3310546875,0.0003459634015069968,0.0001729817007534984,97220.2683447415,3.156738048,0.19677657426112824,0.5214395643145867,4.7112317510567845,0.00788784067085954,1.0,,,
6030,2.919921875,0.0,2.919921875,0.0003458557588805167,0.00017292787944025835,97222.6377792617,3.161980928,0.31494439544087693,0.48972126594132,4.710291390722371,0.007900943396226415,1.0,,,
6040,3.359375,0.0,3.359375,0.0003457481162540366,0.0001728740581270183,97223.9520554156,3.167223808,0.17968334516631723,0.6011674309598953,4.7093496000936295,0.007914046121593292,1.0,,,
6050,3.3857421875,0.0,3.3857421875,0.00034564047362755653,0.00017282023681377827,97226.24558639307,3.172466688,0.23497650202197773,0.7404215888045466,4.70840637980888,0.007927148846960167,1.0,,,
6060,2.4560546875,0.0,2.4560546875,0.00034553283100107645,0.00017276641550053822,97228.49884522623,3.177709568,0.30486383741598105,0.6943183040854923,4.7074617305074105,0.007940251572327044,1.0,,,
6070,2.8974609375,0.0,2.8974609375,0.00034542518837459636,0.00017271259418729818,97230.4873410914,3.182952448,0.26894626388472176,0.4754485748403425,4.706515652829475,0.007953354297693921,1.0,,,
6080,3.4775390625,0.0,3.4775390625,0.0003453175457481163,0.00017265877287405814,97232.75139781734,3.188195328,0.21178217348870684,0.4634873337738091,4.7055681474163,0.007966457023060798,1.0,,,
6090,3.7041015625,0.0,3.7041015625,0.00034520990312163614,0.00017260495156081807,97234.74744697026,3.193438208,0.12273522844030474,0.4758980659246762,4.704619214910075,0.007979559748427673,1.0,,,
6100,3.4140625,0.0,3.4140625,0.0003451022604951561,0.00017255113024757806,97234.79587785061,3.198681088,0.1890709512364551,0.8874316909469171,4.70366885595396,0.00799266247379455,1.0,,,
6110,3.3994140625,0.0,3.3994140625,0.00034499461786867603,0.00017249730893433802,97235.02253215417,3.203923968,0.15254423420938817,0.9882307560660002,4.7027170711920805,0.008005765199161425,1.0,,,
6120,2.21337890625,0.0,2.21337890625,0.00034488697524219595,0.00017244348762109798,97234.78791055454,3.209166848,0.36318705053754796,0.7132891122434271,4.701763861269528,0.008018867924528302,1.0,,,
6130,3.50390625,0.0,3.50390625,0.0003447793326157158,0.0001723896663078579,97236.96718626459,3.214409728,0.14869141770412464,0.5083688596934547,4.700809226832362,0.008031970649895179,1.0,,,
6140,3.537109375,0.0,3.537109375,0.00034467168998923573,0.00017233584499461787,97233.01919316383,3.219652608,0.2791301519615627,0.6324765993699517,4.699853168527605,0.008045073375262054,1.0,,,
6150,2.0322265625,0.0,2.0322265625,0.0003445640473627557,0.00017228202368137785,97235.22085073603,3.224895488,0.3984413605670286,0.5383753095881847,4.698895687003246,0.00805817610062893,1.0,,,
6160,3.072265625,0.0,3.072265625,0.00034445640473627556,0.00017222820236813778,97237.43458886986,3.230138368,0.18641317138775262,0.3328820302990702,4.697936782908238,0.008071278825995808,1.0,,,
6170,3.42578125,0.0,3.42578125,0.0003443487621097955,0.00017217438105489774,97239.44786551685,3.235381248,0.2506178720141822,0.48605705831408147,4.696976456892497,0.008084381551362685,1.0,,,
6180,3.4697265625,0.0,3.4697265625,0.0003442411194833154,0.0001721205597416577,97239.04102440174,3.240624128,0.160795226608486,0.27176226798406944,4.696014709606908,0.00809748427672956,1.0,,,
6190,2.04736328125,0.0,2.04736328125,0.00034413347685683537,0.00017206673842841769,97241.2949717239,3.245867008,0.30164746287223454,0.6784167436257001,4.695051541703312,0.008110587002096437,1.0,,,
6200,3.1708984375,0.0,3.1708984375,0.00034402583423035523,0.00017201291711517762,97243.45135157034,3.251109888,0.17071300440019513,0.3128422875220985,4.694086953834517,0.008123689727463312,1.0,,,
6210,2.791015625,0.0,2.791015625,0.00034391819160387515,0.00017195909580193758,97245.66679393373,3.256352768,0.23758518449635022,0.4198826143465158,4.693120946654293,0.008136792452830189,1.0,,,
6220,3.546875,0.0,3.546875,0.00034381054897739507,0.00017190527448869753,97247.57886828997,3.261595648,0.3271292301122322,0.7951595590075691,4.692153520817372,0.008149895178197065,1.0,,,
6230,3.490234375,0.0,3.490234375,0.000343702906350915,0.0001718514531754575,97249.76044201205,3.266838528,0.15450960674192804,0.42807789133259394,4.6911846769794465,0.008162997903563942,1.0,,,
6240,2.02392578125,0.0,2.02392578125,0.0003435952637244349,0.00017179763186221745,97248.6371286968,3.272081408,0.30183342002839103,0.9534262627837103,4.690214415797171,0.008176100628930818,1.0,,,
6250,3.3623046875,0.0,3.3623046875,0.00034348762109795476,0.00017174381054897738,97250.80426209501,3.277324288,0.26735261680785455,0.8691572687329416,4.6892427379281605,0.008189203354297694,1.0,,,
6260,2.8642578125,0.0,2.8642578125,0.00034337997847147474,0.00017168998923573737,97248.6158494546,3.282567168,0.199810660583789,0.5413496364484232,4.68826964403099,0.00820230607966457,1.0,,,
6270,3.5654296875,0.0,3.5654296875,0.00034327233584499465,0.00017163616792249733,97247.84647540297,3.287810048,0.1883163466733863,0.4544191742953402,4.687295134765195,0.008215408805031446,1.0,,,
6280,2.9775390625,0.0,2.9775390625,0.00034316469321851457,0.00017158234660925728,97246.15565095075,3.293052928,0.26233924156944743,0.32286130862290596,4.686319210791268,0.008228511530398323,1.0,,,
6290,3.458984375,0.0,3.458984375,0.00034305705059203443,0.00017152852529601722,97248.26156662495,3.298295808,0.12676309250636444,0.2351726631109957,4.685341872770664,0.008241614255765198,1.0,,,
6300,3.40234375,0.0,3.40234375,0.00034294940796555435,0.00017147470398277717,97247.63442581745,3.303538688,0.13376412491977768,0.23678006930094667,4.684363121365794,0.008254716981132075,1.0,,,
6310,2.291015625,0.0,2.291015625,0.0003428417653390743,0.00017142088266953716,97249.78243932495,3.308781568,0.8235873064930698,0.5649865153769884,4.683382957240026,0.008267819706498952,1.0,,,
6320,2.8720703125,0.0,2.8720703125,0.0003427341227125942,0.0001713670613562971,97251.94184404642,3.314024448,0.19921980090801278,0.3834481359489036,4.682401381057687,0.00828092243186583,1.0,,,
6330,3.533203125,0.0,3.533203125,0.00034262648008611416,0.00017131324004305708,97250.53543136448,3.319267328,0.20641779987925435,0.47558601407438084,4.681418393484062,0.008294025157232704,1.0,,,
6340,2.8447265625,0.0,2.8447265625,0.000342518837459634,0.000171259418729817,97248.63109625674,3.324510208,0.3732665094730152,0.7759627879582803,4.680433995185392,0.008307127882599581,1.0,,,
6350,2.15380859375,0.0,2.15380859375,0.00034241119483315394,0.00017120559741657697,97250.80934195666,3.329753088,0.4468368854251545,0.8944516169794435,4.67944818682887,0.008320230607966456,1.0,,,
6360,3.5771484375,0.0,3.5771484375,0.00034230355220667385,0.00017115177610333693,97253.00160028336,3.334995968,0.16562808039309032,0.3136123907443787,4.6784609690826535,0.008333333333333333,1.0,,,
6370,2.1513671875,0.0,2.1513671875,0.00034219590958019377,0.00017109795479009688,97254.95565950347,3.340238848,0.41939771496507877,0.4552199586148747,4.677472342615846,0.00834643605870021,1.0,,,
6380,2.26708984375,0.0,2.26708984375,0.0003420882669537137,0.00017104413347685684,97257.0792262796,3.345481728,0.5457168046211853,0.6063372910236787,4.676482308098511,0.008359538784067087,1.0,,,
6390,3.4287109375,0.0,3.4287109375,0.0003419806243272336,0.0001709903121636168,97257.67711035816,3.350724608,0.1537723756460753,0.35036096214401613,4.675490866201666,0.008372641509433962,1.0,,,
6400,2.3134765625,0.0,2.3134765625,0.0003418729817007535,0.00017093649085037676,97257.24874851201,3.355967488,0.5901243194935235,0.8059692399610431,4.674498017597281,0.008385744234800839,1.0,,,
6410,3.494140625,0.0,3.494140625,0.00034176533907427344,0.00017088266953713672,97259.296343465,3.361210368,0.14125789464475866,0.4056102351473987,4.673503762958281,0.008398846960167714,1.0,,,
6420,3.4228515625,0.0,3.4228515625,0.00034165769644779336,0.00017082884822389668,97259.72346619124,3.366453248,0.12304161922935239,0.39699973484404805,4.67250810295854,0.008411949685534591,1.0,,,
6430,3.453125,0.0,3.453125,0.00034155005382131327,0.00017077502691065664,97261.8142263495,3.371696128,0.1349481161491217,0.22221641207953485,4.671511038272891,0.008425052410901468,1.0,,,
6440,3.4677734375,0.0,3.4677734375,0.00034144241119483314,0.00017072120559741657,97263.00895066196,3.376939008,0.3133577458184026,0.9497612191850413,4.670512569577114,0.008438155136268345,1.0,,,
6450,2.00634765625,0.0,2.00634765625,0.0003413347685683531,0.00017066738428417655,97265.11637842764,3.382181888,0.23919750057939348,0.9708560485637969,4.669512697547942,0.00845125786163522,1.0,,,
6460,3.3642578125,0.0,3.3642578125,0.00034122712594187297,0.00017061356297093648,97266.64504192086,3.387424768,0.15131124959484699,0.41735177786001504,4.66851142286306,0.008464360587002095,1.0,,,
6470,3.4365234375,0.0,3.4365234375,0.00034111948331539294,0.00017055974165769647,97268.79963706195,3.392667648,0.20106387101712928,0.42558687666755524,4.667508746201102,0.008477463312368974,1.0,,,
6480,3.462890625,0.0,3.462890625,0.0003410118406889128,0.0001705059203444564,97269.344307651,3.397910528,0.1195966537063325,0.2670663757268946,4.666504668241653,0.008490566037735849,1.0,,,
6490,2.6689453125,0.0,2.6689453125,0.0003409041980624327,0.00017045209903121636,97271.33683988791,3.403153408,0.279355301321319,0.38684489271322725,4.665499189665249,0.008503668763102726,1.0,,,
6500,2.8857421875,0.0,2.8857421875,0.00034079655543595264,0.00017039827771797632,97269.75130654749,3.408396288,0.2950393904880427,0.4741067072679747,4.664492311153374,0.008516771488469601,1.0,,,
6500,,,,,,,,,,,,,0.0,0.0,0.0
6510,3.3662109375,0.0,3.3662109375,0.00034068891280947255,0.00017034445640473628,97271.79239747493,3.413639168,0.20775467835132022,0.26461640935317465,4.663484033388461,0.008529874213836478,1.0,,,
6520,3.3515625,0.0,3.3515625,0.0003405812701829925,0.00017029063509149626,97273.88787903058,3.418882048,0.2349333516792506,0.3747978903011373,4.662474357053891,0.008542976939203355,1.0,,,
6530,3.390625,0.0,3.390625,0.0003404736275565124,0.0001702368137782562,97275.97270067807,3.424124928,0.13765846833920767,0.3562590784747022,4.661463282833994,0.00855607966457023,1.0,,,
6540,3.4658203125,0.0,3.4658203125,0.0003403659849300323,0.00017018299246501615,97270.75919439405,3.429367808,0.11875344397362582,0.3622483163448533,4.660450811414045,0.008569182389937108,1.0,,,
6550,3.390625,0.0,3.390625,0.0003402583423035522,0.0001701291711517761,97272.88315463996,3.434610688,0.16151774618922657,0.34970208958363064,4.65943694348027,0.008582285115303984,1.0,,,
6560,3.376953125,0.0,3.376953125,0.00034015069967707214,0.00017007534983853607,97274.88690992536,3.439853568,0.1448116177491855,0.26465222774509345,4.658421679719839,0.008595387840670859,1.0,,,
6570,2.87109375,0.0,2.87109375,0.00034004305705059206,0.00017002152852529603,97276.91810680437,3.445096448,0.278607411974315,0.5098596014079131,4.6574050208208675,0.008608490566037736,1.0,,,
6580,2.05615234375,0.0,2.05615234375,0.0003399354144241119,0.00016996770721205596,97278.93487593807,3.450339328,0.6039146152049899,0.7979505818117928,4.656386967472418,0.008621593291404613,1.0,,,
6590,3.4482421875,0.0,3.4482421875,0.0003398277717976319,0.00016991388589881595,97280.68991527817,3.455582208,0.12282988648809462,0.36487613836260785,4.655367520364497,0.00863469601677149,1.0,,,
6600,3.3291015625,0.0,3.3291015625,0.0003397201291711518,0.0001698600645855759,97282.70602192431,3.460825088,0.21819332631679256,0.40338347805564095,4.654346680188057,0.008647798742138365,1.0,,,
6610,3.4375,0.0,3.4375,0.0003396124865446717,0.00016980624327233586,97284.73418669595,3.466067968,0.13060807027642807,0.4429898360363382,4.653324447634993,0.00866090146750524,1.0,,,
6620,3.3896484375,0.0,3.3896484375,0.0003395048439181916,0.0001697524219590958,97286.53105581593,3.471310848,0.11725855476420147,0.25888378826313346,4.652300823398145,0.008674004192872118,1.0,,,
6630,3.4609375,0.0,3.4609375,0.0003393972012917115,0.00016969860064585575,97286.18701609345,3.476553728,0.18115721658319697,0.6200533375366509,4.651275808171295,0.008687106918238994,1.0,,,
6640,3.4921875,0.0,3.4921875,0.0003392895586652315,0.00016964477933261574,97286.5538916669,3.481796608,0.13259287336228698,0.27660096823534347,4.6502494026491705,0.00870020964360587,1.0,,,
6650,3.47265625,0.0,3.47265625,0.00033918191603875134,0.00016959095801937567,97285.99513712153,3.487039488,0.1259308345511952,0.24181275043222553,4.649221607527438,0.008713312368972746,1.0,,,
6660,3.490234375,0.0,3.490234375,0.00033907427341227126,0.00016953713670613563,97284.0152368133,3.492282368,0.13923198013691115,0.18700395562522157,4.6481924235027074,0.008726415094339622,1.0,,,
6670,3.4619140625,0.0,3.4619140625,0.0003389666307857912,0.0001694833153928956,97282.73503189707,3.497525248,0.15060271122732533,0.9885053473364595,4.6471618512725295,0.0087395178197065,1.0,,,
6680,3.2705078125,0.0,3.2705078125,0.00033885898815931115,0.00016942949407965557,97284.61985534395,3.502768128,0.17763916264059024,0.42317209096050296,4.646129891535398,0.008752620545073374,1.0,,,
6690,3.0361328125,0.0,3.0361328125,0.000338751345532831,0.0001693756727664155,97286.4022142896,3.508011008,0.25234415973734076,0.5690598556097837,4.645096544990743,0.008765723270440253,1.0,,,
6700,3.4609375,0.0,3.4609375,0.0003386437029063509,0.00016932185145317546,97288.38420974645,3.513253888,0.19167470276901555,0.618998434737682,4.644061812338938,0.008778825995807128,1.0,,,
6710,3.4638671875,0.0,3.4638671875,0.00033853606027987084,0.00016926803013993542,97290.36046291725,3.518496768,0.14311021159021128,0.511450058737783,4.643025694281294,0.008791928721174003,1.0,,,
6720,3.3017578125,0.0,3.3017578125,0.00033842841765339076,0.00016921420882669538,97292.33907147626,3.523739648,0.11982391548328156,0.31263114220034177,4.641988191520063,0.00880503144654088,1.0,,,
6730,3.4453125,0.0,3.4453125,0.0003383207750269107,0.00016916038751345534,97294.29438334299,3.528982528,0.10277016038131986,0.12067142014178177,4.640949304758435,0.008818134171907757,1.0,,,
6740,3.453125,0.0,3.453125,0.0003382131324004306,0.0001691065662002153,97296.29846511179,3.534225408,0.18234567988389214,0.9832869871731287,4.639909034700535,0.008831236897274634,1.0,,,
6750,3.482421875,0.0,3.482421875,0.0003381054897739505,0.00016905274488697526,97297.3074818764,3.539468288,0.3472365818327894,0.7554022684966568,4.638867382051428,0.00884433962264151,1.0,,,
6760,3.447265625,0.0,3.447265625,0.00033799784714747043,0.00016899892357373521,97299.25743216643,3.544711168,0.18074250509884315,0.5389497577005253,4.637824347517119,0.008857442348008384,1.0,,,
6770,2.2890625,0.0,2.2890625,0.0003378902045209903,0.00016894510226049515,97301.2368706339,3.549954048,0.3128376585490414,0.7198915398591997,4.6367799318045435,0.008870545073375263,1.0,,,
6780,3.296875,0.0,3.296875,0.00033778256189451026,0.00016889128094725513,97303.23257961155,3.555196928,0.1633016762648366,0.23035849439827422,4.635734135621576,0.008883647798742138,1.0,,,
6790,3.6435546875,0.0,3.6435546875,0.0003376749192680301,0.00016883745963401506,97305.20760686696,3.560439808,0.15810390836968502,0.28527604030407516,4.63468695967703,0.008896750524109015,1.0,,,
6800,3.427734375,0.0,3.427734375,0.0003375672766415501,0.00016878363832077505,97306.38579076937,3.565682688,0.16640323877182703,0.14119349739735546,4.633638404680648,0.00890985324947589,1.0,,,
6810,3.5234375,0.0,3.5234375,0.00033745963401506996,0.00016872981700753498,97305.28404624475,3.570925568,0.1212696212698067,0.2080054177607026,4.6325884713431105,0.008922955974842767,1.0,,,
6820,3.3818359375,0.0,3.3818359375,0.00033735199138858993,0.00016867599569429497,97307.14347295754,3.576168448,0.19270795390193032,0.38301164078643557,4.631537160376033,0.008936058700209644,1.0,,,
6830,3.3916015625,0.0,3.3916015625,0.0003372443487621098,0.0001686221743810549,97309.03637699383,3.581411328,0.2169863452083511,0.35757274649131077,4.630484472491963,0.008949161425576519,1.0,,,
6840,3.4091796875,0.0,3.4091796875,0.0003371367061356297,0.00016856835306781486,97307.04986170794,3.586654208,0.12431655749823046,0.2082737201506086,4.6294304084043825,0.008962264150943398,1.0,,,
6850,1.69287109375,0.0,1.69287109375,0.00033702906350914963,0.00016851453175457481,97307.43361400605,3.591897088,0.3374707948384551,0.941582080244567,4.628374968827705,0.008975366876310273,1.0,,,
6860,3.4697265625,0.0,3.4697265625,0.00033692142088266955,0.00016846071044133477,97309.32818753789,3.597139968,0.13170882016227964,0.28757995274382536,4.627318154477277,0.00898846960167715,1.0,,,
6870,2.2275390625,0.0,2.2275390625,0.00033681377825618946,0.00016840688912809473,97307.3194407648,3.602382848,0.5343381911029146,0.4978199907946216,4.626259966069376,0.009001572327044025,1.0,,,
6880,3.384765625,0.0,3.384765625,0.0003367061356297094,0.0001683530678148547,97308.03616928303,3.607625728,0.1269946448533719,0.3669164116420351,4.6252004043212125,0.009014675052410902,1.0,,,
6890,3.474609375,0.0,3.474609375,0.0003365984930032293,0.00016829924650161465,97309.86769510932,3.612868608,0.25599255417491423,0.42803271925086384,4.624139469950926,0.009027777777777779,1.0,,,
6900,3.296875,0.0,3.296875,0.0003364908503767492,0.0001682454251883746,97311.80715816256,3.618111488,0.12207017376638515,0.25604799838896486,4.623077163677587,0.009040880503144654,1.0,,,
6910,3.2900390625,0.0,3.2900390625,0.0003363832077502691,0.00016819160387513454,97312.5845191495,3.623354368,0.12632641515520152,0.20168350509699284,4.622013486221197,0.00905398322851153,1.0,,,
6920,3.3974609375,0.0,3.3974609375,0.00033627556512378905,0.00016813778256189452,97314.42886023113,3.628597248,0.11238902484676931,0.25878843971735,4.620948438302683,0.009067085953878408,1.0,,,
6930,1.96923828125,0.0,1.96923828125,0.00033616792249730896,0.00016808396124865448,97314.93575126238,3.633840128,0.4084506349739061,0.3332878976066917,4.6198820206439075,0.009080188679245283,1.0,,,
6940,3.447265625,0.0,3.447265625,0.0003360602798708289,0.00016803013993541444,97316.8339447405,3.639083008,0.15194594192971936,0.3658443822549231,4.618814233967655,0.00909329140461216,1.0,,,
6950,3.4091796875,0.0,3.4091796875,0.00033595263724434874,0.00016797631862217437,97318.44666063093,3.644325888,0.1012231732650863,0.13018310280858003,4.617745078997641,0.009106394129979035,1.0,,,
6960,3.3017578125,0.0,3.3017578125,0.0003358449946178687,0.00016792249730893436,97320.00735422467,3.649568768,0.1466823927670404,0.5122142612213844,4.616674556458506,0.009119496855345913,1.0,,,
6970,2.806640625,0.0,2.806640625,0.00033573735199138863,0.00016786867599569432,97319.48205672836,3.654811648,0.29054934749161454,0.6147915854278783,4.615602667075822,0.009132599580712789,1.0,,,
6980,3.2939453125,0.0,3.2939453125,0.0003356297093649085,0.00016781485468245425,97321.07806180249,3.660054528,0.1387821687230166,0.2697352136679738,4.6145294115760835,0.009145702306079664,1.0,,,
6990,3.4248046875,0.0,3.4248046875,0.0003355220667384284,0.0001677610333692142,97320.71947915928,3.665297408,0.23283582243926157,0.615657730367231,4.613454790686712,0.009158805031446542,1.0,,,
7000,2.90234375,0.0,2.90234375,0.00033541442411194833,0.00016770721205597417,97322.44389245467,3.670540288,0.1361237555472983,0.4744254303800751,4.612378805136053,0.009171907756813417,1.0,,,
7000,,,,,,,,,,,,,0.0,0.0,0.0
7010,3.2666015625,0.0,3.2666015625,0.0003353067814854683,0.00016765339074273415,97302.32663975318,3.675783168,0.15841072526395703,0.5011784178836003,4.611301455653379,0.009185010482180294,1.0,,,
7020,3.3876953125,0.0,3.3876953125,0.00033519913885898816,0.00016759956942949408,97301.44718416808,3.681026048,0.1611089957830508,0.22518644847875796,4.6102227429688885,0.00919811320754717,1.0,,,
7030,3.4306640625,0.0,3.4306640625,0.0003350914962325081,0.00016754574811625404,97302.73153074292,3.686268928,0.17205814665441285,0.2913322967636841,4.609142667813699,0.009211215932914046,1.0,,,
7040,3.2197265625,0.0,3.2197265625,0.000334983853606028,0.000167491926803014,97304.38386992988,3.691511808,0.11370415252226346,0.3168851618951189,4.608061230919854,0.009224318658280923,1.0,,,
7050,2.7275390625,0.0,2.7275390625,0.0003348762109795479,0.00016743810548977396,97299.69830589715,3.696754688,0.15909740006243256,0.24355617225508447,4.606978433020322,0.009237421383647798,1.0,,,
7060,3.3984375,0.0,3.3984375,0.00033476856835306783,0.00016738428417653392,97301.57400457576,3.701997568,0.18924705762158625,0.3197521510238539,4.605894274848992,0.009250524109014675,1.0,,,
7070,3.3515625,0.0,3.3515625,0.00033466092572658775,0.00016733046286329388,97303.39494754172,3.707240448,0.1348694984170579,0.18160435136302747,4.604808757140672,0.009263626834381552,1.0,,,
7080,3.375,0.0,3.375,0.00033455328310010767,0.00016727664155005383,97305.23811414184,3.712483328,0.1262373604855721,0.39127905516495015,4.603721880631098,0.009276729559748427,1.0,,,
7090,3.23828125,0.0,3.23828125,0.0003344456404736276,0.0001672228202368138,97304.40123134645,3.717726208,0.18188399939367653,0.5790611086994382,4.602633646056921,0.009289832285115304,1.0,,,
7100,3.419921875,0.0,3.419921875,0.0003343379978471475,0.00016716899892357375,97306.16425755297,3.722969088,0.1659510785560861,0.4394085299278371,4.601544054155717,0.009302935010482181,1.0,,,
7110,3.443359375,0.0,3.443359375,0.0003342303552206674,0.0001671151776103337,97308.05549362105,3.728211968,0.25437466957386123,0.9669904851740754,4.600453105665977,0.009316037735849058,1.0,,,
7120,3.205078125,0.0,3.205078125,0.0003341227125941873,0.00016706135629709364,97309.77997230539,3.733454848,0.13398371326180664,0.197986020213811,4.599360801327117,0.009329140461215933,1.0,,,
7130,2.6171875,0.0,2.6171875,0.00033401506996770725,0.00016700753498385363,97309.87610634063,3.738697728,0.1974180669437288,0.5467999358886059,4.598267141879468,0.009342243186582808,1.0,,,
7140,2.7763671875,0.0,2.7763671875,0.0003339074273412271,0.00016695371367061356,97311.67314449519,3.743940608,0.17287512002254588,0.43676683362839225,4.59717212806428,0.009355345911949687,1.0,,,
7150,3.3935546875,0.0,3.3935546875,0.0003337997847147471,0.00016689989235737354,97311.16510861639,3.749183488,0.16490911367556071,0.389270376764149,4.596075760623722,0.009368448637316562,1.0,,,
7160,2.880859375,0.0,2.880859375,0.00033369214208826695,0.00016684607104413347,97310.75367048508,3.754426368,0.2692258214229315,0.4233933804347851,4.594978040300881,0.009381551362683439,1.0,,,
7170,2.8701171875,0.0,2.8701171875,0.00033358449946178687,0.00016679224973089343,97309.18463280963,3.759669248,0.4103933549664206,0.6258622244274441,4.59387896783976,0.009394654088050314,1.0,,,
7180,3.3193359375,0.0,3.3193359375,0.0003334768568353068,0.0001667384284176534,97308.0115528998,3.764912128,0.1430234575445488,0.4877226409214241,4.592778543985276,0.009407756813417191,1.0,,,
7190,2.21044921875,0.0,2.21044921875,0.0003333692142088267,0.00016668460710441335,97304.37964369649,3.770155008,0.4275451301768513,0.6264421496619568,4.591676769483268,0.009420859538784068,1.0,,,
7200,3.4228515625,0.0,3.4228515625,0.0003332615715823466,0.0001666307857911733,97305.73746200325,3.775397888,0.18109458870349623,0.4159833563901879,4.590573645080484,0.009433962264150943,1.0,,,
7210,2.60546875,0.0,2.60546875,0.00033315392895586654,0.00016657696447793327,97307.58481445521,3.780640768,0.18653328327992108,0.702725595209958,4.589469171524591,0.009447064989517822,1.0,,,
7220,3.34375,0.0,3.34375,0.00033304628632938645,0.00016652314316469323,97305.88211496088,3.785883648,0.1604172320455033,0.2315167048906042,4.588363349564169,0.009460167714884697,1.0,,,
7230,3.4140625,0.0,3.4140625,0.00033293864370290637,0.00016646932185145318,97303.83701017215,3.791126528,0.1802236997242845,0.325679839973713,4.587256179948713,0.009473270440251572,1.0,,,
7240,3.35546875,0.0,3.35546875,0.0003328310010764263,0.00016641550053821314,97305.4210000104,3.796369408,0.19390868730573368,0.28553397036759354,4.586147663428628,0.009486373165618449,1.0,,,
7250,2.33349609375,0.0,2.33349609375,0.0003327233584499462,0.0001663616792249731,97303.47885809274,3.801612288,0.36458397878157606,0.7977841185119217,4.585037800755236,0.009499475890985326,1.0,,,
7260,3.3701171875,0.0,3.3701171875,0.0003326157158234661,0.00016630785791173306,97305.28880492625,3.806855168,0.12649936439702972,0.29710010826691047,4.58392659268077,0.009512578616352203,1.0,,,
7270,2.9208984375,0.0,2.9208984375,0.00033250807319698604,0.00016625403659849302,97307.06694277296,3.812098048,0.16229770659002113,0.5954563709260665,4.582814039958374,0.009525681341719078,1.0,,,
7280,2.56982421875,0.0,2.56982421875,0.0003324004305705059,0.00016620021528525295,97308.89780281727,3.817340928,0.2834864141647018,0.6224762245623905,4.581700143342104,0.009538784067085953,1.0,,,
7290,2.66455078125,0.0,2.66455078125,0.00033229278794402587,0.00016614639397201294,97310.74423251474,3.822583808,0.40331004004805515,0.517792936873117,4.580584903586928,0.009551886792452832,1.0,,,
7300,3.4638671875,0.0,3.4638671875,0.0003321851453175458,0.0001660925726587729,97312.61011294487,3.827826688,0.19594490355378125,0.3514363888421182,4.579468321448721,0.009564989517819707,1.0,,,
7310,2.1201171875,0.0,2.1201171875,0.00033207750269106565,0.00016603875134553283,97313.74130141424,3.833069568,0.19433045479335292,0.4576763233153892,4.578350397684272,0.009578092243186584,1.0,,,
7320,3.33984375,0.0,3.33984375,0.00033196986006458557,0.00016598493003229278,97302.41872422221,3.838312448,0.20260460233594837,0.35518093448655735,4.577231133051276,0.009591194968553459,1.0,,,
7330,3.4443359375,0.0,3.4443359375,0.0003318622174381055,0.00016593110871905274,97301.3299616345,3.843555328,0.1297362595242938,0.40963889048610774,4.576110528308338,0.009604297693920336,1.0,,,
7340,2.18310546875,0.0,2.18310546875,0.00033175457481162546,0.00016587728740581273,97303.20066547165,3.848798208,0.22463774472417894,0.3691427302551394,4.574988584214974,0.009617400419287212,1.0,,,
7350,2.7236328125,0.0,2.7236328125,0.0003316469321851453,0.00016582346609257266,97304.16118310542,3.854041088,0.18910860460182385,0.5729780878240717,4.573865301531602,0.009630503144654088,1.0,,,
7360,3.404296875,0.0,3.404296875,0.00033153928955866524,0.00016576964477933262,97306.02806742303,3.859283968,0.27634848746499135,0.4914888163996994,4.5727406810195514,0.009643605870020966,1.0,,,
7370,1.99072265625,0.0,1.99072265625,0.00033143164693218515,0.00016571582346609258,97307.01605872055,3.864526848,0.2555051077759787,0.7966341407377573,4.571614723441058,0.009656708595387841,1.0,,,
7380,3.3349609375,0.0,3.3349609375,0.00033132400430570507,0.00016566200215285254,97304.61239032954,3.869769728,0.16099493869517928,0.5456639785995829,4.570487429559262,0.009669811320754717,1.0,,,
7390,2.20654296875,0.0,2.20654296875,0.000331216361679225,0.0001656081808396125,97304.6174489816,3.875012608,0.38780050179720127,0.6480627557633686,4.569358800138213,0.009682914046121593,1.0,,,
7400,3.3779296875,0.0,3.3779296875,0.00033110871905274485,0.00016555435952637243,97306.42042002013,3.880255488,0.19652167916444385,0.32605407906647654,4.56822883594286,0.00969601677148847,1.0,,,
7410,3.3671875,0.0,3.3671875,0.0003310010764262648,0.0001655005382131324,97304.25110301176,3.885498368,0.17593204891829287,0.2920202822053174,4.567097537739063,0.009709119496855347,1.0,,,
7420,3.4326171875,0.0,3.4326171875,0.00033089343379978474,0.00016544671689989237,97306.07088205437,3.890741248,0.13588838639016354,0.2737232766901721,4.565964906293581,0.009722222222222222,1.0,,,
7430,3.34375,0.0,3.34375,0.00033078579117330466,0.00016539289558665233,97307.85640641968,3.895984128,0.1432918909498361,0.3209551975091469,4.564830942374079,0.009735324947589098,1.0,,,
7440,3.4033203125,0.0,3.4033203125,0.0003306781485468246,0.0001653390742734123,97306.06256827117,3.901227008,0.1258046386094875,0.27310696217674674,4.563695646749125,0.009748427672955976,1.0,,,
7450,3.3935546875,0.0,3.3935546875,0.00033057050592034444,0.00016528525296017222,97307.2161837003,3.906469888,0.10394356573557027,0.20012788858048144,4.562559020188192,0.009761530398322851,1.0,,,
7460,2.7158203125,0.0,2.7158203125,0.0003304628632938644,0.0001652314316469322,97307.29685097105,3.911712768,0.14487187349747008,0.330814131045062,4.561421063461649,0.009774633123689728,1.0,,,
7470,3.423828125,0.0,3.423828125,0.00033035522066738427,0.00016517761033369214,97309.04071784073,3.916955648,0.10734313233281277,0.22676323920231636,4.560281777340771,0.009787735849056603,1.0,,,
7480,3.341796875,0.0,3.341796875,0.00033024757804090424,0.00016512378902045212,97310.72757508619,3.922198528,0.2225523692408405,0.7356438776004329,4.559141162597734,0.00980083857442348,1.0,,,
7490,3.3701171875,0.0,3.3701171875,0.0003301399354144241,0.00016506996770721205,97307.85873390813,3.927441408,0.26449970955964325,0.5107926000503336,4.557999220005613,0.009813941299790357,1.0,,,
7500,2.34521484375,0.0,2.34521484375,0.0003300322927879441,0.00016501614639397204,97308.69355183712,3.932684288,0.42780314361786553,0.5625843372675625,4.5568559503383845,0.009827044025157232,1.0,,,
7500,,,,,,,,,,,,,0.0,0.0,0.0
7510,3.4990234375,0.0,3.4990234375,0.00032992465016146394,0.00016496232508073197,97310.49449315295,3.937927168,0.1449622001684481,0.39601763289206315,4.5557113543709225,0.009840146750524111,1.0,,,
7520,3.3974609375,0.0,3.3974609375,0.00032981700753498386,0.00016490850376749193,97310.8360426209,3.943170048,0.16001731207433995,0.5663594395302947,4.554565432879001,0.009853249475890986,1.0,,,
7530,3.33203125,0.0,3.33203125,0.0003297093649085038,0.0001648546824542519,97311.14466672447,3.948412928,0.12109560574364908,0.297592628111279,4.553418186639293,0.009866352201257861,1.0,,,
7540,3.3564453125,0.0,3.3564453125,0.0003296017222820237,0.00016480086114101185,97310.01351403234,3.953655808,0.13082557321964527,0.4416845389827176,4.552269616429368,0.009879454926624738,1.0,,,
7550,3.4033203125,0.0,3.4033203125,0.0003294940796555436,0.0001647470398277718,97311.08473985271,3.958898688,0.10998671475085413,0.17860052856022418,4.551119723027694,0.009892557651991615,1.0,,,
7560,3.2314453125,0.0,3.2314453125,0.0003293864370290635,0.00016469321851453176,97312.82645870905,3.964141568,0.11930194497170624,0.6701712318194774,4.549968507213635,0.009905660377358492,1.0,,,
7570,3.4150390625,0.0,3.4150390625,0.00032927879440258344,0.00016463939720129172,97314.60170503058,3.969384448,0.10913429006862962,0.32380679425358516,4.548815969767452,0.009918763102725367,1.0,,,
7580,3.3017578125,0.0,3.3017578125,0.00032917115177610336,0.00016458557588805168,97316.31461817512,3.974627328,0.12290368012679281,0.3862418211142207,4.547662111470302,0.009931865828092242,1.0,,,
7590,1.85595703125,0.0,1.85595703125,0.0003290635091496233,0.00016453175457481164,97318.03761977928,3.979870208,0.4344905145567066,0.4696735680762695,4.5465069331042365,0.00994496855345912,1.0,,,
7600,2.2763671875,0.0,2.2763671875,0.0003289558665231432,0.0001644779332615716,97319.76280477003,3.985113088,0.5473359256600673,0.836701793500635,4.545350435452201,0.009958071278825996,1.0,,,
7610,2.8076171875,0.0,2.8076171875,0.00032884822389666306,0.00016442411194833153,97318.7010086934,3.990355968,0.24407778861965337,0.3915363938940871,4.5441926192980375,0.009971174004192873,1.0,,,
7620,3.38671875,0.0,3.38671875,0.00032874058127018303,0.00016437029063509151,97320.4872636399,3.995598848,0.12094965875345424,0.3243470265945687,4.543033485426479,0.009984276729559748,1.0,,,
7630,2.9140625,0.0,2.9140625,0.00032863293864370295,0.00016431646932185147,97320.14633977429,4.000841728,0.20358700268532928,0.410376853888726,4.541873034623153,0.009997379454926625,1.0,,,
7640,3.4521484375,0.0,3.4521484375,0.00032852529601722286,0.00016426264800861143,97316.03378544096,4.006084608,0.16188568971700312,0.6333062991464197,4.54071126767458,0.01,1.0,,,
7650,3.32421875,0.0,3.32421875,0.0003284176533907427,0.00016420882669537136,97309.67836679664,4.011327488,0.1385001271957104,0.9904069058534731,4.539548185368171,0.01,1.0,,,
7660,3.4072265625,0.0,3.4072265625,0.00032831001076426264,0.00016415500538213132,97304.98121293425,4.016570368,0.1249503847988934,0.25444715419129943,4.538383788492231,0.01,1.0,,,
7670,3.3935546875,0.0,3.3935546875,0.0003282023681377826,0.0001641011840688913,97303.7214619217,4.021813248,0.11977768548848777,0.29066427238245096,4.537218077835954,0.01,1.0,,,
7680,3.365234375,0.0,3.365234375,0.0003280947255113025,0.00016404736275565124,97294.64792979599,4.027056128,0.16228772649508783,0.36858631747973974,4.536051054189423,0.01,1.0,,,
7690,3.0,0.0,3.0,0.0003279870828848224,0.0001639935414424112,97295.85913258039,4.032299008,0.4865036413524762,0.872827735367939,4.534882718343615,0.01,1.0,,,
7700,3.2451171875,0.0,3.2451171875,0.0003278794402583423,0.00016393972012917116,97297.62366873569,4.037541888,0.17435370729525218,0.23017407837560735,4.533713071090394,0.01,1.0,,,
7710,3.412109375,0.0,3.412109375,0.00032777179763186223,0.00016388589881593111,97299.42443896907,4.042784768,0.15223347170516247,0.2518573108700365,4.532542113222512,0.01,1.0,,,
7720,2.8271484375,0.0,2.8271484375,0.00032766415500538215,0.00016383207750269107,97297.83010008503,4.048027648,0.17582225519970296,0.668614242894092,4.53136984553361,0.01,1.0,,,
7730,2.265625,0.0,2.265625,0.00032755651237890206,0.00016377825618945103,97298.44024188796,4.053270528,0.6747209532576295,0.4428077967412416,4.530196268818218,0.01,1.0,,,
7740,3.3603515625,0.0,3.3603515625,0.000327448869752422,0.000163724434876211,97293.10037321087,4.058513408,0.16301551943638648,0.2436363000670033,4.529021383871752,0.01,1.0,,,
7750,3.271484375,0.0,3.271484375,0.0003273412271259419,0.00016367061356297095,97294.8280881546,4.063756288,0.12287537141583849,0.19189247406682014,4.527845191490516,0.01,1.0,,,
7760,3.296875,0.0,3.296875,0.0003272335844994618,0.0001636167922497309,97296.1532619917,4.068999168,0.17423417795026752,0.34842029140821945,4.5266676924716975,0.01,1.0,,,
7770,3.369140625,0.0,3.369140625,0.0003271259418729817,0.00016356297093649084,97293.31764603958,4.074242048,0.11465285270797741,0.21098140677287164,4.5254888876133705,0.01,1.0,,,
7780,2.09228515625,0.0,2.09228515625,0.00032701829924650165,0.00016350914962325082,97292.66917322432,4.079484928,0.3850770007492822,0.755914283872315,4.524308777714499,0.01,1.0,,,
7790,3.3349609375,0.0,3.3349609375,0.00032691065662002156,0.00016345532831001078,97294.38311632392,4.084727808,0.12603496079422893,0.5780320520115919,4.523127363574922,0.01,1.0,,,
7800,3.408203125,0.0,3.408203125,0.00032680301399354143,0.00016340150699677071,97293.96853101466,4.089970688,0.13348473720305215,0.2021397005087164,4.52194464599537,0.01,1.0,,,
7810,3.4033203125,0.0,3.4033203125,0.0003266953713670614,0.0001633476856835307,97292.56586231018,4.095213568,0.18412641207437705,0.6635091667105957,4.520760625777456,0.01,1.0,,,
7820,3.2197265625,0.0,3.2197265625,0.00032658772874058126,0.00016329386437029063,97290.86909965886,4.100456448,0.13205925896464435,0.30562424950463246,4.5195753037236726,0.01,1.0,,,
7830,3.3662109375,0.0,3.3662109375,0.00032648008611410123,0.00016324004305705062,97291.870852125,4.105699328,0.2120939438818403,0.30876364022693414,4.518388680637397,0.01,1.0,,,
7840,3.3564453125,0.0,3.3564453125,0.0003263724434876211,0.00016318622174381055,97290.55885484206,4.110942208,0.15469251548083457,0.345758939371921,4.51720075732289,0.01,1.0,,,
7850,3.541015625,0.0,3.541015625,0.000326264800861141,0.0001631324004305705,97290.32219360696,4.116185088,0.12362224724202363,0.3645491510314148,4.516011534585289,0.01,1.0,,,
7860,3.2763671875,0.0,3.2763671875,0.00032615715823466093,0.00016307857911733047,97292.0448745195,4.121427968,0.12590499020726434,0.23783847308030998,4.514821013230615,0.01,1.0,,,
7870,2.9189453125,0.0,2.9189453125,0.00032604951560818085,0.00016302475780409042,97288.56744066351,4.126670848,0.1807194088383228,0.6227845234996997,4.5136291940657705,0.01,1.0,,,
7880,3.3076171875,0.0,3.3076171875,0.00032594187298170076,0.00016297093649085038,97280.82373827926,4.131913728,0.2552528449331851,0.7010951656930899,4.512436077898535,0.01,1.0,,,
7890,1.521728515625,0.0,1.521728515625,0.0003258342303552207,0.00016291711517761034,97282.57030904088,4.137156608,0.5477864739182058,0.8380537600154652,4.511241665537568,0.01,1.0,,,
7900,3.4111328125,0.0,3.4111328125,0.0003257265877287406,0.0001628632938643703,97284.33293945139,4.142399488,0.15336261941034607,0.6511569157197409,4.510045957792407,0.01,1.0,,,
7910,3.2890625,0.0,3.2890625,0.0003256189451022605,0.00016280947255113026,97285.85514210325,4.147642368,0.28145475981402335,0.3596579445729346,4.50884895547347,0.01,1.0,,,
7920,3.341796875,0.0,3.341796875,0.00032551130247578043,0.00016275565123789022,97287.56779040775,4.152885248,0.19581972124733046,0.38151782663553907,4.5076506593920485,0.01,1.0,,,
7930,3.3642578125,0.0,3.3642578125,0.00032540365984930035,0.00016270182992465018,97279.76355006779,4.158128128,0.1235255523884333,0.31734672036413264,4.506451070360313,0.01,1.0,,,
7940,3.4140625,0.0,3.4140625,0.0003252960172228202,0.0001626480086114101,97279.90255144742,4.163371008,0.18319956607889673,0.491331919170853,4.505250189191311,0.01,1.0,,,
7950,3.3623046875,0.0,3.3623046875,0.0003251883745963402,0.0001625941872981701,97279.93504232337,4.168613888,0.22762319432165232,0.5465004738234708,4.504048016698964,0.01,1.0,,,
7960,2.8046875,0.0,2.8046875,0.00032508073196986005,0.00016254036598493002,97280.62278625043,4.173856768,0.20528004575691636,0.24405266368911321,4.502844553698072,0.01,1.0,,,
7970,2.0478515625,0.0,2.0478515625,0.00032497308934338,0.00016248654467169,97281.3432196157,4.179099648,0.5020002112984361,0.4656658830307618,4.501639801004304,0.01,1.0,,,
7980,3.3271484375,0.0,3.3271484375,0.0003248654467168999,0.00016243272335844994,97275.8962744189,4.184342528,0.18057442065629967,0.9835514175110418,4.500433759434208,0.01,1.0,,,
7990,2.93359375,0.0,2.93359375,0.00032475780409041985,0.00016237890204520993,97270.28690436274,4.189585408,0.22168805570463634,0.9750942326461166,4.499226429805205,0.01,1.0,,,
8000,2.849609375,0.0,2.849609375,0.00032465016146393977,0.00016232508073196988,97262.05053370456,4.194828288,0.24364367302734327,0.5627414649022823,4.498017812935587,0.01,1.0,,,
8000,,,,,,,,,,,,,0.0,0.0,0.0
8010,3.4814453125,0.0,3.4814453125,0.00032454251883745963,0.00016227125941872982,97235.97871077218,4.200071168,0.44533800872777324,0.8755916476660089,4.496807909644519,0.01,1.0,,,
8020,3.3984375,0.0,3.3984375,0.00032443487621097955,0.00016221743810548977,97235.88953851728,4.205314048,0.17977703646518492,0.7755576257561375,4.495596720752039,0.01,1.0,,,
8030,3.3642578125,0.0,3.3642578125,0.00032432723358449947,0.00016216361679224973,97234.37302912665,4.210556928,0.14821504564432933,0.6781666540539323,4.494384247079057,0.01,1.0,,,
8040,3.423828125,0.0,3.423828125,0.00032421959095801944,0.00016210979547900972,97233.0733247383,4.215799808,0.13680912694111594,0.5974338010062106,4.493170489447349,0.01,1.0,,,
8050,2.12158203125,0.0,2.12158203125,0.0003241119483315393,0.00016205597416576965,97234.83208561303,4.221042688,0.19767904038402953,0.47455271213301325,4.491955448679569,0.01,1.0,,,
8060,3.26171875,0.0,3.26171875,0.0003240043057050592,0.0001620021528525296,97236.22675070357,4.226285568,0.15617421597275583,0.37088370900485057,4.490739125599233,0.01,1.0,,,
8070,2.1337890625,0.0,2.1337890625,0.00032389666307857914,0.00016194833153928957,97237.8844980181,4.231528448,0.4117611780623555,0.6514857743723932,4.489521521030731,0.01,1.0,,,
8080,2.052734375,0.0,2.052734375,0.00032378902045209905,0.00016189451022604953,97235.26177716118,4.236771328,0.2825238798100942,0.7466422645655832,4.488302635799321,0.01,1.0,,,
8090,2.673828125,0.0,2.673828125,0.00032368137782561897,0.00016184068891280948,97235.81242157042,4.242014208,0.477890781799509,0.8780496538971807,4.487082470731126,0.01,1.0,,,
8100,2.9912109375,0.0,2.9912109375,0.00032357373519913883,0.00016178686759956942,97237.51525938977,4.247257088,0.21766038749330902,0.8670903813900795,4.485861026653139,0.01,1.0,,,
8110,3.291015625,0.0,3.291015625,0.0003234660925726588,0.0001617330462863294,97236.21256283262,4.252499968,0.11953543257236564,0.3670829083685631,4.484638304393221,0.01,1.0,,,
8120,3.380859375,0.0,3.380859375,0.0003233584499461787,0.00016167922497308936,97235.15582144064,4.257742848,0.18246574652726244,0.2527660171417442,4.483414304780096,0.01,1.0,,,
8130,2.11279296875,0.0,2.11279296875,0.00032325080731969864,0.00016162540365984932,97236.80053688135,4.262985728,0.3890453641088763,0.9210020275862054,4.482189028643356,0.01,1.0,,,
8140,3.267578125,0.0,3.267578125,0.0003231431646932185,0.00016157158234660925,97231.111287246,4.268228608,0.17331213870846207,0.984860323257956,4.480962476813458,0.01,1.0,,,
8150,3.275390625,0.0,3.275390625,0.0003230355220667384,0.0001615177610333692,97232.10278678795,4.273471488,0.15760447842545666,0.3159572749809449,4.479734650121722,0.01,1.0,,,
8160,3.318359375,0.0,3.318359375,0.0003229278794402584,0.0001614639397201292,97233.04625796214,4.278714368,0.16376362828413288,0.26805057807701,4.478505549400336,0.01,1.0,,,
8170,1.9169921875,0.0,1.9169921875,0.00032282023681377825,0.00016141011840688913,97232.11167626773,4.283957248,0.42214905124617363,0.7393270117110109,4.4772751754823465,0.01,1.0,,,
8180,3.1806640625,0.0,3.1806640625,0.0003227125941872982,0.0001613562970936491,97232.83085512981,4.289200128,0.1936646987478926,0.44625565547321594,4.476043529201665,0.01,1.0,,,
8190,3.2978515625,0.0,3.2978515625,0.0003226049515608181,0.00016130247578040904,97232.51488540987,4.294443008,0.13580213577208602,0.2612162237654618,4.4748106113930675,0.01,1.0,,,
8200,3.458984375,0.0,3.458984375,0.000322497308934338,0.000161248654467169,97232.60554784349,4.299685888,0.11276969619825739,0.30399559035922796,4.473576422892188,0.01,1.0,,,
8210,3.31640625,0.0,3.31640625,0.0003223896663078579,0.00016119483315392896,97233.05267910507,4.304928768,0.25582357858617666,0.7040986257775594,4.472340964535526,0.01,1.0,,,
8220,3.2548828125,0.0,3.2548828125,0.00032228202368137784,0.00016114101184068892,97234.75492951326,4.310171648,0.18169972683917873,0.2550881349543591,4.4711042371604375,0.01,1.0,,,
8230,3.35546875,0.0,3.35546875,0.00032217438105489775,0.00016108719052744888,97233.44175594852,4.315414528,0.1128660914451444,0.1916451754757901,4.469866241605141,0.01,1.0,,,
8240,3.361328125,0.0,3.361328125,0.00032206673842841767,0.00016103336921420884,97230.86619581592,4.320657408,0.1386942015540108,0.36180105457793427,4.468626978708713,0.01,1.0,,,
8250,2.01171875,0.0,2.01171875,0.0003219590958019376,0.0001609795479009688,97227.31221904194,4.325900288,0.17727500651594993,0.5599471388531643,4.467386449311093,0.01,1.0,,,
8260,3.37890625,0.0,3.37890625,0.0003218514531754575,0.00016092572658772875,97228.94062893688,4.331143168,0.20899730897305166,0.9779797314094076,4.466144654253072,0.01,1.0,,,
8270,3.271484375,0.0,3.271484375,0.0003217438105489774,0.0001608719052744887,97229.57702525213,4.336386048,0.18356208519981418,0.6992223762687645,4.464901594376305,0.01,1.0,,,
8280,3.4951171875,0.0,3.4951171875,0.00032163616792249734,0.00016081808396124867,97229.99672739934,4.341628928,0.2620483435283288,0.4918129100946128,4.463657270523302,0.01,1.0,,,
8290,3.392578125,0.0,3.392578125,0.0003215285252960172,0.0001607642626480086,97231.69262305873,4.346871808,0.21010260845572684,0.4881326804342826,4.462411683537429,0.01,1.0,,,
8300,2.8916015625,0.0,2.8916015625,0.0003214208826695372,0.0001607104413347686,97231.37045611806,4.352114688,0.15039273980854528,0.5575087395211634,4.461164834262909,0.01,1.0,,,
8310,3.443359375,0.0,3.443359375,0.00032131324004305704,0.00016065662002152852,97230.28652533352,4.357357568,0.16955706905299928,0.3139225569910731,4.4599167235448185,0.01,1.0,,,
8320,2.11572265625,0.0,2.11572265625,0.000321205597416577,0.0001606027987082885,97227.00284318156,4.362600448,0.6550241113795078,0.5820189445677632,4.458667352229094,0.01,1.0,,,
8330,3.3818359375,0.0,3.3818359375,0.00032109795479009687,0.00016054897739504844,97218.98160238916,4.367843328,0.12682185941804439,0.2103272870310443,4.457416721162522,0.01,1.0,,,
8340,3.470703125,0.0,3.470703125,0.0003209903121636168,0.0001604951560818084,97216.1369649,4.373086208,0.19664854403288917,0.89874585744791,4.456164831192742,0.01,1.0,,,
8350,3.306640625,0.0,3.306640625,0.0003208826695371367,0.00016044133476856835,97216.38930885396,4.378329088,0.14003982617492766,0.7512041520629802,4.45491168316825,0.01,1.0,,,
8360,3.3955078125,0.0,3.3955078125,0.0003207750269106566,0.0001603875134553283,97218.16295374576,4.383571968,0.17632532768569092,0.4807212197368784,4.453657277938396,0.01,1.0,,,
8370,2.0029296875,0.0,2.0029296875,0.0003206673842841766,0.0001603336921420883,97214.88221541073,4.388814848,0.6705591371167697,0.6768912206374956,4.4524016163533755,0.01,1.0,,,
8380,3.435546875,0.0,3.435546875,0.00032055974165769646,0.00016027987082884823,97216.60607576229,4.394057728,0.14461115790266177,0.29422015321908496,4.451144699264241,0.01,1.0,,,
8390,3.2119140625,0.0,3.2119140625,0.0003204520990312164,0.0001602260495156082,97212.33786294068,4.399300608,0.10413646345812347,0.2160422231594435,4.449886527522895,0.01,1.0,,,
8400,3.400390625,0.0,3.400390625,0.0003203444564047363,0.00016017222820236815,97211.21870829399,4.404543488,0.11271352049416765,0.17484203018398817,4.44862710198209,0.01,1.0,,,
8410,3.2646484375,0.0,3.2646484375,0.0003202368137782562,0.0001601184068891281,97211.70907124538,4.409786368,0.10165750988478114,0.24945601402166734,4.447366423495428,0.01,1.0,,,
8420,2.765625,0.0,2.765625,0.0003201291711517761,0.00016006458557588806,97213.42154841243,4.415029248,0.14358175314938612,0.20858206341586566,4.4461044929173585,0.01,1.0,,,
8430,2.7314453125,0.0,2.7314453125,0.000320021528525296,0.000160010764262648,97214.75983125664,4.420272128,0.16860955515462214,0.3146626739591606,4.444841311103184,0.01,1.0,,,
8440,3.275390625,0.0,3.275390625,0.00031991388589881596,0.00015995694294940798,97215.42523953792,4.425515008,0.1428923407547939,0.25392546660067283,4.443576878909051,0.01,1.0,,,
8450,1.79345703125,0.0,1.79345703125,0.0003198062432723359,0.00015990312163616794,97213.35803471868,4.430757888,0.4221392423740888,0.5614205399559331,4.442311197191955,0.01,1.0,,,
8460,2.767578125,0.0,2.767578125,0.0003196986006458558,0.0001598493003229279,97213.5995161752,4.436000768,0.30493027430535874,0.4288250935766309,4.4410442668097385,0.01,1.0,,,
8470,2.9404296875,0.0,2.9404296875,0.00031959095801937566,0.00015979547900968783,97214.29019522946,4.441243648,0.2910307032281526,0.5843033346702718,4.439776088621092,0.01,1.0,,,
8480,3.2763671875,0.0,3.2763671875,0.0003194833153928956,0.0001597416576964478,97212.6593929306,4.446486528,0.1489055795359292,0.5611512913224133,4.438506663485547,0.01,1.0,,,
8490,3.4306640625,0.0,3.4306640625,0.00031937567276641555,0.00015968783638320777,97212.53034413535,4.451729408,0.14429820171907515,0.3373108410107071,4.437235992263485,0.01,1.0,,,
8500,2.828125,0.0,2.828125,0.0003192680301399354,0.0001596340150699677,97210.25026873428,4.456972288,0.1600909790034023,0.327324274798275,4.43596407581613,0.01,1.0,,,
8500,,,,,,,,,,,,,0.0,0.0,0.0
8510,3.341796875,0.0,3.341796875,0.0003191603875134553,0.00015958019375672766,97211.91702089919,4.462215168,0.12931701165946996,0.1974767377475433,4.434690915005549,0.01,1.0,,,
8520,3.4541015625,0.0,3.4541015625,0.00031905274488697524,0.00015952637244348762,97213.59341588148,4.467458048,0.12010763521936142,0.15635622662406182,4.433416510694654,0.01,1.0,,,
8530,3.1650390625,0.0,3.1650390625,0.0003189451022604952,0.0001594725511302476,97215.27381391588,4.472700928,0.11404183271463122,0.26271148567182967,4.4321408637471995,0.01,1.0,,,
8540,2.150390625,0.0,2.150390625,0.0003188374596340151,0.00015941872981700754,97216.94348681906,4.477943808,0.24488496250737377,0.4871056676967223,4.4308639750277825,0.01,1.0,,,
8550,3.474609375,0.0,3.474609375,0.000318729817007535,0.0001593649085037675,97218.58725658126,4.483186688,0.16620426917172978,0.5033060761568341,4.4295858454018395,0.01,1.0,,,
8560,2.685546875,0.0,2.685546875,0.0003186221743810549,0.00015931108719052746,97219.20678897896,4.488429568,0.25798819950340646,0.5221512464133538,4.428306475735652,0.01,1.0,,,
8570,3.3984375,0.0,3.3984375,0.00031851453175457483,0.00015925726587728741,97220.80897645085,4.493672448,0.11090200920010712,0.2915619525624263,4.427025866896338,0.01,1.0,,,
8580,3.4169921875,0.0,3.4169921875,0.00031840688912809475,0.00015920344456404737,97220.12454149204,4.498915328,0.1617625564519876,0.30163965570047035,4.425744019751857,0.01,1.0,,,
8590,3.21875,0.0,3.21875,0.00031829924650161466,0.00015914962325080733,97221.81956553967,4.504158208,0.14053085556899653,0.326528832593227,4.424460935171009,0.01,1.0,,,
8600,3.337890625,0.0,3.337890625,0.0003181916038751346,0.0001590958019375673,97223.49150315217,4.509401088,0.1954202522787064,0.3531302257755212,4.42317661402343,0.01,1.0,,,
8610,1.998046875,0.0,1.998046875,0.0003180839612486545,0.00015904198062432725,97225.14614342162,4.514643968,0.3002007053515641,0.3009843827657972,4.421891057179598,0.01,1.0,,,
8620,2.08203125,0.0,2.08203125,0.00031797631862217436,0.00015898815931108718,97226.71008734423,4.519886848,0.25974181188311757,0.35936349957021685,4.420604265510824,0.01,1.0,,,
8630,3.3173828125,0.0,3.3173828125,0.00031786867599569433,0.00015893433799784717,97227.27501169337,4.525129728,0.3003701570043726,0.954034822349862,4.419316239889259,0.01,1.0,,,
8640,2.634765625,0.0,2.634765625,0.0003177610333692142,0.0001588805166846071,97228.92493772937,4.530372608,0.25733005065503517,0.8726892146540585,4.4180269811878885,0.01,1.0,,,
8650,3.341796875,0.0,3.341796875,0.00031765339074273416,0.00015882669537136708,97227.64682213296,4.535615488,0.21227215637816937,0.6042512565602308,4.4167364902805355,0.01,1.0,,,
8660,3.369140625,0.0,3.369140625,0.00031754574811625403,0.00015877287405812701,97222.32701158375,4.540858368,0.1324960548625055,0.25077823892845286,4.415444768041858,0.01,1.0,,,
8670,3.232421875,0.0,3.232421875,0.000317438105489774,0.000158719052744887,97223.84569443807,4.546101248,0.1684094112094394,0.5821009914794643,4.4141518153473465,0.01,1.0,,,
8680,3.333984375,0.0,3.333984375,0.00031733046286329386,0.00015866523143164693,97222.92785337278,4.551344128,0.1240337806021388,0.4115971353724765,4.412857633073327,0.01,1.0,,,
8690,3.2587890625,0.0,3.2587890625,0.0003172228202368138,0.0001586114101184069,97224.57149920412,4.556587008,0.13934219998249367,0.8482754216954246,4.4115622220969595,0.01,1.0,,,
8700,2.8837890625,0.0,2.8837890625,0.0003171151776103337,0.00015855758880516685,97225.69273520094,4.561829888,0.14793666631059224,0.44881615492952215,4.410265583296235,0.01,1.0,,,
8710,2.27685546875,0.0,2.27685546875,0.0003170075349838536,0.0001585037674919268,97227.30792573602,4.567072768,0.3373689108101059,0.7597657290313155,4.408967717549979,0.01,1.0,,,
8720,2.1171875,0.0,2.1171875,0.00031689989235737353,0.00015844994617868677,97228.8382674776,4.572315648,0.2544518456852692,0.8274065293220352,4.4076686257378475,0.01,1.0,,,
8730,3.4345703125,0.0,3.4345703125,0.00031679224973089345,0.00015839612486544672,97228.9981376708,4.577558528,0.13029679363076374,0.21285882968837241,4.406368308740326,0.01,1.0,,,
8740,3.4072265625,0.0,3.4072265625,0.00031668460710441336,0.00015834230355220668,97229.86350409967,4.582801408,0.15765211566809278,0.30994880366590716,4.405066767438732,0.01,1.0,,,
8750,3.4873046875,0.0,3.4873046875,0.0003165769644779333,0.00015828848223896664,97228.50010892742,4.588044288,0.13708054599684288,0.2249683931801141,4.403764002715212,0.01,1.0,,,
8760,3.37109375,0.0,3.37109375,0.00031646932185145314,0.00015823466092572657,97228.79057467575,4.593287168,0.141992741439979,0.3562542876255765,4.402460015452743,0.01,1.0,,,
8770,3.5048828125,0.0,3.5048828125,0.0003163616792249731,0.00015818083961248656,97228.06099008267,4.598530048,0.155694308664269,0.25601329965051095,4.401154806535129,0.01,1.0,,,
8780,3.2607421875,0.0,3.2607421875,0.00031625403659849303,0.00015812701829924652,97229.58603475936,4.603772928,0.15696068926702422,0.4045029914091612,4.399848376847004,0.01,1.0,,,
8790,3.3427734375,0.0,3.3427734375,0.00031614639397201295,0.00015807319698600648,97231.19347054877,4.609015808,0.14060896716018645,0.6675006315988453,4.398540727273827,0.01,1.0,,,
8800,2.150390625,0.0,2.150390625,0.0003160387513455328,0.0001580193756727664,97232.76908685491,4.614258688,0.19403760654414365,0.37229801678314145,4.397231858701885,0.01,1.0,,,
8810,2.841796875,0.0,2.841796875,0.0003159311087190528,0.0001579655543595264,97231.88645711607,4.619501568,0.16151906365967847,0.3333991396446474,4.395921772018292,0.01,1.0,,,
8820,3.271484375,0.0,3.271484375,0.0003158234660925727,0.00015791173304628635,97233.46298503925,4.624744448,0.12843222324962836,0.3734417594410895,4.3946104681109865,0.01,1.0,,,
8830,3.4013671875,0.0,3.4013671875,0.00031571582346609256,0.00015785791173304628,97227.66805559986,4.629987328,0.12548917022142736,0.279966233903334,4.3932979478687315,0.01,1.0,,,
8840,3.28125,0.0,3.28125,0.0003156081808396125,0.00015780409041980624,97229.30356085516,4.635230208,0.31660472271187645,0.6109423925390459,4.391984212181116,0.01,1.0,,,
8850,3.3134765625,0.0,3.3134765625,0.0003155005382131324,0.0001577502691065662,97230.92524751443,4.640473088,0.2234171157711646,0.445854910888706,4.390669261938553,0.01,1.0,,,
8860,2.984375,0.0,2.984375,0.00031539289558665237,0.00015769644779332618,97232.50726180064,4.645715968,0.21571408418384433,0.5434622043039327,4.389353098032275,0.01,1.0,,,
8870,3.384765625,0.0,3.384765625,0.00031528525296017223,0.00015764262648008612,97234.11106367417,4.650958848,0.16927269206717005,0.9856001598417528,4.388035721354341,0.01,1.0,,,
8880,2.08447265625,0.0,2.08447265625,0.00031517761033369215,0.00015758880516684607,97233.5553266337,4.656201728,0.521532199860179,0.5739977429634289,4.386717132797631,0.01,1.0,,,
8890,2.7822265625,0.0,2.7822265625,0.00031506996770721207,0.00015753498385360603,97234.36551007678,4.661444608,0.2227328074645922,0.5636967427364337,4.385397333255845,0.01,1.0,,,
8900,2.8984375,0.0,2.8984375,0.000314962325080732,0.000157481162540366,97231.25656535011,4.666687488,0.3940071581113703,0.9190225718400898,4.384076323623507,0.01,1.0,,,
8910,3.392578125,0.0,3.392578125,0.0003148546824542519,0.00015742734122712595,97230.10219737947,4.671930368,0.12329354205503316,0.26305967099126376,4.382754104795958,0.01,1.0,,,
8920,3.3095703125,0.0,3.3095703125,0.0003147470398277718,0.0001573735199138859,97231.66989637054,4.677173248,0.1388420838064379,0.31480288550006064,4.381430677669359,0.01,1.0,,,
8930,3.3193359375,0.0,3.3193359375,0.00031463939720129174,0.00015731969860064587,97232.38534786884,4.682416128,0.18437935109169853,0.4616705415586953,4.380106043140691,0.01,1.0,,,
8940,3.3681640625,0.0,3.3681640625,0.00031453175457481165,0.00015726587728740583,97229.77304900292,4.687659008,0.2503889122891853,0.42290935373493516,4.378780202107753,0.01,1.0,,,
8950,2.7177734375,0.0,2.7177734375,0.00031442411194833157,0.00015721205597416578,97228.57840244951,4.692901888,0.1474800071674743,0.4537730427484305,4.377453155469161,0.01,1.0,,,
8960,2.03125,0.0,2.03125,0.0003143164693218515,0.00015715823466092574,97228.49052012964,4.698144768,0.5645548736436419,0.8066919494831348,4.3761249041243495,0.01,1.0,,,
8970,2.810546875,0.0,2.810546875,0.00031420882669537135,0.00015710441334768567,97229.85500013211,4.703387648,0.3493419574039515,0.691040067500704,4.374795448973568,0.01,1.0,,,
8980,3.267578125,0.0,3.267578125,0.0003141011840688913,0.00015705059203444566,97231.44184786029,4.708630528,0.11632970614307653,0.2892781004573446,4.373464790917884,0.01,1.0,,,
8990,3.34765625,0.0,3.34765625,0.0003139935414424112,0.0001569967707212056,97231.76041707293,4.713873408,0.10952793572569038,0.2588134445985127,4.372132930859178,0.01,1.0,,,
9000,3.3486328125,0.0,3.3486328125,0.00031388589881593116,0.00015694294940796558,97233.1194003583,4.719116288,0.12674638609904446,0.30708049576793317,4.370799869700146,0.01,1.0,,,
9000,,,,,,,,,,,,,0.0,0.0,0.0
9010,2.888671875,0.0,2.888671875,0.000313778256189451,0.0001568891280947255,97213.37815785604,4.724359168,0.23356458524886886,0.21921514634688838,4.3694656083442975,0.01,1.0,,,
9020,2.9580078125,0.0,2.9580078125,0.00031367061356297094,0.00015683530678148547,97212.88725798596,4.729602048,0.3005366422607588,0.3095461875003897,4.368130147695958,0.01,1.0,,,
9030,3.33984375,0.0,3.33984375,0.00031356297093649085,0.00015678148546824543,97214.52128975891,4.734844928,0.13231886060012604,0.3242274215533483,4.366793488660263,0.01,1.0,,,
9040,3.1435546875,0.0,3.1435546875,0.00031345532831001077,0.00015672766415500538,97215.17604292874,4.740087808,0.11382632520408241,0.24519237694340382,4.365455632143162,0.01,1.0,,,
9050,2.751953125,0.0,2.751953125,0.0003133476856835307,0.00015667384284176534,97215.58307137933,4.745330688,0.23202714159438628,0.2992858719692777,4.364116579051413,0.01,1.0,,,
9060,2.37109375,0.0,2.37109375,0.0003132400430570506,0.0001566200215285253,97217.06138693984,4.750573568,0.17384367035203313,0.4107094049887315,4.36277633029259,0.01,1.0,,,
9070,3.3330078125,0.0,3.3330078125,0.0003131324004305705,0.00015656620021528526,97216.32851283172,4.755816448,0.14276462025314782,0.22749782051594244,4.361434886775074,0.01,1.0,,,
9080,3.3740234375,0.0,3.3740234375,0.00031302475780409044,0.00015651237890204522,97216.20078445476,4.761059328,0.12871340466153558,0.25846313915785274,4.360092249408056,0.01,1.0,,,
9090,2.7255859375,0.0,2.7255859375,0.00031291711517761035,0.00015645855758880518,97217.61773435156,4.766302208,0.1881503235049495,0.5842383423162822,4.358748419101538,0.01,1.0,,,
9100,3.4970703125,0.0,3.4970703125,0.00031280947255113027,0.00015640473627556514,97217.07672181202,4.771545088,0.17962369775579004,0.35887393132530304,4.357403396766326,0.01,1.0,,,
9110,3.291015625,0.0,3.291015625,0.0003127018299246502,0.0001563509149623251,97216.90227556067,4.776787968,0.12875863604668936,0.21168761519124396,4.356057183314041,0.01,1.0,,,
9120,2.9111328125,0.0,2.9111328125,0.0003125941872981701,0.00015629709364908505,97218.43153321274,4.782030848,0.24957042129877038,0.2837411530680768,4.354709779657106,0.01,1.0,,,
9130,3.3994140625,0.0,3.3994140625,0.00031248654467168997,0.00015624327233584498,97218.96503275084,4.787273728,0.33615679030944373,0.3543415218611653,4.353361186708751,0.01,1.0,,,
9140,3.341796875,0.0,3.341796875,0.00031237890204520994,0.00015618945102260497,97218.93805631371,4.792516608,0.18222341289789912,0.2890357510274947,4.352011405383015,0.01,1.0,,,
9150,1.900390625,0.0,1.900390625,0.00031227125941872986,0.00015613562970936493,97216.36723948397,4.797759488,0.20887176722923906,0.21552481704266865,4.3506604365947394,0.01,1.0,,,
9160,2.30419921875,0.0,2.30419921875,0.0003121636167922497,0.00015608180839612486,97217.89787015226,4.803002368,0.25056777064324653,0.42336296106654087,4.349308281259573,0.01,1.0,,,
9170,3.33984375,0.0,3.33984375,0.00031205597416576964,0.00015602798708288482,97219.44553721858,4.808245248,0.12919963981274493,0.2852697163284233,4.347954940293966,0.01,1.0,,,
9180,2.07568359375,0.0,2.07568359375,0.00031194833153928955,0.00015597416576964478,97220.16880408411,4.813488128,0.4566304694957997,0.30247758817811565,4.346600414615174,0.01,1.0,,,
9190,3.2587890625,0.0,3.2587890625,0.0003118406889128095,0.00015592034445640476,97221.2252520601,4.818731008,0.12320514085242384,0.2966651659854103,4.345244705141256,0.01,1.0,,,
9200,2.9228515625,0.0,2.9228515625,0.0003117330462863294,0.0001558665231431647,97222.65917587567,4.823973888,0.280217646663176,0.38316158190290833,4.343887812791071,0.01,1.0,,,
9210,2.7255859375,0.0,2.7255859375,0.0003116254036598493,0.00015581270182992465,97222.9947708867,4.829216768,0.24995867758213985,0.5779052892222584,4.342529738484283,0.01,1.0,,,
9220,3.3837890625,0.0,3.3837890625,0.0003115177610333692,0.0001557588805166846,97221.7076608432,4.834459648,0.1805439693109007,0.31578105873801815,4.341170483141356,0.01,1.0,,,
9230,3.416015625,0.0,3.416015625,0.00031141011840688914,0.00015570505920344457,97223.26374104778,4.839702528,0.16922468169407887,0.3321861698804173,4.339810047683551,0.01,1.0,,,
9240,3.337890625,0.0,3.337890625,0.00031130247578040906,0.00015565123789020453,97224.79719652845,4.844945408,0.1599642253101176,0.44742743206339153,4.338448433032934,0.01,1.0,,,
9250,3.302734375,0.0,3.302734375,0.0003111948331539289,0.00015559741657696446,97226.2995110216,4.850188288,0.11335686284346164,0.1892465236711129,4.337085640112368,0.01,1.0,,,
9260,3.0048828125,0.0,3.0048828125,0.0003110871905274489,0.00015554359526372445,97226.12064130233,4.855431168,0.17325960345458416,0.5855052525840354,4.335721669845513,0.01,1.0,,,
9270,3.283203125,0.0,3.283203125,0.0003109795479009688,0.0001554897739504844,97227.65649168922,4.860674048,0.15878756692046705,0.29464046286468404,4.3343565231568295,0.01,1.0,,,
9280,3.2548828125,0.0,3.2548828125,0.0003108719052744887,0.00015543595263724436,97229.19387860493,4.865916928,0.2105571536424075,0.4842956982020973,4.332990200971574,0.01,1.0,,,
9290,1.9169921875,0.0,1.9169921875,0.00031076426264800864,0.00015538213132400432,97230.1793816164,4.871159808,0.21298486511750114,0.2899499679307067,4.331622704215801,0.01,1.0,,,
9300,3.404296875,0.0,3.404296875,0.00031065662002152856,0.00015532831001076428,97231.39032535005,4.876402688,0.15350832917738214,0.7171559350908314,4.330254033816359,0.01,1.0,,,
9310,1.78759765625,0.0,1.78759765625,0.0003105489773950485,0.00015527448869752424,97224.36410666084,4.881645568,0.462095601618314,0.36824681037196877,4.328884190700893,0.01,1.0,,,
9320,2.826171875,0.0,2.826171875,0.00031044133476856834,0.00015522066738428417,97223.28972992391,4.886888448,0.16360534994989895,0.30983243672968286,4.327513175797844,0.01,1.0,,,
9330,1.010009765625,0.0,1.010009765625,0.0003103336921420883,0.00015516684607104416,97222.91015522926,4.892131328,0.634879754900763,0.7722328755746477,4.3261409900364445,0.01,1.0,,,
9340,2.939453125,0.0,2.939453125,0.0003102260495156082,0.0001551130247578041,97224.40123468354,4.897374208,0.18053548649810902,0.4188954789800948,4.324767634346725,0.01,1.0,,,
9350,1.62109375,0.0,1.62109375,0.00031011840688912815,0.00015505920344456407,97225.93090599694,4.902617088,0.21468394692902099,0.24555971626680093,4.323393109659504,0.01,1.0,,,
9360,3.2939453125,0.0,3.2939453125,0.000310010764262648,0.000155005382131324,97223.76383459783,4.907859968,0.20465695566999823,0.382741094489005,4.3220174169063945,0.01,1.0,,,
9370,3.3466796875,0.0,3.3466796875,0.0003099031216361679,0.00015495156081808396,97225.29168667427,4.913102848,0.1426123012310308,0.20314829865447803,4.320640557019802,0.01,1.0,,,
9380,2.8671875,0.0,2.8671875,0.00030979547900968784,0.00015489773950484392,97226.80892962277,4.918345728,0.1588200504112988,0.27127430506319733,4.319262530932923,0.01,1.0,,,
9390,3.3603515625,0.0,3.3603515625,0.00030968783638320776,0.00015484391819160388,97225.1756697891,4.923588608,0.1100556091634597,0.37046240881220055,4.317883339579741,0.01,1.0,,,
9400,3.30078125,0.0,3.30078125,0.0003095801937567277,0.00015479009687836384,97226.48210384526,4.928831488,0.1084933949055664,0.13915201452933662,4.316502983895035,0.01,1.0,,,
9410,2.80078125,0.0,2.80078125,0.0003094725511302476,0.0001547362755651238,97227.56653393131,4.934074368,0.1707198637607777,0.6041056275383866,4.315121464814367,0.01,1.0,,,
9420,3.2998046875,0.0,3.2998046875,0.0003093649085037675,0.00015468245425188376,97229.10744893909,4.939317248,0.19991989445904068,0.522461002716426,4.313738783274092,0.01,1.0,,,
9430,2.6396484375,0.0,2.6396484375,0.00030925726587728743,0.00015462863293864371,97230.57095497158,4.944560128,0.16138701441326364,0.25467640963286026,4.312354940211352,0.01,1.0,,,
9440,3.34375,0.0,3.34375,0.00030914962325080735,0.00015457481162540367,97232.09631223323,4.949803008,0.11007964911892595,0.36426564108689735,4.310969936564076,0.01,1.0,,,
9450,3.3466796875,0.0,3.3466796875,0.00030904198062432726,0.00015452099031216363,97233.6120709536,4.955045888,0.18066764350930248,0.35709998320360486,4.309583773270978,0.01,1.0,,,
9460,2.66357421875,0.0,2.66357421875,0.0003089343379978471,0.00015446716899892356,97234.32792313716,4.960288768,0.2128466997813078,0.26122333371196377,4.30819645127156,0.01,1.0,,,
9470,3.2353515625,0.0,3.2353515625,0.0003088266953713671,0.00015441334768568355,97233.57756087033,4.965531648,0.12069686381642294,0.24173021450624524,4.3068079715061085,0.01,1.0,,,
9480,2.8505859375,0.0,2.8505859375,0.000308719052744887,0.0001543595263724435,97232.29540236747,4.970774528,0.17187006503934305,0.29220139191583683,4.305418334915695,0.01,1.0,,,
9490,3.3720703125,0.0,3.3720703125,0.00030861141011840693,0.00015430570505920347,97233.55552941358,4.976017408,0.14881201459181345,0.344442302081416,4.304027542442174,0.01,1.0,,,
9500,2.5234375,0.0,2.5234375,0.0003085037674919268,0.0001542518837459634,97234.89479586593,4.981260288,0.2008055713361532,0.35471978446622177,4.302635595028186,0.01,1.0,,,
9500,,,,,,,,,,,,,0.0,0.0,0.0
9510,3.4072265625,0.0,3.4072265625,0.0003083961248654467,0.00015419806243272336,97235.99502737516,4.986503168,0.11707760691840474,0.18745689317070452,4.301242493617152,0.01,1.0,,,
9520,3.3369140625,0.0,3.3369140625,0.0003082884822389667,0.00015414424111948334,97234.07526126732,4.991746048,0.12939956306518982,0.2855793558492223,4.299848239153275,0.01,1.0,,,
9530,2.72265625,0.0,2.72265625,0.00030818083961248654,0.00015409041980624327,97232.77560593223,4.996988928,0.1503194059791481,0.2649279979163587,4.29845283258154,0.01,1.0,,,
9540,3.3310546875,0.0,3.3310546875,0.00030807319698600646,0.00015403659849300323,97234.19642056251,5.002231808,0.11890398381049117,0.25464481449350307,4.297056274847714,0.01,1.0,,,
9550,3.0615234375,0.0,3.0615234375,0.0003079655543595264,0.0001539827771797632,97234.55953039549,5.007474688,0.15343783513846784,0.6359230552781159,4.295658566898344,0.01,1.0,,,
9560,3.357421875,0.0,3.357421875,0.0003078579117330463,0.00015392895586652315,97231.67090221649,5.012717568,0.1411271524310838,0.42330257761662177,4.294259709680754,0.01,1.0,,,
9570,2.7275390625,0.0,2.7275390625,0.0003077502691065662,0.0001538751345532831,97231.19463258862,5.017960448,0.18045272019650802,0.3467510913262511,4.2928597041430505,0.01,1.0,,,
9580,3.345703125,0.0,3.345703125,0.00030764262648008613,0.00015382131324004307,97231.68834631456,5.023203328,0.12889055106407213,0.25150895840735116,4.291458551234116,0.01,1.0,,,
9590,2.26611328125,0.0,2.26611328125,0.00030753498385360605,0.00015376749192680302,97233.06076291532,5.028446208,0.369292174984685,0.27889909756097514,4.290056251903612,0.01,1.0,,,
9600,2.0771484375,0.0,2.0771484375,0.00030742734122712596,0.00015371367061356298,97233.28303679862,5.033689088,0.2824285013103362,0.3439321149070786,4.2886528071019745,0.01,1.0,,,
9610,3.3193359375,0.0,3.3193359375,0.0003073196986006459,0.00015365984930032294,97232.42245841234,5.038931968,0.10945328578636603,0.15890133690005007,4.287248217780419,0.01,1.0,,,
9620,3.310546875,0.0,3.310546875,0.00030721205597416574,0.00015360602798708287,97233.89864855778,5.044174848,0.17456005674594316,0.3010897780445294,4.285842484890937,0.01,1.0,,,
9630,3.4375,0.0,3.4375,0.0003071044133476857,0.00015355220667384286,97234.3601525906,5.049417728,0.17085691115010174,0.2419986035483487,4.284435609386291,0.01,1.0,,,
9640,2.609375,0.0,2.609375,0.00030699677072120563,0.00015349838536060282,97234.75461123747,5.054660608,0.19149223125519896,0.36151290540180964,4.283027592220021,0.01,1.0,,,
9650,2.44873046875,0.0,2.44873046875,0.0003068891280947255,0.00015344456404736275,97234.04196420575,5.059903488,0.2538094628603153,0.4873400229297501,4.281618434346441,0.01,1.0,,,
9660,3.431640625,0.0,3.431640625,0.00030678148546824547,0.00015339074273412273,97228.674254161,5.065146368,0.2915499574373014,0.40650286300789545,4.280208136720637,0.01,1.0,,,
9670,3.2587890625,0.0,3.2587890625,0.00030667384284176533,0.00015333692142088267,97225.87635308593,5.070389248,0.10482910613001745,0.19804282551551985,4.278796700298467,0.01,1.0,,,
9680,3.3271484375,0.0,3.3271484375,0.0003065662002152853,0.00015328310010764265,97227.34209675618,5.075632128,0.10179386530160801,0.2190865305600323,4.277384126036563,0.01,1.0,,,
9690,2.822265625,0.0,2.822265625,0.00030645855758880516,0.00015322927879440258,97227.97722397477,5.080875008,0.15826379572819355,0.23296053584203644,4.275970414892326,0.01,1.0,,,
9700,2.1767578125,0.0,2.1767578125,0.0003063509149623251,0.00015317545748116254,97229.41189646156,5.086117888,0.3661437403307603,0.2613993206047881,4.2745555678239295,0.01,1.0,,,
9710,1.72509765625,0.0,1.72509765625,0.000306243272335845,0.0001531216361679225,97229.56973928527,5.091360768,0.2384140025948932,0.44467824355439217,4.2731395857903145,0.01,1.0,,,
9720,1.9248046875,0.0,1.9248046875,0.0003061356297093649,0.00015306781485468246,97230.27546394177,5.096603648,0.3397022727497302,0.8548445475260321,4.271722469751193,0.01,1.0,,,
9730,2.0009765625,0.0,2.0009765625,0.00030602798708288483,0.00015301399354144242,97229.29851779493,5.101846528,0.18098631834272974,0.4009824649504526,4.270304220667045,0.01,1.0,,,
9740,3.3798828125,0.0,3.3798828125,0.00030592034445640475,0.00015296017222820237,97230.72107842118,5.107089408,0.1526777304705206,0.25913680058359384,4.26888483949912,0.01,1.0,,,
9750,3.2900390625,0.0,3.2900390625,0.00030581270182992467,0.00015290635091496233,97231.94100433632,5.112332288,0.1602009372609044,0.6926111511934883,4.2674643272094315,0.01,1.0,,,
9760,3.2724609375,0.0,3.2724609375,0.0003057050592034446,0.0001528525296017223,97233.38295396627,5.117575168,0.1408867345937199,0.3089338779418787,4.266042684760762,0.01,1.0,,,
9770,1.93359375,0.0,1.93359375,0.0003055974165769645,0.00015279870828848225,97234.02457900341,5.122818048,0.26753221216430084,0.33153194187670304,4.264619913116661,0.01,1.0,,,
9780,2.04345703125,0.0,2.04345703125,0.0003054897739504844,0.0001527448869752422,97235.44316346105,5.128060928,0.2349973651250311,0.3765484040867408,4.26319601324144,0.01,1.0,,,
9790,1.99658203125,0.0,1.99658203125,0.0003053821313240043,0.00015269106566200214,97236.86394422164,5.133303808,0.2576566796715178,0.3598532095437671,4.261770986100178,0.01,1.0,,,
9800,2.7568359375,0.0,2.7568359375,0.00030527448869752425,0.00015263724434876213,97238.28392860248,5.138546688,0.17502281502029693,0.4336031755086472,4.260344832658717,0.01,1.0,,,
9810,3.421875,0.0,3.421875,0.0003051668460710441,0.00015258342303552206,97239.61985923737,5.143789568,0.13356112049451008,0.25277736937406314,4.258917553883663,0.01,1.0,,,
9820,3.388671875,0.0,3.388671875,0.0003050592034445641,0.00015252960172228204,97238.19752106426,5.149032448,0.18033899634623587,0.2933479782906218,4.257489150742383,0.01,1.0,,,
9830,1.748046875,0.0,1.748046875,0.00030495156081808395,0.00015247578040904197,97228.25758771032,5.154275328,0.14771279631998885,0.4017216039158518,4.256059624203007,0.01,1.0,,,
9840,3.42578125,0.0,3.42578125,0.0003048439181916039,0.00015242195909580196,97229.68956429929,5.159518208,0.13815290042397238,0.2554525426686602,4.254628975234429,0.01,1.0,,,
9850,3.4326171875,0.0,3.4326171875,0.00030473627556512384,0.00015236813778256192,97231.10249162996,5.164761088,0.142740454018708,0.3002137640003646,4.253197204806298,0.01,1.0,,,
9860,2.69287109375,0.0,2.69287109375,0.0003046286329386437,0.00015231431646932185,97229.21765550843,5.170003968,0.18271113829757743,0.48679495619658053,4.25176431388903,0.01,1.0,,,
9870,3.392578125,0.0,3.392578125,0.0003045209903121636,0.0001522604951560818,97229.22660907736,5.175246848,0.10654915570620523,0.17966848382056522,4.2503303034537945,0.01,1.0,,,
9880,2.8681640625,0.0,2.8681640625,0.00030441334768568354,0.00015220667384284177,97222.55861518318,5.180489728,0.15453675655902718,0.36316730752237236,4.248895174472524,0.01,1.0,,,
9890,2.640625,0.0,2.640625,0.0003043057050592035,0.00015215285252960175,97224.03336664061,5.185732608,0.12677431749548282,0.20090709011372204,4.247458927917905,0.01,1.0,,,
9900,3.2744140625,0.0,3.2744140625,0.00030419806243272337,0.00015209903121636168,97225.19784420013,5.190975488,0.0986939275391588,0.28634545871370126,4.246021564763385,0.01,1.0,,,
9910,2.6298828125,0.0,2.6298828125,0.0003040904198062433,0.00015204520990312164,97223.76447651288,5.196218368,0.1600270868887447,0.22198114721171028,4.244583085983168,0.01,1.0,,,
9920,2.0380859375,0.0,2.0380859375,0.0003039827771797632,0.0001519913885898816,97224.32123081245,5.201461248,0.2536700750477645,0.28162889667200114,4.243143492552211,0.01,1.0,,,
9930,3.2490234375,0.0,3.2490234375,0.0003038751345532831,0.00015193756727664156,97224.32104683526,5.206704128,0.1611092788458105,0.34577610059574104,4.241702785446232,0.01,1.0,,,
9940,2.7705078125,0.0,2.7705078125,0.00030376749192680304,0.00015188374596340152,97225.74315410292,5.211947008,0.2242028399865117,0.3070139258233135,4.240260965641697,0.01,1.0,,,
9950,3.359375,0.0,3.359375,0.0003036598493003229,0.00015182992465016145,97227.16616756121,5.217189888,0.19166794792604447,0.3753052452227792,4.238818034115832,0.01,1.0,,,
9960,3.2353515625,0.0,3.2353515625,0.00030355220667384287,0.00015177610333692144,97228.57985379314,5.222432768,0.17903342761356336,0.4410444068509095,4.237373991846613,0.01,1.0,,,
9970,3.2666015625,0.0,3.2666015625,0.0003034445640473628,0.0001517222820236814,97228.0419213525,5.227675648,0.13022833528539843,0.412578202526755,4.23592883981277,0.01,1.0,,,
9980,3.224609375,0.0,3.224609375,0.0003033369214208827,0.00015166846071044135,97224.81012693692,5.232918528,0.1040468299595721,0.21747611878437254,4.234482578993786,0.01,1.0,,,
9990,3.263671875,0.0,3.263671875,0.00030322927879440257,0.00015161463939720128,97226.27632092852,5.238161408,0.11945494207874283,0.3192302845323805,4.233035210369894,0.01,1.0,,,
10000,3.330078125,0.0,3.330078125,0.0003031216361679225,0.00015156081808396124,97221.90994891872,5.243404288,0.1438658092219243,0.3092122767039269,4.231586734922079,0.01,1.0,,,
10000,,,,,,,,,,,,,0.0,0.0,0.0
10010,2.8916015625,0.0,2.8916015625,0.00030301399354144246,0.00015150699677072123,97207.14467207514,5.248647168,0.12186950125366959,0.20423193200385498,4.230137153632075,0.01,1.0,,,
10020,2.8291015625,0.0,2.8291015625,0.0003029063509149623,0.00015145317545748116,97207.74170789111,5.253890048,0.20066399575389662,0.46760125023357263,4.228686467482366,0.01,1.0,,,
10030,3.208984375,0.0,3.208984375,0.0003027987082884823,0.00015139935414424115,97202.34935531334,5.259132928,0.1584422881944883,0.41266062742660026,4.227234677456186,0.01,1.0,,,
10040,3.232421875,0.0,3.232421875,0.00030269106566200215,0.00015134553283100108,97201.66044156859,5.264375808,0.1821625117349612,0.46999420112042894,4.225781784537517,0.01,1.0,,,
10050,3.5390625,0.0,3.5390625,0.00030258342303552207,0.00015129171151776104,97199.47575682138,5.269618688,0.22390383615103887,0.3696588501838577,4.224327789711085,0.01,1.0,,,
10060,3.3896484375,0.0,3.3896484375,0.000302475780409042,0.000151237890204521,97198.39374166648,5.274861568,0.11880674117631994,0.39736324667136735,4.222872693962366,0.01,1.0,,,
10070,3.2138671875,0.0,3.2138671875,0.0003023681377825619,0.00015118406889128095,97199.85991624325,5.280104448,0.12408593549839639,0.22475647543677404,4.221416498277585,0.01,1.0,,,
10080,3.236328125,0.0,3.236328125,0.0003022604951560818,0.0001511302475780409,97200.25232205003,5.285347328,0.1111238051523574,0.1958446399708691,4.219959203643706,0.01,1.0,,,
10090,3.33203125,0.0,3.33203125,0.00030215285252960174,0.00015107642626480087,97194.78849000762,5.290590208,0.10808052270707857,0.1905272316471895,4.218500811048441,0.01,1.0,,,
10100,2.9189453125,0.0,2.9189453125,0.00030204520990312166,0.00015102260495156083,97192.84811072648,5.295833088,0.10861771120994186,0.31427264097901875,4.217041321480248,0.01,1.0,,,
10110,3.365234375,0.0,3.365234375,0.0003019375672766416,0.0001509687836383208,97194.16254453342,5.301075968,0.1493715895759453,0.28094796387372356,4.2155807359283255,0.01,1.0,,,
10120,2.947265625,0.0,2.947265625,0.0003018299246501615,0.00015091496232508075,97195.59040667863,5.306318848,0.1275591942426864,0.24240735671557323,4.214119055382617,0.01,1.0,,,
10130,1.99267578125,0.0,1.99267578125,0.0003017222820236814,0.0001508611410118407,97196.62040299084,5.311561728,0.2302907231739785,0.25374524300817963,4.212656280833806,0.01,1.0,,,
10140,2.5703125,0.0,2.5703125,0.00030161463939720127,0.00015080731969860064,97194.15907748505,5.316804608,0.30839564055850044,0.2942119795915611,4.211192413273319,0.01,1.0,,,
10150,3.357421875,0.0,3.357421875,0.00030150699677072124,0.00015075349838536062,97195.32181777777,5.322047488,0.2392749659388824,0.28875380677924156,4.209727453693324,0.01,1.0,,,
10160,3.357421875,0.0,3.357421875,0.0003013993541442411,0.00015069967707212055,97195.82095350401,5.327290368,0.13160296489743345,0.2182310664981733,4.208261403086727,0.01,1.0,,,
10170,2.716796875,0.0,2.716796875,0.0003012917115177611,0.00015064585575888054,97194.26858549696,5.332533248,0.20151112200730922,0.35595610391079946,4.2067942624471755,0.01,1.0,,,
10180,3.361328125,0.0,3.361328125,0.00030118406889128094,0.00015059203444564047,97186.4061781362,5.337776128,0.15354884795573742,0.2522963431324748,4.2053260327690545,0.01,1.0,,,
10190,3.26953125,0.0,3.26953125,0.00030107642626480086,0.00015053821313240043,97187.83752292232,5.343019008,0.108085703100241,0.2337358274243617,4.203856715047487,0.01,1.0,,,
10200,3.2763671875,0.0,3.2763671875,0.0003009687836383208,0.0001504843918191604,97187.58805213046,5.348261888,0.09868592537714646,0.173431820634867,4.202386310278334,0.01,1.0,,,
10210,1.91943359375,0.0,1.91943359375,0.0003008611410118407,0.00015043057050592035,97178.14462357895,5.353504768,0.257165474074392,0.28962236594182356,4.200914819458195,0.01,1.0,,,
10220,3.27734375,0.0,3.27734375,0.00030075349838536066,0.00015037674919268033,97177.02261376023,5.358747648,0.11070947472917164,0.12130847865755173,4.199442243584401,0.01,1.0,,,
10230,3.3955078125,0.0,3.3955078125,0.0003006458557588805,0.00015032292787944026,97178.10793602305,5.363990528,0.16425628593162073,0.286688362990196,4.197968583655023,0.01,1.0,,,
10240,2.6650390625,0.0,2.6650390625,0.00030053821313240044,0.00015026910656620022,97179.29348847938,5.369233408,0.14487239616592643,0.25796359875308295,4.1964938406688646,0.01,1.0,,,
10250,3.3896484375,0.0,3.3896484375,0.00030043057050592036,0.00015021528525296018,97180.73224807737,5.374476288,0.1184382873217747,0.3710964136721899,4.195018015625465,0.01,1.0,,,
10260,2.55322265625,0.0,2.55322265625,0.0003003229278794403,0.00015016146393972014,97176.33351709461,5.379719168,0.17909847444446134,0.25275711428024805,4.193541109525094,0.01,1.0,,,
10270,3.3896484375,0.0,3.3896484375,0.0003002152852529602,0.0001501076426264801,97177.72359762163,5.384962048,0.11189731153925624,0.35853402556049424,4.192063123368755,0.01,1.0,,,
10280,3.3193359375,0.0,3.3193359375,0.00030010764262648006,0.00015005382131324003,97178.86387451198,5.390204928,0.15514048303818687,0.5312077092893126,4.190584058158187,0.01,1.0,,,
10290,2.7626953125,0.0,2.7626953125,0.00030000000000000003,0.00015000000000000001,97180.25567616866,5.395447808,0.15078511476088244,0.21597406371230163,4.189103914895855,0.01,1.0,,,
10300,3.2294921875,0.0,3.2294921875,0.00029989235737351995,0.00014994617868675997,97178.50962367111,5.400690688,0.11947447944868075,0.2694727775161679,4.187622694584959,0.01,1.0,,,
10310,3.3310546875,0.0,3.3310546875,0.00029978471474703986,0.00014989235737351993,97179.01418142153,5.405933568,0.14381237072799696,0.3185984238612405,4.186140398229425,0.01,1.0,,,
10320,1.58154296875,0.0,1.58154296875,0.0002996770721205597,0.00014983853606027986,97180.39155447543,5.411176448,0.2186951499780363,0.35003990095389187,4.184657026833913,0.01,1.0,,,
10330,2.20751953125,0.0,2.20751953125,0.00029956942949407964,0.00014978471474703982,97177.52266166496,5.416419328,0.4410601753950595,0.3893035379547648,4.183172581403808,0.01,1.0,,,
10340,3.25,0.0,3.25,0.0002994617868675996,0.0001497308934337998,97178.83906097086,5.421662208,0.11500635750823493,0.24799788303893527,4.181687062945223,0.01,1.0,,,
10350,3.3212890625,0.0,3.3212890625,0.0002993541442411195,0.00014967707212055974,97180.22629915574,5.426905088,0.11466310392261098,0.22665952169328657,4.1802004724650015,0.01,1.0,,,
10360,3.2666015625,0.0,3.2666015625,0.0002992465016146394,0.0001496232508073197,97181.61901516287,5.432147968,0.09648604394323858,0.1964837921190323,4.17871281097071,0.01,1.0,,,
10370,1.96923828125,0.0,1.96923828125,0.0002991388589881593,0.00014956942949407966,97182.2055528564,5.437390848,0.43583291668730634,0.34761617639802467,4.177224079470643,0.01,1.0,,,
10380,3.24609375,0.0,3.24609375,0.0002990312163616793,0.00014951560818083964,97183.20824962403,5.442633728,0.13363055821038722,0.30730433155162146,4.175734278973818,0.01,1.0,,,
10390,3.2509765625,0.0,3.2509765625,0.00029892357373519914,0.00014946178686759957,97184.60918322252,5.447876608,0.1223027245671442,0.27383137851606476,4.17424341048998,0.01,1.0,,,
10400,3.3125,0.0,3.3125,0.00029881593110871906,0.00014940796555435953,97185.63940790453,5.453119488,0.16840288443252288,0.3822936505770535,4.172751475029598,0.01,1.0,,,
10410,3.298828125,0.0,3.298828125,0.000298708288482239,0.0001493541442411195,97184.47193410265,5.458362368,0.14737542746529478,0.25670719826182575,4.171258473603859,0.01,1.0,,,
10420,3.70947265625,0.0,3.70947265625,0.0002986006458557589,0.00014930032292787945,97185.9092276287,5.463605248,0.6012797364767151,0.43778599675468666,4.169764407224679,0.01,1.0,,,
10430,2.755859375,0.0,2.755859375,0.0002984930032292788,0.0001492465016146394,97186.29874698642,5.468848128,0.18562474426023623,0.7061445081975233,4.168269276904691,0.01,1.0,,,
10440,3.322265625,0.0,3.322265625,0.0002983853606027987,0.00014919268030139934,97186.70418168919,5.474091008,0.178203760108933,0.5120729520506102,4.166773083657252,0.01,1.0,,,
10450,3.2041015625,0.0,3.2041015625,0.00029827771797631865,0.00014913885898815932,97187.86348214671,5.479333888,0.11681561091741659,0.49789320687490946,4.165275828496438,0.01,1.0,,,
10460,3.3115234375,0.0,3.3115234375,0.00029817007534983856,0.00014908503767491928,97187.76594916897,5.484576768,0.12076758687893087,0.4438064911994829,4.163777512437046,0.01,1.0,,,
10470,1.79833984375,0.0,1.79833984375,0.00029806243272335843,0.00014903121636167921,97186.27718117867,5.489819648,0.16791390289393746,0.48736950175996685,4.1622781364945896,0.01,1.0,,,
10480,1.966796875,0.0,1.966796875,0.0002979547900968784,0.0001489773950484392,97187.63259410289,5.495062528,0.2915135891225307,0.2843367090748545,4.160777701685304,0.01,1.0,,,
10490,1.888671875,0.0,1.888671875,0.00029784714747039826,0.00014892357373519913,97186.70413141327,5.500305408,0.1408530203335889,0.3731461130139756,4.159276209026139,0.01,1.0,,,
10500,2.5615234375,0.0,2.5615234375,0.00029773950484391823,0.00014886975242195912,97187.60900234572,5.505548288,0.21118970479266638,0.3455283870688711,4.157773659534764,0.01,1.0,,,
10500,,,,,,,,,,,,,0.0,0.0,0.0
10510,3.2802734375,0.0,3.2802734375,0.00029763186221743815,0.00014881593110871908,97186.92550382546,5.510791168,0.13707504308469154,0.4051065216008261,4.156270054229562,0.01,1.0,,,
10520,3.3955078125,0.0,3.3955078125,0.00029752421959095807,0.00014876210979547903,97186.94635776087,5.516034048,0.11111194633366478,0.2682627484099127,4.154765394129636,0.01,1.0,,,
10530,3.3388671875,0.0,3.3388671875,0.00029741657696447793,0.00014870828848223897,97188.32483351738,5.521276928,0.17214139932303502,0.48123747858029003,4.153259680254798,0.01,1.0,,,
10540,3.2783203125,0.0,3.2783203125,0.00029730893433799785,0.00014865446716899892,97189.2409701679,5.526519808,0.2078411647701259,0.5043279643189915,4.151752913625577,0.01,1.0,,,
10550,3.2705078125,0.0,3.2705078125,0.0002972012917115178,0.0001486006458557589,97190.30777020649,5.531762688,0.13167540875180106,0.2627315231748704,4.150245095263219,0.01,1.0,,,
10560,3.1962890625,0.0,3.1962890625,0.0002970936490850377,0.00014854682454251884,97189.45495003852,5.537005568,0.10312625123615027,0.3061265181774054,4.148736226189676,0.01,1.0,,,
10570,2.8095703125,0.0,2.8095703125,0.0002969860064585576,0.0001484930032292788,97189.61301398413,5.542248448,0.11623337371636265,0.206331522365079,4.147226307427617,0.01,1.0,,,
10580,3.18359375,0.0,3.18359375,0.0002968783638320775,0.00014843918191603876,97189.43700272878,5.547491328,0.1269698754221728,0.16938611527567143,4.145715340000423,0.01,1.0,,,
10590,3.28125,0.0,3.28125,0.00029677072120559743,0.00014838536060279872,97190.23332237692,5.552734208,0.10944378773641451,0.1902219436529857,4.144203324932182,0.01,1.0,,,
10600,1.65478515625,0.0,1.65478515625,0.00029666307857911735,0.00014833153928955867,97187.54823055184,5.557977088,0.19979630234626336,0.3713830156717517,4.142690263247694,0.01,1.0,,,
10610,1.85595703125,0.0,1.85595703125,0.0002965554359526372,0.0001482777179763186,97188.94286526495,5.563219968,0.19532750990889716,0.33824171510589685,4.141176155972469,0.01,1.0,,,
10620,3.193359375,0.0,3.193359375,0.0002964477933261572,0.0001482238966630786,97184.59623026913,5.568462848,0.1207544207637516,0.23634628484401113,4.139661004132725,0.01,1.0,,,
10630,3.2666015625,0.0,3.2666015625,0.0002963401506996771,0.00014817007534983855,97180.67950249335,5.573705728,0.12909467242910624,0.3146119030419972,4.138144808755387,0.01,1.0,,,
10640,2.7294921875,0.0,2.7294921875,0.000296232508073197,0.0001481162540365985,97178.11273513992,5.578948608,0.16539282931622176,0.27384448186642085,4.136627570868089,0.01,1.0,,,
10650,3.2783203125,0.0,3.2783203125,0.0002961248654467169,0.00014806243272335844,97167.69612910642,5.584191488,0.1988172754867986,0.23161857714108844,4.1351092914991705,0.01,1.0,,,
10660,3.2138671875,0.0,3.2138671875,0.00029601722282023685,0.00014800861141011843,97169.01858662123,5.589434368,0.13441683568721516,0.31890119757077146,4.1335899716776785,0.01,1.0,,,
10670,2.08642578125,0.0,2.08642578125,0.00029590958019375677,0.00014795479009687838,97169.92510069188,5.594677248,0.15352799360127345,0.44324430425212663,4.132069612433362,0.01,1.0,,,
10680,3.2216796875,0.0,3.2216796875,0.00029580193756727663,0.00014790096878363832,97171.32455286212,5.599920128,0.19847449329469513,0.319136958647865,4.130548214796678,0.01,1.0,,,
10690,1.9033203125,0.0,1.9033203125,0.00029569429494079655,0.00014784714747039827,97172.12042830639,5.605163008,0.36091780683223834,0.4139949071518695,4.129025779798785,0.01,1.0,,,
10700,3.380859375,0.0,3.380859375,0.00029558665231431647,0.00014779332615715823,97173.48720643028,5.610405888,0.13915740733849088,0.2354255233602304,4.127502308471546,0.01,1.0,,,
10710,3.3857421875,0.0,3.3857421875,0.00029547900968783644,0.00014773950484391822,97174.87695189971,5.615648768,0.1371740272414182,0.33787776415574927,4.125977801847524,0.01,1.0,,,
10720,3.3125,0.0,3.3125,0.0002953713670613563,0.00014768568353067815,97171.47435534175,5.620891648,0.11820012894042795,0.17920687411549782,4.124452260959988,0.01,1.0,,,
10730,3.2890625,0.0,3.2890625,0.0002952637244348762,0.0001476318622174381,97171.89847350126,5.626134528,0.18936659003669667,0.2861021326529043,4.122925686842902,0.01,1.0,,,
10740,3.2578125,0.0,3.2578125,0.00029515608180839614,0.00014757804090419807,97172.83226592858,5.631377408,0.1650402340403998,0.3393257973242181,4.121398080530937,0.01,1.0,,,
10750,3.16015625,0.0,3.16015625,0.00029504843918191605,0.00014752421959095803,97173.81605481249,5.636620288,0.1614728447461762,0.3954694641746264,4.119869443059459,0.01,1.0,,,
10760,3.2451171875,0.0,3.2451171875,0.00029494079655543597,0.00014747039827771798,97174.4406381253,5.641863168,0.11839848010793252,0.20900117249348119,4.118339775464533,0.01,1.0,,,
10770,3.4580078125,0.0,3.4580078125,0.00029483315392895583,0.00014741657696447792,97174.04208965799,5.647106048,0.12069629420096452,0.5821763632815471,4.116809078782926,0.01,1.0,,,
10780,2.033203125,0.0,2.033203125,0.0002947255113024758,0.0001473627556512379,97170.17020482232,5.652348928,0.19827798245297887,0.20458659971391996,4.115277354052096,0.01,1.0,,,
10790,2.7568359375,0.0,2.7568359375,0.0002946178686759957,0.00014730893433799786,97169.18129695412,5.657591808,0.19714205729791787,0.25666113464678725,4.113744602310205,0.01,1.0,,,
10800,1.9111328125,0.0,1.9111328125,0.00029451022604951564,0.00014725511302475782,97169.23593823613,5.662834688,0.7466589890901218,0.6274383823172505,4.112210824596106,0.01,1.0,,,
10810,3.2001953125,0.0,3.2001953125,0.0002944025834230355,0.00014720129171151775,97169.58567795277,5.668077568,0.2772710718641757,0.3652369768283291,4.110676021949351,0.01,1.0,,,
10820,3.279296875,0.0,3.279296875,0.0002942949407965554,0.0001471474703982777,97170.90229393578,5.673320448,0.11679106673102294,0.23277269404612344,4.109140195410181,0.01,1.0,,,
10830,3.40625,0.0,3.40625,0.0002941872981700754,0.0001470936490850377,97172.25194246073,5.678563328,0.10607110750957209,0.1503073311129748,4.1076033460195385,0.01,1.0,,,
10840,3.3232421875,0.0,3.3232421875,0.00029407965554359525,0.00014703982777179763,97173.60833615906,5.683806208,0.14571148548963914,0.31354215858079715,4.106065474819054,0.01,1.0,,,
10850,3.228515625,0.0,3.228515625,0.0002939720129171152,0.0001469860064585576,97174.94144220547,5.689049088,0.13313414786941827,0.23546239337170366,4.104526582851053,0.01,1.0,,,
10860,2.12451171875,0.0,2.12451171875,0.0002938643702906351,0.00014693218514531754,97176.32423342427,5.694291968,0.26892645261126796,0.4119469486650532,4.10298667115855,0.01,1.0,,,
10870,2.77294921875,0.0,2.77294921875,0.000293756727664155,0.0001468783638320775,97177.0554165921,5.699534848,0.14658234478068138,0.4135431212692113,4.101445740785253,0.01,1.0,,,
10880,2.9228515625,0.0,2.9228515625,0.000293649085037675,0.0001468245425188375,97176.32826462024,5.704777728,0.14655610696254612,0.20735716857869232,4.09990379277556,0.01,1.0,,,
10890,3.275390625,0.0,3.275390625,0.00029354144241119484,0.00014677072120559742,97177.67769787073,5.710020608,0.11978914983829854,0.3385448622127204,4.09836082817456,0.01,1.0,,,
10900,3.2626953125,0.0,3.2626953125,0.00029343379978471475,0.00014671689989235738,97177.1904497598,5.715263488,0.1322064754736775,0.29797065336288014,4.096816848028028,0.01,1.0,,,
10910,3.328125,0.0,3.328125,0.00029332615715823467,0.00014666307857911734,97177.841124088,5.720506368,0.15812512296517042,0.4746082685157613,4.095271853382429,0.01,1.0,,,
10920,3.314453125,0.0,3.314453125,0.00029321851453175464,0.00014660925726587732,97179.16454232344,5.725749248,0.10449143410301684,0.3513645375033519,4.093725845284918,0.01,1.0,,,
10930,2.6259765625,0.0,2.6259765625,0.0002931108719052745,0.00014655543595263725,97178.76382013003,5.730992128,0.1871550238057982,0.35948454355769666,4.092178824783332,0.01,1.0,,,
10940,3.259765625,0.0,3.259765625,0.0002930032292787944,0.0001465016146393972,97180.09788448225,5.736235008,0.14983258159747156,0.5550576540796215,4.090630792926196,0.01,1.0,,,
10950,2.701171875,0.0,2.701171875,0.00029289558665231434,0.00014644779332615717,97181.15808817014,5.741477888,0.19642822986644073,0.247176680966455,4.089081750762724,0.01,1.0,,,
10960,2.62109375,0.0,2.62109375,0.00029278794402583426,0.00014639397201291713,97182.44827280441,5.746720768,0.1642641705658856,0.19669080976258105,4.08753169934281,0.01,1.0,,,
10970,2.06689453125,0.0,2.06689453125,0.0002926803013993542,0.0001463401506996771,97183.75722637103,5.751963648,0.20913228709456996,0.2720872903219199,4.085980639717033,0.01,1.0,,,
10980,2.12841796875,0.0,2.12841796875,0.00029257265877287404,0.00014628632938643702,97185.03987675806,5.757206528,0.22156814200635355,0.3252999670004514,4.084428572936659,0.01,1.0,,,
10990,3.26953125,0.0,3.26953125,0.000292465016146394,0.000146232508073197,97181.29116631468,5.762449408,0.11146139956974999,0.2456999463962304,4.082875500053632,0.01,1.0,,,
11000,3.4052734375,0.0,3.4052734375,0.0002923573735199139,0.00014617868675995696,97182.45272408536,5.767692288,0.12003424595257517,0.3693979914852841,4.08132142212058,0.01,1.0,,,
11000,,,,,,,,,,,,,0.0,0.0,0.0
11010,3.3662109375,0.0,3.3662109375,0.0002922497308934338,0.0001461248654467169,97163.67271294324,5.772935168,0.19748897690225353,0.36117621012431156,4.079766340190813,0.01,1.0,,,
11020,3.2197265625,0.0,3.2197265625,0.0002921420882669537,0.00014607104413347685,97165.00118141435,5.778178048,0.1169790668088335,0.21940733157781186,4.078210255318318,0.01,1.0,,,
11030,1.96435546875,0.0,1.96435546875,0.0002920344456404736,0.0001460172228202368,97166.27873999595,5.783420928,0.28326504598169966,0.35420336602439645,4.076653168557766,0.01,1.0,,,
11040,3.2421875,0.0,3.2421875,0.0002919268030139936,0.0001459634015069968,97167.58314734811,5.788663808,0.11639742274448926,0.2835798948862803,4.0750950809645055,0.01,1.0,,,
11050,3.2509765625,0.0,3.2509765625,0.00029181916038751346,0.00014590958019375673,97168.90659722599,5.793906688,0.15850640631493168,0.3133338995776752,4.073535993594563,0.01,1.0,,,
11060,3.166015625,0.0,3.166015625,0.0002917115177610334,0.0001458557588805167,97169.21528350504,5.799149568,0.12155936901430003,0.21181375215093248,4.071975907504641,0.01,1.0,,,
11070,1.93505859375,0.0,1.93505859375,0.0002916038751345533,0.00014580193756727665,97170.38415361848,5.804392448,0.44352786919585335,0.4680443669515925,4.070414823752123,0.01,1.0,,,
11080,2.642578125,0.0,2.642578125,0.0002914962325080732,0.0001457481162540366,97171.5073361859,5.809635328,0.21270803617600842,0.512776103482597,4.068852743395066,0.01,1.0,,,
11090,1.86962890625,0.0,1.86962890625,0.0002913885898815931,0.00014569429494079656,97172.32347632055,5.814878208,0.5393891803873333,0.7815303537880819,4.067289667492201,0.01,1.0,,,
11100,1.41015625,0.0,1.41015625,0.000291280947255113,0.0001456404736275565,97172.40363576236,5.820121088,0.2924688937897932,0.4379009893817586,4.065725597102937,0.01,1.0,,,
11110,3.1884765625,0.0,3.1884765625,0.00029117330462863296,0.00014558665231431648,97173.72639254249,5.825363968,0.12374107285617772,0.25719503925805826,4.064160533287355,0.01,1.0,,,
11120,3.388671875,0.0,3.388671875,0.0002910656620021529,0.00014553283100107644,97174.86811368853,5.830606848,0.10240525198819227,0.2375962996817502,4.0625944771062095,0.01,1.0,,,
11130,3.2353515625,0.0,3.2353515625,0.0002909580193756728,0.0001454790096878364,97175.92295936005,5.835849728,0.12440664965047318,0.26307289196613237,4.061027429620929,0.01,1.0,,,
11140,3.3232421875,0.0,3.3232421875,0.00029085037674919266,0.00014542518837459633,97176.9147060407,5.841092608,0.11788262249192724,0.20924904440773975,4.059459391893613,0.01,1.0,,,
11150,1.82763671875,0.0,1.82763671875,0.00029074273412271263,0.00014537136706135631,97178.00188247679,5.846335488,0.39253090572682814,0.23579503790726175,4.05789036498703,0.01,1.0,,,
11160,3.236328125,0.0,3.236328125,0.00029063509149623254,0.00014531754574811627,97179.2751970678,5.851578368,0.1662585550031302,0.2929548596952072,4.056320349964624,0.01,1.0,,,
11170,3.2412109375,0.0,3.2412109375,0.0002905274488697524,0.0001452637244348762,97179.90923336417,5.856821248,0.12298607222584514,0.2780596398932085,4.054749347890503,0.01,1.0,,,
11180,2.44873046875,0.0,2.44873046875,0.0002904198062432723,0.00014520990312163616,97181.21003967509,5.862064128,0.1334548615331536,0.5498738067237842,4.053177359829448,0.01,1.0,,,
11190,3.3251953125,0.0,3.3251953125,0.00029031216361679224,0.00014515608180839612,97182.57676717328,5.867307008,0.12735042921495526,0.25736034715312983,4.051604386846907,0.01,1.0,,,
11200,3.1513671875,0.0,3.1513671875,0.0002902045209903122,0.0001451022604951561,97183.89385040088,5.872549888,0.09313271150554604,0.14293104875360976,4.050030430008994,0.01,1.0,,,
11210,2.0859375,0.0,2.0859375,0.0002900968783638321,0.00014504843918191604,97185.23819857209,5.877792768,0.4680510519784615,0.30124054458442523,4.048455490382493,0.01,1.0,,,
11220,1.9931640625,0.0,1.9931640625,0.000289989235737352,0.000144994617868676,97185.92093215969,5.883035648,0.6445210059728086,0.5433739980892892,4.046879569034852,0.01,1.0,,,
11230,3.26171875,0.0,3.26171875,0.0002898815931108719,0.00014494079655543596,97187.21947553134,5.888278528,0.1391742298689109,0.3054874287748655,4.045302667034185,0.01,1.0,,,
11240,3.291015625,0.0,3.291015625,0.00028977395048439183,0.00014488697524219591,97188.22081054066,5.893521408,0.11541469135295265,0.40093207333718234,4.043724785449269,0.01,1.0,,,
11250,2.6435546875,0.0,2.6435546875,0.0002896663078579118,0.0001448331539289559,97189.53215895571,5.898764288,0.23480512906775464,0.7263134527679396,4.042145925349549,0.01,1.0,,,
11260,2.607421875,0.0,2.607421875,0.00028955866523143166,0.00014477933261571583,97188.6964636338,5.904007168,0.27948262312016325,0.6063630479116565,4.040566087805128,0.01,1.0,,,
11270,3.28515625,0.0,3.28515625,0.0002894510226049516,0.0001447255113024758,97189.06333497335,5.909250048,0.1613816919473339,0.33772964002111916,4.038985273886775,0.01,1.0,,,
11280,3.2919921875,0.0,3.2919921875,0.0002893433799784715,0.00014467168998923575,97190.33423723083,5.914492928,0.13474831285628333,0.2744983716460754,4.03740348466592,0.01,1.0,,,
11290,3.2587890625,0.0,3.2587890625,0.0002892357373519914,0.0001446178686759957,97189.21502508255,5.919735808,0.15678739839437983,0.36056948117661825,4.035820721214654,0.01,1.0,,,
11300,3.29296875,0.0,3.29296875,0.00028912809472551133,0.00014456404736275567,97190.52940420854,5.924978688,0.1297648597629869,0.2491981686197869,4.034236984605729,0.01,1.0,,,
11310,3.2919921875,0.0,3.2919921875,0.0002890204520990312,0.0001445102260495156,97190.3206801514,5.930221568,0.11015557300323377,0.1554375369516409,4.032652275912555,0.01,1.0,,,
11320,2.20654296875,0.0,2.20654296875,0.00028891280947255116,0.00014445640473627558,97191.40417928499,5.935464448,0.16870919254770755,0.24809611026148695,4.0310665962092,0.01,1.0,,,
11330,3.2353515625,0.0,3.2353515625,0.0002888051668460711,0.00014440258342303554,97192.22827297922,5.940707328,0.10564266868423973,0.25687274059296733,4.029479946570394,0.01,1.0,,,
11340,3.236328125,0.0,3.236328125,0.000288697524219591,0.0001443487621097955,97193.50393708653,5.945950208,0.10443729431661669,0.1357704351477675,4.0278923280715215,0.01,1.0,,,
11350,3.08984375,0.0,3.08984375,0.00028858988159311086,0.00014429494079655543,97194.51966390808,5.951193088,0.10739946506777649,0.1656086231836649,4.026303741788624,0.01,1.0,,,
11360,3.2099609375,0.0,3.2099609375,0.0002884822389666308,0.0001442411194833154,97194.52218142652,5.956435968,0.10570528221362473,0.4658903444757052,4.0247141887983995,0.01,1.0,,,
11370,3.2421875,0.0,3.2421875,0.00028837459634015075,0.00014418729817007537,97195.54986649746,5.961678848,0.09932316634860554,0.15778562144479555,4.0231236701782,0.01,1.0,,,
11380,1.96533203125,0.0,1.96533203125,0.0002882669537136706,0.0001441334768568353,97196.79707447083,5.966921728,0.33553740860375514,0.2506341540200417,4.021532187006034,0.01,1.0,,,
11390,2.39892578125,0.0,2.39892578125,0.00028815931108719053,0.00014407965554359526,97198.06837476166,5.972164608,0.26447461974508424,0.44437410790716025,4.019939740360563,0.01,1.0,,,
11400,3.2080078125,0.0,3.2080078125,0.00028805166846071045,0.00014402583423035522,97199.32309456663,5.977407488,0.15329387641959227,0.1951746851161896,4.0183463313211,0.01,1.0,,,
11410,3.1513671875,0.0,3.1513671875,0.00028794402583423036,0.00014397201291711518,97198.30989339572,5.982650368,0.10822116428985078,0.18653154015224305,4.016751960967612,0.01,1.0,,,
11420,1.8408203125,0.0,1.8408203125,0.0002878363832077503,0.00014391819160387514,97199.51173201184,5.987893248,0.13429012386861577,0.20101951738942045,4.015156630380717,0.01,1.0,,,
11430,3.275390625,0.0,3.275390625,0.0002877287405812702,0.0001438643702906351,97200.53274534926,5.993136128,0.11457484771952654,0.2605060520875456,4.013560340641684,0.01,1.0,,,
11440,3.296875,0.0,3.296875,0.0002876210979547901,0.00014381054897739506,97201.75324550213,5.998379008,0.12843107097045225,0.2668578207953286,4.011963092832431,0.01,1.0,,,
11450,3.212890625,0.0,3.212890625,0.00028751345532831003,0.00014375672766415502,97202.98085768374,6.003621888,0.12048977347192626,0.2782754319082688,4.010364888035527,0.01,1.0,,,
11460,2.6875,0.0,2.6875,0.00028740581270182995,0.00014370290635091497,97204.23526238001,6.008864768,0.13462909075304444,0.30848711974625986,4.00876572733419,0.01,1.0,,,
11470,3.1875,0.0,3.1875,0.0002872981700753498,0.0001436490850376749,97204.6003002813,6.014107648,0.16838328442658498,0.23507664210414347,4.007165611812283,0.01,1.0,,,
11480,3.37890625,0.0,3.37890625,0.0002871905274488698,0.0001435952637244349,97205.8741941826,6.019350528,0.10066440634421145,0.19253840434852354,4.0055645425543185,0.01,1.0,,,
11490,1.79638671875,0.0,1.79638671875,0.0002870828848223897,0.00014354144241119485,97204.92190791252,6.024593408,0.31568304240892026,0.260437134197823,4.003962520645455,0.01,1.0,,,
11500,1.83056640625,0.0,1.83056640625,0.00028697524219590956,0.00014348762109795478,97206.16144270675,6.029836288,0.20733356826979446,0.32878643830138554,4.002359547171496,0.01,1.0,,,
11500,,,,,,,,,,,,,0.0,0.0,0.0
11510,3.326171875,0.0,3.326171875,0.0002868675995694295,0.00014343379978471474,97205.26791165397,6.035079168,0.13298078056351936,0.3353406334956157,4.0007556232188906,0.01,1.0,,,
11520,3.162109375,0.0,3.162109375,0.0002867599569429494,0.0001433799784714747,97206.51780334994,6.040322048,0.10215950855180772,0.22788727290503316,3.9991507498747327,0.01,1.0,,,
11530,2.34521484375,0.0,2.34521484375,0.00028665231431646937,0.00014332615715823468,97207.17978770526,6.045564928,0.15540325044381748,0.3129734597792689,3.9975449282267586,0.01,1.0,,,
11540,1.9501953125,0.0,1.9501953125,0.00028654467168998923,0.00014327233584499462,97208.12305602735,6.050807808,0.15345658774787843,0.33097393841407885,3.995938159363347,0.01,1.0,,,
11550,3.30859375,0.0,3.30859375,0.00028643702906350915,0.00014321851453175457,97206.63244492703,6.056050688,0.11362638330110489,0.3168824819606845,3.99433044437352,0.01,1.0,,,
11560,3.2841796875,0.0,3.2841796875,0.00028632938643702907,0.00014316469321851453,97206.83109007738,6.061293568,0.16687159879523183,0.2904066971515094,3.99272178434694,0.01,1.0,,,
11570,2.06494140625,0.0,2.06494140625,0.000286221743810549,0.0001431108719052745,97208.09418138125,6.066536448,0.1312931369886826,0.20486849512712507,3.99111218037391,0.01,1.0,,,
11580,3.404296875,0.0,3.404296875,0.0002861141011840689,0.00014305705059203445,97209.35358645012,6.071779328,0.10918225691215265,0.26377913452847057,3.989501633545372,0.01,1.0,,,
11590,3.345703125,0.0,3.345703125,0.00028600645855758876,0.00014300322927879438,97210.31187000673,6.077022208,0.11925858191480923,0.1639485946284446,3.9878901449529094,0.01,1.0,,,
11600,1.70654296875,0.0,1.70654296875,0.00028589881593110873,0.00014294940796555437,97211.55754263644,6.082265088,0.24470019073778707,0.26690580930522867,3.9862777156887423,0.01,1.0,,,
11610,3.416015625,0.0,3.416015625,0.00028579117330462865,0.00014289558665231433,97211.75937993343,6.087507968,0.17804988900583407,0.37813848782212045,3.9846643468457286,0.01,1.0,,,
11620,3.3056640625,0.0,3.3056640625,0.00028568353067814857,0.00014284176533907428,97211.72968456165,6.092750848,0.2265419905040864,0.29569872281335874,3.9830500395173614,0.01,1.0,,,
11630,3.3193359375,0.0,3.3193359375,0.0002855758880516685,0.00014278794402583424,97212.94211869252,6.097993728,0.15082322587509137,0.26210006257915963,3.9814347947977735,0.01,1.0,,,
11640,3.1474609375,0.0,3.1474609375,0.00028546824542518835,0.00014273412271259417,97213.63006678996,6.103236608,0.11517379559865382,0.2770165818324368,3.9798186137817293,0.01,1.0,,,
11650,2.1357421875,0.0,2.1357421875,0.0002853606027987083,0.00014268030139935416,97211.77619165624,6.108479488,0.2122700799346589,0.2601773194810688,3.9782014975646307,0.01,1.0,,,
11660,2.21044921875,0.0,2.21044921875,0.00028525296017222824,0.00014262648008611412,97208.58415827867,6.113722368,0.323438247018275,0.4513296534394959,3.9765834472425103,0.01,1.0,,,
11670,1.85595703125,0.0,1.85595703125,0.00028514531754574815,0.00014257265877287408,97208.66097820942,6.118965248,0.19892155524676944,0.35753138522067845,3.9749644639120385,0.01,1.0,,,
11680,3.267578125,0.0,3.267578125,0.000285037674919268,0.000142518837459634,97209.93062518068,6.124208128,0.13338161572908422,0.3883063450807477,3.9733445486705126,0.01,1.0,,,
11690,3.2705078125,0.0,3.2705078125,0.000284930032292788,0.000142465016146394,97209.56578263362,6.129451008,0.14577725219702609,0.27600883076867944,3.9717237026158663,0.01,1.0,,,
11700,2.8798828125,0.0,2.8798828125,0.0002848223896663079,0.00014241119483315395,97210.78441379053,6.134693888,0.15004797797400773,0.4295417949658661,3.9701019268466604,0.01,1.0,,,
11710,3.1875,0.0,3.1875,0.00028471474703982777,0.00014235737351991388,97211.1625024868,6.139936768,0.1272699382141601,0.26340787625450923,3.968479222462088,0.01,1.0,,,
11720,3.1728515625,0.0,3.1728515625,0.0002846071044133477,0.00014230355220667384,97210.47869146723,6.145179648,0.09793968206793961,0.16613172820521244,3.966855590561972,0.01,1.0,,,
11730,3.203125,0.0,3.203125,0.0002844994617868676,0.0001422497308934338,97210.73502001507,6.150422528,0.09757234364111679,0.24717229047058487,3.965231032246762,0.01,1.0,,,
11740,3.18359375,0.0,3.18359375,0.0002843918191603876,0.0001421959095801938,97211.4466016115,6.155665408,0.10015462874495534,0.1400251726886987,3.9636055486175374,0.01,1.0,,,
11750,3.0390625,0.0,3.0390625,0.00028428417653390744,0.00014214208826695372,97208.76526674039,6.160908288,0.10807136457091843,0.1361627044884663,3.9619791407760028,0.01,1.0,,,
11760,2.837890625,0.0,2.837890625,0.00028417653390742735,0.00014208826695371368,97210.03564449352,6.166151168,0.11650495710484424,0.30492005387963883,3.960351809824491,0.01,1.0,,,
11770,3.23046875,0.0,3.23046875,0.00028406889128094727,0.00014203444564047364,97209.85838225667,6.171394048,0.11001539204615714,0.13606563932772903,3.958723556865959,0.01,1.0,,,
11780,3.279296875,0.0,3.279296875,0.0002839612486544672,0.0001419806243272336,97210.24485740547,6.176636928,0.10842458679105842,0.2567481305581171,3.9570943830039904,0.01,1.0,,,
11790,1.65625,0.0,1.65625,0.0002838536060279871,0.00014192680301399355,97211.46489214346,6.181879808,0.18416797471731655,0.2345089128257814,3.955464289342792,0.01,1.0,,,
11800,2.8154296875,0.0,2.8154296875,0.00028374596340150697,0.00014187298170075348,97212.68644836028,6.187122688,0.12742926540735267,0.3929489004196153,3.9538332769871927,0.01,1.0,,,
11810,3.357421875,0.0,3.357421875,0.00028363832077502694,0.00014181916038751347,97212.216389979,6.192365568,0.1100789164289218,0.49238156307502856,3.9522013470426476,0.01,1.0,,,
11820,3.3115234375,0.0,3.3115234375,0.00028353067814854686,0.00014176533907427343,97213.46894504924,6.197608448,0.12613962753138386,0.2876772304322501,3.95056850061523,0.01,1.0,,,
11830,1.5087890625,0.0,1.5087890625,0.0002834230355220668,0.0001417115177610334,97211.35724578623,6.202851328,0.21652849350396575,0.2530134343925623,3.948934738811635,0.01,1.0,,,
11840,3.2646484375,0.0,3.2646484375,0.00028331539289558664,0.00014165769644779332,97211.56269105192,6.208094208,0.1631124140903352,0.2816516359543322,3.947300062739181,0.01,1.0,,,
11850,3.1611328125,0.0,3.1611328125,0.00028320775026910655,0.00014160387513455328,97212.74390001319,6.213337088,0.13365332898616583,0.24320102523721215,3.9456644735058033,0.01,1.0,,,
11860,2.1435546875,0.0,2.1435546875,0.0002831001076426265,0.00014155005382131326,97213.94095371533,6.218579968,0.1881416528723938,0.3823851497269476,3.9440279722200566,0.01,1.0,,,
11870,3.271484375,0.0,3.271484375,0.0002829924650161464,0.0001414962325080732,97215.10722306858,6.223822848,0.18817643204992485,0.4920152421457932,3.9423905599911135,0.01,1.0,,,
11880,2.23193359375,0.0,2.23193359375,0.0002828848223896663,0.00014144241119483315,97215.74487944569,6.229065728,0.3799034613857315,0.5792138757570944,3.940752237928766,0.01,1.0,,,
11890,2.33837890625,0.0,2.33837890625,0.0002827771797631862,0.0001413885898815931,97216.11882304179,6.234308608,0.17213450972370023,0.7251670757107036,3.93911300714342,0.01,1.0,,,
11900,3.3779296875,0.0,3.3779296875,0.00028266953713670614,0.00014133476856835307,97215.01078211186,6.239551488,0.13283379846812088,0.3450737845677045,3.937472868746099,0.01,1.0,,,
11910,2.03955078125,0.0,2.03955078125,0.00028256189451022606,0.00014128094725511303,97216.21257846867,6.244794368,0.20894055546126583,0.47884187348847496,3.9358318238484413,0.01,1.0,,,
11920,0.5146484375,0.0,0.5146484375,0.0002824542518837459,0.00014122712594187296,97217.4111915866,6.250037248,0.21233202710049848,0.5647251520894544,3.9341898735627003,0.01,1.0,,,
11930,3.5009765625,0.0,3.5009765625,0.0002823466092572659,0.00014117330462863295,97217.07381686092,6.255280128,0.25742901180515665,0.7167931643169088,3.9325470190017415,0.01,1.0,,,
11940,3.2705078125,0.0,3.2705078125,0.0002822389666307858,0.0001411194833153929,97218.27816498681,6.260523008,0.12444485352586251,0.3838896559139788,3.9309032612790444,0.01,1.0,,,
11950,3.2939453125,0.0,3.2939453125,0.0002821313240043057,0.00014106566200215286,97219.47337013112,6.265765888,0.17990241164387202,0.22068807442574193,3.9292586015086997,0.01,1.0,,,
11960,3.2470703125,0.0,3.2470703125,0.0002820236813778256,0.0001410118406889128,97220.65967598639,6.271008768,0.10505446846822225,0.2183354303643027,3.9276130408054106,0.01,1.0,,,
11970,3.2255859375,0.0,3.2255859375,0.00028191603875134556,0.00014095801937567278,97220.1193897751,6.276251648,0.10830404775353289,0.2276048611997697,3.9259665802844905,0.01,1.0,,,
11980,3.3359375,0.0,3.3359375,0.0002818083961248655,0.00014090419806243274,97221.31116984544,6.281494528,0.10001254767939012,0.2061299339502427,3.9243192210618623,0.01,1.0,,,
11990,3.2548828125,0.0,3.2548828125,0.0002817007534983854,0.0001408503767491927,97219.38427783214,6.286737408,0.15405345794747546,0.24774008770306213,3.922670964254059,0.01,1.0,,,
12000,3.306640625,0.0,3.306640625,0.0002815931108719053,0.00014079655543595266,97219.59105371441,6.291980288,0.1109859222931324,0.36205078287410514,3.9210218109782202,0.01,1.0,,,
12000,,,,,,,,,,,,,0.0,0.0,0.0
12010,1.7724609375,0.0,1.7724609375,0.0002814854682454252,0.0001407427341227126,97206.46399522183,6.297223168,0.14804780519831784,0.19887771810399885,3.9193717623520947,0.01,1.0,,,
12020,3.3388671875,0.0,3.3388671875,0.00028137782561894514,0.00014068891280947257,97207.21110693368,6.302466048,0.10980398204666973,0.18752044013532812,3.917720819494038,0.01,1.0,,,
12030,3.302734375,0.0,3.302734375,0.00028127018299246506,0.00014063509149623253,97207.88294768908,6.307708928,0.1067194876020819,0.1732228540086725,3.916068983523011,0.01,1.0,,,
12040,3.205078125,0.0,3.205078125,0.0002811625403659849,0.00014058127018299246,97209.12070118343,6.312951808,0.10926156832018824,0.19928611570613972,3.9144162555585806,0.01,1.0,,,
12050,1.031494140625,0.0,1.031494140625,0.00028105489773950484,0.00014052744886975242,97210.3166337294,6.318194688,0.8627841527580321,0.5027014998749407,3.9127626367209176,0.01,1.0,,,
12060,1.80078125,0.0,1.80078125,0.00028094725511302476,0.00014047362755651238,97211.21013655282,6.323437568,0.2997521481745644,0.25160442929766397,3.9111081281307962,0.01,1.0,,,
12070,3.2138671875,0.0,3.2138671875,0.00028083961248654473,0.00014041980624327237,97212.00801781214,6.328680448,0.14491905185918252,0.44158520687004377,3.9094527309095954,0.01,1.0,,,
12080,2.583984375,0.0,2.583984375,0.0002807319698600646,0.0001403659849300323,97213.2025707586,6.333923328,0.20417213939407666,0.4478609246814202,3.907796446179295,0.01,1.0,,,
12090,3.181640625,0.0,3.181640625,0.0002806243272335845,0.00014031216361679226,97214.38411640054,6.339166208,0.14106678073529177,0.20291434651517468,3.9061392750624773,0.01,1.0,,,
12100,2.748046875,0.0,2.748046875,0.00028051668460710443,0.00014025834230355221,97212.82302546527,6.344409088,0.13687673213093376,0.4271831872536138,3.9044812186823235,0.01,1.0,,,
12110,1.9189453125,0.0,1.9189453125,0.00028040904198062434,0.00014020452099031217,97212.21695249394,6.349651968,0.39232673950865254,0.3835217189048831,3.902822278162617,0.01,1.0,,,
12120,3.3896484375,0.0,3.3896484375,0.00028030139935414426,0.00014015069967707213,97212.20659248743,6.354894848,0.15756740626069266,0.5558682094588702,3.90116245462774,0.01,1.0,,,
12130,3.2939453125,0.0,3.2939453125,0.0002801937567276641,0.00014009687836383206,97208.5275714596,6.360137728,0.13558220104974192,0.9907779795278128,3.899501749202673,0.01,1.0,,,
12140,2.65283203125,0.0,2.65283203125,0.0002800861141011841,0.00014004305705059205,97209.48123451063,6.365380608,0.12169562375542724,0.4122491156306291,3.897840163012993,0.01,1.0,,,
12150,3.3671875,0.0,3.3671875,0.000279978471474704,0.000139989235737352,97208.98557923672,6.370623488,0.13120163461929127,0.39324086253777263,3.896177697184875,0.01,1.0,,,
12160,3.1923828125,0.0,3.1923828125,0.00027987082884822393,0.00013993541442411197,97205.63551655432,6.375866368,0.11265466136671014,0.18617258919739355,3.894514352845091,0.01,1.0,,,
12170,3.205078125,0.0,3.205078125,0.0002797631862217438,0.0001398815931108719,97205.78479767399,6.381109248,0.12101006793546672,0.21664072252962838,3.892850131121006,0.01,1.0,,,
12180,1.82763671875,0.0,1.82763671875,0.0002796555435952637,0.00013982777179763186,97206.95478535657,6.386352128,0.18968446059155913,0.41487279538579125,3.8911850331405837,0.01,1.0,,,
12190,2.763671875,0.0,2.763671875,0.0002795479009687837,0.00013977395048439184,97207.54118158283,6.391595008,0.14930570857886785,0.3827533789299152,3.8895190600323777,0.01,1.0,,,
12200,3.01171875,0.0,3.01171875,0.00027944025834230354,0.00013972012917115177,97208.08675759744,6.396837888,0.1292253435644168,0.44462187179584844,3.8878522129255355,0.01,1.0,,,
12210,2.16748046875,0.0,2.16748046875,0.00027933261571582346,0.00013966630785791173,97205.05313187792,6.402080768,0.4746490018015466,0.5233888742182012,3.8861844929497993,0.01,1.0,,,
12220,3.2685546875,0.0,3.2685546875,0.0002792249730893434,0.0001396124865446717,97205.17914347512,6.407323648,0.19005578641720913,0.40629314662303956,3.8845159012355004,0.01,1.0,,,
12230,3.234375,0.0,3.234375,0.00027911733046286335,0.00013955866523143167,97202.76374864402,6.412566528,0.1184790522883122,0.19477209111211594,3.882846438913562,0.01,1.0,,,
12240,1.955078125,0.0,1.955078125,0.0002790096878363832,0.0001395048439181916,97203.9480346964,6.417809408,0.36102669119615,0.3215496130655051,3.881176107115498,0.01,1.0,,,
12250,3.3037109375,0.0,3.3037109375,0.00027890204520990313,0.00013945102260495156,97204.98078760426,6.423052288,0.11069862713115167,0.23918052893519792,3.87950490697341,0.01,1.0,,,
12260,1.54296875,0.0,1.54296875,0.00027879440258342305,0.00013939720129171152,97205.06866102999,6.428295168,0.11128045284488321,0.19897249329501368,3.877832839619989,0.01,1.0,,,
12270,1.67333984375,0.0,1.67333984375,0.00027868675995694296,0.00013934337997847148,97206.27694148957,6.433538048,0.19030065702556506,0.4084539420754743,3.876159906188515,0.01,1.0,,,
12280,3.3134765625,0.0,3.3134765625,0.0002785791173304629,0.00013928955866523144,97206.72351778965,6.438780928,0.15903320330997775,0.26828168504447225,3.874486107812852,0.01,1.0,,,
12290,3.263671875,0.0,3.263671875,0.00027847147470398274,0.00013923573735199137,97207.86543368417,6.444023808,0.16713440350966183,0.517317128817215,3.872811445627453,0.01,1.0,,,
12300,2.7265625,0.0,2.7265625,0.0002783638320775027,0.00013918191603875136,97208.34840516432,6.449266688,0.1340357411271709,0.2908005535511338,3.8711359207673564,0.01,1.0,,,
12310,3.3828125,0.0,3.3828125,0.00027825618945102263,0.00013912809472551132,97208.79991458553,6.454509568,0.13425598419481094,0.23507056235087026,3.8694595343681817,0.01,1.0,,,
12320,3.236328125,0.0,3.236328125,0.0002781485468245425,0.00013907427341227125,97203.57970930067,6.459752448,0.10760325111825622,0.23357136643784662,3.8677822875661376,0.01,1.0,,,
12330,2.5927734375,0.0,2.5927734375,0.0002780409041980624,0.0001390204520990312,97204.03260116269,6.464995328,0.13586406150495597,0.3054768518651504,3.8661041814980126,0.01,1.0,,,
12340,1.85498046875,0.0,1.85498046875,0.00027793326157158233,0.00013896663078579116,97202.982120028,6.470238208,0.282333783382674,0.7961600508572488,3.864425217301178,0.01,1.0,,,
12350,2.646484375,0.0,2.646484375,0.0002778256189451023,0.00013891280947255115,97201.59354384,6.475481088,0.1644778089720852,0.19848291208782795,3.8627453961135876,0.01,1.0,,,
12360,1.57861328125,0.0,1.57861328125,0.0002777179763186222,0.0001388589881593111,97202.75078494631,6.480723968,0.2363747084140852,0.6030434491494078,3.8610647190737746,0.01,1.0,,,
12370,3.4091796875,0.0,3.4091796875,0.00027761033369214214,0.00013880516684607107,97203.9102914723,6.485966848,0.14736489316812446,0.2398413557047779,3.8593831873208537,0.01,1.0,,,
12380,3.376953125,0.0,3.376953125,0.000277502691065662,0.000138751345532831,97204.72187638923,6.491209728,0.1575407447365186,0.5374414377819569,3.857700801994519,0.01,1.0,,,
12390,0.941650390625,0.0,0.941650390625,0.0002773950484391819,0.00013869752421959096,97205.67787441627,6.496452608,0.2823286797361007,0.5485838300353104,3.8560175642350414,0.01,1.0,,,
12400,3.275390625,0.0,3.275390625,0.0002772874058127019,0.00013864370290635094,97206.85720971323,6.501695488,0.11503266100172024,0.2634200877994166,3.854333475183271,0.01,1.0,,,
12410,1.9912109375,0.0,1.9912109375,0.00027717976318622175,0.00013858988159311087,97207.48390733909,6.506938368,0.16961510524881993,0.19424873978820106,3.852648535980635,0.01,1.0,,,
12420,3.4228515625,0.0,3.4228515625,0.00027707212055974167,0.00013853606027987083,97208.6799971957,6.512181248,0.1616442509391723,0.39905105303206184,3.8509627477691355,0.01,1.0,,,
12430,2.00146484375,0.0,2.00146484375,0.0002769644779332616,0.0001384822389666308,97209.19413255558,6.517424128,0.31542477914711825,0.30821143989535144,3.849276111691352,0.01,1.0,,,
12440,3.3193359375,0.0,3.3193359375,0.0002768568353067815,0.00013842841765339075,97208.0341369961,6.522667008,0.13209036720930373,0.1926598779095717,3.8475886288904366,0.01,1.0,,,
12450,2.7763671875,0.0,2.7763671875,0.0002767491926803014,0.0001383745963401507,97208.33700437706,6.527909888,0.15186037792648052,0.28348838823691974,3.8459003005101167,0.01,1.0,,,
12460,3.2119140625,0.0,3.2119140625,0.00027664155005382133,0.00013832077502691067,97208.83600477291,6.533152768,0.13428905345918762,0.34998888620461494,3.8442111276946926,0.01,1.0,,,
12470,3.2880859375,0.0,3.2880859375,0.00027653390742734125,0.00013826695371367063,97206.67517438655,6.538395648,0.13254674808774172,0.7672997427538899,3.8425211115890354,0.01,1.0,,,
12480,3.2548828125,0.0,3.2548828125,0.00027642626480086117,0.00013821313240043058,97203.80545710638,6.543638528,0.12136581141008254,0.24188537998276333,3.8408302533385905,0.01,1.0,,,
12490,3.3271484375,0.0,3.3271484375,0.0002763186221743811,0.00013815931108719054,97202.2529009431,6.548881408,0.10376551228932406,0.2226165457222081,3.839138554089372,0.01,1.0,,,
12500,3.267578125,0.0,3.267578125,0.00027621097954790095,0.00013810548977395047,97201.53549222615,6.554124288,0.10578688094779132,0.3000011425535456,3.8374460149879637,0.01,1.0,,,
12500,,,,,,,,,,,,,0.0,0.0,0.0
12510,3.3310546875,0.0,3.3310546875,0.0002761033369214209,0.00013805166846071046,97199.33724113813,6.559367168,0.10163849841264275,0.21031610718148075,3.835752637181521,0.01,1.0,,,
12520,2.529296875,0.0,2.529296875,0.00027599569429494084,0.00013799784714747042,97200.48979860026,6.564610048,0.20377550431564456,0.29837415199068135,3.8340584218177662,0.01,1.0,,,
12530,3.2412109375,0.0,3.2412109375,0.0002758880516684607,0.00013794402583423035,97201.63827193288,6.569852928,0.13198884031035638,0.25464560500722627,3.832363370044988,0.01,1.0,,,
12540,3.255859375,0.0,3.255859375,0.0002757804090419806,0.0001378902045209903,97202.79629545212,6.575095808,0.10299247152783272,0.19919043318282587,3.8306674830120446,0.01,1.0,,,
12550,3.22265625,0.0,3.22265625,0.00027567276641550053,0.00013783638320775027,97203.92458563508,6.580338688,0.13746152871819944,0.3190769237806548,3.828970761868359,0.01,1.0,,,
12560,1.90771484375,0.0,1.90771484375,0.0002755651237890205,0.00013778256189451025,97204.67778888949,6.585581568,0.23992725927238112,0.31280893336923876,3.827273207763919,0.01,1.0,,,
12570,2.634765625,0.0,2.634765625,0.00027545748116254037,0.00013772874058127018,97204.21642297068,6.590824448,0.16996683296920445,0.41494045387252,3.825574821849278,0.01,1.0,,,
12580,3.3115234375,0.0,3.3115234375,0.0002753498385360603,0.00013767491926803014,97204.32673601316,6.596067328,0.14906359535466493,0.2531137597077189,3.8238756052755525,0.01,1.0,,,
12590,2.009765625,0.0,2.009765625,0.0002752421959095802,0.0001376210979547901,97205.48997012331,6.601310208,0.32184285626640335,0.31193111952982716,3.8221755591944215,0.01,1.0,,,
12600,3.2490234375,0.0,3.2490234375,0.0002751345532831001,0.00013756727664155006,97203.54736231845,6.606553088,0.15419380315668774,0.40899813810989705,3.8204746847581292,0.01,1.0,,,
12610,3.298828125,0.0,3.298828125,0.00027502691065662004,0.00013751345532831002,97203.95310945921,6.611795968,0.15295988501837637,0.30607817032244367,3.818772983119477,0.01,1.0,,,
12620,3.2724609375,0.0,3.2724609375,0.0002749192680301399,0.00013745963401506995,97205.11048191755,6.617038848,0.12971172503055894,0.4280003508257264,3.817070455431829,0.01,1.0,,,
12630,2.41943359375,0.0,2.41943359375,0.00027481162540365987,0.00013740581270182994,97205.66558169985,6.622281728,0.17184302225601986,0.25158966576721464,3.8153671028491103,0.01,1.0,,,
12640,3.25,0.0,3.25,0.0002747039827771798,0.0001373519913885899,97203.8872290558,6.627524608,0.1374080933353209,0.22361758624265504,3.813662926525803,0.01,1.0,,,
12650,3.1796875,0.0,3.1796875,0.0002745963401506997,0.00013729817007534985,97199.17178083729,6.632767488,0.10999935563211474,0.27924304695634133,3.811957927616948,0.01,1.0,,,
12660,1.884765625,0.0,1.884765625,0.00027448869752421957,0.00013724434876210978,97196.82058850209,6.638010368,0.27082416441941304,0.29980955272567106,3.8102521072781452,0.01,1.0,,,
12670,1.87451171875,0.0,1.87451171875,0.0002743810548977395,0.00013719052744886974,97197.73420622585,6.643253248,0.1304513463817173,0.22800645911669945,3.8085454666655503,0.01,1.0,,,
12680,3.0966796875,0.0,3.0966796875,0.00027427341227125946,0.00013713670613562973,97196.17841851135,6.648496128,0.1041656362763479,0.23906554750427292,3.8068380069358736,0.01,1.0,,,
12690,3.189453125,0.0,3.189453125,0.0002741657696447793,0.00013708288482238966,97196.90220284295,6.653739008,0.10486713635656474,0.2895646511169763,3.805129729246382,0.01,1.0,,,
12700,2.52978515625,0.0,2.52978515625,0.00027405812701829924,0.00013702906350914962,97198.06388710967,6.658981888,0.13726151247278673,0.24615286241593937,3.8034206347548976,0.01,1.0,,,
12710,3.123046875,0.0,3.123046875,0.00027395048439181915,0.00013697524219590958,97198.8913745455,6.664224768,0.13166065968956664,0.21335928577083219,3.8017107246197948,0.01,1.0,,,
12720,3.234375,0.0,3.234375,0.00027384284176533907,0.00013692142088266954,97200.0119423125,6.669467648,0.13161219174186617,0.2987657366223417,3.8,0.01,1.0,,,
12730,1.89990234375,0.0,1.89990234375,0.00027373519913885904,0.00013686759956942952,97200.46435584662,6.674710528,0.18536998884384048,0.34862508484321786,3.798288462054994,0.01,1.0,,,
12740,3.2216796875,0.0,3.2216796875,0.0002736275565123789,0.00013681377825618945,97199.95986521652,6.679953408,0.15737002874901254,0.40665062091814475,3.7965761119448076,0.01,1.0,,,
12750,3.2568359375,0.0,3.2568359375,0.0002735199138858988,0.0001367599569429494,97201.09194277588,6.685196288,0.11478495200749896,0.20507189739586054,3.7948629508300207,0.01,1.0,,,
12760,1.85302734375,0.0,1.85302734375,0.00027341227125941874,0.00013670613562970937,97199.4095078105,6.690439168,0.17846879752113087,0.2795146663538575,3.793148979871767,0.01,1.0,,,
12770,2.09814453125,0.0,2.09814453125,0.0002733046286329387,0.00013665231431646936,97200.55519224949,6.695682048,0.1526917943118474,0.3817511953587364,3.791434200231723,0.01,1.0,,,
12780,2.47265625,0.0,2.47265625,0.0002731969860064586,0.0001365984930032293,97199.75143994781,6.700924928,0.1657492126079155,0.34146790371418406,3.7897186130721185,0.01,1.0,,,
12790,3.1630859375,0.0,3.1630859375,0.0002730893433799785,0.00013654467168998925,97197.77364389578,6.706167808,0.12987934983589908,0.2964681270041748,3.788002219555729,0.01,1.0,,,
12800,1.93603515625,0.0,1.93603515625,0.0002729817007534984,0.0001364908503767492,97196.65916390847,6.711410688,0.2193505963360676,0.23445330558719144,3.7862850208458747,0.01,1.0,,,
12810,3.1669921875,0.0,3.1669921875,0.0002728740581270183,0.00013643702906350916,97196.27237349273,6.716653568,0.13252546453421235,0.249461740737906,3.7845670181064244,0.01,1.0,,,
12820,3.185546875,0.0,3.185546875,0.00027276641550053824,0.00013638320775026912,97196.83916295847,6.721896448,0.11978970495141149,0.21191086824920688,3.782848212501791,0.01,1.0,,,
12830,3.2783203125,0.0,3.2783203125,0.0002726587728740581,0.00013632938643702905,97197.57462497313,6.727139328,0.12167403805035122,0.6133123608330764,3.7811286051969293,0.01,1.0,,,
12840,3.2353515625,0.0,3.2353515625,0.0002725511302475781,0.00013627556512378904,97198.71914081663,6.732382208,0.10464043957024521,0.2927969672561038,3.779408197357341,0.01,1.0,,,
12850,3.255859375,0.0,3.255859375,0.000272443487621098,0.000136221743810549,97198.61896670339,6.737625088,0.12059511108668214,0.26481899057477654,3.7776869901490673,0.01,1.0,,,
12860,3.3017578125,0.0,3.3017578125,0.00027233584499461786,0.00013616792249730893,97194.41019159107,6.742867968,0.1149825339045478,0.28570782110577153,3.775964984738694,0.01,1.0,,,
12870,2.69140625,0.0,2.69140625,0.0002722282023681378,0.0001361141011840689,97194.10262324348,6.748110848,0.12852260060586723,0.5427795748109564,3.7742421822933454,0.01,1.0,,,
12880,3.3330078125,0.0,3.3330078125,0.0002721205597416577,0.00013606027987082885,97195.24046209494,6.753353728,0.1133541411341489,0.3836284014220375,3.772518583980687,0.01,1.0,,,
12890,3.27734375,0.0,3.27734375,0.00027201291711517766,0.00013600645855758883,97196.35498959513,6.758596608,0.10738830165583681,0.43419585337309274,3.770794190968924,0.01,1.0,,,
12900,3.3056640625,0.0,3.3056640625,0.0002719052744886975,0.00013595263724434876,97195.72573212205,6.763839488,0.12812943613333572,0.4764749532195059,3.7690690044268007,0.01,1.0,,,
12910,3.220703125,0.0,3.220703125,0.00027179763186221744,0.00013589881593110872,97195.94727019776,6.769082368,0.12529410148904443,0.31262022444800286,3.767343025523598,0.01,1.0,,,
12920,3.169921875,0.0,3.169921875,0.00027168998923573736,0.00013584499461786868,97197.07032326904,6.774325248,0.1167668468471559,0.19967523477178867,3.7656162554291335,0.01,1.0,,,
12930,1.9169921875,0.0,1.9169921875,0.0002715823466092573,0.00013579117330462864,97198.08357244263,6.779568128,0.35597311135532145,0.5395622009003967,3.7638886953137636,0.01,1.0,,,
12940,3.140625,0.0,3.140625,0.0002714747039827772,0.0001357373519913886,97199.19609764294,6.784811008,0.14479815514358513,0.49513716767578153,3.762160346348377,0.01,1.0,,,
12950,1.94140625,0.0,1.94140625,0.00027136706135629706,0.00013568353067814853,97200.32409659073,6.790053888,0.49980617314541914,0.28839293442489433,3.760431209704399,0.01,1.0,,,
12960,3.35546875,0.0,3.35546875,0.00027125941872981703,0.00013562970936490851,97201.45277544379,6.795296768,0.1672472911753668,0.39529408474797206,3.758701286553788,0.01,1.0,,,
12970,3.263671875,0.0,3.263671875,0.00027115177610333694,0.00013557588805166847,97201.94748828952,6.800539648,0.17626291874085032,0.3484065915034859,3.756970578069036,0.01,1.0,,,
12980,1.9052734375,0.0,1.9052734375,0.00027104413347685686,0.00013552206673842843,97201.8488694816,6.805782528,0.6875865824486779,0.4559610178985354,3.755239085423168,0.01,1.0,,,
12990,2.412109375,0.0,2.412109375,0.0002709364908503767,0.00013546824542518836,97202.95445480992,6.811025408,0.2046059393832966,0.3129172795161255,3.753506809789738,0.01,1.0,,,
13000,3.1943359375,0.0,3.1943359375,0.0002708288482238967,0.00013541442411194835,97203.18767235937,6.816268288,0.1502390369813797,0.2812938422760654,3.751773752342834,0.01,1.0,,,
13000,,,,,,,,,,,,,0.0,0.0,0.0
13010,1.7724609375,0.0,1.7724609375,0.0002707212055974166,0.0001353606027987083,97191.33987691435,6.821511168,0.5176777066319737,0.36045433842340185,3.7500399142570697,0.01,1.0,,,
13020,3.1943359375,0.0,3.1943359375,0.0002706135629709365,0.00013530678148546824,97191.23655069407,6.826754048,0.14368752130331333,0.17115689732931416,3.7483052967075925,0.01,1.0,,,
13030,2.22021484375,0.0,2.22021484375,0.0002705059203444564,0.0001352529601722282,97190.26567626427,6.831996928,0.7757322018717093,0.4784181047144608,3.746569900870074,0.01,1.0,,,
13040,3.0712890625,0.0,3.0712890625,0.0002703982777179763,0.00013519913885898816,97189.64759069688,6.837239808,0.11276396190660637,0.27095501237207853,3.7448337279207173,0.01,1.0,,,
13050,3.234375,0.0,3.234375,0.0002702906350914963,0.00013514531754574814,97190.73591682827,6.842482688,0.10226138490062274,0.185271637947726,3.743096779036248,0.01,1.0,,,
13060,3.30859375,0.0,3.30859375,0.00027018299246501614,0.00013509149623250807,97190.78657265296,6.847725568,0.10400463742637832,0.2101039325545858,3.741359055393921,0.01,1.0,,,
13070,3.1572265625,0.0,3.1572265625,0.00027007534983853606,0.00013503767491926803,97191.03692880414,6.852968448,0.10847647144428872,0.2525014866922493,3.7396205581715147,0.01,1.0,,,
13080,3.39453125,0.0,3.39453125,0.000269967707212056,0.000134983853606028,97185.5569908346,6.858211328,0.10940289341268053,0.22893809951943775,3.737881288547332,0.01,1.0,,,
13090,2.03515625,0.0,2.03515625,0.0002698600645855759,0.00013493003229278795,97180.11908321908,6.863454208,0.31541103423251743,0.3997002318882157,3.7361412477001994,0.01,1.0,,,
13100,3.1494140625,0.0,3.1494140625,0.00026975242195909587,0.00013487621097954793,97180.76695031398,6.868697088,0.14467319899522288,0.6119157888423635,3.7344004368094663,0.01,1.0,,,
13110,3.2158203125,0.0,3.2158203125,0.00026964477933261573,0.00013482238966630786,97181.66255972012,6.873939968,0.11747793109660751,0.33193991013966284,3.732658857055003,0.01,1.0,,,
13120,3.33984375,0.0,3.33984375,0.00026953713670613565,0.00013476856835306782,97181.6692303746,6.879182848,0.11496722606636775,0.5313083369434232,3.7309165096172046,0.01,1.0,,,
13130,2.28369140625,0.0,2.28369140625,0.00026942949407965556,0.00013471474703982778,97180.52097151926,6.884425728,0.5088847623746164,0.6386545933576782,3.72917339567698,0.01,1.0,,,
13140,3.3095703125,0.0,3.3095703125,0.0002693218514531755,0.00013466092572658774,97176.60826053645,6.889668608,0.10190813924623261,0.19664977215164953,3.727429516415763,0.01,1.0,,,
13150,2.8955078125,0.0,2.8955078125,0.0002692142088266954,0.0001346071044133477,97176.0647121413,6.894911488,0.16714282424534968,0.27879953004004376,3.725684873015505,0.01,1.0,,,
13160,3.2548828125,0.0,3.2548828125,0.00026910656620021526,0.00013455328310010763,97174.79233196739,6.900154368,0.11608880703344746,0.2495856211287145,3.7239394666586736,0.01,1.0,,,
13170,3.2724609375,0.0,3.2724609375,0.00026899892357373523,0.00013449946178686762,97174.46597866088,6.905397248,0.12953866252057072,0.22507543060286653,3.722193298528255,0.01,1.0,,,
13180,1.771484375,0.0,1.771484375,0.00026889128094725515,0.00013444564047362757,97174.49911471478,6.910640128,0.15933711052929855,0.24445649976055006,3.720446369807752,0.01,1.0,,,
13190,1.900390625,0.0,1.900390625,0.00026878363832077507,0.00013439181916038753,97173.61068450156,6.915883008,0.16570846123961747,0.1903927407078572,3.7186986816811802,0.01,1.0,,,
13200,1.500732421875,0.0,1.500732421875,0.00026867599569429493,0.00013433799784714746,97172.9173948943,6.921125888,0.1755835952468471,0.25018567404993625,3.716950235333075,0.01,1.0,,,
13210,3.341796875,0.0,3.341796875,0.00026856835306781485,0.00013428417653390742,97173.31978474643,6.926368768,0.11660481068945798,0.2586298275844405,3.7152010319484807,0.01,1.0,,,
13220,3.2919921875,0.0,3.2919921875,0.0002684607104413348,0.0001342303552206674,97173.31979474536,6.931611648,0.14064918051450687,0.22513704994533798,3.7134510727129566,0.01,1.0,,,
13230,1.880859375,0.0,1.880859375,0.0002683530678148547,0.00013417653390742734,97174.47532805489,6.936854528,0.16118380365388713,0.25606967798657926,3.711700358812575,0.01,1.0,,,
13240,3.2236328125,0.0,3.2236328125,0.0002682454251883746,0.0001341227125941873,97175.6039991071,6.942097408,0.12040021209620098,0.20130459594498543,3.709948891433919,0.01,1.0,,,
13250,3.2333984375,0.0,3.2333984375,0.0002681377825618945,0.00013406889128094726,97172.33576248656,6.947340288,0.2195098969641996,0.3857542224448071,3.7081966717640813,0.01,1.0,,,
13260,3.15234375,0.0,3.15234375,0.00026803013993541443,0.00013401506996770722,97173.46218157726,6.952583168,0.16329506691889276,0.25018330633242497,3.7064437009906674,0.01,1.0,,,
13270,1.89013671875,0.0,1.89013671875,0.00026792249730893435,0.00013396124865446717,97174.49753709324,6.957826048,0.1487034283525063,0.20472190422052322,3.7046899803017888,0.01,1.0,,,
13280,3.275390625,0.0,3.275390625,0.00026781485468245427,0.00013390742734122713,97174.41885065133,6.963068928,0.10582533311412816,0.5278162805212578,3.7029355108860664,0.01,1.0,,,
13290,3.2607421875,0.0,3.2607421875,0.0002677072120559742,0.0001338536060279871,97175.53693124997,6.968311808,0.1676221129749295,0.32218520614192103,3.7011802939326306,0.01,1.0,,,
13300,2.04345703125,0.0,2.04345703125,0.0002675995694294941,0.00013379978471474705,97176.34971477129,6.973554688,0.1897270463546129,0.3335369954400935,3.6994243306311136,0.01,1.0,,,
13310,3.17578125,0.0,3.17578125,0.000267491926803014,0.000133745963401507,97173.38490671178,6.978797568,0.12563549815164937,0.2809979256005147,3.6976676221716587,0.01,1.0,,,
13320,1.55322265625,0.0,1.55322265625,0.0002673842841765339,0.00013369214208826694,97174.0978569336,6.984040448,0.20770029146503946,0.3173905832052542,3.6959101697449115,0.01,1.0,,,
13330,1.744140625,0.0,1.744140625,0.00026727664155005385,0.00013363832077502693,97169.91523438698,6.989283328,0.2536777968286535,0.23473706127819824,3.694151974542022,0.01,1.0,,,
13340,3.349609375,0.0,3.349609375,0.00026716899892357377,0.00013358449946178688,97167.36081580004,6.994526208,0.11143251523493432,0.23956387511174831,3.6923930377546434,0.01,1.0,,,
13350,3.2490234375,0.0,3.2490234375,0.00026706135629709363,0.00013353067814854682,97167.55625882532,6.999769088,0.1075173240784475,0.3775511307234971,3.6906333605749335,0.01,1.0,,,
13360,3.33203125,0.0,3.33203125,0.00026695371367061355,0.00013347685683530677,97167.61401378294,7.005011968,0.11148559918553491,0.4843526761229677,3.688872944195549,0.01,1.0,,,
13370,3.2841796875,0.0,3.2841796875,0.00026684607104413347,0.00013342303552206673,97168.3855748531,7.010254848,0.15539534474609867,0.34744677044860695,3.68711178980965,0.01,1.0,,,
13380,3.09375,0.0,3.09375,0.00026673842841765344,0.00013336921420882672,97169.51467439054,7.015497728,0.19458889508207497,0.4365822228755402,3.6853498986108955,0.01,1.0,,,
13390,3.328125,0.0,3.328125,0.0002666307857911733,0.00013331539289558665,97168.35989206086,7.020740608,0.15333434105232585,0.3828528605345572,3.6835872717934444,0.01,1.0,,,
13400,3.294921875,0.0,3.294921875,0.0002665231431646932,0.0001332615715823466,97169.4728013112,7.025983488,0.11419821930372799,0.7254440541160614,3.681823910551954,0.01,1.0,,,
13410,2.6376953125,0.0,2.6376953125,0.00026641550053821313,0.00013320775026910657,97167.70701790345,7.031226368,0.19773153256373008,0.5411956169452373,3.680059816081579,0.01,1.0,,,
13420,1.974609375,0.0,1.974609375,0.00026630785791173305,0.00013315392895586653,97167.88643670622,7.036469248,0.15267983316363384,0.3736513862025698,3.678294989577972,0.01,1.0,,,
13430,1.7919921875,0.0,1.7919921875,0.00026620021528525297,0.00013310010764262648,97169.00040659106,7.041712128,0.21310313255717642,0.2540763380703776,3.676529432237282,0.01,1.0,,,
13440,3.3447265625,0.0,3.3447265625,0.00026609257265877283,0.00013304628632938642,97168.66822330453,7.046955008,0.17724267263371138,0.5789586662178281,3.674763145256151,0.01,1.0,,,
13450,3.25,0.0,3.25,0.0002659849300322928,0.0001329924650161464,97168.54158188392,7.052197888,0.13765878139571652,0.2170252285866094,3.672996129831719,0.01,1.0,,,
13460,3.173828125,0.0,3.173828125,0.0002658772874058127,0.00013293864370290636,97168.7031239839,7.057440768,0.12003902704898578,0.229793899780934,3.671228387161616,0.01,1.0,,,
13470,1.90087890625,0.0,1.90087890625,0.00026576964477933264,0.00013288482238966632,97158.03389261743,7.062683648,0.15174297610233353,0.1846646289773185,3.6694599184439674,0.01,1.0,,,
13480,3.228515625,0.0,3.228515625,0.00026566200215285255,0.00013283100107642628,97159.13045986653,7.067926528,0.15054602941935863,0.23359013438562307,3.66769072487739,0.01,1.0,,,
13490,3.205078125,0.0,3.205078125,0.0002655543595263724,0.0001327771797631862,97160.26183774929,7.073169408,0.1281439743654487,0.2554996911723573,3.6659208076609926,0.01,1.0,,,
13500,3.1123046875,0.0,3.1123046875,0.0002654467168998924,0.0001327233584499462,97161.35659897253,7.078412288,0.09660988319253241,0.16843633327745985,3.6641501679943724,0.01,1.0,,,
13500,,,,,,,,,,,,,0.0,0.0,0.0
13510,3.1474609375,0.0,3.1474609375,0.0002653390742734123,0.00013266953713670615,97160.25196899523,7.083655168,0.11344851074587728,0.20507127017480253,3.662378807077619,0.01,1.0,,,
13520,1.88818359375,0.0,1.88818359375,0.0002652314316469322,0.0001326157158234661,97160.97050788658,7.088898048,0.236188789136027,0.22495594053397178,3.660606726111309,0.01,1.0,,,
13530,3.2744140625,0.0,3.2744140625,0.0002651237890204521,0.00013256189451022604,97159.11239220834,7.094140928,0.11494308968812882,0.1814318599493978,3.6588339262965066,0.01,1.0,,,
13540,3.28125,0.0,3.28125,0.00026501614639397206,0.00013250807319698603,97156.22934384132,7.099383808,0.10652933570948589,0.44124351916959786,3.6570604088347656,0.01,1.0,,,
13550,2.22607421875,0.0,2.22607421875,0.000264908503767492,0.000132454251883746,97153.82355797665,7.104626688,0.12318900502906219,0.2233247362582804,3.6552861749281234,0.01,1.0,,,
13560,3.3251953125,0.0,3.3251953125,0.00026480086114101184,0.00013240043057050592,97149.32435922178,7.109869568,0.13079914093777026,0.17909251578867974,3.653511225779105,0.01,1.0,,,
13570,3.376953125,0.0,3.376953125,0.00026469321851453175,0.00013234660925726588,97148.96345139663,7.115112448,0.10344936979243133,0.1772259477037971,3.65173556259072,0.01,1.0,,,
13580,2.86328125,0.0,2.86328125,0.00026458557588805167,0.00013229278794402584,97147.37871948117,7.120355328,0.1776685013795311,0.3159897053182786,3.6499591865664605,0.01,1.0,,,
13590,2.5234375,0.0,2.5234375,0.00026447793326157164,0.00013223896663078582,97146.26493162317,7.125598208,0.17510703281228054,0.27410362014566597,3.6481820989103038,0.01,1.0,,,
13600,3.1572265625,0.0,3.1572265625,0.0002643702906350915,0.00013218514531754575,97146.06543860977,7.130841088,0.11820317034502256,0.23392221596326973,3.646404300826707,0.01,1.0,,,
13610,3.6884765625,0.0,3.6884765625,0.0002642626480086114,0.0001321313240043057,97146.10364096407,7.136083968,0.21232055827668395,0.3505370761246292,3.6446257935206106,0.01,1.0,,,
13620,2.4970703125,0.0,2.4970703125,0.00026415500538213134,0.00013207750269106567,97147.21292901688,7.141326848,0.2845347472440985,0.33948980943036566,3.642846578197435,0.01,1.0,,,
13630,3.24609375,0.0,3.24609375,0.00026404736275565126,0.00013202368137782563,97146.4638409216,7.146569728,0.10820440853901608,0.15706415959053752,3.6410666560630816,0.01,1.0,,,
13640,1.6181640625,0.0,1.6181640625,0.0002639397201291712,0.0001319698600645856,97142.29517106953,7.151812608,0.1535388110436604,0.37054666395400004,3.6392860283239292,0.01,1.0,,,
13650,2.84765625,0.0,2.84765625,0.00026383207750269104,0.00013191603875134552,97136.87440267976,7.157055488,0.17482889994214001,0.4834538998432825,3.637504696186837,0.01,1.0,,,
13660,3.18359375,0.0,3.18359375,0.000263724434876211,0.0001318622174381055,97122.01765104967,7.162298368,0.14411675223088252,0.6460199932885032,3.635722660859139,0.01,1.0,,,
13670,3.2431640625,0.0,3.2431640625,0.0002636167922497309,0.00013180839612486546,97121.20051739637,7.167541248,0.11721317479952342,0.3133762243419642,3.6339399235486467,0.01,1.0,,,
13680,3.375,0.0,3.375,0.00026350914962325084,0.00013175457481162542,97120.98445939222,7.172784128,0.13028090485742244,0.23400555572168616,3.6321564854636494,0.01,1.0,,,
13690,3.306640625,0.0,3.306640625,0.0002634015069967707,0.00013170075349838535,97119.28049989937,7.178027008,0.09995204533774309,0.474333543877565,3.630372347812908,0.01,1.0,,,
13700,3.162109375,0.0,3.162109375,0.0002632938643702906,0.0001316469321851453,97119.99172327736,7.183269888,0.11558140060216282,0.23073332283691358,3.628587511805661,0.01,1.0,,,
13710,3.3095703125,0.0,3.3095703125,0.0002631862217438106,0.0001315931108719053,97118.78445573377,7.188512768,0.09967481753347815,0.5083291120409544,3.626801978651617,0.01,1.0,,,
13720,2.0546875,0.0,2.0546875,0.00026307857911733046,0.00013153928955866523,97119.43071837544,7.193755648,0.21545215635275963,0.17616795967559454,3.6250157495609594,0.01,1.0,,,
13730,3.18359375,0.0,3.18359375,0.0002629709364908504,0.0001314854682454252,97120.54693897892,7.198998528,0.13497577303484468,0.22779395692816146,3.6232288257443424,0.01,1.0,,,
13740,3.1396484375,0.0,3.1396484375,0.0002628632938643703,0.00013143164693218515,97120.58434702955,7.204241408,0.09740155281129899,0.12632732615678416,3.621441208412891,0.01,1.0,,,
13750,2.640625,0.0,2.640625,0.0002627556512378902,0.0001313778256189451,97119.67054790581,7.209484288,0.17590899000438298,0.24105860333466178,3.6196528987781997,0.01,1.0,,,
13760,3.2958984375,0.0,3.2958984375,0.0002626480086114101,0.00013132400430570506,97119.2904927711,7.214727168,0.11743276370655649,0.2599539335606634,3.617863898052335,0.01,1.0,,,
13770,2.6689453125,0.0,2.6689453125,0.00026254036598493,0.000131270182992465,97120.37960189725,7.219970048,0.1415219499259649,0.2535026941903522,3.616074207447827,0.01,1.0,,,
13780,3.1181640625,0.0,3.1181640625,0.00026243272335844996,0.00013121636167922498,97116.57128807649,7.225212928,0.12455076653726536,0.3184040781997242,3.614283828177679,0.01,1.0,,,
13790,2.6064453125,0.0,2.6064453125,0.0002623250807319699,0.00013116254036598494,97116.55602696944,7.230455808,0.20472185904928805,0.2585810629905177,3.6124927614553557,0.01,1.0,,,
13800,2.8740234375,0.0,2.8740234375,0.0002622174381054898,0.0001311087190527449,97109.96113104165,7.235698688,0.12514777418885462,0.3538039125477908,3.6107010084947917,0.01,1.0,,,
13810,3.0146484375,0.0,3.0146484375,0.00026210979547900966,0.00013105489773950483,97109.8287818666,7.240941568,0.10482208065508505,0.19911826448163714,3.6089085705103847,0.01,1.0,,,
13820,3.134765625,0.0,3.134765625,0.00026200215285252963,0.00013100107642626481,97110.66917666244,7.246184448,0.10039730351313615,0.17752094118810066,3.6071154487169967,0.01,1.0,,,
13830,1.5234375,0.0,1.5234375,0.00026189451022604954,0.00013094725511302477,97110.69901464295,7.251427328,0.22992673766391422,0.30235746420852755,3.6053216443299547,0.01,1.0,,,
13840,3.21484375,0.0,3.21484375,0.00026178686759956946,0.00013089343379978473,97110.28311731365,7.256670208,0.12393167643264916,0.25547833832289285,3.603527158565046,0.01,1.0,,,
13850,2.0322265625,0.0,2.0322265625,0.0002616792249730894,0.0001308396124865447,97111.36900030059,7.261913088,0.17773066534292067,0.23635846909940963,3.6017319926385225,0.01,1.0,,,
13860,1.81591796875,0.0,1.81591796875,0.00026157158234660924,0.00013078579117330462,97112.47322824618,7.267155968,0.18554073343869046,0.35692901178733866,3.599936147767095,0.01,1.0,,,
13870,3.1376953125,0.0,3.1376953125,0.0002614639397201292,0.0001307319698600646,97113.60649561699,7.272398848,0.1314387860988079,0.3395398588538169,3.5981396251679354,0.01,1.0,,,
13880,3.0908203125,0.0,3.0908203125,0.00026135629709364913,0.00013067814854682457,97113.8360797887,7.277641728,0.10317120758068798,0.21577083411447412,3.596342426058673,0.01,1.0,,,
13890,3.1904296875,0.0,3.1904296875,0.000261248654467169,0.0001306243272335845,97114.32727413569,7.282884608,0.12993107247064867,0.21855691510522365,3.5945445516573993,0.01,1.0,,,
13900,2.16650390625,0.0,2.16650390625,0.0002611410118406889,0.00013057050592034446,97115.43961493502,7.288127488,0.13777873300498053,0.2580755249071592,3.592746003182661,0.01,1.0,,,
13910,2.6357421875,0.0,2.6357421875,0.00026103336921420883,0.00013051668460710441,97114.50230211628,7.293370368,0.13822882774938589,0.23070084962360027,3.5909467818534613,0.01,1.0,,,
13920,2.73046875,0.0,2.73046875,0.0002609257265877288,0.0001304628632938644,97113.82789311021,7.298613248,0.1564319028116396,0.28954204250892673,3.5891468888892613,0.01,1.0,,,
13930,3.1953125,0.0,3.1953125,0.00026081808396124866,0.00013040904198062433,97113.74666754148,7.303856128,0.1277566900205784,0.35097568117362105,3.587346325509975,0.01,1.0,,,
13940,1.806640625,0.0,1.806640625,0.0002607104413347686,0.0001303552206673843,97113.90093877868,7.309099008,0.1937484344527258,0.4541859606217978,3.585545092935973,0.01,1.0,,,
13950,3.16015625,0.0,3.16015625,0.0002606027987082885,0.00013030139935414425,97115.01296062759,7.314341888,0.10944666327048544,0.216753418820102,3.5837431923880785,0.01,1.0,,,
13960,3.212890625,0.0,3.212890625,0.0002604951560818084,0.0001302475780409042,97114.43196834826,7.319584768,0.1485542025566162,0.24315603220434195,3.581940625087567,0.01,1.0,,,
13970,3.1357421875,0.0,3.1357421875,0.00026038751345532833,0.00013019375672766416,97114.86240088224,7.324827648,0.11697512529483892,0.22105215912068177,3.5801373922561663,0.01,1.0,,,
13980,1.81982421875,0.0,1.81982421875,0.0002602798708288482,0.0001301399354144241,97112.99738524013,7.330070528,0.2182232865498752,0.3210527087335066,3.578333495116057,0.01,1.0,,,
13990,2.6201171875,0.0,2.6201171875,0.00026017222820236816,0.00013008611410118408,97111.51950919646,7.335313408,0.13380679476549712,0.32452362609201835,3.5765289348898657,0.01,1.0,,,
14000,1.7548828125,0.0,1.7548828125,0.0002600645855758881,0.00013003229278794404,97111.8549753891,7.340556288,0.23490002374299798,0.406923653072378,3.574723712800672,0.01,1.0,,,
14000,,,,,,,,,,,,,0.0,0.0,0.0
14010,3.228515625,0.0,3.228515625,0.000259956942949408,0.000129978471474704,97097.72591946989,7.345799168,0.13353304197216173,0.20968337559122494,3.572917830072005,0.01,1.0,,,
14020,3.158203125,0.0,3.158203125,0.00025984930032292786,0.00012992465016146393,97091.7799212203,7.351042048,0.10124416043154803,0.13853468848016162,3.5711112879278364,0.01,1.0,,,
14030,3.1923828125,0.0,3.1923828125,0.0002597416576964478,0.0001298708288482239,97089.5695945316,7.356284928,0.14909800805489357,0.48770578246056795,3.56930408759259,0.01,1.0,,,
14040,3.2822265625,0.0,3.2822265625,0.00025963401506996775,0.00012981700753498387,97090.25016985806,7.361527808,0.16686341441969404,0.6497531490355605,3.567496230291134,0.01,1.0,,,
14050,3.3046875,0.0,3.3046875,0.0002595263724434876,0.0001297631862217438,97088.27844575401,7.366770688,0.16209515874461067,0.4104527200416421,3.5656877172487804,0.01,1.0,,,
14060,3.099609375,0.0,3.099609375,0.00025941872981700753,0.00012970936490850376,97084.01718952142,7.372013568,0.1897787950690643,0.45302011642055423,3.5638785496912884,0.01,1.0,,,
14070,2.814453125,0.0,2.814453125,0.00025931108719052745,0.00012965554359526372,97072.84920980019,7.377256448,0.16127956341205418,0.5505861278523666,3.562068728844858,0.01,1.0,,,
14080,3.26171875,0.0,3.26171875,0.0002592034445640474,0.0001296017222820237,97073.95439310787,7.382499328,0.10711766624986357,0.25932610071434553,3.5602582559361338,0.01,1.0,,,
14090,2.30419921875,0.0,2.30419921875,0.0002590958019375673,0.00012954790096878364,97074.35379854895,7.387742208,0.16897859511841795,0.6159843298742634,3.5584471321922027,0.01,1.0,,,
14100,3.32421875,0.0,3.32421875,0.0002589881593110872,0.0001294940796555436,97075.4361972656,7.392985088,0.11602353440895523,0.456588474094794,3.5566353588405906,0.01,1.0,,,
14110,3.32421875,0.0,3.32421875,0.0002588805166846071,0.00012944025834230356,97076.53833837823,7.398227968,0.11907254462925429,0.20634194195283595,3.5548229371092646,0.01,1.0,,,
14120,2.33154296875,0.0,2.33154296875,0.00025877287405812703,0.00012938643702906352,97075.72197435214,7.403470848,0.4591443729826785,0.6686036498403017,3.553009868226634,0.01,1.0,,,
14130,3.2509765625,0.0,3.2509765625,0.00025866523143164695,0.00012933261571582347,97075.82559950162,7.408713728,0.2033318322307795,0.9789838148799166,3.5511961534215426,0.01,1.0,,,
14140,3.1708984375,0.0,3.1708984375,0.0002585575888051668,0.0001292787944025834,97070.91441800442,7.413956608,0.1713366585181203,0.5191720127765928,3.5493817939232737,0.01,1.0,,,
14150,1.50244140625,0.0,1.50244140625,0.0002584499461786868,0.0001292249730893434,97068.24291555755,7.419199488,0.21382544104173096,0.37077054152699146,3.547566790961547,0.01,1.0,,,
14160,3.2705078125,0.0,3.2705078125,0.0002583423035522067,0.00012917115177610335,97067.18009635324,7.424442368,0.11689341246290388,0.23787327421689347,3.5457511457665203,0.01,1.0,,,
14170,2.7177734375,0.0,2.7177734375,0.00025823466092572656,0.00012911733046286328,97065.89256888146,7.429685248,0.1778950760082594,0.6194536068950554,3.543934859568785,0.01,1.0,,,
14180,3.1728515625,0.0,3.1728515625,0.0002581270182992465,0.00012906350914962324,97066.73658153099,7.434928128,0.19265387755188765,0.5165749839662677,3.5421179335993664,0.01,1.0,,,
14190,3.1630859375,0.0,3.1630859375,0.0002580193756727664,0.0001290096878363832,97066.16693055043,7.440171008,0.1944826252526421,0.20924617446131683,3.5403003690897243,0.01,1.0,,,
14200,1.783203125,0.0,1.783203125,0.00025791173304628637,0.00012895586652314318,97066.69053572163,7.445413888,0.21356235305312493,0.4120228950808392,3.5384821672717526,0.01,1.0,,,
14210,3.0654296875,0.0,3.0654296875,0.0002578040904198063,0.00012890204520990314,97065.43090635847,7.450656768,0.16359005663738532,0.3698219192458618,3.5366633293777743,0.01,1.0,,,
14220,3.048828125,0.0,3.048828125,0.0002576964477933262,0.0001288482238966631,97065.28933385968,7.455899648,0.10935922172532647,0.28528732538776685,3.534843856640545,0.01,1.0,,,
14230,3.1123046875,0.0,3.1123046875,0.00025758880516684607,0.00012879440258342303,97063.6529567121,7.461142528,0.1436689872893191,0.29595219314634474,3.5330237502932524,0.01,1.0,,,
14240,3.130859375,0.0,3.130859375,0.000257481162540366,0.000128740581270183,97063.94513100202,7.466385408,0.126147171436654,0.4714407041510817,3.53120301156951,0.01,1.0,,,
14250,3.3095703125,0.0,3.3095703125,0.00025737351991388595,0.00012868675995694298,97065.06708333199,7.471628288,0.13220738703093046,0.6814025286864973,3.529381641703362,0.01,1.0,,,
14260,3.0625,0.0,3.0625,0.0002572658772874058,0.0001286329386437029,97066.18278051278,7.476871168,0.11904048403963341,0.5627369001755879,3.527559641929281,0.01,1.0,,,
14270,3.31640625,0.0,3.31640625,0.00025715823466092573,0.00012857911733046287,97067.010719401,7.482114048,0.160142187891106,0.5263593589135694,3.525737013482164,0.01,1.0,,,
14280,2.03369140625,0.0,2.03369140625,0.00025705059203444565,0.00012852529601722283,97068.10174825792,7.487356928,0.248962920182765,0.31163135776421597,3.523913757597337,0.01,1.0,,,
14290,1.93359375,0.0,1.93359375,0.00025694294940796557,0.00012847147470398278,97069.19541562187,7.492599808,0.19167543125835854,0.3047305944902512,3.52208987551055,0.01,1.0,,,
14300,3.2607421875,0.0,3.2607421875,0.0002568353067814855,0.00012841765339074274,97068.04495664123,7.497842688,0.16851187487082614,0.2170125197886954,3.5202653684579763,0.01,1.0,,,
14310,1.78759765625,0.0,1.78759765625,0.0002567276641550054,0.0001283638320775027,97066.1008169114,7.503085568,0.21231768912700863,0.2617102451594782,3.5184402376762156,0.01,1.0,,,
14320,3.3466796875,0.0,3.3466796875,0.0002566200215285253,0.00012831001076426266,97062.35921058587,7.508328448,0.14898474430098146,0.28653163744649274,3.5166144844022873,0.01,1.0,,,
14330,2.6630859375,0.0,2.6630859375,0.00025651237890204524,0.00012825618945102262,97063.46786170191,7.513571328,0.1674298719127098,0.3482631528611117,3.5147881098736344,0.01,1.0,,,
14340,1.95703125,0.0,1.95703125,0.00025640473627556515,0.00012820236813778258,97062.79525087806,7.518814208,0.1769588001265352,0.5296586043747205,3.5129611153281206,0.01,1.0,,,
14350,3.2236328125,0.0,3.2236328125,0.000256297093649085,0.0001281485468245425,97061.44811148796,7.524057088,0.13879451920751934,0.4917177724881566,3.5111335020040304,0.01,1.0,,,
14360,3.15234375,0.0,3.15234375,0.000256189451022605,0.0001280947255113025,97059.43992149242,7.529299968,0.10740353712625317,0.33417191217054726,3.5093052711400667,0.01,1.0,,,
14370,3.208984375,0.0,3.208984375,0.0002560818083961249,0.00012804090419806245,97059.53346632072,7.534542848,0.0982385845354355,0.26492770940106625,3.5074764239753504,0.01,1.0,,,
14380,2.65234375,0.0,2.65234375,0.00025597416576964477,0.00012798708288482238,97059.1475613434,7.539785728,0.14370829744795374,0.286164750081072,3.505646961749422,0.01,1.0,,,
14390,2.7646484375,0.0,2.7646484375,0.0002558665231431647,0.00012793326157158234,97060.28809726288,7.545028608,0.11378494643020869,0.18182486165511078,3.5038168857022387,0.01,1.0,,,
14400,3.2109375,0.0,3.2109375,0.0002557588805166846,0.0001278794402583423,97059.77092450616,7.550271488,0.137769816168665,0.2584230614250133,3.501986197074172,0.01,1.0,,,
14410,2.6728515625,0.0,2.6728515625,0.0002556512378902046,0.0001278256189451023,97059.40957338554,7.555514368,0.18558277617550703,0.35874088450606356,3.5001548971060097,0.01,1.0,,,
14420,3.0986328125,0.0,3.0986328125,0.00025554359526372444,0.00012777179763186222,97059.70982092172,7.560757248,0.1108054717651905,0.22270839057500094,3.498322987038954,0.01,1.0,,,
14430,3.291015625,0.0,3.291015625,0.00025543595263724435,0.00012771797631862218,97059.26036608808,7.566000128,0.11301653730888518,0.3565010826420738,3.49649046811462,0.01,1.0,,,
14440,3.2880859375,0.0,3.2880859375,0.00025532831001076427,0.00012766415500538214,97060.33860995347,7.571243008,0.24566032945939925,0.7866604424999585,3.4946573415750364,0.01,1.0,,,
14450,3.078125,0.0,3.078125,0.0002552206673842842,0.0001276103336921421,97061.43894243226,7.576485888,0.11624698528134733,0.3304404544144988,3.492823608662644,0.01,1.0,,,
14460,3.265625,0.0,3.265625,0.0002551130247578041,0.00012755651237890205,97061.13020934763,7.581728768,0.12992295056720116,0.2816603159057784,3.490989270620292,0.01,1.0,,,
14470,3.17578125,0.0,3.17578125,0.00025500538213132397,0.00012750269106566198,97059.0243264337,7.586971648,0.13732525340374335,0.3209806189077787,3.4891543286912423,0.01,1.0,,,
14480,2.8544921875,0.0,2.8544921875,0.00025489773950484394,0.00012744886975242197,97056.66215079257,7.592214528,0.11435153372050784,0.19652185044094198,3.487318784119166,0.01,1.0,,,
14490,3.2763671875,0.0,3.2763671875,0.00025479009687836386,0.00012739504843918193,97057.74631038496,7.597457408,0.1123587964998218,0.19884497141236154,3.4854826381481407,0.01,1.0,,,
14500,3.119140625,0.0,3.119140625,0.0002546824542518838,0.0001273412271259419,97054.17914719101,7.602700288,0.11949390837059838,0.49658893933358,3.483645892022655,0.01,1.0,,,
14500,,,,,,,,,,,,,0.0,0.0,0.0
14510,3.203125,0.0,3.203125,0.00025457481162540364,0.00012728740581270182,97055.29311539655,7.607943168,0.10694975699362766,0.17799446353901463,3.4818085469876,0.01,1.0,,,
14520,3.205078125,0.0,3.205078125,0.00025446716899892355,0.00012723358449946178,97054.61094289122,7.613186048,0.10864338491210074,0.20998199335164341,3.4799706042882756,0.01,1.0,,,
14530,2.8427734375,0.0,2.8427734375,0.0002543595263724435,0.00012717976318622176,97054.02858030234,7.618428928,0.14373112069162255,0.2153571399226218,3.4781320651703873,0.01,1.0,,,
14540,3.15234375,0.0,3.15234375,0.0002542518837459634,0.0001271259418729817,97055.14977178724,7.623671808,0.1161641980299547,0.29174672696159454,3.476292930880042,0.01,1.0,,,
14550,1.73974609375,0.0,1.73974609375,0.0002541442411194833,0.00012707212055974165,97056.25238546797,7.628914688,0.19673017172629767,0.23606509694513686,3.4744532026637516,0.01,1.0,,,
14560,3.1884765625,0.0,3.1884765625,0.0002540365984930032,0.0001270182992465016,97057.34577910342,7.634157568,0.1629719006449917,0.21824192890899352,3.472612881768432,0.01,1.0,,,
14570,3.2099609375,0.0,3.2099609375,0.00025392895586652314,0.00012696447793326157,97057.15874494702,7.639400448,0.13993833475720585,0.34625824801844446,3.470771969441398,0.01,1.0,,,
14580,3.140625,0.0,3.140625,0.0002538213132400431,0.00012691065662002156,97056.03813434573,7.644643328,0.13832783391884063,0.24810774814650235,3.4689304669303667,0.01,1.0,,,
14590,3.5625,0.0,3.5625,0.000253713670613563,0.0001268568353067815,97057.14649528082,7.649886208,0.16815476662202303,0.38088235998734354,3.4670883754834563,0.01,1.0,,,
14600,2.609375,0.0,2.609375,0.0002536060279870829,0.00012680301399354145,97057.50377978993,7.655129088,0.12781363808348517,0.18178025217698893,3.465245696349182,0.01,1.0,,,
14610,3.2646484375,0.0,3.2646484375,0.0002534983853606028,0.0001267491926803014,97058.58569237328,7.660371968,0.11534622820704392,0.30980195021342083,3.463402430776459,0.01,1.0,,,
14620,3.2353515625,0.0,3.2353515625,0.0002533907427341228,0.0001266953713670614,97057.52878854498,7.665614848,0.10610713765149182,0.22701434130369,3.4615585800145974,0.01,1.0,,,
14630,2.5625,0.0,2.5625,0.00025328310010764264,0.00012664155005382132,97056.81084843751,7.670857728,0.11688585969726556,0.2635316607717775,3.4597141453133076,0.01,1.0,,,
14640,1.77783203125,0.0,1.77783203125,0.00025317545748116256,0.00012658772874058128,97056.83814328919,7.676100608,0.1499032016761368,0.3627017096762159,3.4578691279226947,0.01,1.0,,,
14650,1.90283203125,0.0,1.90283203125,0.0002530678148546825,0.00012653390742734124,97057.02617649127,7.681343488,0.18540666709094505,0.6488344269732144,3.456023529093256,0.01,1.0,,,
14660,2.7509765625,0.0,2.7509765625,0.0002529601722282024,0.0001264800861141012,97058.04950717253,7.686586368,0.1853268073722595,0.3679410145565465,3.4541773500758852,0.01,1.0,,,
14670,3.1875,0.0,3.1875,0.0002528525296017223,0.00012642626480086116,97059.10512844822,7.691829248,0.1342253142071766,0.36037764770816333,3.4523305921218697,0.01,1.0,,,
14680,2.552734375,0.0,2.552734375,0.0002527448869752422,0.0001263724434876211,97060.16402799438,7.697072128,0.17777524405905581,0.40353512265453345,3.4504832564828885,0.01,1.0,,,
14690,2.4765625,0.0,2.4765625,0.00025263724434876214,0.00012631862217438107,97061.23650798053,7.702315008,0.13914771827330571,0.6184143165314053,3.4486353444110116,0.01,1.0,,,
14700,3.263671875,0.0,3.263671875,0.00025252960172228206,0.00012626480086114103,97060.29627105295,7.707557888,0.11913993924403099,0.21212234934249002,3.4467868571587004,0.01,1.0,,,
14710,2.3994140625,0.0,2.3994140625,0.000252421959095802,0.000126210979547901,97061.40475703114,7.712800768,0.1771560940127148,0.30597175673876803,3.444937795978806,0.01,1.0,,,
14720,1.8310546875,0.0,1.8310546875,0.00025231431646932184,0.00012615715823466092,97061.96927489302,7.718043648,0.16057382480872803,0.2204502764359759,3.443088162124569,0.01,1.0,,,
14730,1.71337890625,0.0,1.71337890625,0.00025220667384284176,0.00012610333692142088,97062.27439318833,7.723286528,0.14174643519508698,0.23856205503238756,3.4412379568496165,0.01,1.0,,,
14740,3.111328125,0.0,3.111328125,0.00025209903121636173,0.00012604951560818087,97061.49085673036,7.728529408,0.10744160821767314,0.16263508673404478,3.4393871814079646,0.01,1.0,,,
14750,3.259765625,0.0,3.259765625,0.0002519913885898816,0.0001259956942949408,97062.58251817463,7.733772288,0.11927758755569018,0.2732300983862088,3.437535837054016,0.01,1.0,,,
14760,1.8447265625,0.0,1.8447265625,0.0002518837459634015,0.00012594187298170076,97063.62700357178,7.739015168,0.18680408831858006,0.16954354240046576,3.4356839250425573,0.01,1.0,,,
14770,2.7900390625,0.0,2.7900390625,0.00025177610333692143,0.00012588805166846071,97064.68768387557,7.744258048,0.12040278384176824,0.21721755047058697,3.4338314466287603,0.01,1.0,,,
14780,3.2021484375,0.0,3.2021484375,0.00025166846071044134,0.00012583423035522067,97065.77036900887,7.749500928,0.18426348971106704,0.464226066734035,3.431978403068183,0.01,1.0,,,
14790,2.6298828125,0.0,2.6298828125,0.00025156081808396126,0.00012578040904198063,97064.7959051888,7.754743808,0.15963210726566215,0.22997220174608332,3.4301247956167624,0.01,1.0,,,
14800,3.25390625,0.0,3.25390625,0.0002514531754574811,0.00012572658772874056,97063.28910066566,7.759986688,0.12973987411857893,0.22747565648901966,3.4282706255308213,0.01,1.0,,,
14810,1.8681640625,0.0,1.8681640625,0.0002513455328310011,0.00012567276641550055,97064.33821283959,7.765229568,0.22626102282947602,0.2975366880811748,3.426415894067062,0.01,1.0,,,
14820,1.83251953125,0.0,1.83251953125,0.000251237890204521,0.0001256189451022605,97064.98538525641,7.770472448,0.2262952052185092,0.3136186383237298,3.424560602482568,0.01,1.0,,,
14830,2.884765625,0.0,2.884765625,0.00025113024757804093,0.00012556512378902046,97065.61892005078,7.775715328,0.1555130381119213,0.24123914617034822,3.4227047520348024,0.01,1.0,,,
14840,1.994140625,0.0,1.994140625,0.0002510226049515608,0.0001255113024757804,97066.13935277578,7.780958208,0.15853435521950204,0.24813788224260952,3.4208483439816053,0.01,1.0,,,
14850,1.765625,0.0,1.765625,0.00025091496232508076,0.00012545748116254038,97067.21921371548,7.786201088,0.16465525154561375,0.3028266840733809,3.4189913795811973,0.01,1.0,,,
14860,3.2158203125,0.0,3.2158203125,0.0002508073196986007,0.00012540365984930034,97068.2937550309,7.791443968,0.12806182946319994,0.2282716168871235,3.417133860092176,0.01,1.0,,,
14870,1.76904296875,0.0,1.76904296875,0.00025069967707212054,0.00012534983853606027,97069.16553255501,7.796686848,0.4731003009044764,0.4293867906078322,3.415275786773513,0.01,1.0,,,
14880,2.7861328125,0.0,2.7861328125,0.00025059203444564046,0.00012529601722282023,97070.0105016689,7.801929728,0.20582865428924965,0.2351320930307095,3.4134171608845563,0.01,1.0,,,
14890,3.0517578125,0.0,3.0517578125,0.0002504843918191604,0.0001252421959095802,97070.3953486654,7.807172608,0.10915300305625482,0.18562854638987766,3.41155798368503,0.01,1.0,,,
14900,3.0869140625,0.0,3.0869140625,0.00025037674919268035,0.00012518837459634017,97069.04611535673,7.812415488,0.12224473146789987,0.2012056981510099,3.4096982564350293,0.01,1.0,,,
14910,3.208984375,0.0,3.208984375,0.0002502691065662002,0.0001251345532831001,97070.12731542333,7.817658368,0.10957252299781405,0.29164159226026964,3.4078379803950236,0.01,1.0,,,
14920,2.48388671875,0.0,2.48388671875,0.00025016146393972013,0.00012508073196986006,97071.15690200773,7.822901248,0.21682217146192456,0.2815723312606291,3.4059771568258546,0.01,1.0,,,
14930,1.5146484375,0.0,1.5146484375,0.00025005382131324005,0.00012502691065662002,97072.05179261556,7.828144128,0.12894898327912518,0.24540049318399668,3.4041157869887333,0.01,1.0,,,
14940,3.283203125,0.0,3.283203125,0.00024994617868675996,0.00012497308934337998,97073.12142293226,7.833387008,0.11987763154705135,0.25219374660314414,3.4022538721452444,0.01,1.0,,,
14950,2.42822265625,0.0,2.42822265625,0.00024983853606027994,0.00012491926803013997,97074.16898660068,7.838629888,0.22070447541411692,0.29324807720866464,3.400391413557338,0.01,1.0,,,
14960,3.9970703125,0.0,3.9970703125,0.0002497308934337998,0.0001248654467168999,97075.08317557962,7.843872768,0.41462642907896813,0.6777418802214447,3.398528412487335,0.01,1.0,,,
14970,3.2216796875,0.0,3.2216796875,0.0002496232508073197,0.00012481162540365986,97076.1019313686,7.849115648,0.13617773262640218,0.27617312147724116,3.3966648701979243,0.01,1.0,,,
14980,3.1513671875,0.0,3.1513671875,0.00024951560818083963,0.00012475780409041982,97077.02880040936,7.854358528,0.11618070979156711,0.26667660964171597,3.3948007879521596,0.01,1.0,,,
14990,2.7421875,0.0,2.7421875,0.00024940796555435955,0.00012470398277717977,97077.94099312545,7.859601408,0.13297229028998248,0.28382089709938624,3.3929361670134623,0.01,1.0,,,
15000,3.205078125,0.0,3.205078125,0.00024930032292787947,0.00012465016146393973,97078.98467381441,7.864844288,0.14535417670951528,0.343718899583225,3.391071008645619,0.01,1.0,,,
15000,,,,,,,,,,,,,0.0,0.0,0.0
15010,1.9033203125,0.0,1.9033203125,0.00024919268030139933,0.00012459634015069966,97069.07357847656,7.870087168,0.4023984548059176,0.4933593384934382,3.3892053141127794,0.01,1.0,,,
15020,3.2490234375,0.0,3.2490234375,0.0002490850376749193,0.00012454251883745965,97070.11645476808,7.875330048,0.1048343370137787,0.4154610855928057,3.3873390846794567,0.01,1.0,,,
15030,3.2275390625,0.0,3.2275390625,0.0002489773950484392,0.0001244886975242196,97071.16500862641,7.880572928,0.11083865886031566,0.38678802528890044,3.385472321610528,0.01,1.0,,,
15040,3.30859375,0.0,3.30859375,0.00024886975242195913,0.00012443487621097957,97072.19521656487,7.885815808,0.10044140727696711,0.41688560589711443,3.3836050261712307,0.01,1.0,,,
15050,2.7080078125,0.0,2.7080078125,0.000248762109795479,0.0001243810548977395,97072.64752690117,7.891058688,0.1158467288367189,0.2052695112499614,3.3817371996271635,0.01,1.0,,,
15060,3.10546875,0.0,3.10546875,0.0002486544671689989,0.00012432723358449946,97073.56796022493,7.896301568,0.10146738769783388,0.19180798578164732,3.3798688432442865,0.01,1.0,,,
15070,1.7802734375,0.0,1.7802734375,0.0002485468245425189,0.00012427341227125944,97074.59820487544,7.901544448,0.23927469011263108,0.24007355893411828,3.3779999582889144,0.01,1.0,,,
15080,3.140625,0.0,3.140625,0.00024843918191603875,0.00012421959095801937,97075.50447753348,7.906787328,0.1169542599325687,0.23815077784662214,3.3761305460277264,0.01,1.0,,,
15090,3.1923828125,0.0,3.1923828125,0.00024833153928955867,0.00012416576964477933,97076.58474743916,7.912030208,0.11283236287716035,0.32907623623832,3.3742606077277535,0.01,1.0,,,
15100,3.1669921875,0.0,3.1669921875,0.0002482238966630786,0.0001241119483315393,97076.90054156179,7.917273088,0.09730667908967247,0.1561417888423181,3.372390144656387,0.01,1.0,,,
15110,1.64306640625,0.0,1.64306640625,0.00024811625403659855,0.00012405812701829928,97077.95622217275,7.922515968,0.15833680290377247,0.25483369345757556,3.370519158081373,0.01,1.0,,,
15120,1.3955078125,0.0,1.3955078125,0.0002480086114101184,0.0001240043057050592,97078.55845273292,7.927758848,0.12883127043611814,0.21630146682285456,3.3686476492708106,0.01,1.0,,,
15130,3.18359375,0.0,3.18359375,0.00024790096878363833,0.00012395048439181917,97079.39788204555,7.933001728,0.12651203506628075,0.30104219956158224,3.366775619493155,0.01,1.0,,,
15140,1.84521484375,0.0,1.84521484375,0.00024779332615715825,0.00012389666307857913,97079.5802614995,7.938244608,0.1577915604109043,0.17348276998269288,3.364903070017214,0.01,1.0,,,
15150,2.50390625,0.0,2.50390625,0.00024768568353067817,0.00012384284176533908,97077.46087189335,7.943487488,0.13578512209106863,0.35426342919883114,3.363030002112146,0.01,1.0,,,
15160,3.1953125,0.0,3.1953125,0.0002475780409041981,0.00012378902045209904,97077.48846986491,7.948730368,0.12014844329459796,0.46384150576376243,3.361156417047464,0.01,1.0,,,
15170,3.294921875,0.0,3.294921875,0.00024747039827771795,0.00012373519913885897,97078.12340811726,7.953973248,0.11038188918592792,0.2322793239768195,3.3592823160930285,0.01,1.0,,,
15180,3.244140625,0.0,3.244140625,0.0002473627556512379,0.00012368137782561896,97078.05552895929,7.959216128,0.12037372531783277,0.3534158513210109,3.3574077005190506,0.01,1.0,,,
15190,3.251953125,0.0,3.251953125,0.00024725511302475784,0.00012362755651237892,97079.1020240458,7.964459008,0.16040719394026043,0.2050038143086584,3.3555325715960915,0.01,1.0,,,
15200,1.94189453125,0.0,1.94189453125,0.0002471474703982777,0.00012357373519913885,97079.72954592829,7.969701888,0.23415435610547577,0.3785531878942461,3.3536569305950574,0.01,1.0,,,
15210,3.2421875,0.0,3.2421875,0.0002470398277717976,0.0001235199138858988,97080.3975139062,7.974944768,0.10936729604142564,0.24253771092853296,3.3517807787872056,0.01,1.0,,,
15220,1.703125,0.0,1.703125,0.00024693218514531753,0.00012346609257265877,97081.30348270602,7.980187648,0.17723079225111252,0.22180879413440663,3.349904117444136,0.01,1.0,,,
15230,1.92236328125,0.0,1.92236328125,0.0002468245425188375,0.00012341227125941875,97082.37020500802,7.985430528,0.23090679395118435,0.3039535446242731,3.3480269478377958,0.01,1.0,,,
15240,3.3349609375,0.0,3.3349609375,0.00024671689989235737,0.00012335844994617868,97081.86321176395,7.990673408,0.19664252068471294,0.2806353935872962,3.346149271240475,0.01,1.0,,,
15250,1.7421875,0.0,1.7421875,0.0002466092572658773,0.00012330462863293864,97082.88985482207,7.995916288,0.13212632656508694,0.22994071393156035,3.34427108892481,0.01,1.0,,,
15260,2.740234375,0.0,2.740234375,0.0002465016146393972,0.0001232508073196986,97083.91422060286,8.001159168,0.1566207757634558,0.44055117611150607,3.3423924021637776,0.01,1.0,,,
15270,3.2744140625,0.0,3.2744140625,0.0002463939720129171,0.00012319698600645856,97083.77754334442,8.006402048,0.13289438740851017,0.2643775081521953,3.3405132122306975,0.01,1.0,,,
15280,3.33984375,0.0,3.33984375,0.00024628632938643704,0.00012314316469321852,97084.08268029915,8.011644928,0.11901620167345711,0.3374555937544727,3.3386335203992297,0.01,1.0,,,
15290,1.87109375,0.0,1.87109375,0.0002461786867599569,0.00012308934337997845,97084.73977803059,8.016887808,0.1802811207836824,0.23427583745057856,3.3367533279433745,0.01,1.0,,,
15300,3.3203125,0.0,3.3203125,0.00024607104413347687,0.00012303552206673844,97085.45766342268,8.022130688,0.11078555037075283,0.21016686759154682,3.3348726361374728,0.01,1.0,,,
15310,3.2138671875,0.0,3.2138671875,0.0002459634015069968,0.0001229817007534984,97086.32661884841,8.027373568,0.1123602337703184,0.15195476339878497,3.3329914462562025,0.01,1.0,,,
15320,2.50830078125,0.0,2.50830078125,0.0002458557588805167,0.00012292787944025835,97085.19346110585,8.032616448,0.18274879366855873,0.23624753210041038,3.3311097595745793,0.01,1.0,,,
15330,3.166015625,0.0,3.166015625,0.0002457481162540366,0.0001228740581270183,97086.19971070219,8.037859328,0.11420922497076502,0.18333221381649184,3.3292275773679565,0.01,1.0,,,
15340,2.6875,0.0,2.6875,0.0002456404736275565,0.00012282023681377824,97087.19563430229,8.043102208,0.16357811156392876,0.22857326186230645,3.327344900912022,0.01,1.0,,,
15350,3.1962890625,0.0,3.1962890625,0.00024553283100107646,0.00012276641550053823,97088.21457568827,8.048345088,0.1491543010314891,0.3833407123551239,3.3254617314828,0.01,1.0,,,
15360,1.794921875,0.0,1.794921875,0.0002454251883745964,0.0001227125941872982,97089.19213445683,8.053587968,0.14977801005378724,0.2263454223823703,3.323578070356648,0.01,1.0,,,
15370,3.0791015625,0.0,3.0791015625,0.0002453175457481163,0.00012265877287405815,97089.03016197751,8.058830848,0.10566629414420904,0.2525345999830674,3.321693918810255,0.01,1.0,,,
15380,3.1845703125,0.0,3.1845703125,0.00024520990312163615,0.00012260495156081808,97090.00775480531,8.064073728,0.14082862140528152,0.23355503968427,3.3198092781206476,0.01,1.0,,,
15390,1.81298828125,0.0,1.81298828125,0.0002451022604951561,0.00012255113024757806,97090.94460823457,8.069316608,0.11683055565335433,0.22193578316112408,3.317924149565179,0.01,1.0,,,
15400,3.1357421875,0.0,3.1357421875,0.00024499461786867604,0.00012249730893433802,97091.8766351159,8.074559488,0.13299984656976346,0.32538919219255963,3.3160385344215344,0.01,1.0,,,
15410,3.1708984375,0.0,3.1708984375,0.0002448869752421959,0.00012244348762109795,97092.84497040509,8.079802368,0.12166129876670784,0.30552075362259934,3.3141524339677297,0.01,1.0,,,
15420,3.203125,0.0,3.203125,0.0002447793326157158,0.0001223896663078579,97093.7707942928,8.085045248,0.11307866647739527,0.2868723741587776,3.312265849482108,0.01,1.0,,,
15430,2.41748046875,0.0,2.41748046875,0.00024467168998923574,0.00012233584499461787,97094.10378851299,8.090288128,0.24998587860089552,0.3232386014284981,3.310378782243343,0.01,1.0,,,
15440,2.640625,0.0,2.640625,0.0002445640473627557,0.00012228202368137786,97095.09142184071,8.095531008,0.12265183254065816,0.23311442267301719,3.3084912335304333,0.01,1.0,,,
15450,3.267578125,0.0,3.267578125,0.0002444564047362756,0.0001222282023681378,97096.08966950545,8.100773888,0.12010772268447882,0.28604120907838265,3.3066032046227045,0.01,1.0,,,
15460,3.1572265625,0.0,3.1572265625,0.0002443487621097955,0.00012217438105489775,97097.08656648472,8.106016768,0.14755005826546638,0.26447109265354657,3.3047146967998087,0.01,1.0,,,
15470,3.197265625,0.0,3.197265625,0.0002442411194833154,0.0001221205597416577,97098.09484169021,8.111259648,0.11225724007981304,0.2009787602710082,3.302825711341722,0.01,1.0,,,
15480,2.0126953125,0.0,2.0126953125,0.00024413347685683535,0.00012206673842841768,97098.37007529287,8.116502528,0.11585194477747689,0.3794550293577714,3.300936249528742,0.01,1.0,,,
15490,1.95947265625,0.0,1.95947265625,0.00024402583423035524,0.00012201291711517762,97097.75478499699,8.121745408,0.1526004262200638,0.36809573204363794,3.2990463126414933,0.01,1.0,,,
15500,3.1923828125,0.0,3.1923828125,0.00024391819160387513,0.00012195909580193757,97093.89702423358,8.126988288,0.10438284351734947,0.48161668430205123,3.2971559019609193,0.01,1.0,,,
15500,,,,,,,,,,,,,0.0,0.0,0.0
15510,3.201171875,0.0,3.201171875,0.00024381054897739505,0.00012190527448869752,97094.89702295006,8.132231168,0.14246815742450025,0.28587737459906937,3.2952650187682853,0.01,1.0,,,
15520,3.306640625,0.0,3.306640625,0.000243702906350915,0.0001218514531754575,97095.02946389613,8.137474048,0.13218745965919645,0.1717291747507697,3.2933736643451783,0.01,1.0,,,
15530,2.00830078125,0.0,2.00830078125,0.00024359526372443488,0.00012179763186221744,97096.05147903644,8.142716928,0.6545260124890256,0.7567123560008783,3.2914818399735024,0.01,1.0,,,
15540,1.71240234375,0.0,1.71240234375,0.00024348762109795477,0.00012174381054897739,97096.6149460348,8.147959808,0.20541473767162866,0.41517252382620484,3.2895895469354812,0.01,1.0,,,
15550,3.2177734375,0.0,3.2177734375,0.00024337997847147472,0.00012168998923573736,97096.25138219022,8.153202688,0.11006101622479096,0.24081264534119248,3.2876967865136577,0.01,1.0,,,
15560,3.1923828125,0.0,3.1923828125,0.00024327233584499463,0.00012163616792249732,97097.26465837202,8.158445568,0.14011177249199758,0.47567213881072196,3.2858035599908884,0.01,1.0,,,
15570,3.150390625,0.0,3.150390625,0.00024316469321851455,0.00012158234660925728,97096.99985492078,8.163688448,0.10424523602051283,0.31474103391201824,3.2839098686503467,0.01,1.0,,,
15580,3.185546875,0.0,3.185546875,0.00024305705059203444,0.00012152852529601722,97098.02747747106,8.168931328,0.12863294337989115,0.33344259822207806,3.2820157137755235,0.01,1.0,,,
15590,3.03125,0.0,3.03125,0.00024294940796555436,0.00012147470398277718,97098.9927456571,8.174174208,0.11565588260071553,0.3201167265738176,3.2801210966502214,0.01,1.0,,,
15600,3.1064453125,0.0,3.1064453125,0.0002428417653390743,0.00012142088266953715,97099.98952169446,8.179417088,0.10119410438084367,0.33016443847962446,3.278226018558557,0.01,1.0,,,
15610,3.1025390625,0.0,3.1025390625,0.0002427341227125942,0.0001213670613562971,97100.97830633749,8.184659968,0.10834775610239575,0.14443050437336385,3.2763304807849596,0.01,1.0,,,
15620,3.1240234375,0.0,3.1240234375,0.00024262648008611408,0.00012131324004305704,97101.96890780663,8.189902848,0.07902628343550205,0.9968676213567417,3.274434484614169,0.01,1.0,,,
15630,1.955078125,0.0,1.955078125,0.00024251883745963403,0.00012125941872981701,97102.60080276309,8.195145728,0.16796291157267743,0.29346223178930203,3.272538031331237,0.01,1.0,,,
15640,3.16796875,0.0,3.16796875,0.00024241119483315394,0.00012120559741657697,97103.33349775555,8.200388608,0.10891846091465861,0.3930969330525785,3.2706411222215244,0.01,1.0,,,
15650,3.1513671875,0.0,3.1513671875,0.00024230355220667383,0.00012115177610333692,97104.3076534107,8.205631488,0.10669072174290453,0.17933923443168004,3.2687437585707007,0.01,1.0,,,
15660,3.2177734375,0.0,3.2177734375,0.00024219590958019372,0.00012109795479009686,97103.02669888682,8.210874368,0.10436000840485127,0.19091910675709162,3.2668459416647457,0.01,1.0,,,
15670,3.1748046875,0.0,3.1748046875,0.00024208826695371367,0.00012104413347685683,97104.03136679906,8.216117248,0.10630621415795999,0.21380159145479286,3.2649476727899427,0.01,1.0,,,
15680,3.10546875,0.0,3.10546875,0.0002419806243272336,0.0001209903121636168,97105.04733314953,8.221360128,0.10533160519302304,0.30678903818949543,3.263048953232884,0.01,1.0,,,
15690,3.193359375,0.0,3.193359375,0.00024187298170075353,0.00012093649085037676,97106.00004006854,8.226603008,0.1275581209673956,0.1861753394275581,3.2611497842804678,0.01,1.0,,,
15700,3.23828125,0.0,3.23828125,0.00024176533907427345,0.00012088266953713672,97106.80155771878,8.231845888,0.10707888173908635,0.19428959028769813,3.259250167219894,0.01,1.0,,,
15710,2.6484375,0.0,2.6484375,0.00024165769644779334,0.00012082884822389667,97107.44734308393,8.237088768,0.11912483730634083,0.13951922119033613,3.2573501033386685,0.01,1.0,,,
15720,1.8740234375,0.0,1.8740234375,0.00024155005382131325,0.00012077502691065663,97107.37442674722,8.242331648,0.19194723960187415,0.19427685425646346,3.2554495939246006,0.01,1.0,,,
15730,1.779296875,0.0,1.779296875,0.0002414424111948332,0.0001207212055974166,97108.3205766719,8.247574528,0.13704084004016506,0.16129395426593002,3.253548640265799,0.01,1.0,,,
15740,2.5244140625,0.0,2.5244140625,0.0002413347685683531,0.00012066738428417654,97109.28631911705,8.252817408,0.13942782794335168,0.3106897950453889,3.2516472436506754,0.01,1.0,,,
15750,1.5390625,0.0,1.5390625,0.00024122712594187298,0.00012061356297093649,97110.2654819249,8.258060288,0.2574496313901599,0.26486936538164896,3.249745405367942,0.01,1.0,,,
15760,2.51513671875,0.0,2.51513671875,0.00024111948331539292,0.00012055974165769646,97110.13678970598,8.263303168,0.19394281054049098,0.3875569612651445,3.247843126706609,0.01,1.0,,,
15770,2.09130859375,0.0,2.09130859375,0.00024101184068891284,0.00012050592034445642,97111.09892820945,8.268546048,0.32274170048596024,0.4478650973282663,3.245940408955987,0.01,1.0,,,
15780,3.2646484375,0.0,3.2646484375,0.00024090419806243273,0.00012045209903121636,97111.32771892988,8.273788928,0.16532821699175335,0.5156719115695367,3.2440372534056805,0.01,1.0,,,
15790,3.1591796875,0.0,3.1591796875,0.00024079655543595262,0.00012039827771797631,97111.00793055436,8.279031808,0.10322180104765238,0.25360338819624106,3.2421336613455947,0.01,1.0,,,
15800,3.099609375,0.0,3.099609375,0.00024068891280947256,0.00012034445640473628,97109.6240067686,8.284274688,0.09593577628163244,0.18406766772124714,3.240229634065929,0.01,1.0,,,
15810,3.3486328125,0.0,3.3486328125,0.0002405812701829925,0.00012029063509149625,97109.82987265551,8.289517568,0.13675821344671035,0.3018017314142775,3.2383251728571776,0.01,1.0,,,
15820,1.99755859375,0.0,1.99755859375,0.0002404736275565124,0.0001202368137782562,97109.01643445912,8.294760448,0.4271462748230739,0.24873652676059424,3.236420279010129,0.01,1.0,,,
15830,3.16796875,0.0,3.16796875,0.0002403659849300323,0.00012018299246501614,97107.64378033887,8.300003328,0.11247502560057068,0.3263787785055197,3.234514953815866,0.01,1.0,,,
15840,2.10546875,0.0,2.10546875,0.00024025834230355223,0.00012012917115177612,97108.62232821003,8.305246208,0.6445113761687248,0.34937869950980444,3.2326091985657626,0.01,1.0,,,
15850,3.10546875,0.0,3.10546875,0.00024015069967707215,0.00012007534983853607,97108.14812841243,8.310489088,0.12441833669184267,0.5017968331821857,3.2307030145514832,0.01,1.0,,,
15860,3.162109375,0.0,3.162109375,0.00024004305705059204,0.00012002152852529602,97109.03151631745,8.315731968,0.10471926015041881,0.2617353491241546,3.2287964030649854,0.01,1.0,,,
15870,3.1865234375,0.0,3.1865234375,0.00023993541442411193,0.00011996770721205596,97107.91069795591,8.320974848,0.1161063329078408,0.2621454187435756,3.2268893653985136,0.01,1.0,,,
15880,3.1416015625,0.0,3.1416015625,0.00023982777179763187,0.00011991388589881594,97107.93759967897,8.326217728,0.10275180891162851,0.3019652540539036,3.2249819028446045,0.01,1.0,,,
15890,2.63671875,0.0,2.63671875,0.00023972012917115182,0.00011986006458557591,97108.90485344916,8.331460608,0.1786410987357668,0.2938595737090352,3.22307401669608,0.01,1.0,,,
15900,1.7060546875,0.0,1.7060546875,0.0002396124865446717,0.00011980624327233585,97109.86186915057,8.336703488,0.17757908843198397,0.4672195932729329,3.22116570824605,0.01,1.0,,,
15910,3.1767578125,0.0,3.1767578125,0.0002395048439181916,0.0001197524219590958,97110.28832655685,8.341946368,0.18205496793684822,0.40308778564128517,3.219256978787911,0.01,1.0,,,
15920,3.28515625,0.0,3.28515625,0.00023939720129171151,0.00011969860064585576,97108.16125756149,8.347189248,0.15759217289777347,0.29310394744166274,3.217347829615344,0.01,1.0,,,
15930,3.171875,0.0,3.171875,0.00023928955866523146,0.00011964477933261573,97109.1393778939,8.352432128,0.1321442985940548,0.21548752690848116,3.215438262022315,0.01,1.0,,,
15940,2.4921875,0.0,2.4921875,0.00023918191603875135,0.00011959095801937567,97110.09103249517,8.357675008,0.12015973561071701,0.22701924019311154,3.213528277303074,0.01,1.0,,,
15950,2.05029296875,0.0,2.05029296875,0.00023907427341227124,0.00011953713670613562,97110.64974700952,8.362917888,0.16170410367666552,0.16795378488869492,3.211617876752153,0.01,1.0,,,
15960,3.3203125,0.0,3.3203125,0.00023896663078579118,0.00011948331539289559,97111.61842501715,8.368160768,0.11345982256560613,0.4478070688416679,3.209707061664366,0.01,1.0,,,
15970,2.677734375,0.0,2.677734375,0.00023885898815931113,0.00011942949407965556,97112.56051568301,8.373403648,0.15075661702902726,0.31412981108211535,3.207795833334809,0.01,1.0,,,
15980,3.2216796875,0.0,3.2216796875,0.00023875134553283102,0.00011937567276641551,97110.9215051689,8.378646528,0.12284168839359831,0.3627941631204437,3.205884193058855,0.01,1.0,,,
15990,1.76513671875,0.0,1.76513671875,0.0002386437029063509,0.00011932185145317545,97108.7284387662,8.383889408,0.4089305057777603,0.4390961436629236,3.203972142132161,0.01,1.0,,,
16000,3.265625,0.0,3.265625,0.00023853606027987082,0.00011926803013993541,97105.69542352878,8.389132288,0.1324235492328163,0.37798470363511144,3.2020596818506575,0.01,1.0,,,
16000,,,,,,,,,,,,,0.0,0.0,0.0
16010,3.0478515625,0.0,3.0478515625,0.00023842841765339077,0.00011921420882669538,97095.56126887984,8.394375168,0.1405270757187641,0.22986476236604536,3.2001468135105564,0.01,1.0,,,
16020,3.2890625,0.0,3.2890625,0.00023832077502691066,0.00011916038751345533,97095.2053303782,8.399618048,0.11049356886099661,0.24752623804501497,3.198233538408343,0.01,1.0,,,
16030,3.2158203125,0.0,3.2158203125,0.00023821313240043055,0.00011910656620021527,97094.69849523525,8.404860928,0.10932083139475196,0.16106874627275536,3.19631985784078,0.01,1.0,,,
16040,2.6357421875,0.0,2.6357421875,0.0002381054897739505,0.00011905274488697525,97095.68185530463,8.410103808,0.1426488710780602,0.1678082717834283,3.194405773104905,0.01,1.0,,,
16050,3.1513671875,0.0,3.1513671875,0.0002379978471474704,0.0001189989235737352,97096.39012809211,8.415346688,0.09941049037923962,0.23581814470218795,3.1924912854980296,0.01,1.0,,,
16060,3.2109375,0.0,3.2109375,0.00023789020452099035,0.00011894510226049518,97096.62038262853,8.420589568,0.11507621775551202,0.3524001038655497,3.1905763963177374,0.01,1.0,,,
16070,3.1201171875,0.0,3.1201171875,0.00023778256189451024,0.00011889128094725512,97097.56160855925,8.425832448,0.11684873107870224,0.32368830693796113,3.188661106861885,0.01,1.0,,,
16080,1.79638671875,0.0,1.79638671875,0.00023767491926803013,0.00011883745963401507,97098.55214406659,8.431075328,0.27209605060040215,0.3723132222426783,3.1867454184285986,0.01,1.0,,,
16090,3.2578125,0.0,3.2578125,0.00023756727664155008,0.00011878363832077504,97098.20315242445,8.436318208,0.11132357691686917,0.26066488935623994,3.1848293323162777,0.01,1.0,,,
16100,3.2421875,0.0,3.2421875,0.00023745963401507002,0.00011872981700753501,97098.88154460698,8.441561088,0.11912613669887673,0.26544132182688224,3.1829128498235915,0.01,1.0,,,
16110,3.271484375,0.0,3.271484375,0.0002373519913885899,0.00011867599569429496,97098.46828244574,8.446803968,0.12249515965128928,0.25616613971836094,3.1809959722494727,0.01,1.0,,,
16120,3.3564453125,0.0,3.3564453125,0.0002372443487621098,0.0001186221743810549,97098.46610530204,8.452046848,0.41957743208262516,0.8189609089331323,3.1790787008931276,0.01,1.0,,,
16130,3.25390625,0.0,3.25390625,0.00023713670613562972,0.00011856835306781486,97098.05858065137,8.457289728,0.14415428368985278,0.33977059831960926,3.1771610370540273,0.01,1.0,,,
16140,1.740234375,0.0,1.740234375,0.00023702906350914966,0.00011851453175457483,97096.5822681683,8.462532608,0.26070249253931155,0.32615025586310065,3.1752429820319077,0.01,1.0,,,
16150,2.1923828125,0.0,2.1923828125,0.00023692142088266955,0.00011846071044133478,97096.13467392641,8.467775488,0.15556020378915986,0.2972305288734148,3.1733245371267715,0.01,1.0,,,
16160,3.1865234375,0.0,3.1865234375,0.00023681377825618944,0.00011840688912809472,97096.54054751982,8.473018368,0.11749900531923697,0.35969540716024895,3.1714057036388854,0.01,1.0,,,
16170,3.1591796875,0.0,3.1591796875,0.0002367061356297094,0.0001183530678148547,97097.46834319217,8.478261248,0.13601602177122843,0.1804223377932092,3.169486482868778,0.01,1.0,,,
16180,3.2626953125,0.0,3.2626953125,0.0002365984930032293,0.00011829924650161465,97097.0449998696,8.483504128,0.10189966567294269,0.22725169844132018,3.167566876117242,0.01,1.0,,,
16190,3.2265625,0.0,3.2265625,0.0002364908503767492,0.0001182454251883746,97097.07220999934,8.488747008,0.11411492339149985,0.14149328370337477,3.1656468846853314,0.01,1.0,,,
16200,1.87158203125,0.0,1.87158203125,0.00023638320775026909,0.00011819160387513454,97098.01220436042,8.493989888,0.21900830341809266,0.30425910443459,3.1637265098743614,0.01,1.0,,,
16210,3.208984375,0.0,3.208984375,0.00023627556512378903,0.00011813778256189451,97098.6825567558,8.499232768,0.10861248874193032,0.31756839053237057,3.1618057529859045,0.01,1.0,,,
16220,3.2998046875,0.0,3.2998046875,0.00023616792249730897,0.00011808396124865449,97099.6667768996,8.504475648,0.1276381291258918,0.43727330720201985,3.159884615321796,0.01,1.0,,,
16230,3.189453125,0.0,3.189453125,0.00023606027987082886,0.00011803013993541443,97100.06476046961,8.509718528,0.12014205996022431,0.26656760959995757,3.157963098184126,0.01,1.0,,,
16240,1.98291015625,0.0,1.98291015625,0.00023595263724434875,0.00011797631862217438,97099.85712800876,8.514961408,0.22923998649942257,0.23215923867349197,3.1560412028752443,0.01,1.0,,,
16250,3.177734375,0.0,3.177734375,0.0002358449946178687,0.00011792249730893435,97100.27058953194,8.520204288,0.11175718204421607,0.18453991942436057,3.154118930697754,0.01,1.0,,,
16260,3.111328125,0.0,3.111328125,0.00023573735199138862,0.00011786867599569431,97100.25082867981,8.525447168,0.10702630743234831,0.18013930264688643,3.152196282954517,0.01,1.0,,,
16270,3.1865234375,0.0,3.1865234375,0.0002356297093649085,0.00011781485468245425,97100.28844160044,8.530690048,0.09514155055009887,0.1503112477069459,3.1502732609486483,0.01,1.0,,,
16280,2.4189453125,0.0,2.4189453125,0.0002355220667384284,0.0001177610333692142,97099.12269624199,8.535932928,0.1331078946201275,0.18025596577777064,3.1483498659835156,0.01,1.0,,,
16290,2.6806640625,0.0,2.6806640625,0.00023541442411194834,0.00011770721205597417,97098.23341288767,8.541175808,0.13876507799866994,0.2379404162195683,3.1464260993627406,0.01,1.0,,,
16300,3.1044921875,0.0,3.1044921875,0.00023530678148546828,0.00011765339074273414,97096.72904746959,8.546418688,0.1016887150271594,0.38819237521810185,3.1445019623901964,0.01,1.0,,,
16310,3.1669921875,0.0,3.1669921875,0.00023519913885898817,0.00011759956942949409,97096.84046458112,8.551661568,0.10721776318885297,0.19217598750804635,3.1425774563700077,0.01,1.0,,,
16320,3.134765625,0.0,3.134765625,0.00023509149623250806,0.00011754574811625403,97093.12116682822,8.556904448,0.11622007858612883,0.18125277738508863,3.1406525826065486,0.01,1.0,,,
16330,3.26171875,0.0,3.26171875,0.00023498385360602798,0.00011749192680301399,97091.34959273825,8.562147328,0.13259152638981658,0.2891893609742248,3.1387273424044424,0.01,1.0,,,
16340,2.6455078125,0.0,2.6455078125,0.00023487621097954792,0.00011743810548977396,97091.43673209025,8.567390208,0.14789085856783743,0.18645502558633822,3.136801737068561,0.01,1.0,,,
16350,3.21875,0.0,3.21875,0.00023476856835306781,0.00011738428417653391,97092.37924383007,8.572633088,0.10459215077009831,0.13319691665476255,3.1348757679040253,0.01,1.0,,,
16360,1.982421875,0.0,1.982421875,0.0002346609257265877,0.00011733046286329385,97093.3100666286,8.577875968,0.44715757949167556,0.3822002943350615,3.1329494362161996,0.01,1.0,,,
16370,3.1357421875,0.0,3.1357421875,0.00023455328310010765,0.00011727664155005382,97094.259666792,8.583118848,0.10886752140210448,0.2575508972116495,3.1310227433106967,0.01,1.0,,,
16380,1.39013671875,0.0,1.39013671875,0.0002344456404736276,0.0001172228202368138,97093.0496356019,8.588361728,0.21940467215426215,0.298813296046499,3.129095690493373,0.01,1.0,,,
16390,2.7880859375,0.0,2.7880859375,0.00023433799784714748,0.00011716899892357374,97093.84153369615,8.593604608,0.10987480088899747,0.25053024348768693,3.127168279070329,0.01,1.0,,,
16400,2.60302734375,0.0,2.60302734375,0.00023423035522066737,0.00011711517761033369,97094.79411368065,8.598847488,0.1615028797490431,0.22884890340795438,3.1252405103479073,0.01,1.0,,,
16410,2.0537109375,0.0,2.0537109375,0.0002341227125941873,0.00011706135629709365,97094.82435415045,8.604090368,0.14993264261255518,0.31965627204134767,3.1233123856326954,0.01,1.0,,,
16420,1.9677734375,0.0,1.9677734375,0.00023401506996770723,0.00011700753498385362,97094.42686260509,8.609333248,0.21819433001812313,0.24465525721194156,3.12138390623152,0.01,1.0,,,
16430,3.3291015625,0.0,3.3291015625,0.00023390742734122718,0.00011695371367061359,97095.37117507191,8.614576128,0.2244099636142653,0.2908552367103525,3.119455073451447,0.01,1.0,,,
16440,2.53564453125,0.0,2.53564453125,0.00023379978471474707,0.00011689989235737353,97093.74249936281,8.619819008,0.20730969336239072,0.3626940138985852,3.1175258885997854,0.01,1.0,,,
16450,3.177734375,0.0,3.177734375,0.00023369214208826696,0.00011684607104413348,97093.64024093434,8.625061888,0.1428287936395061,0.29562830018344366,3.1155963529840784,0.01,1.0,,,
16460,3.263671875,0.0,3.263671875,0.00023358449946178688,0.00011679224973089344,97091.24298507057,8.630304768,0.11257679331209339,0.27555548661004686,3.113666467912112,0.01,1.0,,,
16470,3.1787109375,0.0,3.1787109375,0.00023347685683530682,0.00011673842841765341,97091.64899388458,8.635547648,0.11643404299116654,0.3469296287958268,3.111736234691904,0.01,1.0,,,
16480,2.5263671875,0.0,2.5263671875,0.0002333692142088267,0.00011668460710441335,97091.00342321419,8.640790528,0.14191533365242467,0.2507531988585191,3.1098056546317125,0.01,1.0,,,
16490,3.1728515625,0.0,3.1728515625,0.0002332615715823466,0.0001166307857911733,97091.99177264718,8.646033408,0.0928772599399838,0.25645793827148256,3.1078747290400273,0.01,1.0,,,
16500,3.0712890625,0.0,3.0712890625,0.00023315392895586654,0.00011657696447793327,97092.82743088454,8.651276288,0.09892149081362829,0.1910919083074083,3.1059434592255744,0.01,1.0,,,
16500,,,,,,,,,,,,,0.0,0.0,0.0
16510,2.5712890625,0.0,2.5712890625,0.0002330462863293865,0.00011652314316469324,97092.81768357354,8.656519168,0.1288336323576696,0.20483093601289715,3.1040118464973117,0.01,1.0,,,
16520,3.30859375,0.0,3.30859375,0.00023293864370290638,0.00011646932185145319,97093.57130365232,8.661762048,0.11870488670462961,0.35242818165768425,3.1020798921644315,0.01,1.0,,,
16530,3.158203125,0.0,3.158203125,0.00023283100107642627,0.00011641550053821313,97093.8191009574,8.667004928,0.13564390932939535,0.2664705159733822,3.1001475975363557,0.01,1.0,,,
16540,3.10546875,0.0,3.10546875,0.00023272335844994619,0.00011636167922497309,97094.74704587887,8.672247808,0.11774316837532185,0.27012409658296965,3.098214963922738,0.01,1.0,,,
16550,3.09765625,0.0,3.09765625,0.00023261571582346613,0.00011630785791173306,97095.46359133213,8.677490688,0.1074823455331843,0.160471265263503,3.0962819926334606,0.01,1.0,,,
16560,3.1513671875,0.0,3.1513671875,0.00023250807319698602,0.00011625403659849301,97093.88858275856,8.682733568,0.09662097744877096,0.1811766031733586,3.094348684978636,0.01,1.0,,,
16570,3.1123046875,0.0,3.1123046875,0.0002324004305705059,0.00011620021528525295,97094.83635198743,8.687976448,0.09480327979036209,0.17308791864231857,3.092415042268605,0.01,1.0,,,
16580,3.0703125,0.0,3.0703125,0.00023229278794402585,0.00011614639397201293,97093.82178609991,8.693219328,0.10130321856293399,0.1855263068858749,3.0904810658139326,0.01,1.0,,,
16590,2.5595703125,0.0,2.5595703125,0.00023218514531754577,0.00011609257265877289,97094.30267880792,8.698462208,0.1259996918674315,0.1993342608221208,3.0885467569254135,0.01,1.0,,,
16600,3.0625,0.0,3.0625,0.00023207750269106566,0.00011603875134553283,97094.21755165506,8.703705088,0.11115160499271771,0.24366553142248862,3.0866121169140657,0.01,1.0,,,
16610,2.09228515625,0.0,2.09228515625,0.00023196986006458558,0.00011598493003229279,97094.64875976165,8.708947968,0.33916028910115487,0.2901088854295761,3.084677147091132,0.01,1.0,,,
16620,2.533203125,0.0,2.533203125,0.0002318622174381055,0.00011593110871905275,97093.74941716985,8.714190848,0.16165859785818087,0.27356166952357935,3.082741848768079,0.01,1.0,,,
16630,2.00244140625,0.0,2.00244140625,0.00023175457481162544,0.00011587728740581272,97092.1477049431,8.719433728,0.1643140330426729,0.46325223284632505,3.080806223256596,0.01,1.0,,,
16640,2.634765625,0.0,2.634765625,0.00023164693218514533,0.00011582346609257266,97093.05152017852,8.724676608,0.16303336543202582,0.21558698529210252,3.078870271868593,0.01,1.0,,,
16650,3.0927734375,0.0,3.0927734375,0.00023153928955866522,0.00011576964477933261,97093.97766791277,8.729919488,0.12590714202836956,0.3393198113445282,3.076933995916202,0.01,1.0,,,
16660,3.2451171875,0.0,3.2451171875,0.00023143164693218516,0.00011571582346609258,97093.89756849105,8.735162368,0.12350099279970243,0.2073749353701652,3.0749973967117765,0.01,1.0,,,
16670,3.0849609375,0.0,3.0849609375,0.00023132400430570508,0.00011566200215285254,97093.65324811738,8.740405248,0.11175784633049249,0.23002337023598093,3.073060475567884,0.01,1.0,,,
16680,3.2333984375,0.0,3.2333984375,0.00023121636167922497,0.00011560818083961249,97094.53504973713,8.745648128,0.13140409330103703,0.3623156501506769,3.0711232337973167,0.01,1.0,,,
16690,3.4697265625,0.0,3.4697265625,0.00023110871905274486,0.00011555435952637243,97095.14053892161,8.750891008,0.12550190283735052,0.4902309665754827,3.069185672713079,0.01,1.0,,,
16700,3.1279296875,0.0,3.1279296875,0.0002310010764262648,0.0001155005382131324,97095.17468150305,8.756133888,0.10029894255393892,0.1881069738881791,3.0672477936283946,0.01,1.0,,,
16710,1.6396484375,0.0,1.6396484375,0.00023089343379978475,0.00011544671689989237,97095.80655648901,8.761376768,0.14108882702004638,0.20100874337095892,3.065309597856701,0.01,1.0,,,
16720,1.84130859375,0.0,1.84130859375,0.00023078579117330464,0.00011539289558665232,97096.75377819956,8.766619648,0.15768313161592176,0.2137655795696798,3.0633710867116517,0.01,1.0,,,
16730,0.876708984375,0.0,0.876708984375,0.00023067814854682453,0.00011533907427341226,97097.68671269546,8.771862528,0.8112321090071586,0.5822599836728962,3.061432261507113,0.01,1.0,,,
16740,3.1748046875,0.0,3.1748046875,0.00023057050592034445,0.00011528525296017222,97098.39187905288,8.777105408,0.10505060287572379,0.24250089358057442,3.059493123557165,0.01,1.0,,,
16750,3.3212890625,0.0,3.3212890625,0.0002304628632938644,0.0001152314316469322,97099.34378872713,8.782348288,0.10732647504690779,0.19607383509811074,3.057553674176098,0.01,1.0,,,
16760,3.064453125,0.0,3.064453125,0.00023035522066738428,0.00011517761033369214,97100.07337184042,8.787591168,0.11399378741914808,0.16937069022697315,3.0556139146784154,0.01,1.0,,,
16770,3.1650390625,0.0,3.1650390625,0.00023024757804090417,0.00011512378902045209,97099.72444608275,8.792834048,0.09923859248187948,0.2773498196956952,3.0536738463788304,0.01,1.0,,,
16780,3.25,0.0,3.25,0.00023013993541442411,0.00011506996770721206,97100.6619794783,8.798076928,0.10015107060937169,0.19647116792609956,3.051733470592264,0.01,1.0,,,
16790,3.185546875,0.0,3.185546875,0.00023003229278794406,0.00011501614639397203,97099.61769377379,8.803319808,0.1387490444361621,0.2753099959755739,3.049792788633847,0.01,1.0,,,
16800,3.1611328125,0.0,3.1611328125,0.00022992465016146398,0.00011496232508073199,97099.64065175138,8.808562688,0.13497039349185738,0.21955115907698974,3.0478518018189176,0.01,1.0,,,
16810,2.576171875,0.0,2.576171875,0.00022981700753498387,0.00011490850376749193,97099.8551924542,8.813805568,0.13424286396442295,0.20306877395982262,3.0459105114630205,0.01,1.0,,,
16820,3.228515625,0.0,3.228515625,0.00022970936490850376,0.00011485468245425188,97097.3107261939,8.819048448,0.11972704127078429,0.30330909412796675,3.043968918881906,0.01,1.0,,,
16830,3.1708984375,0.0,3.1708984375,0.0002296017222820237,0.00011480086114101185,97097.29184704223,8.824291328,0.10339697853544737,0.299356407357782,3.042027025391529,0.01,1.0,,,
16840,3.1171875,0.0,3.1171875,0.00022949407965554364,0.00011474703982777182,97098.20896041887,8.829534208,0.11353627164446209,0.26706200001487046,3.040084832308048,0.01,1.0,,,
16850,3.1416015625,0.0,3.1416015625,0.00022938643702906353,0.00011469321851453177,97099.13166062156,8.834777088,0.10880100918710547,0.20603297093028536,3.0381423409478265,0.01,1.0,,,
16860,2.0048828125,0.0,2.0048828125,0.00022927879440258342,0.00011463939720129171,97099.90879866821,8.840019968,0.28145026429446385,0.2330037308107264,3.036199552627428,0.01,1.0,,,
16870,2.9931640625,0.0,2.9931640625,0.00022917115177610334,0.00011458557588805167,97100.33058087615,8.845262848,0.11339488148717192,0.18937972395198996,3.0342564686636186,0.01,1.0,,,
16880,3.126953125,0.0,3.126953125,0.00022906350914962329,0.00011453175457481164,97101.2653548964,8.850505728,0.09660920254865027,0.2297842672039796,3.032313090373364,0.01,1.0,,,
16890,2.48046875,0.0,2.48046875,0.00022895586652314318,0.00011447793326157159,97102.20737742101,8.855748608,0.11416163029403704,0.3358476911827342,3.030369419073829,0.01,1.0,,,
16900,3.1708984375,0.0,3.1708984375,0.00022884822389666307,0.00011442411194833153,97102.65314555055,8.860991488,0.11616417557134999,0.20310567996304155,3.028425456082379,0.01,1.0,,,
16910,3.0595703125,0.0,3.0595703125,0.000228740581270183,0.0001143702906350915,97103.35476555034,8.866234368,0.11913282514140673,0.23546127112461698,3.026481202716575,0.01,1.0,,,
16920,1.3896484375,0.0,1.3896484375,0.00022863293864370295,0.00011431646932185148,97103.24698911747,8.871477248,0.13522232286472663,0.22124396863643647,3.0245366602941752,0.01,1.0,,,
16930,3.2978515625,0.0,3.2978515625,0.00022852529601722284,0.00011426264800861142,97103.42680571116,8.876720128,0.1497078086421929,0.26195126419218284,3.022591830133135,0.01,1.0,,,
16940,3.28515625,0.0,3.28515625,0.00022841765339074273,0.00011420882669537137,97104.02164368256,8.881963008,0.1383306312403819,0.2629586747482382,3.020646713551603,0.01,1.0,,,
16950,2.35498046875,0.0,2.35498046875,0.00022831001076426265,0.00011415500538213133,97104.94274992123,8.887205888,0.14165810345316865,0.3624754488847574,3.018701311867923,0.01,1.0,,,
16960,3.2060546875,0.0,3.2060546875,0.0002282023681377826,0.0001141011840688913,97100.93525812436,8.892448768,0.12835348762828191,0.1772670163887776,3.0167556264006334,0.01,1.0,,,
16970,3.236328125,0.0,3.236328125,0.00022809472551130249,0.00011404736275565124,97099.16868051748,8.897691648,0.10839842157207548,0.37647187565865775,3.014809658468461,0.01,1.0,,,
16980,1.82275390625,0.0,1.82275390625,0.00022798708288482238,0.00011399354144241119,97100.06169847274,8.902934528,0.22373463131959898,0.3083568176682183,3.0128634093903277,0.01,1.0,,,
16990,3.1689453125,0.0,3.1689453125,0.00022787944025834232,0.00011393972012917116,97100.97738462342,8.908177408,0.11140657287295185,0.18038413211946616,3.0109168804853446,0.01,1.0,,,
17000,2.6005859375,0.0,2.6005859375,0.00022777179763186224,0.00011388589881593112,97101.89711237229,8.913420288,0.1727346103735752,0.2595339189385465,3.0089700730728124,0.01,1.0,,,
17000,,,,,,,,,,,,,0.0,0.0,0.0
17010,2.765625,0.0,2.765625,0.00022766415500538215,0.00011383207750269108,97092.4604975388,8.918663168,0.13674429996583737,0.3099553041531432,3.0070229884722215,0.01,1.0,,,
17020,3.20703125,0.0,3.20703125,0.00022755651237890204,0.00011377825618945102,97093.4008241392,8.923906048,0.13995428873583746,0.42562485272883516,3.0050756280032482,0.01,1.0,,,
17030,3.2685546875,0.0,3.2685546875,0.00022744886975242196,0.00011372443487621098,97094.32855225222,8.929148928,0.16473582420337363,0.9862668069196158,3.0031279929857573,0.01,1.0,,,
17040,1.63916015625,0.0,1.63916015625,0.0002273412271259419,0.00011367061356297095,97095.233859661,8.934391808,0.16149537853629864,0.4311571565275873,3.0011800847398007,0.01,1.0,,,
17050,3.2548828125,0.0,3.2548828125,0.0002272335844994618,0.0001136167922497309,97096.0186457155,8.939634688,0.18241341468988878,0.3593360885682546,2.9992319045856117,0.01,1.0,,,
17060,2.45703125,0.0,2.45703125,0.00022712594187298169,0.00011356297093649084,97096.93211046328,8.944877568,0.13122289861031614,0.23816523466650866,2.9972834538436124,0.01,1.0,,,
17070,3.17578125,0.0,3.17578125,0.00022701829924650163,0.00011350914962325081,97097.7140944616,8.950120448,0.10668838781239517,0.19506582225590183,2.9953347338344054,0.01,1.0,,,
17080,3.203125,0.0,3.203125,0.00022691065662002155,0.00011345532831001077,97098.6109916398,8.955363328,0.0985678588786624,0.1910689961197506,2.993385745878776,0.01,1.0,,,
17090,1.4267578125,0.0,1.4267578125,0.00022680301399354144,0.00011340150699677072,97099.41856161204,8.960606208,0.19106563093118523,0.46181152777525236,2.9914364912976934,0.01,1.0,,,
17100,3.19921875,0.0,3.19921875,0.00022669537136706133,0.00011334768568353066,97100.33996251728,8.965849088,0.1126503325645866,0.2313518895297324,2.9894869714123047,0.01,1.0,,,
17110,3.1708984375,0.0,3.1708984375,0.00022658772874058127,0.00011329386437029064,97101.26092860299,8.971091968,0.1095623375928119,0.3654789857113435,2.987537187543937,0.01,1.0,,,
17120,3.076171875,0.0,3.076171875,0.00022648008611410121,0.00011324004305705061,97101.5925761587,8.976334848,0.12621451464462444,0.41877063517462226,2.9855871410140997,0.01,1.0,,,
17130,3.095703125,0.0,3.095703125,0.0002263724434876211,0.00011318622174381055,97102.50515982299,8.981577728,0.10330055267847178,0.2692238701008941,2.983636833144476,0.01,1.0,,,
17140,2.4560546875,0.0,2.4560546875,0.000226264800861141,0.0001131324004305705,97103.42919213239,8.986820608,0.12281977859214986,0.26923689317472804,2.9816862652569283,0.01,1.0,,,
17150,2.5537109375,0.0,2.5537109375,0.00022615715823466094,0.00011307857911733047,97104.28243336357,8.992063488,0.1272587647657575,0.2753172055594429,2.979735438673496,0.01,1.0,,,
17160,3.2412109375,0.0,3.2412109375,0.00022604951560818086,0.00011302475780409043,97103.40874058541,8.997306368,0.10709059548466018,0.1983999778389125,2.9777843547163916,0.01,1.0,,,
17170,3.2138671875,0.0,3.2138671875,0.0002259418729817008,0.0001129709364908504,97104.04021345348,9.002549248,0.1393073833455591,0.29927802574602397,2.975833014708003,0.01,1.0,,,
17180,3.1513671875,0.0,3.1513671875,0.0002258342303552207,0.00011291711517761035,97104.94982169686,9.007792128,0.10938833589464426,0.4047916639267187,2.9738814199708936,0.01,1.0,,,
17190,1.9462890625,0.0,1.9462890625,0.00022572658772874058,0.00011286329386437029,97105.85545708779,9.013035008,0.18251841904026408,0.23023632804516386,2.9719295718277965,0.01,1.0,,,
17200,2.7490234375,0.0,2.7490234375,0.00022561894510226052,0.00011280947255113026,97106.53911048238,9.018277888,0.10791194156164348,0.18937931468739105,2.9699774716016174,0.01,1.0,,,
17210,3.2021484375,0.0,3.2021484375,0.00022551130247578044,0.00011275565123789022,97107.39208820666,9.023520768,0.10750682845976402,0.260313314277529,2.968025120615435,0.01,1.0,,,
17220,3.07421875,0.0,3.07421875,0.00022540365984930033,0.00011270182992465017,97108.30056844844,9.028763648,0.15129005686382027,0.3367002319639892,2.966072520192494,0.01,1.0,,,
17230,3.1640625,0.0,3.1640625,0.00022529601722282022,0.00011264800861141011,97108.53918380824,9.034006528,0.13022708834681188,0.6105611327364889,2.9641196716562117,0.01,1.0,,,
17240,1.84814453125,0.0,1.84814453125,0.00022518837459634017,0.00011259418729817008,97109.40780068259,9.039249408,0.1865714174851039,0.1731557310238861,2.962166576330172,0.01,1.0,,,
17250,3.318359375,0.0,3.318359375,0.0002250807319698601,0.00011254036598493006,97110.29075244976,9.044492288,0.15359498007445405,0.23407456567002863,2.960213235538126,0.01,1.0,,,
17260,3.2451171875,0.0,3.2451171875,0.00022497308934338,0.00011248654467169,97110.0851066954,9.049735168,0.11875866360493972,0.2789805618289597,2.9582596506039915,0.01,1.0,,,
17270,3.1953125,0.0,3.1953125,0.0002248654467168999,0.00011243272335844995,97110.08499937896,9.054978048,0.13080494276283258,0.20002766915037937,2.956305822851852,0.01,1.0,,,
17280,3.1630859375,0.0,3.1630859375,0.00022475780409041983,0.00011237890204520992,97110.51351201534,9.060220928,0.10660605174575824,0.23577882834459102,2.9543517536059554,0.01,1.0,,,
17290,2.3759765625,0.0,2.3759765625,0.00022465016146393975,0.00011232508073196988,97110.026092546,9.065463808,0.1681857540602726,0.22859413526795666,2.9523974441907126,0.01,1.0,,,
17300,1.40771484375,0.0,1.40771484375,0.00022454251883745964,0.00011227125941872982,97110.39603031916,9.070706688,0.11239021683285545,0.314838876610412,2.9504428959306988,0.01,1.0,,,
17310,2.30615234375,0.0,2.30615234375,0.00022443487621097953,0.00011221743810548977,97111.02308032934,9.075949568,0.2295244623741937,0.2709103106087331,2.9484881101506493,0.01,1.0,,,
17320,3.1865234375,0.0,3.1865234375,0.00022432723358449948,0.00011216361679224974,97111.86400496008,9.081192448,0.11180700222747679,0.2759184102265463,2.9465330881754617,0.01,1.0,,,
17330,2.828125,0.0,2.828125,0.00022421959095801942,0.00011210979547900971,97111.26067960718,9.086435328,0.13044961933732613,0.2769922703292112,2.944577831330192,0.01,1.0,,,
17340,3.203125,0.0,3.203125,0.0002241119483315393,0.00011205597416576965,97112.16869542048,9.091678208,0.10449170087955768,0.16516712598740882,2.942622340940059,0.01,1.0,,,
17350,3.1279296875,0.0,3.1279296875,0.0002240043057050592,0.0001120021528525296,97113.0785307048,9.096921088,0.10964615611200276,0.20003708528997444,2.9406666183304355,0.01,1.0,,,
17360,1.63623046875,0.0,1.63623046875,0.00022389666307857912,0.00011194833153928956,97113.97349373248,9.102163968,0.1154278438980057,0.22824930617730452,2.938710664826854,0.01,1.0,,,
17370,3.224609375,0.0,3.224609375,0.00022378902045209906,0.00011189451022604953,97114.76714325487,9.107406848,0.13185015323210697,0.3472571928666847,2.9367544817550035,0.01,1.0,,,
17380,1.72021484375,0.0,1.72021484375,0.00022368137782561895,0.00011184068891280948,97115.52628762201,9.112649728,0.18266339736088313,0.27910991705857235,2.934798070440728,0.01,1.0,,,
17390,1.978515625,0.0,1.978515625,0.00022357373519913884,0.00011178686759956942,97116.00262656237,9.117892608,0.16653952183273676,0.2562865933717024,2.932841432210026,0.01,1.0,,,
17400,3.052734375,0.0,3.052734375,0.00022346609257265879,0.00011173304628632939,97116.03939681765,9.123135488,0.10348370080377974,0.1444102514049599,2.9308845683890508,0.01,1.0,,,
17410,3.1572265625,0.0,3.1572265625,0.0002233584499461787,0.00011167922497308935,97116.89860939955,9.128378368,0.13803203363044378,0.2633752263150706,2.928927480304107,0.01,1.0,,,
17420,1.71875,0.0,1.71875,0.00022325080731969862,0.00011162540365984931,97117.77496936667,9.133621248,0.35647010288383796,0.3510178910625981,2.926970169281653,0.01,1.0,,,
17430,3.2099609375,0.0,3.2099609375,0.0002231431646932185,0.00011157158234660925,97118.64063841845,9.138864128,0.10476650009479717,0.317711969016109,2.925012636648298,0.01,1.0,,,
17440,3.255859375,0.0,3.255859375,0.00022303552206673843,0.00011151776103336921,97119.51755488936,9.144107008,0.10422830375867029,0.25224338772709926,2.923054883730799,0.01,1.0,,,
17450,3.2529296875,0.0,3.2529296875,0.00022292787944025837,0.00011146393972012919,97118.65458243985,9.149349888,0.10169214139695634,0.2767925624252336,2.9210969118560657,0.01,1.0,,,
17460,3.0087890625,0.0,3.0087890625,0.00022282023681377826,0.00011141011840688913,97119.49285413146,9.154592768,0.11463209973805914,0.2429374465117042,2.9191387223511542,0.01,1.0,,,
17470,3.01953125,0.0,3.01953125,0.00022271259418729815,0.00011135629709364908,97117.30239158047,9.159835648,0.1044677107217097,0.2754527342499446,2.9171803165432686,0.01,1.0,,,
17480,3.1533203125,0.0,3.1533203125,0.0002226049515608181,0.00011130247578040905,97117.31372885712,9.165078528,0.10131918232082499,0.2350252371791174,2.9152216957597603,0.01,1.0,,,
17490,3.076171875,0.0,3.076171875,0.000222497308934338,0.000111248654467169,97118.18748557194,9.170321408,0.1463150687777823,0.26772611840880406,2.9132628613281244,0.01,1.0,,,
17500,2.4208984375,0.0,2.4208984375,0.0002223896663078579,0.00011119483315392895,97118.91388821679,9.175564288,0.15696942207384135,0.1986254111392519,2.9113038145760024,0.01,1.0,,,
17500,,,,,,,,,,,,,0.0,0.0,0.0
17510,3.2744140625,0.0,3.2744140625,0.0002222820236813778,0.0001111410118406889,97119.77919483047,9.180807168,0.1485755889410023,0.5127296555046782,2.90934455683118,0.01,1.0,,,
17520,3.166015625,0.0,3.166015625,0.00022217438105489774,0.00011108719052744887,97120.65802668106,9.186050048,0.10287797075566577,0.2075213026842963,2.907385089421585,0.01,1.0,,,
17530,3.1337890625,0.0,3.1337890625,0.00022206673842841768,0.00011103336921420884,97121.4965765672,9.191292928,0.13860489150031466,0.2988122145632319,2.9054254136752875,0.01,1.0,,,
17540,3.2041015625,0.0,3.2041015625,0.0002219590958019376,0.0001109795479009688,97120.92867069584,9.196535808,0.11013485900372964,0.30385083363701104,2.903465530920499,0.01,1.0,,,
17550,3.2197265625,0.0,3.2197265625,0.00022185145317545751,0.00011092572658772876,97119.6270708747,9.201778688,0.1256659103258926,0.31884125464889373,2.9015054424855706,0.01,1.0,,,
17560,3.296875,0.0,3.296875,0.0002217438105489774,0.0001108719052744887,97120.02426108543,9.207021568,0.11082195653768304,0.35675418527966934,2.8995451496989957,0.01,1.0,,,
17570,2.470703125,0.0,2.470703125,0.00022163616792249732,0.00011081808396124866,97120.76631755015,9.212264448,0.23222480001705556,0.27047362093307237,2.897584653889401,0.01,1.0,,,
17580,3.2724609375,0.0,3.2724609375,0.00022152852529601727,0.00011076426264800863,97121.63722963366,9.217507328,0.12351458963703367,0.5179494870187902,2.895623956385555,0.01,1.0,,,
17590,3.138671875,0.0,3.138671875,0.00022142088266953716,0.00011071044133476858,97122.25525584661,9.222750208,0.10420567979364398,0.20595932151311977,2.893663058516362,0.01,1.0,,,
17600,3.1953125,0.0,3.1953125,0.00022131324004305705,0.00011065662002152852,97123.13570042506,9.227993088,0.10019215141101326,0.1272023551550848,2.891701961610861,0.01,1.0,,,
17610,3.0966796875,0.0,3.0966796875,0.000221205597416577,0.0001106027987082885,97124.01278982003,9.233235968,0.10181369695688874,0.16988663960004505,2.8897406669982266,0.01,1.0,,,
17620,3.2744140625,0.0,3.2744140625,0.0002210979547900969,0.00011054897739504845,97123.99442689806,9.238478848,0.1032543424480072,0.1734603383951138,2.8877791760077693,0.01,1.0,,,
17630,3.3203125,0.0,3.3203125,0.0002209903121636168,0.0001104951560818084,97124.4548524901,9.243721728,0.11984783609209347,0.30291068231714435,2.885817489968928,0.01,1.0,,,
17640,3.1826171875,0.0,3.1826171875,0.0002208826695371367,0.00011044133476856834,97125.29124642446,9.248964608,0.09739481420879895,0.13633612890193533,2.883855610211278,0.01,1.0,,,
17650,2.62890625,0.0,2.62890625,0.00022077502691065663,0.00011038751345532832,97123.53018909258,9.254207488,0.1267793975793804,0.2696465162909229,2.881893538064525,0.01,1.0,,,
17660,1.61083984375,0.0,1.61083984375,0.00022066738428417658,0.00011033369214208829,97124.19097818286,9.259450368,0.1699075860629924,0.5937835336855495,2.8799312748585035,0.01,1.0,,,
17670,3.17578125,0.0,3.17578125,0.00022055974165769647,0.00011027987082884823,97124.9259865924,9.264693248,0.128654128506813,0.2763310203627061,2.8779688219231794,0.01,1.0,,,
17680,3.126953125,0.0,3.126953125,0.00022045209903121636,0.00011022604951560818,97125.73390049445,9.269936128,0.11327187876707169,0.30989298579691477,2.876006180588647,0.01,1.0,,,
17690,3.1787109375,0.0,3.1787109375,0.0002203444564047363,0.00011017222820236815,97126.61786722639,9.275179008,0.1253295737934335,0.3860964322340595,2.874043352185126,0.01,1.0,,,
17700,3.2646484375,0.0,3.2646484375,0.00022023681377825622,0.00011011840688912811,97127.24455914959,9.280421888,0.13907978142327676,0.27872528502216126,2.872080338042966,0.01,1.0,,,
17710,3.1474609375,0.0,3.1474609375,0.0002201291711517761,0.00011006458557588805,97126.90966087604,9.285664768,0.141414138098146,0.41654318487125,2.8701171394926397,0.01,1.0,,,
17720,3.21484375,0.0,3.21484375,0.000220021528525296,0.000110010764262648,97127.7887502682,9.290907648,0.1345275648621058,0.32890530341736574,2.868153757864748,0.01,1.0,,,
17730,3.13671875,0.0,3.13671875,0.00021991388589881594,0.00010995694294940797,97128.68745831752,9.296150528,0.11576373535554967,0.3338844714721455,2.866190194490013,0.01,1.0,,,
17740,3.0400390625,0.0,3.0400390625,0.00021980624327233589,0.00010990312163616794,97127.07708455536,9.301393408,0.12465774442331029,0.20912055844751204,2.8642264506992805,0.01,1.0,,,
17750,2.36962890625,0.0,2.36962890625,0.00021969860064585578,0.00010984930032292789,97127.87796185601,9.306636288,0.2504913780182072,0.44436163603620205,2.8622625278235203,0.01,1.0,,,
17760,3.1640625,0.0,3.1640625,0.00021959095801937567,0.00010979547900968783,97126.18589876809,9.311879168,0.11599979993508742,0.33647453004687866,2.8602984271938214,0.01,1.0,,,
17770,2.7861328125,0.0,2.7861328125,0.00021948331539289558,0.00010974165769644779,97127.02232780887,9.317122048,0.17041783686297066,0.21144335037486467,2.8583341501413946,0.01,1.0,,,
17780,1.89013671875,0.0,1.89013671875,0.00021937567276641553,0.00010968783638320776,97127.88338733313,9.322364928,0.1541004906797628,0.305362318686294,2.856369697997571,0.01,1.0,,,
17790,3.1005859375,0.0,3.1005859375,0.00021926803013993542,0.00010963401506996771,97127.91585246584,9.327607808,0.11008316493032734,0.3627577548483435,2.854405072093797,0.01,1.0,,,
17800,3.3193359375,0.0,3.3193359375,0.0002191603875134553,0.00010958019375672765,97126.47977027719,9.332850688,0.12202827661631961,0.3766273113334618,2.8524402737616414,0.01,1.0,,,
17810,3.2138671875,0.0,3.2138671875,0.00021905274488697525,0.00010952637244348763,97120.84462643972,9.338093568,0.14679934006620746,0.23315685932222513,2.8504753043327864,0.01,1.0,,,
17820,2.65234375,0.0,2.65234375,0.0002189451022604952,0.0001094725511302476,97117.68629388932,9.343336448,0.15167706623742766,0.3218041121717457,2.8485101651390314,0.01,1.0,,,
17830,3.1787109375,0.0,3.1787109375,0.00021883745963401509,0.00010941872981700754,97118.03113156566,9.348579328,0.23875235640314574,0.4104610052734883,2.8465448575122907,0.01,1.0,,,
17840,3.0537109375,0.0,3.0537109375,0.00021872981700753498,0.00010936490850376749,97117.98486880728,9.353822208,0.1487635862300593,0.25470271342806844,2.8445793827845933,0.01,1.0,,,
17850,3.0966796875,0.0,3.0966796875,0.0002186221743810549,0.00010931108719052745,97118.72696660268,9.359065088,0.1185715670734872,0.33085161223072923,2.84261374228808,0.01,1.0,,,
17860,1.69677734375,0.0,1.69677734375,0.00021851453175457484,0.00010925726587728742,97116.25857943788,9.364307968,0.12917445002874509,0.21703157528561431,2.840647937355006,0.01,1.0,,,
17870,3.32421875,0.0,3.32421875,0.00021840688912809473,0.00010920344456404736,97117.13213606035,9.369550848,0.1451099891577737,0.49326993040719774,2.8386819693177374,0.01,1.0,,,
17880,3.11328125,0.0,3.11328125,0.00021829924650161462,0.00010914962325080731,97116.17587329807,9.374793728,0.10683280949641698,0.21707835227553446,2.836715839508748,0.01,1.0,,,
17890,3.1435546875,0.0,3.1435546875,0.00021819160387513456,0.00010909580193756728,97116.21993529946,9.380036608,0.10132742280512948,0.17189406196453938,2.834749549260626,0.01,1.0,,,
17900,2.751953125,0.0,2.751953125,0.00021808396124865448,0.00010904198062432724,97116.47895445043,9.385279488,0.13039974983705738,0.21515864338945986,2.8327830999060652,0.01,1.0,,,
17910,2.072265625,0.0,2.072265625,0.00021797631862217442,0.00010898815931108721,97117.111946154,9.390522368,0.43796477879185525,0.36707571568799907,2.8308164927778674,0.01,1.0,,,
17920,3.169921875,0.0,3.169921875,0.0002178686759956943,0.00010893433799784716,97113.69678535759,9.395765248,0.19362552042588763,0.25167027629246425,2.8288497292089416,0.01,1.0,,,
17930,3.2041015625,0.0,3.2041015625,0.0002177610333692142,0.0001088805166846071,97113.77858082722,9.401008128,0.20462315997818736,0.6253066832939908,2.8268828105323047,0.01,1.0,,,
17940,2.66015625,0.0,2.66015625,0.00021765339074273415,0.00010882669537136707,97114.63374110065,9.406251008,0.1369910291783906,0.37273693986750994,2.8249157380810757,0.01,1.0,,,
17950,1.6953125,0.0,1.6953125,0.0002175457481162541,0.00010877287405812705,97113.55932337928,9.411493888,0.142109944293942,0.28258836040617463,2.8229485131884804,0.01,1.0,,,
17960,3.07421875,0.0,3.07421875,0.00021743810548977398,0.00010871905274488699,97110.96470921655,9.416736768,0.10147947396802,0.1593083059018662,2.8209811371878457,0.01,1.0,,,
17970,3.1669921875,0.0,3.1669921875,0.00021733046286329387,0.00010866523143164694,97110.29183848597,9.421979648,0.10083786685709246,0.2340897035125407,2.8190136114126028,0.01,1.0,,,
17980,3.1025390625,0.0,3.1025390625,0.0002172228202368138,0.0001086114101184069,97109.97070918856,9.427222528,0.10915738789625139,0.2972025995004878,2.8170459371962826,0.01,1.0,,,
17990,2.673828125,0.0,2.673828125,0.00021711517761033373,0.00010855758880516687,97108.95997469443,9.432465408,0.1487085903505014,0.3142559654793831,2.815078115872519,0.01,1.0,,,
18000,3.2333984375,0.0,3.2333984375,0.00021700753498385362,0.00010850376749192681,97107.7591348569,9.437708288,0.1273678404295828,0.23543406384963617,2.8131101487750434,0.01,1.0,,,
18000,,,,,,,,,,,,,0.0,0.0,0.0
18010,3.1298828125,0.0,3.1298828125,0.0002168998923573735,0.00010844994617868676,97095.39848919542,9.442951168,0.15042503115124323,0.41405248172423204,2.811142037237688,0.01,1.0,,,
18020,3.111328125,0.0,3.111328125,0.00021679224973089346,0.00010839612486544673,97094.87918849295,9.448194048,0.1172217225268735,0.2647641178429918,2.8091737825943794,0.01,1.0,,,
18030,3.2626953125,0.0,3.2626953125,0.00021668460710441337,0.00010834230355220669,97095.68961578282,9.453436928,0.1196489989885156,0.23096405570790352,2.807205386179146,0.01,1.0,,,
18040,3.1494140625,0.0,3.1494140625,0.00021657696447793326,0.00010828848223896663,97095.90242861466,9.458679808,0.1470247077233709,0.2688718621116513,2.805236849326109,0.01,1.0,,,
18050,2.0791015625,0.0,2.0791015625,0.00021646932185145315,0.00010823466092572658,97096.14517565956,9.463922688,0.24128963805047093,0.2103159882937101,2.8032681733694846,0.01,1.0,,,
18060,3.2080078125,0.0,3.2080078125,0.0002163616792249731,0.00010818083961248655,97097.02715308378,9.469165568,0.09607422591452666,0.20126692868207954,2.801299359643586,0.01,1.0,,,
18070,3.1474609375,0.0,3.1474609375,0.00021625403659849304,0.00010812701829924652,97097.34683626455,9.474408448,0.11854555232557845,0.4244250881018463,2.7993304094828164,0.01,1.0,,,
18080,3.236328125,0.0,3.236328125,0.00021614639397201293,0.00010807319698600647,97097.17300061727,9.479651328,0.10567123119200272,0.23658731650185996,2.797361324221674,0.01,1.0,,,
18090,1.66259765625,0.0,1.66259765625,0.00021603875134553282,0.00010801937567276641,97098.03266663387,9.484894208,0.14645387464639292,0.20672068630753512,2.795392105194748,0.01,1.0,,,
18100,1.7529296875,0.0,1.7529296875,0.00021593110871905277,0.00010796555435952638,97098.49044866447,9.490137088,0.1912612370349206,0.367580114547886,2.793422753736717,0.01,1.0,,,
18110,3.1748046875,0.0,3.1748046875,0.00021582346609257268,0.00010791173304628634,97099.3333561546,9.495379968,0.12378658358275937,0.1765343023221582,2.7914532711823514,0.01,1.0,,,
18120,3.1767578125,0.0,3.1767578125,0.00021571582346609257,0.00010785791173304629,97095.81261325076,9.500622848,0.10669470167418954,0.2604849315954292,2.7894836588665086,0.01,1.0,,,
18130,3.1865234375,0.0,3.1865234375,0.00021560818083961246,0.00010780409041980623,97089.793208683,9.505865728,0.09801887729001989,0.16713369755918442,2.7875139181241355,0.01,1.0,,,
18140,3.267578125,0.0,3.267578125,0.0002155005382131324,0.0001077502691065662,97088.96261846351,9.511108608,0.1130960393165352,0.20198574907385222,2.785544050290264,0.01,1.0,,,
18150,2.720703125,0.0,2.720703125,0.00021539289558665235,0.00010769644779332618,97086.04312643943,9.516351488,0.11819047817184647,0.19865129936233555,2.783574056700015,0.01,1.0,,,
18160,1.794921875,0.0,1.794921875,0.00021528525296017224,0.00010764262648008612,97078.80603803962,9.521594368,0.12620106705248407,0.2300403428154185,2.781603938688592,0.01,1.0,,,
18170,1.84814453125,0.0,1.84814453125,0.00021517761033369213,0.00010758880516684607,97078.83624990637,9.526837248,0.311363452494106,0.20057416610458675,2.7796336975912843,0.01,1.0,,,
18180,2.5859375,0.0,2.5859375,0.00021506996770721205,0.00010753498385360602,97074.74291936078,9.532080128,0.1147365732399475,0.212624200998647,2.777663334743463,0.01,1.0,,,
18190,2.7763671875,0.0,2.7763671875,0.000214962325080732,0.000107481162540366,97074.38464725333,9.537323008,0.10959441795255247,0.2197175243325466,2.7756928514805845,0.01,1.0,,,
18200,3.20703125,0.0,3.20703125,0.00021485468245425188,0.00010742734122712594,97073.75168107644,9.542565888,0.14873031839134934,0.38546095932179064,2.773722249138185,0.01,1.0,,,
18210,3.1962890625,0.0,3.1962890625,0.00021474703982777177,0.00010737351991388589,97074.02756817862,9.547808768,0.10045074491656701,0.18546611956088374,2.771751529051881,0.01,1.0,,,
18220,3.05859375,0.0,3.05859375,0.00021463939720129172,0.00010731969860064586,97073.62143736413,9.553051648,0.12178672918707036,0.23453196855387376,2.7697806925573696,0.01,1.0,,,
18230,3.2177734375,0.0,3.2177734375,0.00021453175457481166,0.00010726587728740583,97074.49098484324,9.558294528,0.1036660454004173,0.2304024042643083,2.7678097409904274,0.01,1.0,,,
18240,3.171875,0.0,3.171875,0.00021442411194833155,0.00010721205597416578,97074.41832933259,9.563537408,0.113828253959245,0.4140068145439691,2.7658386756869073,0.01,1.0,,,
18250,3.0087890625,0.0,3.0087890625,0.00021431646932185144,0.00010715823466092572,97074.41839931076,9.568780288,0.09892586610241402,0.17799524742283496,2.7638674979827407,0.01,1.0,,,
18260,3.1806640625,0.0,3.1806640625,0.00021420882669537136,0.00010710441334768568,97075.277377492,9.574023168,0.1180603421903599,0.38912549512817435,2.761896209213934,0.01,1.0,,,
18270,3.126953125,0.0,3.126953125,0.0002141011840688913,0.00010705059203444565,97075.51752471476,9.579266048,0.10884240629872421,0.18302848330689866,2.75992481071657,0.01,1.0,,,
18280,3.6220703125,0.0,3.6220703125,0.00021399354144241125,0.00010699677072120562,97074.54556719003,9.584508928,0.1922059318846202,0.35562757649289695,2.757953303826807,0.01,1.0,,,
18290,1.7841796875,0.0,1.7841796875,0.00021388589881593114,0.00010694294940796557,97073.15689928725,9.589751808,0.19593502254112477,0.429696095021429,2.755981689880872,0.01,1.0,,,
18300,1.9921875,0.0,1.9921875,0.00021377825618945103,0.00010688912809472551,97074.02189607304,9.594994688,0.16153507636363015,0.23215654154164198,2.754009970215071,0.01,1.0,,,
18310,3.076171875,0.0,3.076171875,0.00021367061356297094,0.00010683530678148547,97068.55896281617,9.600237568,0.14169001132749548,0.22043990398772484,2.7520381461657766,0.01,1.0,,,
18320,3.046875,0.0,3.046875,0.0002135629709364909,0.00010678148546824544,97068.31660963979,9.605480448,0.0986485260638477,0.16102290255783808,2.7500662190694336,0.01,1.0,,,
18330,3.2421875,0.0,3.2421875,0.00021345532831001078,0.00010672766415500539,97067.88690378629,9.610723328,0.09253881680325697,0.15235703769262576,2.748094190262558,0.01,1.0,,,
18340,3.09765625,0.0,3.09765625,0.00021334768568353067,0.00010667384284176533,97067.25893892573,9.615966208,0.10077405442798407,0.6033900669557553,2.7461220610817345,0.01,1.0,,,
18350,3.146484375,0.0,3.146484375,0.0002132400430570506,0.0001066200215285253,97068.1235975052,9.621209088,0.09920408201837687,0.39886401972937763,2.7441498328636134,0.01,1.0,,,
18360,3.08203125,0.0,3.08203125,0.00021313240043057056,0.00010656620021528528,97067.72317425949,9.626451968,0.09480609312109799,0.30808809524943614,2.7421775069449144,0.01,1.0,,,
18370,3.0439453125,0.0,3.0439453125,0.00021302475780409045,0.00010651237890204522,97068.57397886801,9.631694848,0.09396792756538029,0.2642985229031611,2.7402050846624237,0.01,1.0,,,
18380,3.28125,0.0,3.28125,0.00021291711517761034,0.00010645855758880517,97067.381411671,9.636937728,0.094121290957279,0.18037169096375236,2.7382325673529904,0.01,1.0,,,
18390,3.123046875,0.0,3.123046875,0.00021280947255113025,0.00010640473627556513,97067.1348663003,9.642180608,0.09711973799944928,0.18416895631029215,2.7362599563535306,0.01,1.0,,,
18400,3.1416015625,0.0,3.1416015625,0.0002127018299246502,0.0001063509149623251,97067.61193202391,9.647423488,0.08991729480467192,0.2844258812480618,2.7342872530010225,0.01,1.0,,,
18410,3.1884765625,0.0,3.1884765625,0.0002125941872981701,0.00010629709364908504,97068.4731581079,9.652666368,0.11457281038889881,0.18110124433777267,2.7323144586325077,0.01,1.0,,,
18420,3.126953125,0.0,3.126953125,0.00021248654467168998,0.00010624327233584499,97068.69007744566,9.657909248,0.13561114007160097,0.22864940894134958,2.730341574585088,0.01,1.0,,,
18430,1.88427734375,0.0,1.88427734375,0.00021237890204520992,0.00010618945102260496,97068.09339548746,9.663152128,0.15865213502929626,0.18459156749853267,2.7283686021959284,0.01,1.0,,,
18440,3.16015625,0.0,3.16015625,0.00021227125941872984,0.00010613562970936492,97068.23578234475,9.668395008,0.1182538446564947,0.2826239476899535,2.7263955428022517,0.01,1.0,,,
18450,3.134765625,0.0,3.134765625,0.00021216361679224973,0.00010608180839612486,97066.43447953073,9.673637888,0.10667636446411552,0.16829474231082744,2.7244223977413404,0.01,1.0,,,
18460,3.2490234375,0.0,3.2490234375,0.00021205597416576965,0.00010602798708288482,97062.77149001151,9.678880768,0.11448744021576873,0.23688245958950566,2.722449168350534,0.01,1.0,,,
18470,2.72265625,0.0,2.72265625,0.00021194833153928956,0.00010597416576964478,97060.72484453354,9.684123648,0.14488721405907734,0.28678881829788494,2.720475855967232,0.01,1.0,,,
18480,1.9365234375,0.0,1.9365234375,0.0002118406889128095,0.00010592034445640475,97060.63130918972,9.689366528,0.17285354802820477,0.30084939062498506,2.7185024619288876,0.01,1.0,,,
18490,3.10546875,0.0,3.10546875,0.0002117330462863294,0.0001058665231431647,97061.49586617001,9.694609408,0.11912065314019106,0.2800852565278797,2.7165289875730094,0.01,1.0,,,
18500,2.10498046875,0.0,2.10498046875,0.0002116254036598493,0.00010581270182992464,97060.28304053836,9.699852288,0.17404099276304114,0.6033062141827259,2.714555434237162,0.01,1.0,,,
18500,,,,,,,,,,,,,0.0,0.0,0.0
18510,3.0166015625,0.0,3.0166015625,0.00021151776103336923,0.00010575888051668462,97060.16498432253,9.705095168,0.11895797893759692,0.2155244014768005,2.712581803258962,0.01,1.0,,,
18520,2.6328125,0.0,2.6328125,0.00021141011840688915,0.00010570505920344457,97058.65784225069,9.710338048,0.13791864206371982,0.30373864678871815,2.710608095976079,0.01,1.0,,,
18530,3.107421875,0.0,3.107421875,0.00021130247578040904,0.00010565123789020452,97058.2119450629,9.715580928,0.17195512740844704,0.5191552911613155,2.7086343137262365,0.01,1.0,,,
18540,3.2001953125,0.0,3.2001953125,0.00021119483315392893,0.00010559741657696446,97058.36775416591,9.720823808,0.19945240660571145,0.30422175926421147,2.7066604578472044,0.01,1.0,,,
18550,3.271484375,0.0,3.271484375,0.00021108719052744887,0.00010554359526372444,97059.0191491138,9.726066688,0.13957190472048958,0.3635815606449613,2.7046865296768066,0.01,1.0,,,
18560,3.1767578125,0.0,3.1767578125,0.00021097954790096882,0.00010548977395048441,97058.35665239916,9.731309568,0.10235583529837597,0.34620162282371697,2.702712530552914,0.01,1.0,,,
18570,3.08984375,0.0,3.08984375,0.0002108719052744887,0.00010543595263724435,97055.43806074983,9.736552448,0.13090750807430362,0.25911972991458704,2.7007384618134456,0.01,1.0,,,
18580,2.6328125,0.0,2.6328125,0.0002107642626480086,0.0001053821313240043,97053.85065646017,9.741795328,0.13433214242580999,0.21113398867719022,2.698764324796368,0.01,1.0,,,
18590,3.0751953125,0.0,3.0751953125,0.00021065662002152854,0.00010532831001076427,97053.36579092879,9.747038208,0.10997478147675166,0.2099792418641082,2.6967901208396947,0.01,1.0,,,
18600,3.0517578125,0.0,3.0517578125,0.00021054897739504846,0.00010527448869752423,97054.25104164764,9.752281088,0.1051537816383569,0.1777595718132833,2.694815851281483,0.01,1.0,,,
18610,2.955078125,0.0,2.955078125,0.00021044133476856835,0.00010522066738428417,97054.33337393527,9.757523968,0.10216934004218672,0.13082795230576877,2.6928415174598364,0.01,1.0,,,
18620,1.62158203125,0.0,1.62158203125,0.00021033369214208824,0.00010516684607104412,97054.33306690995,9.762766848,0.12078095933475423,0.2058704840560916,2.690867120712901,0.01,1.0,,,
18630,2.279296875,0.0,2.279296875,0.00021022604951560818,0.00010511302475780409,97053.32664228929,9.768009728,0.10471062417361458,0.16640623720726613,2.6888926623788643,0.01,1.0,,,
18640,2.68359375,0.0,2.68359375,0.00021011840688912813,0.00010505920344456406,97054.08414725708,9.773252608,0.11612085190001564,0.315128643011332,2.686918143795959,0.01,1.0,,,
18650,3.103515625,0.0,3.103515625,0.00021001076426264802,0.00010500538213132401,97054.1165025723,9.778495488,0.10429817528568111,0.19255446296374668,2.6849435663024557,0.01,1.0,,,
18660,3.1044921875,0.0,3.1044921875,0.00020990312163616793,0.00010495156081808397,97053.88717556551,9.783738368,0.09824168885529702,0.18299943780240857,2.6829689312366654,0.01,1.0,,,
18670,1.36474609375,0.0,1.36474609375,0.00020979547900968782,0.00010489773950484391,97054.44331928816,9.788981248,0.11182181510546825,0.19881787481368854,2.6809942399369393,0.01,1.0,,,
18680,3.1748046875,0.0,3.1748046875,0.00020968783638320777,0.00010484391819160388,97054.95728864663,9.794224128,0.12748714405518805,0.28737326363029847,2.6790194937416647,0.01,1.0,,,
18690,3.1982421875,0.0,3.1982421875,0.0002095801937567277,0.00010479009687836386,97053.63088676338,9.799467008,0.09375640742950966,0.17722357343064962,2.6770446939892683,0.01,1.0,,,
18700,3.04296875,0.0,3.04296875,0.0002094725511302476,0.0001047362755651238,97052.55655569775,9.804709888,0.1036851944512296,0.18748468656043696,2.675069842018212,0.01,1.0,,,
18710,1.60009765625,0.0,1.60009765625,0.0002093649085037675,0.00010468245425188375,97053.43284817647,9.809952768,0.11536616701271467,0.16036874314964514,2.6730949391669934,0.01,1.0,,,
18720,3.166015625,0.0,3.166015625,0.0002092572658772874,0.0001046286329386437,97053.63494162307,9.815195648,0.10568328979133745,0.40116115930723856,2.6711199867741438,0.01,1.0,,,
18730,1.72900390625,0.0,1.72900390625,0.00020914962325080735,0.00010457481162540368,97054.47817357743,9.820438528,0.18121618225146485,0.25364738318162094,2.6691449861782286,0.01,1.0,,,
18740,1.95947265625,0.0,1.95947265625,0.00020904198062432724,0.00010452099031216362,97055.34734964324,9.825681408,0.14062383077219537,0.18043305165478465,2.6671699387178465,0.01,1.0,,,
18750,3.26953125,0.0,3.26953125,0.00020893433799784713,0.00010446716899892357,97055.61227786353,9.830924288,0.11283130876452045,0.1997773400013342,2.665194845731628,0.01,1.0,,,
18760,3.1494140625,0.0,3.1494140625,0.00020882669537136708,0.00010441334768568354,97056.46752332752,9.836167168,0.11906342573838725,0.20378815881118387,2.663219708558232,0.01,1.0,,,
18770,3.193359375,0.0,3.193359375,0.00020871905274488702,0.00010435952637244351,97057.3334532423,9.841410048,0.0955055089030149,0.28440795557757653,2.66124452853635,0.01,1.0,,,
18780,3.1376953125,0.0,3.1376953125,0.0002086114101184069,0.00010430570505920346,97053.59265726221,9.846652928,0.10372097558221693,0.2314034418900407,2.659269307004703,0.01,1.0,,,
18790,1.703125,0.0,1.703125,0.0002085037674919268,0.0001042518837459634,97050.85780783235,9.851895808,0.16180599968537743,0.17470743361215554,2.657294045302038,0.01,1.0,,,
18800,3.1181640625,0.0,3.1181640625,0.00020839612486544672,0.00010419806243272336,97048.10204346053,9.857138688,0.135710799696465,0.22557160061627776,2.6553187447671296,0.01,1.0,,,
18810,1.77880859375,0.0,1.77880859375,0.00020828848223896666,0.00010414424111948333,97047.11473388587,9.862381568,0.20399739782983778,0.2778720382497283,2.65334340673878,0.01,1.0,,,
18820,3.162109375,0.0,3.162109375,0.00020818083961248655,0.00010409041980624328,97045.98256651121,9.867624448,0.10125108784920168,0.2821530695731648,2.6513680325558155,0.01,1.0,,,
18830,3.0810546875,0.0,3.0810546875,0.00020807319698600644,0.00010403659849300322,97046.8553465473,9.872867328,0.1134387699404753,0.2713189239362127,2.649392623557088,0.01,1.0,,,
18840,1.576171875,0.0,1.576171875,0.0002079655543595264,0.0001039827771797632,97047.70696183956,9.878110208,0.21606027310890655,0.4366369994717004,2.647417181081472,0.01,1.0,,,
18850,3.14453125,0.0,3.14453125,0.0002078579117330463,0.00010392895586652315,97047.02289579787,9.883353088,0.09747932131589718,0.28880294200528067,2.645441706467865,0.01,1.0,,,
18860,2.529296875,0.0,2.529296875,0.00020775026910656622,0.00010387513455328311,97046.75581355224,9.888595968,0.14183121212761216,0.5027302311689922,2.643466201055187,0.01,1.0,,,
18870,1.82568359375,0.0,1.82568359375,0.0002076426264800861,0.00010382131324004306,97046.54682724625,9.893838848,0.13726953468206285,0.24647523941497895,2.641490666182378,0.01,1.0,,,
18880,3.1943359375,0.0,3.1943359375,0.00020753498385360603,0.00010376749192680301,97043.13672072733,9.899081728,0.12924654993959456,0.284230848056222,2.639515103188398,0.01,1.0,,,
18890,1.7177734375,0.0,1.7177734375,0.00020742734122712597,0.00010371367061356299,97042.54192623208,9.904324608,0.20198594629385144,0.3582398154313209,2.6375395134122277,0.01,1.0,,,
18900,3.2119140625,0.0,3.2119140625,0.00020731969860064586,0.00010365984930032293,97043.19920030101,9.909567488,0.12252013981340978,0.37289919980436387,2.6355638981928626,0.01,1.0,,,
18910,3.111328125,0.0,3.111328125,0.00020721205597416575,0.00010360602798708288,97042.01063981593,9.914810368,0.16837055622986044,0.33926562072440025,2.633588258869318,0.01,1.0,,,
18920,3.193359375,0.0,3.193359375,0.0002071044133476857,0.00010355220667384285,97040.67494198406,9.920053248,0.11831998354644892,0.5527516133048154,2.6316125967806263,0.01,1.0,,,
18930,1.98388671875,0.0,1.98388671875,0.00020699677072120561,0.00010349838536060281,97041.53796217422,9.925296128,0.18082417842881382,0.5224185499106513,2.6296369132658324,0.01,1.0,,,
18940,3.126953125,0.0,3.126953125,0.0002068891280947255,0.00010344456404736275,97040.494430393,9.930539008,0.1129142325141331,0.2934140234838711,2.627661209663998,0.01,1.0,,,
18950,3.3662109375,0.0,3.3662109375,0.0002067814854682454,0.0001033907427341227,97034.34191971517,9.935781888,0.13799540204422606,0.43318565927830605,2.6256854873141973,0.01,1.0,,,
18960,3.12109375,0.0,3.12109375,0.00020667384284176534,0.00010333692142088267,97030.87993225131,9.941024768,0.13109982746288656,0.27771185677206084,2.623709747555518,0.01,1.0,,,
18970,1.7587890625,0.0,1.7587890625,0.00020656620021528528,0.00010328310010764264,97026.42658907935,9.946267648,0.11455745968010236,0.29839512088912123,2.621733991727059,0.01,1.0,,,
18980,3.158203125,0.0,3.158203125,0.00020645855758880517,0.00010322927879440259,97025.23145105575,9.951510528,0.1797742919134881,0.27917688013751946,2.619758221167931,0.01,1.0,,,
18990,2.5283203125,0.0,2.5283203125,0.00020635091496232506,0.00010317545748116253,97025.22778755608,9.956753408,0.11101412706951451,0.2922659410533615,2.617782437217253,0.01,1.0,,,
19000,3.173828125,0.0,3.173828125,0.000206243272335845,0.0001031216361679225,97021.59262898813,9.961996288,0.12271102333467761,0.23705775191169995,2.615806641214155,0.01,1.0,,,
19000,,,,,,,,,,,,,0.0,0.0,0.0
19010,3.177734375,0.0,3.177734375,0.00020613562970936492,0.00010306781485468246,97013.66554035808,9.967239168,0.12086687373912344,0.20452643908335655,2.6138308344977736,0.01,1.0,,,
19020,1.80810546875,0.0,1.80810546875,0.00020602798708288481,0.00010301399354144241,97014.52200075395,9.972482048,0.17362026347047232,0.31706831311198125,2.6118550184072538,0.01,1.0,,,
19030,3.0791015625,0.0,3.0791015625,0.00020592034445640476,0.00010296017222820238,97015.39029900693,9.977724928,0.14047149216927232,0.3726613443513526,2.609879194281746,0.01,1.0,,,
19040,3.31640625,0.0,3.31640625,0.00020581270182992465,0.00010290635091496232,97015.33000073212,9.982967808,0.1014566635813195,0.20900127722170117,2.6079033634604065,0.01,1.0,,,
19050,2.587890625,0.0,2.587890625,0.0002057050592034446,0.0001028525296017223,97016.1815949589,9.988210688,0.12505133308402158,0.33184502306767344,2.6059275272823963,0.01,1.0,,,
19060,3.1259765625,0.0,3.1259765625,0.0002055974165769645,0.00010279870828848225,97016.08175499708,9.993453568,0.10947656408616595,0.3342856852224052,2.6039516870868806,0.01,1.0,,,
19070,2.646484375,0.0,2.646484375,0.0002054897739504844,0.0001027448869752422,97016.94372198872,9.998696448,0.15884476692284155,0.23019912619417626,2.6019758442130247,0.01,1.0,,,
19080,3.2578125,0.0,3.2578125,0.0002053821313240043,0.00010269106566200214,97017.47255901348,10.003939328,0.0956882381345012,0.17140312370147198,2.6,0.01,1.0,,,
19090,2.5009765625,0.0,2.5009765625,0.00020527448869752423,0.00010263724434876212,97018.34467834921,10.009182208,0.38411910417802164,0.9234711852284033,2.598024155786975,0.01,1.0,,,
19100,1.59033203125,0.0,1.59033203125,0.00020516684607104418,0.00010258342303552209,97017.57655918453,10.014425088,0.13822964116540865,0.23228324700370628,2.59604831291312,0.01,1.0,,,
19110,3.146484375,0.0,3.146484375,0.00020505920344456407,0.00010252960172228203,97016.9050709281,10.019667968,0.12871962573008652,0.21735725560545627,2.5940724727176043,0.01,1.0,,,
19120,3.0849609375,0.0,3.0849609375,0.00020495156081808396,0.00010247578040904198,97017.77077771355,10.024910848,0.13188562322707023,0.21053025439254502,2.592096636539594,0.01,1.0,,,
19130,3.2216796875,0.0,3.2216796875,0.0002048439181916039,0.00010242195909580195,97018.09134043971,10.030153728,0.10901342691584509,0.1620219341542431,2.5901208057182545,0.01,1.0,,,
19140,1.62646484375,0.0,1.62646484375,0.00020473627556512382,0.00010236813778256191,97017.70554284162,10.035396608,0.11930817191803116,0.2242926464230751,2.588144981592747,0.01,1.0,,,
19150,2.830078125,0.0,2.830078125,0.0002046286329386437,0.00010231431646932185,97017.91771553246,10.040639488,0.10838873413284483,0.30381216803602545,2.586169165502227,0.01,1.0,,,
19160,3.2119140625,0.0,3.2119140625,0.0002045209903121636,0.0001022604951560818,97018.09541309687,10.045882368,0.09785994122217981,0.4296329359820366,2.5841933587858454,0.01,1.0,,,
19170,3.1396484375,0.0,3.1396484375,0.00020441334768568354,0.00010220667384284177,97018.88781014245,10.051125248,0.10061143616999754,0.3191553298187502,2.5822175627827475,0.01,1.0,,,
19180,3.03515625,0.0,3.03515625,0.0002043057050592035,0.00010215285252960174,97018.92282633173,10.056368128,0.12220644662362033,0.26599265137697115,2.5802417788320695,0.01,1.0,,,
19190,3.220703125,0.0,3.220703125,0.00020419806243272338,0.00010209903121636169,97019.1596042119,10.061611008,0.10707172070415848,0.19481841422475987,2.5782660082729416,0.01,1.0,,,
19200,2.5498046875,0.0,2.5498046875,0.00020409041980624327,0.00010204520990312163,97019.91934760883,10.066853888,0.13469881529889463,0.24653040611259136,2.576290252444483,0.01,1.0,,,
19210,3.15625,0.0,3.15625,0.00020398277717976319,0.00010199138858988159,97019.00840245355,10.072096768,0.0983831203933861,0.2035947129593378,2.5743145126858034,0.01,1.0,,,
19220,3.26953125,0.0,3.26953125,0.00020387513455328313,0.00010193756727664156,97018.47203940926,10.077339648,0.1141327617260976,0.23995256420522632,2.572338790336003,0.01,1.0,,,
19230,3.130859375,0.0,3.130859375,0.00020376749192680302,0.00010188374596340151,97015.75269729289,10.082582528,0.09622936185011226,0.19320519053181093,2.5703630867341682,0.01,1.0,,,
19240,2.6201171875,0.0,2.6201171875,0.0002036598493003229,0.00010182992465016145,97015.90564559141,10.087825408,0.115813653756747,0.29685309570895446,2.5683874032193743,0.01,1.0,,,
19250,1.56396484375,0.0,1.56396484375,0.00020355220667384285,0.00010177610333692143,97014.54809505474,10.093068288,0.1148174661749159,0.21426309677700228,2.5664117411306826,0.01,1.0,,,
19260,2.6162109375,0.0,2.6162109375,0.0002034445640473628,0.0001017222820236814,97013.53251019123,10.098311168,0.16027837246939292,0.23198154395165674,2.564436101807138,0.01,1.0,,,
19270,3.162109375,0.0,3.162109375,0.0002033369214208827,0.00010166846071044134,97013.46279667952,10.103554048,0.135789288841702,0.23385113920218795,2.562460486587773,0.01,1.0,,,
19280,2.4052734375,0.0,2.4052734375,0.00020322927879440258,0.00010161463939720129,97013.81906083242,10.108796928,0.14147755057553377,0.2636340330298037,2.560484896811602,0.01,1.0,,,
19290,3.0390625,0.0,3.0390625,0.0002031216361679225,0.00010156081808396125,97014.20620616854,10.114039808,0.10335420822435513,0.1640393204942841,2.558509333817622,0.01,1.0,,,
19300,3.12109375,0.0,3.12109375,0.00020301399354144244,0.00010150699677072122,97010.83618158981,10.119282688,0.10495020352722106,0.14584966322104018,2.5565337989448134,0.01,1.0,,,
19310,2.673828125,0.0,2.673828125,0.00020290635091496233,0.00010145317545748116,97008.24536545486,10.124525568,0.10817861751531728,0.175722298528482,2.554558293532135,0.01,1.0,,,
19320,2.16748046875,0.0,2.16748046875,0.00020279870828848222,0.00010139935414424111,97009.1158899566,10.129768448,0.1517259385461115,0.25624016355593593,2.5525828189185282,0.01,1.0,,,
19330,2.0341796875,0.0,2.0341796875,0.00020269106566200216,0.00010134553283100108,97009.732309587,10.135011328,0.17190522905537273,0.22517503234201272,2.5506073764429127,0.01,1.0,,,
19340,1.64453125,0.0,1.64453125,0.00020258342303552208,0.00010129171151776104,97007.11718178772,10.140254208,0.3074279608235686,0.3768097125329197,2.5486319674441846,0.01,1.0,,,
19350,3.21875,0.0,3.21875,0.00020247578040904197,0.00010123789020452099,97007.88842675454,10.145497088,0.12655193957799712,0.23924455902422914,2.54665659326122,0.01,1.0,,,
19360,1.63916015625,0.0,1.63916015625,0.00020236813778256186,0.00010118406889128093,97008.748488128,10.150739968,0.11694824004992434,0.3489080528892074,2.5446812552328706,0.01,1.0,,,
19370,3.0576171875,0.0,3.0576171875,0.0002022604951560818,0.0001011302475780409,97008.63159104808,10.155982848,0.10147747899621493,0.16816801184374627,2.5427059546979622,0.01,1.0,,,
19380,3.169921875,0.0,3.169921875,0.00020215285252960175,0.00010107642626480087,97009.26973667022,10.161225728,0.12803961310006026,0.24762383679405056,2.540730692995297,0.01,1.0,,,
19390,1.8876953125,0.0,1.8876953125,0.00020204520990312164,0.00010102260495156082,97009.8182549742,10.166468608,0.3745442615088956,0.4019785643875683,2.53875547146365,0.01,1.0,,,
19400,3.1533203125,0.0,3.1533203125,0.00020193756727664158,0.00010096878363832079,97010.6666316421,10.171711488,0.09592645088008143,0.23710023958741183,2.5367802914417688,0.01,1.0,,,
19410,2.98046875,0.0,2.98046875,0.00020182992465016147,0.00010091496232508074,97009.98624134371,10.176954368,0.10118053434849893,0.16564178588511652,2.534805154268373,0.01,1.0,,,
19420,3.068359375,0.0,3.068359375,0.0002017222820236814,0.0001008611410118407,97009.6272919458,10.182197248,0.09551809714666326,0.15241507979309746,2.532830061282154,0.01,1.0,,,
19430,3.158203125,0.0,3.158203125,0.00020161463939720133,0.00010080731969860067,97009.53107616179,10.187440128,0.13773330024482908,0.5053697902199039,2.5308550138217716,0.01,1.0,,,
19440,3.1884765625,0.0,3.1884765625,0.00020150699677072122,0.00010075349838536061,97009.55651226931,10.192683008,0.09717109650440685,0.23972428644378724,2.5288800132258573,0.01,1.0,,,
19450,1.712890625,0.0,1.712890625,0.00020139935414424111,0.00010069967707212056,97009.84126806722,10.197925888,0.18821993935897108,0.43188851214670715,2.5269050608330073,0.01,1.0,,,
19460,3.16015625,0.0,3.16015625,0.00020129171151776106,0.00010064585575888053,97008.19917535048,10.203168768,0.10282973150498419,0.2086099470204386,2.524930157981788,0.01,1.0,,,
19470,2.7509765625,0.0,2.7509765625,0.00020118406889128098,0.00010059203444564049,97007.88071206489,10.208411648,0.14621362012742883,0.24106647732559167,2.522955306010732,0.01,1.0,,,
19480,3.1630859375,0.0,3.1630859375,0.00020107642626480087,0.00010053821313240043,97007.79455262635,10.213654528,0.11102479725148355,0.20727324964576668,2.5209805062583355,0.01,1.0,,,
19490,1.57958984375,0.0,1.57958984375,0.00020096878363832076,0.00010048439181916038,97008.6369294046,10.218897408,0.15814124911926594,0.2311399416714134,2.5190057600630613,0.01,1.0,,,
19500,3.10546875,0.0,3.10546875,0.0002008611410118407,0.00010043057050592035,97009.2057323385,10.224140288,0.10113121515790943,0.15166400807002492,2.517031068763335,0.01,1.0,,,
19500,,,,,,,,,,,,,0.0,0.0,0.0
19510,1.837890625,0.0,1.837890625,0.00020075349838536064,0.00010037674919268032,97007.61420610739,10.229383168,0.17053606276170155,0.1957125428106414,2.515056433697544,0.01,1.0,,,
19520,3.087890625,0.0,3.087890625,0.00020064585575888053,0.00010032292787944027,97008.44933620087,10.234626048,0.10674737757486377,0.271473072885028,2.513081856204041,0.01,1.0,,,
19530,3.1044921875,0.0,3.1044921875,0.00020053821313240042,0.00010026910656620021,97009.28971445705,10.239868928,0.10265420821001803,0.18685869804793215,2.5111073376211355,0.01,1.0,,,
19540,1.6630859375,0.0,1.6630859375,0.00020043057050592037,0.00010021528525296018,97005.4872576745,10.245111808,0.20330589138615585,0.4583175102825884,2.5091328792870993,0.01,1.0,,,
19550,3.017578125,0.0,3.017578125,0.00020032292787944029,0.00010016146393972014,97006.30798945771,10.250354688,0.11402928268525708,0.23436510544133934,2.5071584825401643,0.01,1.0,,,
19560,1.45068359375,0.0,1.45068359375,0.00020021528525296018,0.00010010764262648009,97007.1131353739,10.255597568,0.18340995246150474,0.20035472526730308,2.5051841487185174,0.01,1.0,,,
19570,3.2001953125,0.0,3.2001953125,0.00020010764262648007,0.00010005382131324003,97005.04494243307,10.260840448,0.12686829088490362,0.353882962270441,2.5032098791603055,0.01,1.0,,,
19580,2.6328125,0.0,2.6328125,0.0002,0.0001,97004.60959375602,10.266083328,0.1260645864955108,0.24296493580044962,2.5012356752036324,0.01,1.0,,,
19590,2.6435546875,0.0,2.6435546875,0.00019989235737351995,9.994617868675998e-05,97005.04409898072,10.271326208,0.12166338120488158,0.22721757363660292,2.499261538186555,0.01,1.0,,,
19600,1.5703125,0.0,1.5703125,0.00019978471474703984,9.989235737351992e-05,97005.40215150992,10.276569088,0.1029665040498523,0.2408099957834898,2.4972874694470866,0.01,1.0,,,
19610,3.25,0.0,3.25,0.00019967707212055976,9.983853606027988e-05,97005.85641583566,10.281811968,0.11929304885289564,0.28648867015483376,2.495313470323194,0.01,1.0,,,
19620,3.0205078125,0.0,3.0205078125,0.00019956942949407965,9.978471474703983e-05,97004.754109445,10.287054848,0.10563820927521904,0.1591031310927913,2.4933395421527957,0.01,1.0,,,
19630,2.6708984375,0.0,2.6708984375,0.0001994617868675996,9.97308934337998e-05,97005.05698548222,10.292297728,0.10109148833461233,0.3929971929922856,2.491365686273764,0.01,1.0,,,
19640,3.1640625,0.0,3.1640625,0.00019935414424111949,9.967707212055974e-05,97001.35888152594,10.297540608,0.09795853597639696,0.1359341908599394,2.489391904023921,0.01,1.0,,,
19650,3.1220703125,0.0,3.1220703125,0.00019924650161463943,9.962325080731971e-05,97002.0660000587,10.302783488,0.09433023150370914,0.28131234947686956,2.4874181967410385,0.01,1.0,,,
19660,3.0869140625,0.0,3.0869140625,0.00019913885898815932,9.956942949407966e-05,97002.87633856821,10.308026368,0.09753424419468007,0.2044703766492966,2.485444565762839,0.01,1.0,,,
19670,3.0,0.0,3.0,0.00019903121636167926,9.951560818083963e-05,97002.48771900903,10.313269248,0.1002860699865574,0.2633985477326273,2.483471012426991,0.01,1.0,,,
19680,3.177734375,0.0,3.177734375,0.00019892357373519915,9.946178686759958e-05,97003.14315840084,10.318512128,0.0988314924297924,0.27177003656664445,2.481497538071113,0.01,1.0,,,
19690,3.0966796875,0.0,3.0966796875,0.00019881593110871907,9.940796555435954e-05,97002.623588828,10.323755008,0.10541414007479032,0.2663820983477317,2.479524144032769,0.01,1.0,,,
19700,3.0625,0.0,3.0625,0.00019870828848223896,9.935414424111948e-05,97003.48544625516,10.328997888,0.09451228859804232,0.13999116869611708,2.477550831649466,0.01,1.0,,,
19710,1.98095703125,0.0,1.98095703125,0.0001986006458557589,9.930032292787945e-05,97003.95690671819,10.334240768,0.42548792976029326,0.5695250536209762,2.4755776022586606,0.01,1.0,,,
19720,2.7353515625,0.0,2.7353515625,0.0001984930032292788,9.92465016146394e-05,97004.7967287486,10.339483648,0.12391083050403226,0.20062819674850838,2.4736044571977485,0.01,1.0,,,
19730,3.1025390625,0.0,3.1025390625,0.00019838536060279874,9.919268030139937e-05,97004.85483503185,10.344726528,0.12707564396137308,0.3273700904690073,2.4716313978040714,0.01,1.0,,,
19740,3.1728515625,0.0,3.1728515625,0.00019827771797631863,9.913885898815931e-05,97005.36345944536,10.349969408,0.12339856752129093,0.32134658777636194,2.469658425414912,0.01,1.0,,,
19750,3.087890625,0.0,3.087890625,0.00019817007534983855,9.908503767491927e-05,97004.91271284306,10.355212288,0.09522969802217518,0.2158039052569978,2.4676855413674925,0.01,1.0,,,
19760,3.2568359375,0.0,3.2568359375,0.00019806243272335844,9.903121636167922e-05,97005.1956132371,10.360455168,0.098996850128205,0.33417518296036214,2.4657127469989777,0.01,1.0,,,
19770,3.1787109375,0.0,3.1787109375,0.00019795479009687838,9.897739504843919e-05,97004.22980712222,10.365698048,0.13512734763186443,0.28255222401929103,2.46374004364647,0.01,1.0,,,
19780,3.20703125,0.0,3.20703125,0.00019784714747039827,9.892357373519914e-05,97004.58000294355,10.370940928,0.15667115187484942,0.24874185756300402,2.46176743264701,0.01,1.0,,,
19790,3.0244140625,0.0,3.0244140625,0.00019773950484391821,9.886975242195911e-05,97003.04772870576,10.376183808,0.13115112363550546,0.29705511313028,2.459794915337577,0.01,1.0,,,
19800,2.5654296875,0.0,2.5654296875,0.0001976318622174381,9.881593110871905e-05,97002.46827309665,10.381426688,0.12184810230604264,0.2615638067879678,2.457822493055086,0.01,1.0,,,
19810,3.150390625,0.0,3.150390625,0.00019752421959095805,9.876210979547902e-05,97002.49742732722,10.386669568,0.10663628211841315,0.2067453421934185,2.4558501671363873,0.01,1.0,,,
19820,3.38671875,0.0,3.38671875,0.00019741657696447794,9.870828848223897e-05,97003.1040789645,10.391912448,0.16784926843272424,0.47903298756537227,2.4538779389182657,0.01,1.0,,,
19830,3.181640625,0.0,3.181640625,0.00019730893433799786,9.865446716899893e-05,97002.59245506037,10.397155328,0.13785008229163717,0.27892891695928984,2.451905809737442,0.01,1.0,,,
19840,1.7783203125,0.0,1.7783203125,0.00019720129171151775,9.860064585575887e-05,97002.0045622124,10.402398208,0.16917697846738228,0.32820101857681033,2.4499337809305666,0.01,1.0,,,
19850,2.59375,0.0,2.59375,0.0001970936490850377,9.854682454251885e-05,97001.7767621084,10.407641088,0.13701128223303707,0.25016983053510544,2.447961853834224,0.01,1.0,,,
19860,3.0751953125,0.0,3.0751953125,0.00019698600645855758,9.849300322927879e-05,97001.23672571288,10.412883968,0.0953375596373823,0.18838804391527145,2.4459900297849297,0.01,1.0,,,
19870,3.1435546875,0.0,3.1435546875,0.00019687836383207752,9.843918191603876e-05,97001.0747812948,10.418126848,0.09434155039749724,0.16805985315222685,2.444018310119128,0.01,1.0,,,
19880,2.51953125,0.0,2.51953125,0.00019677072120559741,9.838536060279871e-05,97000.59661907777,10.423369728,0.1388167303295714,0.18334822785866378,2.442046696173194,0.01,1.0,,,
19890,3.06640625,0.0,3.06640625,0.00019666307857911733,9.833153928955867e-05,97001.41220678616,10.428612608,0.09907020928431198,0.18819172609623394,2.44007518928343,0.01,1.0,,,
19900,2.75390625,0.0,2.75390625,0.00019655543595263722,9.827771797631861e-05,97002.23261535648,10.433855488,0.11253264106149415,0.2394597451067322,2.4381037907860663,0.01,1.0,,,
19910,2.7216796875,0.0,2.7216796875,0.00019644779332615717,9.822389666307858e-05,97002.21402710032,10.439098368,0.12046323199117445,0.20750587923092,2.4361325020172604,0.01,1.0,,,
19920,2.767578125,0.0,2.767578125,0.00019634015069967706,9.817007534983853e-05,97002.44322110571,10.444341248,0.11453953802284912,0.22095805435593618,2.4341613243130933,0.01,1.0,,,
19930,3.13671875,0.0,3.13671875,0.000196232508073197,9.81162540365985e-05,96999.97074492974,10.449584128,0.10945423966248691,0.24005430218843576,2.432190259009573,0.01,1.0,,,
19940,3.171875,0.0,3.171875,0.0001961248654467169,9.806243272335844e-05,97000.79177272353,10.454827008,0.09968844204750874,0.206830262284708,2.4302193074426306,0.01,1.0,,,
19950,3.169921875,0.0,3.169921875,0.00019601722282023683,9.800861141011842e-05,97001.19835339236,10.460069888,0.10657016892624133,0.17956819742976152,2.428248470948119,0.01,1.0,,,
19960,3.236328125,0.0,3.236328125,0.00019590958019375675,9.795479009687838e-05,97000.6400700697,10.465312768,0.12179445872204506,0.28310443531617385,2.4262777508618156,0.01,1.0,,,
19970,2.5625,0.0,2.5625,0.00019580193756727664,9.790096878363832e-05,96996.96824310144,10.470555648,0.12560928540632013,0.20556733546119713,2.4243071485194156,0.01,1.0,,,
19980,2.40966796875,0.0,2.40966796875,0.00019569429494079659,9.784714747039829e-05,96996.14836551905,10.475798528,0.12326297361438462,0.20829497574379677,2.422336665256537,0.01,1.0,,,
19990,1.916015625,0.0,1.916015625,0.00019558665231431648,9.779332615715824e-05,96996.48493976101,10.481041408,0.16701595736087213,0.19541911674661355,2.4203663024087168,0.01,1.0,,,
20000,2.0654296875,0.0,2.0654296875,0.00019547900968783642,9.773950484391821e-05,96995.01638553171,10.486284288,0.2586899390954704,0.272671063486644,2.418396061311409,0.01,1.0,,,
20000,,,,,,,,,,,,,0.0,0.0,0.0
20010,2.634765625,0.0,2.634765625,0.0001953713670613563,9.768568353067815e-05,96980.65661978729,10.491527168,0.12316331611977195,0.26328073912853966,2.4164259432999855,0.01,1.0,,,
20020,3.1435546875,0.0,3.1435546875,0.00019526372443487623,9.763186221743811e-05,96981.48109682124,10.496770048,0.1071987178506663,0.26107905873232706,2.4144559497097364,0.01,1.0,,,
20030,1.84814453125,0.0,1.84814453125,0.00019515608180839612,9.757804090419806e-05,96980.13223563838,10.502012928,0.169114672736548,0.16689030804705532,2.412486081875865,0.01,1.0,,,
20040,3.150390625,0.0,3.150390625,0.00019504843918191606,9.752421959095803e-05,96980.67432760069,10.507255808,0.11264503465809234,0.29447904842716754,2.4105163411334916,0.01,1.0,,,
20050,2.51953125,0.0,2.51953125,0.00019494079655543595,9.747039827771798e-05,96979.05745151106,10.512498688,0.16714629900224653,0.32714923923956035,2.4085467288176496,0.01,1.0,,,
20060,3.291015625,0.0,3.291015625,0.0001948331539289559,9.741657696447795e-05,96978.77392740895,10.517741568,0.12283562504563282,0.24997213068519475,2.4065772462632835,0.01,1.0,,,
20070,3.154296875,0.0,3.154296875,0.00019472551130247579,9.736275565123789e-05,96979.58472311405,10.522984448,0.10335006807628241,0.2726039762086281,2.4046078948052525,0.01,1.0,,,
20080,1.72119140625,0.0,1.72119140625,0.00019461786867599573,9.730893433799786e-05,96979.45201065199,10.528227328,0.15785148625584047,0.35057530355686806,2.4026386757783267,0.01,1.0,,,
20090,3.142578125,0.0,3.142578125,0.00019451022604951562,9.725511302475781e-05,96979.51990713777,10.533470208,0.11565355667571531,0.6023205544183446,2.400669590517184,0.01,1.0,,,
20100,3.0234375,0.0,3.0234375,0.00019440258342303554,9.720129171151777e-05,96980.33004241528,10.538713088,0.1120106731342032,0.3101295003051053,2.3987006403564153,0.01,1.0,,,
20110,2.6240234375,0.0,2.6240234375,0.00019429494079655543,9.714747039827771e-05,96978.12426228067,10.543955968,0.12641191297280643,0.1660195911258463,2.396731826630516,0.01,1.0,,,
20120,3.32421875,0.0,3.32421875,0.00019418729817007537,9.709364908503769e-05,96978.30800548504,10.549198848,0.11019321020479048,0.22349150313550475,2.394763150673892,0.01,1.0,,,
20130,1.64697265625,0.0,1.64697265625,0.00019407965554359526,9.703982777179763e-05,96977.84685407672,10.554441728,0.3904542843269975,0.26761100789158754,2.3927946138208545,0.01,1.0,,,
20140,2.65185546875,0.0,2.65185546875,0.0001939720129171152,9.69860064585576e-05,96978.54277977049,10.559684608,0.12562963301064256,0.26402115250256547,2.3908262174056207,0.01,1.0,,,
20150,2.7802734375,0.0,2.7802734375,0.0001938643702906351,9.693218514531755e-05,96977.09917705938,10.564927488,0.10753382676303849,0.26911792937537393,2.3888579627623128,0.01,1.0,,,
20160,3.0419921875,0.0,3.0419921875,0.000193756727664155,9.68783638320775e-05,96975.48155859573,10.570170368,0.10601604116296792,0.4364654183716271,2.386889851224957,0.01,1.0,,,
20170,3.0029296875,0.0,3.0029296875,0.00019364908503767493,9.682454251883746e-05,96976.29895806345,10.575413248,0.10432624573232196,0.36842703439496066,2.384921884127481,0.01,1.0,,,
20180,3.0361328125,0.0,3.0361328125,0.00019354144241119485,9.677072120559742e-05,96976.26977711282,10.580656128,0.11160037555473398,0.29574582731150034,2.3829540628037176,0.01,1.0,,,
20190,1.431640625,0.0,1.431640625,0.00019343379978471474,9.671689989235737e-05,96976.09008170002,10.585899008,0.15201365163499575,0.289305366309329,2.3809863885873983,0.01,1.0,,,
20200,3.322265625,0.0,3.322265625,0.00019332615715823468,9.666307857911734e-05,96976.6125631066,10.591141888,0.11931799214702933,0.24502260559208952,2.379018862812155,0.01,1.0,,,
20210,3.1982421875,0.0,3.1982421875,0.00019321851453175457,9.660925726587729e-05,96975.6194431918,10.596384768,0.1302009196192788,0.29512096306043073,2.3770514868115207,0.01,1.0,,,
20220,3.2021484375,0.0,3.2021484375,0.00019311087190527451,9.655543595263726e-05,96972.27698126424,10.601627648,0.2701263098466082,0.5513833013208544,2.3750842619189245,0.01,1.0,,,
20230,3.1591796875,0.0,3.1591796875,0.0001930032292787944,9.65016146393972e-05,96971.38700621923,10.606870528,0.10562868634650155,0.29597531373540437,2.3731171894676955,0.01,1.0,,,
20240,3.08203125,0.0,3.08203125,0.00019289558665231432,9.644779332615716e-05,96971.7256943757,10.612113408,0.09638565755450085,0.23995377685895308,2.371150270791059,0.01,1.0,,,
20250,3.1171875,0.0,3.1171875,0.0001927879440258342,9.63939720129171e-05,96969.90113403826,10.617356288,0.10999731808306505,0.2346843247244512,2.3691835072221332,0.01,1.0,,,
20260,3.1513671875,0.0,3.1513671875,0.00019268030139935416,9.634015069967708e-05,96970.03321725872,10.622599168,0.09676372866503824,0.21828456697653004,2.3672169000939354,0.01,1.0,,,
20270,3.1337890625,0.0,3.1337890625,0.00019257265877287405,9.628632938643702e-05,96969.8233898599,10.627842048,0.09777055352486368,0.19893706773143188,2.3652504507393743,0.01,1.0,,,
20280,3.310546875,0.0,3.310546875,0.000192465016146394,9.6232508073197e-05,96970.63879503458,10.633084928,0.10586485728486461,0.2769654174465003,2.363284160491252,0.01,1.0,,,
20290,3.2197265625,0.0,3.2197265625,0.00019235737351991388,9.617868675995694e-05,96970.4780182198,10.638327808,0.1168784381161136,0.163895460017362,2.361318030682263,0.01,1.0,,,
20300,2.9794921875,0.0,2.9794921875,0.0001922497308934338,9.61248654467169e-05,96971.2957375973,10.643570688,0.09633534255665192,0.17815689639369767,2.359352062644994,0.01,1.0,,,
20310,1.3466796875,0.0,1.3466796875,0.00019214208826695371,9.607104413347686e-05,96972.09942180276,10.648813568,0.18981328406561088,0.3463789400410045,2.3573862577119202,0.01,1.0,,,
20320,2.53564453125,0.0,2.53564453125,0.00019203444564047363,9.601722282023682e-05,96971.420549692,10.654056448,0.11331230248962085,0.29542770256314976,2.3554206172154073,0.01,1.0,,,
20330,3.2001953125,0.0,3.2001953125,0.00019192680301399358,9.596340150699679e-05,96971.50922391609,10.659299328,0.10035440393261706,0.15559388901695284,2.35345514248771,0.01,1.0,,,
20340,3.2373046875,0.0,3.2373046875,0.00019181916038751347,9.590958019375673e-05,96969.62570514505,10.664542208,0.10283382897279668,0.2653269890246969,2.351489834860969,0.01,1.0,,,
20350,3.099609375,0.0,3.099609375,0.0001917115177610334,9.58557588805167e-05,96968.28233784731,10.669785088,0.10701022485134849,0.18700627130184702,2.3495246956672147,0.01,1.0,,,
20360,3.07421875,0.0,3.07421875,0.0001916038751345533,9.580193756727665e-05,96967.36026107409,10.675027968,0.11428276717911369,0.32328804952820234,2.347559726238359,0.01,1.0,,,
20370,3.2236328125,0.0,3.2236328125,0.00019149623250807322,9.574811625403661e-05,96967.7800708802,10.680270848,0.17164034731850597,0.3010365409479193,2.345594927906203,0.01,1.0,,,
20380,3.2373046875,0.0,3.2373046875,0.0001913885898815931,9.569429494079655e-05,96967.30440834636,10.685513728,0.1133986347859653,0.36413385103772633,2.34363030200243,0.01,1.0,,,
20390,3.1875,0.0,3.1875,0.00019128094725511305,9.564047362755653e-05,96966.68296862565,10.690756608,0.11785499146306398,0.612410729083396,2.341665849858605,0.01,1.0,,,
20400,3.146484375,0.0,3.146484375,0.00019117330462863294,9.558665231431647e-05,96964.83184565173,10.695999488,0.10434700808472414,0.20348764232273633,2.3397015728061787,0.01,1.0,,,
20410,3.115234375,0.0,3.115234375,0.00019106566200215289,9.553283100107644e-05,96963.78229071993,10.701242368,0.10277856084942752,0.18461180939000368,2.3377374721764803,0.01,1.0,,,
20420,1.70703125,0.0,1.70703125,0.00019095801937567278,9.547900968783639e-05,96964.58617933698,10.706485248,0.13113628722106155,0.2802374611837736,2.3357735493007197,0.01,1.0,,,
20430,2.9453125,0.0,2.9453125,0.0001908503767491927,9.542518837459635e-05,96965.38970283544,10.711728128,0.2267339441438568,0.41503756696242994,2.333809805509988,0.01,1.0,,,
20440,3.255859375,0.0,3.255859375,0.0001907427341227126,9.53713670613563e-05,96966.19016256467,10.716971008,0.09890956026201321,0.21537343773573916,2.3318462421352524,0.01,1.0,,,
20450,3.216796875,0.0,3.216796875,0.00019063509149623253,9.531754574811626e-05,96965.43874336116,10.722213888,0.10496732411310404,0.17268063341857995,2.3298828605073605,0.01,1.0,,,
20460,1.70654296875,0.0,1.70654296875,0.00019052744886975242,9.526372443487621e-05,96966.23662104388,10.727456768,0.23352401569125458,0.30013769945692964,2.327919661957035,0.01,1.0,,,
20470,3.1318359375,0.0,3.1318359375,0.00019041980624327236,9.520990312163618e-05,96964.37200890845,10.732699648,0.10168695027669238,0.19886404839239355,2.3259566478148748,0.01,1.0,,,
20480,3.189453125,0.0,3.189453125,0.00019031216361679225,9.515608180839613e-05,96963.62923833191,10.737942528,0.13229786112396752,0.24200916377119888,2.3239938194113536,0.01,1.0,,,
20490,3.0791015625,0.0,3.0791015625,0.0001902045209903122,9.51022604951561e-05,96962.28664444435,10.743185408,0.1432897673080224,0.21786756243294164,2.322031178076821,0.01,1.0,,,
20500,3.2294921875,0.0,3.2294921875,0.00019009687836383209,9.504843918191604e-05,96962.29444308992,10.748428288,0.14101146562201664,0.26296249203533006,2.320068725141497,0.01,1.0,,,
20500,,,,,,,,,,,,,0.0,0.0,0.0
20510,1.7734375,0.0,1.7734375,0.000189989235737352,9.4994617868676e-05,96963.10909985921,10.753671168,0.3427731597833431,0.2978352223401036,2.3181064619354754,0.01,1.0,,,
20520,2.7568359375,0.0,2.7568359375,0.0001898815931108719,9.494079655543595e-05,96963.93604607639,10.758914048,0.11906140931610035,0.19395681516677993,2.3161443897887226,0.01,1.0,,,
20530,3.08203125,0.0,3.08203125,0.00018977395048439184,9.488697524219592e-05,96964.75655554073,10.764156928,0.1335256214853818,0.3512858427430135,2.3141825100310727,0.01,1.0,,,
20540,3.232421875,0.0,3.232421875,0.00018966630785791173,9.483315392895586e-05,96965.01704858163,10.769399808,0.10302912956431858,0.1695372046479089,2.3122208239922313,0.01,1.0,,,
20550,3.125,0.0,3.125,0.00018955866523143167,9.477933261571584e-05,96965.82258059786,10.774642688,0.10613204078005849,0.1784730433010912,2.3102593330017736,0.01,1.0,,,
20560,3.1982421875,0.0,3.1982421875,0.00018945102260495156,9.472551130247578e-05,96966.14896216335,10.779885568,0.10462065025664284,0.24360252390006665,2.3082980383891396,0.01,1.0,,,
20570,1.89013671875,0.0,1.89013671875,0.00018934337997847148,9.467168998923574e-05,96966.94467697531,10.785128448,0.14529793389829776,0.23935611918057256,2.306336941483639,0.01,1.0,,,
20580,3.275390625,0.0,3.275390625,0.0001892357373519914,9.46178686759957e-05,96967.75294472555,10.790371328,0.1284671860481677,0.4488670631432619,2.304376043614446,0.01,1.0,,,
20590,3.1142578125,0.0,3.1142578125,0.0001891280947255113,9.456404736275566e-05,96968.47537162942,10.795614208,0.09835654469013948,0.21666354813995817,2.302415346110599,0.01,1.0,,,
20600,3.1640625,0.0,3.1640625,0.0001890204520990312,9.45102260495156e-05,96969.29126057407,10.800857088,0.11992528917828918,0.43913444756766296,2.300454850301005,0.01,1.0,,,
20610,2.5537109375,0.0,2.5537109375,0.00018891280947255115,9.445640473627557e-05,96969.96397809318,10.806099968,0.13152368997083685,0.4422004077395337,2.2984945575144287,0.01,1.0,,,
20620,3.1748046875,0.0,3.1748046875,0.00018880516684607104,9.440258342303552e-05,96969.7189506812,10.811342848,0.12026963611610962,0.1941796059513223,2.2965344690795013,0.01,1.0,,,
20630,1.68310546875,0.0,1.68310546875,0.00018869752421959098,9.434876210979549e-05,96968.5200428558,10.816585728,0.1327653584989229,0.18442955626056715,2.294574586324713,0.01,1.0,,,
20640,3.0791015625,0.0,3.0791015625,0.00018858988159311087,9.429494079655544e-05,96969.00753607383,10.821828608,0.18865971699891507,0.27785368749309075,2.2926149105784153,0.01,1.0,,,
20650,3.1171875,0.0,3.1171875,0.0001884822389666308,9.42411194833154e-05,96969.81777661415,10.827071488,0.11173606366540707,0.34952132687917054,2.2906554431688204,0.01,1.0,,,
20660,2.3876953125,0.0,2.3876953125,0.00018837459634015068,9.418729817007534e-05,96970.0859524746,10.832314368,0.12435768578298965,0.1923661839929454,2.288696185423998,0.01,1.0,,,
20670,3.0966796875,0.0,3.0966796875,0.00018826695371367062,9.413347685683531e-05,96970.87950885626,10.837557248,0.11912278016240391,0.23742682750720515,2.2867371386718762,0.01,1.0,,,
20680,3.2412109375,0.0,3.2412109375,0.0001881593110871905,9.407965554359526e-05,96971.35287138242,10.842800128,0.09559792043734008,0.16296920142727225,2.2847783042402408,0.01,1.0,,,
20690,3.1376953125,0.0,3.1376953125,0.00018805166846071046,9.402583423035523e-05,96972.18076537813,10.848043008,0.09193227656730917,0.13015986745079125,2.2828196834567316,0.01,1.0,,,
20700,2.37744140625,0.0,2.37744140625,0.00018794402583423037,9.397201291711519e-05,96972.37663001296,10.853285888,0.10683514046235658,0.2646875210443701,2.280861277648846,0.01,1.0,,,
20710,3.236328125,0.0,3.236328125,0.0001878363832077503,9.391819160387515e-05,96972.97725575829,10.858528768,0.10480692887054593,0.20028242255923429,2.278903088143935,0.01,1.0,,,
20720,3.0908203125,0.0,3.0908203125,0.0001877287405812702,9.38643702906351e-05,96973.416701738,10.863771648,0.10327371022187379,0.32565156111558635,2.2769451162692014,0.01,1.0,,,
20730,3.12890625,0.0,3.12890625,0.0001876210979547901,9.381054897739505e-05,96973.84770939563,10.869014528,0.1088897104532055,0.21498045382116773,2.274987363351703,0.01,1.0,,,
20740,2.6357421875,0.0,2.6357421875,0.00018751345532831004,9.375672766415502e-05,96974.65505567822,10.874257408,0.1308650237308878,0.16775757064348765,2.273029830718347,0.01,1.0,,,
20750,3.2041015625,0.0,3.2041015625,0.00018740581270182993,9.370290635091497e-05,96974.5729369847,10.879500288,0.11637923733372596,0.1712037617710106,2.2710725196958936,0.01,1.0,,,
20760,3.2041015625,0.0,3.2041015625,0.00018729817007534988,9.364908503767494e-05,96975.38773245782,10.884743168,0.12109176795377848,0.3019975722145654,2.26911543161095,0.01,1.0,,,
20770,3.048828125,0.0,3.048828125,0.00018719052744886977,9.359526372443488e-05,96976.20212580802,10.889986048,0.12722624761382761,0.3677323924723191,2.2671585677899744,0.01,1.0,,,
20780,3.169921875,0.0,3.169921875,0.00018708288482238968,9.354144241119484e-05,96975.83890398082,10.895228928,0.10778693620890355,0.12332205538926899,2.2652019295592725,0.01,1.0,,,
20790,3.177734375,0.0,3.177734375,0.00018697524219590957,9.348762109795479e-05,96976.05180189028,10.900471808,0.10784328095171616,0.2380412322943866,2.2632455182449966,0.01,1.0,,,
20800,3.0302734375,0.0,3.0302734375,0.00018686759956942952,9.343379978471476e-05,96975.38459862914,10.905714688,0.10337570124049826,0.14800742372197467,2.2612893351731467,0.01,1.0,,,
20810,2.29931640625,0.0,2.29931640625,0.0001867599569429494,9.33799784714747e-05,96975.7284416806,10.910957568,0.10769772230943478,0.25625208322514254,2.2593333816695647,0.01,1.0,,,
20820,3.107421875,0.0,3.107421875,0.00018665231431646935,9.332615715823468e-05,96976.5392753597,10.916200448,0.1117779090918791,0.1657762740978913,2.2573776590599417,0.01,1.0,,,
20830,1.669921875,0.0,1.669921875,0.00018654467168998924,9.327233584499462e-05,96977.35209949675,10.921443328,0.1828926248341519,0.1883811471350113,2.2554221686698077,0.01,1.0,,,
20840,3.103515625,0.0,3.103515625,0.00018643702906350919,9.321851453175459e-05,96977.27268490325,10.926686208,0.11629623094187996,0.2902566004675886,2.253466911824539,0.01,1.0,,,
20850,2.6435546875,0.0,2.6435546875,0.00018632938643702908,9.316469321851454e-05,96977.25843951323,10.931929088,0.12059476524642146,0.24156608721164882,2.2515118898493514,0.01,1.0,,,
20860,3.13671875,0.0,3.13671875,0.000186221743810549,9.31108719052745e-05,96978.07484450113,10.937171968,0.11243340765237965,0.37076438703923525,2.2495571040693014,0.01,1.0,,,
20870,3.1513671875,0.0,3.1513671875,0.00018611410118406888,9.305705059203444e-05,96978.87533043281,10.942414848,0.10531977526701478,0.24056673177376234,2.247602555809288,0.01,1.0,,,
20880,3.2294921875,0.0,3.2294921875,0.00018600645855758883,9.300322927879441e-05,96979.67316331278,10.947657728,0.18909785842139773,0.23259138827351816,2.2456482463940453,0.01,1.0,,,
20890,3.3193359375,0.0,3.3193359375,0.00018589881593110872,9.294940796555436e-05,96980.46622154622,10.952900608,0.11543530073604721,0.19783016902171427,2.243694177148149,0.01,1.0,,,
20900,2.564453125,0.0,2.564453125,0.00018579117330462866,9.289558665231433e-05,96981.25306091266,10.958143488,0.10774774590794016,0.1790468024028708,2.2417403493960095,0.01,1.0,,,
20910,2.4951171875,0.0,2.4951171875,0.00018568353067814855,9.284176533907428e-05,96981.64763385462,10.963386368,0.1267958669501422,0.23217714053915903,2.239786764461875,0.01,1.0,,,
20920,3.1416015625,0.0,3.1416015625,0.00018557588805166847,9.278794402583423e-05,96982.43643796297,10.968629248,0.09850852118893355,0.1711343533792636,2.2378334236698287,0.01,1.0,,,
20930,3.0751953125,0.0,3.0751953125,0.00018546824542518836,9.273412271259418e-05,96982.87663489852,10.973872128,0.11374063608570043,0.16987294883520956,2.2358803283437885,0.01,1.0,,,
20940,2.55078125,0.0,2.55078125,0.0001853606027987083,9.268030139935415e-05,96983.0622795166,10.979115008,0.1139665276542056,0.20771539161302932,2.2339274798075066,0.01,1.0,,,
20950,1.601806640625,0.0,1.601806640625,0.0001852529601722282,9.26264800861141e-05,96983.25617471493,10.984357888,0.10790536164956856,0.16364203776982528,2.2319748793845653,0.01,1.0,,,
20960,2.6171875,0.0,2.6171875,0.00018514531754574814,9.257265877287407e-05,96983.68130423018,10.989600768,0.1370781057028413,0.298439603277788,2.2300225283983828,0.01,1.0,,,
20970,3.1171875,0.0,3.1171875,0.00018503767491926803,9.251883745963401e-05,96984.03541485697,10.994843648,0.10013230070164804,0.18203979816009994,2.2280704281722037,0.01,1.0,,,
20980,2.6796875,0.0,2.6796875,0.00018493003229278797,9.246501614639399e-05,96984.82844039112,11.000086528,0.13598762747597118,0.20735899664825097,2.2261185800291066,0.01,1.0,,,
20990,3.1064453125,0.0,3.1064453125,0.00018482238966630786,9.241119483315393e-05,96984.16496983074,11.005329408,0.10176892971731949,0.25999913380387085,2.2241669852919967,0.01,1.0,,,
21000,3.1015625,0.0,3.1015625,0.00018471474703982778,9.235737351991389e-05,96984.93970397439,11.010572288,0.12192177162018926,0.21917054944499742,2.222215645283609,0.01,1.0,,,
21000,,,,,,,,,,,,,0.0,0.0,0.0
21010,3.1689453125,0.0,3.1689453125,0.00018460710441334767,9.230355220667383e-05,96977.9226931611,11.015815168,0.10436124408381586,0.17381843139640824,2.2202645613265046,0.01,1.0,,,
21020,3.138671875,0.0,3.138671875,0.0001844994617868676,9.22497308934338e-05,96978.70867639799,11.021058048,0.15751719776101886,0.40169008948854684,2.2183137347430724,0.01,1.0,,,
21030,2.47265625,0.0,2.47265625,0.0001843918191603875,9.219590958019375e-05,96979.51543309886,11.026300928,0.11710185968216745,0.1856399655130909,2.2163631668555244,0.01,1.0,,,
21040,3.1455078125,0.0,3.1455078125,0.00018428417653390745,9.214208826695372e-05,96980.33610018496,11.031543808,0.10043451407675412,0.1699739706824592,2.214412858985902,0.01,1.0,,,
21050,3.1318359375,0.0,3.1318359375,0.00018417653390742734,9.208826695371367e-05,96980.5746833723,11.036786688,0.11691697760402395,0.20084929220140807,2.212462812456063,0.01,1.0,,,
21060,3.1865234375,0.0,3.1865234375,0.00018406889128094725,9.203444564047363e-05,96981.37971387869,11.042029568,0.0999258043041076,0.2166181001975138,2.210513028587697,0.01,1.0,,,
21070,3.025390625,0.0,3.025390625,0.0001839612486544672,9.19806243272336e-05,96982.18064899664,11.047272448,0.10705910926023984,0.2413203613802468,2.208563508702307,0.01,1.0,,,
21080,3.046875,0.0,3.046875,0.0001838536060279871,9.192680301399354e-05,96982.71304459825,11.052515328,0.10895317745792249,0.3853967010496007,2.2066142541212246,0.01,1.0,,,
21090,0.8623046875,0.0,0.8623046875,0.00018374596340150703,9.187298170075352e-05,96983.50579692984,11.057758208,0.3618296137127412,0.5925529346654896,2.204665266165595,0.01,1.0,,,
21100,3.130859375,0.0,3.130859375,0.00018363832077502692,9.181916038751346e-05,96984.00377239987,11.063001088,0.14759051689310412,0.6468728594674164,2.2027165461563887,0.01,1.0,,,
21110,3.0927734375,0.0,3.0927734375,0.00018353067814854687,9.176533907427343e-05,96984.7867141062,11.068243968,0.13321865574646327,0.40934144116209764,2.2007680954143884,0.01,1.0,,,
21120,3.126953125,0.0,3.126953125,0.00018342303552206676,9.171151776103338e-05,96983.70240380839,11.073486848,0.13219500108136756,0.33159387830615106,2.1988199152602004,0.01,1.0,,,
21130,3.068359375,0.0,3.068359375,0.00018331539289558667,9.165769644779334e-05,96984.10032805736,11.078729728,0.10124638088018835,0.2696926289430676,2.196872007014243,0.01,1.0,,,
21140,3.26171875,0.0,3.26171875,0.00018320775026910656,9.160387513455328e-05,96984.88002983805,11.083972608,0.10620356237651478,0.36412094230572906,2.1949243719967515,0.01,1.0,,,
21150,1.775390625,0.0,1.775390625,0.0001831001076426265,9.155005382131325e-05,96985.67475625103,11.089215488,0.2028120614508504,0.420739682960423,2.192977011527779,0.01,1.0,,,
21160,2.0546875,0.0,2.0546875,0.0001829924650161464,9.14962325080732e-05,96984.95998855939,11.094458368,0.6312065221828952,0.7767224838817551,2.191029926927187,0.01,1.0,,,
21170,3.1650390625,0.0,3.1650390625,0.00018288482238966634,9.144241119483317e-05,96984.94795921468,11.099701248,0.14752145687449547,0.3453152563902955,2.1890831195146556,0.01,1.0,,,
21180,2.52587890625,0.0,2.52587890625,0.00018277717976318623,9.138858988159312e-05,96985.74853016988,11.104944128,0.13688826707288917,0.2908417792694801,2.1871365906096725,0.01,1.0,,,
21190,3.0810546875,0.0,3.0810546875,0.00018266953713670615,9.133476856835307e-05,96986.34734769637,11.110187008,0.09905517224085883,0.17509897864988186,2.1851903415315395,0.01,1.0,,,
21200,3.1767578125,0.0,3.1767578125,0.00018256189451022604,9.128094725511302e-05,96987.12321127109,11.115429888,0.09537441279966145,0.17777961244059756,2.183244373599367,0.01,1.0,,,
21210,3.236328125,0.0,3.236328125,0.00018245425188374598,9.122712594187299e-05,96987.81642273843,11.120672768,0.11763156257733949,0.16358158057045533,2.1812986881320775,0.01,1.0,,,
21220,2.53125,0.0,2.53125,0.00018234660925726587,9.117330462863294e-05,96988.60182758652,11.125915648,0.10743668212060552,0.21185629856749627,2.179353286448397,0.01,1.0,,,
21230,3.2080078125,0.0,3.2080078125,0.00018223896663078582,9.111948331539291e-05,96988.7363243118,11.131158528,0.11139194651708866,0.1611413387283046,2.1774081698668657,0.01,1.0,,,
21240,3.001953125,0.0,3.001953125,0.0001821313240043057,9.106566200215285e-05,96988.38622268973,11.136401408,0.09833870338425928,0.14835268037946486,2.175463339705825,0.01,1.0,,,
21250,1.476318359375,0.0,1.476318359375,0.00018202368137782565,9.101184068891283e-05,96988.57605690534,11.141644288,0.24818249712576376,0.25386287945842806,2.1735187972834256,0.01,1.0,,,
21260,3.1689453125,0.0,3.1689453125,0.00018191603875134554,9.095801937567277e-05,96989.23130044082,11.146887168,0.10307356465172858,0.22223769114100883,2.1715745439176213,0.01,1.0,,,
21270,3.1962890625,0.0,3.1962890625,0.00018180839612486546,9.090419806243273e-05,96990.00843602006,11.152130048,0.11681028200929826,0.24737400366549495,2.1696305809261713,0.01,1.0,,,
21280,2.6103515625,0.0,2.6103515625,0.00018170075349838535,9.085037674919267e-05,96990.11978263203,11.157372928,0.12170439049167453,0.2434849579916991,2.167686909626636,0.01,1.0,,,
21290,3.134765625,0.0,3.134765625,0.0001815931108719053,9.079655543595265e-05,96990.18181541972,11.162615808,0.10420023532622599,0.1757485011845165,2.1657435313363824,0.01,1.0,,,
21300,3.048828125,0.0,3.048828125,0.00018148546824542518,9.074273412271259e-05,96990.79845964053,11.167858688,0.10761471815145934,0.2822378220257076,2.163800447372572,0.01,1.0,,,
21310,3.0966796875,0.0,3.0966796875,0.00018137782561894513,9.068891280947256e-05,96991.4587890455,11.173101568,0.10266372854070216,0.22533802346642598,2.161857659052174,0.01,1.0,,,
21320,2.61474609375,0.0,2.61474609375,0.00018127018299246502,9.063509149623251e-05,96992.12445201802,11.178344448,0.11691287100894283,0.21159509543323762,2.159915167691952,0.01,1.0,,,
21330,3.2958984375,0.0,3.2958984375,0.00018116254036598493,9.058127018299247e-05,96992.7475354554,11.183587328,0.11594749553574571,0.17877429950090667,2.157972974608472,0.01,1.0,,,
21340,1.3125,0.0,1.3125,0.00018105489773950482,9.052744886975241e-05,96993.34975886492,11.188830208,0.19435246271692547,0.27892405376472074,2.1560310811180945,0.01,1.0,,,
21350,2.49609375,0.0,2.49609375,0.00018094725511302477,9.047362755651238e-05,96993.14801008035,11.194073088,0.11654844900536251,0.18807722941591826,2.1540894885369806,0.01,1.0,,,
21360,3.166015625,0.0,3.166015625,0.00018083961248654466,9.041980624327233e-05,96993.9368453741,11.199315968,0.11252519156903978,0.2237808234957938,2.1521481981810826,0.01,1.0,,,
21370,3.2451171875,0.0,3.2451171875,0.0001807319698600646,9.03659849300323e-05,96994.02731464185,11.204558848,0.11000962364178495,0.15966518823760237,2.150207211366153,0.01,1.0,,,
21380,3.0693359375,0.0,3.0693359375,0.0001806243272335845,9.031216361679225e-05,96994.52366803087,11.209801728,0.10797305875240823,0.3247841422545716,2.1482665294077368,0.01,1.0,,,
21390,3.177734375,0.0,3.177734375,0.00018051668460710444,9.025834230355222e-05,96995.29114895688,11.215044608,0.10683587504386391,0.4344963834795335,2.1463261536211697,0.01,1.0,,,
21400,3.0537109375,0.0,3.0537109375,0.00018040904198062433,9.020452099031216e-05,96994.35399592294,11.220287488,0.09392050382055281,0.2877197497408057,2.144386085321585,0.01,1.0,,,
21410,3.134765625,0.0,3.134765625,0.00018030139935414424,9.015069967707212e-05,96995.14758624771,11.225530368,0.10459478787486137,0.18834151182491599,2.142446325823902,0.01,1.0,,,
21420,3.1806640625,0.0,3.1806640625,0.00018019375672766413,9.009687836383207e-05,96995.52883642721,11.230773248,0.09541322283748128,0.2029938464635575,2.1405068764428354,0.01,1.0,,,
21430,3.27734375,0.0,3.27734375,0.00018008611410118408,9.004305705059204e-05,96995.85121930964,11.236016128,0.09782082806780737,0.13550279916618205,2.138567738492887,0.01,1.0,,,
21440,3.0673828125,0.0,3.0673828125,0.00017997847147470402,8.998923573735201e-05,96996.61461692337,11.241259008,0.11094245933676519,0.1746319643937,2.136628913288349,0.01,1.0,,,
21450,2.6943359375,0.0,2.6943359375,0.0001798708288482239,8.993541442411196e-05,96997.35078840803,11.246501888,0.103959116272451,0.18629747620635,2.134690402143299,0.01,1.0,,,
21460,3.1884765625,0.0,3.1884765625,0.00017976318622174383,8.988159311087191e-05,96997.19028365338,11.251744768,0.10152706546716318,0.1649622101798677,2.132752206371606,0.01,1.0,,,
21470,3.1689453125,0.0,3.1689453125,0.00017965554359526372,8.982777179763186e-05,96997.64853709495,11.256987648,0.10131394164655391,0.16446537543326106,2.1308143272869207,0.01,1.0,,,
21480,3.1689453125,0.0,3.1689453125,0.00017954790096878366,8.977395048439183e-05,96997.94311789256,11.262230528,0.10904950728241121,0.1822142832650834,2.1288767662026835,0.01,1.0,,,
21490,3.09765625,0.0,3.09765625,0.00017944025834230355,8.972012917115178e-05,96998.62468883613,11.267473408,0.099595064504267,0.15670436074636965,2.1269395244321156,0.01,1.0,,,
21500,3.1103515625,0.0,3.1103515625,0.0001793326157158235,8.966630785791175e-05,96999.08474884437,11.272716288,0.09983918555110113,0.15654819476596674,2.125002603288225,0.01,1.0,,,
21500,,,,,,,,,,,,,0.0,0.0,0.0
21510,3.0849609375,0.0,3.0849609375,0.0001792249730893434,8.96124865446717e-05,96999.82028388226,11.277959168,0.10684773916603688,0.15014099592152366,2.123066004083798,0.01,1.0,,,
21520,1.955078125,0.0,1.955078125,0.00017911733046286333,8.955866523143167e-05,97000.01775399112,11.283202048,0.16398603253031707,0.24749670696401066,2.1211297281314083,0.01,1.0,,,
21530,3.109375,0.0,3.109375,0.00017900968783638322,8.950484391819161e-05,97000.1794787478,11.288444928,0.09916409135791168,0.19263566073794972,2.119193776743405,0.01,1.0,,,
21540,3.1328125,0.0,3.1328125,0.00017890204520990314,8.945102260495157e-05,97000.95425491809,11.293687808,0.15566172573376616,0.22695582649540735,2.1172581512319226,0.01,1.0,,,
21550,2.517578125,0.0,2.517578125,0.00017879440258342303,8.939720129171151e-05,97001.73328391877,11.298930688,0.11327583473559824,0.24444746719544388,2.1153228529088683,0.01,1.0,,,
21560,2.6181640625,0.0,2.6181640625,0.00017868675995694297,8.934337997847149e-05,97002.50000712283,11.304173568,0.10949796136238994,0.1501226719788134,2.113387883085935,0.01,1.0,,,
21570,2.76953125,0.0,2.76953125,0.00017857911733046286,8.928955866523143e-05,97003.22707735437,11.309416448,0.1295720350463995,0.18232296479687277,2.111453243074587,0.01,1.0,,,
21580,2.40576171875,0.0,2.40576171875,0.0001784714747039828,8.92357373519914e-05,97003.27936514346,11.314659328,0.14024512467484115,0.2500086239974841,2.109518934186067,0.01,1.0,,,
21590,3.2373046875,0.0,3.2373046875,0.0001783638320775027,8.918191603875135e-05,97002.13599570854,11.319902208,0.137075389828377,0.4722414215339583,2.107584957731396,0.01,1.0,,,
21600,3.04296875,0.0,3.04296875,0.00017825618945102261,8.912809472551131e-05,97002.082465608,11.325145088,0.10181936583343286,0.3707752146302883,2.1056513150213636,0.01,1.0,,,
21610,3.1328125,0.0,3.1328125,0.0001781485468245425,8.907427341227125e-05,97002.69486708283,11.330387968,0.11605255870929117,0.16486264593298333,2.1037180073665396,0.01,1.0,,,
21620,3.158203125,0.0,3.158203125,0.00017804090419806245,8.902045209903122e-05,96999.95046174801,11.335630848,0.10196900647664259,0.29940367522142597,2.1017850360772625,0.01,1.0,,,
21630,1.91357421875,0.0,1.91357421875,0.00017793326157158234,8.896663078579117e-05,96997.32176850302,11.340873728,0.1702463522833386,0.22550914041896747,2.099852402463645,0.01,1.0,,,
21640,2.49609375,0.0,2.49609375,0.00017782561894510228,8.891280947255114e-05,96995.5499984447,11.346116608,0.1449906647376373,0.24223179139803142,2.0979201078355683,0.01,1.0,,,
21650,3.2060546875,0.0,3.2060546875,0.00017771797631862217,8.885898815931109e-05,96994.88255746389,11.351359488,0.12197259547350663,0.17953737458594032,2.0959881535026885,0.01,1.0,,,
21660,3.130859375,0.0,3.130859375,0.00017761033369214212,8.880516684607106e-05,96995.64331927443,11.356602368,0.12117919250478373,0.13708049753497034,2.094056540774426,0.01,1.0,,,
21670,1.47509765625,0.0,1.47509765625,0.000177502691065662,8.8751345532831e-05,96996.41208057008,11.361845248,0.17082783598160767,0.26926871255402934,2.092125270959973,0.01,1.0,,,
21680,3.181640625,0.0,3.181640625,0.00017739504843918192,8.869752421959096e-05,96997.1612012947,11.367088128,0.11515184040979408,0.32401783991575955,2.0901943453682876,0.01,1.0,,,
21690,3.1005859375,0.0,3.1005859375,0.00017728740581270181,8.864370290635091e-05,96994.9615282488,11.372331008,0.10476473972966818,0.2407904122964135,2.0882637653080964,0.01,1.0,,,
21700,3.1318359375,0.0,3.1318359375,0.00017717976318622176,8.858988159311088e-05,96995.56593776702,11.377573888,0.10264445932486811,0.23162733168736707,2.0863335320878886,0.01,1.0,,,
21710,3.09375,0.0,3.09375,0.00017707212055974165,8.853606027987082e-05,96996.13133361474,11.382816768,0.09614772478801532,0.23824066731854604,2.0844036470159217,0.01,1.0,,,
21720,3.1279296875,0.0,3.1279296875,0.0001769644779332616,8.84822389666308e-05,96994.68391281643,11.388059648,0.097030118162634,0.13235733785828746,2.082474111400215,0.01,1.0,,,
21730,3.1669921875,0.0,3.1669921875,0.00017685683530678148,8.842841765339074e-05,96994.64145431595,11.393302528,0.09439369252397936,0.19030119912496538,2.0805449265485536,0.01,1.0,,,
21740,3.1015625,0.0,3.1015625,0.0001767491926803014,8.83745963401507e-05,96995.3140466559,11.398545408,0.09802843265689994,0.20877324856251323,2.0786160937684808,0.01,1.0,,,
21750,3.16015625,0.0,3.16015625,0.00017664155005382132,8.832077502691066e-05,96994.20178930226,11.403788288,0.09794041525597698,0.18743464201777515,2.076687614367305,0.01,1.0,,,
21760,3.228515625,0.0,3.228515625,0.00017653390742734123,8.826695371367062e-05,96994.94586112026,11.409031168,0.09187771807231143,0.1883723095190881,2.074759489652093,0.01,1.0,,,
21770,3.0986328125,0.0,3.0986328125,0.00017642626480086112,8.821313240043056e-05,96992.40079712139,11.414274048,0.09528287058049184,0.16317150266245523,2.0728317209296723,0.01,1.0,,,
21780,3.033203125,0.0,3.033203125,0.00017631862217438107,8.815931108719053e-05,96988.98990936393,11.419516928,0.09236178061744682,0.1609820681026582,2.0709043095066275,0.01,1.0,,,
21790,2.521484375,0.0,2.521484375,0.00017621097954790096,8.810548977395048e-05,96985.77395948586,11.424759808,0.10114555942378155,0.2029883976153453,2.0689772566893034,0.01,1.0,,,
21800,3.234375,0.0,3.234375,0.0001761033369214209,8.805166846071045e-05,96986.51548734306,11.430002688,0.13864216544835217,0.20778766141355878,2.067050563783801,0.01,1.0,,,
21810,3.0107421875,0.0,3.0107421875,0.00017599569429494082,8.799784714747041e-05,96985.7842418547,11.435245568,0.10384247865199978,0.2860904058624313,2.065124232095975,0.01,1.0,,,
21820,2.4951171875,0.0,2.4951171875,0.0001758880516684607,8.794402583423035e-05,96986.55160595816,11.440488448,0.11419654570054413,0.16209103459171031,2.063198262931439,0.01,1.0,,,
21830,3.1982421875,0.0,3.1982421875,0.00017578040904198065,8.789020452099033e-05,96986.3234757273,11.445731328,0.14691212518022465,0.29533746829556135,2.0612726575955578,0.01,1.0,,,
21840,1.79248046875,0.0,1.79248046875,0.00017567276641550054,8.783638320775027e-05,96986.99749524245,11.450974208,0.18031985480976265,0.1873174150902689,2.059347417393452,0.01,1.0,,,
21850,1.662109375,0.0,1.662109375,0.0001755651237890205,8.778256189451024e-05,96986.66125171482,11.456217088,0.1349277377433608,0.22674778193572054,2.0574225436299924,0.01,1.0,,,
21860,3.1318359375,0.0,3.1318359375,0.00017545748116254038,8.772874058127019e-05,96986.42530118077,11.461459968,0.10218496947805625,0.23176865352067533,2.0554980376098038,0.01,1.0,,,
21870,1.62646484375,0.0,1.62646484375,0.0001753498385360603,8.767491926803015e-05,96987.18212619894,11.466702848,0.12092750734963649,0.21026905935768672,2.0535739006372595,0.01,1.0,,,
21880,3.1669921875,0.0,3.1669921875,0.00017524219590958018,8.762109795479009e-05,96987.65883066828,11.471945728,0.10950969594004666,0.19175798098823363,2.051650134016485,0.01,1.0,,,
21890,3.142578125,0.0,3.142578125,0.00017513455328310013,8.756727664155006e-05,96987.50578363227,11.477188608,0.09740318863753646,0.21811531880199708,2.049726739051352,0.01,1.0,,,
21900,3.220703125,0.0,3.220703125,0.00017502691065662002,8.751345532831001e-05,96986.85025308715,11.482431488,0.09683058224136118,0.17893234450731316,2.0478037170454835,0.01,1.0,,,
21910,3.1982421875,0.0,3.1982421875,0.00017491926803013996,8.745963401506998e-05,96986.10307475502,11.487674368,0.09605613634730134,0.239370111166933,2.045881069302246,0.01,1.0,,,
21920,3.13671875,0.0,3.13671875,0.00017481162540365985,8.740581270182993e-05,96986.87353271282,11.492917248,0.11006084382634573,0.2049959477958446,2.0439587971247564,0.01,1.0,,,
21930,2.4365234375,0.0,2.4365234375,0.0001747039827771798,8.73519913885899e-05,96987.19147733675,11.498160128,0.12376895889496935,0.21943170541399445,2.042036901815874,0.01,1.0,,,
21940,1.66455078125,0.0,1.66455078125,0.0001745963401506997,8.729817007534984e-05,96986.48338228508,11.503403008,0.11720834191709323,0.1407609724713888,2.0401153846782045,0.01,1.0,,,
21950,3.0751953125,0.0,3.0751953125,0.0001744886975242196,8.72443487621098e-05,96985.9223311279,11.508645888,0.10117314811507333,0.1645810791252135,2.0381942470140957,0.01,1.0,,,
21960,1.908203125,0.0,1.908203125,0.0001743810548977395,8.719052744886975e-05,96985.86335820568,11.513888768,0.1560559429779841,0.2221555968815475,2.03627349012564,0.01,1.0,,,
21970,1.64794921875,0.0,1.64794921875,0.00017427341227125944,8.713670613562972e-05,96983.643920638,11.519131648,0.14857217658243102,0.41146980809206063,2.0343531153146683,0.01,1.0,,,
21980,3.125,0.0,3.125,0.00017416576964477933,8.708288482238966e-05,96983.80976781705,11.524374528,0.11248908372086804,0.25948153309509026,2.032433123882759,0.01,1.0,,,
21990,2.9833984375,0.0,2.9833984375,0.00017405812701829927,8.702906350914964e-05,96984.52910989072,11.529617408,0.09595745812364531,0.1842324680341548,2.0305135171312227,0.01,1.0,,,
22000,2.6640625,0.0,2.6640625,0.00017395048439181916,8.697524219590958e-05,96984.8160911614,11.534860288,0.16260160751281105,0.4983558343250898,2.0285942963611157,0.01,1.0,,,
22000,,,,,,,,,,,,,0.0,0.0,0.0
22010,2.74072265625,0.0,2.74072265625,0.00017384284176533908,8.692142088266954e-05,96978.40356541322,11.540103168,0.13456181566847836,0.2215646295308047,2.026675462873229,0.01,1.0,,,
22020,3.0927734375,0.0,3.0927734375,0.000173735199138859,8.68675995694295e-05,96979.17740216396,11.545346048,0.13159973518253332,0.18614954515868812,2.024757017968092,0.01,1.0,,,
22030,3.09375,0.0,3.09375,0.00017362755651237891,8.681377825618946e-05,96979.55838548279,11.550588928,0.09695860887757983,0.15493842274503744,2.022838962945973,0.01,1.0,,,
22040,3.119140625,0.0,3.119140625,0.0001735199138858988,8.67599569429494e-05,96979.98670648583,11.555831808,0.09868291264496176,0.19205777733422857,2.020921299106872,0.01,1.0,,,
22050,1.80322265625,0.0,1.80322265625,0.00017341227125941875,8.670613562970937e-05,96979.66764178513,11.561074688,0.12735881741895383,0.14640988404406474,2.0190040277505275,0.01,1.0,,,
22060,3.025390625,0.0,3.025390625,0.00017330462863293864,8.665231431646932e-05,96980.43886418155,11.566317568,0.11020065207388659,0.17925219036934786,2.017087150176409,0.01,1.0,,,
22070,1.84912109375,0.0,1.84912109375,0.00017319698600645858,8.659849300322929e-05,96981.1998848652,11.571560448,0.1354323103526926,0.1497623981727238,2.015170667683722,0.01,1.0,,,
22080,3.232421875,0.0,3.232421875,0.00017308934337997847,8.654467168998924e-05,96981.31943960089,11.576803328,0.11540706859975512,0.21127649979765495,2.013254581571401,0.01,1.0,,,
22090,2.693359375,0.0,2.693359375,0.0001729817007534984,8.64908503767492e-05,96982.07140762592,11.582046208,0.12752483669877404,0.36532289889397274,2.0113388931381166,0.01,1.0,,,
22100,2.681640625,0.0,2.681640625,0.00017287405812701828,8.643702906350914e-05,96982.8205534068,11.587289088,0.1942395571654391,0.41983996748209806,2.009423603682263,0.01,1.0,,,
22110,2.7978515625,0.0,2.7978515625,0.00017276641550053822,8.638320775026911e-05,96980.62954838318,11.592531968,0.16263879710939638,0.28023934368673975,2.0075087145019705,0.01,1.0,,,
22120,3.146484375,0.0,3.146484375,0.00017265877287405811,8.632938643702906e-05,96975.20931025269,11.597774848,0.12233009304268234,0.28400906471491477,2.005594226895095,0.01,1.0,,,
22130,3.2119140625,0.0,3.2119140625,0.00017255113024757806,8.627556512378903e-05,96973.07767435495,11.603017728,0.11784173969258889,0.22973793522261574,2.00368014215922,0.01,1.0,,,
22140,3.1279296875,0.0,3.1279296875,0.00017244348762109795,8.622174381054897e-05,96970.48818618925,11.608260608,0.10770137038975243,0.39187287330240006,2.0017664615916577,0.01,1.0,,,
22150,1.8388671875,0.0,1.8388671875,0.00017233584499461787,8.616792249730893e-05,96969.66739685583,11.613503488,0.21421991289307868,0.3118377891506557,1.9998531864894447,0.01,1.0,,,
22160,3.095703125,0.0,3.095703125,0.00017222820236813778,8.611410118406889e-05,96969.5290460033,11.618746368,0.09657448200890185,0.15380920341278667,1.9979403181493423,0.01,1.0,,,
22170,1.873046875,0.0,1.873046875,0.0001721205597416577,8.606027987082885e-05,96967.2526506479,11.623989248,0.19655510472061188,0.30640887620978663,1.9960278578678396,0.01,1.0,,,
22180,3.15625,0.0,3.15625,0.0001720129171151776,8.60064585575888e-05,96967.72022800965,11.629232128,0.11468425273072869,0.2460410651467151,1.9941158069411449,0.01,1.0,,,
22190,3.13671875,0.0,3.13671875,0.00017190527448869753,8.595263724434877e-05,96967.20933115827,11.634475008,0.10901218559098866,0.24279297407364653,1.992204166665192,0.01,1.0,,,
22200,3.0302734375,0.0,3.0302734375,0.00017179763186221748,8.589881593110874e-05,96967.46071013338,11.639717888,0.10095873157771773,0.12612040651764622,1.9902929383356343,0.01,1.0,,,
22210,2.916015625,0.0,2.916015625,0.00017168998923573737,8.584499461786868e-05,96968.22851108316,11.644960768,0.13382983493364214,0.17282795991920702,1.988382123247848,0.01,1.0,,,
22220,3.125,0.0,3.125,0.00017158234660925728,8.579117330462864e-05,96967.57656940182,11.650203648,0.09477272864415168,0.18944435599001602,1.986471722696926,0.01,1.0,,,
22230,3.0615234375,0.0,3.0615234375,0.00017147470398277717,8.573735199138859e-05,96967.92513608957,11.655446528,0.09803374643405566,0.18535340611715534,1.984561737977685,0.01,1.0,,,
22240,3.087890625,0.0,3.087890625,0.00017136706135629712,8.568353067814856e-05,96968.68611795235,11.660689408,0.09491415980432198,0.21271467472049985,1.9826521703846565,0.01,1.0,,,
22250,2.7685546875,0.0,2.7685546875,0.000171259418729817,8.56297093649085e-05,96968.55071446038,11.665932288,0.10351164559850634,0.15914685075743076,1.9807430212120893,0.01,1.0,,,
22260,3.0390625,0.0,3.0390625,0.00017115177610333695,8.557588805166848e-05,96969.29957722277,11.671175168,0.1106146734033822,0.2123595779916535,1.9788342917539503,0.01,1.0,,,
22270,2.189453125,0.0,2.189453125,0.00017104413347685684,8.552206673842842e-05,96964.61083259253,11.676418048,0.1565490607161644,0.25260583364616934,1.9769259833039197,0.01,1.0,,,
22280,3.0546875,0.0,3.0546875,0.00017093649085037676,8.546824542518838e-05,96962.81616719058,11.681660928,0.1045064902008186,0.228384809444251,1.975018097155396,0.01,1.0,,,
22290,3.2431640625,0.0,3.2431640625,0.00017082884822389668,8.541442411194834e-05,96963.26788634482,11.686903808,0.09976058875273587,0.24926863794226534,1.973110634601486,0.01,1.0,,,
22300,3.0615234375,0.0,3.0615234375,0.0001707212055974166,8.53606027987083e-05,96964.04289769502,11.692146688,0.10060986958096348,0.17874333563702627,1.9712035969350152,0.01,1.0,,,
22310,3.1259765625,0.0,3.1259765625,0.00017061356297093648,8.530678148546824e-05,96964.8010208974,11.697389568,0.11090686195574964,0.18172136611931405,1.969296985448517,0.01,1.0,,,
22320,3.05859375,0.0,3.05859375,0.00017050592034445643,8.525296017222821e-05,96964.28797925544,11.702632448,0.09391576347303814,0.1485874451068824,1.967390801434238,0.01,1.0,,,
22330,3.2001953125,0.0,3.2001953125,0.00017039827771797632,8.519913885898816e-05,96961.58052397954,11.707875328,0.10913657330402451,0.1742235081860419,1.9654850461841331,0.01,1.0,,,
22340,3.2431640625,0.0,3.2431640625,0.00017029063509149626,8.514531754574813e-05,96958.09488532001,11.713118208,0.11718382095614491,0.2473635016287145,1.9635797209898709,0.01,1.0,,,
22350,3.0986328125,0.0,3.0986328125,0.00017018299246501615,8.509149623250808e-05,96956.7048383056,11.718361088,0.09321201552458849,0.1378715755229605,1.9616748271428224,0.01,1.0,,,
22360,3.0693359375,0.0,3.0693359375,0.00017007534983853607,8.503767491926804e-05,96955.76730695587,11.723603968,0.09888538751466922,0.14616931648181564,1.9597703659340717,0.01,1.0,,,
22370,2.04296875,0.0,2.04296875,0.00016996770721205596,8.498385360602798e-05,96956.45334885447,11.728846848,0.2912861279780543,0.3575666169892355,1.9578663386544057,0.01,1.0,,,
22380,1.78271484375,0.0,1.78271484375,0.0001698600645855759,8.493003229278795e-05,96957.2081896105,11.734089728,0.1731625547634595,0.3779030620834367,1.9559627465943206,0.01,1.0,,,
22390,3.142578125,0.0,3.142578125,0.0001697524219590958,8.48762109795479e-05,96957.05502204415,11.739332608,0.13223139438385959,0.29329470383832856,1.9540595910440142,0.01,1.0,,,
22400,3.1220703125,0.0,3.1220703125,0.00016964477933261574,8.482238966630787e-05,96957.32377882155,11.744575488,0.10272185103747349,0.16005835721689926,1.9521568732933916,0.01,1.0,,,
22410,3.12890625,0.0,3.12890625,0.00016953713670613563,8.476856835306781e-05,96958.02372680652,11.749818368,0.10634163257550736,0.1861467041420786,1.950254594632058,0.01,1.0,,,
22420,3.2568359375,0.0,3.2568359375,0.00016942949407965557,8.471474703982779e-05,96957.80268524995,11.755061248,0.10065876506540483,0.14780695666578544,1.9483527563493253,0.01,1.0,,,
22430,3.1474609375,0.0,3.1474609375,0.00016932185145317546,8.466092572658773e-05,96957.32558115105,11.760304128,0.0983674470343415,0.1335096264461316,1.9464513597342015,0.01,1.0,,,
22440,3.1142578125,0.0,3.1142578125,0.00016921420882669538,8.460710441334769e-05,96955.90155794735,11.765547008,0.09605499158538361,0.22594959831258463,1.9445504060754004,0.01,1.0,,,
22450,3.1103515625,0.0,3.1103515625,0.00016910656620021527,8.455328310010763e-05,96956.63735112594,11.770789888,0.09774579877980932,0.17614205835356278,1.942649896661332,0.01,1.0,,,
22460,2.36767578125,0.0,2.36767578125,0.00016899892357373521,8.449946178686761e-05,96957.38988770431,11.776032768,0.1413106831559767,0.18610175513607732,1.940749832780106,0.01,1.0,,,
22470,3.1611328125,0.0,3.1611328125,0.0001688912809472551,8.444564047362755e-05,96956.96693134597,11.781275648,0.11896029280552564,0.20434346451710478,1.9388502157195326,0.01,1.0,,,
22480,2.6796875,0.0,2.6796875,0.00016878363832077505,8.439181916038752e-05,96955.61506022552,11.786518528,0.09925036453656298,0.15027678647635068,1.9369510467671158,0.01,1.0,,,
22490,3.0791015625,0.0,3.0791015625,0.00016867599569429494,8.433799784714747e-05,96953.88895835244,11.791761408,0.10445093339909771,0.19797210872459658,1.9350523272100577,0.01,1.0,,,
22500,3.0927734375,0.0,3.0927734375,0.00016856835306781486,8.428417653390743e-05,96953.9878280674,11.797004288,0.11720719713839738,0.16079806232399246,1.9331540583352549,0.01,1.0,,,
22500,,,,,,,,,,,,,0.0,0.0,0.0
22510,3.21484375,0.0,3.21484375,0.00016846071044133475,8.423035522066737e-05,96954.36380392595,11.802247168,0.096927565838669,0.1659908739676736,1.9312562414292993,0.01,1.0,,,
22520,3.1123046875,0.0,3.1123046875,0.0001683530678148547,8.417653390742734e-05,96953.41856703238,11.807490048,0.09824229500770879,0.14268307570179284,1.9293588777784754,0.01,1.0,,,
22530,3.109375,0.0,3.109375,0.00016824542518837458,8.412271259418729e-05,96953.86610053951,11.812732928,0.0956326669257866,0.1640990163058986,1.9274619686687635,0.01,1.0,,,
22540,3.1328125,0.0,3.1328125,0.00016813778256189452,8.406889128094726e-05,96946.81624011048,11.817975808,0.10303410344377333,0.14910527249555103,1.9255655153858309,0.01,1.0,,,
22550,2.4765625,0.0,2.4765625,0.00016803013993541441,8.401506996770721e-05,96946.10841796223,11.823218688,0.10897471294156143,0.29701687603830484,1.9236695192150406,0.01,1.0,,,
22560,2.4931640625,0.0,2.4931640625,0.00016792249730893436,8.396124865446718e-05,96945.89949351599,11.828461568,0.10453928448540373,0.23025757312658182,1.9217739814414427,0.01,1.0,,,
22570,3.0859375,0.0,3.0859375,0.00016781485468245428,8.390742734122714e-05,96944.46261425625,11.833704448,0.09880012777293283,0.1857902371828182,1.9198789033497787,0.01,1.0,,,
22580,3.1240234375,0.0,3.1240234375,0.00016770721205597417,8.385360602798708e-05,96944.24825902487,11.838947328,0.09298500387412728,0.19387830123723537,1.9179842862244758,0.01,1.0,,,
22590,3.2607421875,0.0,3.2607421875,0.0001675995694294941,8.379978471474705e-05,96944.43798778298,11.844190208,0.10153203599124423,0.14865561960047283,1.9160901313496537,0.01,1.0,,,
22600,3.2021484375,0.0,3.2021484375,0.000167491926803014,8.3745963401507e-05,96944.77272343931,11.849433088,0.10034460331175155,0.21775317658563234,1.9141964400091123,0.01,1.0,,,
22610,2.4814453125,0.0,2.4814453125,0.00016738428417653394,8.369214208826697e-05,96943.66820718758,11.854675968,0.1145885899541106,0.21049560429899314,1.912303213486343,0.01,1.0,,,
22620,1.58984375,0.0,1.58984375,0.00016727664155005383,8.363832077502692e-05,96942.27324139392,11.859918848,0.14983437810673927,0.2695603838459478,1.9104104530645187,0.01,1.0,,,
22630,3.205078125,0.0,3.205078125,0.00016716899892357375,8.358449946178688e-05,96943.01280005349,11.865161728,0.10273421845097426,0.2747612334225466,1.9085181600264982,0.01,1.0,,,
22640,3.0849609375,0.0,3.0849609375,0.00016706135629709364,8.353067814854682e-05,96943.75317091194,11.870404608,0.1005371817180671,0.18986325860360756,1.906626335654822,0.01,1.0,,,
22650,3.17578125,0.0,3.17578125,0.00016695371367061358,8.347685683530679e-05,96944.45689630513,11.875647488,0.09403903460743401,0.2227595175129987,1.9047349812317151,0.01,1.0,,,
22660,3.12890625,0.0,3.12890625,0.00016684607104413347,8.342303552206674e-05,96945.21743335632,11.880890368,0.09584783797711655,0.14931217867688698,1.902844098039081,0.01,1.0,,,
22670,1.6435546875,0.0,1.6435546875,0.00016673842841765342,8.336921420882671e-05,96945.37977527898,11.886133248,0.12863282437419118,0.16460753702221173,1.900953687358507,0.01,1.0,,,
22680,3.1083984375,0.0,3.1083984375,0.0001666307857911733,8.331539289558665e-05,96946.01529907377,11.891376128,0.14579793306171313,0.25264971300816685,1.8990637504712584,0.01,1.0,,,
22690,2.6201171875,0.0,2.6201171875,0.00016652314316469325,8.326157158234663e-05,96946.42573963662,11.896619008,0.1174577908292934,0.34274414226510136,1.8971742886582788,0.01,1.0,,,
22700,3.1953125,0.0,3.1953125,0.00016641550053821314,8.320775026910657e-05,96946.18859878328,11.901861888,0.09957687112477129,0.3050993144198736,1.8952853032001915,0.01,1.0,,,
22710,3.0546875,0.0,3.0546875,0.00016630785791173306,8.315392895586653e-05,96945.99660079037,11.907104768,0.09491991846781504,0.1810842542468431,1.8933967953772948,0.01,1.0,,,
22720,3.09765625,0.0,3.09765625,0.00016620021528525295,8.310010764262648e-05,96945.93984638374,11.912347648,0.09603039991392234,0.1663265877451845,1.891508766469567,0.01,1.0,,,
22730,3.0947265625,0.0,3.0947265625,0.0001660925726587729,8.304628632938645e-05,96944.09657248239,11.917590528,0.09557437807990946,0.13629860144717645,1.8896212177566571,0.01,1.0,,,
22740,1.77734375,0.0,1.77734375,0.00016598493003229278,8.299246501614639e-05,96944.51515933222,11.922833408,0.17793883010702835,0.28734662645578735,1.8877341505178922,0.01,1.0,,,
22750,3.185546875,0.0,3.185546875,0.00016587728740581273,8.293864370290636e-05,96942.7899259989,11.928076288,0.0954645433526164,0.19041231137623715,1.8858475660322709,0.01,1.0,,,
22760,2.48681640625,0.0,2.48681640625,0.00016576964477933262,8.288482238966631e-05,96942.37466202464,11.933319168,0.10656342464472014,0.16758491853278365,1.8839614655784662,0.01,1.0,,,
22770,3.1787109375,0.0,3.1787109375,0.00016566200215285254,8.283100107642627e-05,96940.14486713821,11.938562048,0.1309417982697378,0.18164685821895257,1.8820758504348207,0.01,1.0,,,
22780,3.1474609375,0.0,3.1474609375,0.00016555435952637243,8.277717976318621e-05,96939.8971645958,11.943804928,0.11789468413875757,0.3779331630509682,1.8801907218793528,0.01,1.0,,,
22790,3.0322265625,0.0,3.0322265625,0.00016544671689989237,8.272335844994619e-05,96932.45048047097,11.949047808,0.10517910530115823,0.2727751291447997,1.8783060811897445,0.01,1.0,,,
22800,2.427734375,0.0,2.427734375,0.00016533907427341226,8.266953713670613e-05,96929.8542031556,11.954290688,0.13688237905290196,0.2283317945996628,1.876421929643353,0.01,1.0,,,
22810,3.2490234375,0.0,3.2490234375,0.0001652314316469322,8.26157158234661e-05,96930.34697520919,11.959533568,0.09808974210325962,0.1788972677544362,1.8745382685172005,0.01,1.0,,,
22820,3.0869140625,0.0,3.0869140625,0.0001651237890204521,8.256189451022605e-05,96930.04985603878,11.964776448,0.11298842046537305,0.22583901389846817,1.8726550990879787,0.01,1.0,,,
22830,1.892578125,0.0,1.892578125,0.00016501614639397204,8.250807319698602e-05,96929.0673807703,11.970019328,0.28240958254349097,0.3315798976858865,1.8707724226320441,0.01,1.0,,,
22840,2.7275390625,0.0,2.7275390625,0.00016490850376749193,8.245425188374596e-05,96928.98133524045,11.975262208,0.11725918966660127,0.20787688830726173,1.8688902404254217,0.01,1.0,,,
22850,1.626953125,0.0,1.626953125,0.00016480086114101185,8.240043057050592e-05,96927.0868984336,11.980505088,0.14227042390498884,0.25075194243109555,1.867008553743798,0.01,1.0,,,
22860,3.1376953125,0.0,3.1376953125,0.00016469321851453174,8.234660925726587e-05,96927.54937805535,11.985747968,0.09895386700263203,0.20967900846908608,1.8651273638625279,0.01,1.0,,,
22870,3.212890625,0.0,3.212890625,0.00016458557588805168,8.229278794402584e-05,96927.71262436746,11.990990848,0.11432894165837787,0.31736462328094506,1.8632466720566259,0.01,1.0,,,
22880,3.08984375,0.0,3.08984375,0.00016447793326157157,8.223896663078578e-05,96926.75972700483,11.996233728,0.12031925693260373,0.1745788430192243,1.8613664796007703,0.01,1.0,,,
22890,3.234375,0.0,3.234375,0.00016437029063509151,8.218514531754576e-05,96927.34927174584,12.001476608,0.12527266314227764,0.2951893558218131,1.859486787769303,0.01,1.0,,,
22900,3.0263671875,0.0,3.0263671875,0.0001642626480086114,8.21313240043057e-05,96927.10299601292,12.006719488,0.10680959542803625,0.2615394800226925,1.857607597836222,0.01,1.0,,,
22910,1.8251953125,0.0,1.8251953125,0.00016415500538213132,8.207750269106566e-05,96927.84971137121,12.011962368,0.23174596490367966,0.1799965004475391,1.8557289110751898,0.01,1.0,,,
22920,3.20703125,0.0,3.20703125,0.0001640473627556512,8.20236813778256e-05,96927.50996087465,12.017205248,0.10113760000818954,0.1910995846981752,1.8538507287595245,0.01,1.0,,,
22930,2.7451171875,0.0,2.7451171875,0.00016393972012917116,8.196986006458558e-05,96928.28033629565,12.022448128,0.12980745920831818,0.15269203544933818,1.8519730521622049,0.01,1.0,,,
22940,3.13671875,0.0,3.13671875,0.0001638320775026911,8.191603875134555e-05,96929.02577803367,12.027691008,0.10196207528675506,0.27888604506614817,1.850095882555864,0.01,1.0,,,
22950,2.5712890625,0.0,2.5712890625,0.000163724434876211,8.18622174381055e-05,96929.71244063217,12.032933888,0.12820780568850718,0.2733353555741717,1.8482192212127948,0.01,1.0,,,
22960,3.076171875,0.0,3.076171875,0.00016361679224973093,8.180839612486547e-05,96930.48472050141,12.038176768,0.15016461831187985,0.3344217314003815,1.8463430694049419,0.01,1.0,,,
22970,3.29296875,0.0,3.29296875,0.00016350914962325082,8.175457481162541e-05,96928.12660698705,12.043419648,0.11337802819447337,0.2745478975018412,1.8444674284039095,0.01,1.0,,,
22980,3.1611328125,0.0,3.1611328125,0.00016340150699677074,8.170075349838537e-05,96928.89115825923,12.048662528,0.11180495257354643,0.26539196422530714,1.8425922994809492,0.01,1.0,,,
22990,3.076171875,0.0,3.076171875,0.00016329386437029063,8.164693218514532e-05,96929.58439717356,12.053905408,0.1100521478419999,0.2408311900933088,1.840717683906972,0.01,1.0,,,
23000,3.1962890625,0.0,3.1962890625,0.00016318622174381058,8.159311087190529e-05,96929.60997886116,12.059148288,0.09688983120758482,0.1759543893193469,1.838843582952536,0.01,1.0,,,
23000,,,,,,,,,,,,,0.0,0.0,0.0
23010,1.47869873046875,0.0,1.47869873046875,0.00016307857911733047,8.153928955866523e-05,96923.3630179342,12.064391168,0.10628559007215234,0.19968992733583446,1.8369699978878544,0.01,1.0,,,
23020,1.87255859375,0.0,1.87255859375,0.0001629709364908504,8.14854682454252e-05,96924.12118655305,12.069634048,0.11873114304126983,0.2886948995271722,1.835096929982786,0.01,1.0,,,
23030,2.02392578125,0.0,2.02392578125,0.0001628632938643703,8.143164693218515e-05,96924.65338336851,12.074876928,0.2619683970396252,0.28444960217835874,1.8332243805068458,0.01,1.0,,,
23040,3.1591796875,0.0,3.1591796875,0.00016275565123789022,8.137782561894511e-05,96925.41626965822,12.080119808,0.10361662389160564,0.2371298487926804,1.8313523507291896,0.01,1.0,,,
23050,2.51953125,0.0,2.51953125,0.0001626480086114101,8.132400430570505e-05,96926.15158432708,12.085362688,0.11173385147142695,0.19638903934670462,1.829480841918628,0.01,1.0,,,
23060,3.1337890625,0.0,3.1337890625,0.00016254036598493005,8.127018299246503e-05,96926.73183606396,12.090605568,0.09919506577451834,0.23130042886697078,1.827609855343613,0.01,1.0,,,
23070,3.1240234375,0.0,3.1240234375,0.00016243272335844994,8.121636167922497e-05,96927.47888977178,12.095848448,0.11426372303559447,0.18516015568959174,1.8257393922722471,0.01,1.0,,,
23080,3.205078125,0.0,3.205078125,0.00016232508073196988,8.116254036598494e-05,96924.68887110265,12.101091328,0.09532062696611669,0.15014520331584916,1.8238694539722746,0.01,1.0,,,
23090,3.0654296875,0.0,3.0654296875,0.00016221743810548977,8.110871905274489e-05,96925.42176696839,12.106334208,0.09759632186957184,0.11752792290415691,1.8220000417110864,0.01,1.0,,,
23100,2.3056640625,0.0,2.3056640625,0.00016210979547900972,8.105489773950486e-05,96924.47745712845,12.111577088,0.14138007916800435,0.20819416621047163,1.8201311567557141,0.01,1.0,,,
23110,3.1142578125,0.0,3.1142578125,0.0001620021528525296,8.10010764262648e-05,96924.53225864455,12.116819968,0.10544313572364475,0.37087103530935384,1.818262800372836,0.01,1.0,,,
23120,2.6591796875,0.0,2.6591796875,0.00016189451022604953,8.094725511302476e-05,96925.28427185697,12.122062848,0.1282066006535648,0.26478224983026266,1.8163949738287692,0.01,1.0,,,
23130,3.04296875,0.0,3.04296875,0.00016178686759956942,8.089343379978471e-05,96925.5481979755,12.127305728,0.1009276064637784,0.3211166425596028,1.8145276783894715,0.01,1.0,,,
23140,1.794921875,0.0,1.794921875,0.00016167922497308936,8.083961248654468e-05,96925.46503166422,12.132548608,0.1296555391350892,0.18849967359513045,1.8126609153205435,0.01,1.0,,,
23150,2.5498046875,0.0,2.5498046875,0.00016157158234660925,8.078579117330463e-05,96925.51618960073,12.137791488,0.11027902298236061,0.18371962180301532,1.8107946858872206,0.01,1.0,,,
23160,3.1162109375,0.0,3.1162109375,0.0001614639397201292,8.07319698600646e-05,96925.94899708052,12.143034368,0.10003830231631716,0.1780780744125995,1.808928991354381,0.01,1.0,,,
23170,3.0634765625,0.0,3.0634765625,0.00016135629709364908,8.067814854682454e-05,96925.75750180248,12.148277248,0.09724675044076128,0.20841288428670263,1.8070638329865372,0.01,1.0,,,
23180,3.0927734375,0.0,3.0927734375,0.000161248654467169,8.06243272335845e-05,96925.58099630744,12.153520128,0.09308925719868479,0.16855202997157162,1.8051992120478406,0.01,1.0,,,
23190,1.58837890625,0.0,1.58837890625,0.0001611410118406889,8.057050592034445e-05,96925.09243198793,12.158763008,0.12275668563669564,0.18789898926180673,1.8033351298020757,0.01,1.0,,,
23200,3.0244140625,0.0,3.0244140625,0.00016103336921420884,8.051668460710442e-05,96925.49826956233,12.164005888,0.09681742160699633,0.19075275683911114,1.8014715875126652,0.01,1.0,,,
23210,3.09375,0.0,3.09375,0.00016092572658772873,8.046286329386436e-05,96925.22283633774,12.169248768,0.11869624831238391,0.1870805692426435,1.7996085864426616,0.01,1.0,,,
23220,3.1796875,0.0,3.1796875,0.00016081808396124867,8.040904198062434e-05,96924.0868816291,12.174491648,0.097289381872564,0.23888910026982021,1.7977461278547564,0.01,1.0,,,
23230,2.60498046875,0.0,2.60498046875,0.00016071044133476856,8.035522066738428e-05,96923.51766937837,12.179734528,0.18647780702354894,0.36002115449062544,1.7958842130112664,0.01,1.0,,,
23240,3.109375,0.0,3.109375,0.0001606027987082885,8.030139935414425e-05,96922.49156428625,12.184977408,0.09464777526426565,0.1401504587829931,1.794022843174146,0.01,1.0,,,
23250,3.0712890625,0.0,3.0712890625,0.0001604951560818084,8.02475780409042e-05,96923.09547586316,12.190220288,0.09946503478301767,0.19700743147445934,1.792162019604977,0.01,1.0,,,
23260,2.9921875,0.0,2.9921875,0.0001603875134553283,8.019375672766416e-05,96923.30292687335,12.195463168,0.09442614316253965,0.1558883119700091,1.7903017435649717,0.01,1.0,,,
23270,2.36376953125,0.0,2.36376953125,0.0001602798708288482,8.01399354144241e-05,96923.08839354201,12.200706048,0.13039538011030907,0.2779018128128003,1.7884420163149706,0.01,1.0,,,
23280,3.03515625,0.0,3.03515625,0.00016017222820236815,8.008611410118407e-05,96922.42012293295,12.205948928,0.09651759747843101,0.1787551011573182,1.7865828391154444,0.01,1.0,,,
23290,3.130859375,0.0,3.130859375,0.00016006458557588804,8.003229278794402e-05,96922.2401397757,12.211191808,0.10210902227560173,0.23339810629230073,1.7847242132264873,0.01,1.0,,,
23300,3.041015625,0.0,3.041015625,0.00015995694294940798,7.997847147470399e-05,96922.97281175728,12.216434688,0.1259337385873425,0.24022224248243287,1.7828661399078245,0.01,1.0,,,
23310,3.18359375,0.0,3.18359375,0.0001598493003229279,7.992465016146395e-05,96923.50891144773,12.221677568,0.10228629497140172,0.32652001132607766,1.7810086204188025,0.01,1.0,,,
23320,3.140625,0.0,3.140625,0.0001597416576964478,7.98708288482239e-05,96924.2467480292,12.226920448,0.0986331359888332,0.25812920585559584,1.7791516560183946,0.01,1.0,,,
23330,3.09375,0.0,3.09375,0.00015963401506996773,7.981700753498387e-05,96924.9784750272,12.232163328,0.1058954431668991,0.19511102432778824,1.7772952479651987,0.01,1.0,,,
23340,3.2822265625,0.0,3.2822265625,0.00015952637244348762,7.976318622174381e-05,96925.69710360804,12.237406208,0.1017649935184008,0.2050003871036201,1.7754393975174318,0.01,1.0,,,
23350,3.1123046875,0.0,3.1123046875,0.00015941872981700757,7.970936490850378e-05,96926.39363501199,12.242649088,0.09785158643582376,0.233144888674178,1.7735841059329378,0.01,1.0,,,
23360,3.1318359375,0.0,3.1318359375,0.00015931108719052746,7.965554359526373e-05,96925.42755322471,12.247891968,0.10201622837054423,0.1638695337411002,1.7717293744691784,0.01,1.0,,,
23370,3.0625,0.0,3.0625,0.0001592034445640474,7.96017222820237e-05,96925.7763350293,12.253134848,0.09198415002097697,0.14911174956064682,1.7698752043832378,0.01,1.0,,,
23380,2.6748046875,0.0,2.6748046875,0.0001590958019375673,7.954790096878364e-05,96925.23979091426,12.258377728,0.09917804655628021,0.16332336180581222,1.7680215969318174,0.01,1.0,,,
23390,3.08203125,0.0,3.08203125,0.0001589881593110872,7.94940796555436e-05,96923.66648967135,12.263620608,0.10649790324226271,0.14795834950212058,1.7661685533712397,0.01,1.0,,,
23400,3.2333984375,0.0,3.2333984375,0.0001588805166846071,7.944025834230355e-05,96924.12409085417,12.268863488,0.09773113256716051,0.19934705905347966,1.7643160749574427,0.01,1.0,,,
23410,3.0546875,0.0,3.0546875,0.00015877287405812704,7.938643702906352e-05,96924.62353669689,12.274106368,0.10525025560803236,0.1571434370605969,1.762464162945984,0.01,1.0,,,
23420,2.5888671875,0.0,2.5888671875,0.00015866523143164693,7.933261571582347e-05,96923.18353310335,12.279349248,0.12311888809267289,0.20480999664734686,1.760612818592035,0.01,1.0,,,
23430,3.095703125,0.0,3.095703125,0.00015855758880516688,7.927879440258344e-05,96921.70075689809,12.284592128,0.1024435748391395,0.19772734368964212,1.7587620431503839,0.01,1.0,,,
23440,3.0595703125,0.0,3.0595703125,0.00015844994617868677,7.922497308934338e-05,96921.96995953652,12.289835008,0.10388501196595853,0.21110769871993104,1.7569118378754316,0.01,1.0,,,
23450,3.0908203125,0.0,3.0908203125,0.00015834230355220668,7.917115177610334e-05,96922.52228106622,12.295077888,0.09819537728858543,0.1927887322660484,1.7550622040211947,0.01,1.0,,,
23460,2.4892578125,0.0,2.4892578125,0.00015823466092572657,7.911733046286329e-05,96923.24110082761,12.300320768,0.10785465441199595,0.17770818108656408,1.7532131428412998,0.01,1.0,,,
23470,1.81005859375,0.0,1.81005859375,0.00015812701829924652,7.906350914962326e-05,96923.73316980233,12.305563648,0.21957865764335682,0.41011994372200217,1.7513646555889897,0.01,1.0,,,
23480,3.125,0.0,3.125,0.0001580193756727664,7.90096878363832e-05,96923.48439618712,12.310806528,0.114116041826552,0.2332966740995826,1.7495167435171122,0.01,1.0,,,
23490,3.23046875,0.0,3.23046875,0.00015791173304628635,7.895586652314318e-05,96924.22274995438,12.316049408,0.10830829958259161,0.17650256697377473,1.7476694078781307,0.01,1.0,,,
23500,1.72265625,0.0,1.72265625,0.00015780409041980624,7.890204520990312e-05,96924.69995661956,12.321292288,0.10716359399467952,0.35350769522071257,1.7458226499241154,0.01,1.0,,,
23500,,,,,,,,,,,,,0.0,0.0,0.0
23510,3.15625,0.0,3.15625,0.00015769644779332618,7.884822389666309e-05,96922.61492618798,12.326535168,0.13129711463963548,0.32740740529065426,1.7439764709067453,0.01,1.0,,,
23520,1.80419921875,0.0,1.80419921875,0.00015758880516684607,7.879440258342304e-05,96922.63326099633,12.331778048,0.188219495985075,0.2020587195387509,1.7421308720773065,0.01,1.0,,,
23530,3.11328125,0.0,3.11328125,0.000157481162540366,7.8740581270183e-05,96923.36811501672,12.337020928,0.11578769285365398,0.21668560339227608,1.7402858546866928,0.01,1.0,,,
23540,2.47998046875,0.0,2.47998046875,0.00015737351991388588,7.868675995694294e-05,96923.2445853077,12.342263808,0.3640081591106951,0.5492559897411282,1.7384414199854026,0.01,1.0,,,
23550,3.140625,0.0,3.140625,0.00015726587728740583,7.863293864370291e-05,96923.73118603804,12.347506688,0.0992540751587353,0.1894743962279729,1.7365975692235416,0.01,1.0,,,
23560,3.0498046875,0.0,3.0498046875,0.00015715823466092572,7.857911733046286e-05,96922.83835034295,12.352749568,0.10450221693739709,0.2531896687645853,1.7347543036508184,0.01,1.0,,,
23570,3.048828125,0.0,3.048828125,0.00015705059203444566,7.852529601722283e-05,96923.58212734446,12.357992448,0.10356993393719349,0.16993646559830597,1.7329116245165435,0.01,1.0,,,
23580,2.60546875,0.0,2.60546875,0.00015694294940796555,7.847147470398278e-05,96924.27520541163,12.363235328,0.10780643627982398,0.2025079809940651,1.7310695330696335,0.01,1.0,,,
23590,2.4345703125,0.0,2.4345703125,0.00015683530678148547,7.841765339074273e-05,96924.53264974682,12.368478208,0.10992721471008396,0.22852559029412273,1.729228030558602,0.01,1.0,,,
23600,3.078125,0.0,3.078125,0.00015672766415500538,7.836383207750269e-05,96924.87296372117,12.373721088,0.09730843500482386,0.14934979879726365,1.7273871182315688,0.01,1.0,,,
23610,3.0830078125,0.0,3.0830078125,0.0001566200215285253,7.831001076426265e-05,96922.45474525947,12.378963968,0.09915346150971269,0.15041817336173352,1.7255467973362484,0.01,1.0,,,
23620,3.169921875,0.0,3.169921875,0.0001565123789020452,7.82561894510226e-05,96921.67128105501,12.384206848,0.10164418924055307,0.1704757724497846,1.7237070691199587,0.01,1.0,,,
23630,2.5283203125,0.0,2.5283203125,0.00015640473627556514,7.820236813778257e-05,96919.17204777936,12.389449728,0.11544374091973028,0.20415792462345472,1.7218679348296133,0.01,1.0,,,
23640,3.205078125,0.0,3.205078125,0.00015629709364908503,7.814854682454251e-05,96919.91005444911,12.394692608,0.09592355727196718,0.16266133897343876,1.7200293957117245,0.01,1.0,,,
23650,3.095703125,0.0,3.095703125,0.00015618945102260497,7.809472551130249e-05,96920.5064092778,12.399935488,0.09982211378705222,0.2427799465347714,1.7181914530124,0.01,1.0,,,
23660,2.9755859375,0.0,2.9755859375,0.00015608180839612486,7.804090419806243e-05,96921.2300399305,12.405178368,0.09800165384573098,0.20995714534649088,1.7163541079773457,0.01,1.0,,,
23670,3.259765625,0.0,3.259765625,0.00015597416576964478,7.798708288482239e-05,96921.62025759245,12.410421248,0.10093868604458664,0.2146366860361022,1.7145173618518592,0.01,1.0,,,
23680,3.158203125,0.0,3.158203125,0.00015586652314316472,7.793326157158236e-05,96921.86520610857,12.415664128,0.10302464968657186,0.13668322915616335,1.7126812158808349,0.01,1.0,,,
23690,3.12890625,0.0,3.12890625,0.0001557588805166846,7.78794402583423e-05,96917.95123842046,12.420907008,0.10504614006192048,0.2460652683395619,1.710845671308758,0.01,1.0,,,
23700,3.1611328125,0.0,3.1611328125,0.00015565123789020456,7.782561894510228e-05,96917.78395989876,12.426149888,0.09413847466991586,0.32402582474589586,1.7090107293797092,0.01,1.0,,,
23710,3.10546875,0.0,3.10546875,0.00015554359526372445,7.777179763186222e-05,96916.8146563688,12.431392768,0.1189648730165048,0.18504635581922574,1.7071763913373568,0.01,1.0,,,
23720,3.15234375,0.0,3.15234375,0.00015543595263724436,7.771797631862218e-05,96917.46588525562,12.436635648,0.09778986604603239,0.17766890799124568,1.7053426584249642,0.01,1.0,,,
23730,3.1396484375,0.0,3.1396484375,0.00015532831001076428,7.766415500538214e-05,96918.22655778955,12.441878528,0.10982914082372211,0.30838549179481173,1.7035095318853801,0.01,1.0,,,
23740,2.5771484375,0.0,2.5771484375,0.0001552206673842842,7.76103336921421e-05,96917.43060497861,12.447121408,0.11428806157937647,0.19549780943514378,1.701677012961047,0.01,1.0,,,
23750,2.9638671875,0.0,2.9638671875,0.0001551130247578041,7.755651237890204e-05,96917.58212958084,12.452364288,0.09494600449113252,0.15361165765809243,1.699845102893991,0.01,1.0,,,
23760,2.994140625,0.0,2.994140625,0.00015500538213132403,7.750269106566202e-05,96911.33817957046,12.457607168,0.0914621576117557,0.18207632862180484,1.698013802925828,0.01,1.0,,,
23770,3.0927734375,0.0,3.0927734375,0.00015489773950484392,7.744886975242196e-05,96910.66007481885,12.462850048,0.09139324588918536,0.15434393529884705,1.696183114297762,0.01,1.0,,,
23780,3.1767578125,0.0,3.1767578125,0.00015479009687836387,7.739504843918193e-05,96908.41660035457,12.468092928,0.10472368025041838,0.18268509479141634,1.6943530382505774,0.01,1.0,,,
23790,3.12109375,0.0,3.12109375,0.00015468245425188376,7.734122712594188e-05,96909.04686884941,12.473335808,0.10227279919915341,0.20825740609468027,1.69252357602465,0.01,1.0,,,
23800,1.4931640625,0.0,1.4931640625,0.00015457481162540367,7.728740581270184e-05,96908.64331497943,12.478578688,0.12652307478195943,0.16921554303651326,1.6906947288599339,0.01,1.0,,,
23810,3.0966796875,0.0,3.0966796875,0.00015446716899892356,7.723358449946178e-05,96908.57657027782,12.483821568,0.10637230029724179,0.2233549582168813,1.68886649799597,0.01,1.0,,,
23820,3.22265625,0.0,3.22265625,0.0001543595263724435,7.717976318622175e-05,96908.17874958432,12.489064448,0.11403505938105875,0.4305899433105186,1.6870388846718787,0.01,1.0,,,
23830,3.1162109375,0.0,3.1162109375,0.0001542518837459634,7.71259418729817e-05,96908.77650414841,12.494307328,0.11418676655515139,0.31389358571455267,1.6852118901263662,0.01,1.0,,,
23840,3.1162109375,0.0,3.1162109375,0.00015414424111948334,7.707212055974167e-05,96909.51176816782,12.499550208,0.09836047924006325,0.23319360085912375,1.6833855155977127,0.01,1.0,,,
23850,3.1484375,0.0,3.1484375,0.00015403659849300323,7.701829924650162e-05,96909.65261721589,12.504793088,0.09955001030951803,0.21103897596461804,1.6815597623237846,0.01,1.0,,,
23860,2.9482421875,0.0,2.9482421875,0.00015392895586652315,7.696447793326157e-05,96909.68196506402,12.510035968,0.09343524289163684,0.15770936069387592,1.6797346315420236,0.01,1.0,,,
23870,1.56591796875,0.0,1.56591796875,0.00015382131324004307,7.691065662002153e-05,96910.01229430377,12.515278848,0.1168924847087307,0.16937116318247644,1.6779101244894505,0.01,1.0,,,
23880,2.6396484375,0.0,2.6396484375,0.00015371367061356298,7.685683530678149e-05,96910.36004670286,12.520521728,0.10543755009851521,0.1560614581799364,1.6760862424026635,0.01,1.0,,,
23890,1.7470703125,0.0,1.7470703125,0.00015360602798708287,7.680301399354144e-05,96910.78871235666,12.525764608,0.11662904790794709,0.20061266608318026,1.6742629865178367,0.01,1.0,,,
23900,3.4130859375,0.0,3.4130859375,0.00015349838536060282,7.674919268030141e-05,96911.13885611898,12.531007488,0.10565313586758575,0.2053246910843344,1.6724403580707197,0.01,1.0,,,
23910,3.0341796875,0.0,3.0341796875,0.0001533907427341227,7.669537136706135e-05,96910.1723399505,12.536250368,0.12917683945319838,0.2147192404599338,1.6706183582966387,0.01,1.0,,,
23920,3.1806640625,0.0,3.1806640625,0.00015328310010764265,7.664155005382133e-05,96910.89872625278,12.541493248,0.09922510048948409,0.2578291253806107,1.6687969884304903,0.01,1.0,,,
23930,3.0615234375,0.0,3.0615234375,0.00015317545748116254,7.658772874058127e-05,96911.5728433943,12.546736128,0.09684215217538371,0.25449366220830516,1.666976249706748,0.01,1.0,,,
23940,1.76318359375,0.0,1.76318359375,0.00015306781485468246,7.653390742734123e-05,96912.29738755249,12.551979008,0.12047996872866766,0.25248814282071247,1.6651561433594546,0.01,1.0,,,
23950,3.142578125,0.0,3.142578125,0.00015296017222820235,7.648008611410117e-05,96912.51479808155,12.557221888,0.11511429400792145,0.19683195253209596,1.6633366706222266,0.01,1.0,,,
23960,1.55029296875,0.0,1.55029296875,0.0001528525296017223,7.642626480086115e-05,96912.00410847715,12.562464768,0.12814204403418195,0.18447763850410495,1.6615178327282474,0.01,1.0,,,
23970,1.53564453125,0.0,1.53564453125,0.00015274488697524218,7.637244348762109e-05,96912.71639566877,12.567707648,0.21196714648531806,0.33822977599109805,1.6596996309102754,0.01,1.0,,,
23980,1.90283203125,0.0,1.90283203125,0.00015263724434876213,7.631862217438106e-05,96913.4039366053,12.572950528,0.11395981879823935,0.25849103336902496,1.6578820664006342,0.01,1.0,,,
23990,3.30859375,0.0,3.30859375,0.00015252960172228202,7.626480086114101e-05,96909.65213043703,12.578193408,0.15595541366831162,0.3136416366077417,1.6560651404312154,0.01,1.0,,,
24000,1.9453125,0.0,1.9453125,0.00015242195909580196,7.621097954790098e-05,96908.38280156236,12.583436288,0.15563076740029516,0.24747720929888892,1.65424885423348,0.01,1.0,,,
24000,,,,,,,,,,,,,0.0,0.0,0.0
24010,2.5888671875,0.0,2.5888671875,0.00015231431646932185,7.615715823466093e-05,96901.11463858216,12.588679168,0.14541987671952744,0.25914201595092873,1.6524332090384528,0.01,1.0,,,
24020,2.478515625,0.0,2.478515625,0.00015220667384284177,7.610333692142088e-05,96901.85338827233,12.593922048,0.11117118649873377,0.19481511227114826,1.6506182060767276,0.01,1.0,,,
24030,1.9677734375,0.0,1.9677734375,0.00015209903121636166,7.604951560818083e-05,96901.18741306775,12.599164928,0.15875474688803146,0.18486726336814574,1.6488038465784576,0.01,1.0,,,
24040,3.1845703125,0.0,3.1845703125,0.0001519913885898816,7.59956942949408e-05,96901.16837888047,12.604407808,0.09900500094007668,0.33512881236063663,1.6469901317733662,0.01,1.0,,,
24050,2.591796875,0.0,2.591796875,0.00015188374596340155,7.594187298170077e-05,96901.89908671021,12.609650688,0.10888075917173692,0.18776017090996916,1.6451770628907347,0.01,1.0,,,
24060,2.154296875,0.0,2.154296875,0.00015177610333692144,7.588805166846072e-05,96900.24755380674,12.614893568,0.12307182413336958,0.2560437007455243,1.64336464115941,0.01,1.0,,,
24070,2.611328125,0.0,2.611328125,0.00015166846071044135,7.583423035522068e-05,96899.78586031846,12.620136448,0.1489679759206166,0.27551895602223064,1.641552867807798,0.01,1.0,,,
24080,3.15234375,0.0,3.15234375,0.00015156081808396124,7.578040904198062e-05,96898.29693170029,12.625379328,0.14582144992738863,0.2919280440054582,1.6397417440638666,0.01,1.0,,,
24090,3.087890625,0.0,3.087890625,0.0001514531754574812,7.57265877287406e-05,96898.93588186307,12.630622208,0.10373121244760922,0.2003846321512272,1.6379312711551424,0.01,1.0,,,
24100,2.4990234375,0.0,2.4990234375,0.00015134553283100108,7.567276641550054e-05,96898.68212404245,12.635865088,0.13145975972567073,0.3522631771706331,1.6361214503087123,0.01,1.0,,,
24110,3.0849609375,0.0,3.0849609375,0.00015123789020452102,7.561894510226051e-05,96898.18939918792,12.641107968,0.09881390043539287,0.23157149745261862,1.63431228275122,0.01,1.0,,,
24120,2.35791015625,0.0,2.35791015625,0.0001511302475780409,7.556512378902046e-05,96897.83416923918,12.646350848,0.10325172689629679,0.1607118497185655,1.632503769708867,0.01,1.0,,,
24130,3.08984375,0.0,3.08984375,0.00015102260495156083,7.551130247578041e-05,96897.86086238983,12.651593728,0.09651626407387637,0.1401699912020163,1.6306959124074105,0.01,1.0,,,
24140,3.0849609375,0.0,3.0849609375,0.00015091496232508075,7.545748116254037e-05,96897.17881542878,12.656836608,0.10193201396504713,0.18891143733915944,1.6288887120721645,0.01,1.0,,,
24150,3.1572265625,0.0,3.1572265625,0.00015080731969860066,7.540365984930033e-05,96897.90069297439,12.662079488,0.10506650333193451,0.23865755508054784,1.6270821699279958,0.01,1.0,,,
24160,3.1298828125,0.0,3.1298828125,0.00015069967707212055,7.534983853606028e-05,96897.71908685021,12.667322368,0.11874624913076982,0.46265390945054036,1.6252762871993285,0.01,1.0,,,
24170,3.1201171875,0.0,3.1201171875,0.0001505920344456405,7.529601722282025e-05,96898.43637203686,12.672565248,0.10568462579831452,0.20206380281772746,1.6234710651101347,0.01,1.0,,,
24180,3.03466796875,0.0,3.03466796875,0.0001504843918191604,7.52421959095802e-05,96898.12692207571,12.677808128,0.2096463350582836,0.9777851004280392,1.6216665048839438,0.01,1.0,,,
24190,3.1328125,0.0,3.1328125,0.00015037674919268033,7.518837459634017e-05,96898.08927571285,12.683051008,0.09899419979136986,0.21847013880774313,1.6198626077438334,0.01,1.0,,,
24200,3.1357421875,0.0,3.1357421875,0.00015026910656620022,7.513455328310011e-05,96895.94817438482,12.688293888,0.10548987082447041,0.2884362755546505,1.6180593749124328,0.01,1.0,,,
24210,1.81640625,0.0,1.81640625,0.00015016146393972014,7.508073196986007e-05,96896.601895596,12.693536768,0.1464940749676825,0.15947483619241548,1.6162568076119215,0.01,1.0,,,
24220,3.1669921875,0.0,3.1669921875,0.00015005382131324003,7.502691065662001e-05,96895.57712133526,12.698779648,0.11512171373541617,0.15465347690191647,1.6144549070640268,0.01,1.0,,,
24230,3.0615234375,0.0,3.0615234375,0.00014994617868675997,7.497308934337999e-05,96896.14657427254,12.704022528,0.10647219689714615,0.35814219836477107,1.612653674490025,0.01,1.0,,,
24240,3.0546875,0.0,3.0546875,0.00014983853606027986,7.491926803013993e-05,96896.27296732302,12.709265408,0.09940755669708518,0.20079969814606588,1.610853111110739,0.01,1.0,,,
24250,3.087890625,0.0,3.087890625,0.0001497308934337998,7.48654467168999e-05,96896.6837922311,12.714508288,0.09477810961061159,0.1964820302521104,1.609053218146539,0.01,1.0,,,
24260,2.6806640625,0.0,2.6806640625,0.0001496232508073197,7.481162540365985e-05,96895.89484672184,12.719751168,0.1013613039615975,0.15537363970060636,1.6072539968173387,0.01,1.0,,,
24270,3.1845703125,0.0,3.1845703125,0.00014951560818083964,7.475780409041982e-05,96896.6138582855,12.724994048,0.10375711533965003,0.13027448707116335,1.6054554483426011,0.01,1.0,,,
24280,2.5546875,0.0,2.5546875,0.00014940796555435953,7.470398277717977e-05,96896.61016702757,12.730236928,0.1058721798237137,0.1943858169270796,1.6036575739413266,0.01,1.0,,,
24290,2.474609375,0.0,2.474609375,0.00014930032292787945,7.465016146393972e-05,96896.88485476012,12.735479808,0.12230842316739324,0.1745594630403766,1.6018603748320652,0.01,1.0,,,
24300,3.11328125,0.0,3.11328125,0.00014919268030139934,7.459634015069967e-05,96897.60157216583,12.740722688,0.10819577079571284,0.14080307948099793,1.6000638522329045,0.01,1.0,,,
24310,3.1513671875,0.0,3.1513671875,0.00014908503767491928,7.454251883745964e-05,96897.40735161843,12.745965568,0.11106545188830352,0.3571305003229447,1.598268007361478,0.01,1.0,,,
24320,2.8125,0.0,2.8125,0.00014897739504843917,7.448869752421959e-05,96897.43608936633,12.751208448,0.1139278433319753,0.19294915645027896,1.5964728414349538,0.01,1.0,,,
24330,3.1171875,0.0,3.1171875,0.00014886975242195912,7.443487621097956e-05,96897.23353010297,12.756451328,0.11732107353313614,0.1313214928476513,1.5946783556700463,0.01,1.0,,,
24340,3.16015625,0.0,3.16015625,0.000148762109795479,7.43810548977395e-05,96896.52925163595,12.761694208,0.11548120477088691,0.4048836469510331,1.5928845512830032,0.01,1.0,,,
24350,3.0185546875,0.0,3.0185546875,0.00014865446716899892,7.432723358449946e-05,96896.52308897473,12.766937088,0.10702866022099317,0.18997502464320537,1.591091429489616,0.01,1.0,,,
24360,3.1494140625,0.0,3.1494140625,0.00014854682454251881,7.427341227125941e-05,96896.42671108291,12.772179968,0.09514207640682427,0.15533922893721847,1.589298991505208,0.01,1.0,,,
24370,3.234375,0.0,3.234375,0.00014843918191603876,7.421959095801938e-05,96897.16416845235,12.777422848,0.3411743708109722,0.6116132998046406,1.5875072385446451,0.01,1.0,,,
24380,3.1552734375,0.0,3.1552734375,0.00014833153928955865,7.416576964477932e-05,96897.26369007742,12.782665728,0.10183917225688743,0.18021564838630402,1.5857161718223216,0.01,1.0,,,
24390,3.087890625,0.0,3.087890625,0.0001482238966630786,7.41119483315393e-05,96897.9758098987,12.787908608,0.09787351861636669,0.22924989959651645,1.5839257925521733,0.01,1.0,,,
24400,3.0751953125,0.0,3.0751953125,0.00014811625403659848,7.405812701829924e-05,96898.65085134501,12.793151488,0.09984828311957412,0.13534791945433222,1.5821361019476652,0.01,1.0,,,
24410,3.03125,0.0,3.03125,0.00014800861141011843,7.400430570505921e-05,96898.67472602303,12.798394368,0.10181037945355775,0.17369236582755485,1.5803471012217993,0.01,1.0,,,
24420,2.6513671875,0.0,2.6513671875,0.00014790096878363834,7.395048439181917e-05,96899.27075381512,12.803637248,0.10742166276936706,0.14735210222947012,1.5785587915871102,0.01,1.0,,,
24430,1.54638671875,0.0,1.54638671875,0.00014779332615715823,7.389666307857912e-05,96898.62247840551,12.808880128,0.1264369517720159,0.19086611610100093,1.5767711742556578,0.01,1.0,,,
24440,3.0791015625,0.0,3.0791015625,0.00014768568353067818,7.384284176533909e-05,96897.88507107888,12.814123008,0.09535960382164813,0.14175711131514787,1.5749842504390412,0.01,1.0,,,
24450,1.764404296875,0.0,1.764404296875,0.00014757804090419807,7.378902045209903e-05,96898.40300033845,12.819365888,0.14008537280931863,0.14103519514578075,1.5731980213483827,0.01,1.0,,,
24460,3.095703125,0.0,3.095703125,0.000147470398277718,7.3735199138859e-05,96899.12003350841,12.824608768,0.09561019730257518,0.19686285406560114,1.5714124881943394,0.01,1.0,,,
24470,3.0830078125,0.0,3.0830078125,0.0001473627556512379,7.368137782561895e-05,96899.8472114203,12.829851648,0.10969038089784776,0.19374064731709797,1.569627652187092,0.01,1.0,,,
24480,3.1865234375,0.0,3.1865234375,0.00014725511302475782,7.362755651237891e-05,96899.9026684059,12.835094528,0.09692918864839033,0.18649884842360695,1.5678435145363516,0.01,1.0,,,
24490,2.44384765625,0.0,2.44384765625,0.0001471474703982777,7.357373519913885e-05,96900.4508511592,12.840337408,0.11343405602084491,0.2076574106162444,1.566060076451353,0.01,1.0,,,
24500,3.109375,0.0,3.109375,0.00014703982777179765,7.351991388589883e-05,96900.99292109683,12.845580288,0.11759131519842322,0.21565542253535175,1.5642773391408618,0.01,1.0,,,
24500,,,,,,,,,,,,,0.0,0.0,0.0
24510,2.6318359375,0.0,2.6318359375,0.00014693218514531754,7.346609257265877e-05,96901.66375475792,12.850823168,0.10250694149403947,0.1952568226245117,1.562495303813163,0.01,1.0,,,
24520,3.19921875,0.0,3.19921875,0.0001468245425188375,7.341227125941874e-05,96901.58820489817,12.856066048,0.10043864800513376,0.2282497139693406,1.5607139716760707,0.01,1.0,,,
24530,3.0673828125,0.0,3.0673828125,0.00014671689989235738,7.335844994617869e-05,96902.29768935045,12.861308928,0.0912873224818822,0.26197366426810825,1.5589333439369188,0.01,1.0,,,
24540,1.47119140625,0.0,1.47119140625,0.00014660925726587732,7.330462863293866e-05,96902.93600431478,12.866551808,0.10294888375335035,0.2829463994094186,1.5571534218025658,0.01,1.0,,,
24550,3.1630859375,0.0,3.1630859375,0.0001465016146393972,7.32508073196986e-05,96902.73403368113,12.871794688,0.10286881145596102,0.1844116180603922,1.55537420647939,0.01,1.0,,,
24560,3.0849609375,0.0,3.0849609375,0.00014639397201291713,7.319698600645856e-05,96903.32688830813,12.877037568,0.12097004336146511,0.14877181117695565,1.553595699173294,0.01,1.0,,,
24570,2.4765625,0.0,2.4765625,0.00014628632938643702,7.314316469321851e-05,96904.03580787216,12.882280448,0.10650940384589941,0.21921992498676127,1.5518179010896964,0.01,1.0,,,
24580,3.0126953125,0.0,3.0126953125,0.00014617868675995696,7.308934337997848e-05,96904.12791841193,12.887523328,0.10265881306994906,0.14844247615458553,1.5500408134335393,0.01,1.0,,,
24590,3.10546875,0.0,3.10546875,0.00014607104413347685,7.303552206673843e-05,96904.01785116566,12.892766208,0.09532805891167696,0.12431244219243741,1.5482644374092802,0.01,1.0,,,
24600,3.1708984375,0.0,3.1708984375,0.0001459634015069968,7.29817007534984e-05,96903.76367755687,12.898009088,0.09966952480730801,0.14065298514097715,1.5464887742208953,0.01,1.0,,,
24610,3.16015625,0.0,3.16015625,0.0001458557588805167,7.292787944025834e-05,96896.63972335296,12.903251968,0.1018713097482784,0.19559773440466127,1.5447138250718764,0.01,1.0,,,
24620,1.74365234375,0.0,1.74365234375,0.0001457481162540366,7.28740581270183e-05,96897.35601208637,12.908494848,0.1307660535484251,0.18028077988402788,1.5429395911652342,0.01,1.0,,,
24630,2.4609375,0.0,2.4609375,0.0001456404736275565,7.282023681377825e-05,96897.80702993216,12.913737728,0.11103500084848086,0.18690005855939815,1.5411660737034933,0.01,1.0,,,
24640,2.9775390625,0.0,2.9775390625,0.00014553283100107644,7.276641550053822e-05,96895.95720320074,12.918980608,0.11151411554846177,0.25461601564481684,1.5393932738886915,0.01,1.0,,,
24650,3.2197265625,0.0,3.2197265625,0.00014542518837459633,7.271259418729816e-05,96895.56925681583,12.924223488,0.11328866515739691,0.3915460976390266,1.5376211929223815,0.01,1.0,,,
24660,2.767578125,0.0,2.767578125,0.00014531754574811627,7.265877287405814e-05,96896.28999176009,12.929466368,0.09551715764657842,0.20073698898796705,1.5358498320056273,0.01,1.0,,,
24670,3.1396484375,0.0,3.1396484375,0.00014520990312163616,7.260495156081808e-05,96892.9896927707,12.934709248,0.11088114367453696,0.21846593364718353,1.5340791923390078,0.01,1.0,,,
24680,3.1943359375,0.0,3.1943359375,0.0001451022604951561,7.255113024757805e-05,96893.69647557785,12.939952128,0.09428262303007848,0.14920923826897486,1.5323092751226093,0.01,1.0,,,
24690,3.08984375,0.0,3.08984375,0.000144994617868676,7.2497308934338e-05,96894.27702783386,12.945195008,0.09640910473374412,0.18849125002775996,1.5305400815560326,0.01,1.0,,,
24700,3.017578125,0.0,3.017578125,0.00014488697524219591,7.244348762109796e-05,96895.00275216142,12.950437888,0.09728054786394454,0.13914625642762485,1.5287716128383841,0.01,1.0,,,
24710,3.015625,0.0,3.015625,0.0001447793326157158,7.23896663078579e-05,96895.70941668031,12.955680768,0.10029535610606642,0.2559200975434757,1.5270038701682815,0.01,1.0,,,
24720,3.107421875,0.0,3.107421875,0.00014467168998923575,7.233584499461787e-05,96896.43990137611,12.960923648,0.09424494349594409,0.32884131832349683,1.5252368547438482,0.01,1.0,,,
24730,2.16259765625,0.0,2.16259765625,0.00014456404736275564,7.228202368137782e-05,96897.02081299001,12.966166528,0.14588688604218672,0.1786255067374425,1.523470567762718,0.01,1.0,,,
24740,3.0751953125,0.0,3.0751953125,0.00014445640473627558,7.222820236813779e-05,96896.73921805402,12.971409408,0.1024848554092037,0.13827440506241434,1.521705010422027,0.01,1.0,,,
24750,3.0947265625,0.0,3.0947265625,0.00014434876210979547,7.217438105489774e-05,96895.96327312282,12.976652288,0.09714241233600802,0.144048606994724,1.519940183918422,0.01,1.0,,,
24760,3.205078125,0.0,3.205078125,0.0001442411194833154,7.21205597416577e-05,96892.58861596165,12.981895168,0.1078685009711676,0.167096355197204,1.5181760894480467,0.01,1.0,,,
24770,3.201171875,0.0,3.201171875,0.00014413347685683528,7.206673842841764e-05,96892.54637042213,12.987138048,0.10051811434160197,0.19613221027477176,1.5164127282065567,0.01,1.0,,,
24780,3.1064453125,0.0,3.1064453125,0.00014402583423035522,7.201291711517761e-05,96893.26374180322,12.992380928,0.09772579857105458,0.16244582512106154,1.514650101389105,0.01,1.0,,,
24790,2.5634765625,0.0,2.5634765625,0.00014391819160387517,7.195909580193758e-05,96893.12887948703,12.997623808,0.10697973852443743,0.19074716848922388,1.5128882101903507,0.01,1.0,,,
24800,2.435546875,0.0,2.435546875,0.00014381054897739506,7.190527448869753e-05,96893.73249855584,13.002866688,0.09751005485824574,0.17554263593036093,1.511127055804451,0.01,1.0,,,
24810,1.87841796875,0.0,1.87841796875,0.000143702906350915,7.18514531754575e-05,96894.4666823888,13.008109568,0.1268088891153748,0.16661838036744192,1.509366639425068,0.01,1.0,,,
24820,1.8994140625,0.0,1.8994140625,0.0001435952637244349,7.179763186221745e-05,96894.78611691947,13.013352448,0.1474016891155793,0.25403054330015534,1.5076069622453567,0.01,1.0,,,
24830,3.0361328125,0.0,3.0361328125,0.0001434876210979548,7.17438105489774e-05,96895.23682311711,13.018595328,0.13131702460591255,0.27424273764050505,1.505848025457979,0.01,1.0,,,
24840,3.185546875,0.0,3.185546875,0.0001433799784714747,7.168998923573735e-05,96895.94453206434,13.023838208,0.09809346018630073,0.23234551170632778,1.5040898302550885,0.01,1.0,,,
24850,3.0966796875,0.0,3.0966796875,0.00014327233584499464,7.163616792249732e-05,96896.65580362575,13.029081088,0.10329323781666418,0.20370897079207945,1.5023323778283402,0.01,1.0,,,
24860,3.0693359375,0.0,3.0693359375,0.00014316469321851453,7.158234660925727e-05,96896.38515435334,13.034323968,0.09954002456629017,0.20977294177877504,1.5005756693688868,0.01,1.0,,,
24870,3.2216796875,0.0,3.2216796875,0.00014305705059203448,7.152852529601724e-05,96895.70030611183,13.039566848,0.09627997310196215,0.218601748644684,1.4988197060673698,0.01,1.0,,,
24880,1.6044921875,0.0,1.6044921875,0.00014294940796555437,7.147470398277718e-05,96894.94779199247,13.044809728,0.10596090248014355,0.23277866681267234,1.4970644891139333,0.01,1.0,,,
24890,2.501953125,0.0,2.501953125,0.00014284176533907428,7.142088266953714e-05,96893.96148060188,13.050052608,0.13331737452031145,0.3394571331439453,1.495310019698211,0.01,1.0,,,
24900,2.345703125,0.0,2.345703125,0.00014273412271259417,7.136706135629709e-05,96894.66646304807,13.055295488,0.10031355142962252,0.1858327071252329,1.4935562990093327,0.01,1.0,,,
24910,3.3642578125,0.0,3.3642578125,0.00014262648008611412,7.131324004305706e-05,96890.1173487735,13.060538368,0.1329566583679394,0.20682483687496447,1.491803328235918,0.01,1.0,,,
24920,3.1572265625,0.0,3.1572265625,0.000142518837459634,7.1259418729817e-05,96889.148173818,13.065781248,0.10773866910616965,0.3534280379308623,1.4900511085660821,0.01,1.0,,,
24930,3.10546875,0.0,3.10546875,0.00014241119483315395,7.120559741657698e-05,96888.30148325085,13.071024128,0.10445104914850609,0.28768448564857735,1.4882996411874254,0.01,1.0,,,
24940,3.0966796875,0.0,3.0966796875,0.00014230355220667384,7.115177610333692e-05,96888.29558878775,13.076267008,0.10387309737078246,0.2077548342144862,1.4865489272870438,0.01,1.0,,,
24950,3.1865234375,0.0,3.1865234375,0.0001421959095801938,7.10979547900969e-05,96887.79387521134,13.081509888,0.09167088763468324,0.22423933021675935,1.4847989680515195,0.01,1.0,,,
24960,3.2109375,0.0,3.2109375,0.00014208826695371368,7.104413347685684e-05,96888.2954344321,13.086752768,0.09817226909109876,0.16603536882430905,1.4830497646669252,0.01,1.0,,,
24970,3.271484375,0.0,3.271484375,0.0001419806243272336,7.09903121636168e-05,96886.5738230327,13.091995648,0.09784655223020199,0.16457918599411178,1.4813013183188195,0.01,1.0,,,
24980,1.407958984375,0.0,1.407958984375,0.00014187298170075348,7.093649085037674e-05,96886.01715527549,13.097238528,0.10522138068940066,0.266250233498668,1.4795536301922494,0.01,1.0,,,
24990,2.6484375,0.0,2.6484375,0.00014176533907427343,7.088266953713671e-05,96886.2505877521,13.102481408,0.1119788132229875,0.23567105154094772,1.477806701471745,0.01,1.0,,,
25000,3.138671875,0.0,3.138671875,0.00014165769644779332,7.082884822389666e-05,96886.94790345654,13.107724288,0.09729078502448323,0.20136691208390398,1.4760605333413273,0.01,1.0,,,
25000,,,,,,,,,,,,,0.0,0.0,0.0
25010,3.0537109375,0.0,3.0537109375,0.00014155005382131326,7.077502691065663e-05,96880.76402528057,13.112967168,0.09992676437298811,0.14119565328584774,1.4743151269844952,0.01,1.0,,,
25020,3.2265625,0.0,3.2265625,0.00014144241119483315,7.072120559741658e-05,96881.44695905856,13.118210048,0.10747876251231753,0.15737455256417962,1.4725704835842373,0.01,1.0,,,
25030,3.1015625,0.0,3.1015625,0.00014133476856835307,7.066738428417653e-05,96879.8606930307,13.123452928,0.11241806033588676,0.247249743011685,1.470826604323021,0.01,1.0,,,
25040,3.130859375,0.0,3.130859375,0.00014122712594187296,7.061356297093648e-05,96879.42780739444,13.128695808,0.09780919618966821,0.1639279939401825,1.4690834903827967,0.01,1.0,,,
25050,1.5244140625,0.0,1.5244140625,0.0001411194833153929,7.055974165769645e-05,96879.33328109172,13.133938688,0.1616192254906421,0.1976440227730658,1.4673411429449965,0.01,1.0,,,
25060,3.2451171875,0.0,3.2451171875,0.0001410118406889128,7.05059203444564e-05,96879.07369138447,13.139181568,0.1176296776453963,0.20567378770364803,1.4655995631905334,0.01,1.0,,,
25070,3.0419921875,0.0,3.0419921875,0.00014090419806243274,7.045209903121637e-05,96875.9605936361,13.144424448,0.09870087305949965,0.21419420510386514,1.4638587522998008,0.01,1.0,,,
25080,3.1845703125,0.0,3.1845703125,0.00014079655543595263,7.039827771797631e-05,96876.5073776984,13.149667328,0.0990781654533929,0.1800688325968589,1.4621187114526686,0.01,1.0,,,
25090,3.1982421875,0.0,3.1982421875,0.00014068891280947257,7.034445640473629e-05,96876.41262059199,13.154910208,0.10143295669395659,0.2836268051343647,1.460379441828486,0.01,1.0,,,
25100,3.10546875,0.0,3.10546875,0.00014058127018299246,7.029063509149623e-05,96874.08294121306,13.160153088,0.09914250699433547,0.1823232941305758,1.458640944606079,0.01,1.0,,,
25110,3.12890625,0.0,3.12890625,0.00014047362755651238,7.023681377825619e-05,96874.58605212104,13.165395968,0.09563988437157843,0.17877479100161062,1.4569032209637522,0.01,1.0,,,
25120,3.052734375,0.0,3.052734375,0.00014036598493003227,7.018299246501613e-05,96874.91815985671,13.170638848,0.10641449726681101,0.21286622839966296,1.4551662720792826,0.01,1.0,,,
25130,1.9072265625,0.0,1.9072265625,0.00014025834230355221,7.012917115177611e-05,96875.62593958771,13.175881728,0.1431881161076573,0.3137554843816393,1.4534300991299256,0.01,1.0,,,
25140,3.0576171875,0.0,3.0576171875,0.0001401506996770721,7.007534983853605e-05,96875.59347851732,13.181124608,0.0995296545932809,0.19015021551125288,1.451694703292408,0.01,1.0,,,
25150,3.0693359375,0.0,3.0693359375,0.00014004305705059205,7.002152852529602e-05,96873.0879382747,13.186367488,0.09561776110543595,0.1317506178595615,1.4499600857429307,0.01,1.0,,,
25160,3.044921875,0.0,3.044921875,0.00013993541442411197,6.996770721205598e-05,96872.94610108864,13.191610368,0.09955804384336533,0.2213421784605568,1.4482262476571663,0.01,1.0,,,
25170,3.078125,0.0,3.078125,0.00013982777179763186,6.991388589881593e-05,96873.47562945633,13.196853248,0.1050767680364601,0.2688046176954246,1.4464931902102618,0.01,1.0,,,
25180,2.998046875,0.0,2.998046875,0.0001397201291711518,6.98600645855759e-05,96873.76176817152,13.202096128,0.10092157871318276,0.2056134385095591,1.4447609145768316,0.01,1.0,,,
25190,2.953125,0.0,2.953125,0.0001396124865446717,6.980624327233584e-05,96873.93480602828,13.207339008,0.11982988178309786,0.2478991384468995,1.4430294219309638,0.01,1.0,,,
25200,2.330078125,0.0,2.330078125,0.00013950484391819163,6.975242195909582e-05,96873.636274858,13.212581888,0.1386527272566975,0.26961466921804356,1.4412987134462125,0.01,1.0,,,
25210,3.1484375,0.0,3.1484375,0.00013939720129171152,6.969860064585576e-05,96874.33742105035,13.217824768,0.11563580903472542,0.16820686832106965,1.4395687902956025,0.01,1.0,,,
25220,3.130859375,0.0,3.130859375,0.00013928955866523147,6.964477933261573e-05,96874.34144917564,13.223067648,0.09498599453383579,0.20449438573898965,1.4378396536516238,0.01,1.0,,,
25230,1.8125,0.0,1.8125,0.00013918191603875136,6.959095801937568e-05,96874.50440999014,13.228310528,0.12946492444073165,0.19234834304802445,1.4361113046862375,0.01,1.0,,,
25240,3.166015625,0.0,3.166015625,0.00013907427341227127,6.953713670613564e-05,96872.48248388935,13.233553408,0.09827631729295692,0.32625673645322467,1.4343837445708665,0.01,1.0,,,
25250,3.091796875,0.0,3.091796875,0.00013896663078579116,6.948331539289558e-05,96873.18499006813,13.238796288,0.10125009607797583,0.34032865860289496,1.4326569744764035,0.01,1.0,,,
25260,3.115234375,0.0,3.115234375,0.0001388589881593111,6.942949407965555e-05,96873.05327992042,13.244039168,0.12128998369266805,0.2923356964059998,1.4309309955731997,0.01,1.0,,,
25270,3.169921875,0.0,3.169921875,0.000138751345532831,6.93756727664155e-05,96872.16442829283,13.249282048,0.10326697583537216,0.1649107440938267,1.4292058090310764,0.01,1.0,,,
25280,3.154296875,0.0,3.154296875,0.00013864370290635094,6.932185145317547e-05,96870.91400170753,13.254524928,0.11797185089088989,0.17961821219541624,1.4274814160193134,0.01,1.0,,,
25290,3.2890625,0.0,3.2890625,0.00013853606027987083,6.926803013993542e-05,96870.49585247839,13.259767808,0.10072589787613484,0.19220938558828965,1.4257578177066543,0.01,1.0,,,
25300,3.1708984375,0.0,3.1708984375,0.00013842841765339075,6.921420882669538e-05,96871.14697200329,13.265010688,0.09927406546617347,0.1414157496767019,1.4240350152613068,0.01,1.0,,,
25310,1.6962890625,0.0,1.6962890625,0.00013832077502691067,6.916038751345533e-05,96871.84891297277,13.270253568,0.11004719821952516,0.23568366684558353,1.4223130098509325,0.01,1.0,,,
25320,1.84912109375,0.0,1.84912109375,0.00013821313240043058,6.910656620021529e-05,96870.92498165299,13.275496448,0.15954216592444792,0.3037437013714721,1.4205918026426598,0.01,1.0,,,
25330,3.06640625,0.0,3.06640625,0.00013810548977395047,6.905274488697524e-05,96871.00079108875,13.280739328,0.10314622007699797,0.295418410209758,1.4188713948030705,0.01,1.0,,,
25340,3.2333984375,0.0,3.2333984375,0.00013799784714747042,6.899892357373521e-05,96871.70890293144,13.285982208,0.10865558907021092,0.3741562743569746,1.4171517874982096,0.01,1.0,,,
25350,3.05859375,0.0,3.05859375,0.0001378902045209903,6.894510226049515e-05,96871.12389103565,13.291225088,0.09403178712646862,0.15784243185707222,1.415432981893575,0.01,1.0,,,
25360,2.49853515625,0.0,2.49853515625,0.00013778256189451025,6.889128094725513e-05,96870.91036685342,13.296467968,0.10909120087598058,0.14167037258548243,1.413714979154126,0.01,1.0,,,
25370,3.013671875,0.0,3.013671875,0.00013767491926803014,6.883745963401507e-05,96870.36175638883,13.301710848,0.09313906121784618,0.16606185964411502,1.4119977804442716,0.01,1.0,,,
25380,2.6103515625,0.0,2.6103515625,0.00013756727664155006,6.878363832077503e-05,96870.6351721076,13.306953728,0.1116145402519717,0.18847642650266233,1.410281386927882,0.01,1.0,,,
25390,2.603515625,0.0,2.603515625,0.00013745963401506995,6.872981700753498e-05,96871.25399103173,13.312196608,0.10741342560876428,0.18006078061149777,1.4085657997682768,0.01,1.0,,,
25400,2.484375,0.0,2.484375,0.0001373519913885899,6.867599569429495e-05,96871.11283680297,13.317439488,0.10541316858482289,0.1486971393227722,1.4068510201282336,0.01,1.0,,,
25410,3.232421875,0.0,3.232421875,0.00013724434876210978,6.862217438105489e-05,96871.26353971417,13.322682368,0.09663407447015407,0.19477102469375113,1.405137049169979,0.01,1.0,,,
25420,3.0849609375,0.0,3.0849609375,0.00013713670613562973,6.856835306781486e-05,96870.28358717928,13.327925248,0.1045201914460681,0.28256064452254465,1.4034238880551935,0.01,1.0,,,
25430,3.1484375,0.0,3.1484375,0.00013702906350914962,6.851453175457481e-05,96865.98607605226,13.333168128,0.113622222280281,0.1805841398118144,1.401711537945006,0.01,1.0,,,
25440,3.060546875,0.0,3.060546875,0.00013692142088266954,6.846071044133477e-05,96864.24683953566,13.338411008,0.10475619446557488,0.2673363209560117,1.4000000000000004,0.01,1.0,,,
25450,2.51953125,0.0,2.51953125,0.00013681377825618945,6.840688912809473e-05,96863.82444560608,13.343653888,0.10649860062051422,0.18354285697250375,1.3982892753802056,0.01,1.0,,,
25460,1.67333984375,0.0,1.67333984375,0.00013670613562970937,6.835306781485468e-05,96863.94914222817,13.348896768,0.11080372057520811,0.29966411461757975,1.3965793652451026,0.01,1.0,,,
25470,2.46435546875,0.0,2.46435546875,0.00013659849300322926,6.829924650161463e-05,96864.6364094206,13.354139648,0.09870486667329599,0.21947973089603703,1.3948702707536182,0.01,1.0,,,
25480,3.1591796875,0.0,3.1591796875,0.0001364908503767492,6.82454251883746e-05,96865.03938373634,13.359382528,0.1113939526554508,0.1509870552942379,1.3931619930641277,0.01,1.0,,,
25490,1.783203125,0.0,1.783203125,0.0001363832077502691,6.819160387513455e-05,96865.74197473047,13.364625408,0.12533773952571822,0.16093454768558324,1.3914545333344503,0.01,1.0,,,
25500,2.9736328125,0.0,2.9736328125,0.00013627556512378904,6.813778256189452e-05,96866.45931315447,13.369868288,0.09986139855639349,0.209386538686021,1.3897478927218543,0.01,1.0,,,
25500,,,,,,,,,,,,,0.0,0.0,0.0
25510,3.09375,0.0,3.09375,0.00013616792249730893,6.808396124865446e-05,96866.63198366639,13.375111168,0.10939122888381946,0.22350790191456152,1.3880420723830518,0.01,1.0,,,
25520,1.274658203125,0.0,1.274658203125,0.00013606027987082885,6.803013993541442e-05,96866.85481834838,13.380354048,0.1244723838938496,0.1838172813371179,1.3863370734741975,0.01,1.0,,,
25530,3.1396484375,0.0,3.1396484375,0.0001359526372443488,6.79763186221744e-05,96865.83478048298,13.385596928,0.10000798317349545,0.21886501410441583,1.3846328971508903,0.01,1.0,,,
25540,1.7412109375,0.0,1.7412109375,0.00013584499461786868,6.792249730893434e-05,96866.4726612045,13.390839808,0.1441320997879215,0.22608212295050037,1.3829295445681706,0.01,1.0,,,
25550,3.052734375,0.0,3.052734375,0.00013573735199138862,6.786867599569431e-05,96867.18489270011,13.396082688,0.09811150389953416,0.17094790942136576,1.3812270168805232,0.01,1.0,,,
25560,1.58154296875,0.0,1.58154296875,0.00013562970936490851,6.781485468245426e-05,96866.8207210673,13.401325568,0.14129035423624542,0.17499866856160148,1.3795253152418705,0.01,1.0,,,
25570,3.0205078125,0.0,3.0205078125,0.00013552206673842843,6.776103336921422e-05,96867.13992023139,13.406568448,0.10164287656784358,0.14995399807309615,1.3778244408055778,0.01,1.0,,,
25580,3.0439453125,0.0,3.0439453125,0.00013541442411194835,6.770721205597417e-05,96864.97433219534,13.411811328,0.09989653387822706,0.17784634303764588,1.3761243947244477,0.01,1.0,,,
25590,3.1279296875,0.0,3.1279296875,0.00013530678148546827,6.765339074273413e-05,96865.61006987732,13.417054208,0.11583604713138768,0.1656971692584901,1.3744251781507226,0.01,1.0,,,
25600,3.0400390625,0.0,3.0400390625,0.00013519913885898816,6.759956942949408e-05,96866.3012929916,13.422297088,0.09191208578663287,0.16933452832653104,1.3727267922360809,0.01,1.0,,,
25610,1.68408203125,0.0,1.68408203125,0.0001350914962325081,6.754574811625405e-05,96866.99722132311,13.427539968,0.1302517575205047,0.19345437362778875,1.3710292381316411,0.01,1.0,,,
25620,3.1220703125,0.0,3.1220703125,0.000134983853606028,6.7491926803014e-05,96867.56580108273,13.432782848,0.10567466622458653,0.2305436487553834,1.3693325169879547,0.01,1.0,,,
25630,3.095703125,0.0,3.095703125,0.00013487621097954793,6.743810548977397e-05,96868.25955677778,13.438025728,0.11707103033908936,0.4333147110466584,1.3676366299550116,0.01,1.0,,,
25640,1.9453125,0.0,1.9453125,0.00013476856835306782,6.738428417653391e-05,96864.55267613329,13.443268608,0.1316209693754723,0.21721142896810391,1.3659415781822344,0.01,1.0,,,
25650,2.5341796875,0.0,2.5341796875,0.00013466092572658774,6.733046286329387e-05,96864.23229443112,13.448511488,0.11951745659735777,0.26763477302185057,1.3642473628184792,0.01,1.0,,,
25660,3.0029296875,0.0,3.0029296875,0.00013455328310010763,6.727664155005382e-05,96863.21507596876,13.453754368,0.10968466686466533,0.22602600005530452,1.362553985012036,0.01,1.0,,,
25670,3.01171875,0.0,3.01171875,0.00013444564047362757,6.722282023681379e-05,96861.68691956079,13.458997248,0.10050560431776209,0.12592813751780127,1.3608614459106287,0.01,1.0,,,
25680,3.16015625,0.0,3.16015625,0.00013433799784714746,6.716899892357373e-05,96861.95248966866,13.464240128,0.09714137465662644,0.2201019237915945,1.3591697466614092,0.01,1.0,,,
25690,1.90283203125,0.0,1.90283203125,0.0001342303552206674,6.71151776103337e-05,96860.81200788701,13.469483008,0.19724099754990662,0.22789302799796837,1.3574788884109654,0.01,1.0,,,
25700,3.07421875,0.0,3.07421875,0.0001341227125941873,6.706135629709365e-05,96860.09147483553,13.474725888,0.09764037742857198,0.24996444491368142,1.3557888723053082,0.01,1.0,,,
25710,3.072265625,0.0,3.072265625,0.00013401506996770722,6.700753498385361e-05,96860.55051173059,13.479968768,0.09878004230540015,0.1991265091241393,1.354099699489883,0.01,1.0,,,
25720,3.150390625,0.0,3.150390625,0.00013390742734122713,6.695371367061357e-05,96861.24485007058,13.485211648,0.09373730553156065,0.23368558517704419,1.3524113711095633,0.01,1.0,,,
25730,3.16015625,0.0,3.16015625,0.00013379978471474705,6.689989235737353e-05,96861.2181610209,13.490454528,0.09393425507958414,0.1887700168491566,1.3507238883086474,0.01,1.0,,,
25740,3.0625,0.0,3.0625,0.00013369214208826694,6.684607104413347e-05,96861.91826991114,13.495697408,0.09644954778898923,0.16100885674581514,1.349037252230864,0.01,1.0,,,
25750,2.5556640625,0.0,2.5556640625,0.00013358449946178688,6.679224973089344e-05,96861.16277826771,13.500940288,0.09744172462483494,0.18015714009433145,1.3473514640193653,0.01,1.0,,,
25760,2.5654296875,0.0,2.5654296875,0.00013347685683530677,6.673842841765339e-05,96859.94126916344,13.506183168,0.129686250088461,0.39998414561497014,1.3456665248167292,0.01,1.0,,,
25770,2.529296875,0.0,2.529296875,0.00013336921420882672,6.668460710441336e-05,96859.04780639426,13.511426048,0.09845602242442068,0.18691047575337746,1.3439824357649583,0.01,1.0,,,
25780,3.080078125,0.0,3.080078125,0.0001332615715823466,6.66307857911733e-05,96858.2221644064,13.516668928,0.09208143385774878,0.1368165958798426,1.3422991980054813,0.01,1.0,,,
25790,3.0927734375,0.0,3.0927734375,0.00013315392895586653,6.657696447793326e-05,96858.90953497752,13.521911808,0.09869151196835546,0.20807625764499585,1.3406168126791456,0.01,1.0,,,
25800,1.77294921875,0.0,1.77294921875,0.00013304628632938642,6.652314316469321e-05,96859.50605688243,13.527154688,0.13129454628409384,0.18039348932699756,1.338935280926226,0.01,1.0,,,
25810,3.126953125,0.0,3.126953125,0.00013293864370290636,6.646932185145318e-05,96859.7125564876,13.532397568,0.09846679978564209,0.28739589555018247,1.3372546038864126,0.01,1.0,,,
25820,3.0302734375,0.0,3.0302734375,0.00013283100107642625,6.641550053821313e-05,96859.80865115108,13.537640448,0.09767386607263674,0.18763977597379164,1.3355747826988222,0.01,1.0,,,
25830,3.1923828125,0.0,3.1923828125,0.0001327233584499462,6.63616792249731e-05,96858.79826162005,13.542883328,0.08991725778579124,0.18169162032957295,1.333895818501987,0.01,1.0,,,
25840,2.57421875,0.0,2.57421875,0.00013261571582346608,6.630785791173304e-05,96859.50905470838,13.548126208,0.12141747021785317,0.1624957022838844,1.3322177124338621,0.01,1.0,,,
25850,3.1025390625,0.0,3.1025390625,0.00013250807319698603,6.625403659849301e-05,96859.98920704692,13.553369088,0.10121450887880296,0.22649323673493957,1.3305404656318185,0.01,1.0,,,
25860,2.994140625,0.0,2.994140625,0.00013240043057050592,6.620021528525296e-05,96859.25923276975,13.558611968,0.09178593282966435,0.15357173160937634,1.328864079232645,0.01,1.0,,,
25870,2.94140625,0.0,2.94140625,0.00013229278794402584,6.614639397201292e-05,96859.10551744871,13.563854848,0.11922314838436053,0.2382694565373611,1.327188554372547,0.01,1.0,,,
25880,3.1259765625,0.0,3.1259765625,0.00013218514531754573,6.609257265877286e-05,96859.2208084507,13.569097728,0.10155458990889271,0.20658084437149762,1.3255138921871485,0.01,1.0,,,
25890,3.0009765625,0.0,3.0009765625,0.00013207750269106567,6.603875134553283e-05,96858.92331481674,13.574340608,0.09552433608945166,0.13676842413335238,1.3238400938114854,0.01,1.0,,,
25900,1.935546875,0.0,1.935546875,0.00013196986006458561,6.598493003229281e-05,96857.75466736268,13.579583488,0.145585139746824,0.2091454996573441,1.322167160380011,0.01,1.0,,,
25910,3.1044921875,0.0,3.1044921875,0.0001318622174381055,6.593110871905275e-05,96856.69565127569,13.584826368,0.09542419708979534,0.2511220030204238,1.3204950930265908,0.01,1.0,,,
25920,2.603515625,0.0,2.603515625,0.00013175457481162542,6.587728740581271e-05,96856.25174309683,13.590069248,0.10701587872294016,0.19260041536232694,1.3188238928845033,0.01,1.0,,,
25930,3.1064453125,0.0,3.1064453125,0.0001316469321851453,6.582346609257266e-05,96856.942262734,13.595312128,0.10062460291513306,0.3042424070228155,1.3171535610864382,0.01,1.0,,,
25940,3.1318359375,0.0,3.1318359375,0.00013153928955866526,6.576964477933263e-05,96856.50870591502,13.600555008,0.09933106199553848,0.24497041396265615,1.3154840987644993,0.01,1.0,,,
25950,3.201171875,0.0,3.201171875,0.00013143164693218515,6.571582346609257e-05,96857.20832359587,13.605797888,0.09363404707972713,0.18836253303433426,1.313815507050201,0.01,1.0,,,
25960,2.6796875,0.0,2.6796875,0.0001313240043057051,6.566200215285254e-05,96857.02548587201,13.611040768,0.12234860531889111,0.22151486098725165,1.3121477870744649,0.01,1.0,,,
25970,2.583984375,0.0,2.583984375,0.00013121636167922498,6.560818083961249e-05,96856.97715884325,13.616283648,0.10159320855138851,0.14253692864735573,1.3104809399676234,0.01,1.0,,,
25980,3.0849609375,0.0,3.0849609375,0.00013110871905274492,6.555435952637246e-05,96857.68135719241,13.621526528,0.09594755864991558,0.22435263144024484,1.3088149668594162,0.01,1.0,,,
25990,2.42529296875,0.0,2.42529296875,0.00013100107642626481,6.550053821313241e-05,96857.66907424132,13.626769408,0.09174508623980243,0.13934088543758996,1.3071498688789935,0.01,1.0,,,
26000,3.1474609375,0.0,3.1474609375,0.00013089343379978473,6.544671689989237e-05,96856.7403098583,13.632012288,0.09664403963751027,0.17180280380067117,1.3054856471549088,0.01,1.0,,,
26000,,,,,,,,,,,,,0.0,0.0,0.0
26010,2.6171875,0.0,2.6171875,0.00013078579117330462,6.539289558665231e-05,96850.36177308539,13.637255168,0.10778363980886481,0.1814438381222827,1.3038223028151248,0.01,1.0,,,
26020,3.0087890625,0.0,3.0087890625,0.00013067814854682457,6.533907427341228e-05,96851.05725426963,13.642498048,0.09036500076432633,0.14215632666486522,1.3021598369870073,0.01,1.0,,,
26030,3.1630859375,0.0,3.1630859375,0.00013057050592034446,6.528525296017223e-05,96851.67247016847,13.647740928,0.09837674903694896,0.18014196694622062,1.3004982507973275,0.01,1.0,,,
26040,1.35498046875,0.0,1.35498046875,0.0001304628632938644,6.52314316469322e-05,96851.47860666217,13.652983808,0.15261608054786674,0.4017622770232937,1.2988375453722594,0.01,1.0,,,
26050,2.6552734375,0.0,2.6552734375,0.0001303552206673843,6.517761033369214e-05,96851.18906330748,13.658226688,0.11180689407306975,0.5860294410221358,1.2971777218373828,0.01,1.0,,,
26060,3.076171875,0.0,3.076171875,0.0001302475780409042,6.51237890204521e-05,96851.65509685132,13.663469568,0.12731230688502193,0.47379762844848117,1.295518781317676,0.01,1.0,,,
26070,3.10546875,0.0,3.10546875,0.0001301399354144241,6.506996770721205e-05,96851.86751080288,13.668712448,0.09828298619481769,0.20077404726636003,1.2938607249375231,0.01,1.0,,,
26080,3.115234375,0.0,3.115234375,0.00013003229278794404,6.501614639397202e-05,96851.90782263155,13.673955328,0.09764339053387895,0.1437946495486792,1.2922035538207053,0.01,1.0,,,
26090,3.1025390625,0.0,3.1025390625,0.00012992465016146393,6.496232508073197e-05,96852.60804663942,13.679198208,0.10271943237617834,0.15969749682924936,1.2905472690904052,0.01,1.0,,,
26100,3.1162109375,0.0,3.1162109375,0.00012981700753498387,6.490850376749194e-05,96853.30247804674,13.684441088,0.09760290007131935,0.20860068546187974,1.288891871869204,0.01,1.0,,,
26110,3.0498046875,0.0,3.0498046875,0.00012970936490850376,6.485468245425188e-05,96853.25705133511,13.689683968,0.10973753018950694,0.18283990133322836,1.287237363279083,0.01,1.0,,,
26120,3.080078125,0.0,3.080078125,0.0001296017222820237,6.480086114101185e-05,96853.95284552501,13.694926848,0.09815439581990024,0.1540397822340061,1.285583744441419,0.01,1.0,,,
26130,3.08984375,0.0,3.08984375,0.0001294940796555436,6.47470398277718e-05,96854.34806066718,13.700169728,0.09427761464764697,0.14939459136543976,1.283931016476989,0.01,1.0,,,
26140,1.66064453125,0.0,1.66064453125,0.00012938643702906352,6.469321851453176e-05,96855.03760801129,13.705412608,0.12427046345143004,0.33022324872023884,1.2822791805059621,0.01,1.0,,,
26150,3.1376953125,0.0,3.1376953125,0.0001292787944025834,6.46393972012917e-05,96855.7337853235,13.710655488,0.10351043036967804,0.24234306642998937,1.280628237647905,0.01,1.0,,,
26160,3.1396484375,0.0,3.1396484375,0.00012917115177610335,6.458557588805168e-05,96854.83133265121,13.715898368,0.09710544680519517,0.2211016304575173,1.2789781890217802,0.01,1.0,,,
26170,1.6005859375,0.0,1.6005859375,0.00012906350914962324,6.453175457481162e-05,96854.82090260628,13.721141248,0.1054031300765114,0.26837236101659784,1.2773290357459408,0.01,1.0,,,
26180,3.0751953125,0.0,3.0751953125,0.00012895586652314318,6.447793326157159e-05,96854.99324781491,13.726384128,0.094439106886813,0.14773761989394696,1.2756807789381375,0.01,1.0,,,
26190,2.98828125,0.0,2.98828125,0.00012884822389666307,6.442411194833154e-05,96855.60331520603,13.731627008,0.09460830702175464,0.1266807580540336,1.2740334197155099,0.01,1.0,,,
26200,3.142578125,0.0,3.142578125,0.000128740581270183,6.43702906350915e-05,96855.35783662085,13.736869888,0.09645978208445921,0.2508168673045824,1.27238695919459,0.01,1.0,,,
26210,2.583984375,0.0,2.583984375,0.00012863293864370288,6.431646932185144e-05,96856.04345262623,13.742112768,0.1162504189369864,0.266843236298341,1.2707413984913003,0.01,1.0,,,
26220,2.4794921875,0.0,2.4794921875,0.00012852529601722283,6.426264800861141e-05,96856.53139325252,13.747355648,0.12597261290480485,0.3031872485783017,1.269096738720956,0.01,1.0,,,
26230,2.41552734375,0.0,2.41552734375,0.00012841765339074272,6.420882669537136e-05,96856.41389367105,13.752598528,0.11945070865045178,0.15854219626546917,1.2674529809982578,0.01,1.0,,,
26240,3.083984375,0.0,3.083984375,0.00012831001076426266,6.415500538213133e-05,96856.55290196884,13.757841408,0.1107457767271726,0.2095415044505944,1.2658101264372998,0.01,1.0,,,
26250,2.890625,0.0,2.890625,0.00012820236813778255,6.410118406889128e-05,96856.81326310012,13.763084288,0.12468938429461965,0.1930341808284121,1.2641681761515582,0.01,1.0,,,
26260,3.1884765625,0.0,3.1884765625,0.0001280947255113025,6.404736275565125e-05,96857.30641308078,13.768327168,0.09854860486215641,0.18204503236980035,1.262527131253901,0.01,1.0,,,
26270,1.62890625,0.0,1.62890625,0.0001279870828848224,6.39935414424112e-05,96857.59056979872,13.773570048,0.12966372664653325,0.234584208381124,1.2608869928565798,0.01,1.0,,,
26280,3.068359375,0.0,3.068359375,0.0001278794402583423,6.393972012917115e-05,96857.60960412049,13.778812928,0.09835990097786595,0.1609997235746463,1.2592477620712343,0.01,1.0,,,
26290,1.719970703125,0.0,1.719970703125,0.00012777179763186225,6.388589881593112e-05,96858.29581043315,13.784055808,0.16159005904658086,0.17264135085429327,1.257609440008886,0.01,1.0,,,
26300,3.1474609375,0.0,3.1474609375,0.00012766415500538214,6.383207750269107e-05,96858.9914108156,13.789298688,0.09263760334764203,0.24429494783127229,1.2559720277799444,0.01,1.0,,,
26310,1.84912109375,0.0,1.84912109375,0.00012755651237890208,6.377825618945104e-05,96859.49048338308,13.794541568,0.1681671787420648,0.2646837995231999,1.2543355264941969,0.01,1.0,,,
26320,3.0078125,0.0,3.0078125,0.00012744886975242197,6.372443487621098e-05,96860.16809600938,13.799784448,0.09293416840129395,0.14218418180782305,1.2526999372608192,0.01,1.0,,,
26330,3.2978515625,0.0,3.2978515625,0.0001273412271259419,6.367061356297094e-05,96860.39469438825,13.805027328,0.09693279533549562,0.18344388783752186,1.2510652611883646,0.01,1.0,,,
26340,1.57763671875,0.0,1.57763671875,0.00012723358449946178,6.361679224973089e-05,96861.07323205861,13.810270208,0.16824664874403764,0.2404053687312355,1.2494314993847706,0.01,1.0,,,
26350,2.5947265625,0.0,2.5947265625,0.00012712594187298172,6.356297093649086e-05,96861.43604038924,13.815513088,0.11188328972035969,0.20055106013306848,1.247798652957353,0.01,1.0,,,
26360,2.681640625,0.0,2.681640625,0.0001270182992465016,6.35091496232508e-05,96862.11685976737,13.820755968,0.12954433641366267,0.21059482578532954,1.2461667230128075,0.01,1.0,,,
26370,3.0458984375,0.0,3.0458984375,0.00012691065662002156,6.345532831001078e-05,96862.70900702036,13.825998848,0.0978742531201041,0.1768651114208832,1.2445357106572081,0.01,1.0,,,
26380,1.95068359375,0.0,1.95068359375,0.00012680301399354145,6.340150699677072e-05,96862.4106796571,13.831241728,0.15440329595539465,0.16668308302745577,1.242905616996009,0.01,1.0,,,
26390,3.080078125,0.0,3.080078125,0.0001266953713670614,6.33476856835307e-05,96861.61129581327,13.836484608,0.1005939852306238,0.14178854770773344,1.2412764431340406,0.01,1.0,,,
26400,1.8544921875,0.0,1.8544921875,0.00012658772874058128,6.329386437029064e-05,96861.67666216944,13.841727488,0.14987007212259315,0.1863766699724813,1.2396481901755094,0.01,1.0,,,
26410,3.0458984375,0.0,3.0458984375,0.0001264800861141012,6.32400430570506e-05,96861.59897426599,13.846970368,0.10096147126109806,0.19347720258263582,1.2380208592239978,0.01,1.0,,,
26420,3.1123046875,0.0,3.1123046875,0.0001263724434876211,6.318622174381054e-05,96861.09678623204,13.852213248,0.09389559158202779,0.14574687260660835,1.2363944513824627,0.01,1.0,,,
26430,1.8916015625,0.0,1.8916015625,0.00012626480086114103,6.313240043057052e-05,96861.77161615697,13.857456128,0.1557557532234518,0.19443982086861455,1.234768967753238,0.01,1.0,,,
26440,2.59765625,0.0,2.59765625,0.00012615715823466092,6.307857911733046e-05,96862.44214510212,13.862699008,0.11067948839764645,0.16174355487887584,1.2331444094380275,0.01,1.0,,,
26450,2.9931640625,0.0,2.9931640625,0.00012604951560818087,6.302475780409043e-05,96863.11392034129,13.867941888,0.09519701052781443,0.18536031131597255,1.2315207775379116,0.01,1.0,,,
26460,3.216796875,0.0,3.216796875,0.00012594187298170076,6.297093649085038e-05,96863.77420231525,13.873184768,0.09756994374208433,0.16351014511933082,1.2298980731533398,0.01,1.0,,,
26470,3.08984375,0.0,3.08984375,0.00012583423035522067,6.291711517761034e-05,96864.44049264098,13.878427648,0.09651155682732146,0.13977993304822733,1.2282762973841346,0.01,1.0,,,
26480,1.57470703125,0.0,1.57470703125,0.00012572658772874056,6.286329386437028e-05,96864.75568942058,13.883670528,0.10041142707435301,0.15248436569388413,1.2266554513294872,0.01,1.0,,,
26490,3.1748046875,0.0,3.1748046875,0.0001256189451022605,6.280947255113025e-05,96865.4156536921,13.888913408,0.10071319946562962,0.18107793490642413,1.2250355360879621,0.01,1.0,,,
26500,1.83642578125,0.0,1.83642578125,0.0001255113024757804,6.27556512378902e-05,96866.01004971482,13.894156288,0.11731016035862228,0.2124789297456045,1.2234165527574892,0.01,1.0,,,
26500,,,,,,,,,,,,,0.0,0.0,0.0
26510,3.19921875,0.0,3.19921875,0.00012540365984930034,6.270182992465017e-05,96865.01863394196,13.899399168,0.10983645271449523,0.21307926714864575,1.22179850243537,0.01,1.0,,,
26520,2.00341796875,0.0,2.00341796875,0.00012529601722282023,6.264800861141012e-05,96865.3083624679,13.904642048,0.1047273889463578,0.21253383957789376,1.2201813862182713,0.01,1.0,,,
26530,1.5625,0.0,1.5625,0.00012518837459634017,6.259418729817009e-05,96865.436996047,13.909884928,0.1735148404442313,0.23407730538210622,1.2185652052022276,0.01,1.0,,,
26540,1.55859375,0.0,1.55859375,0.00012508073196986006,6.254036598493003e-05,96866.10559548016,13.915127808,0.13417195096026266,0.28574614552507577,1.2169499604826386,0.01,1.0,,,
26550,3.0751953125,0.0,3.0751953125,0.00012497308934337998,6.248654467168999e-05,96866.76870599882,13.920370688,0.09623107847017819,0.3836074061430578,1.2153356531542723,0.01,1.0,,,
26560,1.60009765625,0.0,1.60009765625,0.00012486544671689987,6.243272335844994e-05,96867.34933914724,13.925613568,0.12245760837049956,0.31920203309427103,1.2137222843112574,0.01,1.0,,,
26570,3.02734375,0.0,3.02734375,0.00012475780409041982,6.237890204520991e-05,96868.02198497311,13.930856448,0.10415989004047271,0.20560785518330849,1.2121098550470903,0.01,1.0,,,
26580,3.1181640625,0.0,3.1181640625,0.0001246501614639397,6.232508073196985e-05,96868.12851557379,13.936099328,0.09396232131447249,0.14571001959350016,1.2104983664546283,0.01,1.0,,,
26590,2.6943359375,0.0,2.6943359375,0.00012454251883745965,6.227125941872983e-05,96867.25469750259,13.941342208,0.10735936323356639,0.26786615009711534,1.2088878196260906,0.01,1.0,,,
26600,3.052734375,0.0,3.052734375,0.00012443487621097954,6.221743810548977e-05,96867.92420786737,13.946585088,0.09430407967600944,0.11749542072216038,1.2072782156530606,0.01,1.0,,,
26610,3.076171875,0.0,3.076171875,0.00012432723358449946,6.216361679224973e-05,96868.36800403518,13.951827968,0.09335554529155743,0.1487969647458012,1.2056695556264796,0.01,1.0,,,
26620,1.650390625,0.0,1.650390625,0.00012421959095801935,6.210979547900967e-05,96869.03630657088,13.957070848,0.16569990478593433,0.25691137539593234,1.2040618406366528,0.01,1.0,,,
26630,3.1767578125,0.0,3.1767578125,0.0001241119483315393,6.205597416576965e-05,96869.70951074669,13.962313728,0.10346169212855219,0.21091859514425235,1.2024550717732416,0.01,1.0,,,
26640,3.119140625,0.0,3.119140625,0.00012400430570505918,6.200215285252959e-05,96870.04614237041,13.967556608,0.09577428322936343,0.17711743019897264,1.2008492501252674,0.01,1.0,,,
26650,3.1201171875,0.0,3.1201171875,0.00012389666307857913,6.194833153928956e-05,96870.57787733404,13.972799488,0.14025315066313135,0.34830966846341954,1.1992443767811087,0.01,1.0,,,
26660,3.1376953125,0.0,3.1376953125,0.00012378902045209907,6.189451022604954e-05,96871.10634232784,13.978042368,0.10354692507058398,0.4430862632824911,1.197640452828504,0.01,1.0,,,
26670,3.11328125,0.0,3.11328125,0.00012368137782561896,6.184068891280948e-05,96871.77568155271,13.983285248,0.09510183478279412,0.15319308299898932,1.1960374793545447,0.01,1.0,,,
26680,3.0361328125,0.0,3.0361328125,0.00012357373519913888,6.178686759956944e-05,96872.44002377291,13.988528128,0.09128503600054125,0.18247012461506804,1.1944354574456815,0.01,1.0,,,
26690,3.1005859375,0.0,3.1005859375,0.00012346609257265877,6.173304628632938e-05,96872.91246348624,13.993771008,0.09250733201682018,0.1328204195707129,1.192834388187717,0.01,1.0,,,
26700,2.28076171875,0.0,2.28076171875,0.0001233584499461787,6.167922497308936e-05,96873.38258757023,13.999013888,0.128455571743716,0.186117813091977,1.1912342726658103,0.01,1.0,,,
26710,2.7255859375,0.0,2.7255859375,0.0001232508073196986,6.16254036598493e-05,96873.61799208232,14.004256768,0.09553741692954645,0.1885279760183209,1.1896351119644721,0.01,1.0,,,
26720,3.0283203125,0.0,3.0283203125,0.00012314316469321855,6.157158234660927e-05,96874.28330232052,14.009499648,0.09531906192326592,0.24154444871636122,1.188036907167569,0.01,1.0,,,
26730,3.123046875,0.0,3.123046875,0.00012303552206673844,6.151776103336922e-05,96873.73209005166,14.014742528,0.09418974074202927,0.21073455909442637,1.1864396593583157,0.01,1.0,,,
26740,2.00732421875,0.0,2.00732421875,0.00012292787944025835,6.146393972012918e-05,96874.32788351066,14.019985408,0.14886842972183323,0.16468824830853376,1.1848433696192837,0.01,1.0,,,
26750,3.1455078125,0.0,3.1455078125,0.00012282023681377824,6.141011840688912e-05,96874.81381389839,14.025228288,0.11589851602529634,0.4258944693970508,1.183248039032388,0.01,1.0,,,
26760,2.7158203125,0.0,2.7158203125,0.0001227125941872982,6.13562970936491e-05,96875.48580937592,14.030471168,0.09878792406015695,0.21258350282423671,1.1816536686789005,0.01,1.0,,,
26770,2.4072265625,0.0,2.4072265625,0.00012260495156081808,6.130247578040904e-05,96875.69435465272,14.035714048,0.0961714087631169,0.19633806780752383,1.180060259639437,0.01,1.0,,,
26780,3.1611328125,0.0,3.1611328125,0.00012249730893433802,6.124865446716901e-05,96875.95296754292,14.040956928,0.095065714120388,0.25868902470727373,1.1784678129939659,0.01,1.0,,,
26790,2.6513671875,0.0,2.6513671875,0.0001223896663078579,6.119483315392896e-05,96876.46069694836,14.046199808,0.10208137836888875,0.21682975566296983,1.1768763298218006,0.01,1.0,,,
26800,3.1123046875,0.0,3.1123046875,0.00012228202368137786,6.114101184068893e-05,96877.13183237785,14.051442688,0.09447660500288108,0.15001121507694423,1.175285811201601,0.01,1.0,,,
26810,2.5830078125,0.0,2.5830078125,0.00012217438105489775,6.108719052744887e-05,96877.8090838008,14.056685568,0.10627820888610046,0.2300845597329334,1.1736962582113766,0.01,1.0,,,
26820,3.16796875,0.0,3.16796875,0.00012206673842841768,6.103336921420884e-05,96878.23447139077,14.061928448,0.11036998626947865,0.1668320536317051,1.1721076719284782,0.01,1.0,,,
26830,1.619140625,0.0,1.619140625,0.00012195909580193757,6.097954790096878e-05,96878.41972044582,14.067171328,0.13829793954202044,0.29515367232801704,1.1705200534296056,0.01,1.0,,,
26840,3.05859375,0.0,3.05859375,0.0001218514531754575,6.092572658772875e-05,96879.09661458732,14.072414208,0.11679753328236514,0.3363215665652523,1.168933403790799,0.01,1.0,,,
26850,3.2109375,0.0,3.2109375,0.00012174381054897739,6.087190527448869e-05,96879.74265093112,14.077657088,0.12668068524481021,0.275519980644267,1.1673477240874461,0.01,1.0,,,
26860,2.396484375,0.0,2.396484375,0.00012163616792249732,6.081808396124866e-05,96880.36240021959,14.082899968,0.11306427698169538,0.19020775618790733,1.1657630153942706,0.01,1.0,,,
26870,1.4345703125,0.0,1.4345703125,0.00012152852529601722,6.076426264800861e-05,96880.71481968965,14.088142848,0.13298964194453336,0.2268770797217816,1.1641792787853453,0.01,1.0,,,
26880,3.1640625,0.0,3.1640625,0.00012142088266953715,6.0710441334768576e-05,96880.931754508,14.093385728,0.09382922622942928,0.22181104818703323,1.1625965153340792,0.01,1.0,,,
26890,3.0234375,0.0,3.0234375,0.00012131324004305704,6.065662002152852e-05,96881.5901661738,14.098628608,0.09793042234814278,0.1993737603665121,1.161014726113225,0.01,1.0,,,
26900,3.0732421875,0.0,3.0732421875,0.00012120559741657697,6.0602798708288486e-05,96882.00831483939,14.103871488,0.0972913621871071,0.16603033998280517,1.1594339121948727,0.01,1.0,,,
26910,1.74169921875,0.0,1.74169921875,0.00012109795479009686,6.054897739504843e-05,96882.63416783807,14.109114368,0.11359291272265762,0.2530011850418977,1.157854074650452,0.01,1.0,,,
26920,3.0634765625,0.0,3.0634765625,0.0001209903121636168,6.04951560818084e-05,96882.9676494977,14.114357248,0.10060775533902885,0.14532767479775693,1.1562752145507305,0.01,1.0,,,
26930,3.01171875,0.0,3.01171875,0.0001208826695371367,6.044133476856835e-05,96883.58645737037,14.119600128,0.11919745909256987,0.2508757625114474,1.1546973329658154,0.01,1.0,,,
26940,3.0048828125,0.0,3.0048828125,0.00012077502691065663,6.0387513455328313e-05,96884.24863756447,14.124843008,0.09762106390664052,0.18062782323593451,1.1531204309651475,0.01,1.0,,,
26950,2.26171875,0.0,2.26171875,0.00012066738428417652,6.033369214208826e-05,96884.90570176237,14.130085888,0.10066050118923647,0.15567477419813736,1.1515445096175065,0.01,1.0,,,
26960,3.0888671875,0.0,3.0888671875,0.00012055974165769646,6.027987082884823e-05,96885.58024684388,14.135328768,0.09828173718844876,0.21704924275771642,1.1499695699910062,0.01,1.0,,,
26970,3.1943359375,0.0,3.1943359375,0.00012045209903121635,6.0226049515608176e-05,96885.56439307662,14.140571648,0.09424344255627562,0.19295848195997647,1.148395613153094,0.01,1.0,,,
26980,1.65673828125,0.0,1.65673828125,0.00012034445640473628,6.017222820236814e-05,96886.21906297922,14.145814528,0.11349108859969884,0.15719933807888947,1.1468226401705517,0.01,1.0,,,
26990,2.95703125,0.0,2.95703125,0.00012023681377825617,6.0118406889128086e-05,96886.87705485156,14.151057408,0.1119693355549899,0.2165235258385604,1.1452506521094972,0.01,1.0,,,
27000,2.7431640625,0.0,2.7431640625,0.00012012917115177612,6.006458557588806e-05,96887.528225064,14.156300288,0.10270007718956774,0.18348377491473716,1.1436796500353756,0.01,1.0,,,
27000,,,,,,,,,,,,,0.0,0.0,0.0
27010,3.001953125,0.0,3.001953125,0.000120021528525296,6.0010764262648e-05,96882.38950716794,14.161543168,0.0920959838363203,0.15360359975245663,1.1421096350129694,0.01,1.0,,,
27020,2.28369140625,0.0,2.28369140625,0.00011991388589881594,5.995694294940797e-05,96883.06003809815,14.166786048,0.10368070806297507,0.21920185293007596,1.1405406081063874,0.01,1.0,,,
27030,2.6552734375,0.0,2.6552734375,0.00011980624327233587,5.9903121636167934e-05,96883.41752993385,14.172028928,0.11211400098157127,0.1829798065326632,1.1389725703790703,0.01,1.0,,,
27040,2.67578125,0.0,2.67578125,0.00011969860064585576,5.984930032292788e-05,96884.07122883803,14.177271808,0.10864233900400332,0.1509032745561742,1.13740552289379,0.01,1.0,,,
27050,1.79931640625,0.0,1.79931640625,0.0001195909580193757,5.979547900968785e-05,96884.61688756767,14.182514688,0.11779711953778656,0.14611051495399732,1.1358394667126446,0.01,1.0,,,
27060,2.18359375,0.0,2.18359375,0.00011948331539289559,5.9741657696447796e-05,96885.28183757745,14.187757568,0.10148922118066629,0.210635602333456,1.134274402897063,0.01,1.0,,,
27070,1.578125,0.0,1.578125,0.00011937567276641552,5.968783638320776e-05,96884.65197351958,14.193000448,0.29348543579340586,0.45189211127991313,1.1327103325077992,0.01,1.0,,,
27080,2.5595703125,0.0,2.5595703125,0.00011926803013993541,5.9634015069967706e-05,96884.49158632461,14.198243328,0.10468866387921041,0.19517122889447375,1.1311472566049348,0.01,1.0,,,
27090,2.23583984375,0.0,2.23583984375,0.00011916038751345536,5.958019375672768e-05,96885.07482877758,14.203486208,0.11775905784388246,0.19819907742784065,1.1295851762478761,0.01,1.0,,,
27100,2.25341796875,0.0,2.25341796875,0.00011905274488697525,5.952637244348762e-05,96884.11682123413,14.208729088,0.1030788841321677,0.36531727717006335,1.1280240924953586,0.01,1.0,,,
27110,2.6142578125,0.0,2.6142578125,0.00011894510226049518,5.947255113024759e-05,96884.0003456076,14.213971968,0.11317490252714309,0.24934772015257212,1.1264640064054368,0.01,1.0,,,
27120,3.1513671875,0.0,3.1513671875,0.00011883745963401507,5.9418729817007534e-05,96884.65813897023,14.219214848,0.10212594021722818,0.18277676754993238,1.124904919035494,0.01,1.0,,,
27130,3.1826171875,0.0,3.1826171875,0.00011872981700753501,5.9364908503767506e-05,96885.3132872012,14.224457728,0.09479658433476904,0.23849649978831602,1.123346831442234,0.01,1.0,,,
27140,3.021484375,0.0,3.021484375,0.0001186221743810549,5.931108719052745e-05,96885.97041220427,14.229700608,0.09355051092500342,0.14437422784623466,1.1217897446816825,0.01,1.0,,,
27150,1.94677734375,0.0,1.94677734375,0.00011851453175457483,5.9257265877287416e-05,96886.62605851429,14.234943488,0.1270561783474041,0.16963738674452503,1.1202336598091875,0.01,1.0,,,
27160,1.75830078125,0.0,1.75830078125,0.00011840688912809472,5.920344456404736e-05,96886.9834188752,14.240186368,0.1180954706971678,0.22861606530484846,1.1186785778794202,0.01,1.0,,,
27170,1.684326171875,0.0,1.684326171875,0.00011829924650161465,5.9149623250807326e-05,96887.05450402586,14.245429248,0.13741696143142942,0.20122719004626569,1.1171244999463674,0.01,1.0,,,
27180,3.12109375,0.0,3.12109375,0.00011819160387513454,5.909580193756727e-05,96887.72539893756,14.250672128,0.10855860177077244,0.17263327511268353,1.1155714270633414,0.01,1.0,,,
27190,3.0146484375,0.0,3.0146484375,0.00011808396124865449,5.9041980624327243e-05,96888.1008163721,14.255915008,0.11647963117619442,0.1944935689060421,1.1140193602829664,0.01,1.0,,,
27200,3.177734375,0.0,3.177734375,0.00011797631862217438,5.898815931108719e-05,96888.76457085341,14.261157888,0.14287816507472031,0.19651894333047246,1.1124683006571907,0.01,1.0,,,
27210,2.5546875,0.0,2.5546875,0.00011786867599569431,5.8934337997847154e-05,96889.4070870571,14.266400768,0.10440714005558363,0.22268701643486907,1.110918249237276,0.01,1.0,,,
27220,2.513671875,0.0,2.513671875,0.0001177610333692142,5.88805166846071e-05,96889.8595244531,14.271643648,0.11055136135497008,0.3135201073334727,1.1093692070738037,0.01,1.0,,,
27230,3.12890625,0.0,3.12890625,0.00011765339074273414,5.882669537136707e-05,96890.52052872874,14.276886528,0.09331616876526609,0.20190729722430845,1.1078211752166682,0.01,1.0,,,
27240,2.98828125,0.0,2.98828125,0.00011754574811625403,5.8772874058127016e-05,96888.76815486395,14.282129408,0.10074444382731147,0.3512998090125958,1.106274154715082,0.01,1.0,,,
27250,3.11328125,0.0,3.11328125,0.00011743810548977396,5.871905274488698e-05,96889.40790480399,14.287372288,0.10649979963709397,0.216968223385165,1.1047281466175705,0.01,1.0,,,
27260,3.1142578125,0.0,3.1142578125,0.00011733046286329385,5.8665231431646926e-05,96889.996409849,14.292615168,0.09670627828851247,0.2061265397909836,1.1031831519719717,0.01,1.0,,,
27270,2.328125,0.0,2.328125,0.0001172228202368138,5.86114101184069e-05,96890.66092284331,14.297858048,0.1066057051223998,0.16830494564728915,1.1016391718254401,0.01,1.0,,,
27280,2.3798828125,0.0,2.3798828125,0.00011711517761033369,5.855758880516684e-05,96891.2517356087,14.303100928,0.11221818367465304,0.22458801692722236,1.100096207224439,0.01,1.0,,,
27290,1.47265625,0.0,1.47265625,0.00011700753498385362,5.850376749192681e-05,96891.89567519174,14.308343808,0.10235205322798954,0.15606100037172435,1.0985542592147477,0.01,1.0,,,
27300,2.5732421875,0.0,2.5732421875,0.00011689989235737351,5.8449946178686754e-05,96891.98664223074,14.313586688,0.10213436661554327,0.13597686521066912,1.0970133288414503,0.01,1.0,,,
27310,3.0498046875,0.0,3.0498046875,0.00011679224973089344,5.839612486544672e-05,96892.62540440034,14.318829568,0.09283520560361053,0.2623383019705454,1.0954734171489475,0.01,1.0,,,
27320,1.31298828125,0.0,1.31298828125,0.00011668460710441334,5.834230355220667e-05,96893.25410242262,14.324072448,0.09480599978751884,0.21383236520887247,1.093934525180945,0.01,1.0,,,
27330,2.9453125,0.0,2.9453125,0.00011657696447793327,5.8288482238966636e-05,96893.78222351789,14.329315328,0.0948499048323904,0.1654078943619572,1.0923966539804608,0.01,1.0,,,
27340,1.84228515625,0.0,1.84228515625,0.00011646932185145316,5.823466092572658e-05,96894.13013181965,14.334558208,0.12294083112069924,0.16921745503171876,1.0908598045898183,0.01,1.0,,,
27350,3.0126953125,0.0,3.0126953125,0.00011636167922497309,5.8180839612486546e-05,96894.77898441003,14.339801088,0.09732963791979149,0.27531731286506916,1.08932397805065,0.01,1.0,,,
27360,2.47119140625,0.0,2.47119140625,0.00011625403659849298,5.812701829924649e-05,96895.35996656005,14.345043968,0.12678754678795023,0.24894869808395698,1.0877891754038935,0.01,1.0,,,
27370,2.5478515625,0.0,2.5478515625,0.00011614639397201293,5.8073196986006463e-05,96896.01211463148,14.350286848,0.10474456982424438,0.1574467480859353,1.0862553976897953,0.01,1.0,,,
27380,3.138671875,0.0,3.138671875,0.00011603875134553282,5.801937567276641e-05,96896.65506832169,14.355529728,0.09853144698238273,0.13883913256189287,1.0847226459479036,0.01,1.0,,,
27390,3.1513671875,0.0,3.1513671875,0.00011593110871905275,5.7965554359526374e-05,96897.3037474137,14.360772608,0.09813151835372978,0.2302831661819118,1.0831909212170752,0.01,1.0,,,
27400,3.0986328125,0.0,3.0986328125,0.00011582346609257269,5.7911733046286346e-05,96897.93285681782,14.366015488,0.09604699843362292,0.1843696241294584,1.0816602245354674,0.01,1.0,,,
27410,3.154296875,0.0,3.154296875,0.00011571582346609258,5.785791173304629e-05,96898.22233054673,14.371258368,0.09451039553518334,0.16078568735039472,1.0801305569405422,0.01,1.0,,,
27420,1.82080078125,0.0,1.82080078125,0.00011560818083961251,5.7804090419806256e-05,96898.02513559443,14.376501248,0.15811066703690493,0.2528026984193176,1.0786019194690628,0.01,1.0,,,
27430,3.06640625,0.0,3.06640625,0.0001155005382131324,5.77502691065662e-05,96897.06856007024,14.381744128,0.09429907315774133,0.16416151058843326,1.077074313157098,0.01,1.0,,,
27440,1.83740234375,0.0,1.83740234375,0.00011539289558665233,5.7696447793326167e-05,96897.28967842991,14.386987008,0.12747342453157393,0.15937553068124502,1.0755477390400126,0.01,1.0,,,
27450,2.27490234375,0.0,2.27490234375,0.00011528525296017222,5.764262648008611e-05,96897.6075113133,14.392229888,0.13594991968167225,0.22568660408138938,1.0740221981524758,0.01,1.0,,,
27460,2.33984375,0.0,2.33984375,0.00011517761033369217,5.7588805166846084e-05,96898.24670779255,14.397472768,0.1375615618653394,0.22002234340602098,1.0724976915284545,0.01,1.0,,,
27470,3.228515625,0.0,3.228515625,0.00011506996770721206,5.753498385360603e-05,96898.22109596385,14.402715648,0.09758896028630051,0.24977945383167852,1.0709742202012147,0.01,1.0,,,
27480,2.9228515625,0.0,2.9228515625,0.00011496232508073199,5.7481162540365994e-05,96898.85424827816,14.407958528,0.1048285687116373,0.14932982394241281,1.0694517852033218,0.01,1.0,,,
27490,2.2275390625,0.0,2.2275390625,0.00011485468245425188,5.742734122712594e-05,96899.26821118554,14.413201408,0.11830645809641253,0.15271339477611226,1.0679303875666373,0.01,1.0,,,
27500,2.51171875,0.0,2.51171875,0.00011474703982777182,5.737351991388591e-05,96899.90601906701,14.418444288,0.09591510165237242,0.12217401206441122,1.0664100283223217,0.01,1.0,,,
27500,,,,,,,,,,,,,0.0,0.0,0.0
27510,2.99609375,0.0,2.99609375,0.00011463939720129171,5.7319698600645856e-05,96900.53605077474,14.423687168,0.0975800512286722,0.12342098943196407,1.0648907085008295,0.01,1.0,,,
27520,3.103515625,0.0,3.103515625,0.00011453175457481164,5.726587728740582e-05,96899.46523794669,14.428930048,0.09548222931303914,0.15906496201912637,1.0633724291319115,0.01,1.0,,,
27530,3.185546875,0.0,3.185546875,0.00011442411194833153,5.7212055974165766e-05,96900.08053649808,14.434172928,0.10477314904542273,0.18085195758863223,1.061855191244613,0.01,1.0,,,
27540,3.02734375,0.0,3.02734375,0.00011431646932185148,5.715823466092574e-05,96900.17731266461,14.439415808,0.09141211513061265,0.17692286552253972,1.0603389958672755,0.01,1.0,,,
27550,3.0869140625,0.0,3.0869140625,0.00011420882669537137,5.7104413347685684e-05,96900.63503648473,14.444658688,0.09563578442516607,0.15751726737035507,1.0588238440275306,0.01,1.0,,,
27560,2.595703125,0.0,2.595703125,0.0001141011840688913,5.705059203444565e-05,96900.70112584131,14.449901568,0.10690808563623964,0.17634213485200784,1.0573097367523054,0.01,1.0,,,
27570,2.067138671875,0.0,2.067138671875,0.00011399354144241119,5.6996770721205594e-05,96900.84846313695,14.455144448,0.10811687902944371,0.1605739579853837,1.055796675067818,0.01,1.0,,,
27580,2.314453125,0.0,2.314453125,0.00011388589881593112,5.694294940796556e-05,96901.4526406477,14.460387328,0.10663825824751458,0.19266400978716702,1.0542846599995768,0.01,1.0,,,
27590,3.0341796875,0.0,3.0341796875,0.00011377825618945102,5.688912809472551e-05,96901.49521520191,14.465630208,0.10118673877175238,0.23162757435653317,1.0527736925723818,0.01,1.0,,,
27600,1.89013671875,0.0,1.89013671875,0.00011367061356297095,5.6835306781485476e-05,96901.58799489411,14.470873088,0.1718375987314894,0.26455557266027147,1.051263773810324,0.01,1.0,,,
27610,1.89404296875,0.0,1.89404296875,0.00011356297093649084,5.678148546824542e-05,96902.23723781855,14.476115968,0.13343661536225254,0.14930867827562128,1.0497549047367811,0.01,1.0,,,
27620,1.8134765625,0.0,1.8134765625,0.00011345532831001077,5.672766415500539e-05,96902.85852374858,14.481358848,0.10698092417203903,0.2651186346583449,1.0482470863744233,0.01,1.0,,,
27630,3.0166015625,0.0,3.0166015625,0.00011334768568353066,5.667384284176533e-05,96903.50665455061,14.486601728,0.09662267774316988,0.19226002864326822,1.046740319745203,0.01,1.0,,,
27640,3.1396484375,0.0,3.1396484375,0.00011324004305705061,5.6620021528525304e-05,96904.15461502821,14.491844608,0.09797037147060356,0.18746970632199364,1.045234605870365,0.01,1.0,,,
27650,3.0810546875,0.0,3.0810546875,0.0001131324004305705,5.656620021528525e-05,96904.80115983827,14.497087488,0.1008373461581147,0.11959285013656677,1.0437299457704374,0.01,1.0,,,
27660,1.6015625,0.0,1.6015625,0.00011302475780409043,5.6512378902045214e-05,96905.44218280805,14.502330368,0.0969491542284627,0.1482739926094474,1.0422263404652363,0.01,1.0,,,
27670,3.18359375,0.0,3.18359375,0.00011291711517761032,5.645855758880516e-05,96904.85121523812,14.507573248,0.094573282680151,0.13642705221050755,1.040723790973861,0.01,1.0,,,
27680,2.49609375,0.0,2.49609375,0.00011280947255113026,5.640473627556513e-05,96904.58163684899,14.512816128,0.10991423885823341,0.1683761888431499,1.0392222983146964,0.01,1.0,,,
27690,3.009765625,0.0,3.009765625,0.00011270182992465015,5.6350914962325076e-05,96905.10433282789,14.518059008,0.09399487936923667,0.15353566392615026,1.0377218635054106,0.01,1.0,,,
27700,1.486328125,0.0,1.486328125,0.00011259418729817008,5.629709364908504e-05,96904.71442139719,14.523301888,0.11327713327970546,0.15164474224574057,1.0362224875629542,0.01,1.0,,,
27710,3.130859375,0.0,3.130859375,0.00011248654467168997,5.6243272335844987e-05,96905.36304834041,14.528544768,0.09670514901111826,0.1659526459800212,1.034724171503562,0.01,1.0,,,
27720,1.58935546875,0.0,1.58935546875,0.00011237890204520992,5.618945102260496e-05,96905.99396312237,14.533787648,0.12881047429081136,0.19765742378233656,1.0332269163427477,0.01,1.0,,,
27730,3.20703125,0.0,3.20703125,0.00011227125941872981,5.6135629709364904e-05,96906.6281245443,14.539030528,0.09862829227302132,0.24001884536203666,1.0317307230953097,0.01,1.0,,,
27740,2.591796875,0.0,2.591796875,0.00011216361679224974,5.608180839612487e-05,96906.80688694792,14.544273408,0.11345410875441682,0.3418950557537381,1.0302355927753215,0.01,1.0,,,
27750,3.0673828125,0.0,3.0673828125,0.00011205597416576963,5.6027987082884814e-05,96906.70455417526,14.549516288,0.09901873416470915,0.2583186920261292,1.0287415263961412,0.01,1.0,,,
27760,3.0,0.0,3.0,0.00011194833153928956,5.597416576964478e-05,96904.7328359698,14.554759168,0.10443673532039707,0.2499306097671306,1.0272485249704022,0.01,1.0,,,
27770,3.0693359375,0.0,3.0693359375,0.0001118406889128095,5.592034445640475e-05,96905.37170906851,14.560002048,0.10440839274343287,0.2104039272220747,1.0257565895100191,0.01,1.0,,,
27780,3.244140625,0.0,3.244140625,0.00011173304628632939,5.5866523143164696e-05,96906.0077598596,14.565244928,0.096245122815302,0.22334153527063513,1.0242657210261812,0.01,1.0,,,
27790,2.413818359375,0.0,2.413818359375,0.00011162540365984932,5.581270182992466e-05,96906.47542608515,14.570487808,0.12408500276136175,0.2224612125173719,1.022775920529358,0.01,1.0,,,
27800,2.9765625,0.0,2.9765625,0.00011151776103336921,5.575888051668461e-05,96907.11518839622,14.575730688,0.09266976215295279,0.15503104486896718,1.0212871890292898,0.01,1.0,,,
27810,3.0107421875,0.0,3.0107421875,0.00011141011840688916,5.570505920344458e-05,96907.68896451581,14.580973568,0.09424058877489236,0.14829131669101453,1.0197995275349985,0.01,1.0,,,
27820,3.1025390625,0.0,3.1025390625,0.00011130247578040905,5.5651237890204524e-05,96908.33157563493,14.586216448,0.09525690184926083,0.12131800912372642,1.018312937054776,0.01,1.0,,,
27830,3.14453125,0.0,3.14453125,0.00011119483315392898,5.559741657696449e-05,96908.96531899452,14.591459328,0.09718919867251659,0.12091695520374245,1.016827418596192,0.01,1.0,,,
27840,3.1279296875,0.0,3.1279296875,0.00011108719052744887,5.5543595263724434e-05,96909.34952847216,14.596702208,0.09033705745432695,0.12896202976557253,1.015342973166087,0.01,1.0,,,
27850,2.29736328125,0.0,2.29736328125,0.0001109795479009688,5.54897739504844e-05,96909.62835894931,14.601945088,0.09855061064742145,0.13667496118041503,1.0138596017705748,0.01,1.0,,,
27860,3.0625,0.0,3.0625,0.0001108719052744887,5.543595263724435e-05,96909.40624607952,14.607187968,0.09284665116257655,0.12250253614416573,1.0123773054150413,0.01,1.0,,,
27870,1.8525390625,0.0,1.8525390625,0.00011076426264800863,5.5382131324004317e-05,96910.04462899028,14.612430848,0.12451689076167399,0.15930210312567258,1.010896085104145,0.01,1.0,,,
27880,3.1611328125,0.0,3.1611328125,0.00011065662002152852,5.532831001076426e-05,96910.67397641648,14.617673728,0.09526736776152646,0.2004926630716588,1.009415941841813,0.01,1.0,,,
27890,3.1533203125,0.0,3.1533203125,0.00011054897739504845,5.527448869752423e-05,96910.58164037956,14.622916608,0.09914449606990924,0.19667108251558396,1.0079368766312444,0.01,1.0,,,
27900,3.12109375,0.0,3.12109375,0.00011044133476856834,5.522066738428417e-05,96911.2188594243,14.628159488,0.09741346407930127,0.1404019006042425,1.006458890474907,0.01,1.0,,,
27910,1.76123046875,0.0,1.76123046875,0.00011033369214208829,5.5166846071044144e-05,96910.8962937223,14.633402368,0.12596622069400204,0.15894408878615804,1.0049819843745351,0.01,1.0,,,
27920,2.5712890625,0.0,2.5712890625,0.00011022604951560818,5.511302475780409e-05,96911.12963943234,14.638645248,0.10549573729517601,0.15336745707999813,1.0035061593311347,0.01,1.0,,,
27930,3.0244140625,0.0,3.0244140625,0.00011011840688912811,5.5059203444564054e-05,96911.48620590154,14.643888128,0.09770021761175303,0.1439599971808824,1.0020314163449764,0.01,1.0,,,
27940,1.51904296875,0.0,1.51904296875,0.000110010764262648,5.5005382131324e-05,96912.11714586495,14.649131008,0.09463558500828419,0.2084368858309792,1.0005577564155987,0.01,1.0,,,
27950,2.3271484375,0.0,2.3271484375,0.00010990312163616794,5.495156081808397e-05,96912.2795185617,14.654373888,0.10673219180411404,0.188401578259285,0.9990851805418055,0.01,1.0,,,
27960,2.9970703125,0.0,2.9970703125,0.00010979547900968783,5.4897739504843916e-05,96912.9102417106,14.659616768,0.09721935737194885,0.19553895390642115,0.9976136897216663,0.01,1.0,,,
27970,3.2138671875,0.0,3.2138671875,0.00010968783638320776,5.484391819160388e-05,96913.50603695105,14.664859648,0.09483967182666381,0.16409576399355003,0.9961432849525131,0.01,1.0,,,
27980,2.5029296875,0.0,2.5029296875,0.00010958019375672765,5.479009687836383e-05,96914.13657744094,14.670102528,0.106268733245231,0.25104114400798777,0.9946739672309459,0.01,1.0,,,
27990,3.052734375,0.0,3.052734375,0.0001094725511302476,5.47362755651238e-05,96914.75473420796,14.675345408,0.09340566984402567,0.15144008722374414,0.9932057375528243,0.01,1.0,,,
28000,3.041015625,0.0,3.041015625,0.00010936490850376749,5.4682454251883744e-05,96915.37711893115,14.680588288,0.09437855915615251,0.2060697476768271,0.9917385969132728,0.01,1.0,,,
28000,,,,,,,,,,,,,0.0,0.0,0.0
28010,1.889404296875,0.0,1.889404296875,0.00010925726587728742,5.462863293864371e-05,96909.38425639106,14.685831168,0.25612398537879566,0.3865066226683555,0.9902725463066762,0.01,1.0,,,
28020,2.26513671875,0.0,2.26513671875,0.00010914962325080731,5.4574811625403654e-05,96910.02209517531,14.691074048,0.15260261423779314,0.2891378892026716,0.9888075867266812,0.01,1.0,,,
28030,3.2177734375,0.0,3.2177734375,0.00010904198062432724,5.452099031216362e-05,96910.41401796513,14.696316928,0.09678280513057558,0.1959947116553182,0.9873437191661945,0.01,1.0,,,
28040,2.55078125,0.0,2.55078125,0.00010893433799784713,5.4467168998923565e-05,96910.91115262655,14.701559808,0.10032334954712104,0.17768802077451054,0.9858809446173837,0.01,1.0,,,
28050,3.1982421875,0.0,3.1982421875,0.00010882669537136707,5.441334768568354e-05,96911.5256147663,14.706802688,0.09815469496169582,0.13218757375751847,0.9844192640716742,0.01,1.0,,,
28060,3.0458984375,0.0,3.0458984375,0.00010871905274488696,5.435952637244348e-05,96912.16339392695,14.712045568,0.09802654354912467,0.19140341340956057,0.9829586785197524,0.01,1.0,,,
28070,1.6533203125,0.0,1.6533203125,0.0001086114101184069,5.430570505920345e-05,96912.77931213593,14.717288448,0.08708710006654524,0.14686610836276928,0.9814991889515594,0.01,1.0,,,
28080,2.4755859375,0.0,2.4755859375,0.00010850376749192678,5.425188374596339e-05,96912.27984302443,14.722531328,0.09953863598198265,0.1248736384091515,0.9800407963562952,0.01,1.0,,,
28090,3.0654296875,0.0,3.0654296875,0.00010839612486544673,5.4198062432723364e-05,96912.88377126865,14.727774208,0.0978014682995109,0.18064768918506138,0.9785835017224154,0.01,1.0,,,
28100,3.3466796875,0.0,3.3466796875,0.00010828848223896662,5.414424111948331e-05,96912.95878248743,14.733017088,0.13433454900103994,0.18286399920625035,0.9771273060376335,0.01,1.0,,,
28110,1.7177734375,0.0,1.7177734375,0.00010818083961248655,5.4090419806243274e-05,96913.49898771817,14.738259968,0.11679310434649479,0.16408976830741895,0.975672210288915,0.01,1.0,,,
28120,3.0322265625,0.0,3.0322265625,0.00010807319698600644,5.403659849300322e-05,96913.96783200566,14.743502848,0.10736772385892114,0.17932368157346565,0.9742182154624837,0.01,1.0,,,
28130,2.9833984375,0.0,2.9833984375,0.00010796555435952638,5.398277717976319e-05,96914.59500076738,14.748745728,0.09070261585989915,0.16622948613656655,0.9727653225438135,0.01,1.0,,,
28140,3.1015625,0.0,3.1015625,0.00010785791173304631,5.392895586652316e-05,96915.20524723007,14.753988608,0.09035425881764599,0.10958834920593069,0.9713135325176334,0.01,1.0,,,
28150,3.0673828125,0.0,3.0673828125,0.0001077502691065662,5.38751345532831e-05,96915.83513050807,14.759231488,0.09441029175384921,0.1329145431623799,0.9698628463679251,0.01,1.0,,,
28160,3.0927734375,0.0,3.0927734375,0.00010764262648008613,5.382131324004307e-05,96916.45759342404,14.764474368,0.0930712754965752,0.18265565421732952,0.9684132650779207,0.01,1.0,,,
28170,3.060546875,0.0,3.060546875,0.00010753498385360602,5.376749192680301e-05,96916.9907785884,14.769717248,0.0971354795089115,0.14624015133948146,0.9669647896301063,0.01,1.0,,,
28180,1.83349609375,0.0,1.83349609375,0.00010742734122712597,5.3713670613562984e-05,96916.43130713892,14.774960128,0.10533653716979766,0.15574663255222784,0.9655174210062141,0.01,1.0,,,
28190,3.0537109375,0.0,3.0537109375,0.00010731969860064586,5.365984930032293e-05,96917.05442579687,14.780203008,0.09107710539836554,0.156239480000785,0.9640711601872303,0.01,1.0,,,
28200,3.09375,0.0,3.09375,0.00010721205597416579,5.3606027987082895e-05,96917.52152783895,14.785445888,0.08950978605024731,0.12072293648833289,0.9626260081533871,0.01,1.0,,,
28210,1.70947265625,0.0,1.70947265625,0.00010710441334768568,5.355220667384284e-05,96918.13568038623,14.790688768,0.10305729171234496,0.2153411076934707,0.9611819658841685,0.01,1.0,,,
28220,3.25,0.0,3.25,0.00010699677072120562,5.349838536060281e-05,96918.24329017181,14.795931648,0.10018494320128324,0.2001733123021935,0.9597390343583025,0.01,1.0,,,
28230,2.978515625,0.0,2.978515625,0.00010688912809472551,5.344456404736276e-05,96917.95990412521,14.801174528,0.09665317994019071,0.16196446499019584,0.9582972145537694,0.01,1.0,,,
28240,3.1484375,0.0,3.1484375,0.00010678148546824544,5.339074273412272e-05,96918.53253032285,14.806417408,0.10373652481140823,0.15950839693706087,0.9568565074477884,0.01,1.0,,,
28250,2.25927734375,0.0,2.25927734375,0.00010667384284176533,5.333692142088267e-05,96918.52881778084,14.811660288,0.10891421011868836,0.23056832520482065,0.9554169140168327,0.01,1.0,,,
28260,3.2373046875,0.0,3.2373046875,0.00010656620021528528,5.328310010764264e-05,96917.80639288401,14.816903168,0.10254521959136534,0.18110794789656606,0.9539784352366147,0.01,1.0,,,
28270,1.4249267578125,0.0,1.4249267578125,0.00010645855758880517,5.3229278794402584e-05,96917.05086733127,14.822146048,0.09635265040835912,0.1724206213192654,0.9525410720820955,0.01,1.0,,,
28280,1.55078125,0.0,1.55078125,0.0001063509149623251,5.317545748116255e-05,96917.23117639672,14.827388928,0.11402091036987524,0.3080028467495442,0.951104825527477,0.01,1.0,,,
28290,2.529296875,0.0,2.529296875,0.00010624327233584499,5.3121636167922494e-05,96915.5315362006,14.832631808,0.09984138490687788,0.1783130682346743,0.9496696965462059,0.01,1.0,,,
28300,3.0224609375,0.0,3.0224609375,0.00010613562970936492,5.306781485468246e-05,96916.14548116713,14.837874688,0.0957484159383684,0.16472257474754848,0.9482356861109702,0.01,1.0,,,
28310,2.53857421875,0.0,2.53857421875,0.00010602798708288482,5.301399354144241e-05,96916.25389777492,14.843117568,0.10295275631141058,0.2507253272971743,0.9468027951937019,0.01,1.0,,,
28320,2.5390625,0.0,2.5390625,0.00010592034445640475,5.296017222820238e-05,96916.87911487532,14.848360448,0.11317847402259315,0.25028583687806427,0.9453710247655713,0.01,1.0,,,
28330,2.9873046875,0.0,2.9873046875,0.00010581270182992464,5.290635091496232e-05,96917.06456591016,14.853603328,0.10430422226485832,0.2630226643968295,0.9439403757969922,0.01,1.0,,,
28340,3.6396484375,0.0,3.6396484375,0.00010570505920344457,5.285252960172229e-05,96917.31465760511,14.858846208,0.17091974689817394,0.31502577266646575,0.9425108492576177,0.01,1.0,,,
28350,2.3193359375,0.0,2.3193359375,0.00010559741657696446,5.279870828848223e-05,96917.93180214708,14.864089088,0.111452681481495,0.1767272816031672,0.9410824461163374,0.01,1.0,,,
28360,3.1005859375,0.0,3.1005859375,0.00010548977395048441,5.2744886975242204e-05,96918.53705226442,14.869331968,0.09552666914054837,0.17175630900114014,0.939655167341283,0.01,1.0,,,
28370,2.4609375,0.0,2.4609375,0.0001053821313240043,5.269106566200215e-05,96919.14636127299,14.874574848,0.1098789779731983,0.18006157294733496,0.9382290138998215,0.01,1.0,,,
28380,1.87255859375,0.0,1.87255859375,0.00010527448869752423,5.2637244348762115e-05,96919.63000763992,14.879817728,0.12621815523850458,0.36558564607659133,0.93680398675856,0.01,1.0,,,
28390,3.220703125,0.0,3.220703125,0.00010516684607104412,5.258342303552206e-05,96919.97928518348,14.885060608,0.10034791249363724,0.23625265642722973,0.9353800868833393,0.01,1.0,,,
28400,3.1435546875,0.0,3.1435546875,0.00010505920344456406,5.252960172228203e-05,96918.28583762744,14.890303488,0.09189567059388949,0.1624201949021235,0.9339573152392382,0.01,1.0,,,
28410,3.0771484375,0.0,3.0771484375,0.00010495156081808395,5.247578040904198e-05,96918.82416682795,14.895546368,0.09356612668210113,0.1433327231331007,0.9325356727905687,0.01,1.0,,,
28420,3.0859375,0.0,3.0859375,0.00010484391819160388,5.242195909580194e-05,96917.63501605747,14.900789248,0.0917610888119661,0.1614604138076319,0.9311151605008807,0.01,1.0,,,
28430,1.734375,0.0,1.734375,0.00010473627556512377,5.236813778256189e-05,96918.23956252106,14.906032128,0.10836099725008985,0.16573216716798644,0.9296957793329546,0.01,1.0,,,
28440,1.52001953125,0.0,1.52001953125,0.0001046286329386437,5.231431646932185e-05,96918.29330129377,14.911275008,0.09846745021064467,0.13739053765320558,0.9282775302488071,0.01,1.0,,,
28450,3.1416015625,0.0,3.1416015625,0.00010452099031216361,5.2260495156081804e-05,96918.89231127707,14.916517888,0.09265695209684824,0.14705127008367214,0.9268604142096861,0.01,1.0,,,
28460,3.1015625,0.0,3.1015625,0.00010441334768568354,5.220667384284177e-05,96919.5012338408,14.921760768,0.09239460886130407,0.25201180985044336,0.9254444321760713,0.01,1.0,,,
28470,2.7802734375,0.0,2.7802734375,0.00010430570505920343,5.2152852529601715e-05,96919.80176199146,14.927003648,0.09076899943614081,0.1363735489804945,0.9240295851076739,0.01,1.0,,,
28480,3.2099609375,0.0,3.2099609375,0.00010419806243272336,5.209903121636168e-05,96920.40226295957,14.932246528,0.09279275594945567,0.1700521338731428,0.9226158739634371,0.01,1.0,,,
28490,1.619140625,0.0,1.619140625,0.00010409041980624325,5.2045209903121625e-05,96919.7422248799,14.937489408,0.09700442820638333,0.15591255170393262,0.9212032997015325,0.01,1.0,,,
28500,3.1064453125,0.0,3.1064453125,0.0001039827771797632,5.19913885898816e-05,96920.18405354433,14.942732288,0.12116767480922012,0.232841751874673,0.9197918632793634,0.01,1.0,,,
28500,,,,,,,,,,,,,0.0,0.0,0.0
28510,3.0771484375,0.0,3.0771484375,0.00010387513455328312,5.193756727664156e-05,96920.78854911565,14.947975168,0.09480183531573717,0.2071016244358501,0.9183815656535592,0.01,1.0,,,
28520,2.556640625,0.0,2.556640625,0.00010376749192680301,5.188374596340151e-05,96920.09040402519,14.953218048,0.10749138601674661,0.17282911685162067,0.9169724077799795,0.01,1.0,,,
28530,1.68359375,0.0,1.68359375,0.00010365984930032296,5.182992465016148e-05,96919.6382129784,14.958460928,0.11919278848979745,0.22260566781957541,0.9155643906137092,0.01,1.0,,,
28540,2.73046875,0.0,2.73046875,0.00010355220667384285,5.1776103336921424e-05,96919.93822076471,14.963703808,0.09833970821800975,0.16142529936476843,0.9141575151090635,0.01,1.0,,,
28550,2.4716796875,0.0,2.4716796875,0.00010344456404736278,5.172228202368139e-05,96920.54588560111,14.968946688,0.1092204364209036,0.157268130172295,0.9127517822195799,0.01,1.0,,,
28560,3.091796875,0.0,3.091796875,0.00010333692142088267,5.1668460710441335e-05,96921.09265526067,14.974189568,0.10979678624481415,0.23510331737486603,0.9113471928980257,0.01,1.0,,,
28570,3.11328125,0.0,3.11328125,0.0001032292787944026,5.16146393972013e-05,96921.69951723146,14.979432448,0.09256646515931877,0.16092638093399686,0.909943748096389,0.01,1.0,,,
28580,2.3701171875,0.0,2.3701171875,0.0001031216361679225,5.156081808396125e-05,96921.11579003988,14.984675328,0.15150180321073053,0.2377776782427583,0.908541448765884,0.01,1.0,,,
28590,3.06640625,0.0,3.06640625,0.00010301399354144243,5.150699677072122e-05,96919.27779800164,14.989918208,0.09387047429058827,0.16007314342867435,0.9071402958569497,0.01,1.0,,,
28600,2.57421875,0.0,2.57421875,0.00010290635091496232,5.145317545748116e-05,96919.07653297036,14.995161088,0.1069413866500206,0.18090365070149939,0.9057402903192457,0.01,1.0,,,
28610,3.138671875,0.0,3.138671875,0.00010279870828848225,5.139935414424113e-05,96916.62972323227,15.000403968,0.09200821092496729,0.14633189588819764,0.9043414331016564,0.01,1.0,,,
28620,1.63232421875,0.0,1.63232421875,0.00010269106566200214,5.134553283100107e-05,96917.22107586656,15.005646848,0.10181542445602403,0.16538319322998923,0.902943725152286,0.01,1.0,,,
28630,2.9853515625,0.0,2.9853515625,0.00010258342303552209,5.1291711517761045e-05,96917.81962999227,15.010889728,0.09787613376093604,0.16577666208365008,0.9015471674184607,0.01,1.0,,,
28640,3.1298828125,0.0,3.1298828125,0.00010247578040904198,5.123789020452099e-05,96917.60690849856,15.016132608,0.09097849162960724,0.15407090491532482,0.9001517608467255,0.01,1.0,,,
28650,3.1572265625,0.0,3.1572265625,0.00010236813778256191,5.1184068891280955e-05,96917.58310788321,15.021375488,0.0946406575023924,0.13104278725940152,0.8987575063828486,0.01,1.0,,,
28660,1.56396484375,0.0,1.56396484375,0.0001022604951560818,5.11302475780409e-05,96918.17749044397,15.026618368,0.13311477597840238,0.16207690395533708,0.8973644049718135,0.01,1.0,,,
28670,3.12109375,0.0,3.12109375,0.00010215285252960174,5.107642626480087e-05,96916.64713012904,15.031861248,0.09824056697558788,0.19628139579408435,0.8959724575578263,0.01,1.0,,,
28680,2.33056640625,0.0,2.33056640625,0.00010204520990312163,5.102260495156082e-05,96916.90488530484,15.037104128,0.10379296437964379,0.19182786015106681,0.8945816650843053,0.01,1.0,,,
28690,1.72705078125,0.0,1.72705078125,0.00010193756727664156,5.096878363832078e-05,96916.54026849734,15.042347008,0.09152155743178095,0.14851024801435217,0.8931920284938919,0.01,1.0,,,
28700,3.142578125,0.0,3.142578125,0.00010182992465016145,5.091496232508073e-05,96916.56786411686,15.047589888,0.09431163163122827,0.18307744705692813,0.8918035487284399,0.01,1.0,,,
28710,2.5234375,0.0,2.5234375,0.0001017222820236814,5.08611410118407e-05,96915.20930585347,15.052832768,0.09750400378377432,0.15217036993032174,0.8904162267290223,0.01,1.0,,,
28720,3.13671875,0.0,3.13671875,0.00010161463939720129,5.0807319698600644e-05,96915.28127399382,15.058075648,0.0930843374889053,0.16976115745535225,0.8890300634359245,0.01,1.0,,,
28730,2.30322265625,0.0,2.30322265625,0.00010150699677072122,5.075349838536061e-05,96915.2877690601,15.063318528,0.10911457965991123,0.16470062131414592,0.8876450597886483,0.01,1.0,,,
28740,1.588623046875,0.0,1.588623046875,0.00010139935414424111,5.0699677072120555e-05,96912.00815842746,15.068561408,0.09723147236381531,0.15515555661073352,0.8862612167259081,0.01,1.0,,,
28750,1.634765625,0.0,1.634765625,0.00010129171151776104,5.064585575888052e-05,96911.0304880844,15.073804288,0.11734068798927416,0.19979399755372942,0.8848785351856339,0.01,1.0,,,
28760,3.0625,0.0,3.0625,0.00010118406889128093,5.0592034445640465e-05,96910.36602743411,15.079047168,0.0959953177344552,0.17070953683620707,0.883497016104966,0.01,1.0,,,
28770,2.724609375,0.0,2.724609375,0.00010107642626480087,5.053821313240044e-05,96910.64794161801,15.084290048,0.09553184943042614,0.15900442026224768,0.8821166604202584,0.01,1.0,,,
28780,3.1455078125,0.0,3.1455078125,0.00010096878363832076,5.048439181916038e-05,96911.25939718749,15.089532928,0.09766178402037842,0.14497289119739032,0.8807374690670782,0.01,1.0,,,
28790,3.0400390625,0.0,3.0400390625,0.0001008611410118407,5.043057050592035e-05,96911.85804535358,15.094775808,0.09264152193569823,0.14612446195385478,0.8793594429801979,0.01,1.0,,,
28800,1.84765625,0.0,1.84765625,0.00010075349838536059,5.037674919268029e-05,96912.44662017342,15.100018688,0.10441393962463823,0.1256825937556543,0.8779825830936054,0.01,1.0,,,
28810,3.0146484375,0.0,3.0146484375,0.00010064585575888053,5.0322927879440265e-05,96910.47966543886,15.105261568,0.12322674177061928,0.19303660594433467,0.8766068903404962,0.01,1.0,,,
28820,3.0185546875,0.0,3.0185546875,0.00010053821313240042,5.026910656620021e-05,96910.91494482986,15.110504448,0.09312821611989644,0.15774065034127502,0.875232365653275,0.01,1.0,,,
28830,3.125,0.0,3.125,0.00010043057050592035,5.0215285252960175e-05,96910.41708919531,15.115747328,0.09259286479250552,0.20117994979472048,0.8738590099635553,0.01,1.0,,,
28840,1.58056640625,0.0,1.58056640625,0.00010032292787944024,5.016146393972012e-05,96910.68340968719,15.120990208,0.08656906142072027,0.13351749324163548,0.8724868242021571,0.01,1.0,,,
28850,1.9462890625,0.0,1.9462890625,0.00010021528525296018,5.010764262648009e-05,96909.71600119624,15.126233088,0.1304781967240368,0.18501654986957133,0.8711158092991074,0.01,1.0,,,
28860,3.1181640625,0.0,3.1181640625,0.00010010764262648007,5.005382131324004e-05,96909.15965597669,15.131475968,0.09050585864010559,0.16545228025023134,0.869745966183642,0.01,1.0,,,
28870,3.123046875,0.0,3.123046875,0.0001,5e-05,96909.76404227546,15.136718848,0.09797897722092608,0.22116529176805108,0.8683772957841995,0.01,1.0,,,
28880,1.40673828125,0.0,1.40673828125,9.989235737351994e-05,4.994617868675997e-05,96910.36666997326,15.141961728,0.09516145379858758,0.2101348622564498,0.867009799028426,0.01,1.0,,,
28890,3.0791015625,0.0,3.0791015625,9.978471474703983e-05,4.989235737351991e-05,96910.56161194744,15.147204608,0.09637188279460306,0.15672691243042683,0.8656434768431709,0.01,1.0,,,
28900,3.048828125,0.0,3.048828125,9.967707212055977e-05,4.9838536060279885e-05,96909.6613339783,15.152447488,0.10049933641307882,0.22509570990908334,0.8642783301544879,0.01,1.0,,,
28910,3.0458984375,0.0,3.0458984375,9.956942949407966e-05,4.978471474703983e-05,96908.54981945003,15.157690368,0.09135722884666918,0.19033918732947794,0.8629143598876325,0.01,1.0,,,
28920,3.0224609375,0.0,3.0224609375,9.946178686759959e-05,4.9730893433799795e-05,96909.14103487621,15.162933248,0.09843149033341793,0.1436471550736843,0.8615515669670661,0.01,1.0,,,
28930,3.1279296875,0.0,3.1279296875,9.935414424111948e-05,4.967707212055974e-05,96907.88858420908,15.168176128,0.10429783850351614,0.24960422179954309,0.8601899523164485,0.01,1.0,,,
28940,3.0654296875,0.0,3.0654296875,9.924650161463942e-05,4.962325080731971e-05,96908.28770733635,15.173419008,0.10281934185439928,0.3038194533632198,0.8588295168586444,0.01,1.0,,,
28950,2.4990234375,0.0,2.4990234375,9.913885898815931e-05,4.956942949407966e-05,96908.45691738249,15.178661888,0.10344993249637108,0.15172618237408964,0.8574702615157168,0.01,1.0,,,
28960,3.150390625,0.0,3.150390625,9.903121636167925e-05,4.951560818083962e-05,96908.70557003343,15.183904768,0.10120459518541566,0.139620423905587,0.8561121872089292,0.01,1.0,,,
28970,2.4130859375,0.0,2.4130859375,9.892357373519914e-05,4.946178686759957e-05,96906.60137819579,15.189147648,0.0942973863160053,0.16753756399606523,0.8547552948587445,0.01,1.0,,,
28980,2.525390625,0.0,2.525390625,9.881593110871908e-05,4.940796555435954e-05,96906.82042376618,15.194390528,0.11394696959419687,0.18437267957399806,0.8533995853848257,0.01,1.0,,,
28990,2.326171875,0.0,2.326171875,9.870828848223897e-05,4.9354144241119485e-05,96907.04798708478,15.199633408,0.10575114543509347,0.2201469662447603,0.8520450597060343,0.01,1.0,,,
29000,3.18359375,0.0,3.18359375,9.86006458557589e-05,4.930032292787945e-05,96904.34327213606,15.204876288,0.0930312363990033,0.16448086596197378,0.8506917187404275,0.01,1.0,,,
29000,,,,,,,,,,,,,0.0,0.0,0.0
29010,2.36376953125,0.0,2.36376953125,9.849300322927879e-05,4.9246501614639395e-05,96897.40943052674,15.210119168,0.09837011366921057,0.17573905548460256,0.8493395634052607,0.01,1.0,,,
29020,3.0419921875,0.0,3.0419921875,9.838536060279872e-05,4.919268030139936e-05,96897.32636019279,15.215362048,0.10041583023482492,0.1805812516748259,0.8479885946169847,0.01,1.0,,,
29030,3.150390625,0.0,3.150390625,9.827771797631861e-05,4.9138858988159305e-05,96896.5173723803,15.220604928,0.09578799866009699,0.16772089834697088,0.846638813291249,0.01,1.0,,,
29040,3.150390625,0.0,3.150390625,9.817007534983855e-05,4.908503767491928e-05,96897.12521376814,15.225847808,0.09091266587939416,0.1703666731961533,0.845290220342894,0.01,1.0,,,
29050,1.71142578125,0.0,1.71142578125,9.806243272335844e-05,4.903121636167922e-05,96897.38204130981,15.231090688,0.11548406685636449,0.19755945913993173,0.843942816685959,0.01,1.0,,,
29060,1.59375,0.0,1.59375,9.795479009687838e-05,4.897739504843919e-05,96897.60839835812,15.236333568,0.095875023996019,0.2201858552894633,0.8425966032336738,0.01,1.0,,,
29070,3.234375,0.0,3.234375,9.784714747039827e-05,4.892357373519913e-05,96898.22140526141,15.241576448,0.09499649562150742,0.1624221552591927,0.8412515808984633,0.01,1.0,,,
29080,3.046875,0.0,3.046875,9.773950484391821e-05,4.8869752421959105e-05,96897.29010049911,15.246819328,0.0922634264004629,0.24298985427727593,0.8399077505919443,0.01,1.0,,,
29090,3.1455078125,0.0,3.1455078125,9.76318622174381e-05,4.881593110871905e-05,96897.08232413464,15.252062208,0.10315930365882699,0.1341047278198914,0.8385651132249263,0.01,1.0,,,
29100,3.05859375,0.0,3.05859375,9.752421959095803e-05,4.8762109795479015e-05,96897.21475614316,15.257305088,0.09499406773884733,0.17378049526805292,0.8372236697074098,0.01,1.0,,,
29110,3.1494140625,0.0,3.1494140625,9.741657696447792e-05,4.870828848223896e-05,96897.33269761871,15.262547968,0.10865600688706645,0.185439273184603,0.8358834209485877,0.01,1.0,,,
29120,2.7080078125,0.0,2.7080078125,9.730893433799786e-05,4.865446716899893e-05,96897.80238922511,15.267790848,0.09267242395526573,0.12158896549083276,0.8345443678568392,0.01,1.0,,,
29130,2.5732421875,0.0,2.5732421875,9.720129171151775e-05,4.860064585575888e-05,96897.22084922856,15.273033728,0.09292985888117622,0.13137692138688406,0.8332065113397376,0.01,1.0,,,
29140,2.37451171875,0.0,2.37451171875,9.709364908503769e-05,4.854682454251884e-05,96895.89044171065,15.278276608,0.1071174496562172,0.17562290585529347,0.831869852304042,0.01,1.0,,,
29150,3.0615234375,0.0,3.0615234375,9.698600645855758e-05,4.849300322927879e-05,96896.03888002441,15.283519488,0.08978897310732203,0.12258528794897905,0.8305343916557024,0.01,1.0,,,
29160,3.0224609375,0.0,3.0224609375,9.68783638320775e-05,4.843918191603875e-05,96896.49523010869,15.288762368,0.09412823499580124,0.13729130819043292,0.8292001302998544,0.01,1.0,,,
29170,2.9912109375,0.0,2.9912109375,9.677072120559741e-05,4.8385360602798705e-05,96896.43623098871,15.294005248,0.09609500980518104,0.12765186819490942,0.8278670691408232,0.01,1.0,,,
29180,3.0849609375,0.0,3.0849609375,9.666307857911734e-05,4.833153928955867e-05,96894.66344040592,15.299248128,0.09116844570543375,0.14878683453796174,0.8265352090821161,0.01,1.0,,,
29190,1.9619140625,0.0,1.9619140625,9.655543595263723e-05,4.8277717976318615e-05,96894.75130659355,15.304491008,0.13290772040614157,0.16788788368794655,0.8252045510264319,0.01,1.0,,,
29200,2.974609375,0.0,2.974609375,9.644779332615716e-05,4.822389666307858e-05,96895.13415937359,15.309733888,0.09452597074370359,0.12433298154839524,0.8238750958756504,0.01,1.0,,,
29210,3.1083984375,0.0,3.1083984375,9.634015069967705e-05,4.8170075349838525e-05,96894.70393719686,15.314976768,0.0947924051833808,0.2017253752675473,0.8225468445308384,0.01,1.0,,,
29220,3.181640625,0.0,3.181640625,9.6232508073197e-05,4.81162540365985e-05,96895.29581328579,15.320219648,0.09788614555331623,0.18899887045308897,0.8212197978922477,0.01,1.0,,,
29230,3.080078125,0.0,3.080078125,9.612486544671689e-05,4.806243272335844e-05,96895.67187025976,15.325462528,0.10277818979507604,0.15868560638219104,0.8198939568593091,0.01,1.0,,,
29240,3.154296875,0.0,3.154296875,9.601722282023682e-05,4.800861141011841e-05,96895.76474837898,15.330705408,0.09275913869348598,0.16284756353456997,0.8185693223306414,0.01,1.0,,,
29250,3.146484375,0.0,3.146484375,9.590958019375676e-05,4.795479009687838e-05,96895.47742174784,15.335948288,0.10525343008213722,0.16048567267416564,0.817245895204042,0.01,1.0,,,
29260,3.2568359375,0.0,3.2568359375,9.580193756727665e-05,4.7900968783638325e-05,96894.63886795592,15.341191168,0.09325449543103766,0.26845239643020385,0.8159236763764928,0.01,1.0,,,
29270,3.16015625,0.0,3.16015625,9.569429494079658e-05,4.784714747039829e-05,96894.38652207851,15.346434048,0.0971737039693582,0.3208758499898668,0.8146026667441548,0.01,1.0,,,
29280,3.025390625,0.0,3.025390625,9.558665231431647e-05,4.7793326157158235e-05,96894.59121497869,15.351676928,0.09263700473048703,0.17380617543371596,0.81328286720237,0.01,1.0,,,
29290,3.04296875,0.0,3.04296875,9.54790096878364e-05,4.77395048439182e-05,96895.14018635474,15.356919808,0.09122266461977649,0.19975942413943404,0.8119642786456596,0.01,1.0,,,
29300,2.248046875,0.0,2.248046875,9.53713670613563e-05,4.768568353067815e-05,96894.58709400975,15.362162688,0.10954043739550773,0.14905825617279037,0.8106469019677263,0.01,1.0,,,
29310,1.720703125,0.0,1.720703125,9.526372443487624e-05,4.763186221743812e-05,96893.38939497016,15.367405568,0.12005297207982125,0.15938693295128387,0.8093307380614478,0.01,1.0,,,
29320,2.29638671875,0.0,2.29638671875,9.515608180839613e-05,4.757804090419806e-05,96894.00451193655,15.372648448,0.09844908386419472,0.17481360528082476,0.8080157878188838,0.01,1.0,,,
29330,3.1201171875,0.0,3.1201171875,9.504843918191606e-05,4.752421959095803e-05,96894.56149366607,15.377891328,0.09672214400474792,0.17376002125973303,0.8067020521312687,0.01,1.0,,,
29340,3.1650390625,0.0,3.1650390625,9.494079655543595e-05,4.747039827771797e-05,96894.63383873721,15.383134208,0.10196316579603845,0.2196056979637471,0.8053895318890141,0.01,1.0,,,
29350,3.068359375,0.0,3.068359375,9.483315392895589e-05,4.7416576964477945e-05,96893.46782978022,15.388377088,0.09385804027129963,0.14354931137650667,0.804078227981708,0.01,1.0,,,
29360,3.052734375,0.0,3.052734375,9.472551130247578e-05,4.736275565123789e-05,96893.56813722815,15.393619968,0.09431039477969906,0.16442788591079974,0.8027681412981151,0.01,1.0,,,
29370,3.0498046875,0.0,3.0498046875,9.461786867599571e-05,4.7308934337997855e-05,96891.77549844763,15.398862848,0.09477727732066062,0.15988130751580154,0.8014592727261729,0.01,1.0,,,
29380,2.35595703125,0.0,2.35595703125,9.45102260495156e-05,4.72551130247578e-05,96891.53812376005,15.404105728,0.11014449747919791,0.18056702106423453,0.8001516231529964,0.01,1.0,,,
29390,1.74609375,0.0,1.74609375,9.440258342303555e-05,4.720129171151777e-05,96891.73584606874,15.409348608,0.11408695823030013,0.16573302744681023,0.798845193464871,0.01,1.0,,,
29400,3.044921875,0.0,3.044921875,9.429494079655544e-05,4.714747039827772e-05,96892.3198972582,15.414591488,0.09526670257199,0.11968374462896902,0.7975399845472579,0.01,1.0,,,
29410,3.064453125,0.0,3.064453125,9.418729817007537e-05,4.709364908503768e-05,96891.09679992143,15.419834368,0.09231135261437588,0.13359953431617866,0.7962359972847883,0.01,1.0,,,
29420,2.97265625,0.0,2.97265625,9.407965554359526e-05,4.703982777179763e-05,96891.68596387957,15.425077248,0.09204228163569712,0.12865777792074068,0.7949332325612681,0.01,1.0,,,
29430,2.4794921875,0.0,2.4794921875,9.397201291711519e-05,4.698600645855759e-05,96891.55154982425,15.430320128,0.11252328813390487,0.21876268764599144,0.7936316912596744,0.01,1.0,,,
29440,3.1689453125,0.0,3.1689453125,9.386437029063509e-05,4.6932185145317545e-05,96889.4560464227,15.435563008,0.09562320278968812,0.13322351040377017,0.7923313742621525,0.01,1.0,,,
29450,3.0458984375,0.0,3.0458984375,9.375672766415502e-05,4.687836383207751e-05,96889.9879324444,15.440805888,0.09914351000885417,0.30869061950159,0.7910322824500207,0.01,1.0,,,
29460,3.1962890625,0.0,3.1962890625,9.364908503767491e-05,4.6824542518837455e-05,96889.3379527615,15.446048768,0.09176617512652724,0.1618590952754819,0.7897344167037641,0.01,1.0,,,
29470,3.0078125,0.0,3.0078125,9.354144241119484e-05,4.677072120559742e-05,96889.64903056389,15.451291648,0.09326540957050077,0.2148725283808422,0.7884377779030407,0.01,1.0,,,
29480,3.1640625,0.0,3.1640625,9.343379978471473e-05,4.6716899892357366e-05,96889.31658044158,15.456534528,0.09753706026648207,0.22697289567918136,0.787142366926673,0.01,1.0,,,
29490,3.0810546875,0.0,3.0810546875,9.332615715823468e-05,4.666307857911734e-05,96889.43261408764,15.461777408,0.0929369591277178,0.1463307989275841,0.7858481846526539,0.01,1.0,,,
29500,1.62841796875,0.0,1.62841796875,9.321851453175457e-05,4.660925726587728e-05,96887.47937037815,15.467020288,0.09091719260981294,0.261464336685405,0.7845552319581428,0.01,1.0,,,
29500,,,,,,,,,,,,,0.0,0.0,0.0
29510,2.9599609375,0.0,2.9599609375,9.31108719052745e-05,4.655543595263725e-05,96887.56840943477,15.472263168,0.09031465611628302,0.17895999440792765,0.7832635097194651,0.01,1.0,,,
29520,1.46435546875,0.0,1.46435546875,9.300322927879439e-05,4.650161463939719e-05,96887.85917152246,15.477506048,0.104009120244607,0.1813992601187162,0.7819730188121117,0.01,1.0,,,
29530,3.1552734375,0.0,3.1552734375,9.289558665231433e-05,4.6447793326157165e-05,96888.20548078258,15.482748928,0.09125549757710158,0.12351873108745046,0.7806837601107419,0.01,1.0,,,
29540,1.64599609375,0.0,1.64599609375,9.278794402583422e-05,4.639397201291711e-05,96888.43590940173,15.487991808,0.10208126737085564,0.1491259333359809,0.7793957344891762,0.01,1.0,,,
29550,3.0234375,0.0,3.0234375,9.268030139935415e-05,4.6340150699677076e-05,96888.3721328583,15.493234688,0.09378011325172526,0.15815118693605723,0.7781089428204022,0.01,1.0,,,
29560,2.51220703125,0.0,2.51220703125,9.257265877287404e-05,4.628632938643702e-05,96888.33390129067,15.498477568,0.09647471444394067,0.15915254535961665,0.7768233859765696,0.01,1.0,,,
29570,3.046875,0.0,3.046875,9.246501614639399e-05,4.623250807319699e-05,96885.51956046312,15.503720448,0.09291781808153055,0.16908705877826596,0.7755390648289915,0.01,1.0,,,
29580,3.1201171875,0.0,3.1201171875,9.235737351991388e-05,4.617868675995694e-05,96884.9427995283,15.508963328,0.09822914837272777,0.1729469221835194,0.774255980248143,0.01,1.0,,,
29590,2.521484375,0.0,2.521484375,9.22497308934338e-05,4.61248654467169e-05,96884.81667843668,15.514206208,0.09907315940816788,0.14317081367507928,0.7729741331036626,0.01,1.0,,,
29600,3.0048828125,0.0,3.0048828125,9.21420882669537e-05,4.607104413347685e-05,96881.68438856301,15.519449088,0.09238726288947108,0.16650614082816384,0.7716935242643481,0.01,1.0,,,
29610,3.0478515625,0.0,3.0478515625,9.203444564047363e-05,4.601722282023681e-05,96882.26929683359,15.524691968,0.09073716080222488,0.13957299671683482,0.7704141545981611,0.01,1.0,,,
29620,2.955078125,0.0,2.955078125,9.192680301399357e-05,4.5963401506996785e-05,96882.8813485738,15.529934848,0.0935739948231115,0.14830291685960997,0.7691360249722181,0.01,1.0,,,
29630,3.203125,0.0,3.203125,9.181916038751346e-05,4.590958019375673e-05,96883.48375159552,15.535177728,0.11717473550565395,0.2241269386990433,0.7678591362528009,0.01,1.0,,,
29640,3.1748046875,0.0,3.1748046875,9.171151776103339e-05,4.5855758880516696e-05,96884.08870013675,15.540420608,0.10790317705640144,0.1600295479492187,0.766583489305346,0.01,1.0,,,
29650,2.765625,0.0,2.765625,9.160387513455328e-05,4.580193756727664e-05,96883.50629620739,15.545663488,0.09275412123259262,0.1256925839757068,0.7653090849944508,0.01,1.0,,,
29660,3.142578125,0.0,3.142578125,9.149623250807323e-05,4.574811625403661e-05,96884.1090489258,15.550906368,0.0914555229087127,0.1440210321112682,0.7640359241838708,0.01,1.0,,,
29670,3.0703125,0.0,3.0703125,9.138858988159312e-05,4.569429494079656e-05,96883.78299017294,15.556149248,0.09375509515402773,0.11035467099659318,0.7627640077365148,0.01,1.0,,,
29680,3.14453125,0.0,3.14453125,9.128094725511305e-05,4.564047362755652e-05,96884.38084525624,15.561392128,0.09251599138438844,0.1286064107994704,0.761493336514453,0.01,1.0,,,
29690,3.1513671875,0.0,3.1513671875,9.117330462863294e-05,4.558665231431647e-05,96883.75955381601,15.566635008,0.09754036813347121,0.18932327715310182,0.760223911378908,0.01,1.0,,,
29700,2.4521484375,0.0,2.4521484375,9.106566200215288e-05,4.553283100107644e-05,96884.33038844231,15.571877888,0.1120641923216883,0.14896135809211766,0.7589557331902608,0.01,1.0,,,
29710,3.0693359375,0.0,3.0693359375,9.095801937567277e-05,4.5479009687836385e-05,96884.35554359895,15.577120768,0.0989350746304323,0.20623330683537325,0.7576888028080444,0.01,1.0,,,
29720,1.83349609375,0.0,1.83349609375,9.08503767491927e-05,4.542518837459635e-05,96884.9508886622,15.582363648,0.32609889863830827,0.37123211058004424,0.7564231210909498,0.01,1.0,,,
29730,3.07421875,0.0,3.07421875,9.074273412271259e-05,4.5371367061356296e-05,96880.87776106354,15.587606528,0.09757384206350787,0.12227249980263477,0.7551586888968165,0.01,1.0,,,
29740,3.0830078125,0.0,3.0830078125,9.063509149623252e-05,4.531754574811626e-05,96880.16741966657,15.592849408,0.09205527344232108,0.1430512815250619,0.7538955070826416,0.01,1.0,,,
29750,3.103515625,0.0,3.103515625,9.052744886975241e-05,4.5263724434876206e-05,96877.42926051747,15.598092288,0.10700413371315116,0.1989952131087201,0.7526335765045726,0.01,1.0,,,
29760,2.4951171875,0.0,2.4951171875,9.041980624327236e-05,4.520990312163618e-05,96877.37336854986,15.603335168,0.10874631609990133,0.19173901271710952,0.75137289801791,0.01,1.0,,,
29770,1.568359375,0.0,1.568359375,9.031216361679225e-05,4.515608180839612e-05,96877.95255446101,15.608578048,0.09074424506232816,0.15425313352440673,0.7501134724771048,0.01,1.0,,,
29780,2.44140625,0.0,2.44140625,9.020452099031218e-05,4.510226049515609e-05,96877.05586990045,15.613820928,0.555190753957171,0.5365723756785884,0.7488553007357592,0.01,1.0,,,
29790,1.583984375,0.0,1.583984375,9.009687836383207e-05,4.504843918191603e-05,96874.89517376527,15.619063808,0.10100255067520615,0.168086558942113,0.7475983836466247,0.01,1.0,,,
29800,3.044921875,0.0,3.044921875,8.998923573735201e-05,4.4994617868676005e-05,96875.49716419949,15.624306688,0.09374190633740062,0.14642017807104463,0.7463427220616048,0.01,1.0,,,
29810,3.0791015625,0.0,3.0791015625,8.98815931108719e-05,4.494079655543595e-05,96876.09294028766,15.629549568,0.09109598940270922,0.15852394751411825,0.745088316831749,0.01,1.0,,,
29820,3.05078125,0.0,3.05078125,8.977395048439183e-05,4.4886975242195916e-05,96876.04275578205,15.634792448,0.09762326652483645,0.17213335018642012,0.7438351688072582,0.01,1.0,,,
29830,2.4619140625,0.0,2.4619140625,8.966630785791172e-05,4.483315392895586e-05,96875.63792504637,15.640035328,0.11333688495752259,0.14660290966002,0.7425832788374791,0.01,1.0,,,
29840,3.013671875,0.0,3.013671875,8.955866523143167e-05,4.477933261571583e-05,96876.22775777215,15.645278208,0.091986897751371,0.1277503438821449,0.7413326477709066,0.01,1.0,,,
29850,3.0654296875,0.0,3.0654296875,8.945102260495156e-05,4.472551130247578e-05,96876.82737637784,15.650521088,0.1087881990263241,0.18362148898694836,0.7400832764551812,0.01,1.0,,,
29860,2.7529296875,0.0,2.7529296875,8.934337997847149e-05,4.467168998923574e-05,96877.05086570897,15.655763968,0.09098028788869318,0.16523229475942391,0.7388351657370917,0.01,1.0,,,
29870,2.45166015625,0.0,2.45166015625,8.923573735199138e-05,4.461786867599569e-05,96877.25938045315,15.661006848,0.09597669800630415,0.1171028610553802,0.7375883164625714,0.01,1.0,,,
29880,3.078125,0.0,3.078125,8.912809472551131e-05,4.4564047362755654e-05,96877.34704072445,15.666249728,0.09084146932536663,0.12242516751268351,0.7363427294766984,0.01,1.0,,,
29890,2.490234375,0.0,2.490234375,8.902045209903121e-05,4.4510226049515605e-05,96877.00727579188,15.671492608,0.10179705589970028,0.2018222943325019,0.7350984056236953,0.01,1.0,,,
29900,2.49609375,0.0,2.49609375,8.891280947255114e-05,4.445640473627557e-05,96876.41478878241,15.676735488,0.10987698939789137,0.14558855048138467,0.7338553457469279,0.01,1.0,,,
29910,2.4521484375,0.0,2.4521484375,8.880516684607103e-05,4.4402583423035516e-05,96876.39652906821,15.681978368,0.10618537657211692,0.13396256091820397,0.732613550688908,0.01,1.0,,,
29920,3.041015625,0.0,3.041015625,8.869752421959096e-05,4.434876210979548e-05,96874.24645252957,15.687221248,0.08977959690143746,0.17795464903889882,0.7313730212912863,0.01,1.0,,,
29930,3.048828125,0.0,3.048828125,8.858988159311085e-05,4.4294940796555426e-05,96874.5369138947,15.692464128,0.0941809701732742,0.16472255142567854,0.7301337583948593,0.01,1.0,,,
29940,3.1181640625,0.0,3.1181640625,8.84822389666308e-05,4.42411194833154e-05,96874.78783525253,15.697707008,0.09404955601173624,0.12103531809733047,0.7288957628395631,0.01,1.0,,,
29950,3.0458984375,0.0,3.0458984375,8.837459634015069e-05,4.418729817007534e-05,96875.27661211074,15.702949888,0.09863273777170872,0.14032043849305867,0.7276590354644745,0.01,1.0,,,
29960,3.0771484375,0.0,3.0771484375,8.826695371367062e-05,4.413347685683531e-05,96875.87536056954,15.708192768,0.09514537314705658,0.1410096542309412,0.7264235771078116,0.01,1.0,,,
29970,3.03515625,0.0,3.03515625,8.815931108719051e-05,4.4079655543595253e-05,96876.4758487192,15.713435648,0.0989706783322463,0.21428922103056217,0.7251893886069327,0.01,1.0,,,
29980,1.52587890625,0.0,1.52587890625,8.805166846071045e-05,4.4025834230355226e-05,96877.00810980327,15.718678528,0.10737842286164334,0.21871573054349272,0.7239564707983346,0.01,1.0,,,
29990,3.09765625,0.0,3.09765625,8.794402583423038e-05,4.397201291711519e-05,96877.48035645067,15.723921408,0.09304839253461335,0.2088187320486529,0.7227248245176539,0.01,1.0,,,
30000,2.9296875,0.0,2.9296875,8.783638320775027e-05,4.3918191603875136e-05,96878.08954714538,15.729164288,0.09275164086998898,0.19201239886147956,0.7214944505996645,0.01,1.0,,,
30000,,,,,,,,,,,,,0.0,0.0,0.0
30010,3.0771484375,0.0,3.0771484375,8.77287405812702e-05,4.38643702906351e-05,96873.50383556307,15.734407168,0.09748453289951037,0.19954407234024957,0.7202653498782776,0.01,1.0,,,
30020,3.103515625,0.0,3.103515625,8.762109795479009e-05,4.3810548977395046e-05,96873.58142807169,15.739650048,0.09320655773644843,0.14035025733822115,0.719037523186542,0.01,1.0,,,
30030,1.81591796875,0.0,1.81591796875,8.751345532831004e-05,4.375672766415502e-05,96874.17436036111,15.744892928,0.10753657808716743,0.1211675274632967,0.7178109713566441,0.01,1.0,,,
30040,3.1943359375,0.0,3.1943359375,8.740581270182993e-05,4.370290635091496e-05,96874.771709113,15.750135808,0.09351456260982709,0.12419203171985155,0.7165856952199037,0.01,1.0,,,
30050,3.1630859375,0.0,3.1630859375,8.729817007534986e-05,4.364908503767493e-05,96874.56642220228,15.755378688,0.09109953275691872,0.1433179055159283,0.7153616956067799,0.01,1.0,,,
30060,3.0810546875,0.0,3.0810546875,8.719052744886975e-05,4.3595263724434874e-05,96875.1515312854,15.760621568,0.09173078585004803,0.15433637299262604,0.714138973346861,0.01,1.0,,,
30070,3.068359375,0.0,3.068359375,8.708288482238969e-05,4.3541442411194846e-05,96875.75642523583,15.765864448,0.09600414896319732,0.16158891647210957,0.7129175292688741,0.01,1.0,,,
30080,3.1650390625,0.0,3.1650390625,8.697524219590958e-05,4.348762109795479e-05,96875.15582961126,15.771107328,0.09164785822489638,0.1710385818113863,0.7116973642006794,0.01,1.0,,,
30090,2.60546875,0.0,2.60546875,8.686759956942951e-05,4.3433799784714756e-05,96875.4233857824,15.776350208,0.10739806644108234,0.18370530815672165,0.7104784789692682,0.01,1.0,,,
30100,3.1142578125,0.0,3.1142578125,8.67599569429494e-05,4.33799784714747e-05,96876.01594990217,15.781593088,0.09301484931838506,0.1435007248212221,0.7092608744007665,0.01,1.0,,,
30110,2.4716796875,0.0,2.4716796875,8.665231431646935e-05,4.332615715823467e-05,96876.60378840324,15.786835968,0.10005565338698581,0.1500725533184438,0.7080445513204312,0.01,1.0,,,
30120,1.76416015625,0.0,1.76416015625,8.654467168998924e-05,4.327233584499462e-05,96876.96942486608,15.792078848,0.11598910086652209,0.18095921357830191,0.7068295105526505,0.01,1.0,,,
30130,1.8203125,0.0,1.8203125,8.643702906350917e-05,4.3218514531754583e-05,96876.64979061518,15.797321728,0.11625076741054816,0.19371809911325852,0.7056157529209433,0.01,1.0,,,
30140,3.0185546875,0.0,3.0185546875,8.632938643702906e-05,4.316469321851453e-05,96877.2467706651,15.802564608,0.10301938282479019,0.1551481848315444,0.7044032792479604,0.01,1.0,,,
30150,1.57763671875,0.0,1.57763671875,8.622174381054899e-05,4.3110871905274494e-05,96877.85156489516,15.807807488,0.09679812348752999,0.15184044105798794,0.7031920903554805,0.01,1.0,,,
30160,3.2236328125,0.0,3.2236328125,8.611410118406889e-05,4.3057050592034446e-05,96878.44821498774,15.813050368,0.09472015770054486,0.1398708257401577,0.7019821870644136,0.01,1.0,,,
30170,3.005859375,0.0,3.005859375,8.600645855758882e-05,4.300322927879441e-05,96878.86501669785,15.818293248,0.09609135999656368,0.14445100495762292,0.7007735701947948,0.01,1.0,,,
30180,3.1708984375,0.0,3.1708984375,8.589881593110871e-05,4.2949407965554356e-05,96879.45794086182,15.823536128,0.16326260886315633,0.3428592344365369,0.6995662405657916,0.01,1.0,,,
30190,3.19921875,0.0,3.19921875,8.579117330462864e-05,4.289558665231432e-05,96879.07246769429,15.828779008,0.09888108032592816,0.2246444854740311,0.6983601989956959,0.01,1.0,,,
30200,3.0595703125,0.0,3.0595703125,8.568353067814853e-05,4.2841765339074266e-05,96879.65915772824,15.834021888,0.0917603579362483,0.14641182126168586,0.6971554463019287,0.01,1.0,,,
30210,3.0322265625,0.0,3.0322265625,8.557588805166848e-05,4.278794402583424e-05,96880.25774214129,15.839264768,0.09267314074354864,0.17773211236500555,0.6959519833010359,0.01,1.0,,,
30220,2.4951171875,0.0,2.4951171875,8.546824542518837e-05,4.273412271259418e-05,96880.84767396041,15.844507648,0.10272900301820598,0.2507489031873132,0.6947498108086897,0.01,1.0,,,
30230,3.3408203125,0.0,3.3408203125,8.53606027987083e-05,4.268030139935415e-05,96880.53427254318,15.849750528,0.1281567866876373,0.234501016096104,0.6935489296396875,0.01,1.0,,,
30240,3.1962890625,0.0,3.1962890625,8.525296017222819e-05,4.2626480086114094e-05,96880.9158505526,15.854993408,0.09305220907188823,0.1413213759144843,0.6923493406079524,0.01,1.0,,,
30250,3.177734375,0.0,3.177734375,8.514531754574813e-05,4.2572658772874066e-05,96880.59661124562,15.860236288,0.0958177815580193,0.13819440397969335,0.6911510445265305,0.01,1.0,,,
30260,1.83837890625,0.0,1.83837890625,8.503767491926802e-05,4.251883745963401e-05,96879.97224461498,15.865479168,0.10732069539459005,0.1673897259089948,0.6899540422075929,0.01,1.0,,,
30270,3.1025390625,0.0,3.1025390625,8.493003229278795e-05,4.2465016146393976e-05,96880.21107250903,15.870722048,0.14997809328421305,0.22681308997674887,0.6887583344624326,0.01,1.0,,,
30280,2.59228515625,0.0,2.59228515625,8.482238966630784e-05,4.241119483315392e-05,96878.41396392051,15.875964928,0.11813517074824569,0.1577302964537469,0.6875639221014658,0.01,1.0,,,
30290,1.5888671875,0.0,1.5888671875,8.471474703982779e-05,4.235737351991389e-05,96878.48624331305,15.881207808,0.09121844384023486,0.180217255652276,0.6863708059342295,0.01,1.0,,,
30300,3.111328125,0.0,3.111328125,8.460710441334768e-05,4.230355220667384e-05,96879.08749752263,15.886450688,0.0934918186026159,0.15298600102257942,0.6851789867693845,0.01,1.0,,,
30310,2.5185546875,0.0,2.5185546875,8.449946178686761e-05,4.2249730893433804e-05,96879.6888886738,15.891693568,0.08828915501956182,0.14208118286908727,0.6839884654147115,0.01,1.0,,,
30320,1.2919921875,0.0,1.2919921875,8.43918191603875e-05,4.219590958019375e-05,96880.27291226368,15.896936448,0.0829409072435375,0.16982575892399054,0.6827992426771106,0.01,1.0,,,
30330,3.08642578125,0.0,3.08642578125,8.428417653390743e-05,4.2142088266953714e-05,96880.8631310142,15.902179328,0.09087100777501221,0.13377568469182302,0.681611319362603,0.01,1.0,,,
30340,2.4609375,0.0,2.4609375,8.417653390742732e-05,4.208826695371366e-05,96881.15944373417,15.907422208,0.10137141117885008,0.15695899265236354,0.6804246962763275,0.01,1.0,,,
30350,3.0322265625,0.0,3.0322265625,8.406889128094726e-05,4.203444564047363e-05,96881.75001224605,15.912665088,0.0933919913642027,0.14427351548279388,0.6792393742225444,0.01,1.0,,,
30360,2.6640625,0.0,2.6640625,8.396124865446719e-05,4.1980624327233596e-05,96881.82991763826,15.917907968,0.1130875676661165,0.17027280937443479,0.6780553540046297,0.01,1.0,,,
30370,3.1884765625,0.0,3.1884765625,8.385360602798708e-05,4.192680301399354e-05,96880.64662614561,15.923150848,0.09391891730204384,0.13950929334179615,0.6768726364250783,0.01,1.0,,,
30380,2.958984375,0.0,2.958984375,8.374596340150703e-05,4.1872981700753513e-05,96880.89836960455,15.928393728,0.09882710473204942,0.1348326300295468,0.6756912222855023,0.01,1.0,,,
30390,1.75,0.0,1.75,8.363832077502692e-05,4.181916038751346e-05,96881.47719964068,15.933636608,0.11197824925760527,0.14100779049679366,0.6745111123866294,0.01,1.0,,,
30400,3.109375,0.0,3.109375,8.353067814854685e-05,4.1765339074273424e-05,96882.03231250914,15.938879488,0.09354623887858891,0.17692791571697278,0.673332307528303,0.01,1.0,,,
30410,2.48046875,0.0,2.48046875,8.342303552206674e-05,4.171151776103337e-05,96882.0435678302,15.944122368,0.10266375371456445,0.14313094539970178,0.6721548085094846,0.01,1.0,,,
30420,1.266357421875,0.0,1.266357421875,8.331539289558667e-05,4.1657696447793334e-05,96881.39810550603,15.949365248,0.6163867869797829,0.7530101678850002,0.6709786161282476,0.01,1.0,,,
30430,3.11328125,0.0,3.11328125,8.320775026910657e-05,4.1603875134553286e-05,96881.79007599001,15.954608128,0.09261788084420272,0.16121960795779747,0.6698037311817822,0.01,1.0,,,
30440,3.00390625,0.0,3.00390625,8.31001076426265e-05,4.155005382131325e-05,96881.79751198627,15.959851008,0.0933262978472272,0.1546001326744938,0.6686301544663906,0.01,1.0,,,
30450,2.30810546875,0.0,2.30810546875,8.299246501614639e-05,4.1496232508073196e-05,96882.38950019574,15.965093888,0.11370326365916482,0.1664560167452273,0.6674578867774892,0.01,1.0,,,
30460,3.130859375,0.0,3.130859375,8.288482238966632e-05,4.144241119483316e-05,96882.26196225388,15.970336768,0.09506009099737503,0.17249360852778006,0.6662869289096067,0.01,1.0,,,
30470,3.1357421875,0.0,3.1357421875,8.277717976318621e-05,4.1388589881593107e-05,96882.75550326382,15.975579648,0.09074526024238984,0.12343584581469362,0.6651172816563852,0.01,1.0,,,
30480,3.009765625,0.0,3.009765625,8.266953713670616e-05,4.133476856835308e-05,96883.34140402958,15.980822528,0.09081780636274663,0.17582630564827986,0.6639489458105767,0.01,1.0,,,
30490,2.904296875,0.0,2.904296875,8.256189451022605e-05,4.1280947255113024e-05,96883.3176831933,15.986065408,0.11090404797306495,0.1408822414349861,0.6627819221640472,0.01,1.0,,,
30500,1.572265625,0.0,1.572265625,8.245425188374598e-05,4.122712594187299e-05,96883.68748224224,15.991308288,0.08919288361455605,0.1618463926031369,0.6616162115077691,0.01,1.0,,,
30500,,,,,,,,,,,,,0.0,0.0,0.0
30510,1.68408203125,0.0,1.68408203125,8.234660925726587e-05,4.1173304628632934e-05,96883.98888097386,15.996551168,0.08521076682564542,0.17679043101771694,0.6604518146318286,0.01,1.0,,,
30520,1.489013671875,0.0,1.489013671875,8.223896663078581e-05,4.1119483315392906e-05,96884.57190148557,16.001794048,0.12645094508331842,0.296682745711522,0.6592887323254202,0.01,1.0,,,
30530,3.1337890625,0.0,3.1337890625,8.21313240043057e-05,4.106566200215285e-05,96885.15686810164,16.007036928,0.09003209775930568,0.1481751154068931,0.6581269653768467,0.01,1.0,,,
30540,1.61279296875,0.0,1.61279296875,8.202368137782563e-05,4.1011840688912816e-05,96885.74832423203,16.012279808,0.09015847650979696,0.12992280160405065,0.6569665145735212,0.01,1.0,,,
30550,2.7763671875,0.0,2.7763671875,8.191603875134552e-05,4.095801937567276e-05,96886.33700985264,16.017522688,0.08984994843640692,0.19280273767785833,0.6558073807019629,0.01,1.0,,,
30560,1.5361328125,0.0,1.5361328125,8.180839612486547e-05,4.0904198062432733e-05,96885.73116723551,16.022765568,0.08327659174182073,0.15857342858133955,0.6546495645477991,0.01,1.0,,,
30570,2.36962890625,0.0,2.36962890625,8.170075349838536e-05,4.085037674919268e-05,96886.1296525208,16.028008448,0.09291020610672841,0.14163778170913568,0.6534930668957635,0.01,1.0,,,
30580,2.30419921875,0.0,2.30419921875,8.159311087190529e-05,4.0796555435952644e-05,96885.35769338433,16.033251328,0.11143520588766684,0.1569049805476659,0.6523378885296978,0.01,1.0,,,
30590,3.0302734375,0.0,3.0302734375,8.148546824542518e-05,4.074273412271259e-05,96885.94177248461,16.038494208,0.09496892661057325,0.1422276341703481,0.6511840302325471,0.01,1.0,,,
30600,3.123046875,0.0,3.123046875,8.137782561894511e-05,4.0688912809472554e-05,96886.53594381534,16.043737088,0.10431550010245032,0.15528603023975393,0.6500314927863653,0.01,1.0,,,
30610,3.033203125,0.0,3.033203125,8.1270182992465e-05,4.06350914962325e-05,96887.04447109162,16.048979968,0.08938657403175516,0.1860209344901804,0.6488802769723063,0.01,1.0,,,
30620,3.134765625,0.0,3.134765625,8.116254036598494e-05,4.058127018299247e-05,96887.51423282601,16.054222848,0.09702912449619208,0.16617149813437723,0.6477303835706326,0.01,1.0,,,
30630,1.5849609375,0.0,1.5849609375,8.105489773950483e-05,4.0527448869752416e-05,96888.09741628905,16.059465728,0.10984481953704574,0.1486974893399927,0.6465818133607072,0.01,1.0,,,
30640,1.958984375,0.0,1.958984375,8.094725511302476e-05,4.047362755651238e-05,96887.46662518974,16.064708608,0.10172073960813706,0.14975537552312737,0.6454345671209991,0.01,1.0,,,
30650,3.0791015625,0.0,3.0791015625,8.083961248654465e-05,4.0419806243272327e-05,96887.76579683684,16.069951488,0.0896873453712885,0.1393503568617214,0.6442886456290773,0.01,1.0,,,
30660,3.0986328125,0.0,3.0986328125,8.07319698600646e-05,4.03659849300323e-05,96888.3477042755,16.075194368,0.09972876427235415,0.16701214633206513,0.6431440496616158,0.01,1.0,,,
30670,3.2119140625,0.0,3.2119140625,8.062432723358449e-05,4.0312163616792244e-05,96888.93127426111,16.080437248,0.0969961156661105,0.14444896415587313,0.6420007799943865,0.01,1.0,,,
30680,1.8642578125,0.0,1.8642578125,8.051668460710442e-05,4.025834230355221e-05,96889.5037155607,16.085680128,0.12561740127292018,0.13602873468074747,0.640858837402266,0.01,1.0,,,
30690,1.6240234375,0.0,1.6240234375,8.040904198062431e-05,4.0204520990312154e-05,96890.0818720425,16.090923008,0.09330945684722992,0.14193200061638978,0.6397182226592287,0.01,1.0,,,
30700,3.0166015625,0.0,3.0166015625,8.030139935414425e-05,4.0150699677072126e-05,96890.08491503054,16.096165888,0.09384134141023032,0.14061691718516206,0.6385789365383514,0.01,1.0,,,
30710,3.1572265625,0.0,3.1572265625,8.019375672766414e-05,4.009687836383207e-05,96890.25879219452,16.101408768,0.09989239320370917,0.16594478612023916,0.6374409798118088,0.01,1.0,,,
30720,2.966796875,0.0,2.966796875,8.008611410118407e-05,4.0043057050592036e-05,96890.76312809442,16.106651648,0.10167363680488885,0.13000403269367056,0.6363043532508748,0.01,1.0,,,
30730,2.5322265625,0.0,2.5322265625,7.9978471474704e-05,3.9989235737352e-05,96891.33941969612,16.111894528,0.10317776345702102,0.1341447696497624,0.6351690576259214,0.01,1.0,,,
30740,3.1875,0.0,3.1875,7.98708288482239e-05,3.993541442411195e-05,96890.75425081217,16.117137408,0.09254116302023316,0.13279289971136887,0.6340350937064194,0.01,1.0,,,
30750,3.111328125,0.0,3.111328125,7.976318622174384e-05,3.988159311087192e-05,96891.3188349798,16.122380288,0.0913348619513211,0.11818836120780593,0.6329024622609377,0.01,1.0,,,
30760,2.24951171875,0.0,2.24951171875,7.965554359526373e-05,3.9827771797631864e-05,96891.18775106446,16.127623168,0.0933872530665692,0.17359322658291865,0.6317711640571402,0.01,1.0,,,
30770,2.044921875,0.0,2.044921875,7.954790096878366e-05,3.977395048439183e-05,96891.7580051271,16.132866048,0.09118638165069659,0.1311950197356397,0.630641199861788,0.01,1.0,,,
30780,3.05078125,0.0,3.05078125,7.944025834230355e-05,3.9720129171151774e-05,96891.66063150782,16.138108928,0.09832191512264121,0.29210331127485917,0.6295125704407376,0.01,1.0,,,
30790,1.865234375,0.0,1.865234375,7.933261571582349e-05,3.9666307857911746e-05,96892.11513493005,16.143351808,0.1347945574590481,0.37744705599813977,0.6283852765589427,0.01,1.0,,,
30800,1.5302734375,0.0,1.5302734375,7.922497308934338e-05,3.961248654467169e-05,96892.69093596288,16.148594688,0.13497145089351634,0.19326590310409486,0.6272593189804488,0.01,1.0,,,
30810,2.6953125,0.0,2.6953125,7.911733046286331e-05,3.955866523143166e-05,96892.74893356192,16.153837568,0.09476729263130146,0.20788762293506657,0.6261346984683986,0.01,1.0,,,
30820,1.2490234375,0.0,1.2490234375,7.90096878363832e-05,3.95048439181916e-05,96893.3167877774,16.159080448,0.09376441881326968,0.14763412790227864,0.6250114157850267,0.01,1.0,,,
30830,3.240234375,0.0,3.240234375,7.890204520990315e-05,3.9451022604951574e-05,96893.90247522868,16.164323328,0.09424775043566033,0.13832408433931914,0.6238894716916616,0.01,1.0,,,
30840,1.72509765625,0.0,1.72509765625,7.879440258342304e-05,3.939720129171152e-05,96894.3893209347,16.169566208,0.10183182789772698,0.1463053791616987,0.6227688669487241,0.01,1.0,,,
30850,1.803466796875,0.0,1.803466796875,7.868675995694297e-05,3.9343379978471484e-05,96894.97380658818,16.174809088,0.10887875763262411,0.1636740085523874,0.6216496023157283,0.01,1.0,,,
30860,3.10546875,0.0,3.10546875,7.857911733046286e-05,3.928955866523143e-05,96895.33221105894,16.180051968,0.10946652327892542,0.19187278645482886,0.6205316785512787,0.01,1.0,,,
30870,2.947265625,0.0,2.947265625,7.847147470398279e-05,3.9235737351991394e-05,96895.6899525452,16.185294848,0.0944795647435086,0.15136479297914943,0.6194150964130724,0.01,1.0,,,
30880,3.00390625,0.0,3.00390625,7.836383207750269e-05,3.9181916038751346e-05,96895.5993311146,16.190537728,0.11215777308705119,0.15521669806140576,0.6182998566578956,0.01,1.0,,,
30890,2.24169921875,0.0,2.24169921875,7.825618945102262e-05,3.912809472551131e-05,96896.16141279363,16.195780608,0.0936224823107192,0.15957497674709137,0.6171859600416261,0.01,1.0,,,
30900,3.0263671875,0.0,3.0263671875,7.814854682454251e-05,3.9074273412271256e-05,96896.4851290093,16.201023488,0.09208415868756471,0.1199110663286575,0.6160734073192299,0.01,1.0,,,
30910,2.34765625,0.0,2.34765625,7.804090419806244e-05,3.902045209903122e-05,96897.06039500178,16.206266368,0.09524579285684996,0.15277455523367983,0.614962199244764,0.01,1.0,,,
30920,2.9677734375,0.0,2.9677734375,7.793326157158233e-05,3.896663078579117e-05,96893.75029784527,16.211509248,0.09308157082650745,0.15441050929633068,0.613852336571372,0.01,1.0,,,
30930,1.88671875,0.0,1.88671875,7.782561894510228e-05,3.891280947255114e-05,96894.06557262504,16.216752128,0.11923446376588549,0.16270996143491365,0.6127438200512876,0.01,1.0,,,
30940,2.361328125,0.0,2.361328125,7.771797631862217e-05,3.8858988159311084e-05,96894.20016625304,16.221995008,0.09156127152648738,0.14986055715025218,0.6116366504358307,0.01,1.0,,,
30950,2.50732421875,0.0,2.50732421875,7.76103336921421e-05,3.880516684607105e-05,96894.31498060373,16.227237888,0.09792776861535209,0.1593329018886612,0.6105308284754084,0.01,1.0,,,
30960,1.71875,0.0,1.71875,7.750269106566199e-05,3.8751345532830994e-05,96893.22087164993,16.232480768,0.11208223955227051,0.1717976349856999,0.6094263549195158,0.01,1.0,,,
30970,1.48779296875,0.0,1.48779296875,7.739504843918193e-05,3.8697524219590966e-05,96893.80918106524,16.237723648,0.08694103726010009,0.1739424853349583,0.6083232305167318,0.01,1.0,,,
30980,3.21484375,0.0,3.21484375,7.728740581270182e-05,3.864370290635091e-05,96893.99452401992,16.242966528,0.0947496536482546,0.19199952525397393,0.6072214560147232,0.01,1.0,,,
30990,3.046875,0.0,3.046875,7.717976318622175e-05,3.858988159311088e-05,96893.59712808988,16.248209408,0.09195731202046047,0.14626918933791816,0.6061210321602405,0.01,1.0,,,
31000,3.0732421875,0.0,3.0732421875,7.707212055974164e-05,3.853606027987082e-05,96894.15041546845,16.253452288,0.09313686430775162,0.11954321797885337,0.605021959699119,0.01,1.0,,,
31000,,,,,,,,,,,,,0.0,0.0,0.0
31010,1.63525390625,0.0,1.63525390625,7.696447793326157e-05,3.848223896663079e-05,96888.72491400006,16.258695168,0.10445438213462666,0.16313326901066283,0.6039242393762775,0.01,1.0,,,
31020,3.0732421875,0.0,3.0732421875,7.685683530678148e-05,3.842841765339074e-05,96886.05862402785,16.263938048,0.09715817152650143,0.13935609578350103,0.6028278719357203,0.01,1.0,,,
31030,3.04296875,0.0,3.04296875,7.674919268030141e-05,3.8374596340150704e-05,96886.6345884163,16.269180928,0.09279681861877341,0.16581176547834123,0.601732858120532,0.01,1.0,,,
31040,2.5732421875,0.0,2.5732421875,7.66415500538213e-05,3.832077502691065e-05,96887.20341167579,16.274423808,0.10263019568474413,0.1368634913360148,0.6006391986728834,0.01,1.0,,,
31050,3.212890625,0.0,3.212890625,7.653390742734123e-05,3.8266953713670614e-05,96887.76579266133,16.279666688,0.09673418885578138,0.19100258708518292,0.5995468943340228,0.01,1.0,,,
31060,2.9873046875,0.0,2.9873046875,7.642626480086112e-05,3.821313240043056e-05,96887.25064834478,16.284909568,0.09929755009825138,0.15983723906045436,0.5984559458442837,0.01,1.0,,,
31070,2.982421875,0.0,2.982421875,7.631862217438106e-05,3.815931108719053e-05,96885.7202004541,16.290152448,0.1991966741469095,0.2719678009497168,0.5973663539430786,0.01,1.0,,,
31080,1.73974609375,0.0,1.73974609375,7.621097954790095e-05,3.8105489773950477e-05,96884.7410828858,16.295395328,0.1364575841029119,0.13497998479375597,0.5962781193689023,0.01,1.0,,,
31090,3.0703125,0.0,3.0703125,7.610333692142088e-05,3.805166846071044e-05,96884.53305321415,16.300638208,0.09533795919626588,0.16698734320853675,0.5951912428593273,0.01,1.0,,,
31100,1.84130859375,0.0,1.84130859375,7.599569429494083e-05,3.7997847147470414e-05,96884.37193228665,16.305881088,0.12124774989963504,0.1675545321074257,0.5941057251510091,0.01,1.0,,,
31110,3.1298828125,0.0,3.1298828125,7.588805166846072e-05,3.794402583423036e-05,96884.18155372175,16.311123968,0.09693859252285912,0.164904424340824,0.593021566979678,0.01,1.0,,,
31120,3.0693359375,0.0,3.0693359375,7.578040904198065e-05,3.7890204520990324e-05,96883.96266011188,16.316366848,0.09274528356577168,0.1534639598567837,0.5919387690801461,0.01,1.0,,,
31130,3.0400390625,0.0,3.0400390625,7.567276641550054e-05,3.783638320775027e-05,96883.70765337227,16.321609728,0.09306180588852511,0.1517117691527555,0.5908573321863015,0.01,1.0,,,
31140,3.0712890625,0.0,3.0712890625,7.556512378902047e-05,3.7782561894510235e-05,96883.24605996355,16.326852608,0.09622939409092963,0.1794062907573386,0.5897772570311121,0.01,1.0,,,
31150,1.638671875,0.0,1.638671875,7.545748116254037e-05,3.7728740581270186e-05,96883.75597351129,16.332095488,0.11260250601355828,0.14908695286158022,0.588698544346621,0.01,1.0,,,
31160,2.94140625,0.0,2.94140625,7.53498385360603e-05,3.767491926803015e-05,96883.28796222236,16.337338368,0.09512183106948777,0.1240280158449889,0.5876211948639474,0.01,1.0,,,
31170,1.55859375,0.0,1.55859375,7.52421959095802e-05,3.76210979547901e-05,96882.19678545084,16.342581248,0.09119148959205285,0.13565288969190728,0.5865452093132892,0.01,1.0,,,
31180,1.9794921875,0.0,1.9794921875,7.513455328310012e-05,3.756727664155006e-05,96882.76474171452,16.347824128,0.09135651466579081,0.1685609250169198,0.5854705884239166,0.01,1.0,,,
31190,2.29248046875,0.0,2.29248046875,7.502691065662001e-05,3.751345532831001e-05,96883.34216136177,16.353067008,0.08934372930538789,0.1640218787211791,0.584397332924178,0.01,1.0,,,
31200,3.060546875,0.0,3.060546875,7.491926803013996e-05,3.745963401506998e-05,96882.37648792159,16.358309888,0.0926529841714735,0.20673758224134778,0.5833254435414934,0.01,1.0,,,
31210,2.974609375,0.0,2.974609375,7.481162540365985e-05,3.7405812701829924e-05,96881.92891550911,16.363552768,0.0998592933796802,0.15860040727154892,0.5822549210023603,0.01,1.0,,,
31220,2.3134765625,0.0,2.3134765625,7.470398277717978e-05,3.735199138858989e-05,96882.36065516202,16.368795648,0.08597391385982713,0.1312346115149042,0.5811857660323454,0.01,1.0,,,
31230,3.1923828125,0.0,3.1923828125,7.459634015069967e-05,3.7298170075349835e-05,96881.05740896662,16.374038528,0.09455339223242235,0.13331177298830982,0.5801179793560929,0.01,1.0,,,
31240,2.9833984375,0.0,2.9833984375,7.448869752421961e-05,3.724434876210981e-05,96881.5953809651,16.379281408,0.09182022150304261,0.1413766758753966,0.5790515616973164,0.01,1.0,,,
31250,3.2265625,0.0,3.2265625,7.43810548977395e-05,3.719052744886975e-05,96878.83444742241,16.384524288,0.09911634350681708,0.1763950149488204,0.5779865137788038,0.01,1.0,,,
31260,1.59326171875,0.0,1.59326171875,7.427341227125943e-05,3.713670613562972e-05,96878.77970510007,16.389767168,0.09724608855324983,0.1708672422363239,0.5769228363224133,0.01,1.0,,,
31270,3.177734375,0.0,3.177734375,7.416576964477932e-05,3.708288482238966e-05,96878.68442207668,16.395010048,0.09014050501366266,0.15005340092481761,0.5758605300490748,0.01,1.0,,,
31280,2.9970703125,0.0,2.9970703125,7.405812701829927e-05,3.7029063509149634e-05,96877.76601525396,16.400252928,0.09227355411175286,0.14377883785689077,0.5747995956787878,0.01,1.0,,,
31290,1.908203125,0.0,1.908203125,7.395048439181916e-05,3.697524219590958e-05,96877.54876428071,16.405495808,0.09159695998683569,0.15721914013671703,0.5737400339306242,0.01,1.0,,,
31300,3.1044921875,0.0,3.1044921875,7.384284176533909e-05,3.6921420882669544e-05,96877.16081061699,16.410738688,0.09304789537050577,0.16091844494802576,0.5726818455227232,0.01,1.0,,,
31310,3.0693359375,0.0,3.0693359375,7.373519913885898e-05,3.686759956942949e-05,96876.729198376,16.415981568,0.09320509649451356,0.16065304144647274,0.5716250311722952,0.01,1.0,,,
31320,3.0673828125,0.0,3.0673828125,7.362755651237891e-05,3.6813778256189455e-05,96876.96783448156,16.421224448,0.09021518222813864,0.11225241585003357,0.5705695915956177,0.01,1.0,,,
31330,3.044921875,0.0,3.044921875,7.35199138858988e-05,3.67599569429494e-05,96877.01071223065,16.426467328,0.09470219900352445,0.16192321963495349,0.5695155275080371,0.01,1.0,,,
31340,3.2451171875,0.0,3.2451171875,7.341227125941874e-05,3.670613562970937e-05,96876.85226699851,16.431710208,0.09522062145935889,0.1669563694671076,0.5684628396239673,0.01,1.0,,,
31350,2.58203125,0.0,2.58203125,7.330462863293863e-05,3.665231431646932e-05,96877.41954861053,16.436953088,0.10288652632205136,0.10758116642089571,0.5674115286568899,0.01,1.0,,,
31360,3.0673828125,0.0,3.0673828125,7.319698600645856e-05,3.659849300322928e-05,96876.58547666803,16.442195968,0.09104421483578917,0.178898391269351,0.5663615953193528,0.01,1.0,,,
31370,3.1943359375,0.0,3.1943359375,7.308934337997845e-05,3.654467168998923e-05,96876.71347085605,16.447438848,0.09160105745622621,0.12833964793454594,0.5653130403229709,0.01,1.0,,,
31380,1.951171875,0.0,1.951171875,7.29817007534984e-05,3.64908503767492e-05,96876.18870571317,16.452681728,0.11065689483579624,0.16140637647077946,0.564265864378424,0.01,1.0,,,
31390,3.021484375,0.0,3.021484375,7.287405812701829e-05,3.6437029063509144e-05,96874.49479297613,16.457924608,0.09642366279206323,0.12394256871868586,0.5632200681954571,0.01,1.0,,,
31400,1.65234375,0.0,1.65234375,7.276641550053822e-05,3.638320775026911e-05,96870.01375440854,16.463167488,0.11454977819793634,0.19074730922763522,0.5621756524828816,0.01,1.0,,,
31410,3.201171875,0.0,3.201171875,7.265877287405811e-05,3.6329386437029055e-05,96870.13865439652,16.468410368,0.0956990405097831,0.12082658837777258,0.5611326179485709,0.01,1.0,,,
31420,1.35498046875,0.0,1.35498046875,7.255113024757805e-05,3.627556512378903e-05,96869.61433352366,16.473653248,0.09216715100921138,0.1338447996472767,0.560090965299465,0.01,1.0,,,
31430,3.1044921875,0.0,3.1044921875,7.244348762109794e-05,3.622174381054897e-05,96868.54871408304,16.478896128,0.09644993294853788,0.18193386692711822,0.559050695241565,0.01,1.0,,,
31440,1.822265625,0.0,1.822265625,7.233584499461787e-05,3.616792249730894e-05,96866.35401638165,16.484139008,0.10978570263068232,0.11681923305331733,0.5580118084799363,0.01,1.0,,,
31450,3.013671875,0.0,3.013671875,7.222820236813776e-05,3.611410118406888e-05,96866.37614905772,16.489381888,0.09031561327205438,0.16434779068133132,0.5569743057187052,0.01,1.0,,,
31460,3.0517578125,0.0,3.0517578125,7.21205597416577e-05,3.606027987082885e-05,96866.95053520569,16.494624768,0.09287059752678588,0.10470549729784698,0.555938187661062,0.01,1.0,,,
31470,1.81298828125,0.0,1.81298828125,7.20129171151776e-05,3.60064585575888e-05,96867.52786357694,16.499867648,0.10909060637971782,0.21800402529727428,0.5549034550092568,0.01,1.0,,,
31480,2.4228515625,0.0,2.4228515625,7.190527448869753e-05,3.5952637244348764e-05,96868.10479842938,16.505110528,0.10058906647591573,0.1753080449321772,0.5538701084646023,0.01,1.0,,,
31490,2.5546875,0.0,2.5546875,7.179763186221746e-05,3.589881593110873e-05,96867.3874221961,16.510353408,0.1008795917202895,0.14439964152658963,0.5528381487274701,0.01,1.0,,,
31500,2.6796875,0.0,2.6796875,7.168998923573735e-05,3.5844994617868675e-05,96867.9064849759,16.515596288,0.08810054252192011,0.14647468413785272,0.551807576497293,0.01,1.0,,,
31500,,,,,,,,,,,,,0.0,0.0,0.0
31510,3.1982421875,0.0,3.1982421875,7.15823466092573e-05,3.579117330462865e-05,96867.69123312322,16.520839168,0.09515906777693398,0.12751026025139137,0.550778392472562,0.01,1.0,,,
31520,3.0126953125,0.0,3.0126953125,7.147470398277718e-05,3.573735199138859e-05,96867.77257632985,16.526082048,0.09351291789296065,0.1179372940130718,0.5497505973508297,0.01,1.0,,,
31530,2.962890625,0.0,2.962890625,7.136706135629711e-05,3.568353067814856e-05,96867.57086261826,16.531324928,0.10135733143006179,0.1279987169482216,0.5487241918287047,0.01,1.0,,,
31540,3.1728515625,0.0,3.1728515625,7.1259418729817e-05,3.56297093649085e-05,96866.44437360385,16.536567808,0.09128848215038889,0.1470134673630579,0.5476991766018559,0.01,1.0,,,
31550,3.0234375,0.0,3.0234375,7.115177610333695e-05,3.5575888051668474e-05,96866.91343796233,16.541810688,0.09357702852414546,0.1634484237260035,0.5466755523650076,0.01,1.0,,,
31560,3.1884765625,0.0,3.1884765625,7.104413347685684e-05,3.552206673842842e-05,96863.95094234757,16.547053568,0.09138480382181537,0.12474579435943857,0.5456533198119435,0.01,1.0,,,
31570,1.810546875,0.0,1.810546875,7.093649085037677e-05,3.5468245425188385e-05,96863.81286371753,16.552296448,0.15319145270883974,0.21341819849408278,0.5446324796355029,0.01,1.0,,,
31580,3.2080078125,0.0,3.2080078125,7.082884822389666e-05,3.541442411194833e-05,96863.62604253837,16.557539328,0.09519513851921863,0.18381869442966384,0.5436130325275822,0.01,1.0,,,
31590,3.1376953125,0.0,3.1376953125,7.072120559741659e-05,3.5360602798708295e-05,96863.71102905633,16.562782208,0.09185442288417339,0.1426588504499422,0.5425949791791325,0.01,1.0,,,
31600,1.86572265625,0.0,1.86572265625,7.061356297093648e-05,3.530678148546824e-05,96864.21395525032,16.568025088,0.11368134863329447,0.1392223093656456,0.5415783202801608,0.01,1.0,,,
31610,3.0048828125,0.0,3.0048828125,7.050592034445642e-05,3.525296017222821e-05,96864.68996132798,16.573267968,0.09315101324476052,0.12172740159643201,0.5405630565197297,0.01,1.0,,,
31620,3.0791015625,0.0,3.0791015625,7.039827771797631e-05,3.519913885898816e-05,96864.75644869587,16.578510848,0.09400925405567433,0.15002177989292875,0.5395491885859546,0.01,1.0,,,
31630,3.1796875,0.0,3.1796875,7.029063509149624e-05,3.514531754574812e-05,96865.23019325468,16.583753728,0.09104818731578865,0.157699371232845,0.5385367171660067,0.01,1.0,,,
31640,2.9580078125,0.0,2.9580078125,7.018299246501613e-05,3.509149623250807e-05,96865.1962670173,16.588996608,0.09047466572315462,0.172678064322004,0.5375256429461089,0.01,1.0,,,
31650,3.1689453125,0.0,3.1689453125,7.007534983853608e-05,3.503767491926804e-05,96865.3822960115,16.594239488,0.09508271218731965,0.15059287403325558,0.5365159666115397,0.01,1.0,,,
31660,1.43017578125,0.0,1.43017578125,6.996770721205597e-05,3.4983853606027984e-05,96861.57804314178,16.599482368,0.09361842756221371,0.16785788065632234,0.535507688846626,0.01,1.0,,,
31670,2.4228515625,0.0,2.4228515625,6.98600645855759e-05,3.493003229278795e-05,96861.11486000582,16.604725248,0.09306662646604394,0.1279876046642924,0.5345008103347508,0.01,1.0,,,
31680,3.0087890625,0.0,3.0087890625,6.975242195909579e-05,3.4876210979547895e-05,96861.68261883971,16.609968128,0.0957356927994348,0.14575421640897882,0.5334953317583466,0.01,1.0,,,
31690,1.751953125,0.0,1.751953125,6.964477933261573e-05,3.482238966630787e-05,96860.54958062286,16.615211008,0.108057874820852,0.11701629613579809,0.5324912537988985,0.01,1.0,,,
31700,2.6875,0.0,2.6875,6.953713670613562e-05,3.476856835306781e-05,96861.10840224687,16.620453888,0.08981744575295576,0.12202298553989986,0.5314885771369404,0.01,1.0,,,
31710,1.41796875,0.0,1.41796875,6.942949407965555e-05,3.471474703982778e-05,96860.78083600625,16.625696768,0.0991871785749077,0.1267287356384145,0.5304873024520583,0.01,1.0,,,
31720,1.331298828125,0.0,1.331298828125,6.932185145317544e-05,3.466092572658772e-05,96860.84726728383,16.630939648,0.09482382414962645,0.15878922878271162,0.529487430422886,0.01,1.0,,,
31730,3.0595703125,0.0,3.0595703125,6.921420882669538e-05,3.460710441334769e-05,96859.93225296878,16.636182528,0.08997601753608281,0.1333010550553515,0.528488961727109,0.01,1.0,,,
31740,3.17578125,0.0,3.17578125,6.910656620021528e-05,3.455328310010764e-05,96859.90739079015,16.641425408,0.09198841331995303,0.12306589860506677,0.5274918970414594,0.01,1.0,,,
31750,3.0859375,0.0,3.0859375,6.899892357373521e-05,3.4499461786867605e-05,96857.7344521285,16.646668288,0.09769039978152703,0.19954489921870203,0.5264962370417197,0.01,1.0,,,
31760,1.60693359375,0.0,1.60693359375,6.88912809472551e-05,3.444564047362755e-05,96857.04095939989,16.651911168,0.08745947424692267,0.21159506450747292,0.5255019824027191,0.01,1.0,,,
31770,3.1015625,0.0,3.1015625,6.878363832077503e-05,3.4391819160387515e-05,96857.19971767423,16.657154048,0.09503705183940825,0.11630833810525779,0.5245091337983343,0.01,1.0,,,
31780,3.13671875,0.0,3.13671875,6.867599569429492e-05,3.433799784714746e-05,96857.76205946619,16.662396928,0.09149533162278764,0.12744945282820924,0.5235176919014891,0.01,1.0,,,
31790,1.83740234375,0.0,1.83740234375,6.856835306781486e-05,3.428417653390743e-05,96858.31959574501,16.667639808,0.10944829016923684,0.1385143501698517,0.522527657384155,0.01,1.0,,,
31800,2.544921875,0.0,2.544921875,6.846071044133475e-05,3.423035522066738e-05,96858.87634333878,16.672882688,0.1020307237441147,0.1301391551072586,0.5215390309173471,0.01,1.0,,,
31810,3.0830078125,0.0,3.0830078125,6.835306781485468e-05,3.417653390742734e-05,96858.00462023774,16.678125568,0.09016293873359353,0.11383064654240707,0.5205518131711295,0.01,1.0,,,
31820,3.0966796875,0.0,3.0966796875,6.824542518837457e-05,3.412271259418729e-05,96858.54858628535,16.683368448,0.09459627011692488,0.16259017730845252,0.5195660048146092,0.01,1.0,,,
31830,2.537109375,0.0,2.537109375,6.813778256189452e-05,3.406889128094726e-05,96858.96567532932,16.688611328,0.10069880128383278,0.15198633134253492,0.5185816065159379,0.01,1.0,,,
31840,2.9931640625,0.0,2.9931640625,6.803013993541441e-05,3.4015069967707205e-05,96858.18315271712,16.693854208,0.09296643103759172,0.14618037318638927,0.5175986189423127,0.01,1.0,,,
31850,3.076171875,0.0,3.076171875,6.792249730893434e-05,3.396124865446717e-05,96858.44001636293,16.699097088,0.09139110126206944,0.1273378931543718,0.516617042759974,0.01,1.0,,,
31860,3.08984375,0.0,3.08984375,6.781485468245427e-05,3.3907427341227135e-05,96859.00821951097,16.704339968,0.09531600615055517,0.13354198392880717,0.515636878634206,0.01,1.0,,,
31870,3.0634765625,0.0,3.0634765625,6.770721205597417e-05,3.385360602798709e-05,96858.62761212877,16.709582848,0.09982328521042474,0.19102992650645836,0.5146581272293355,0.01,1.0,,,
31880,3.1064453125,0.0,3.1064453125,6.75995694294941e-05,3.379978471474705e-05,96858.11222997008,16.714825728,0.09013761344061998,0.1158700674270469,0.5136807892087315,0.01,1.0,,,
31890,1.8115234375,0.0,1.8115234375,6.7491926803014e-05,3.3745963401507e-05,96857.91285655707,16.720068608,0.11228996544000447,0.15040238564922345,0.512704865234805,0.01,1.0,,,
31900,3.099609375,0.0,3.099609375,6.738428417653393e-05,3.369214208826696e-05,96853.48086672257,16.725311488,0.10081919832606465,0.14967634861017773,0.5117303559690098,0.01,1.0,,,
31910,2.474609375,0.0,2.474609375,6.727664155005382e-05,3.363832077502691e-05,96852.64298390858,16.730554368,0.09350207983233375,0.14553037422931311,0.5107572620718391,0.01,1.0,,,
