step,train/nll,train/sparsity_loss,train/total_loss,train/lr,train/predictor_lr,train/tokens_per_sec,train/tokens_seen_B,grad/base_norm,grad/predictor_norm,schedule/tau,schedule/lambda,train/use_dagformer,eval/nll_soft,eval/nll_hard,eval/nll_baseline
14010,3.615234375,0.0,3.615234375,0.00017859375,9.921875e-05,182283.23321444902,7.345799168,0.10990717978693311,0.2613405607247036,1.7743407380784886,0.01,1.0,,,
14020,3.005859375,0.0,3.005859375,0.00017839285714285716,9.910714285714286e-05,182823.68110732615,7.351042048,0.24538119550777418,0.9693308613839149,1.7712499893086944,0.01,1.0,,,
14030,2.80859375,0.0,2.80859375,0.00017819196428571428,9.899553571428571e-05,185481.76783145417,7.356284928,0.11383562855372417,0.4049931776884793,1.7681608002790785,0.01,1.0,,,
14040,2.9892578125,0.0,2.9892578125,0.00017799107142857143,9.888392857142858e-05,190153.06202388534,7.361527808,0.10930103757371736,0.29250538005267296,1.7650731768036176,0.01,1.0,,,
14050,2.8681640625,0.0,2.8681640625,0.00017779017857142855,9.877232142857143e-05,192457.5451286422,7.366770688,0.47627760430458804,0.658469319979194,1.7619871246933387,0.01,1.0,,,
14060,3.2734375,0.0,3.2734375,0.00017758928571428572,9.86607142857143e-05,185828.71139975215,7.372013568,0.11801604080886484,0.3093628500766977,1.7589026497563143,0.01,1.0,,,
14070,3.1005859375,0.0,3.1005859375,0.00017738839285714284,9.854910714285714e-05,134709.81512728301,7.377256448,0.13100190916902613,0.30268585305971774,1.755819757797649,0.01,1.0,,,
14080,3.0556640625,0.0,3.0556640625,0.00017718750000000002,9.843750000000001e-05,138281.72157922853,7.382499328,0.11404955400516473,0.2694118873218773,1.7527384546194653,0.01,1.0,,,
14090,3.1484375,0.0,3.1484375,0.00017698660714285714,9.832589285714285e-05,143197.46593775955,7.387742208,0.18507280610086146,0.38499699196950926,1.7496587460208985,0.01,1.0,,,
14100,3.0205078125,0.0,3.0205078125,0.0001767857142857143,9.821428571428573e-05,146866.5694301823,7.392985088,0.1035236987642364,0.3226464781677065,1.7465806377980804,0.01,1.0,,,
14110,3.7841796875,0.0,3.7841796875,0.00017658482142857143,9.810267857142857e-05,150803.68424692558,7.398227968,0.13067926400481883,0.2113381420420426,1.743504135744133,0.01,1.0,,,
14120,2.9873046875,0.0,2.9873046875,0.00017638392857142858,9.799107142857145e-05,152561.51945184678,7.403470848,0.10793500609512721,0.2634204662840146,1.7404292456491532,0.01,1.0,,,
14130,3.00390625,0.0,3.00390625,0.0001761830357142857,9.787946428571429e-05,154966.1416664929,7.408713728,0.11346636522502773,0.28705596077053586,1.7373559733002066,0.01,1.0,,,
14140,3.2880859375,0.0,3.2880859375,0.00017598214285714287,9.776785714285715e-05,157421.79381427405,7.413956608,0.10804603882128416,0.2133068349291597,1.7342843244813122,0.01,1.0,,,
14150,3.0703125,0.0,3.0703125,0.00017578125,9.765625e-05,159640.6763539154,7.419199488,0.11579126669532683,0.21152319869678723,1.7312143049734343,0.01,1.0,,,
14160,3.59375,0.0,3.59375,0.00017558035714285711,9.754464285714284e-05,161818.367583536,7.424442368,0.13659895785913104,0.31406611449691946,1.72814592055447,0.01,1.0,,,
14170,3.37109375,0.0,3.37109375,0.0001753794642857143,9.743303571428572e-05,163985.91374004638,7.429685248,0.1154659137078134,0.3538278103275644,1.7250791769992408,0.01,1.0,,,
14180,2.9873046875,0.0,2.9873046875,0.0001751785714285714,9.732142857142856e-05,165961.9460499536,7.434928128,0.11320477918586028,0.42008032944485596,1.7220140800794779,0.01,1.0,,,
14190,2.6748046875,0.0,2.6748046875,0.00017497767857142858,9.720982142857143e-05,167755.59856974022,7.440171008,0.15869059883998912,0.4720312937724128,1.718950635563815,0.01,1.0,,,
14200,3.0322265625,0.0,3.0322265625,0.00017477678571428568,9.709821428571428e-05,169209.16898378148,7.445413888,0.11785598687736575,0.2852309942093946,1.715888849217775,0.01,1.0,,,
14210,3.44140625,0.0,3.44140625,0.00017457589285714285,9.698660714285714e-05,170477.8369165014,7.450656768,0.12271716865773662,0.26624259380823295,1.7128287268037614,0.01,1.0,,,
14220,3.2333984375,0.0,3.2333984375,0.00017437499999999997,9.6875e-05,171910.80301843424,7.455899648,0.11867249597509756,0.3842586002893559,1.7097702740810443,0.01,1.0,,,
14230,2.873046875,0.0,2.873046875,0.00017417410714285714,9.676339285714286e-05,173237.1455887266,7.461142528,0.10535643046310025,0.29187273962444177,1.7067134968057527,0.01,1.0,,,
14240,3.0908203125,0.0,3.0908203125,0.00017397321428571426,9.66517857142857e-05,174472.22100780578,7.466385408,0.1142111769945223,0.5366927601277318,1.7036584007308608,0.01,1.0,,,
14250,3.7109375,0.0,3.7109375,0.00017377232142857144,9.654017857142858e-05,175624.88612391968,7.471628288,0.11049295169107366,0.26779533460648,1.7006049916061818,0.01,1.0,,,
14260,2.96875,0.0,2.96875,0.00017357142857142856,9.642857142857142e-05,176704.2253067631,7.476871168,0.1144395135872819,0.309336676050834,1.69755327517835,0.01,1.0,,,
14270,3.1962890625,0.0,3.1962890625,0.0001733705357142857,9.63169642857143e-05,177559.0303042546,7.482114048,0.10858231493242998,0.3048222908459863,1.694503257190817,0.01,1.0,,,
14280,2.951171875,0.0,2.951171875,0.00017316964285714283,9.620535714285714e-05,177979.0777876262,7.487356928,0.11372603073000437,0.307578371916632,1.6914549433838366,0.01,1.0,,,
14290,3.017578125,0.0,3.017578125,0.00017296875,9.609375e-05,178706.60419458555,7.492599808,0.1423553164037524,0.33293615470843485,1.6884083394944556,0.01,1.0,,,
14300,3.2578125,0.0,3.2578125,0.00017276785714285712,9.598214285714285e-05,179448.24767841637,7.497842688,0.1127192365337071,0.2720024971056524,1.6853634512565023,0.01,1.0,,,
14310,2.99609375,0.0,2.99609375,0.0001725669642857143,9.587053571428572e-05,180265.5142239927,7.503085568,0.13161154646744175,0.29022473089479567,1.6823202844005776,0.01,1.0,,,
14320,2.8486328125,0.0,2.8486328125,0.00017236607142857141,9.575892857142857e-05,180901.2566731836,7.508328448,0.10952135791120342,0.34039310733420347,1.6792788446540399,0.01,1.0,,,
14330,2.994140625,0.0,2.994140625,0.0001721651785714286,9.564732142857144e-05,181636.14892475272,7.513571328,0.1028013574816562,0.18615924148274074,1.6762391377409998,0.01,1.0,,,
14340,2.994140625,0.0,2.994140625,0.0001719642857142857,9.553571428571427e-05,182251.19242148634,7.518814208,0.1468940573260161,0.32067904409318354,1.673201169382304,0.01,1.0,,,
14350,3.1923828125,0.0,3.1923828125,0.00017176339285714286,9.542410714285715e-05,182824.89418188506,7.524057088,0.11283876864066791,0.28674533187899526,1.6701649452955305,0.01,1.0,,,
14360,2.935546875,0.0,2.935546875,0.00017156249999999998,9.531249999999999e-05,183457.8902108423,7.529299968,0.11693773400565853,0.3530511133662306,1.6671304711949708,0.01,1.0,,,
14370,3.0283203125,0.0,3.0283203125,0.00017136160714285715,9.520089285714287e-05,184060.64688508972,7.534542848,0.11404723548273657,0.22744106845057446,1.6640977527916267,0.01,1.0,,,
14380,3.2978515625,0.0,3.2978515625,0.00017116071428571427,9.508928571428571e-05,184636.1374311821,7.539785728,0.1706568238162313,0.42461988185770444,1.661066795793192,0.01,1.0,,,
14390,2.9072265625,0.0,2.9072265625,0.00017095982142857144,9.497767857142859e-05,185185.0621131976,7.545028608,0.11170133657779555,0.4826450235426877,1.6580376059040487,0.01,1.0,,,
14400,3.1279296875,0.0,3.1279296875,0.00017075892857142856,9.486607142857143e-05,185709.8741514455,7.550271488,0.12322752596695474,0.2874739889183355,1.65501018882525,0.01,1.0,,,
14410,2.84375,0.0,2.84375,0.00017055803571428574,9.475446428571429e-05,186211.52197380245,7.555514368,0.10907746955565692,0.42427162817464104,1.6519845502545156,0.01,1.0,,,
14420,3.2626953125,0.0,3.2626953125,0.00017035714285714286,9.464285714285715e-05,186686.57112504294,7.560757248,0.11305588832506593,0.30322206596711676,1.6489606958862155,0.01,1.0,,,
14430,3.0751953125,0.0,3.0751953125,0.00017015625,9.453125000000001e-05,187148.4448584925,7.566000128,0.12728150545536035,0.3333942415391785,1.6459386314113633,0.01,1.0,,,
14440,3.2431640625,0.0,3.2431640625,0.00016995535714285713,9.441964285714286e-05,187589.54238649845,7.571243008,0.10177361216465616,0.2755046214430434,1.642918362517603,0.01,1.0,,,
14450,3.1796875,0.0,3.1796875,0.0001697544642857143,9.430803571428573e-05,188013.82353952833,7.576485888,0.12408577599892907,0.30781409239766205,1.6398998948892005,0.01,1.0,,,
14460,3.0205078125,0.0,3.0205078125,0.00016955357142857142,9.419642857142857e-05,188421.62968633196,7.581728768,0.13475611008372082,0.2428121034116068,1.6368832342070299,0.01,1.0,,,
14470,3.2646484375,0.0,3.2646484375,0.0001693526785714286,9.408482142857145e-05,188812.77784361312,7.586971648,0.11989267373178067,0.37594064159888957,1.633868386148566,0.01,1.0,,,
14480,3.30078125,0.0,3.30078125,0.00016915178571428571,9.397321428571428e-05,189188.1330668013,7.592214528,0.11288073172090728,0.21468118157835617,1.6308553563878716,0.01,1.0,,,
14490,2.818359375,0.0,2.818359375,0.0001689508928571429,9.386160714285716e-05,189548.72254178897,7.597457408,0.12274745211216688,0.3968482900217764,1.6278441505955863,0.01,1.0,,,
14500,3.1865234375,0.0,3.1865234375,0.00016875,9.375e-05,189898.60213528294,7.602700288,0.1161164311338502,0.47735295005553785,1.6248347744389204,0.01,1.0,,,
14500,,,,,,,,,,,,,0.0,0.0,0.0
14510,3.5,0.0,3.5,0.0001685491071428571,9.363839285714284e-05,188717.77037603286,7.607943168,0.10797549035305383,0.30128714222850156,1.6218272335816364,0.01,1.0,,,
14520,2.876953125,0.0,2.876953125,0.00016834821428571428,9.352678571428572e-05,188816.50151147737,7.613186048,0.16361162392178394,0.3204196470454219,1.6188215336840464,0.01,1.0,,,
14530,2.826171875,0.0,2.826171875,0.0001681473214285714,9.341517857142856e-05,188903.89892711383,7.618428928,0.13036981915906404,0.37674091795743786,1.6158176804029942,0.01,1.0,,,
14540,3.2177734375,0.0,3.2177734375,0.00016794642857142857,9.330357142857144e-05,188967.71470913314,7.623671808,0.11051339248229274,0.38801951567903387,1.6128156793918509,0.01,1.0,,,
14550,2.9990234375,0.0,2.9990234375,0.0001677455357142857,9.319196428571428e-05,189114.97432375565,7.628914688,0.11110113118306154,0.25044932535198333,1.6098155363005016,0.01,1.0,,,
14560,2.9443359375,0.0,2.9443359375,0.00016754464285714286,9.308035714285714e-05,189161.7811380616,7.634157568,0.11162614225671594,0.2942811659752193,1.6068172567753325,0.01,1.0,,,
14570,3.5517578125,0.0,3.5517578125,0.00016734374999999998,9.296874999999999e-05,189191.78424636798,7.639400448,0.1284799426335022,0.29114304028902405,1.6038208464592245,0.01,1.0,,,
14580,3.146484375,0.0,3.146484375,0.00016714285714285713,9.285714285714286e-05,189306.37146164925,7.644643328,0.11629501148879465,0.30964649704569475,1.6008263109915393,0.01,1.0,,,
14590,2.60498046875,0.0,2.60498046875,0.00016694196428571425,9.274553571428571e-05,189343.55096782764,7.649886208,0.1210981068645573,0.24780402444943347,1.5978336560081108,0.01,1.0,,,
14600,3.1865234375,0.0,3.1865234375,0.00016674107142857143,9.263392857142858e-05,189371.54226437453,7.655129088,0.10981109218159248,0.32476417072860836,1.5948428871412355,0.01,1.0,,,
14610,3.208984375,0.0,3.208984375,0.00016654017857142855,9.252232142857141e-05,189520.137796585,7.660371968,0.11294412683274696,0.317091010874292,1.591854010019655,0.01,1.0,,,
14620,3.037109375,0.0,3.037109375,0.00016633928571428572,9.24107142857143e-05,189483.42769798244,7.665614848,0.10536552087061378,0.4208434259248236,1.588867030268556,0.01,1.0,,,
14630,3.177734375,0.0,3.177734375,0.00016613839285714284,9.229910714285713e-05,189663.95674631675,7.670857728,0.12027187130708161,0.24195923677857598,1.585881953509551,0.01,1.0,,,
14640,2.958984375,0.0,2.958984375,0.00016593750000000002,9.218750000000001e-05,189900.04319007465,7.676100608,0.1093244218189822,0.326443986677352,1.582898785360674,0.01,1.0,,,
14650,3.3173828125,0.0,3.3173828125,0.00016573660714285714,9.207589285714285e-05,190165.32398085305,7.681343488,0.11023565047521248,0.40941359292945523,1.5799175314363623,0.01,1.0,,,
14660,3.015625,0.0,3.015625,0.00016553571428571428,9.196428571428573e-05,190423.10804379528,7.686586368,0.13457878115304814,0.26425073029183505,1.576938197347455,0.01,1.0,,,
14670,3.0361328125,0.0,3.0361328125,0.0001653348214285714,9.185267857142857e-05,190677.32822645092,7.691829248,0.13265100102967023,0.4299224475318682,1.5739607887011755,0.01,1.0,,,
14680,3.0146484375,0.0,3.0146484375,0.00016513392857142858,9.174107142857143e-05,190925.92290560767,7.697072128,0.11190627417740814,0.4331511016194978,1.5709853111011256,0.01,1.0,,,
14690,3.140625,0.0,3.140625,0.0001649330357142857,9.162946428571429e-05,191164.29942530545,7.702315008,0.11366639417869528,0.3363328386246873,1.5680117701472698,0.01,1.0,,,
14700,2.91796875,0.0,2.91796875,0.00016473214285714287,9.151785714285715e-05,191395.0944890977,7.707557888,0.11134212649010646,0.5414941263343618,1.5650401714359299,0.01,1.0,,,
14710,2.8876953125,0.0,2.8876953125,0.00016453125,9.140625e-05,191620.02420562084,7.712800768,0.11201188831801383,0.35046752303343975,1.5620705205597714,0.01,1.0,,,
14720,3.3017578125,0.0,3.3017578125,0.00016433035714285717,9.129464285714287e-05,191840.9078186037,7.718043648,0.11334918055513676,0.21422164326825055,1.5591028231077948,0.01,1.0,,,
14730,3.2158203125,0.0,3.2158203125,0.00016412946428571429,9.11830357142857e-05,192030.88308385588,7.723286528,0.11167655781292717,0.3182438580774407,1.5561370846653235,0.01,1.0,,,
14740,3.375,0.0,3.375,0.00016392857142857143,9.107142857142859e-05,192192.79407710198,7.728529408,0.11143400109876034,0.37371598486361657,1.5531733108139942,0.01,1.0,,,
14750,3.34765625,0.0,3.34765625,0.00016372767857142855,9.095982142857142e-05,192316.82797581883,7.733772288,0.11612037194377686,0.2755634848356139,1.5502115071317473,0.01,1.0,,,
14760,3.12109375,0.0,3.12109375,0.00016352678571428573,9.08482142857143e-05,192134.05748468137,7.739015168,0.10602306755056802,0.22418909234873247,1.5472516791928117,0.01,1.0,,,
14770,3.1201171875,0.0,3.1201171875,0.00016332589285714285,9.073660714285714e-05,192117.02130636803,7.744258048,0.11140718403769813,0.18627847906406797,1.5442938325677011,0.01,1.0,,,
14780,2.9775390625,0.0,2.9775390625,0.00016312500000000002,9.062500000000001e-05,191959.0419870929,7.749500928,0.11430855611335944,0.2652546678372557,1.5413379728231997,0.01,1.0,,,
14790,3.1416015625,0.0,3.1416015625,0.00016292410714285714,9.051339285714286e-05,191964.7222973356,7.754743808,0.11172661478765457,0.5431619648709138,1.538384105522352,0.01,1.0,,,
14800,3.10546875,0.0,3.10546875,0.00016272321428571432,9.040178571428572e-05,191932.06877181036,7.759986688,0.11202603344737519,0.1924752896797574,1.5354322362244532,0.01,1.0,,,
14810,3.1123046875,0.0,3.1123046875,0.0001625223214285714,9.029017857142858e-05,191843.2725051047,7.765229568,0.11258976098961708,0.2544430167364506,1.5324823704850365,0.01,1.0,,,
14820,3.443359375,0.0,3.443359375,0.00016232142857142858,9.017857142857144e-05,191845.41606403518,7.770472448,0.16652787036946207,0.41589988830604613,1.529534513855866,0.01,1.0,,,
14830,2.80078125,0.0,2.80078125,0.0001621205357142857,9.006696428571428e-05,191830.18931309573,7.775715328,0.11771530178028994,0.4926219975669058,1.5265886718849238,0.01,1.0,,,
14840,3.072265625,0.0,3.072265625,0.00016191964285714288,8.995535714285716e-05,191941.81260712352,7.780958208,0.11081348987657215,0.26986544810142926,1.5236448501164017,0.01,1.0,,,
14850,2.916015625,0.0,2.916015625,0.00016171875,8.984375e-05,192002.39581974637,7.786201088,0.10623051366751904,0.2339924734729121,1.5207030540906865,0.01,1.0,,,
14860,2.9853515625,0.0,2.9853515625,0.00016151785714285712,8.973214285714285e-05,192049.8323018358,7.791443968,0.12046923995496975,0.36839559758230717,1.5177632893443553,0.01,1.0,,,
14870,3.1923828125,0.0,3.1923828125,0.0001613169642857143,8.962053571428572e-05,192031.6752481682,7.796686848,0.11088785492538338,0.2558771223158398,1.514825561410161,0.01,1.0,,,
14880,3.046875,0.0,3.046875,0.0001611160714285714,8.950892857142855e-05,192104.74290756363,7.801929728,0.11230927309499089,0.3456938124257823,1.511889875817024,0.01,1.0,,,
14890,2.880859375,0.0,2.880859375,0.00016091517857142856,8.939732142857143e-05,192216.65862293474,7.807172608,0.10724408192336442,0.2884144721327621,1.5089562380900192,0.01,1.0,,,
14900,3.0205078125,0.0,3.0205078125,0.00016071428571428568,8.928571428571427e-05,192293.79586185492,7.812415488,0.10977951951343595,0.43125517318008033,1.5060246537503685,0.01,1.0,,,
14910,3.1591796875,0.0,3.1591796875,0.00016051339285714285,8.917410714285715e-05,192348.67761430022,7.817658368,0.10919304577107017,0.24345586948993536,1.5030951283154297,0.01,1.0,,,
14920,2.890625,0.0,2.890625,0.00016031249999999997,8.906249999999999e-05,192439.08306743338,7.822901248,0.10383439686879227,0.2626346786794973,1.5001676672986857,0.01,1.0,,,
14930,2.9033203125,0.0,2.9033203125,0.00016011160714285715,8.895089285714287e-05,192491.16416768215,7.828144128,0.10283082937986149,0.20476611628818156,1.497242276209731,0.01,1.0,,,
14940,2.939453125,0.0,2.939453125,0.00015991071428571427,8.883928571428571e-05,192606.24625895108,7.833387008,0.10444338301731099,0.4964444916980898,1.4943189605542693,0.01,1.0,,,
14950,2.9541015625,0.0,2.9541015625,0.00015970982142857144,8.872767857142857e-05,192734.5195192135,7.838629888,0.10292711888687218,0.4260607536815309,1.4913977258340965,0.01,1.0,,,
14960,3.0166015625,0.0,3.0166015625,0.00015950892857142856,8.861607142857142e-05,192460.8083507818,7.843872768,0.1141569721614579,0.3355751789611168,1.4884785775470888,0.01,1.0,,,
14970,2.982421875,0.0,2.982421875,0.0001593080357142857,8.850446428571429e-05,192468.59787619213,7.849115648,0.1211552814436619,0.2481061654325356,1.4855615211872,0.01,1.0,,,
14980,3.298828125,0.0,3.298828125,0.00015910714285714283,8.839285714285714e-05,192526.88844749745,7.854358528,0.105600925099912,0.23421764706404258,1.4826465622444445,0.01,1.0,,,
14990,3.0966796875,0.0,3.0966796875,0.00015890625,8.828125000000001e-05,192498.89341023556,7.859601408,0.10630990659223521,0.1742716546404352,1.4797337062048912,0.01,1.0,,,
15000,3.0390625,0.0,3.0390625,0.00015870535714285712,8.816964285714285e-05,192432.9792082615,7.864844288,0.10223135438516578,0.2840543278868189,1.476822958550648,0.01,1.0,,,
15000,,,,,,,,,,,,,0.0,0.0,0.0
15010,2.830078125,0.0,2.830078125,0.0001585044642857143,8.805803571428573e-05,191951.8752751201,7.870087168,0.11597692837306603,0.3436436551476303,1.4739143247598576,0.01,1.0,,,
15020,2.9599609375,0.0,2.9599609375,0.00015830357142857142,8.794642857142856e-05,191876.67912436585,7.875330048,0.11151077947322453,0.48386160812899226,1.4710078103066833,0.01,1.0,,,
15030,3.1591796875,0.0,3.1591796875,0.0001581026785714286,8.783482142857144e-05,191764.7651093888,7.880572928,0.1038407493842732,0.24925213827112466,1.4681034206613004,0.01,1.0,,,
15040,2.91015625,0.0,2.91015625,0.00015790178571428569,8.772321428571428e-05,191679.31348540724,7.885815808,0.11254398369889387,0.28459455291166463,1.4652011612898848,0.01,1.0,,,
15050,3.125,0.0,3.125,0.00015770089285714286,8.761160714285715e-05,191357.33346463414,7.891058688,0.11139274765305789,0.3459531807048503,1.4623010376546015,0.01,1.0,,,
15060,3.283203125,0.0,3.283203125,0.00015749999999999998,8.75e-05,191208.39607965594,7.896301568,0.12373903579547639,0.34445358729058456,1.4594030552135984,0.01,1.0,,,
15070,3.2314453125,0.0,3.2314453125,0.00015729910714285715,8.738839285714286e-05,191105.04201195485,7.901544448,0.10684738906643451,0.21422250994714165,1.456507219420993,0.01,1.0,,,
15080,3.0205078125,0.0,3.0205078125,0.00015709821428571427,8.727678571428572e-05,191039.10231548717,7.906787328,0.13882433720194312,0.855394192394894,1.4536135357268627,0.01,1.0,,,
15090,3.05859375,0.0,3.05859375,0.00015689732142857145,8.716517857142858e-05,190963.196567728,7.912030208,0.11074386469203926,0.3938279371717254,1.4507220095772329,0.01,1.0,,,
15100,2.97265625,0.0,2.97265625,0.00015669642857142857,8.705357142857142e-05,190969.3898643117,7.917273088,0.10612661582685373,0.3044348666316584,1.4478326464140698,0.01,1.0,,,
15110,2.95703125,0.0,2.95703125,0.00015649553571428572,8.69419642857143e-05,190965.05525348787,7.922515968,0.12193267259107196,0.2820210689081632,1.4449454516752698,0.01,1.0,,,
15120,2.96484375,0.0,2.96484375,0.00015629464285714284,8.683035714285714e-05,190960.52850085965,7.927758848,0.1054015026161638,0.2914861898705167,1.4420604307946479,0.01,1.0,,,
15130,3.025390625,0.0,3.025390625,0.00015609375,8.671875000000002e-05,190968.56305596058,7.933001728,0.10583468895765885,0.22038855954553283,1.4391775892019247,0.01,1.0,,,
15140,3.091796875,0.0,3.091796875,0.00015589285714285713,8.660714285714286e-05,191003.69232438665,7.938244608,0.10846268488751332,0.36489309947940185,1.436296932322723,0.01,1.0,,,
15150,3.314453125,0.0,3.314453125,0.0001556919642857143,8.649553571428572e-05,190931.1622601902,7.943487488,0.10640841025795907,0.28649490264598626,1.4334184655785522,0.01,1.0,,,
15160,2.3271484375,0.0,2.3271484375,0.00015549107142857142,8.638392857142857e-05,190919.6676158257,7.948730368,0.11389188332366466,0.42719014800286903,1.4305421943868009,0.01,1.0,,,
15170,2.8310546875,0.0,2.8310546875,0.0001552901785714286,8.627232142857144e-05,190899.61059587175,7.953973248,0.10398157016449754,0.24077139013230453,1.427668124160724,0.01,1.0,,,
15180,3.25390625,0.0,3.25390625,0.00015508928571428572,8.616071428571429e-05,191037.86127902952,7.959216128,0.1010855669590013,0.3157245992308778,1.4247962603094355,0.01,1.0,,,
15190,2.71337890625,0.0,2.71337890625,0.00015488839285714287,8.604910714285716e-05,191173.8505462838,7.964459008,0.10422281421531276,0.24483225427824226,1.4219266082378967,0.01,1.0,,,
15200,3.267578125,0.0,3.267578125,0.00015468749999999999,8.59375e-05,191307.69322375717,7.969701888,0.10940244903581517,0.2320189395871718,1.4190591733469047,0.01,1.0,,,
15210,3.119140625,0.0,3.119140625,0.0001544866071428571,8.582589285714285e-05,191440.01350652467,7.974944768,0.10909438043801842,0.5077640616131456,1.4161939610330854,0.01,1.0,,,
15220,3.1796875,0.0,3.1796875,0.00015428571428571428,8.571428571428571e-05,191540.16715435186,7.980187648,0.10933022064489267,0.3013458092798583,1.4133309766888815,0.01,1.0,,,
15230,2.8876953125,0.0,2.8876953125,0.0001540848214285714,8.560267857142856e-05,191548.3424388713,7.985430528,0.10393808283262217,0.25783719958258877,1.4104702257025434,0.01,1.0,,,
15240,2.86328125,0.0,2.86328125,0.00015388392857142857,8.549107142857143e-05,191616.02342180844,7.990673408,0.10805826999329127,0.17827155457527513,1.4076117134581148,0.01,1.0,,,
15250,3.130859375,0.0,3.130859375,0.0001536830357142857,8.537946428571428e-05,191682.8784977526,7.995916288,0.10930263796832568,0.29150466402516445,1.4047554453354298,0.01,1.0,,,
15260,2.70703125,0.0,2.70703125,0.00015348214285714287,8.526785714285715e-05,191688.2367444343,8.001159168,0.10226853467327203,0.22828018946626616,1.4019014267100973,0.01,1.0,,,
15270,2.94921875,0.0,2.94921875,0.00015328125,8.515624999999999e-05,191708.06103171938,8.006402048,0.11109585867732066,0.422572653027635,1.3990496629534934,0.01,1.0,,,
15280,3.03515625,0.0,3.03515625,0.00015308035714285714,8.504464285714287e-05,191787.29309531048,8.011644928,0.10776080276696844,0.22632926387224417,1.39620015943275,0.01,1.0,,,
15290,2.9462890625,0.0,2.9462890625,0.00015287946428571426,8.49330357142857e-05,191891.6444805567,8.016887808,0.10877109823834344,0.20296496788854712,1.3933529215107439,0.01,1.0,,,
15300,2.71923828125,0.0,2.71923828125,0.00015267857142857143,8.482142857142858e-05,191999.77787294547,8.022130688,0.10944501427291521,0.2888600785100515,1.390507954546089,0.01,1.0,,,
15310,3.078125,0.0,3.078125,0.00015247767857142855,8.470982142857142e-05,192117.50319717397,8.027373568,0.11364081583068197,0.30352668860592924,1.3876652638931262,0.01,1.0,,,
15320,3.1171875,0.0,3.1171875,0.00015227678571428572,8.459821428571429e-05,192176.33407271194,8.032616448,0.11132250085620665,0.39676556590099615,1.3848248549019118,0.01,1.0,,,
15330,3.4150390625,0.0,3.4150390625,0.00015207589285714284,8.448660714285714e-05,192290.8545723062,8.037859328,0.10481920459311865,0.24262927998222122,1.3819867329182058,0.01,1.0,,,
15340,3.0478515625,0.0,3.0478515625,0.00015187500000000002,8.4375e-05,192403.81146051452,8.043102208,0.11013974412833537,0.23602957551332646,1.3791509032834663,0.01,1.0,,,
15350,3.0703125,0.0,3.0703125,0.0001516741071428571,8.426339285714286e-05,192515.60708394862,8.048345088,0.11652855768657751,0.27902483023873176,1.3763173713348367,0.01,1.0,,,
15360,2.92578125,0.0,2.92578125,0.00015147321428571429,8.415178571428572e-05,192626.14234071592,8.053587968,0.10831396537367532,0.34132287205455836,1.3734861424051368,0.01,1.0,,,
15370,2.998046875,0.0,2.998046875,0.0001512723214285714,8.404017857142856e-05,192735.11993096137,8.058830848,0.10572408363717478,0.2662224545091544,1.3706572218228477,0.01,1.0,,,
15380,2.841796875,0.0,2.841796875,0.00015107142857142858,8.392857142857144e-05,192842.78293196126,8.064073728,0.10802610969522664,0.267215227377473,1.3678306149121127,0.01,1.0,,,
15390,2.8759765625,0.0,2.8759765625,0.0001508705357142857,8.381696428571428e-05,192948.8198093798,8.069316608,0.10592284765768714,0.1692347789300759,1.365006326992717,0.01,1.0,,,
15400,3.1357421875,0.0,3.1357421875,0.00015066964285714287,8.370535714285716e-05,193053.9695580822,8.074559488,0.1229890233681554,0.295500478030996,1.36218436338008,0.01,1.0,,,
15410,3.498046875,0.0,3.498046875,0.00015046875,8.359375e-05,193157.7233457237,8.079802368,0.10360532387288397,0.2233184715207954,1.35936472938525,0.01,1.0,,,
15420,3.31640625,0.0,3.31640625,0.00015026785714285714,8.348214285714286e-05,193259.8108447405,8.085045248,0.108865716459161,0.24731720116031047,1.3565474303148886,0.01,1.0,,,
15430,3.279296875,0.0,3.279296875,0.00015006696428571426,8.337053571428571e-05,193360.30079908425,8.090288128,0.10594001380992288,0.313476119164873,1.3537324714712644,0.01,1.0,,,
15440,3.126953125,0.0,3.126953125,0.00014986607142857144,8.325892857142858e-05,193459.65607473534,8.095531008,0.10362989724168928,0.24596929589253014,1.3509198581522395,0.01,1.0,,,
15450,3.2568359375,0.0,3.2568359375,0.00014966517857142856,8.314732142857143e-05,193557.6390573518,8.100773888,0.1081674130086779,0.27902999526974437,1.3481095956512639,0.01,1.0,,,
15460,2.865234375,0.0,2.865234375,0.00014946428571428573,8.30357142857143e-05,193535.59329611433,8.106016768,0.10463033568304667,0.26756208929985614,1.3453016892573622,0.01,1.0,,,
15470,2.767578125,0.0,2.767578125,0.00014926339285714285,8.292410714285713e-05,193526.20857811876,8.111259648,0.1045186887877885,0.22618006785547834,1.342496144255126,0.01,1.0,,,
15480,3.0107421875,0.0,3.0107421875,0.00014906250000000003,8.281250000000001e-05,193485.80792309158,8.116502528,0.11853791091704023,0.22945261196687716,1.3396929659246994,0.01,1.0,,,
15490,2.912109375,0.0,2.912109375,0.00014886160714285715,8.270089285714285e-05,193436.06704878365,8.121745408,0.1099792542437285,0.2533120880802776,1.3368921595417758,0.01,1.0,,,
15500,3.056640625,0.0,3.056640625,0.0001486607142857143,8.258928571428573e-05,193410.5831578679,8.126988288,0.11644477014295909,0.37687970485924993,1.3340937303775828,0.01,1.0,,,
15500,,,,,,,,,,,,,0.0,0.0,0.0
15510,2.921875,0.0,2.921875,0.0001484598214285714,8.247767857142857e-05,192960.7167138298,8.132231168,0.10754821787554952,0.3972865763649413,1.3312976836988748,0.01,1.0,,,
15520,3.263671875,0.0,3.263671875,0.0001482589285714286,8.236607142857145e-05,192855.23138083713,8.137474048,0.11075087042627367,0.38321989462642086,1.3285040247679223,0.01,1.0,,,
15530,2.828125,0.0,2.828125,0.0001480580357142857,8.225446428571429e-05,192807.29954689817,8.142716928,0.10672823366409089,0.2507539163939927,1.3257127588424997,0.01,1.0,,,
15540,2.763671875,0.0,2.763671875,0.00014785714285714288,8.214285714285715e-05,192800.02363177718,8.147959808,0.11022477867864348,0.35865062646773654,1.322923891175881,0.01,1.0,,,
15550,2.9208984375,0.0,2.9208984375,0.00014765625,8.203125e-05,192785.19383455697,8.153202688,0.11388841005200176,0.3113172684966073,1.3201374270168242,0.01,1.0,,,
15560,3.5029296875,0.0,3.5029296875,0.00014745535714285712,8.191964285714284e-05,192846.80667528778,8.158445568,0.1057338003805783,0.34657922232254645,1.3173533716095658,0.01,1.0,,,
15570,3.3916015625,0.0,3.3916015625,0.0001472544642857143,8.180803571428572e-05,192834.92544759504,8.163688448,0.10683208327837788,0.4188800197975046,1.3145717301938065,0.01,1.0,,,
15580,3.6435546875,0.0,3.6435546875,0.0001470535714285714,8.169642857142856e-05,192771.61783927857,8.168931328,0.10513590429398387,0.40765376961906263,1.3117925080047044,0.01,1.0,,,
15590,3.5361328125,0.0,3.5361328125,0.00014685267857142856,8.158482142857143e-05,192778.331449782,8.174174208,0.10368331987413376,0.3731757339270178,1.3090157102728683,0.01,1.0,,,
15600,3.2255859375,0.0,3.2255859375,0.00014665178571428568,8.147321428571428e-05,192739.1475741707,8.179417088,0.11819239910204313,0.1969364229198836,1.3062413422243382,0.01,1.0,,,
15610,3.0009765625,0.0,3.0009765625,0.00014645089285714286,8.136160714285714e-05,192710.15466788423,8.184659968,0.11023303322429379,0.1954475511545977,1.3034694090805847,0.01,1.0,,,
15620,2.85546875,0.0,2.85546875,0.00014624999999999998,8.125e-05,192640.7837169972,8.189902848,0.10958735298939631,0.27750169285721954,1.3006999160584956,0.01,1.0,,,
15630,2.9814453125,0.0,2.9814453125,0.00014604910714285715,8.113839285714286e-05,192595.41024807404,8.195145728,0.10616740057697224,0.3928323056804433,1.2979328683703666,0.01,1.0,,,
15640,3.2060546875,0.0,3.2060546875,0.00014584821428571427,8.10267857142857e-05,192522.47223561845,8.200388608,0.10377815372466472,0.3165029040034514,1.2951682712238888,0.01,1.0,,,
15650,3.2802734375,0.0,3.2802734375,0.00014564732142857142,8.091517857142858e-05,192464.6855413826,8.205631488,0.10910308269870811,0.2930146622998367,1.2924061298221434,0.01,1.0,,,
15660,3.0361328125,0.0,3.0361328125,0.00014544642857142854,8.080357142857142e-05,192416.37643621,8.210874368,0.11421844060670644,0.2714969812052664,1.2896464493635902,0.01,1.0,,,
15670,2.7255859375,0.0,2.7255859375,0.0001452455357142857,8.06919642857143e-05,192406.96994296444,8.216117248,0.1420942391157159,0.2538953217313248,1.286889235042057,0.01,1.0,,,
15680,2.44921875,0.0,2.44921875,0.00014504464285714283,8.058035714285714e-05,192420.83377683753,8.221360128,0.11744168070606036,0.3662495772731505,1.284134492046728,0.01,1.0,,,
15690,3.1357421875,0.0,3.1357421875,0.00014484375,8.046875e-05,192433.17949379285,8.226603008,0.11021699194679711,0.3448423527829236,1.281382225562139,0.01,1.0,,,
15700,2.8515625,0.0,2.8515625,0.00014464285714285713,8.035714285714285e-05,192470.9120378639,8.231845888,0.11129219868784267,0.308106174774815,1.2786324407681637,0.01,1.0,,,
15710,3.0244140625,0.0,3.0244140625,0.0001444419642857143,8.024553571428572e-05,192423.50265967913,8.237088768,0.1136282300441346,0.26647684167636027,1.2758851428400069,0.01,1.0,,,
15720,3.2734375,0.0,3.2734375,0.00014424107142857142,8.013392857142857e-05,192427.0677671782,8.242331648,0.11667236616072967,0.3039230151324442,1.2731403369481895,0.01,1.0,,,
15730,3.3076171875,0.0,3.3076171875,0.00014404017857142857,8.002232142857144e-05,192424.51574941882,8.247574528,0.12659765673049042,0.3134593453700344,1.2703980282585452,0.01,1.0,,,
15740,3.1025390625,0.0,3.1025390625,0.0001438392857142857,7.991071428571427e-05,192421.03802007023,8.252817408,0.1104060736276384,0.2780254253155085,1.267658221932207,0.01,1.0,,,
15750,3.1669921875,0.0,3.1669921875,0.00014363839285714286,7.979910714285715e-05,192342.52760797366,8.258060288,0.10706115588838284,0.3527472288735812,1.2649209231255985,0.01,1.0,,,
15760,3.0576171875,0.0,3.0576171875,0.00014343749999999998,7.968749999999999e-05,192296.66185820126,8.263303168,0.11165064542421059,0.3898814562189422,1.262186136990425,0.01,1.0,,,
15770,2.966796875,0.0,2.966796875,0.00014323660714285716,7.957589285714287e-05,192205.1664042181,8.268546048,0.10494886289292049,0.3442623083579636,1.2594538686736594,0.01,1.0,,,
15780,3.3193359375,0.0,3.3193359375,0.00014303571428571428,7.946428571428571e-05,192173.85004082407,8.273788928,0.13567910894546772,0.3157135978917826,1.2567241233175397,0.01,1.0,,,
15790,2.587890625,0.0,2.587890625,0.00014283482142857145,7.935267857142859e-05,192018.63662051136,8.279031808,0.12603046811580024,0.31137659525383704,1.253996906059554,0.01,1.0,,,
15800,3.439453125,0.0,3.439453125,0.00014263392857142857,7.924107142857143e-05,191887.4698545286,8.284274688,0.11030402717265213,0.45230838305389753,1.251272222032433,0.01,1.0,,,
15810,2.6416015625,0.0,2.6416015625,0.00014243303571428572,7.912946428571429e-05,191899.94019422703,8.289517568,0.12186632579168888,0.2709349775445554,1.248550076364139,0.01,1.0,,,
15820,2.8505859375,0.0,2.8505859375,0.00014223214285714284,7.901785714285714e-05,191838.41416520168,8.294760448,0.11365381793559033,0.37956090020218514,1.2458304741778579,0.01,1.0,,,
15830,2.88671875,0.0,2.88671875,0.00014203125,7.890625000000001e-05,191796.7754359291,8.300003328,0.11048174900809489,0.308199544796313,1.2431134205919885,0.01,1.0,,,
15840,2.9013671875,0.0,2.9013671875,0.00014183035714285713,7.879464285714286e-05,191774.36860810334,8.305246208,0.11993241938095703,0.3893525237062759,1.2403989207201311,0.01,1.0,,,
15850,2.8681640625,0.0,2.8681640625,0.0001416294642857143,7.868303571428573e-05,191751.58035781037,8.310489088,0.11298979965685375,0.2657494844238916,1.2376869796710825,0.01,1.0,,,
15860,3.2060546875,0.0,3.2060546875,0.00014142857142857143,7.857142857142857e-05,191744.59185170644,8.315731968,0.1160047523374413,0.46032357627352377,1.2349776025488228,0.01,1.0,,,
15870,2.748046875,0.0,2.748046875,0.0001412276785714286,7.845982142857145e-05,191768.0652156834,8.320974848,0.16175270869437955,0.4772914320151989,1.2322707944525069,0.01,1.0,,,
15880,3.498046875,0.0,3.498046875,0.00014102678571428572,7.834821428571428e-05,191803.84871602035,8.326217728,0.11092170423196362,0.2080006539484572,1.2295665604764527,0.01,1.0,,,
15890,2.7197265625,0.0,2.7197265625,0.00014082589285714287,7.823660714285716e-05,191823.1958202753,8.331460608,0.1117100406166138,0.28381535593154755,1.2268649057101362,0.01,1.0,,,
15900,3.1162109375,0.0,3.1162109375,0.000140625,7.8125e-05,191814.46915115582,8.336703488,0.10894031953945298,0.26461242945134394,1.2241658352381781,0.01,1.0,,,
15910,3.2890625,0.0,3.2890625,0.0001404241071428571,7.801339285714284e-05,191897.27204411165,8.341946368,0.15614051189169983,0.3768320397228552,1.221469354140336,0.01,1.0,,,
15920,3.2177734375,0.0,3.2177734375,0.00014022321428571428,7.790178571428572e-05,191979.34222433766,8.347189248,0.2438737045239662,0.3880779694626917,1.2187754674914921,0.01,1.0,,,
15930,2.8583984375,0.0,2.8583984375,0.0001400223214285714,7.779017857142856e-05,192060.63154673288,8.352432128,0.16570991194526083,0.2668431414455848,1.216084180361648,0.01,1.0,,,
15940,2.9375,0.0,2.9375,0.00013982142857142858,7.767857142857144e-05,192141.2843966259,8.357675008,0.10927506244733792,0.4624920154218217,1.2133954978159123,0.01,1.0,,,
15950,2.986328125,0.0,2.986328125,0.0001396205357142857,7.756696428571428e-05,192221.18916412522,8.362917888,0.10621265806659617,0.16230648030350353,1.2107094249144918,0.01,1.0,,,
15960,1.9970703125,0.0,1.9970703125,0.00013941964285714285,7.745535714285714e-05,192300.23229809338,8.368160768,0.11207709110145597,0.295685254579957,1.2080259667126807,0.01,1.0,,,
15970,1.57861328125,0.0,1.57861328125,0.00013921874999999997,7.734374999999999e-05,192360.1665677975,8.373403648,0.11159684070672049,0.23634980735369218,1.2053451282608532,0.01,1.0,,,
15980,2.8330078125,0.0,2.8330078125,0.00013901785714285714,7.723214285714286e-05,192374.34458839425,8.378646528,0.23193826686000532,0.7083121858822206,1.2026669146044535,0.01,1.0,,,
15990,3.0,0.0,3.0,0.00013881696428571426,7.712053571428571e-05,192358.16100432182,8.383889408,0.11489877653308005,0.2665921178843145,1.1999913307839847,0.01,1.0,,,
16000,3.28515625,0.0,3.28515625,0.00013861607142857143,7.700892857142858e-05,192302.90498954887,8.389132288,0.10911728033458709,0.2803296999800773,1.197318381835002,0.01,1.0,,,
16000,,,,,,,,,,,,,0.0,0.0,0.0
16010,3.4921875,0.0,3.4921875,0.00013841517857142855,7.689732142857141e-05,192068.88554792647,8.394375168,0.1321429401724923,0.4587965192170016,1.194648072788099,0.01,1.0,,,
16020,3.1953125,0.0,3.1953125,0.00013821428571428573,7.67857142857143e-05,192015.46076722216,8.399618048,0.11430294031374033,0.3420903151869253,1.1919804086689028,0.01,1.0,,,
16030,3.22265625,0.0,3.22265625,0.00013801339285714285,7.667410714285713e-05,191903.87455610544,8.404860928,0.10865686096418516,0.25942809646533127,1.1893153944980648,0.01,1.0,,,
16040,2.9462890625,0.0,2.9462890625,0.0001378125,7.656250000000001e-05,191850.29739710395,8.410103808,0.1311962863052791,0.23521952325081008,1.1866530352912437,0.01,1.0,,,
16050,2.8837890625,0.0,2.8837890625,0.00013761160714285712,7.645089285714285e-05,191765.596450558,8.415346688,0.10731386455142013,0.20070941004642173,1.1839933360591057,0.01,1.0,,,
16060,2.9169921875,0.0,2.9169921875,0.0001374107142857143,7.633928571428573e-05,191730.30180327105,8.420589568,0.1112095705637674,0.2524786179011695,1.1813363018073098,0.01,1.0,,,
16070,2.767578125,0.0,2.767578125,0.0001372098214285714,7.622767857142857e-05,191687.0613496207,8.425832448,0.11251257091634699,0.2706803997993249,1.1786819375364996,0.01,1.0,,,
16080,2.8662109375,0.0,2.8662109375,0.00013700892857142858,7.611607142857143e-05,191649.6371084528,8.431075328,0.10745598409999846,0.2311843441794517,1.1760302482422915,0.01,1.0,,,
16090,3.4033203125,0.0,3.4033203125,0.0001368080357142857,7.600446428571428e-05,191534.40676415947,8.436318208,0.14970572112115002,0.507125412190445,1.1733812389152707,0.01,1.0,,,
16100,3.091796875,0.0,3.091796875,0.00013660714285714288,7.589285714285715e-05,191410.2830415678,8.441561088,0.12198136813996159,0.4852825134247048,1.1707349145409764,0.01,1.0,,,
16110,3.1533203125,0.0,3.1533203125,0.00013640625,7.578125e-05,191358.6012509248,8.446803968,0.12047217006389388,0.3343488067236594,1.1680912800998968,0.01,1.0,,,
16120,3.23046875,0.0,3.23046875,0.00013620535714285715,7.566964285714287e-05,191371.6384240946,8.452046848,0.1164149653679998,0.41431440810566095,1.165450340567454,0.01,1.0,,,
16130,3.2392578125,0.0,3.2392578125,0.00013600446428571427,7.55580357142857e-05,191357.08444516745,8.457289728,0.17016933731154427,0.3457136612555662,1.1628121009140011,0.01,1.0,,,
16140,3.1328125,0.0,3.1328125,0.00013580357142857144,7.544642857142859e-05,191307.8490892746,8.462532608,0.1215561393309773,0.2842584872340034,1.1601765661048096,0.01,1.0,,,
16150,2.9921875,0.0,2.9921875,0.00013560267857142856,7.533482142857142e-05,191317.13208840173,8.467775488,0.12169537229363345,0.3382513648527032,1.15754374110006,0.01,1.0,,,
16160,3.2021484375,0.0,3.2021484375,0.00013540178571428573,7.52232142857143e-05,191290.65254485037,8.473018368,0.1173212809678651,0.4124335658612445,1.1549136308548313,0.01,1.0,,,
16170,3.10986328125,0.0,3.10986328125,0.00013520089285714285,7.511160714285714e-05,191333.78681463544,8.478261248,0.10908246518275706,0.27148833368079983,1.1522862403190959,0.01,1.0,,,
16180,3.294921875,0.0,3.294921875,0.00013500000000000003,7.500000000000001e-05,191382.28368190018,8.483504128,0.10716994680336436,0.26950875152075404,1.1496615744377061,0.01,1.0,,,
16190,2.9833984375,0.0,2.9833984375,0.00013479910714285712,7.488839285714286e-05,191432.1634035976,8.488747008,0.11069503107238954,0.27751461476465517,1.147039638150387,0.01,1.0,,,
16200,3.2158203125,0.0,3.2158203125,0.0001345982142857143,7.477678571428572e-05,191456.78769047416,8.493989888,0.12621750973261392,0.45269119589130274,1.1444204363917243,0.01,1.0,,,
16210,3.20703125,0.0,3.20703125,0.00013439732142857142,7.466517857142858e-05,191502.6341600111,8.499232768,0.11636477083067226,0.41621909856576034,1.1418039740911605,0.01,1.0,,,
16220,3.34765625,0.0,3.34765625,0.0001341964285714286,7.455357142857144e-05,191466.46836514043,8.504475648,0.10536213227240572,0.319036779155554,1.13919025617298,0.01,1.0,,,
16230,3.267578125,0.0,3.267578125,0.0001339955357142857,7.444196428571428e-05,191438.64132461767,8.509718528,0.10632338536301254,0.27530005602208857,1.1365792875563034,0.01,1.0,,,
16240,3.53515625,0.0,3.53515625,0.00013379464285714288,7.433035714285716e-05,191444.46435701018,8.514961408,0.11071619686863474,0.2459980564392911,1.1339710731550763,0.01,1.0,,,
16250,3.7099609375,0.0,3.7099609375,0.00013359375,7.421875e-05,191436.00379183836,8.520204288,0.10525740227838447,0.2600058790199352,1.131365617878061,0.01,1.0,,,
16260,3.3740234375,0.0,3.3740234375,0.00013339285714285712,7.410714285714285e-05,191426.40720912747,8.525447168,0.12126633267574828,0.44967337046913336,1.128762926628827,0.01,1.0,,,
16270,3.017578125,0.0,3.017578125,0.00013319196428571427,7.399553571428572e-05,191421.98468113868,8.530690048,0.10830541881565856,0.25235538096546256,1.1261630043057427,0.01,1.0,,,
16280,3.11328125,0.0,3.11328125,0.0001329910714285714,7.388392857142855e-05,191425.99294536287,8.535932928,0.11152396359656123,0.2545163124938845,1.1235658558019626,0.01,1.0,,,
16290,3.125,0.0,3.125,0.00013279017857142857,7.377232142857143e-05,191446.4054554113,8.541175808,0.11560695409373947,0.3489062884100432,1.1209714860054234,0.01,1.0,,,
16300,3.1533203125,0.0,3.1533203125,0.0001325892857142857,7.366071428571427e-05,191515.66043430747,8.546418688,0.14157597636709085,0.5590354502639933,1.1183798997988315,0.01,1.0,,,
16310,2.953125,0.0,2.953125,0.00013238839285714286,7.354910714285715e-05,191582.12211496368,8.551661568,0.12035082572773963,0.30247914917745405,1.1157911020596547,0.01,1.0,,,
16320,2.7919921875,0.0,2.7919921875,0.00013218749999999998,7.343749999999999e-05,191619.59749574316,8.556904448,0.13557189381876059,0.33897831844121734,1.1132050976601109,0.01,1.0,,,
16330,2.642578125,0.0,2.642578125,0.00013198660714285716,7.332589285714287e-05,191684.34134588862,8.562147328,0.12512716475770227,0.2663146201265041,1.110621891467163,0.01,1.0,,,
16340,3.3447265625,0.0,3.3447265625,0.00013178571428571428,7.321428571428571e-05,191743.7991495454,8.567390208,0.1303931117651282,0.46025593158432276,1.1080414883425076,0.01,1.0,,,
16350,3.37109375,0.0,3.37109375,0.00013158482142857142,7.310267857142857e-05,191810.47002660588,8.572633088,0.12214220094319728,0.4247194780088578,1.1054638931425647,0.01,1.0,,,
16360,3.1650390625,0.0,3.1650390625,0.00013138392857142854,7.299107142857142e-05,191876.82717860863,8.577875968,0.11715983659604651,0.24301101591099356,1.102889110718469,0.01,1.0,,,
16370,2.921875,0.0,2.921875,0.00013118303571428572,7.287946428571429e-05,191942.41812815063,8.583118848,0.11100396064529867,0.23918869736300563,1.1003171459160634,0.01,1.0,,,
16380,2.98046875,0.0,2.98046875,0.00013098214285714284,7.276785714285714e-05,192007.5935012327,8.588361728,0.108338580369631,0.2591555459630921,1.0977480035758869,0.01,1.0,,,
16390,3.0224609375,0.0,3.0224609375,0.00013078125,7.265625000000001e-05,192072.28153657544,8.593604608,0.11139020574132857,0.26007297794801754,1.0951816885331676,0.01,1.0,,,
16400,3.1953125,0.0,3.1953125,0.00013058035714285713,7.254464285714285e-05,192136.48599312367,8.598847488,0.11994088513691209,0.3437223831740912,1.0926182056178093,0.01,1.0,,,
16410,3.1533203125,0.0,3.1533203125,0.0001303794642857143,7.243303571428573e-05,192200.20161269544,8.604090368,0.12123343152758835,0.237269271348142,1.0900575596543893,0.01,1.0,,,
16420,3.1201171875,0.0,3.1201171875,0.00013017857142857143,7.232142857142856e-05,192263.36861943733,8.609333248,0.11742340901714673,0.31529979975758154,1.0874997554621442,0.01,1.0,,,
16430,2.8154296875,0.0,2.8154296875,0.00012997767857142857,7.220982142857144e-05,192326.0311710353,8.614576128,0.11585520751353608,0.4655609901098777,1.0849447978549627,0.01,1.0,,,
16440,3.1708984375,0.0,3.1708984375,0.0001297767857142857,7.209821428571428e-05,192388.55472121201,8.619819008,0.1597839399002521,0.5546725009412837,1.0823926916413744,0.01,1.0,,,
16450,3.1796875,0.0,3.1796875,0.00012957589285714287,7.198660714285715e-05,192446.96788643996,8.625061888,0.10619884824043474,0.31516621873880885,1.0798434416245435,0.01,1.0,,,
16460,2.9189453125,0.0,2.9189453125,0.000129375,7.1875e-05,192499.58353805708,8.630304768,0.1111782370878495,0.3028256798300888,1.0772970526022618,0.01,1.0,,,
16470,3.2841796875,0.0,3.2841796875,0.00012917410714285716,7.176339285714286e-05,192544.55697578395,8.635547648,0.11809358444790059,0.2336344632380648,1.074753529366931,0.01,1.0,,,
16480,2.7744140625,0.0,2.7744140625,0.00012897321428571428,7.165178571428572e-05,192586.7635163371,8.640790528,0.11344994253438567,0.2644561813114909,1.072212876705563,0.01,1.0,,,
16490,3.2060546875,0.0,3.2060546875,0.00012877232142857146,7.154017857142858e-05,192634.24119684327,8.646033408,0.11418504356779494,0.4029895787630922,1.0696750993997663,0.01,1.0,,,
16500,2.892578125,0.0,2.892578125,0.00012857142857142855,7.142857142857142e-05,192685.5739018609,8.651276288,0.11983392054947746,0.2542301500699096,1.0671402022257377,0.01,1.0,,,
16500,,,,,,,,,,,,,0.0,0.0,0.0
16510,3.19140625,0.0,3.19140625,0.00012837053571428572,7.13169642857143e-05,192545.13651336037,8.656519168,0.11328253446418203,0.19108537358605643,1.0646081899542543,0.01,1.0,,,
16520,2.97265625,0.0,2.97265625,0.00012816964285714284,7.120535714285714e-05,192558.96665561316,8.661762048,0.11645998293260147,0.2642637777614773,1.062079067350662,0.01,1.0,,,
16530,3.0869140625,0.0,3.0869140625,0.00012796875000000002,7.109375000000002e-05,192575.1313045192,8.667004928,0.10854877481542713,0.23829424828523635,1.059552839174869,0.01,1.0,,,
16540,3.115234375,0.0,3.115234375,0.00012776785714285714,7.098214285714286e-05,192577.58293740283,8.672247808,0.1167653992386177,0.35623400669451855,1.0570295101813367,0.01,1.0,,,
16550,3.1083984375,0.0,3.1083984375,0.0001275669642857143,7.087053571428572e-05,192588.56936525926,8.677490688,0.1294867119493222,0.2793387189896604,1.0545090851190708,0.01,1.0,,,
16560,3.162109375,0.0,3.162109375,0.00012736607142857143,7.075892857142857e-05,192621.16174705361,8.682733568,0.11853264847234324,0.2901888815738784,1.0519915687316086,0.01,1.0,,,
16570,2.865234375,0.0,2.865234375,0.00012716517857142858,7.064732142857144e-05,192635.40450580348,8.687976448,0.14933321728062934,0.31885292637299084,1.049476965757016,0.01,1.0,,,
16580,3.0556640625,0.0,3.0556640625,0.0001269642857142857,7.053571428571429e-05,192657.35923869818,8.693219328,0.1119971021547639,0.2721550282986318,1.0469652809278753,0.01,1.0,,,
16590,3.0,0.0,3.0,0.00012676339285714287,7.042410714285716e-05,192686.22038751014,8.698462208,0.16489259438037016,0.48265206454060267,1.0444565189712764,0.01,1.0,,,
16600,3.40234375,0.0,3.40234375,0.0001265625,7.031250000000001e-05,192719.91724060167,8.703705088,0.11435137728404164,0.3035519803772741,1.0419506846088074,0.01,1.0,,,
16610,2.9833984375,0.0,2.9833984375,0.0001263616071428571,7.020089285714285e-05,192744.50104188733,8.708947968,0.11483130359905562,0.2615026253189263,1.0394477825565476,0.01,1.0,,,
16620,2.947265625,0.0,2.947265625,0.0001261607142857143,7.008928571428571e-05,192763.02660077452,8.714190848,0.1094323235458619,0.25460642355171226,1.036947817525057,0.01,1.0,,,
16630,2.072998046875,0.0,2.072998046875,0.0001259598214285714,6.997767857142856e-05,192797.7193704746,8.719433728,0.13919372101689267,0.27875374846908885,1.03445079421937,0.01,1.0,,,
16640,3.19921875,0.0,3.19921875,0.00012575892857142858,6.986607142857143e-05,192853.55928520794,8.724676608,0.11611472692265438,0.3489299249250935,1.0319567173389805,0.01,1.0,,,
16650,3.271484375,0.0,3.271484375,0.0001255580357142857,6.975446428571428e-05,192909.13872181688,8.729919488,0.11057152298683523,0.23896306034880097,1.0294655915778406,0.01,1.0,,,
16660,3.2138671875,0.0,3.2138671875,0.00012535714285714285,6.964285714285715e-05,192964.18375985333,8.735162368,0.11313466864638295,0.3297266364475874,1.026977421624347,0.01,1.0,,,
16670,3.21875,0.0,3.21875,0.00012515624999999997,6.953124999999999e-05,193018.72429908768,8.740405248,0.1085466079128771,0.39180493864197063,1.0244922121613338,0.01,1.0,,,
16680,3.1669921875,0.0,3.1669921875,0.00012495535714285714,6.941964285714286e-05,193073.39536765034,8.745648128,0.11242271365299432,0.30536486425890347,1.022009967866063,0.01,1.0,,,
16690,2.734375,0.0,2.734375,0.00012475446428571426,6.93080357142857e-05,193127.38246016824,8.750891008,0.12172243372255734,0.23756563546192846,1.019530693410216,0.01,1.0,,,
16700,3.255859375,0.0,3.255859375,0.00012455357142857144,6.919642857142858e-05,193178.19889081648,8.756133888,0.1749887635217741,0.38582949942666417,1.0170543934598864,0.01,1.0,,,
16710,3.1953125,0.0,3.1953125,0.00012435267857142856,6.908482142857142e-05,193231.59615841758,8.761376768,0.11803174545314712,0.33463705174942293,1.0145810726755662,0.01,1.0,,,
16720,2.8505859375,0.0,2.8505859375,0.00012415178571428573,6.897321428571429e-05,193284.60909677538,8.766619648,0.13716577143760358,0.4134999540961471,1.0121107357121433,0.01,1.0,,,
16730,2.685546875,0.0,2.685546875,0.00012395089285714283,6.886160714285714e-05,193337.38997496132,8.771862528,0.12160815293323424,0.26785215729242556,1.0096433872188895,0.01,1.0,,,
16740,3.34375,0.0,3.34375,0.00012375,6.875e-05,193345.89613237543,8.777105408,0.13083205480024926,0.40408157235825254,1.007179031839452,0.01,1.0,,,
16750,3.5126953125,0.0,3.5126953125,0.00012354910714285712,6.863839285714286e-05,193330.9201188409,8.782348288,0.13241027691146895,0.40620645592569815,1.0047176742118453,0.01,1.0,,,
16760,2.8671875,0.0,2.8671875,0.0001233482142857143,6.852678571428572e-05,193302.01691058345,8.787591168,0.11213522971522373,0.26636630693226054,1.0022593189684397,0.01,1.0,,,
16770,3.3828125,0.0,3.3828125,0.00012314732142857141,6.841517857142856e-05,193270.7521093292,8.792834048,0.1133948328743201,0.542288928605612,0.9998039707359578,0.01,1.0,,,
16780,2.9443359375,0.0,2.9443359375,0.0001229464285714286,6.830357142857144e-05,193268.55582459347,8.798076928,0.1125951420039998,0.2597184545227303,0.9973516341354614,0.01,1.0,,,
16790,2.9580078125,0.0,2.9580078125,0.0001227455357142857,6.819196428571428e-05,193200.12953122318,8.803319808,0.11466052772011855,0.2514886721365486,0.9949023137823456,0.01,1.0,,,
16800,3.3720703125,0.0,3.3720703125,0.00012254464285714286,6.808035714285716e-05,193130.84227164,8.808562688,0.12462199992776928,0.2896696840376444,0.9924560142863266,0.01,1.0,,,
16810,3.2080078125,0.0,3.2080078125,0.00012234374999999998,6.796875e-05,193106.37876681658,8.813805568,0.10986803532536528,0.23856264807779462,0.9900127402514363,0.01,1.0,,,
16820,3.0888671875,0.0,3.0888671875,0.00012214285714285715,6.785714285714286e-05,193047.3432639136,8.819048448,0.11999168473721591,0.20983652876416753,0.9875724962760137,0.01,1.0,,,
16830,3.1748046875,0.0,3.1748046875,0.00012194196428571427,6.774553571428571e-05,192975.31732629045,8.824291328,0.1132818532435235,0.19133869208136897,0.9851352869526946,0.01,1.0,,,
16840,3.623046875,0.0,3.623046875,0.00012174107142857144,6.763392857142858e-05,192860.54807751966,8.829534208,0.11464457360734343,0.30195266768199086,0.982701116868401,0.01,1.0,,,
16850,3.1376953125,0.0,3.1376953125,0.00012154017857142856,6.752232142857143e-05,192763.32593350857,8.834777088,0.11578080133533031,0.48619660444785634,0.980269990604338,0.01,1.0,,,
16860,3.11328125,0.0,3.11328125,0.00012133928571428572,6.74107142857143e-05,192681.03167316853,8.840019968,0.11662772634622307,0.28476152801576005,0.9778419127359812,0.01,1.0,,,
16870,3.1162109375,0.0,3.1162109375,0.00012113839285714284,6.729910714285713e-05,192611.9632329815,8.845262848,0.11203949094897821,0.45708481619223956,0.9754168878330693,0.01,1.0,,,
16880,3.134765625,0.0,3.134765625,0.00012093750000000002,6.718750000000001e-05,192572.42603098854,8.850505728,0.12348154571292021,0.39567494753088356,0.9729949204595933,0.01,1.0,,,
16890,3.380859375,0.0,3.380859375,0.00012073660714285714,6.707589285714285e-05,192558.86477433797,8.855748608,0.13025142385087424,0.35063789153148006,0.9705760151737919,0.01,1.0,,,
16900,2.7529296875,0.0,2.7529296875,0.0001205357142857143,6.696428571428573e-05,192509.85975480033,8.860991488,0.12590152185421705,0.258984546365465,0.9681601765281413,0.01,1.0,,,
16910,2.9013671875,0.0,2.9013671875,0.00012033482142857142,6.685267857142857e-05,192465.04609684047,8.866234368,0.1258882640667238,0.29374622473891066,0.9657474090693434,0.01,1.0,,,
16920,3.0146484375,0.0,3.0146484375,0.0001201339285714286,6.674107142857145e-05,192449.32507455233,8.871477248,0.1185738137091419,0.2224381012518263,0.9633377173383222,0.01,1.0,,,
16930,3.2216796875,0.0,3.2216796875,0.00011993303571428571,6.662946428571429e-05,192388.21246726168,8.876720128,0.1457866999052896,0.2533303598186766,0.9609311058702126,0.01,1.0,,,
16940,3.23046875,0.0,3.23046875,0.00011973214285714287,6.651785714285715e-05,192338.75491404568,8.881963008,0.12568857889011464,0.2614884509068572,0.9585275791943522,0.01,1.0,,,
16950,3.0068359375,0.0,3.0068359375,0.00011953125,6.640625e-05,192299.73443960684,8.887205888,0.12160907523464325,0.5276640070916081,0.9561271418342736,0.01,1.0,,,
16960,2.8583984375,0.0,2.8583984375,0.00011933035714285712,6.629464285714284e-05,192244.07229681266,8.892448768,0.11969154294171729,0.27894407601098525,0.9537297983076933,0.01,1.0,,,
16970,2.63671875,0.0,2.63671875,0.00011912946428571429,6.618303571428572e-05,192162.17162181047,8.897691648,0.13268068035943556,0.4075759641995576,0.9513355531265069,0.01,1.0,,,
16980,2.818359375,0.0,2.818359375,0.0001189285714285714,6.607142857142856e-05,192093.11459108136,8.902934528,0.11992896041554185,0.28334378239367936,0.9489444107967779,0.01,1.0,,,
16990,2.7548828125,0.0,2.7548828125,0.00011872767857142857,6.595982142857143e-05,192085.959140541,8.908177408,0.11186982458873304,0.22281166961070387,0.9465563758187314,0.01,1.0,,,
17000,3.2490234375,0.0,3.2490234375,0.00011852678571428569,6.584821428571428e-05,192046.06875971513,8.913420288,0.12108300124365312,0.2625928214865687,0.9441714526867417,0.01,1.0,,,
17000,,,,,,,,,,,,,0.0,0.0,0.0
17010,2.890625,0.0,2.890625,0.00011832589285714286,6.573660714285714e-05,191852.57298079497,8.918663168,0.11708785962477888,0.23613376613583145,0.9417896458893289,0.01,1.0,,,
17020,3.041015625,0.0,3.041015625,0.00011812499999999997,6.5625e-05,191775.67230962744,8.923906048,0.121994621536746,0.2857324915877276,0.9394109599091476,0.01,1.0,,,
17030,2.8251953125,0.0,2.8251953125,0.00011792410714285715,6.551339285714286e-05,191739.98193148174,8.929148928,0.12053162885701604,0.24415430964140064,0.9370353992229785,0.01,1.0,,,
17040,3.1103515625,0.0,3.1103515625,0.00011772321428571427,6.54017857142857e-05,191729.0320025382,8.934391808,0.11337519162907449,0.4048978463227686,0.9346629683017198,0.01,1.0,,,
17050,3.2958984375,0.0,3.2958984375,0.00011752232142857143,6.529017857142858e-05,191672.29374532928,8.939634688,0.12320331287508285,0.2953823771101593,0.9322936716103802,0.01,1.0,,,
17060,3.2529296875,0.0,3.2529296875,0.00011732142857142855,6.517857142857142e-05,191631.1859299127,8.944877568,0.11125950329605211,0.3269543976028147,0.9299275136080696,0.01,1.0,,,
17070,3.0703125,0.0,3.0703125,0.00011712053571428572,6.50669642857143e-05,191571.97246995877,8.950120448,0.10987680710477847,0.25219717979917994,0.9275644987479916,0.01,1.0,,,
17080,3.15625,0.0,3.15625,0.00011691964285714284,6.495535714285714e-05,191523.4609732281,8.955363328,0.1115635970156103,0.1771948366629832,0.9252046314774311,0.01,1.0,,,
17090,3.20703125,0.0,3.20703125,0.00011671875,6.484375e-05,191552.3355067038,8.960606208,0.12481005766665673,0.38440533144423256,0.9228479162377528,0.01,1.0,,,
17100,3.0546875,0.0,3.0546875,0.00011651785714285712,6.473214285714285e-05,191533.8079552077,8.965849088,0.11577374700799786,0.30742395281864304,0.9204943574643871,0.01,1.0,,,
17110,2.9375,0.0,2.9375,0.0001163169642857143,6.462053571428572e-05,191512.56142652672,8.971091968,0.1158041343422798,0.43067445487253403,0.9181439595868248,0.01,1.0,,,
17120,2.9287109375,0.0,2.9287109375,0.00011611607142857142,6.450892857142857e-05,191508.81070449937,8.976334848,0.106683164075264,0.2537395805452829,0.9157967270286069,0.01,1.0,,,
17130,3.0205078125,0.0,3.0205078125,0.00011591517857142858,6.439732142857144e-05,191500.49814364302,8.981577728,0.14595888282523733,0.3539167492608502,0.9134526642073177,0.01,1.0,,,
17140,3.0517578125,0.0,3.0517578125,0.0001157142857142857,6.428571428571427e-05,191497.99289537262,8.986820608,0.11775108647584835,0.3297422603172834,0.911111775534577,0.01,1.0,,,
17150,2.923828125,0.0,2.923828125,0.00011551339285714287,6.417410714285715e-05,191487.92767238867,8.992063488,0.11888149462321995,0.4449426790966374,0.9087740654160277,0.01,1.0,,,
17160,3.2724609375,0.0,3.2724609375,0.00011531249999999999,6.406249999999999e-05,191478.3884892954,8.997306368,0.12734051061708515,0.48879750280704987,0.9064395382513326,0.01,1.0,,,
17170,2.90234375,0.0,2.90234375,0.00011511160714285715,6.395089285714287e-05,191446.6713491165,9.002549248,0.10223342449702918,0.24022817509443292,0.9041081984341648,0.01,1.0,,,
17180,3.0546875,0.0,3.0546875,0.00011491071428571427,6.383928571428571e-05,191434.69592329592,9.007792128,0.11646448199954332,0.2609822044303995,0.9017800503521969,0.01,1.0,,,
17190,3.05859375,0.0,3.05859375,0.00011470982142857145,6.372767857142859e-05,191429.15725916548,9.013035008,0.19750842042684144,0.41584150089086286,0.8994550983870966,0.01,1.0,,,
17200,3.1611328125,0.0,3.1611328125,0.00011450892857142857,6.361607142857143e-05,191437.8408669744,9.018277888,0.112837861673351,0.2804600297730385,0.8971333469145131,0.01,1.0,,,
17210,2.8798828125,0.0,2.8798828125,0.00011430803571428573,6.350446428571429e-05,191424.45153096833,9.023520768,0.11390913936006436,0.29699536135995175,0.8948148003040752,0.01,1.0,,,
17220,2.6171875,0.0,2.6171875,0.00011410714285714285,6.339285714285714e-05,191391.87154213357,9.028763648,0.16751855962323947,0.5794218816743064,0.8924994629193796,0.01,1.0,,,
17230,3.06640625,0.0,3.06640625,0.00011390625000000002,6.328125000000001e-05,191364.78827363037,9.034006528,0.11778413466674266,0.29755267495949395,0.8901873391179822,0.01,1.0,,,
17240,2.365234375,0.0,2.365234375,0.00011370535714285714,6.316964285714286e-05,191330.38233916846,9.039249408,0.124144420911257,0.28785297489271516,0.88787843325139,0.01,1.0,,,
17250,2.970703125,0.0,2.970703125,0.0001135044642857143,6.305803571428573e-05,191285.58450964102,9.044492288,0.11462701815984525,0.2634067428220934,0.8855727496650558,0.01,1.0,,,
17260,3.083984375,0.0,3.083984375,0.00011330357142857142,6.294642857142857e-05,191241.21612674254,9.049735168,0.12444663619003549,0.23996398532898577,0.8832702926983669,0.01,1.0,,,
17270,3.013671875,0.0,3.013671875,0.0001131026785714286,6.283482142857145e-05,191253.85751446072,9.054978048,0.15522255827789774,0.46647065134371385,0.8809710666846386,0.01,1.0,,,
17280,2.7978515625,0.0,2.7978515625,0.00011290178571428572,6.272321428571428e-05,191249.9099164562,9.060220928,0.17146365564400512,0.6593138963053709,0.8786750759511035,0.01,1.0,,,
17290,2.7509765625,0.0,2.7509765625,0.00011270089285714288,6.261160714285716e-05,191250.98503263138,9.065463808,0.11278394134612946,0.38397139848122236,0.8763823248189073,0.01,1.0,,,
17300,2.66552734375,0.0,2.66552734375,0.0001125,6.25e-05,191254.22354369986,9.070706688,0.11874823410215356,0.30368336601904933,0.8740928176030982,0.01,1.0,,,
17310,3.1005859375,0.0,3.1005859375,0.00011229910714285712,6.238839285714284e-05,191271.3446133606,9.075949568,0.11562130206692657,0.28194281407742205,0.8718065586126196,0.01,1.0,,,
17320,3.21875,0.0,3.21875,0.00011209821428571428,6.227678571428572e-05,191292.19283552436,9.081192448,0.12887345643553752,0.32050089197309944,0.8695235521502993,0.01,1.0,,,
17330,3.12109375,0.0,3.12109375,0.0001118973214285714,6.216517857142856e-05,191319.24026879418,9.086435328,0.11548028624269212,0.3701657473637034,0.8672438025128457,0.01,1.0,,,
17340,3.23046875,0.0,3.23046875,0.00011169642857142857,6.205357142857144e-05,191317.15899691594,9.091678208,0.11378897996881872,0.4205926784716565,0.8649673139908394,0.01,1.0,,,
17350,3.3369140625,0.0,3.3369140625,0.00011149553571428569,6.194196428571427e-05,191305.67460314164,9.096921088,0.12520182956796624,0.3679893802251359,0.86269409086872,0.01,1.0,,,
17360,3.0732421875,0.0,3.0732421875,0.00011129464285714285,6.183035714285714e-05,191311.6356269894,9.102163968,0.11934986666406219,0.38034945904620787,0.860424137424783,0.01,1.0,,,
17370,3.1904296875,0.0,3.1904296875,0.00011109374999999997,6.171874999999999e-05,191312.39718124687,9.107406848,0.12396570783816999,0.5069080673439179,0.8581574579311704,0.01,1.0,,,
17380,3.2392578125,0.0,3.2392578125,0.00011089285714285715,6.160714285714286e-05,191345.32301678625,9.112649728,0.14787883030094687,0.3533470570348888,0.8558940566538633,0.01,1.0,,,
17390,3.4306640625,0.0,3.4306640625,0.00011069196428571427,6.149553571428571e-05,191392.43018192795,9.117892608,0.13243131161647073,0.2688146761331254,0.8536339378526703,0.01,1.0,,,
17400,3.1455078125,0.0,3.1455078125,0.00011049107142857143,6.138392857142858e-05,191439.3392448235,9.123135488,0.11383165194167828,0.21038616533079582,0.8513771057812249,0.01,1.0,,,
17410,3.083984375,0.0,3.083984375,0.00011029017857142855,6.127232142857141e-05,191472.9021455354,9.128378368,0.11889319920875561,0.333843280556032,0.8491235646869744,0.01,1.0,,,
17420,3.0634765625,0.0,3.0634765625,0.00011008928571428572,6.116071428571429e-05,191519.56229768667,9.133621248,0.11287585730596453,0.2832639946212764,0.8468733188111712,0.01,1.0,,,
17430,2.236328125,0.0,2.236328125,0.00010988839285714284,6.104910714285713e-05,191565.86491195622,9.138864128,0.14562011100136196,0.2622948228262459,0.8446263723888681,0.01,1.0,,,
17440,3.15234375,0.0,3.15234375,0.0001096875,6.0937500000000004e-05,191612.0643970808,9.144107008,0.12611069043182696,0.45401851238209623,0.8423827296489048,0.01,1.0,,,
17450,3.42578125,0.0,3.42578125,0.00010948660714285712,6.082589285714285e-05,191658.1804415708,9.149349888,0.11429053186462988,0.24209440053638054,0.8401423948139066,0.01,1.0,,,
17460,2.9453125,0.0,2.9453125,0.0001092857142857143,6.071428571428572e-05,191703.75918291835,9.154592768,0.11073411427514299,0.216470168225752,0.8379053721002718,0.01,1.0,,,
17470,3.3974609375,0.0,3.3974609375,0.00010908482142857142,6.060267857142857e-05,191749.1762427431,9.159835648,0.10856557937341856,0.4147341508528839,0.8356716657181658,0.01,1.0,,,
17480,2.88330078125,0.0,2.88330078125,0.00010888392857142858,6.049107142857144e-05,191794.99772360147,9.165078528,0.11987625813465083,0.2967308780666243,0.8334412798715107,0.01,1.0,,,
17490,2.9384765625,0.0,2.9384765625,0.0001086830357142857,6.037946428571428e-05,191811.99466374796,9.170321408,0.1125049792973464,0.2564389031058511,0.8312142187579812,0.01,1.0,,,
17500,2.8857421875,0.0,2.8857421875,0.00010848214285714287,6.026785714285715e-05,191821.79252118754,9.175564288,0.12774580516169023,0.25651371733726375,0.8289904865689943,0.01,1.0,,,
17500,,,,,,,,,,,,,0.0,0.0,0.0
17510,3.3740234375,0.0,3.3740234375,0.00010828124999999999,6.0156249999999995e-05,191756.642160573,9.180807168,0.11787661017654365,0.3545030575947812,0.8267700874897022,0.01,1.0,,,
17520,2.837890625,0.0,2.837890625,0.00010808035714285715,6.004464285714287e-05,191738.87223735807,9.186050048,0.11668723522508079,0.29560318217946757,0.8245530256989819,0.01,1.0,,,
17530,2.8125,0.0,2.8125,0.00010787946428571427,5.993303571428571e-05,191759.78786584266,9.191292928,0.10774592125601373,0.42512806955140126,0.8223393053694321,0.01,1.0,,,
17540,3.1123046875,0.0,3.1123046875,0.00010767857142857145,5.9821428571428585e-05,191790.01596456315,9.196535808,0.1253533287404943,0.25076261485372753,0.8201289306673616,0.01,1.0,,,
17550,3.0673828125,0.0,3.0673828125,0.00010747767857142857,5.9709821428571424e-05,191813.11668464923,9.201778688,0.12101810528212846,0.35817428145171737,0.8179219057527822,0.01,1.0,,,
17560,3.05078125,0.0,3.05078125,0.00010727678571428573,5.9598214285714296e-05,191832.06393871104,9.207021568,0.12327834694464967,0.28855415296012377,0.8157182347794025,0.01,1.0,,,
17570,2.9755859375,0.0,2.9755859375,0.00010707589285714285,5.948660714285714e-05,191862.3619662867,9.212264448,0.118739879522356,0.30344392628317174,0.8135179218946176,0.01,1.0,,,
17580,3.0595703125,0.0,3.0595703125,0.00010687500000000002,5.9375000000000013e-05,191890.42424422794,9.217507328,0.1259189645425605,0.4201566348139734,0.8113209712395042,0.01,1.0,,,
17590,2.8134765625,0.0,2.8134765625,0.00010667410714285713,5.926339285714286e-05,191918.3768519641,9.222750208,0.12987106700828768,0.23104092924622177,0.8091273869488078,0.01,1.0,,,
17600,2.9150390625,0.0,2.9150390625,0.0001064732142857143,5.9151785714285724e-05,191957.65496787042,9.227993088,0.13314763007943364,0.37811544397174324,0.806937173150942,0.01,1.0,,,
17610,3.4228515625,0.0,3.4228515625,0.00010627232142857142,5.904017857142857e-05,191985.60271525642,9.233235968,0.11981742833920091,0.2984391808785498,0.8047503339679754,0.01,1.0,,,
17620,3.15234375,0.0,3.15234375,0.0001060714285714286,5.892857142857144e-05,192004.77452974545,9.238478848,0.12320843493253378,0.32723344343507554,0.8025668735156257,0.01,1.0,,,
17630,3.103515625,0.0,3.103515625,0.0001058705357142857,5.881696428571429e-05,192041.32636169542,9.243721728,0.1138475781393609,0.2585412427617919,0.8003867959032507,0.01,1.0,,,
17640,3.15625,0.0,3.15625,0.00010566964285714288,5.870535714285716e-05,192077.65306945387,9.248964608,0.11131166316087253,0.280764529025652,0.7982101052338426,0.01,1.0,,,
17650,3.34375,0.0,3.34375,0.00010546875,5.859375e-05,192119.87657289862,9.254207488,0.11894494498260766,0.37516291982048444,0.7960368056040195,0.01,1.0,,,
17660,3.244140625,0.0,3.244140625,0.00010526785714285712,5.848214285714284e-05,192162.00270123378,9.259450368,0.12472631742170452,0.31836714415522854,0.7938669011040163,0.01,1.0,,,
17670,2.998046875,0.0,2.998046875,0.00010506696428571428,5.8370535714285715e-05,192203.7164101943,9.264693248,0.12734870372855245,0.2950911189412936,0.79170039581768,0.01,1.0,,,
17680,3.068359375,0.0,3.068359375,0.0001048660714285714,5.825892857142856e-05,192245.24691047086,9.269936128,0.11437115897507531,0.2545213742864439,0.7895372938224574,0.01,1.0,,,
17690,3.544921875,0.0,3.544921875,0.00010466517857142857,5.814732142857143e-05,192286.56960390543,9.275179008,0.1303987891412798,0.28778426367500953,0.7873775991893923,0.01,1.0,,,
17700,2.8359375,0.0,2.8359375,0.0001044642857142857,5.803571428571428e-05,192327.65926480855,9.280421888,0.1136034754616112,0.22504629155478884,0.7852213159831152,0.01,1.0,,,
17710,2.876953125,0.0,2.876953125,0.00010426339285714285,5.7924107142857144e-05,192368.8284944608,9.285664768,0.12162702166859476,0.3488012480991839,0.7830684482618366,0.01,1.0,,,
17720,2.880859375,0.0,2.880859375,0.00010406249999999997,5.781249999999999e-05,192409.62695155133,9.290907648,0.11533611826675169,0.20924155911951767,0.7809190000773372,0.01,1.0,,,
17730,2.7763671875,0.0,2.7763671875,0.00010386160714285715,5.770089285714286e-05,192450.1270548791,9.296150528,0.11951205281777004,0.30887223613858733,0.7787729754749637,0.01,1.0,,,
17740,2.7666015625,0.0,2.7666015625,0.00010366071428571427,5.7589285714285707e-05,192467.2966972742,9.301393408,0.10968378306128677,0.19492297379581255,0.7766303784936193,0.01,1.0,,,
17750,3.0341796875,0.0,3.0341796875,0.00010345982142857143,5.747767857142858e-05,192487.00119925704,9.306636288,0.11485648194879297,0.27125209102491443,0.7744912131657564,0.01,1.0,,,
17760,2.837890625,0.0,2.837890625,0.00010325892857142855,5.736607142857142e-05,192468.32468350045,9.311879168,0.12720455171322345,0.37931437105098137,0.772355483517366,0.01,1.0,,,
17770,3.59375,0.0,3.59375,0.00010305803571428572,5.725446428571429e-05,192388.7895180139,9.317122048,0.182399551740932,0.44804680861484936,0.7702231935679786,0.01,1.0,,,
17780,3.21484375,0.0,3.21484375,0.00010285714285714284,5.7142857142857135e-05,192338.19625367285,9.322364928,0.12417570372983905,0.22944913057948885,0.7680943473306467,0.01,1.0,,,
17790,3.109375,0.0,3.109375,0.00010265625,5.703125000000001e-05,192064.0668600068,9.327607808,0.11191333553104844,0.24414864967177916,0.7659689488119421,0.01,1.0,,,
17800,3.109375,0.0,3.109375,0.00010245535714285713,5.691964285714285e-05,192072.7270665941,9.332850688,0.1259713044408189,0.33612789963137873,0.7638470020119492,0.01,1.0,,,
17810,2.896484375,0.0,2.896484375,0.0001022544642857143,5.6808035714285725e-05,192097.88794883242,9.338093568,0.11580818656570369,0.21039154900548923,0.7617285109242555,0.01,1.0,,,
17820,2.787109375,0.0,2.787109375,0.00010205357142857142,5.669642857142856e-05,192123.57922586057,9.343336448,0.11127144668469521,0.2807551583690792,0.759613479535945,0.01,1.0,,,
17830,2.8583984375,0.0,2.8583984375,0.00010185267857142858,5.6584821428571436e-05,192118.41947660325,9.348579328,0.1240246925764007,0.3634824806857317,0.7575019118275894,0.01,1.0,,,
17840,2.9736328125,0.0,2.9736328125,0.0001016517857142857,5.647321428571428e-05,192125.39692421874,9.353822208,0.12391255008230445,0.44048188461342047,0.7553938117732424,0.01,1.0,,,
17850,3.2138671875,0.0,3.2138671875,0.00010145089285714287,5.636160714285715e-05,192126.60405926924,9.359065088,0.1117832876394534,0.23281534113242844,0.7532891833404318,0.01,1.0,,,
17860,3.6025390625,0.0,3.6025390625,0.00010124999999999998,5.625e-05,192133.71108881198,9.364307968,0.11923072755404536,0.2612254294745837,0.7511880304901517,0.01,1.0,,,
17870,3.001953125,0.0,3.001953125,0.00010104910714285716,5.6138392857142864e-05,192117.9372216228,9.369550848,0.10443336156558276,0.34330335825827824,0.7490903571768535,0.01,1.0,,,
17880,3.154296875,0.0,3.154296875,0.00010084821428571428,5.602678571428571e-05,192103.83119294752,9.374793728,0.11289932708711146,0.36840690387080877,0.7469961673484415,0.01,1.0,,,
17890,2.9130859375,0.0,2.9130859375,0.00010064732142857145,5.591517857142858e-05,192098.8956425292,9.380036608,0.11078232147756703,0.24916350817996608,0.7449054649462634,0.01,1.0,,,
17900,3.1650390625,0.0,3.1650390625,0.00010044642857142856,5.580357142857143e-05,192104.00449880067,9.385279488,0.11642997471396369,0.3833541952442858,0.7428182539051034,0.01,1.0,,,
17910,3.83203125,0.0,3.83203125,0.00010024553571428573,5.56919642857143e-05,192105.99789043976,9.390522368,0.1387363142037995,0.29891902665983555,0.740734538153176,0.01,1.0,,,
17920,3.1025390625,0.0,3.1025390625,0.00010004464285714285,5.558035714285714e-05,192114.5871021168,9.395765248,0.11220501290624105,0.3208885398153855,0.7386543216121146,0.01,1.0,,,
17930,2.9970703125,0.0,2.9970703125,9.984375000000001e-05,5.546875000000001e-05,192137.77969032497,9.401008128,0.12249471906271776,0.3976835638672024,0.7365776081969699,0.01,1.0,,,
17940,2.908203125,0.0,2.908203125,9.964285714285713e-05,5.5357142857142855e-05,192156.26480492143,9.406251008,0.12212092904565135,0.22337388047895385,0.7345044018161981,0.01,1.0,,,
17950,2.9013671875,0.0,2.9013671875,9.94419642857143e-05,5.524553571428573e-05,192171.65298668706,9.411493888,0.1256690619243178,0.3188266282117917,0.7324347063716559,0.01,1.0,,,
17960,3.017578125,0.0,3.017578125,9.924107142857143e-05,5.513392857142857e-05,192208.0382935378,9.416736768,0.12844326895531402,0.42369531573205227,0.7303685257585903,0.01,1.0,,,
17970,3.185546875,0.0,3.185546875,9.904017857142859e-05,5.5022321428571445e-05,192236.19681865667,9.421979648,0.11091676291605763,0.2267424312456845,0.7283058638656352,0.01,1.0,,,
17980,2.11962890625,0.0,2.11962890625,9.88392857142857e-05,5.4910714285714284e-05,192274.56556597434,9.427222528,0.1535593650640936,0.3428105846945117,0.7262467245748021,0.01,1.0,,,
17990,2.90625,0.0,2.90625,9.863839285714288e-05,5.4799107142857156e-05,192312.81913045928,9.432465408,0.10598645039489872,0.26359280953160813,0.7241911117614719,0.01,1.0,,,
18000,3.544921875,0.0,3.544921875,9.84375e-05,5.46875e-05,192350.81900304547,9.437708288,0.1321535850859179,0.37489947863542206,0.722139029294389,0.01,1.0,,,
18000,,,,,,,,,,,,,0.0,0.0,0.0
18010,3.0947265625,0.0,3.0947265625,9.823660714285712e-05,5.4575892857142846e-05,192242.8635644869,9.442951168,0.10923363239158994,0.27719225055046154,0.7200904810356532,0.01,1.0,,,
18020,2.9892578125,0.0,2.9892578125,9.803571428571428e-05,5.446428571428572e-05,192264.64778236076,9.448194048,0.1163839428456016,0.2915095508854934,0.7180454708407142,0.01,1.0,,,
18030,3.0556640625,0.0,3.0556640625,9.78348214285714e-05,5.435267857142856e-05,192239.83426394098,9.453436928,0.11765060045872405,0.32175536658104686,0.7160040025583605,0.01,1.0,,,
18040,3.0986328125,0.0,3.0986328125,9.763392857142858e-05,5.424107142857143e-05,192239.69189803588,9.458679808,0.12178092543702286,0.4099064685021746,0.7139660800307155,0.01,1.0,,,
18050,3.16015625,0.0,3.16015625,9.74330357142857e-05,5.4129464285714275e-05,192257.55394048768,9.463922688,0.12384716293099524,0.5473866048981144,0.711931707093231,0.01,1.0,,,
18060,3.0576171875,0.0,3.0576171875,9.723214285714286e-05,5.401785714285715e-05,192281.34387381555,9.469165568,0.1260809216684407,0.33408445930103403,0.7099008875746768,0.01,1.0,,,
18070,2.701171875,0.0,2.701171875,9.703124999999998e-05,5.390624999999999e-05,192257.21831522856,9.474408448,0.12323111227741307,0.21662464922356803,0.7078736252971347,0.01,1.0,,,
18080,3.0400390625,0.0,3.0400390625,9.683035714285715e-05,5.3794642857142865e-05,192273.30633721626,9.479651328,0.11480784332201978,0.24415419171854919,0.7058499240759921,0.01,1.0,,,
18090,2.935546875,0.0,2.935546875,9.662946428571427e-05,5.36830357142857e-05,192285.07790133267,9.484894208,0.1290913838469611,0.3482142824477998,0.7038297877199349,0.01,1.0,,,
18100,2.9208984375,0.0,2.9208984375,9.642857142857143e-05,5.3571428571428575e-05,192275.55415505613,9.490137088,0.10722755028882847,0.416895412010546,0.7018132200309397,0.01,1.0,,,
18110,2.80078125,0.0,2.80078125,9.622767857142855e-05,5.345982142857142e-05,192305.00504193804,9.495379968,0.11223249600642356,0.4947627205330936,0.6998002248042654,0.01,1.0,,,
18120,2.880859375,0.0,2.880859375,9.602678571428573e-05,5.334821428571429e-05,192334.74682646617,9.500622848,0.12285251227086132,0.2793970020189986,0.6977908058284488,0.01,1.0,,,
18130,3.3330078125,0.0,3.3330078125,9.582589285714283e-05,5.323660714285714e-05,192352.79808917735,9.505865728,0.12965620511951254,0.21612058587651223,0.6957849668852955,0.01,1.0,,,
18140,3.2529296875,0.0,3.2529296875,9.562500000000001e-05,5.3125000000000004e-05,192375.26079147158,9.511108608,0.12334326184013324,0.37162586053829566,0.6937827117498733,0.01,1.0,,,
18150,2.8837890625,0.0,2.8837890625,9.542410714285713e-05,5.301339285714285e-05,192380.88682193373,9.516351488,0.122016790843101,0.343604781717432,0.6917840441905065,0.01,1.0,,,
18160,2.8671875,0.0,2.8671875,9.52232142857143e-05,5.290178571428572e-05,192397.23886990873,9.521594368,0.12200592661249565,0.2288047092640898,0.6897889679687643,0.01,1.0,,,
18170,3.8564453125,0.0,3.8564453125,9.502232142857141e-05,5.279017857142857e-05,192419.0966423016,9.526837248,0.13296390509500677,0.2789748746349568,0.6877974868394598,0.01,1.0,,,
18180,2.6865234375,0.0,2.6865234375,9.482142857142858e-05,5.267857142857144e-05,192455.95144198055,9.532080128,0.15285953208519623,0.3540182168412854,0.6858096045506391,0.01,1.0,,,
18190,3.28515625,0.0,3.28515625,9.46205357142857e-05,5.256696428571428e-05,192454.15435547993,9.537323008,0.11917071899898656,0.3211293133846058,0.683825324843575,0.01,1.0,,,
18200,3.0830078125,0.0,3.0830078125,9.441964285714286e-05,5.245535714285715e-05,192464.24657133708,9.542565888,0.11588333146462326,0.3876993555858362,0.681844651452759,0.01,1.0,,,
18210,3.1455078125,0.0,3.1455078125,9.421874999999998e-05,5.2343749999999995e-05,192477.66893464542,9.547808768,0.14297402237907694,0.6473082596416918,0.6798675881058975,0.01,1.0,,,
18220,2.9052734375,0.0,2.9052734375,9.401785714285716e-05,5.223214285714287e-05,192465.41150289486,9.553051648,0.11269984072733115,0.1825811584903878,0.6778941385239021,0.01,1.0,,,
18230,3.255859375,0.0,3.255859375,9.381696428571428e-05,5.212053571428571e-05,192474.7109586872,9.558294528,0.11875698474716989,0.30425532754107815,0.6759243064208817,0.01,1.0,,,
18240,3.33203125,0.0,3.33203125,9.361607142857144e-05,5.2008928571428585e-05,192477.14062244547,9.563537408,0.11858725171677688,0.22947289501565254,0.6739580955041382,0.01,1.0,,,
18250,2.951171875,0.0,2.951171875,9.341517857142856e-05,5.189732142857142e-05,192461.2563767022,9.568780288,0.10880030275828269,0.2811584324317466,0.6719955094741579,0.01,1.0,,,
18260,2.9423828125,0.0,2.9423828125,9.321428571428573e-05,5.1785714285714296e-05,192443.7714166035,9.574023168,0.1400553930699344,0.33785969840450936,0.6700365520246061,0.01,1.0,,,
18270,3.4052734375,0.0,3.4052734375,9.301339285714285e-05,5.167410714285714e-05,192407.31054193398,9.579266048,0.12350163377584716,0.31314250466410165,0.6680812268423164,0.01,1.0,,,
18280,3.080078125,0.0,3.080078125,9.281250000000001e-05,5.156250000000001e-05,192381.7764453185,9.584508928,0.11115511964769788,0.1887014424213933,0.6661295376072882,0.01,1.0,,,
18290,3.162109375,0.0,3.162109375,9.261160714285713e-05,5.145089285714286e-05,192369.4827715132,9.589751808,0.11900697715436136,0.2970638038639612,0.6641814879926783,0.01,1.0,,,
18300,3.2998046875,0.0,3.2998046875,9.241071428571431e-05,5.1339285714285724e-05,192376.56457271767,9.594994688,0.12767668584346956,0.4772619738292969,0.6622370816647929,0.01,1.0,,,
18310,2.927734375,0.0,2.927734375,9.220982142857143e-05,5.122767857142857e-05,192360.63836451827,9.600237568,0.1173217060690526,0.26333611805669743,0.66029632228308,0.01,1.0,,,
18320,2.8681640625,0.0,2.8681640625,9.200892857142859e-05,5.111607142857144e-05,192367.71867587985,9.605480448,0.12493376454692692,0.31831388188198656,0.6583592135001264,0.01,1.0,,,
18330,2.9326171875,0.0,2.9326171875,9.180803571428571e-05,5.100446428571429e-05,192372.94723167745,9.610723328,0.12369174368108499,0.3406594944480944,0.6564257589616465,0.01,1.0,,,
18340,3.0322265625,0.0,3.0322265625,9.160714285714288e-05,5.089285714285716e-05,192371.55088829756,9.615966208,0.10894210584931253,0.2811087310328882,0.654495962306479,0.01,1.0,,,
18350,2.9384765625,0.0,2.9384765625,9.140625e-05,5.0781250000000004e-05,192371.41204372776,9.621209088,0.11247151930414315,0.2830804218396307,0.6525698271665759,0.01,1.0,,,
18360,3.35546875,0.0,3.35546875,9.120535714285712e-05,5.066964285714284e-05,192378.12577823838,9.626451968,0.11719432770427264,0.2057387632210042,0.6506473571670004,0.01,1.0,,,
18370,3.087890625,0.0,3.087890625,9.100446428571428e-05,5.0558035714285715e-05,192408.1159163634,9.631694848,0.1256102618052366,0.5196429402707922,0.6487285559259159,0.01,1.0,,,
18380,3.1083984375,0.0,3.1083984375,9.08035714285714e-05,5.044642857142856e-05,192442.60319443993,9.636937728,0.12027594535099789,0.2289315302963555,0.6468134270545829,0.01,1.0,,,
18390,2.8994140625,0.0,2.8994140625,9.060267857142858e-05,5.033482142857143e-05,192476.93440318486,9.642180608,0.12337062917722036,0.18560217657842665,0.6449019741573495,0.01,1.0,,,
18400,2.7041015625,0.0,2.7041015625,9.040178571428568e-05,5.022321428571428e-05,192511.1523787383,9.647423488,0.11666878753855235,0.23995224699352072,0.642994200831644,0.01,1.0,,,
18410,2.923828125,0.0,2.923828125,9.020089285714286e-05,5.0111607142857144e-05,192540.82413702802,9.652666368,0.125794233179804,0.2576493431344989,0.6410901106679721,0.01,1.0,,,
18420,3.068359375,0.0,3.068359375,8.999999999999998e-05,4.999999999999999e-05,192566.2678703565,9.657909248,0.13860034495427034,0.3335474905779629,0.6391897072499063,0.01,1.0,,,
18430,2.9599609375,0.0,2.9599609375,8.979910714285715e-05,4.988839285714286e-05,192598.1005027589,9.663152128,0.1147817993288718,0.208333182904417,0.6372929941540808,0.01,1.0,,,
18440,2.8095703125,0.0,2.8095703125,8.959821428571426e-05,4.9776785714285706e-05,192631.7153645665,9.668395008,0.12255152684124028,0.30707812782795196,0.6353999749501842,0.01,1.0,,,
18450,3.572265625,0.0,3.572265625,8.939732142857143e-05,4.966517857142858e-05,192665.36151885995,9.673637888,0.1156757710599022,0.27017527955404325,0.6335106532009532,0.01,1.0,,,
18460,3.185546875,0.0,3.185546875,8.919642857142855e-05,4.955357142857142e-05,192682.25179853325,9.678880768,0.11193354293544436,0.35054179649163064,0.6316250324621667,0.01,1.0,,,
18470,3.0625,0.0,3.0625,8.899553571428571e-05,4.944196428571429e-05,192676.70122360514,9.684123648,0.11898988884896797,0.20646688408699468,0.6297431162826359,0.01,1.0,,,
18480,3.2314453125,0.0,3.2314453125,8.879464285714283e-05,4.9330357142857135e-05,192679.75351000592,9.689366528,0.11519926069200197,0.259588023112562,0.6278649082042016,0.01,1.0,,,
18490,3.0078125,0.0,3.0078125,8.859375000000001e-05,4.921875000000001e-05,192698.18125758794,9.694609408,0.11446531528647212,0.24705438181329162,0.6259904117617257,0.01,1.0,,,
18500,3.0419921875,0.0,3.0419921875,8.839285714285713e-05,4.910714285714285e-05,192721.2534680535,9.699852288,0.1160275196443677,0.33102027291042047,0.6241196304830847,0.01,1.0,,,
18500,,,,,,,,,,,,,0.0,0.0,0.0
18510,3.2099609375,0.0,3.2099609375,8.819196428571429e-05,4.8995535714285725e-05,192647.47638509987,9.705095168,0.13797603837791295,0.4423701504910479,0.6222525678891617,0.01,1.0,,,
18520,3.1552734375,0.0,3.1552734375,8.799107142857141e-05,4.888392857142856e-05,192673.16910162647,9.710338048,0.11240418040765278,0.351331176577222,0.6203892274938425,0.01,1.0,,,
18530,2.9326171875,0.0,2.9326171875,8.779017857142858e-05,4.8772321428571435e-05,192697.3897665475,9.715580928,0.1225243456826805,0.2127175839534555,0.6185296128040074,0.01,1.0,,,
18540,3.0673828125,0.0,3.0673828125,8.75892857142857e-05,4.866071428571428e-05,192726.48631070575,9.720823808,0.1613919809797106,0.3482188061228377,0.6166737273195252,0.01,1.0,,,
18550,2.9658203125,0.0,2.9658203125,8.738839285714286e-05,4.854910714285715e-05,192730.00408587756,9.726066688,0.1262809881479776,0.43629479534882404,0.614821574533244,0.01,1.0,,,
18560,3.1650390625,0.0,3.1650390625,8.718749999999998e-05,4.84375e-05,192746.4633561921,9.731309568,0.11547895092001922,0.2959988423853775,0.6129731579309888,0.01,1.0,,,
18570,3.1240234375,0.0,3.1240234375,8.698660714285716e-05,4.8325892857142864e-05,192766.54716387356,9.736552448,0.11548564912392714,0.23433336539590752,0.611128480991553,0.01,1.0,,,
18580,2.962890625,0.0,2.962890625,8.678571428571428e-05,4.821428571428571e-05,192779.41832950697,9.741795328,0.11325995703846903,0.24233186793054526,0.6092875471866915,0.01,1.0,,,
18590,3.56640625,0.0,3.56640625,8.658482142857144e-05,4.810267857142858e-05,192803.39787175515,9.747038208,0.12316320899058078,0.24319119291433128,0.6074503599811134,0.01,1.0,,,
18600,2.267578125,0.0,2.267578125,8.638392857142856e-05,4.799107142857143e-05,192830.47322863413,9.752281088,0.13970298292369143,0.2444045097501756,0.6056169228324776,0.01,1.0,,,
18610,3.185546875,0.0,3.185546875,8.618303571428573e-05,4.78794642857143e-05,192861.08388010357,9.757523968,0.1457399363103059,0.39378656871371587,0.6037872391913854,0.01,1.0,,,
18620,3.6728515625,0.0,3.6728515625,8.598214285714285e-05,4.776785714285714e-05,192887.38323338886,9.762766848,0.12971166640078557,0.35611374424892484,0.6019613125013734,0.01,1.0,,,
18630,3.1162109375,0.0,3.1162109375,8.578125000000001e-05,4.765625000000001e-05,192916.78074738482,9.768009728,0.14465164090180233,0.22190910152165108,0.6001391461989073,0.01,1.0,,,
18640,2.97265625,0.0,2.97265625,8.558035714285713e-05,4.7544642857142855e-05,192948.49763685357,9.773252608,0.12379734278349315,0.3002313071502228,0.5983207437133766,0.01,1.0,,,
18650,2.7470703125,0.0,2.7470703125,8.537946428571431e-05,4.743303571428573e-05,192980.08089402513,9.778495488,0.12997287207801506,0.3631522827818683,0.5965061084670856,0.01,1.0,,,
18660,2.8681640625,0.0,2.8681640625,8.517857142857143e-05,4.732142857142857e-05,193011.67270515475,9.783738368,0.11520747439599052,0.29551022153752177,0.5946952438752506,0.01,1.0,,,
18670,2.9365234375,0.0,2.9365234375,8.497767857142859e-05,4.7209821428571445e-05,193042.9720768318,9.788981248,0.11845744887722463,0.257092323325398,0.5928881533459884,0.01,1.0,,,
18680,3.193359375,0.0,3.193359375,8.477678571428571e-05,4.7098214285714283e-05,193074.18899178115,9.794224128,0.13334763853185386,0.4522984265023582,0.5910848402803156,0.01,1.0,,,
18690,3.310546875,0.0,3.310546875,8.457589285714288e-05,4.6986607142857156e-05,193104.07058784002,9.799467008,0.12272367389316036,0.2303673651194432,0.5892853080721384,0.01,1.0,,,
18700,3.001953125,0.0,3.001953125,8.4375e-05,4.6875e-05,193129.19854049475,9.804709888,0.11521444489229894,0.4109408933112113,0.5874895601082477,0.01,1.0,,,
18710,3.140625,0.0,3.140625,8.417410714285711e-05,4.6763392857142846e-05,193155.75009955623,9.809952768,0.12053218269642532,0.2747397959315941,0.5856975997683109,0.01,1.0,,,
18720,3.138671875,0.0,3.138671875,8.397321428571429e-05,4.665178571428572e-05,193183.9023194848,9.815195648,0.11859387329226051,0.2539656402191961,0.5839094304248684,0.01,1.0,,,
18730,2.9892578125,0.0,2.9892578125,8.37723214285714e-05,4.654017857142856e-05,193211.7426439251,9.820438528,0.12438588840477598,0.27320400485878477,0.5821250554433256,0.01,1.0,,,
18740,3.0654296875,0.0,3.0654296875,8.357142857142857e-05,4.642857142857143e-05,193219.31520682547,9.825681408,0.11159827536413493,0.18442956131196167,0.5803444781819472,0.01,1.0,,,
18750,3.19921875,0.0,3.19921875,8.337053571428569e-05,4.6316964285714275e-05,193207.74878482387,9.830924288,0.12203492035343236,0.2645902777273953,0.5785677019918481,0.01,1.0,,,
18760,3.1748046875,0.0,3.1748046875,8.316964285714286e-05,4.620535714285715e-05,193174.42384191477,9.836167168,0.10879397352015338,0.2691888791168812,0.5767947302169922,0.01,1.0,,,
18770,3.078125,0.0,3.078125,8.296874999999998e-05,4.609374999999999e-05,193128.7227828928,9.841410048,0.1143402475763111,0.2705376952840793,0.5750255661941822,0.01,1.0,,,
18780,2.787109375,0.0,2.787109375,8.276785714285714e-05,4.5982142857142864e-05,193086.27518902667,9.846652928,0.12130786903616585,0.2859559752671405,0.5732602132530548,0.01,1.0,,,
18790,3.1640625,0.0,3.1640625,8.256696428571426e-05,4.58705357142857e-05,193037.19721280874,9.851895808,0.13052174628875485,0.30331754918216147,0.5714986747160729,0.01,1.0,,,
18800,3.1875,0.0,3.1875,8.236607142857144e-05,4.5758928571428575e-05,193018.4975266509,9.857138688,0.12189650006654065,0.22874485702025857,0.569740953898522,0.01,1.0,,,
18810,3.2978515625,0.0,3.2978515625,8.216517857142856e-05,4.564732142857142e-05,193032.33537438294,9.862381568,0.13219450441098568,0.26837240427908193,0.5679870541085017,0.01,1.0,,,
18820,2.669921875,0.0,2.669921875,8.196428571428572e-05,4.553571428571429e-05,193051.49667195452,9.867624448,0.11446073982813026,0.414218867649666,0.5662369786469212,0.01,1.0,,,
18830,3.66015625,0.0,3.66015625,8.176339285714284e-05,4.542410714285714e-05,193052.11849941657,9.872867328,0.1327190540037423,0.30384656029480156,0.5644907308074905,0.01,1.0,,,
18840,3.755859375,0.0,3.755859375,8.156250000000001e-05,4.5312500000000004e-05,193046.27921886966,9.878110208,0.1378867047524985,0.26039911444790026,0.5627483138767171,0.01,1.0,,,
18850,4.0771484375,0.0,4.0771484375,8.136160714285713e-05,4.520089285714285e-05,193038.11480310094,9.883353088,0.11843138238916798,0.3130364688641166,0.5610097311338988,0.01,1.0,,,
18860,2.328125,0.0,2.328125,8.116071428571429e-05,4.508928571428572e-05,193030.92497224058,9.888595968,0.1420746485345166,0.2973649458106439,0.5592749858511166,0.01,1.0,,,
18870,3.1669921875,0.0,3.1669921875,8.095982142857141e-05,4.4977678571428566e-05,193029.76060893547,9.893838848,0.12335413021026068,0.4092559174784236,0.5575440812932294,0.01,1.0,,,
18880,2.7744140625,0.0,2.7744140625,8.075892857142859e-05,4.486607142857144e-05,193031.38811153008,9.899081728,0.11358448528377807,0.3213126262503551,0.5558170207178676,0.01,1.0,,,
18890,2.9306640625,0.0,2.9306640625,8.05580357142857e-05,4.475446428571428e-05,193022.25474109696,9.904324608,0.11475645947471974,0.31869543927270605,0.554093807375428,0.01,1.0,,,
18900,3.205078125,0.0,3.205078125,8.035714285714287e-05,4.464285714285715e-05,193014.78124751785,9.909567488,0.11829584769769749,0.2960938653625522,0.5523744445090657,0.01,1.0,,,
18910,2.9287109375,0.0,2.9287109375,8.015624999999999e-05,4.4531249999999995e-05,193017.69891179452,9.914810368,0.12074489248131827,0.349724068766143,0.5506589353546888,0.01,1.0,,,
18920,3.1171875,0.0,3.1171875,7.995535714285716e-05,4.441964285714287e-05,193018.14157072152,9.920053248,0.12055888365121355,0.28725519793886456,0.5489472831409533,0.01,1.0,,,
18930,3.0,0.0,3.0,7.975446428571428e-05,4.430803571428571e-05,193042.54226060267,9.925296128,0.12228532527400332,0.29712462701402004,0.5472394910892567,0.01,1.0,,,
18940,3.291015625,0.0,3.291015625,7.955357142857144e-05,4.4196428571428585e-05,193065.2709149083,9.930539008,0.11667755854892145,0.21734617723195773,0.5455355624137308,0.01,1.0,,,
18950,3.6796875,0.0,3.6796875,7.935267857142856e-05,4.408482142857142e-05,193077.0982350038,9.935781888,0.12431656657367592,0.3927108432486175,0.543835500321236,0.01,1.0,,,
18960,2.8916015625,0.0,2.8916015625,7.915178571428574e-05,4.3973214285714296e-05,193089.36010583266,9.941024768,0.12306431045254587,0.42292834710266036,0.5421393080113563,0.01,1.0,,,
18970,2.9443359375,0.0,2.9443359375,7.895089285714284e-05,4.386160714285714e-05,193077.80426956143,9.946267648,0.12265530311949713,0.4370555090159189,0.5404469886763926,0.01,1.0,,,
18980,3.220703125,0.0,3.220703125,7.875000000000002e-05,4.375000000000001e-05,193072.2647045883,9.951510528,0.11495292684487554,0.2706118836174203,0.5387585455013574,0.01,1.0,,,
18990,3.0625,0.0,3.0625,7.854910714285714e-05,4.363839285714286e-05,193064.7664894271,9.956753408,0.11475038517247116,0.32428777215952326,0.5370739816639656,0.01,1.0,,,
19000,3.48046875,0.0,3.48046875,7.834821428571431e-05,4.3526785714285724e-05,193068.75432672488,9.961996288,0.12204682481822038,0.28485186445355426,0.5353933003346338,0.01,1.0,,,
19000,,,,,,,,,,,,,0.0,0.0,0.0
19010,2.9296875,0.0,2.9296875,7.814732142857142e-05,4.341517857142857e-05,192988.515891166,9.967239168,0.1320014431255292,0.32079594886632506,0.5337165046764702,0.01,1.0,,,
19020,3.0751953125,0.0,3.0751953125,7.794642857142859e-05,4.330357142857144e-05,192982.88867927247,9.972482048,0.1170151367706634,0.2994885728792834,0.532043597845271,0.01,1.0,,,
19030,2.9501953125,0.0,2.9501953125,7.774553571428571e-05,4.319196428571429e-05,192982.83150294865,9.977724928,0.11622709156428139,0.3124815524305991,0.5303745829895118,0.01,1.0,,,
19040,3.109375,0.0,3.109375,7.754464285714287e-05,4.308035714285716e-05,192982.70816768627,9.982967808,0.11597044195250947,0.26889918413349334,0.5287094632503446,0.01,1.0,,,
19050,2.974609375,0.0,2.974609375,7.734374999999999e-05,4.296875e-05,193011.72489030473,9.988210688,0.13215434177451515,0.29159847361334984,0.5270482417615905,0.01,1.0,,,
19060,3.2529296875,0.0,3.2529296875,7.714285714285711e-05,4.285714285714284e-05,193036.7876826677,9.993453568,0.11919306789750013,0.18449761664140152,0.5253909216497342,0.01,1.0,,,
19070,3.072265625,0.0,3.072265625,7.694196428571429e-05,4.2745535714285715e-05,193061.53184244505,9.998696448,0.11073961653916013,0.25924305192862135,0.5237375060339161,0.01,1.0,,,
19080,3.1552734375,0.0,3.1552734375,7.674107142857141e-05,4.263392857142856e-05,193090.05158227327,10.003939328,0.11983357239762385,0.2858770244907485,0.5220879980259309,0.01,1.0,,,
19090,2.7822265625,0.0,2.7822265625,7.654017857142857e-05,4.252232142857143e-05,193118.5204195873,10.009182208,0.13965023811918015,0.3467259094024484,0.520442400730218,0.01,1.0,,,
19100,3.046875,0.0,3.046875,7.633928571428569e-05,4.241071428571428e-05,193146.7481281821,10.014425088,0.1261880512969515,0.24734597209156348,0.518800717243855,0.01,1.0,,,
19110,2.9404296875,0.0,2.9404296875,7.613839285714286e-05,4.2299107142857143e-05,193174.9902796168,10.019667968,0.11833963566277106,0.2958658408764876,0.5171629506565554,0.01,1.0,,,
19120,3.05078125,0.0,3.05078125,7.593749999999998e-05,4.218749999999999e-05,193203.1777846854,10.024910848,0.12691495255607468,0.24502192225874103,0.5155291040506607,0.01,1.0,,,
19130,3.0546875,0.0,3.0546875,7.573660714285714e-05,4.207589285714286e-05,193231.21813531636,10.030153728,0.12447549968314292,0.3586196463009818,0.5138991805011346,0.01,1.0,,,
19140,3.0380859375,0.0,3.0380859375,7.553571428571426e-05,4.1964285714285706e-05,193259.4091492974,10.035396608,0.12638329051634642,0.30750791274563793,0.5122731830755577,0.01,1.0,,,
19150,3.1982421875,0.0,3.1982421875,7.533482142857144e-05,4.185267857142858e-05,193287.33392720178,10.040639488,0.12383002391493142,0.2951092759916821,0.5106511148341204,0.01,1.0,,,
19160,3.1416015625,0.0,3.1416015625,7.513392857142856e-05,4.174107142857142e-05,193315.29731973697,10.045882368,0.12270091551644872,0.32783169731206263,0.5090329788296197,0.01,1.0,,,
19170,2.876953125,0.0,2.876953125,7.493303571428572e-05,4.162946428571429e-05,193343.01322527297,10.051125248,0.1162148009609569,0.258179507732463,0.5074187781074511,0.01,1.0,,,
19180,3.091796875,0.0,3.091796875,7.473214285714284e-05,4.1517857142857135e-05,193370.77200563264,10.056368128,0.11758062873464784,0.2811358409649653,0.5058085157056043,0.01,1.0,,,
19190,2.9931640625,0.0,2.9931640625,7.453125000000001e-05,4.140625000000001e-05,193398.0949858149,10.061611008,0.12942568785130307,0.45997208888271995,0.504202194654656,0.01,1.0,,,
19200,2.94140625,0.0,2.94140625,7.433035714285713e-05,4.129464285714285e-05,193425.6019122608,10.066853888,0.11280808141467005,0.3226313517455671,0.5025998179777662,0.01,1.0,,,
19210,3.4072265625,0.0,3.4072265625,7.41294642857143e-05,4.1183035714285725e-05,193452.92234100634,10.072096768,0.13293353374215702,0.304972561858706,0.5010013886906703,0.01,1.0,,,
19220,3.5654296875,0.0,3.5654296875,7.392857142857141e-05,4.107142857142856e-05,193480.25902856968,10.077339648,0.12380614463702616,0.32739983641603165,0.4994069098016765,0.01,1.0,,,
19230,2.6171875,0.0,2.6171875,7.372767857142859e-05,4.0959821428571435e-05,193507.4038942854,10.082582528,0.13365400037763664,0.421343192437332,0.49781638431165565,0.01,1.0,,,
19240,2.42578125,0.0,2.42578125,7.35267857142857e-05,4.084821428571428e-05,193521.81473667274,10.087825408,0.1140782668473691,0.387773538653847,0.4962298152140397,0.01,1.0,,,
19250,3.0224609375,0.0,3.0224609375,7.332589285714287e-05,4.073660714285715e-05,193524.62881102803,10.093068288,0.11360361752769413,0.33649328645533916,0.49464720549481445,0.01,1.0,,,
19260,2.791015625,0.0,2.791015625,7.312499999999999e-05,4.0625e-05,193537.5988707942,10.098311168,0.1252789892523986,0.21305356110519547,0.4930685581325142,0.01,1.0,,,
19270,3.73828125,0.0,3.73828125,7.292410714285716e-05,4.0513392857142864e-05,193564.40485058093,10.103554048,0.12412392898334307,0.26815524250629874,0.4914938760982143,0.01,1.0,,,
19280,3.123046875,0.0,3.123046875,7.272321428571427e-05,4.040178571428571e-05,193591.0273185123,10.108796928,0.11768271094961223,0.2866155581171292,0.48992316235552924,0.01,1.0,,,
19290,2.947265625,0.0,2.947265625,7.252232142857144e-05,4.029017857142858e-05,193617.6806058363,10.114039808,0.12001783751575629,0.3494771706809891,0.4883564198606038,0.01,1.0,,,
19300,3.2333984375,0.0,3.2333984375,7.232142857142856e-05,4.0178571428571427e-05,193639.2666363275,10.119282688,0.12131755643381689,0.2578897169762691,0.4867936515621095,0.01,1.0,,,
19310,3.3291015625,0.0,3.3291015625,7.212053571428572e-05,4.00669642857143e-05,193662.06196634134,10.124525568,0.11551758876001363,0.18570787323454657,0.4852348604012374,0.01,1.0,,,
19320,2.947265625,0.0,2.947265625,7.191964285714284e-05,3.995535714285714e-05,193688.60771336738,10.129768448,0.13041951763717477,0.31687940154859273,0.4836800493116944,0.01,1.0,,,
19330,3.279296875,0.0,3.279296875,7.171875000000002e-05,3.984375000000001e-05,193715.0318966861,10.135011328,0.14852149119916672,0.4524493373812302,0.4821292212196965,0.01,1.0,,,
19340,2.7275390625,0.0,2.7275390625,7.151785714285714e-05,3.9732142857142855e-05,193741.32130661723,10.140254208,0.13260796739241834,0.6131329809924796,0.48058237904396195,0.01,1.0,,,
19350,2.951171875,0.0,2.951171875,7.13169642857143e-05,3.962053571428573e-05,193767.51092141098,10.145497088,0.12608336420414357,0.3496297850095305,0.4790395256957097,0.01,1.0,,,
19360,2.736328125,0.0,2.736328125,7.111607142857142e-05,3.950892857142857e-05,193793.54723567053,10.150739968,0.1337960875757543,0.28098177836914323,0.47750066407865044,0.01,1.0,,,
19370,2.955078125,0.0,2.955078125,7.09151785714286e-05,3.9397321428571445e-05,193819.49209180096,10.155982848,0.11592617013921568,0.24573455577758163,0.4759657970889822,0.01,1.0,,,
19380,2.98046875,0.0,2.98046875,7.071428571428571e-05,3.928571428571428e-05,193845.34643592214,10.161225728,0.12611235961947048,0.37256254138642614,0.4744349276153854,0.01,1.0,,,
19390,3.0654296875,0.0,3.0654296875,7.051339285714287e-05,3.9174107142857156e-05,193871.10602634045,10.166468608,0.11529604628676247,0.24620243904146744,0.4729080585390165,0.01,1.0,,,
19400,3.1064453125,0.0,3.1064453125,7.03125e-05,3.90625e-05,193896.77345822364,10.171711488,0.12727508318839972,0.2095837213559136,0.471385192733503,0.01,1.0,,,
19410,2.978515625,0.0,2.978515625,7.011160714285711e-05,3.8950892857142846e-05,193922.34877489915,10.176954368,0.11278216464173006,0.3169096948726476,0.46986633306493886,0.01,1.0,,,
19420,2.935546875,0.0,2.935546875,6.991071428571429e-05,3.883928571428572e-05,193947.94598655036,10.182197248,0.11593895198387887,0.24217803997727724,0.468351482391878,0.01,1.0,,,
19430,2.9970703125,0.0,2.9970703125,6.970982142857141e-05,3.872767857142856e-05,193961.05847063244,10.187440128,0.11523781567746337,0.25243072332079425,0.4668406435653284,0.01,1.0,,,
19440,2.93359375,0.0,2.93359375,6.950892857142857e-05,3.861607142857143e-05,193978.64263916542,10.192683008,0.11668030578609753,0.2276974936338219,0.46533381942874835,0.01,1.0,,,
19450,3.8896484375,0.0,3.8896484375,6.930803571428569e-05,3.8504464285714274e-05,193981.2469225256,10.197925888,0.11781338081089814,0.22980080923116514,0.46383101281804057,0.01,1.0,,,
19460,4.2099609375,0.0,4.2099609375,6.910714285714286e-05,3.839285714285715e-05,194006.41902645968,10.203168768,0.12226891517336971,0.2943141597796847,0.4623322265615468,0.01,1.0,,,
19470,3.18359375,0.0,3.18359375,6.890624999999998e-05,3.828124999999999e-05,194031.59100898207,10.208411648,0.11835033561043988,0.2557910196422553,0.4608374634800406,0.01,1.0,,,
19480,2.9345703125,0.0,2.9345703125,6.870535714285714e-05,3.8169642857142864e-05,194056.64237976036,10.213654528,0.11201663474813811,0.193991237833182,0.4593467263867258,0.01,1.0,,,
19490,2.8310546875,0.0,2.8310546875,6.850446428571427e-05,3.80580357142857e-05,194081.52779766024,10.218897408,0.11573488238120981,0.2505357013528859,0.4578600180872282,0.01,1.0,,,
19500,3.0263671875,0.0,3.0263671875,6.830357142857144e-05,3.7946428571428575e-05,194106.43119132647,10.224140288,0.12176829640736436,0.2790511167499747,0.4563773413795915,0.01,1.0,,,
19500,,,,,,,,,,,,,0.0,0.0,0.0
19510,3.5546875,0.0,3.5546875,6.810267857142855e-05,3.783482142857142e-05,194060.83299771594,10.229383168,0.12357165547186476,0.4726157187366895,0.4548986990542718,0.01,1.0,,,
19520,3.0185546875,0.0,3.0185546875,6.790178571428572e-05,3.772321428571429e-05,194070.41713230137,10.234626048,0.11914779696607562,0.32259188209355955,0.45342409389413163,0.01,1.0,,,
19530,3.3271484375,0.0,3.3271484375,6.770089285714284e-05,3.761160714285714e-05,194082.80443229768,10.239868928,0.11442821983183145,0.34787681436105694,0.45195352867443706,0.01,1.0,,,
19540,3.0830078125,0.0,3.0830078125,6.750000000000001e-05,3.7500000000000003e-05,194091.16798612164,10.245111808,0.11747172421197341,0.3170861694335366,0.4504870061628489,0.01,1.0,,,
19550,3.3603515625,0.0,3.3603515625,6.729910714285712e-05,3.738839285714285e-05,194115.8843251622,10.250354688,0.12168121497188886,0.3131035917229141,0.4490245291194205,0.01,1.0,,,
19560,2.8359375,0.0,2.8359375,6.70982142857143e-05,3.727678571428572e-05,194140.4787388931,10.255597568,0.12674549594699772,0.25372698890488354,0.447566100296591,0.01,1.0,,,
19570,3.2177734375,0.0,3.2177734375,6.689732142857142e-05,3.7165178571428566e-05,194164.94280163088,10.260840448,0.117614456781202,0.24822184248172885,0.44611172243918196,0.01,1.0,,,
19580,2.572265625,0.0,2.572265625,6.669642857142858e-05,3.705357142857144e-05,194189.23940845407,10.266083328,0.14656863722432656,0.3709574452585775,0.44466139828438866,0.01,1.0,,,
19590,2.931640625,0.0,2.931640625,6.64955357142857e-05,3.694196428571428e-05,194213.51227569,10.271326208,0.1297449997126431,0.26166054740880035,0.4432151305617788,0.01,1.0,,,
19600,3.57421875,0.0,3.57421875,6.629464285714287e-05,3.683035714285715e-05,194237.80521949142,10.276569088,0.13744655352922328,0.26011687777110515,0.4417729219932853,0.01,1.0,,,
19610,3.1552734375,0.0,3.1552734375,6.609374999999999e-05,3.6718749999999995e-05,194262.00773461215,10.281811968,0.12278201860741289,0.4673319322380978,0.44033477529320136,0.01,1.0,,,
19620,3.3271484375,0.0,3.3271484375,6.589285714285715e-05,3.660714285714287e-05,194286.1973916344,10.287054848,0.1152406571332616,0.2881229109820447,0.43890069316817615,0.01,1.0,,,
19630,2.90673828125,0.0,2.90673828125,6.569196428571427e-05,3.649553571428571e-05,194310.20865464644,10.292297728,0.10422560647573759,0.16329763398728828,0.4374706783172079,0.01,1.0,,,
19640,2.498046875,0.0,2.498046875,6.549107142857145e-05,3.6383928571428585e-05,194334.21449579526,10.297540608,0.1324166061648453,0.20973150514452646,0.4360447334316414,0.01,1.0,,,
19650,2.8115234375,0.0,2.8115234375,6.529017857142857e-05,3.627232142857142e-05,194358.20953298704,10.302783488,0.1260266343843202,0.21570707916951476,0.43462286119516147,0.01,1.0,,,
19660,3.119140625,0.0,3.119140625,6.508928571428573e-05,3.6160714285714295e-05,194382.03981066795,10.308026368,0.1299551777534795,0.24279629983815104,0.4332050642837874,0.01,1.0,,,
19670,3.2392578125,0.0,3.2392578125,6.488839285714285e-05,3.604910714285714e-05,194405.5846755479,10.313269248,0.11368265561688617,0.21593397326326305,0.43179134536586855,0.01,1.0,,,
19680,3.3447265625,0.0,3.3447265625,6.468750000000002e-05,3.593750000000001e-05,194429.21914768787,10.318512128,0.12177200397545793,0.3716237558123815,0.4303817071020798,0.01,1.0,,,
19690,2.939453125,0.0,2.939453125,6.448660714285714e-05,3.582589285714286e-05,194452.94473661407,10.323755008,0.11844122691677057,0.22652502355261334,0.42897615214541596,0.01,1.0,,,
19700,3.08984375,0.0,3.08984375,6.42857142857143e-05,3.5714285714285724e-05,194476.45174887372,10.328997888,0.12057525957196213,0.2511110821074338,0.4275746831411874,0.01,1.0,,,
19710,2.7509765625,0.0,2.7509765625,6.408482142857142e-05,3.560267857142857e-05,194499.94429381264,10.334240768,0.13349932620023705,0.2154376574201521,0.42617730272701293,0.01,1.0,,,
19720,3.083984375,0.0,3.083984375,6.38839285714286e-05,3.549107142857144e-05,194523.30759658394,10.339483648,0.11647653942704632,0.20777322153341818,0.4247840135328177,0.01,1.0,,,
19730,2.8115234375,0.0,2.8115234375,6.368303571428572e-05,3.5379464285714287e-05,194546.57510244398,10.344726528,0.1191442091915894,0.20676176556651218,0.4233948181808283,0.01,1.0,,,
19740,1.91015625,0.0,1.91015625,6.348214285714288e-05,3.526785714285716e-05,194558.22950150055,10.349969408,0.1561425731548117,0.48727811593954135,0.42200971928556363,0.01,1.0,,,
19750,2.9287109375,0.0,2.9287109375,6.328125e-05,3.5156250000000004e-05,194555.90359728114,10.355212288,0.13686212203529996,0.3803463065285318,0.4206287194538348,0.01,1.0,,,
19760,2.875,0.0,2.875,6.308035714285712e-05,3.504464285714284e-05,194561.70586266194,10.360455168,0.1167088753755001,0.31935506521919294,0.41925182128473815,0.01,1.0,,,
19770,3.7109375,0.0,3.7109375,6.287946428571429e-05,3.4933035714285715e-05,194584.55105742678,10.365698048,0.1439845603384624,0.3256228919094865,0.41787902736965044,0.01,1.0,,,
19780,2.8427734375,0.0,2.8427734375,6.26785714285714e-05,3.482142857142856e-05,194607.3595715035,10.370940928,0.11526448334188105,0.22754986211786746,0.416510340292223,0.01,1.0,,,
19790,4.291015625,0.0,4.291015625,6.247767857142857e-05,3.470982142857143e-05,194630.2616339247,10.376183808,0.17534102393873688,0.3583067798092163,0.4151457626283797,0.01,1.0,,,
19800,2.873046875,0.0,2.873046875,6.227678571428569e-05,3.459821428571428e-05,194652.9320643859,10.381426688,0.12934996680279578,0.2647036663281628,0.4137852969463094,0.01,1.0,,,
19810,2.7763671875,0.0,2.7763671875,6.207589285714287e-05,3.448660714285714e-05,194675.56978799525,10.386669568,0.11109473528920161,0.19705142622079944,0.41242894580646217,0.01,1.0,,,
19820,2.8779296875,0.0,2.8779296875,6.187499999999997e-05,3.437499999999999e-05,194698.50196772086,10.391912448,0.1289513733416726,0.22910462685899732,0.4110767117615435,0.01,1.0,,,
19830,3.2783203125,0.0,3.2783203125,6.167410714285715e-05,3.426339285714286e-05,194721.07744874194,10.397155328,0.11679586909658203,0.273120585452965,0.4097285973565121,0.01,1.0,,,
19840,3.2841796875,0.0,3.2841796875,6.147321428571427e-05,3.4151785714285706e-05,194744.10402538354,10.402398208,0.12481886097081393,0.26737072422578034,0.4083846051285719,0.01,1.0,,,
19850,2.8828125,0.0,2.8828125,6.127232142857143e-05,3.404017857142858e-05,194766.51689297144,10.407641088,0.11139712541271213,0.2889567433657783,0.40704473760716936,0.01,1.0,,,
19860,3.1162109375,0.0,3.1162109375,6.107142857142855e-05,3.392857142857142e-05,194788.8392487281,10.412883968,0.11761504755866296,0.2934422441952674,0.40570899731398835,0.01,1.0,,,
19870,2.6708984375,0.0,2.6708984375,6.087053571428572e-05,3.381696428571429e-05,194811.194410234,10.418126848,0.11020219567360444,0.3270394250527273,0.40437738676294394,0.01,1.0,,,
19880,3.2236328125,0.0,3.2236328125,6.066964285714284e-05,3.3705357142857134e-05,194833.42686738932,10.423369728,0.11303068108713865,0.20684972369900737,0.4030499084601804,0.01,1.0,,,
19890,3.07421875,0.0,3.07421875,6.046875000000001e-05,3.359375000000001e-05,194855.55631329786,10.428612608,0.1284269601333632,0.3057322304801864,0.40172656490406344,0.01,1.0,,,
19900,3.03125,0.0,3.03125,6.026785714285713e-05,3.348214285714285e-05,194877.59969962694,10.433855488,0.11203304258796101,0.30240425997014064,0.4004073585851791,0.01,1.0,,,
19910,2.94921875,0.0,2.94921875,6.00669642857143e-05,3.3370535714285724e-05,194899.54315359987,10.439098368,0.11156644774064477,0.2807610684983337,0.39909229198632423,0.01,1.0,,,
19920,3.0302734375,0.0,3.0302734375,5.986607142857142e-05,3.325892857142856e-05,194921.49923363805,10.444341248,0.10848961202191536,0.21123715135227059,0.3977813675825064,0.01,1.0,,,
19930,2.5498046875,0.0,2.5498046875,5.9665178571428585e-05,3.3147321428571435e-05,194943.41449170635,10.449584128,0.15599617580904251,0.28283632180264784,0.39647458784093714,0.01,1.0,,,
19940,2.17724609375,0.0,2.17724609375,5.94642857142857e-05,3.303571428571428e-05,194965.3201158728,10.454827008,0.12453399463065842,0.22276533557617573,0.39517195522102766,0.01,1.0,,,
19950,1.9404296875,0.0,1.9404296875,5.926339285714287e-05,3.292410714285715e-05,194987.07822454756,10.460069888,0.125379607268874,0.24904431578192443,0.3938734721743834,0.01,1.0,,,
19960,1.9296875,0.0,1.9296875,5.9062499999999986e-05,3.28125e-05,195008.7190052765,10.465312768,0.11632493681422584,0.3364151127065693,0.3925791411448013,0.01,1.0,,,
19970,2.17626953125,0.0,2.17626953125,5.886160714285716e-05,3.2700892857142864e-05,195030.3436548444,10.470555648,0.13660129695364837,0.29718128629469015,0.3912889645682629,0.01,1.0,,,
19980,2.625,0.0,2.625,5.866071428571427e-05,3.258928571428571e-05,195050.75312716188,10.475798528,0.11564794483689388,0.19943470252528098,0.39000294487293125,0.01,1.0,,,
19990,2.93359375,0.0,2.93359375,5.845982142857145e-05,3.247767857142858e-05,195063.88643974144,10.481041408,0.12723597336150766,0.30226536421367384,0.3887210844791462,0.01,1.0,,,
20000,2.859375,0.0,2.859375,5.825892857142856e-05,3.2366071428571426e-05,195085.27480605702,10.486284288,0.11377844479303706,0.2800765640142778,0.3874433857994196,0.01,1.0,,,
20000,,,,,,,,,,,,,0.0,0.0,0.0
20010,2.94921875,0.0,2.94921875,5.805803571428573e-05,3.22544642857143e-05,195032.95098099962,10.491527168,0.11324415337614131,0.20197363212566638,0.38616985123843117,0.01,1.0,,,
20020,3.400390625,0.0,3.400390625,5.785714285714285e-05,3.214285714285714e-05,195043.40545602093,10.496770048,0.13005803194217624,0.2767198197192634,0.38490048319302217,0.01,1.0,,,
20030,2.9267578125,0.0,2.9267578125,5.7656250000000016e-05,3.203125000000001e-05,195061.8244634672,10.502012928,0.11845809502812644,0.2502645868290132,0.3836352840521936,0.01,1.0,,,
20040,3.3701171875,0.0,3.3701171875,5.7455357142857136e-05,3.1919642857142855e-05,195083.0755389144,10.507255808,0.11837870885924102,0.2473577552684316,0.3823742561971003,0.01,1.0,,,
20050,3.130859375,0.0,3.130859375,5.72544642857143e-05,3.180803571428573e-05,195100.43223880685,10.512498688,0.12416551035063762,0.25191295258890156,0.38111740200104705,0.01,1.0,,,
20060,2.892578125,0.0,2.892578125,5.705357142857142e-05,3.169642857142857e-05,195114.77406461266,10.517741568,0.11489472043208461,0.31759951868805575,0.3798647238294818,0.01,1.0,,,
20070,3.0908203125,0.0,3.0908203125,5.685267857142859e-05,3.1584821428571445e-05,195135.67970351744,10.522984448,0.12254811263633755,0.2542011256398264,0.37861622403999445,0.01,1.0,,,
20080,3.42578125,0.0,3.42578125,5.665178571428571e-05,3.147321428571428e-05,195156.75370960345,10.528227328,0.1153027128675265,0.3472664510442067,0.3773719049823113,0.01,1.0,,,
20090,3.1337890625,0.0,3.1337890625,5.645089285714288e-05,3.1361607142857155e-05,195177.8554593804,10.533470208,0.13297763434403376,0.2314833903339997,0.3761317689982896,0.01,1.0,,,
20100,3.263671875,0.0,3.263671875,5.625e-05,3.125e-05,195198.9468095838,10.538713088,0.11712845906746223,0.26623372689702673,0.37489581842191466,0.01,1.0,,,
20110,3.248046875,0.0,3.248046875,5.604910714285712e-05,3.1138392857142846e-05,195219.71242222164,10.543955968,0.1224344056390048,0.3505046451862795,0.37366405557929316,0.01,1.0,,,
20120,2.908203125,0.0,2.908203125,5.5848214285714286e-05,3.102678571428572e-05,195240.49646427503,10.549198848,0.12725071620901776,0.23435554727919042,0.37243648278865193,0.01,1.0,,,
20130,2.90625,0.0,2.90625,5.5647321428571406e-05,3.091517857142856e-05,195260.71434351304,10.554441728,0.14052964244772495,0.29544520446383754,0.3712131023603309,0.01,1.0,,,
20140,2.94140625,0.0,2.94140625,5.5446428571428574e-05,3.080357142857143e-05,195281.34234829512,10.559684608,0.13014589684620217,0.3345406620833436,0.36999391659678144,0.01,1.0,,,
20150,2.9697265625,0.0,2.9697265625,5.5245535714285694e-05,3.0691964285714274e-05,195301.77631059426,10.564927488,0.12916955066134125,0.2133266395350554,0.3687789277925576,0.01,1.0,,,
20160,2.9931640625,0.0,2.9931640625,5.504464285714286e-05,3.0580357142857147e-05,195322.26811799197,10.570170368,0.11526706713097466,0.2362253613204702,0.3675681382343168,0.01,1.0,,,
20170,3.0673828125,0.0,3.0673828125,5.484374999999998e-05,3.046874999999999e-05,195342.6428068409,10.575413248,0.12986494743475024,0.28094701454388743,0.3663615502008134,0.01,1.0,,,
20180,3.0732421875,0.0,3.0732421875,5.464285714285715e-05,3.035714285714286e-05,195363.0141201595,10.580656128,0.1342205573369782,0.2663984378493774,0.36515916596289255,0.01,1.0,,,
20190,2.890625,0.0,2.890625,5.444196428571427e-05,3.0245535714285706e-05,195383.3278609584,10.585899008,0.12688056926906915,0.27490064574296114,0.3639609877834895,0.01,1.0,,,
20200,3.0908203125,0.0,3.0908203125,5.4241071428571436e-05,3.0133928571428575e-05,195403.61173379832,10.591141888,0.14612379404175185,0.40665829446885177,0.36276701791762245,0.01,1.0,,,
20210,2.9208984375,0.0,2.9208984375,5.404017857142855e-05,3.002232142857142e-05,195423.95473780786,10.596384768,0.1272942461371977,0.27557950434547684,0.3615772586123905,0.01,1.0,,,
20220,2.62890625,0.0,2.62890625,5.3839285714285724e-05,2.9910714285714293e-05,195444.14223627836,10.601627648,0.12367310078177739,0.2050618116132413,0.3603917121069662,0.01,1.0,,,
20230,3.0888671875,0.0,3.0888671875,5.363839285714284e-05,2.9799107142857134e-05,195464.22705972017,10.606870528,0.1383009609268318,0.2939548581407469,0.3592103806325957,0.01,1.0,,,
20240,3.9052734375,0.0,3.9052734375,5.343750000000001e-05,2.9687500000000007e-05,195481.52773918604,10.612113408,0.13854054048668563,0.3987211484958176,0.3580332664125912,0.01,1.0,,,
20250,2.5625,0.0,2.5625,5.3236607142857125e-05,2.957589285714285e-05,195499.55633763963,10.617356288,0.13227584331905465,0.26579192159265047,0.3568603716623283,0.01,1.0,,,
20260,2.98046875,0.0,2.98046875,5.30357142857143e-05,2.946428571428572e-05,195517.0064635232,10.622599168,0.1356575824686591,0.2772241674486931,0.35569169858924043,0.01,1.0,,,
20270,2.919921875,0.0,2.919921875,5.283482142857141e-05,2.9352678571428566e-05,195536.67207505612,10.627842048,0.12825909753938713,0.1905432006909915,0.354527249392817,0.01,1.0,,,
20280,3.2421875,0.0,3.2421875,5.263392857142858e-05,2.9241071428571435e-05,195556.43577586618,10.633084928,0.12684925812639922,0.2622616184271163,0.353367026264597,0.01,1.0,,,
20290,3.0693359375,0.0,3.0693359375,5.24330357142857e-05,2.912946428571428e-05,195576.11549937644,10.638327808,0.12701166844158723,0.25442389863532366,0.35221103138816645,0.01,1.0,,,
20300,3.05859375,0.0,3.05859375,5.223214285714287e-05,2.9017857142857153e-05,195595.59209413617,10.643570688,0.12109168717521734,0.23905684076144595,0.3510592669391528,0.01,1.0,,,
20310,2.95703125,0.0,2.95703125,5.203124999999999e-05,2.8906249999999995e-05,195615.13757754883,10.648813568,0.12003945795076976,0.22430504624411052,0.3499117350852221,0.01,1.0,,,
20320,3.26953125,0.0,3.26953125,5.1830357142857155e-05,2.8794642857142867e-05,195634.60536203295,10.654056448,0.12926591115718356,0.23015021846793168,0.34876843798607504,0.01,1.0,,,
20330,3.2265625,0.0,3.2265625,5.1629464285714275e-05,2.868303571428571e-05,195654.09670626555,10.659299328,0.12024532845756272,0.2636385414762002,0.3476293777934414,0.01,1.0,,,
20340,3.5244140625,0.0,3.5244140625,5.142857142857144e-05,2.857142857142858e-05,195673.52417899485,10.664542208,0.1382741833664521,0.3097221148208576,0.34649455665107776,0.01,1.0,,,
20350,3.0068359375,0.0,3.0068359375,5.122767857142856e-05,2.8459821428571426e-05,195692.89134669284,10.669785088,0.1276127330757798,0.3279199500784409,0.3453639766947615,0.01,1.0,,,
20360,3.326171875,0.0,3.326171875,5.102678571428573e-05,2.8348214285714295e-05,195712.1993241225,10.675027968,0.13151268601817045,0.350151846329943,0.3442376400522893,0.01,1.0,,,
20370,3.0234375,0.0,3.0234375,5.082589285714285e-05,2.823660714285714e-05,195731.45953338186,10.680270848,0.13408712898753133,0.24357243482737484,0.34311554884347073,0.01,1.0,,,
20380,2.736328125,0.0,2.736328125,5.062500000000002e-05,2.8125000000000013e-05,195750.64680380234,10.685513728,0.1175465414402426,0.1584058182028863,0.34199770518012573,0.01,1.0,,,
20390,2.759765625,0.0,2.759765625,5.042410714285714e-05,2.8013392857142855e-05,195769.5060186548,10.690756608,0.13753952928075514,0.24652297345520943,0.3408841111660803,0.01,1.0,,,
20400,2.9501953125,0.0,2.9501953125,5.0223214285714305e-05,2.7901785714285727e-05,195788.5785791415,10.695999488,0.12654443984244398,0.235731507874996,0.33977476889716207,0.01,1.0,,,
20410,3.0703125,0.0,3.0703125,5.0022321428571425e-05,2.779017857142857e-05,195807.76099813916,10.701242368,0.11583626518986034,0.23290309291510491,0.3386696804611975,0.01,1.0,,,
20420,3.0322265625,0.0,3.0322265625,4.982142857142859e-05,2.767857142857144e-05,195826.78119809975,10.706485248,0.11845170434058497,0.22097206845406428,0.3375688479380058,0.01,1.0,,,
20430,3.138671875,0.0,3.138671875,4.962053571428571e-05,2.7566964285714286e-05,195845.685608775,10.711728128,0.1521271553015055,0.3300186368012659,0.33647227339939734,0.01,1.0,,,
20440,3.0791015625,0.0,3.0791015625,4.941964285714288e-05,2.7455357142857155e-05,195864.6284282103,10.716971008,0.1414439143224228,0.33092307994580394,0.3353799589091689,0.01,1.0,,,
20450,2.9912109375,0.0,2.9912109375,4.921875e-05,2.734375e-05,195883.47931256675,10.722213888,0.130205746873709,0.29302565885680065,0.33429190652309937,0.01,1.0,,,
20460,2.8955078125,0.0,2.8955078125,4.901785714285712e-05,2.7232142857142846e-05,195902.22632717306,10.727456768,0.12074491689465498,0.20651249555944526,0.3332081182889456,0.01,1.0,,,
20470,2.55859375,0.0,2.55859375,4.881696428571429e-05,2.7120535714285715e-05,195920.92854355634,10.732699648,0.15896356611464774,0.2975958079578133,0.3321285962464404,0.01,1.0,,,
20480,3.111328125,0.0,3.111328125,4.86160714285714e-05,2.700892857142856e-05,195939.64425004576,10.737942528,0.13162275171752466,0.4582102839889613,0.33105334242728646,0.01,1.0,,,
20490,3.0537109375,0.0,3.0537109375,4.8415178571428575e-05,2.6897321428571432e-05,195958.31372138095,10.743185408,0.13412135447956502,0.41429272238493364,0.3299823588551546,0.01,1.0,,,
20500,2.767578125,0.0,2.767578125,4.821428571428569e-05,2.6785714285714274e-05,195977.02367593,10.748428288,0.11889296848659069,0.19403122211890408,0.3289156475456768,0.01,1.0,,,
20500,,,,,,,,,,,,,0.0,0.0,0.0
20510,2.81689453125,0.0,2.81689453125,4.801339285714286e-05,2.6674107142857147e-05,195927.96379192907,10.753671168,0.1252137578581852,0.22798631409592465,0.32785321050644667,0.01,1.0,,,
20520,2.86328125,0.0,2.86328125,4.7812499999999976e-05,2.656249999999999e-05,195946.49804223626,10.758914048,0.12618690132965263,0.24849441495997726,0.32679504973701234,0.01,1.0,,,
20530,2.8857421875,0.0,2.8857421875,4.761160714285715e-05,2.645089285714286e-05,195964.84772107456,10.764156928,0.13247857139611502,0.2483475228827214,0.3257411672288745,0.01,1.0,,,
20540,3.083984375,0.0,3.083984375,4.7410714285714264e-05,2.6339285714285706e-05,195983.29778433105,10.769399808,0.1178680946901942,0.21459434987746798,0.32469156496548085,0.01,1.0,,,
20550,3.2890625,0.0,3.2890625,4.720982142857143e-05,2.6227678571428575e-05,196001.54999422474,10.774642688,0.12360489762734081,0.2266572353365488,0.32364624492222466,0.01,1.0,,,
20560,2.8935546875,0.0,2.8935546875,4.700892857142855e-05,2.611607142857142e-05,196019.92443567648,10.779885568,0.14438266099052904,0.29923831658433225,0.3226052090664391,0.01,1.0,,,
20570,3.3603515625,0.0,3.3603515625,4.680803571428572e-05,2.6004464285714292e-05,196038.0958255322,10.785128448,0.13754059711657873,0.3767684998220724,0.32156845935739503,0.01,1.0,,,
20580,3.232421875,0.0,3.232421875,4.660714285714284e-05,2.5892857142857134e-05,196056.23222972176,10.790371328,0.11983197831036238,0.3019950418526054,0.32053599774629654,0.01,1.0,,,
20590,2.8125,0.0,2.8125,4.6406250000000007e-05,2.5781250000000007e-05,196074.38455579852,10.795614208,0.12954758915118078,0.2298702847241916,0.3195078261762759,0.01,1.0,,,
20600,2.857421875,0.0,2.857421875,4.6205357142857127e-05,2.566964285714285e-05,196092.40751689213,10.800857088,0.12981930412763498,0.18288207773542473,0.3184839465823937,0.01,1.0,,,
20610,3.2548828125,0.0,3.2548828125,4.6004464285714294e-05,2.555803571428572e-05,196110.40278719045,10.806099968,0.13711693969802896,0.3563875815504694,0.31746436089163155,0.01,1.0,,,
20620,3.0234375,0.0,3.0234375,4.5803571428571414e-05,2.5446428571428566e-05,196128.4253016829,10.811342848,0.13329284299995142,0.3489483768192194,0.31644907102288933,0.01,1.0,,,
20630,3.166015625,0.0,3.166015625,4.560267857142858e-05,2.5334821428571435e-05,196146.1084412472,10.816585728,0.12244960981760072,0.2570098390447048,0.3154380788869826,0.01,1.0,,,
20640,2.7021484375,0.0,2.7021484375,4.54017857142857e-05,2.522321428571428e-05,196164.15024563344,10.821828608,0.13543056945073373,0.3804158223658562,0.3144313863866389,0.01,1.0,,,
20650,3.1396484375,0.0,3.1396484375,4.520089285714287e-05,2.5111607142857153e-05,196181.9087083774,10.827071488,0.12581583374551963,0.24032552608142663,0.31342899541649344,0.01,1.0,,,
20660,3.0673828125,0.0,3.0673828125,4.499999999999999e-05,2.4999999999999994e-05,196199.78012829254,10.832314368,0.13667291334939213,0.20103683304566658,0.31243090786308453,0.01,1.0,,,
20670,2.8310546875,0.0,2.8310546875,4.479910714285716e-05,2.4888392857142867e-05,196217.52935246343,10.837557248,0.12150687423008513,0.24976456480011874,0.31143712560485276,0.01,1.0,,,
20680,3.044921875,0.0,3.044921875,4.459821428571428e-05,2.477678571428571e-05,196235.31018435935,10.842800128,0.12623404055203766,0.24378538347604128,0.31044765051213535,0.01,1.0,,,
20690,3.0556640625,0.0,3.0556640625,4.4397321428571444e-05,2.466517857142858e-05,196252.9634275201,10.848043008,0.1225590165660091,0.21653605587595132,0.30946248444716434,0.01,1.0,,,
20700,2.8603515625,0.0,2.8603515625,4.4196428571428564e-05,2.4553571428571426e-05,196270.78454374714,10.853285888,0.12330020408826811,0.26226186258391604,0.3084816292640597,0.01,1.0,,,
20710,2.9541015625,0.0,2.9541015625,4.399553571428573e-05,2.4441964285714295e-05,196288.58496517254,10.858528768,0.12939422258648686,0.2711173832438031,0.30750508680883043,0.01,1.0,,,
20720,3.0302734375,0.0,3.0302734375,4.379464285714285e-05,2.433035714285714e-05,196306.08890545246,10.863771648,0.1240304165845935,0.2176450074009087,0.30653285891936743,0.01,1.0,,,
20730,3.11328125,0.0,3.11328125,4.359375000000002e-05,2.4218750000000013e-05,196323.5452749019,10.869014528,0.12964534610096629,0.27778705310991303,0.3055649474254425,0.01,1.0,,,
20740,3.140625,0.0,3.140625,4.339285714285714e-05,2.4107142857142855e-05,196330.16872403992,10.874257408,0.118333031379759,0.1949841694961219,0.3046013541487027,0.01,1.0,,,
20750,3.03515625,0.0,3.03515625,4.319196428571431e-05,2.3995535714285727e-05,196332.8779774727,10.879500288,0.11561387721080359,0.18661679791867708,0.30364208090266837,0.01,1.0,,,
20760,2.65234375,0.0,2.65234375,4.299107142857143e-05,2.388392857142857e-05,196334.33642623154,10.884743168,0.11441286755552298,0.23773331767647077,0.3026871294927302,0.01,1.0,,,
20770,2.7890625,0.0,2.7890625,4.2790178571428595e-05,2.377232142857144e-05,196351.4850805289,10.889986048,0.12577354649648942,0.37257793343539447,0.3017365017161442,0.01,1.0,,,
20780,3.080078125,0.0,3.080078125,4.2589285714285715e-05,2.3660714285714286e-05,196357.20125535864,10.895228928,0.11807463887933836,0.4043490279060528,0.30079019936202905,0.01,1.0,,,
20790,3.095703125,0.0,3.095703125,4.238839285714288e-05,2.3549107142857155e-05,196370.64036936598,10.900471808,0.12125632274273002,0.23125431147804681,0.29984822421136303,0.01,1.0,,,
20800,2.921875,0.0,2.921875,4.21875e-05,2.34375e-05,196387.7578571274,10.905714688,0.12138737002130513,0.22849591719368526,0.2989105780369806,0.01,1.0,,,
20810,3.1484375,0.0,3.1484375,4.1986607142857116e-05,2.3325892857142846e-05,196404.2059639093,10.910957568,0.13083786769205447,0.23646465828563737,0.2979772626035689,0.01,1.0,,,
20820,3.515625,0.0,3.515625,4.178571428571428e-05,2.3214285714285715e-05,196421.4530377643,10.916200448,0.12888650056890683,0.34932440203641324,0.2970482796676645,0.01,1.0,,,
20830,3.138671875,0.0,3.138671875,4.15848214285714e-05,2.310267857142856e-05,196438.56069413343,10.921443328,0.12427814637908295,0.24916680729135784,0.29612363097764954,0.01,1.0,,,
20840,3.134765625,0.0,3.134765625,4.138392857142857e-05,2.2991071428571432e-05,196455.56922773478,10.926686208,0.13862057180250642,0.34321828358895556,0.29520331827374957,0.01,1.0,,,
20850,3.2451171875,0.0,3.2451171875,4.118303571428569e-05,2.2879464285714274e-05,196472.55674737867,10.931929088,0.12652981211551423,0.25048920269233665,0.2942873432880294,0.01,1.0,,,
20860,2.81689453125,0.0,2.81689453125,4.098214285714286e-05,2.2767857142857146e-05,196489.45592856934,10.937171968,0.12563734790834472,0.23653053543187283,0.2933757077443896,0.01,1.0,,,
20870,3.181640625,0.0,3.181640625,4.078124999999998e-05,2.2656249999999988e-05,196506.16856307606,10.942414848,0.1346778115686074,0.2643381219554389,0.2924684133585651,0.01,1.0,,,
20880,2.7333984375,0.0,2.7333984375,4.0580357142857146e-05,2.254464285714286e-05,196523.02665126786,10.947657728,0.13392497286241908,0.2591338738552341,0.2915654618381181,0.01,1.0,,,
20890,3.26171875,0.0,3.26171875,4.0379464285714266e-05,2.2433035714285706e-05,196539.79313305567,10.952900608,0.11997660013087377,0.20810085750787655,0.2906668548824409,0.01,1.0,,,
20900,3.2275390625,0.0,3.2275390625,4.017857142857143e-05,2.2321428571428575e-05,196556.48885352808,10.958143488,0.12384805281549718,0.20255223530050712,0.2897725941827457,0.01,1.0,,,
20910,2.6572265625,0.0,2.6572265625,3.997767857142855e-05,2.220982142857142e-05,196573.21860640353,10.963386368,0.142352080720828,0.3098484559479204,0.28888268142206713,0.01,1.0,,,
20920,3.4228515625,0.0,3.4228515625,3.977678571428572e-05,2.2098214285714292e-05,196589.82568385778,10.968629248,0.13931466931165015,0.27929203015027365,0.2879971182752555,0.01,1.0,,,
20930,3.376953125,0.0,3.376953125,3.957589285714284e-05,2.1986607142857134e-05,196606.3968982176,10.973872128,0.12629815484400347,0.34579827323977624,0.287115906408976,0.01,1.0,,,
20940,3.1728515625,0.0,3.1728515625,3.937500000000001e-05,2.1875000000000007e-05,196622.94287283436,10.979115008,0.12381269985380086,0.30730058319785286,0.28623904748170437,0.01,1.0,,,
20950,3.29296875,0.0,3.29296875,3.917410714285713e-05,2.176339285714285e-05,196639.4490360175,10.984357888,0.12053974978108498,0.2103952835928513,0.2853665431437225,0.01,1.0,,,
20960,3.216796875,0.0,3.216796875,3.8973214285714296e-05,2.165178571428572e-05,196655.94245879975,10.989600768,0.13656038001343002,0.1708218436073306,0.2844983950371197,0.01,1.0,,,
20970,2.7158203125,0.0,2.7158203125,3.8772321428571416e-05,2.1540178571428566e-05,196672.4080969713,10.994843648,0.1497180201018106,0.32502944635349723,0.2836346047957834,0.01,1.0,,,
20980,3.380859375,0.0,3.380859375,3.8571428571428584e-05,2.1428571428571435e-05,196687.70160568482,11.000086528,0.12747385257032234,0.21917222503854114,0.28277517404540176,0.01,1.0,,,
20990,2.9404296875,0.0,2.9404296875,3.8370535714285704e-05,2.131696428571428e-05,196702.70633871734,11.005329408,0.12534490021179653,0.29612038054535605,0.28192010440345633,0.01,1.0,,,
21000,2.84765625,0.0,2.84765625,3.816964285714287e-05,2.1205357142857152e-05,196718.97581949428,11.010572288,0.12971009456624608,0.25132977236734594,0.28106939747922305,0.01,1.0,,,
21000,,,,,,,,,,,,,0.0,0.0,0.0
21010,2.994140625,0.0,2.994140625,3.796874999999999e-05,2.1093749999999994e-05,196678.26648974998,11.015815168,0.12253036637358557,0.3099444061940125,0.280223054873765,0.01,1.0,,,
21020,3.2353515625,0.0,3.2353515625,3.776785714285716e-05,2.0982142857142867e-05,196693.58920641002,11.021058048,0.12192651421430285,0.16768659172289863,0.27938107817993296,0.01,1.0,,,
21030,3.0732421875,0.0,3.0732421875,3.756696428571428e-05,2.087053571428571e-05,196709.7336325263,11.026300928,0.11873546006901174,0.25622547314490407,0.2785434689823595,0.01,1.0,,,
21040,3.6767578125,0.0,3.6767578125,3.7366071428571446e-05,2.075892857142858e-05,196725.9277112991,11.031543808,0.14003506056770473,0.21164509981645493,0.2777102288574593,0.01,1.0,,,
21050,3.1376953125,0.0,3.1376953125,3.7165178571428566e-05,2.0647321428571426e-05,196742.04782955034,11.036786688,0.1343367004637665,0.19315595188038395,0.2768813593734219,0.01,1.0,,,
21060,2.6474609375,0.0,2.6474609375,3.6964285714285734e-05,2.0535714285714295e-05,196758.2508431187,11.042029568,0.1353174163550847,0.25707305010096276,0.2760568620902131,0.01,1.0,,,
21070,3.21484375,0.0,3.21484375,3.676339285714285e-05,2.042410714285714e-05,196774.252630944,11.047272448,0.12185155908207022,0.27414386481793973,0.2752367385595684,0.01,1.0,,,
21080,3.138671875,0.0,3.138671875,3.656250000000002e-05,2.0312500000000013e-05,196790.3904027037,11.052515328,0.17478151008182471,0.4779774073750195,0.2744209903249937,0.01,1.0,,,
21090,3.40625,0.0,3.40625,3.6361607142857135e-05,2.0200892857142854e-05,196806.4849151861,11.057758208,0.13312952821863452,0.36812931141756544,0.2736096189217587,0.01,1.0,,,
21100,2.8916015625,0.0,2.8916015625,3.616071428571431e-05,2.0089285714285727e-05,196822.3876250448,11.063001088,0.12988613386894313,0.3221126449326125,0.2728026258768967,0.01,1.0,,,
21110,3.42578125,0.0,3.42578125,3.595982142857142e-05,1.997767857142857e-05,196838.20896226933,11.068243968,0.121490836394688,0.2809036426870441,0.2720000127091996,0.01,1.0,,,
21120,3.087890625,0.0,3.087890625,3.5758928571428596e-05,1.986607142857144e-05,196854.1602635181,11.073486848,0.13847334670616712,0.2653326751353876,0.2712017809292181,0.01,1.0,,,
21130,2.81640625,0.0,2.81640625,3.555803571428571e-05,1.9754464285714286e-05,196870.08451369507,11.078729728,0.15713216970712907,0.2674683027320434,0.2704079320392553,0.01,1.0,,,
21140,3.00390625,0.0,3.00390625,3.535714285714288e-05,1.9642857142857155e-05,196885.92663652686,11.083972608,0.11947496424626387,0.34269715119078437,0.2696184675333658,0.01,1.0,,,
21150,3.2109375,0.0,3.2109375,3.515625e-05,1.953125e-05,196901.64202965854,11.089215488,0.11816518530505077,0.19245439278956344,0.26883338889735375,0.01,1.0,,,
21160,2.859375,0.0,2.859375,3.495535714285712e-05,1.9419642857142846e-05,196917.3173115717,11.094458368,0.11840242848466646,0.22199721725684035,0.2680526976087673,0.01,1.0,,,
21170,3.1455078125,0.0,3.1455078125,3.4754464285714285e-05,1.9308035714285715e-05,196932.9353145112,11.099701248,0.12235003830226708,0.217390941928547,0.26727639513689894,0.01,1.0,,,
21180,3.07421875,0.0,3.07421875,3.4553571428571405e-05,1.919642857142856e-05,196948.53928451214,11.104944128,0.1253915360089259,0.25193204863308666,0.2665044829427794,0.01,1.0,,,
21190,2.8662109375,0.0,2.8662109375,3.435267857142857e-05,1.9084821428571432e-05,196964.14379665395,11.110187008,0.11859673438083285,0.22053548383308438,0.26573696247917933,0.01,1.0,,,
21200,2.8212890625,0.0,2.8212890625,3.415178571428569e-05,1.8973214285714274e-05,196979.6954345528,11.115429888,0.11852918884457615,0.2241927052914598,0.2649738351906012,0.01,1.0,,,
21210,2.9794921875,0.0,2.9794921875,3.395089285714286e-05,1.8861607142857146e-05,196995.34128787465,11.120672768,0.12398135866831901,0.17600879045772358,0.2642151025132814,0.01,1.0,,,
21220,2.865234375,0.0,2.865234375,3.374999999999998e-05,1.8749999999999988e-05,197010.8710231092,11.125915648,0.12118492786039353,0.24417704984190416,0.26346076587518386,0.01,1.0,,,
21230,2.705078125,0.0,2.705078125,3.354910714285715e-05,1.863839285714286e-05,197026.513377138,11.131158528,0.1256100980506279,0.296731883224637,0.2627108266960012,0.01,1.0,,,
21240,3.2919921875,0.0,3.2919921875,3.334821428571427e-05,1.8526785714285706e-05,197038.8116766231,11.136401408,0.12478352319780141,0.3105870390087766,0.2619652863871476,0.01,1.0,,,
21250,3.294921875,0.0,3.294921875,3.3147321428571435e-05,1.8415178571428575e-05,197041.73641125674,11.141644288,0.12332110636395234,0.339509226112993,0.26122414635175933,0.01,1.0,,,
21260,3.2119140625,0.0,3.2119140625,3.2946428571428555e-05,1.830357142857142e-05,197047.97955995193,11.146887168,0.12225638654550064,0.20924922823371478,0.260487407984691,0.01,1.0,,,
21270,2.8515625,0.0,2.8515625,3.274553571428572e-05,1.8191964285714292e-05,197033.55370298668,11.152130048,0.11647929449353141,0.21095529545326544,0.2597550726725141,0.01,1.0,,,
21280,2.912109375,0.0,2.912109375,3.254464285714284e-05,1.8080357142857134e-05,197027.1764352126,11.157372928,0.12168890537511477,0.19752312823160378,0.25902714179351183,0.01,1.0,,,
21290,3.0791015625,0.0,3.0791015625,3.234375000000001e-05,1.7968750000000006e-05,197033.87275363394,11.162615808,0.1279482052941156,0.2382173840667914,0.25830361671767876,0.01,1.0,,,
21300,3.068359375,0.0,3.068359375,3.214285714285713e-05,1.785714285714285e-05,197049.0707380945,11.167858688,0.11661173393535147,0.21401885114947242,0.25758449880671774,0.01,1.0,,,
21310,2.515625,0.0,2.515625,3.19419642857143e-05,1.774553571428572e-05,197060.50077556956,11.173101568,0.14827457776254,0.2944996427785204,0.25686978941403754,0.01,1.0,,,
21320,3.0322265625,0.0,3.0322265625,3.174107142857142e-05,1.7633928571428566e-05,197056.3268558959,11.178344448,0.1194785601590489,0.22708774855922878,0.25615948988474807,0.01,1.0,,,
21330,2.919921875,0.0,2.919921875,3.1540178571428585e-05,1.7522321428571435e-05,197055.2546913353,11.183587328,0.11600750210823031,0.15091722994943457,0.2554536015556626,0.01,1.0,,,
21340,2.67431640625,0.0,2.67431640625,3.13392857142857e-05,1.741071428571428e-05,197057.5702052701,11.188830208,0.1375521378015936,0.27558989199856404,0.2547521257552897,0.01,1.0,,,
21350,3.1376953125,0.0,3.1376953125,3.113839285714287e-05,1.7299107142857152e-05,197069.6612150194,11.194073088,0.11747172045021076,0.2451843455266905,0.2540550638038352,0.01,1.0,,,
21360,2.7509765625,0.0,2.7509765625,3.0937499999999986e-05,1.7187499999999994e-05,197084.8167805198,11.199315968,0.11979996628470681,0.26630645916266116,0.25336241701319623,0.01,1.0,,,
21370,2.935546875,0.0,2.935546875,3.073660714285716e-05,1.7075892857142867e-05,197099.9378523406,11.204558848,0.11426781418511125,0.2354815562894077,0.2526741866869622,0.01,1.0,,,
21380,3.2978515625,0.0,3.2978515625,3.0535714285714274e-05,1.696428571428571e-05,197114.96418067845,11.209801728,0.1227260585467734,0.2215898529704896,0.25199037412040964,0.01,1.0,,,
21390,2.9111328125,0.0,2.9111328125,3.0334821428571445e-05,1.685267857142858e-05,197129.91255103756,11.215044608,0.11978656127107047,0.21987711677303395,0.25131098060050017,0.01,1.0,,,
21400,2.8125,0.0,2.8125,3.0133928571428565e-05,1.6741071428571426e-05,197131.53238023797,11.220287488,0.11082976693247742,0.18918365868032128,0.25063600740587966,0.01,1.0,,,
21410,2.943359375,0.0,2.943359375,2.9933035714285732e-05,1.6629464285714295e-05,197140.65558621762,11.225530368,0.12341915814763912,0.22347838566378436,0.24996545580687413,0.01,1.0,,,
21420,3.130859375,0.0,3.130859375,2.973214285714285e-05,1.651785714285714e-05,197155.5613536704,11.230773248,0.11981738754028512,0.20069032353574806,0.24929932706548819,0.01,1.0,,,
21430,3.298828125,0.0,3.298828125,2.953125000000002e-05,1.6406250000000013e-05,197170.458100247,11.236016128,0.13549282111235528,0.19709993360559896,0.248637622435402,0.01,1.0,,,
21440,3.1474609375,0.0,3.1474609375,2.9330357142857137e-05,1.6294642857142854e-05,197185.31421120878,11.241259008,0.11675480565696976,0.34153581333288174,0.24798034316197048,0.01,1.0,,,
21450,3.2724609375,0.0,3.2724609375,2.9129464285714307e-05,1.6183035714285727e-05,197200.17578600967,11.246501888,0.11651916766117665,0.20230541472668234,0.24732749048221836,0.01,1.0,,,
21460,3.0712890625,0.0,3.0712890625,2.8928571428571424e-05,1.607142857142857e-05,197214.90146838845,11.251744768,0.11448018846358543,0.1741564846680168,0.24667906562484054,0.01,1.0,,,
21470,2.9599609375,0.0,2.9599609375,2.8727678571428595e-05,1.595982142857144e-05,197229.6214364851,11.256987648,0.12583088239641446,0.3108160930121557,0.246035069810198,0.01,1.0,,,
21480,2.83984375,0.0,2.83984375,2.852678571428571e-05,1.5848214285714286e-05,197235.787791946,11.262230528,0.13508935045159282,0.31510295987812337,0.24539550425031634,0.01,1.0,,,
21490,3.15234375,0.0,3.15234375,2.832589285714288e-05,1.5736607142857155e-05,197248.8414084616,11.267473408,0.12267883465517009,0.26901718131122626,0.24476037014888316,0.01,1.0,,,
21500,3.107421875,0.0,3.107421875,2.8125e-05,1.5625e-05,197263.76349690638,11.272716288,0.11597732724161788,0.3042572589372776,0.24412966870124572,0.01,1.0,,,
21500,,,,,,,,,,,,,0.0,0.0,0.0
21510,3.0322265625,0.0,3.0322265625,2.792410714285712e-05,1.5513392857142846e-05,197205.36919105428,11.277959168,0.11752335523865305,0.2542375438004801,0.24350340109440893,0.01,1.0,,,
21520,3.240234375,0.0,3.240234375,2.7723214285714287e-05,1.5401785714285715e-05,197213.3928132357,11.283202048,0.11043553209262663,0.23111844556329514,0.24288156850703368,0.01,1.0,,,
21530,2.8828125,0.0,2.8828125,2.7522321428571403e-05,1.529017857142856e-05,197227.88806187498,11.288444928,0.12673965542638105,0.18693841727783383,0.24226417210943263,0.01,1.0,,,
21540,2.76953125,0.0,2.76953125,2.7321428571428574e-05,1.517857142857143e-05,197240.83072696227,11.293687808,0.11385357660395713,0.2343788335054046,0.24165121306357068,0.01,1.0,,,
21550,2.716796875,0.0,2.716796875,2.712053571428569e-05,1.5066964285714274e-05,197255.31892110192,11.298930688,0.11659247104060697,0.19680638895434605,0.24104269252306026,0.01,1.0,,,
21560,3.029296875,0.0,3.029296875,2.6919642857142862e-05,1.4955357142857146e-05,197269.73124386562,11.304173568,0.1478677939464975,0.246066852121391,0.24043861163316205,0.01,1.0,,,
21570,3.2861328125,0.0,3.2861328125,2.671874999999998e-05,1.484374999999999e-05,197284.1928052318,11.309416448,0.133975851346843,0.31388218553143316,0.23983897153077915,0.01,1.0,,,
21580,2.8662109375,0.0,2.8662109375,2.651785714285715e-05,1.473214285714286e-05,197298.58930733756,11.314659328,0.12404549869800964,0.26359364399873414,0.23924377334445818,0.01,1.0,,,
21590,2.9873046875,0.0,2.9873046875,2.6316964285714266e-05,1.4620535714285704e-05,197312.99588414383,11.319902208,0.11839711666149187,0.21141435549205187,0.23865301819438597,0.01,1.0,,,
21600,3.01953125,0.0,3.01953125,2.6116071428571434e-05,1.4508928571428576e-05,197327.3229596669,11.325145088,0.11684048117814351,0.1517308347364815,0.23806670719238623,0.01,1.0,,,
21610,2.951171875,0.0,2.951171875,2.5915178571428554e-05,1.439732142857142e-05,197341.61133609232,11.330387968,0.11024674402855861,0.2193680270478127,0.23748484144192006,0.01,1.0,,,
21620,2.8896484375,0.0,2.8896484375,2.571428571428572e-05,1.428571428571429e-05,197355.8782877311,11.335630848,0.11445010035750583,0.2005982743900843,0.23690742203808127,0.01,1.0,,,
21630,3.27734375,0.0,3.27734375,2.551339285714284e-05,1.4174107142857134e-05,197370.1837765384,11.340873728,0.10958682477297611,0.18047663773196881,0.2363344500675961,0.01,1.0,,,
21640,2.955078125,0.0,2.955078125,2.531250000000001e-05,1.4062500000000006e-05,197384.45812611247,11.346116608,0.1156067283659499,0.2417728613749902,0.23576592660882056,0.01,1.0,,,
21650,3.03515625,0.0,3.03515625,2.511160714285713e-05,1.395089285714285e-05,197398.72210037734,11.351359488,0.11984072163616513,0.23256665100404442,0.23520185273173802,0.01,1.0,,,
21660,2.85546875,0.0,2.85546875,2.4910714285714296e-05,1.383928571428572e-05,197412.83678926335,11.356602368,0.11596384518111422,0.17699083358457066,0.23464222949795738,0.01,1.0,,,
21670,3.3701171875,0.0,3.3701171875,2.4709821428571416e-05,1.3727678571428564e-05,197426.91731948385,11.361845248,0.12394301598446646,0.2407927005059281,0.23408705796071239,0.01,1.0,,,
21680,2.97265625,0.0,2.97265625,2.4508928571428584e-05,1.3616071428571436e-05,197440.96678343145,11.367088128,0.11748398474361733,0.22326062998661336,0.23353633916485741,0.01,1.0,,,
21690,2.69775390625,0.0,2.69775390625,2.43080357142857e-05,1.350446428571428e-05,197454.9359778296,11.372331008,0.12606678449522102,0.20190745206752717,0.23299007414686682,0.01,1.0,,,
21700,3.158203125,0.0,3.158203125,2.410714285714287e-05,1.339285714285715e-05,197468.89662267297,11.377573888,0.12687780911636512,0.18889439709159325,0.23244826393483262,0.01,1.0,,,
21710,2.814453125,0.0,2.814453125,2.3906249999999988e-05,1.3281249999999994e-05,197482.86400782206,11.382816768,0.11774362909207815,0.28393120992870774,0.23191090954846363,0.01,1.0,,,
21720,2.9423828125,0.0,2.9423828125,2.370535714285716e-05,1.3169642857142867e-05,197496.9500008657,11.388059648,0.1289135055439,0.2234162445212662,0.2313780119990816,0.01,1.0,,,
21730,3.412109375,0.0,3.412109375,2.3504464285714276e-05,1.305803571428571e-05,197510.83527710856,11.393302528,0.11468145726993025,0.17817190054822957,0.23084957228962102,0.01,1.0,,,
21740,2.841796875,0.0,2.841796875,2.3303571428571447e-05,1.294642857142858e-05,197518.7457862582,11.398545408,0.11698358056254755,0.25514350074401154,0.23032559141462558,0.01,1.0,,,
21750,3.49609375,0.0,3.49609375,2.3102678571428563e-05,1.2834821428571424e-05,197515.18640895316,11.403788288,0.11599446335374668,0.19964760785762742,0.22980607036024853,0.01,1.0,,,
21760,3.5087890625,0.0,3.5087890625,2.290178571428573e-05,1.2723214285714297e-05,197526.62725239075,11.409031168,0.11944437195921571,0.18272987232650778,0.22929101010424882,0.01,1.0,,,
21770,2.982421875,0.0,2.982421875,2.270089285714285e-05,1.261160714285714e-05,197537.83913141096,11.414274048,0.1332438120529651,0.1925873834970348,0.22878041161599028,0.01,1.0,,,
21780,3.3291015625,0.0,3.3291015625,2.250000000000002e-05,1.250000000000001e-05,197548.3908167819,11.419516928,0.13150374403497642,0.2378430822715317,0.22827427585643909,0.01,1.0,,,
21790,2.8828125,0.0,2.8828125,2.229910714285714e-05,1.2388392857142854e-05,197560.49973161874,11.424759808,0.11376187576968945,0.17951283695250975,0.22777260377816289,0.01,1.0,,,
21800,3.0126953125,0.0,3.0126953125,2.2098214285714306e-05,1.2276785714285727e-05,197570.40668887796,11.430002688,0.12226891342811667,0.20762280889579318,0.22727539632532806,0.01,1.0,,,
21810,2.9365234375,0.0,2.9365234375,2.1897321428571426e-05,1.216517857142857e-05,197578.7129074641,11.435245568,0.11548266898219657,0.20425662177579368,0.2267826544336991,0.01,1.0,,,
21820,3.0048828125,0.0,3.0048828125,2.1696428571428593e-05,1.205357142857144e-05,197592.38437863218,11.440488448,0.11117389659927122,0.17396935731461471,0.2262943790306353,0.01,1.0,,,
21830,2.7919921875,0.0,2.7919921875,2.1495535714285714e-05,1.1941964285714284e-05,197606.03859570788,11.445731328,0.11532832919474467,0.1819147296632402,0.2258105710350903,0.01,1.0,,,
21840,2.612548828125,0.0,2.612548828125,2.129464285714288e-05,1.1830357142857157e-05,197619.62690361973,11.450974208,0.11721198669493034,0.17003977893907357,0.22533123135760996,0.01,1.0,,,
21850,2.802734375,0.0,2.802734375,2.109375e-05,1.171875e-05,197633.18391962777,11.456217088,0.11202908939539086,0.17804138287520604,0.22485636090032993,0.01,1.0,,,
21860,3.0263671875,0.0,3.0263671875,2.0892857142857118e-05,1.1607142857142844e-05,197646.67177163277,11.461459968,0.12414370784412453,0.17542689931837718,0.22438596055697585,0.01,1.0,,,
21870,2.84765625,0.0,2.84765625,2.0691964285714285e-05,1.1495535714285716e-05,197660.18112031973,11.466702848,0.12308606979886118,0.26174617143255846,0.223920031212859,0.01,1.0,,,
21880,3.146484375,0.0,3.146484375,2.0491071428571405e-05,1.138392857142856e-05,197673.69367006735,11.471945728,0.11301696972057287,0.16803421517038974,0.22345857374487743,0.01,1.0,,,
21890,2.994140625,0.0,2.994140625,2.0290178571428573e-05,1.127232142857143e-05,197687.1622486421,11.477188608,0.11755719329444772,0.22114327489219474,0.22300158902151185,0.01,1.0,,,
21900,2.919921875,0.0,2.919921875,2.0089285714285693e-05,1.1160714285714274e-05,197700.6706217171,11.482431488,0.13003522780317026,0.268109270278788,0.22254907790282552,0.01,1.0,,,
21910,2.7900390625,0.0,2.7900390625,1.988839285714286e-05,1.1049107142857146e-05,197714.04796215452,11.487674368,0.1260688476075471,0.21609221358832584,0.22210104124046223,0.01,1.0,,,
21920,3.298828125,0.0,3.298828125,1.968749999999998e-05,1.093749999999999e-05,197727.3620122605,11.492917248,0.11636273762828246,0.20160450372792516,0.22165747987764509,0.01,1.0,,,
21930,2.82421875,0.0,2.82421875,1.9486607142857148e-05,1.082589285714286e-05,197740.75251354591,11.498160128,0.11816761355749042,0.22829155782770094,0.22121839464917326,0.01,1.0,,,
21940,3.404296875,0.0,3.404296875,1.9285714285714268e-05,1.0714285714285704e-05,197754.06394793466,11.503403008,0.1390925674598337,0.2989715047979871,0.22078378638142304,0.01,1.0,,,
21950,3.4033203125,0.0,3.4033203125,1.9084821428571436e-05,1.0602678571428576e-05,197767.26794055843,11.508645888,0.11667902498444506,0.1900756316793434,0.22035365589234415,0.01,1.0,,,
21960,2.8515625,0.0,2.8515625,1.8883928571428552e-05,1.049107142857142e-05,197780.44666401265,11.513888768,0.11035714159314271,0.2315233443642197,0.21992800399145918,0.01,1.0,,,
21970,3.0703125,0.0,3.0703125,1.8683035714285723e-05,1.037946428571429e-05,197793.53494408182,11.519131648,0.11488535227250574,0.18838477487207358,0.2195068314798614,0.01,1.0,,,
21980,2.9580078125,0.0,2.9580078125,1.848214285714284e-05,1.0267857142857134e-05,197806.07800153826,11.524374528,0.11121441362728314,0.2196816219373598,0.21909013915021466,0.01,1.0,,,
21990,2.77734375,0.0,2.77734375,1.828125000000001e-05,1.0156250000000006e-05,197817.80307155207,11.529617408,0.11330478357933214,0.1732897796254344,0.21867792778674977,0.01,1.0,,,
22000,3.0361328125,0.0,3.0361328125,1.8080357142857127e-05,1.004464285714285e-05,197830.24381355158,11.534860288,0.1214944275305331,0.2071750662786265,0.2182701981652656,0.01,1.0,,,
22000,,,,,,,,,,,,,0.0,0.0,0.0
22010,3.0927734375,0.0,3.0927734375,1.7879464285714298e-05,9.93303571428572e-06,197787.7094339188,11.540103168,0.1168151996793475,0.22424182388510255,0.21786695105312434,0.01,1.0,,,
22020,3.0185546875,0.0,3.0185546875,1.7678571428571415e-05,9.821428571428564e-06,197794.65263850128,11.545346048,0.12539472997438203,0.17689954136682384,0.21746818720925332,0.01,1.0,,,
22030,3.1435546875,0.0,3.1435546875,1.7477678571428582e-05,9.709821428571436e-06,197806.2229800901,11.550588928,0.11606999897921456,0.17981994699726112,0.2170739073841423,0.01,1.0,,,
22040,3.087890625,0.0,3.087890625,1.7276785714285702e-05,9.59821428571428e-06,197813.75946393894,11.555831808,0.11389266006008927,0.1733280777599748,0.21668411231984097,0.01,1.0,,,
22050,3.439453125,0.0,3.439453125,1.707589285714287e-05,9.48660714285715e-06,197826.8639959885,11.561074688,0.11977548427751618,0.20608844754139638,0.21629880274995925,0.01,1.0,,,
22060,2.826171875,0.0,2.826171875,1.687499999999999e-05,9.374999999999994e-06,197839.81448290718,11.566317568,0.11096456315181528,0.20803258946160708,0.21591797939966428,0.01,1.0,,,
22070,3.109375,0.0,3.109375,1.6674107142857158e-05,9.263392857142866e-06,197852.76859827025,11.571560448,0.11336617552299329,0.15118098243590708,0.21554164298568168,0.01,1.0,,,
22080,3.244140625,0.0,3.244140625,1.6473214285714278e-05,9.15178571428571e-06,197865.5435679566,11.576803328,0.11697768973483941,0.1399344198927665,0.21516979421629046,0.01,1.0,,,
22090,3.2744140625,0.0,3.2744140625,1.6272321428571445e-05,9.04017857142858e-06,197878.34415440957,11.582046208,0.12083316680434562,0.19568314056506786,0.21480243379132524,0.01,1.0,,,
22100,3.15234375,0.0,3.15234375,1.6071428571428565e-05,8.928571428571424e-06,197891.09100948588,11.587289088,0.11174366935547686,0.18010840995314872,0.21443956240217243,0.01,1.0,,,
22110,3.197265625,0.0,3.197265625,1.5870535714285733e-05,8.816964285714296e-06,197903.87311306736,11.592531968,0.12244667330004161,0.1953375911620828,0.21408118073177054,0.01,1.0,,,
22120,2.75,0.0,2.75,1.566964285714285e-05,8.70535714285714e-06,197916.6302862023,11.597774848,0.11129906653711984,0.17533457667776725,0.21372728945460803,0.01,1.0,,,
22130,2.953125,0.0,2.953125,1.546875000000002e-05,8.59375000000001e-06,197929.3227443034,11.603017728,0.11737217936429,0.23920041081449947,0.21337788923672224,0.01,1.0,,,
22140,2.75,0.0,2.75,1.5267857142857137e-05,8.482142857142854e-06,197941.9761327576,11.608260608,0.1250985897906701,0.23048201966922416,0.21303298073569757,0.01,1.0,,,
22150,2.7236328125,0.0,2.7236328125,1.5066964285714306e-05,8.370535714285727e-06,197954.63116918944,11.613503488,0.11438596276598445,0.15137025091197648,0.21269256460066624,0.01,1.0,,,
22160,2.8251953125,0.0,2.8251953125,1.4866071428571424e-05,8.25892857142857e-06,197967.23665918357,11.618746368,0.13296010440364145,0.23512022180655479,0.2123566414723043,0.01,1.0,,,
22170,3.4697265625,0.0,3.4697265625,1.4665178571428594e-05,8.14732142857144e-06,197979.8383203988,11.623989248,0.1189180822249891,0.1633429572768828,0.21202521198283267,0.01,1.0,,,
22180,2.51513671875,0.0,2.51513671875,1.4464285714285712e-05,8.035714285714284e-06,197992.48536183697,11.629232128,0.11566744507285394,0.2621097561044034,0.21169827675601427,0.01,1.0,,,
22190,2.9794921875,0.0,2.9794921875,1.4263392857142881e-05,7.924107142857157e-06,198005.03519021833,11.634475008,0.11075309976723835,0.24935445855788932,0.2113758364071548,0.01,1.0,,,
22200,3.25,0.0,3.25,1.40625e-05,7.8125e-06,198017.58366746298,11.639717888,0.11243295912333318,0.2614852527829751,0.21105789154309865,0.01,1.0,,,
22210,2.7861328125,0.0,2.7861328125,1.3861607142857118e-05,7.700892857142844e-06,198030.1015294622,11.644960768,0.1214756290005562,0.21800097060132262,0.21074444276223173,0.01,1.0,,,
22220,3.0703125,0.0,3.0703125,1.3660714285714287e-05,7.589285714285715e-06,198041.71302613142,11.650203648,0.11726667162089562,0.16641609067736787,0.210435490654476,0.01,1.0,,,
22230,2.796875,0.0,2.796875,1.3459821428571406e-05,7.477678571428559e-06,198053.61997763318,11.655446528,0.11347960123507447,0.15620553171009152,0.21013103580129197,0.01,1.0,,,
22240,3.3896484375,0.0,3.3896484375,1.3258928571428575e-05,7.36607142857143e-06,198063.56057263532,11.660689408,0.13933884634270233,0.3975284864728793,0.20983107877567592,0.01,1.0,,,
22250,3.3642578125,0.0,3.3642578125,1.3058035714285693e-05,7.254464285714274e-06,198073.60155894762,11.665932288,0.12350970185618615,0.3191342576583814,0.20953562014215815,0.01,1.0,,,
22260,2.181640625,0.0,2.181640625,1.285714285714286e-05,7.142857142857145e-06,198085.08632245267,11.671175168,0.12712406170760823,0.1958245273277616,0.209244660456804,0.01,1.0,,,
22270,3.01171875,0.0,3.01171875,1.2656249999999979e-05,7.031249999999989e-06,198092.15741454516,11.676418048,0.11288517196612527,0.20575655121284608,0.2089582002672109,0.01,1.0,,,
22280,2.853515625,0.0,2.853515625,1.2455357142857148e-05,6.91964285714286e-06,198103.09708951166,11.681660928,0.11768615497750316,0.19529917281534803,0.2086762401125081,0.01,1.0,,,
22290,2.5947265625,0.0,2.5947265625,1.2254464285714267e-05,6.808035714285704e-06,198114.13051480427,11.686903808,0.13103940035923606,0.2201272941812842,0.20839878052335595,0.01,1.0,,,
22300,2.876953125,0.0,2.876953125,1.2053571428571436e-05,6.696428571428575e-06,198106.68215926152,11.692146688,0.11535943023664769,0.19769639688213692,0.20812582202194418,0.01,1.0,,,
22310,2.7919921875,0.0,2.7919921875,1.1852678571428554e-05,6.584821428571419e-06,198103.22329059907,11.697389568,0.11791130368038884,0.22379332708580574,0.20785736512199124,0.01,1.0,,,
22320,3.4599609375,0.0,3.4599609375,1.1651785714285723e-05,6.47321428571429e-06,198111.17871037553,11.702632448,0.12398323948488009,0.20546666150257248,0.20759341032874412,0.01,1.0,,,
22330,3.359375,0.0,3.359375,1.1450892857142842e-05,6.361607142857134e-06,198112.35623465368,11.707875328,0.11786540347384732,0.19975160413102575,0.2073339581389756,0.01,1.0,,,
22340,2.990234375,0.0,2.990234375,1.125000000000001e-05,6.250000000000005e-06,198118.6016047925,11.713118208,0.11450481344599973,0.15271588628164576,0.2070790090409852,0.01,1.0,,,
22350,3.103515625,0.0,3.103515625,1.1049107142857128e-05,6.138392857142849e-06,198126.01993534854,11.718361088,0.12059072736932362,0.1987750873461738,0.2068285635145971,0.01,1.0,,,
22360,2.8896484375,0.0,2.8896484375,1.0848214285714297e-05,6.02678571428572e-06,198135.22977956795,11.723603968,0.11477474501878095,0.16261025234329246,0.20658262203115987,0.01,1.0,,,
22370,3.0107421875,0.0,3.0107421875,1.0647321428571415e-05,5.915178571428565e-06,198143.4783211834,11.728846848,0.11852434183755736,0.1820630046573285,0.20634118505354487,0.01,1.0,,,
22380,2.9609375,0.0,2.9609375,1.0446428571428584e-05,5.8035714285714354e-06,198155.71302036088,11.734089728,0.12646138760605147,0.21539471769833599,0.20610425303614593,0.01,1.0,,,
22390,3.09375,0.0,3.09375,1.0245535714285703e-05,5.69196428571428e-06,198167.9193364882,11.739332608,0.11696271756982526,0.20264011917729935,0.20587182642487836,0.01,1.0,,,
22400,3.126953125,0.0,3.126953125,1.0044642857142872e-05,5.580357142857151e-06,198180.0791522582,11.744575488,0.11604095873356902,0.17188081391588864,0.20564390565717866,0.01,1.0,,,
22410,2.703125,0.0,2.703125,9.84374999999999e-06,5.468749999999995e-06,198192.22801103827,11.749818368,0.11393566092860567,0.1675906458714556,0.20542049116200234,0.01,1.0,,,
22420,3.1806640625,0.0,3.1806640625,9.642857142857158e-06,5.357142857142866e-06,198204.36360416075,11.755061248,0.11771320574639352,0.19642778131106856,0.2052015833598243,0.01,1.0,,,
22430,2.935546875,0.0,2.935546875,9.441964285714276e-06,5.24553571428571e-06,198216.46128534392,11.760304128,0.1499005308210529,0.2560865742480774,0.20498718266263785,0.01,1.0,,,
22440,3.0009765625,0.0,3.0009765625,9.241071428571445e-06,5.133928571428581e-06,198228.49327591737,11.765547008,0.11692119660101907,0.19843374314129633,0.20477728947395335,0.01,1.0,,,
22450,3.150390625,0.0,3.150390625,9.040178571428564e-06,5.022321428571425e-06,198240.54477696703,11.770789888,0.14159097427191766,0.19343506651122117,0.20457190418879795,0.01,1.0,,,
22460,3.35546875,0.0,3.35546875,8.839285714285733e-06,4.910714285714296e-06,198252.57882459453,11.776032768,0.13181849421261876,0.2183038417218894,0.20437102719371503,0.01,1.0,,,
22470,3.109375,0.0,3.109375,8.638392857142851e-06,4.79910714285714e-06,198264.4322204812,11.781275648,0.12565334978058706,0.2795511285794917,0.2041746588667632,0.01,1.0,,,
22480,2.904296875,0.0,2.904296875,8.43750000000002e-06,4.6875000000000114e-06,198273.08419398897,11.786518528,0.1126563761918793,0.2575028407418183,0.2039827995775151,0.01,1.0,,,
22490,3.060546875,0.0,3.060546875,8.236607142857139e-06,4.575892857142855e-06,198280.67415773217,11.791761408,0.11364007980234567,0.1796598605765635,0.20379544968705743,0.01,1.0,,,
22500,3.01953125,0.0,3.01953125,8.035714285714306e-06,4.4642857142857265e-06,198292.58658504506,11.797004288,0.11321444317165431,0.15341076003393453,0.20361260954799018,0.01,1.0,,,
22500,,,,,,,,,,,,,0.0,0.0,0.0
22510,2.900390625,0.0,2.900390625,7.834821428571425e-06,4.35267857142857e-06,198235.46869102723,11.802247168,0.12172738302404004,0.2200689025703964,0.20343427950442586,0.01,1.0,,,
22520,2.56298828125,0.0,2.56298828125,7.633928571428594e-06,4.2410714285714415e-06,198243.81525388066,11.807490048,0.1487439473188955,0.21141088015769974,0.20326045989198854,0.01,1.0,,,
22530,2.9443359375,0.0,2.9443359375,7.433035714285712e-06,4.129464285714285e-06,198251.29192590265,11.812732928,0.1126777125804893,0.16930599315041286,0.20309115103781333,0.01,1.0,,,
22540,3.0244140625,0.0,3.0244140625,7.2321428571428814e-06,4.0178571428571565e-06,198254.92483280983,11.817975808,0.11328245783263226,0.16039446259363194,0.20292635326054642,0.01,1.0,,,
22550,3.1630859375,0.0,3.1630859375,7.03125e-06,3.90625e-06,198256.35563659022,11.823218688,0.11108726738593608,0.18822820780978058,0.20276606687034368,0.01,1.0,,,
22560,3.5703125,0.0,3.5703125,6.830357142857118e-06,3.7946428571428436e-06,198258.43550734536,11.828461568,0.11592798638150005,0.14550024829940866,0.2026102921688705,0.01,1.0,,,
22570,3.1259765625,0.0,3.1259765625,6.629464285714287e-06,3.683035714285715e-06,198263.62776268803,11.833704448,0.1173667196302477,0.25365444879431437,0.20245902944930086,0.01,1.0,,,
22580,3.3330078125,0.0,3.3330078125,6.428571428571406e-06,3.5714285714285587e-06,198271.0312834861,11.838947328,0.11181276099097433,0.21083027404291113,0.20231227899631696,0.01,1.0,,,
22590,3.2294921875,0.0,3.2294921875,6.227678571428574e-06,3.45982142857143e-06,198281.36586284192,11.844190208,0.1114754190193185,0.16739289741904873,0.20217004108610956,0.01,1.0,,,
22600,3.177734375,0.0,3.177734375,6.0267857142856925e-06,3.3482142857142737e-06,198287.51078581394,11.849433088,0.11753685602940325,0.17037447203789396,0.2020323159863752,0.01,1.0,,,
22610,2.8837890625,0.0,2.8837890625,5.825892857142862e-06,3.236607142857145e-06,198298.02531974425,11.854675968,0.12425331791284766,0.1936537264954189,0.20189910395631883,0.01,1.0,,,
22620,3.1123046875,0.0,3.1123046875,5.62499999999998e-06,3.124999999999989e-06,198301.84298932378,11.859918848,0.11585801966605748,0.19255962875178054,0.20177040524665,0.01,1.0,,,
22630,3.21484375,0.0,3.21484375,5.424107142857148e-06,3.01339285714286e-06,198312.30036097497,11.865161728,0.12122455633241629,0.2574080252675412,0.2016462200995851,0.01,1.0,,,
22640,3.013671875,0.0,3.013671875,5.223214285714267e-06,2.901785714285704e-06,198324.11744594292,11.870404608,0.11537513637562116,0.20107094887192403,0.20152654874884546,0.01,1.0,,,
22650,3.0703125,0.0,3.0703125,5.022321428571436e-06,2.7901785714285757e-06,198335.89318832874,11.875647488,0.11307095823057214,0.20717249286359363,0.20141139141965703,0.01,1.0,,,
22660,3.0634765625,0.0,3.0634765625,4.821428571428554e-06,2.678571428571419e-06,198347.58799429244,11.880890368,0.11529379443781565,0.19028850794985858,0.20130074832875097,0.01,1.0,,,
22670,2.5947265625,0.0,2.5947265625,4.620535714285723e-06,2.5669642857142907e-06,198355.60321407556,11.886133248,0.122112306144269,0.16073962897569744,0.20119461968436125,0.01,1.0,,,
22680,3.203125,0.0,3.203125,4.419642857142841e-06,2.4553571428571342e-06,198361.842380679,11.891376128,0.10817952454187718,0.15198029806739188,0.2010930056862268,0.01,1.0,,,
22690,2.982421875,0.0,2.982421875,4.21875000000001e-06,2.3437500000000057e-06,198369.17878780313,11.896619008,0.11275263624008547,0.19053260048783582,0.20099590652558874,0.01,1.0,,,
22700,2.9140625,0.0,2.9140625,4.017857142857129e-06,2.2321428571428493e-06,198369.31637142735,11.901861888,0.11503394111850758,0.21661832560677693,0.20090332238519154,0.01,1.0,,,
22710,3.0107421875,0.0,3.0107421875,3.816964285714297e-06,2.1205357142857208e-06,198365.97563653725,11.907104768,0.11468192987424335,0.1579408953708642,0.20081525343928253,0.01,1.0,,,
22720,3.0751953125,0.0,3.0751953125,3.6160714285714157e-06,2.0089285714285643e-06,198375.50878673585,11.912347648,0.11640011427173395,0.1764844821505387,0.20073169985361067,0.01,1.0,,,
22730,3.05859375,0.0,3.05859375,3.415178571428584e-06,1.8973214285714358e-06,198387.15636142477,11.917590528,0.12155146672086224,0.15256187979776994,0.2006526617854273,0.01,1.0,,,
22740,3.2646484375,0.0,3.2646484375,3.214285714285703e-06,1.7857142857142793e-06,198391.04395449287,11.922833408,0.1204601715707708,0.18649450756323724,0.20057813938348482,0.01,1.0,,,
22750,3.3359375,0.0,3.3359375,3.0133928571428712e-06,1.6741071428571508e-06,198394.66121893242,11.928076288,0.12261976177888297,0.1548329851726841,0.20050813278803778,0.01,1.0,,,
22760,3.02880859375,0.0,3.02880859375,2.81249999999999e-06,1.5624999999999946e-06,198386.00746252394,11.933319168,0.11501959926602842,0.17126576241970515,0.20044264213084073,0.01,1.0,,,
22770,3.0654296875,0.0,3.0654296875,2.6116071428571584e-06,1.4508928571428658e-06,198390.22896800668,11.938562048,0.12255564475858013,0.22909309397515815,0.20038166753515033,0.01,1.0,,,
22780,2.8720703125,0.0,2.8720703125,2.410714285714277e-06,1.3392857142857096e-06,198397.3226425572,11.943804928,0.1111580720306502,0.14363080405677714,0.20032520911572302,0.01,1.0,,,
22790,3.0166015625,0.0,3.0166015625,2.2098214285714455e-06,1.2276785714285809e-06,198401.68564053116,11.949047808,0.11274126050888719,0.15676347300934704,0.2002732669788154,0.01,1.0,,,
22800,3.3525390625,0.0,3.3525390625,2.0089285714285643e-06,1.1160714285714246e-06,198412.29336812184,11.954290688,0.11530160031423443,0.1607568655611298,0.200225841222185,0.01,1.0,,,
22810,3.03125,0.0,3.03125,1.8080357142857329e-06,1.0044642857142961e-06,198423.7983941511,11.959533568,0.12175016660175901,0.20448437983569695,0.2001829319350887,0.01,1.0,,,
22820,2.85546875,0.0,2.85546875,1.6071428571428514e-06,8.928571428571397e-07,198435.3198015087,11.964776448,0.12317787940869268,0.16725571037512849,0.2001445391982838,0.01,1.0,,,
22830,2.8759765625,0.0,2.8759765625,1.40625000000002e-06,7.812500000000112e-07,198446.80155369663,11.970019328,0.1168678305460695,0.16343883390150107,0.20011066308402656,0.01,1.0,,,
22840,2.85888671875,0.0,2.85888671875,1.2053571428571386e-06,6.696428571428548e-07,198458.22807779585,11.975262208,0.11495459816569596,0.1561666020636899,0.20008130365607324,0.01,1.0,,,
22850,3.046875,0.0,3.046875,1.0044642857143071e-06,5.580357142857262e-07,198469.6750989,11.980505088,0.11522249088280688,0.15845149946140927,0.20005646096967988,0.01,1.0,,,
22860,3.1181640625,0.0,3.1181640625,8.035714285714257e-07,4.4642857142856983e-07,198481.12699985364,11.985747968,0.12730870365880523,0.17128199380599426,0.2000361350716008,0.01,1.0,,,
22870,3.1279296875,0.0,3.1279296875,6.026785714285943e-07,3.3482142857144127e-07,198487.666824111,11.990990848,0.12743148558350786,0.2178620118467261,0.20002032600009054,0.01,1.0,,,
22880,3.142578125,0.0,3.142578125,4.0178571428571286e-07,2.2321428571428492e-07,198499.19601044027,11.996233728,0.11065852409868125,0.19289006597851535,0.200009033784902,0.01,1.0,,,
22890,3.3310546875,0.0,3.3310546875,2.008928571428814e-07,1.1160714285715634e-07,198510.92848290087,12.001476608,0.11508116413265759,0.15587336719496486,0.20000225844728814,0.01,1.0,,,
