step,train/loss,train/lr,train/tokens_per_sec,train/tokens_seen_B,train/grad_norm,eval/nll
0,11.8046875,0.0,133315.7716195852,0.000524288,0.9991440386675883,
10,11.6953125,8.999999999999999e-06,324076.4847124909,0.005767168,0.9995816694814793,
20,10.84375,1.7999999999999997e-05,329841.57162801933,0.011010048,0.9935204909055603,
30,10.0859375,2.7e-05,337039.1655160484,0.016252928,1.0021278004490055,
40,9.7578125,3.5999999999999994e-05,342283.7484827409,0.021495808,1.0041025074411958,
50,8.6640625,4.4999999999999996e-05,347411.3730218401,0.026738688,0.9983989507324998,
60,8.234375,5.4e-05,351641.36915067286,0.031981568,0.9981981975904431,
70,8.1875,6.3e-05,352263.4887782966,0.037224448,0.9389858196005608,
80,7.8125,7.199999999999999e-05,355891.8957709619,0.042467328,0.6728351638988478,
90,7.046875,8.1e-05,358281.38057937217,0.047710208,0.5437951873320325,
100,7.578125,8.999999999999999e-05,359481.9215733721,0.052953088,0.7221592686630298,
110,6.94140625,9.9e-05,362398.0588225592,0.058195968,0.6614417782274091,
120,6.875,0.000108,364135.1352408174,0.063438848,1.0042653499631204,
130,7.421875,0.000117,361557.18075719825,0.068681728,0.8568681823630072,
140,6.8671875,0.000126,365534.846072914,0.073924608,0.8964811195009921,
150,6.33203125,0.000135,365782.7525891539,0.079167488,0.9987876508424857,
160,6.5078125,0.00014399999999999998,366724.98147783056,0.084410368,0.9779370025134577,
170,6.1796875,0.000153,368039.59899286495,0.089653248,0.9386694000678238,
180,5.98828125,0.000162,366633.1715102236,0.094896128,0.9995791538208728,
190,5.71484375,0.00017099999999999998,367810.438096422,0.100139008,0.7284102631487755,
200,5.734375,0.00017999999999999998,369564.5911767226,0.105381888,0.8093817240719297,
210,6.83984375,0.000189,370632.15960021457,0.110624768,1.0038642833910536,
220,5.9921875,0.000198,370554.96415865276,0.115867648,0.9995264773540106,
230,5.74609375,0.000207,370872.4515692306,0.121110528,0.9450400344876658,
240,6.15234375,0.000216,371551.96750266297,0.126353408,0.5177817339152245,
250,6.00390625,0.000225,372500.60662236676,0.131596288,0.9969416129263031,
260,5.60546875,0.000234,371119.19072751614,0.136839168,1.0009753703012232,
270,5.3828125,0.000243,372527.99893233384,0.142082048,0.6978291744565285,
280,5.67578125,0.000252,372432.522783112,0.147324928,0.7820869181293068,
290,5.703125,0.000261,372660.43288326537,0.152567808,0.7179143826835837,
300,5.19140625,0.00027,372803.0472708796,0.157810688,0.997717271220192,
310,5.41015625,0.00027899999999999995,371114.71271148394,0.163053568,0.5806500296088156,
320,5.171875,0.00028799999999999995,371893.3889013185,0.168296448,0.9922112209905368,
330,5.3671875,0.000297,370465.6063931615,0.173539328,0.7505090949768966,
340,5.2265625,0.000306,370996.19596863684,0.178782208,0.5179057136311275,
350,5.50390625,0.000315,370183.5095016647,0.184025088,0.7444984297343092,
360,5.24609375,0.000324,367969.2528260412,0.189267968,0.6521744345210905,
370,5.25390625,0.000333,369529.1355917439,0.194510848,0.6158046088072766,
380,5.40234375,0.00034199999999999996,369501.4960900822,0.199753728,0.9972432525415829,
390,5.05078125,0.00035099999999999997,366493.3904025866,0.204996608,0.717689856492191,
400,5.02734375,0.00035999999999999997,367663.9697471097,0.210239488,0.5408367472674794,
410,5.14453125,0.00036899999999999997,364933.0780215798,0.215482368,0.9066101406546971,
420,4.90625,0.000378,365695.2036688896,0.220725248,0.4996791363659766,
430,4.95703125,0.00038700000000000003,365938.5676299166,0.225968128,0.5253707605043508,
440,5.015625,0.000396,365703.4897490481,0.231211008,0.6544453898051807,
450,5.140625,0.000405,366523.42682129575,0.236453888,0.6517936478833657,
460,4.734375,0.000414,366145.85623028246,0.241696768,0.4483672641190454,
470,4.64453125,0.000423,367014.707280736,0.246939648,0.41567963195963326,
480,5.328125,0.000432,367669.3979813425,0.252182528,0.8270147201632484,
490,4.87890625,0.000441,367863.8755409997,0.257425408,0.4233650989927187,
500,4.9765625,0.00045,368080.1296112076,0.262668288,0.5466528343059636,
500,,,,,,0.0
510,4.828125,0.0004497991071428571,366188.27501979365,0.267911168,0.4479554820916917,
520,4.828125,0.0004495982142857143,366372.5059491822,0.273154048,0.4581880718358893,
530,4.79296875,0.0004493973214285714,366948.61661208916,0.278396928,0.5816494315193542,
540,4.4140625,0.0004491964285714286,367210.78032102896,0.283639808,0.4182228841375134,
550,4.86328125,0.0004489955357142857,367175.48575795454,0.288882688,0.6333603155141967,
560,4.89453125,0.00044879464285714287,367856.54026902793,0.294125568,0.33714534170607724,
570,5.1953125,0.00044859375,367637.1342389776,0.299368448,0.3433758093863757,
580,4.515625,0.0004483928571428571,368263.2980954156,0.304611328,0.4412123036999793,
590,4.84765625,0.00044819196428571423,368324.62232256617,0.309854208,0.4029312760524862,
600,4.546875,0.0004479910714285714,368410.77541149786,0.315097088,0.474806353522025,
610,4.76171875,0.0004477901785714285,368627.73002172186,0.320339968,0.3724950916169174,
620,4.67578125,0.0004475892857142857,368867.7233491203,0.325582848,0.31877530570345164,
630,4.796875,0.0004473883928571428,369239.37363395444,0.330825728,0.6014045934941722,
640,4.5546875,0.0004471875,369698.5470002272,0.336068608,0.3395105138084346,
650,4.33984375,0.0004469866071428571,369414.28995248064,0.341311488,0.28355059127446886,
660,4.55078125,0.0004467857142857143,369612.3021527143,0.346554368,0.40277701981432745,
670,4.39453125,0.0004465848214285714,369674.55308080703,0.351797248,0.6690550060772327,
680,4.7265625,0.0004463839285714286,369703.51252389816,0.357040128,0.33704163215052996,
690,4.27734375,0.0004461830357142857,370334.1809942867,0.362283008,0.3176928068737112,
700,4.4375,0.0004459821428571429,370013.97230226663,0.367525888,0.3953615450816239,
710,4.5,0.00044578125,370434.4573082438,0.372768768,0.33856931738618024,
720,4.375,0.00044558035714285717,370669.32212952926,0.378011648,0.3549812845530496,
730,4.0546875,0.0004453794642857143,370822.12519085157,0.383254528,0.35171379787954266,
740,3.69140625,0.0004451785714285714,370919.1799603603,0.388497408,0.2640410029408057,
750,4.6171875,0.00044497767857142853,371124.21826057887,0.393740288,0.34929894958717816,
760,4.33984375,0.0004447767857142857,371299.81248279026,0.398983168,0.2593434193026087,
770,4.4140625,0.0004445758928571428,371513.628221355,0.404226048,0.5595528994526093,
780,4.48828125,0.000444375,371791.5525106017,0.409468928,0.2718890329615989,
790,4.041015625,0.0004441741071428571,372044.38576818694,0.414711808,0.302573693618031,
800,4.44140625,0.0004439732142857143,372113.4435013484,0.419954688,0.268427040453428,
810,4.4296875,0.0004437723214285714,372204.74399696314,0.425197568,0.2930556863735969,
820,4.18359375,0.0004435714285714286,372237.91529556963,0.430440448,0.23293441079690871,
830,4.3671875,0.0004433705357142857,372415.0007578588,0.435683328,0.252876291697265,
840,4.27734375,0.0004431696428571429,372548.95546476095,0.440926208,0.3194033896093508,
850,4.21875,0.00044296875,372887.8606986063,0.446169088,0.41445559485603783,
860,4.5078125,0.0004427678571428572,372736.93314167194,0.451411968,0.26851862530495807,
870,4.044921875,0.0004425669642857143,372937.5229675415,0.456654848,0.306083017597198,
880,3.94921875,0.0004423660714285714,373349.1498808978,0.461897728,0.22932283872599385,
890,4.2421875,0.00044216517857142854,373336.30504057487,0.467140608,0.2156336026957731,
900,4.44140625,0.00044196428571428566,373496.50583415444,0.472383488,0.29628421870117794,
910,4.16015625,0.00044176339285714283,373522.4987768714,0.477626368,0.2636626602359847,
920,4.068359375,0.00044156249999999995,373424.2135916763,0.482869248,0.2856008511230588,
930,4.25,0.0004413616071428571,373530.0829740034,0.488112128,0.22564293461351545,
940,4.1171875,0.00044116071428571425,373460.6015863608,0.493355008,0.2810215187369589,
950,4.27734375,0.0004409598214285714,373950.9566583396,0.498597888,0.2100078631243555,
960,3.77734375,0.00044075892857142854,373692.95447636646,0.503840768,0.23493635792577072,
970,4.166015625,0.0004405580357142857,373828.1104296255,0.509083648,0.235613563049336,
980,3.845703125,0.00044035714285714284,373845.19080345944,0.514326528,0.252503050721452,
990,3.81640625,0.00044015625,373800.73848715436,0.519569408,0.24605358148854373,
1000,3.8046875,0.00043995535714285713,374150.1978770574,0.524812288,0.20869251464961455,
1000,,,,,,0.0
1010,3.96875,0.0004397544642857143,374250.59007137833,0.530055168,0.1719514397542171,
1020,4.23046875,0.0004395535714285714,374349.0709685388,0.535298048,0.2257813074419107,
1030,3.810546875,0.0004393526785714286,374478.6344782641,0.540540928,0.22533103557618453,
1040,4.236328125,0.00043915178571428566,374331.4404892079,0.545783808,0.23858945521878744,
1050,3.759765625,0.00043895089285714284,374320.39196779137,0.551026688,0.19720398820902554,
1060,4.126953125,0.00043874999999999996,374232.3471766309,0.556269568,0.23460566107193492,
1070,4.005859375,0.00043854910714285713,374533.77676134586,0.561512448,0.8379498577237897,
1080,4.30078125,0.00043834821428571425,374416.162794255,0.566755328,0.1854874136804403,
1090,4.02734375,0.0004381473214285714,374433.40083284496,0.571998208,0.20249092162014007,
1100,4.0703125,0.00043794642857142855,374547.42950226436,0.577241088,0.18382554498863068,
1110,3.767578125,0.0004377455357142857,374571.7948403912,0.582483968,0.18189543288160134,
1120,3.791015625,0.00043754464285714284,374626.4076149578,0.587726848,0.19897913886106672,
1130,3.923828125,0.00043734375,373296.55536297534,0.592969728,0.22002395197054778,
1140,3.998046875,0.00043714285714285714,372515.479309583,0.598212608,0.20556433603558585,
1150,3.71484375,0.0004369419642857143,372581.49398808234,0.603455488,0.28171657879036854,
1160,3.701171875,0.00043674107142857143,372740.33928240964,0.608698368,0.18770100306640805,
1170,4.10546875,0.0004365401785714286,372998.00304784655,0.613941248,0.18052847477794912,
1180,3.892578125,0.0004363392857142857,372385.9486271287,0.619184128,0.304287250060023,
1190,3.43359375,0.00043613839285714284,372648.1114939229,0.624427008,0.23139108135329053,
1200,4.0703125,0.00043593749999999996,372281.4975415119,0.629669888,0.3956525441354108,
1210,3.80078125,0.00043573660714285714,372011.23365007434,0.634912768,0.17618015810090137,
1220,4.046875,0.00043553571428571426,372066.2455755538,0.640155648,0.1897885522366455,
1230,4.546875,0.0004353348214285714,371557.9744585705,0.645398528,0.2506450230634291,
1240,3.91796875,0.00043513392857142855,371751.6763114075,0.650641408,0.99584607057262,
1250,4.08984375,0.0004349330357142857,371464.0671382928,0.655884288,0.18935712227032458,
1260,3.677734375,0.00043473214285714285,371540.5462571601,0.661127168,0.15791558787407417,
1270,4.064453125,0.00043453124999999997,371179.67471730086,0.666370048,0.20781219042070553,
1280,3.94140625,0.00043433035714285714,371361.096136292,0.671612928,0.21514806959475608,
1290,3.66796875,0.00043412946428571426,371600.2246736712,0.676855808,0.19476931981254367,
1300,4.064453125,0.00043392857142857144,371581.3721966745,0.682098688,0.2029716043286122,
1310,3.892578125,0.00043372767857142856,371663.7393733392,0.687341568,0.20371673108458527,
1320,3.990234375,0.00043352678571428573,371894.5753016974,0.692584448,0.1984254784012617,
1330,3.79296875,0.00043332589285714285,371831.6863574163,0.697827328,0.19595773186069376,
1340,3.607421875,0.000433125,371928.63661708456,0.703070208,0.18621266445860654,
1350,4.39453125,0.0004329241071428571,371870.49445860233,0.708313088,0.23468175534552632,
1360,4.283203125,0.00043272321428571426,371769.4356044249,0.713555968,0.18385873541885556,
1370,4.109375,0.0004325223214285714,372109.4613202544,0.718798848,0.18804940253648963,
1380,3.775390625,0.00043232142857142856,371862.3642147604,0.724041728,0.21818733509621918,
1390,3.931640625,0.0004321205357142857,372079.94832904957,0.729284608,0.196505271315821,
1400,3.759765625,0.00043191964285714285,372070.47003095294,0.734527488,0.24151371102098476,
1410,3.76171875,0.00043171875,372018.630581689,0.739770368,0.18113409582246115,
1420,4.7109375,0.00043151785714285715,372061.2011782966,0.745013248,0.26619259658356387,
1430,3.818359375,0.00043131696428571427,372121.0776581748,0.750256128,0.17615659842260606,
1440,3.904296875,0.00043111607142857144,372109.25432942744,0.755499008,0.17522628932213452,
1450,3.923828125,0.00043091517857142856,372237.8012768082,0.760741888,0.21735916471233777,
1460,4.068359375,0.00043071428571428574,372074.58514561784,0.765984768,0.17617613806934884,
1470,3.82421875,0.00043051339285714286,372159.94972756703,0.771227648,0.16532752420000996,
1480,3.607421875,0.00043031250000000003,371893.2342358782,0.776470528,0.17653029667626421,
1490,3.734375,0.00043011160714285715,372151.08240041934,0.781713408,0.16619907822827137,
1500,3.951171875,0.00042991071428571427,372089.7724100164,0.786956288,0.17313161981487932,
1500,,,,,,0.0
1510,3.654296875,0.0004297098214285714,372205.9514671148,0.792199168,0.17240985465800276,
1520,4.0546875,0.00042950892857142857,372293.5918455173,0.797442048,0.2464416404491548,
1530,3.669921875,0.0004293080357142857,372354.9718022826,0.802684928,0.18367722653347507,
1540,3.80078125,0.0004291071428571428,372390.5991696992,0.807927808,0.17473955397995927,
1550,3.80859375,0.00042890625,372678.38334766205,0.813170688,0.17233055992196816,
1560,3.841796875,0.00042870535714285715,372593.2781442892,0.818413568,0.18998350614165813,
1570,3.615234375,0.0004285044642857143,372678.21879642695,0.823656448,0.2392492015588973,
1580,3.880859375,0.0004283035714285714,372791.0824162992,0.828899328,0.17684945611729233,
1590,3.84765625,0.00042810267857142857,372507.03652486217,0.834142208,0.15170867966612073,
1600,3.947265625,0.0004279017857142857,372754.8334280153,0.839385088,0.17168352497922315,
1610,3.806640625,0.00042770089285714286,372826.3521045679,0.844627968,0.16238009538211093,
1620,3.826171875,0.0004275,373058.72293480206,0.849870848,0.1676979989600557,
1630,4.32421875,0.00042729910714285716,373025.4002842736,0.855113728,0.17889372922302615,
1640,3.59375,0.0004270982142857143,372885.35129767284,0.860356608,0.20056338116518763,
1650,3.716796875,0.0004268973214285714,373183.36069227307,0.865599488,0.18678496633519442,
1660,4.7890625,0.0004266964285714285,373067.7957708762,0.870842368,0.20793019949975852,
1670,3.62890625,0.0004264955357142857,373203.5032337498,0.876085248,0.1690962681664011,
1680,3.201171875,0.0004262946428571428,373259.6031804396,0.881328128,0.16908269026666897,
1690,4.1171875,0.00042609375,373234.5065573055,0.886571008,0.15602136978654343,
1700,3.185546875,0.0004258928571428571,373389.3473311709,0.891813888,0.21156413270094226,
1710,3.830078125,0.0004256919642857143,373389.5943527044,0.897056768,0.1825361969790928,
1720,3.78515625,0.0004254910714285714,373552.0495201995,0.902299648,0.2220522620596408,
1730,3.8203125,0.0004252901785714286,373572.95079711167,0.907542528,0.282739120428177,
1740,4.017578125,0.0004250892857142857,373584.2578949341,0.912785408,0.16510342929986177,
1750,3.763671875,0.00042488839285714287,373694.3975613188,0.918028288,0.17827555663289457,
1760,3.533203125,0.0004246875,373820.0243026219,0.923271168,0.16271505381320256,
1770,3.833984375,0.00042448660714285716,373848.1704485749,0.928514048,0.16348095471247692,
1780,3.55078125,0.0004242857142857143,364471.5065746695,0.933756928,0.22233341530456513,
1790,3.486328125,0.00042408482142857146,364481.7079385066,0.938999808,0.16056262134285737,
1800,3.7265625,0.0004238839285714286,364636.04838497395,0.944242688,0.14939643340303438,
1810,3.462890625,0.0004236830357142857,364793.4452370985,0.949485568,0.18942729765313768,
1820,3.8515625,0.0004234821428571428,364831.81465458375,0.954728448,0.17840613984997103,
1830,3.79296875,0.00042328125,364887.3703706613,0.959971328,0.13272581182227094,
1840,3.4296875,0.0004230803571428571,364948.2807399786,0.965214208,0.20823721381988336,
1850,3.681640625,0.0004228794642857143,365012.70476592536,0.970457088,0.18571950275261884,
1860,3.3671875,0.0004226785714285714,365203.53671296156,0.975699968,0.175697337873071,
1870,3.26171875,0.0004224776785714286,365206.2448496728,0.980942848,0.18093734271368753,
1880,3.515625,0.0004222767857142857,365263.1325042082,0.986185728,0.17930736115611737,
1890,3.666015625,0.0004220758928571428,365349.7098516983,0.991428608,0.17256903500329773,
1900,3.5625,0.000421875,365434.82645702787,0.996671488,0.16669547593972714,
1910,3.79296875,0.00042167410714285717,365545.2939972332,1.001914368,0.18020517778542516,
1920,3.658203125,0.0004214732142857143,365594.089134773,1.007157248,0.2099224838041955,
1930,3.9375,0.0004212723214285714,365549.8691080906,1.012400128,0.16262694635467007,
1940,3.763671875,0.0004210714285714286,365688.82590065245,1.017643008,0.24910871342403393,
1950,3.927734375,0.0004208705357142857,365760.02994615404,1.022885888,0.1621920831010514,
1960,3.583984375,0.0004206696428571428,365871.41897936986,1.028128768,0.16334241337055236,
1970,3.45703125,0.00042046874999999994,365928.9432284406,1.033371648,0.2521918599039775,
1980,4.125,0.0004202678571428571,366037.25273802766,1.038614528,0.16536166995458176,
1990,3.849609375,0.00042006696428571424,366141.20478657575,1.043857408,0.16871519354172904,
2000,3.41796875,0.0004198660714285714,366283.113651395,1.049100288,0.28066415829146846,
2000,,,,,,0.0
2010,3.6015625,0.00041966517857142853,365502.53326834267,1.054343168,0.1571824765939895,
2020,3.81640625,0.0004194642857142857,365604.68338733487,1.059586048,0.1919556664074666,
2030,3.650390625,0.00041926339285714283,365625.0189627472,1.064828928,0.19462782406992638,
2040,3.09765625,0.0004190625,365530.2301904416,1.070071808,0.18808368453146462,
2050,3.416015625,0.0004188616071428571,365491.525226609,1.075314688,0.1573590612682736,
2060,3.810546875,0.0004186607142857143,365692.80866620346,1.080557568,0.16669019176044916,
2070,3.794921875,0.0004184598214285714,365748.34935990855,1.085800448,0.1601489005867628,
2080,3.75,0.0004182589285714286,365836.94986247533,1.091043328,0.15913106119841794,
2090,3.646484375,0.0004180580357142857,365992.2821931635,1.096286208,0.2249833008692988,
2100,3.701171875,0.0004178571428571429,365970.43433130597,1.101529088,0.17454024202375476,
2110,3.630859375,0.00041765625,366074.36525991705,1.106771968,0.1852182249239346,
2120,3.56640625,0.0004174553571428571,366149.1093462318,1.112014848,0.16438095874717892,
2130,3.6796875,0.00041725446428571424,366144.0255621983,1.117257728,0.18480795532449495,
2140,3.4453125,0.0004170535714285714,366321.65012444876,1.122500608,0.16550867098686076,
2150,3.798828125,0.00041685267857142854,366294.40388875,1.127743488,0.1576814271447912,
2160,4.0,0.0004166517857142857,366374.1011099405,1.132986368,0.15698755496446432,
2170,3.83984375,0.00041645089285714283,366421.7789091675,1.138229248,0.18197242801518668,
2180,3.75390625,0.00041625,366479.90456607356,1.143472128,0.1858153163929247,
2190,4.115234375,0.00041604910714285713,366471.8066594054,1.148715008,0.16279314411275062,
2200,3.9453125,0.0004158482142857143,366529.1271899038,1.153957888,0.17882278390475387,
2210,3.419921875,0.0004156473214285714,366622.6438918382,1.159200768,0.1725055087319684,
2220,3.65625,0.0004154464285714286,366761.3778336962,1.164443648,0.1689854952002682,
2230,4.201171875,0.0004152455357142857,366818.1931618372,1.169686528,0.1763813226508382,
2240,3.705078125,0.00041504464285714284,366874.2662200055,1.174929408,0.15821750461379813,
2250,3.66015625,0.00041484375,366982.1027317767,1.180172288,0.1525717458960706,
2260,3.71875,0.00041464285714285713,367043.86097268685,1.185415168,0.17361506393736945,
2270,3.478515625,0.00041444196428571425,367097.5531953868,1.190658048,0.16425247236281537,
2280,3.548828125,0.00041424107142857137,367236.74848366814,1.195900928,0.16159170188103078,
2290,3.892578125,0.00041404017857142855,367385.1058424632,1.201143808,0.1631936178361496,
2300,3.73828125,0.00041383928571428567,367507.4501023381,1.206386688,0.14394842937431476,
2310,3.40625,0.00041363839285714284,367415.92878669326,1.211629568,0.16139617883984825,
2320,3.66796875,0.00041343749999999996,367544.73572273913,1.216872448,0.1610110445909746,
2330,3.3984375,0.00041323660714285713,367580.19639222167,1.222115328,0.15569733129071328,
2340,3.62890625,0.00041303571428571425,367696.607410817,1.227358208,0.14829431906984436,
2350,3.3359375,0.00041283482142857143,367729.61299101304,1.232601088,0.171517921881562,
2360,3.673828125,0.00041263392857142855,367702.8935958367,1.237843968,0.19461247456060352,
2370,3.837890625,0.0004124330357142857,367822.9665470014,1.243086848,0.1460520085902361,
2380,3.84765625,0.00041223214285714284,367836.9908970814,1.248329728,0.16431413760345737,
2390,3.75,0.00041203125,367930.9703648376,1.253572608,0.15397950166126675,
2400,3.578125,0.00041183035714285714,368068.3445474112,1.258815488,0.19667270880837007,
2410,3.623046875,0.0004116294642857143,368164.8354960494,1.264058368,0.15974152412194415,
2420,3.34375,0.00041142857142857143,368369.5542345522,1.269301248,0.1670832508332562,
2430,3.541015625,0.00041122767857142855,368453.6236530377,1.274544128,0.15063680618573239,
2440,3.8828125,0.00041102678571428567,368507.64773328794,1.279787008,0.15017644290569535,
2450,3.435546875,0.00041082589285714285,368629.99174024834,1.285029888,0.16204068543597708,
2460,3.5390625,0.00041062499999999997,368610.4968473513,1.290272768,0.1575384436675739,
2470,3.62109375,0.00041042410714285714,368811.1951307457,1.295515648,0.17267875212306635,
2480,3.578125,0.00041022321428571426,368824.1794372502,1.300758528,0.16944714088951643,
2490,3.751953125,0.00041002232142857143,368953.0064963022,1.306001408,0.189789390044115,
2500,3.640625,0.00040982142857142855,369035.83318689873,1.311244288,0.14604628442489492,
2500,,,,,,0.0
2510,3.75,0.00040962053571428573,369117.56020257133,1.316487168,0.15778940782326978,
2520,3.513671875,0.00040941964285714285,369190.1001898041,1.321730048,0.16278278298697782,
2530,3.130859375,0.00040921875,369174.493301889,1.326972928,0.18027520078958195,
2540,3.8046875,0.00040901785714285714,369253.9238045147,1.332215808,0.16211091525785784,
2550,3.5625,0.0004088169642857143,369390.5732364358,1.337458688,0.17467041208010248,
2560,3.576171875,0.00040861607142857144,369411.4557716696,1.342701568,0.14572245128839928,
2570,4.267578125,0.00040841517857142856,369549.92498436,1.347944448,0.17268089313520454,
2580,4.234375,0.0004082142857142857,369561.9982150227,1.353187328,0.15465471902084016,
2590,3.537109375,0.0004080133928571428,369551.3761187719,1.358430208,0.20022525305418465,
2600,3.537109375,0.00040781249999999997,369617.5361100605,1.363673088,0.15031095989955134,
2610,3.595703125,0.00040761160714285715,369688.40795299126,1.368915968,0.15750599084165812,
2620,3.4453125,0.00040741071428571427,369805.322750164,1.374158848,0.16280310967761677,
2630,3.63671875,0.0004072098214285714,369886.03879024007,1.379401728,0.14586703339716983,
2640,3.869140625,0.00040700892857142856,369975.1222140544,1.384644608,0.14740309253060407,
2650,3.630859375,0.0004068080357142857,370096.720511342,1.389887488,0.14630115885729378,
2660,3.51953125,0.00040660714285714285,370109.36452178523,1.395130368,0.14144049072362458,
2670,3.7265625,0.00040640625,370247.86892838037,1.400373248,0.14510515349326003,
2680,3.59765625,0.00040620535714285715,370261.2653331702,1.405616128,0.16977849181176202,
2690,3.52734375,0.00040600446428571427,370332.54293372115,1.410859008,0.14437470539527605,
2700,3.7734375,0.00040580357142857144,370318.361735747,1.416101888,0.18267763191610997,
2710,3.708984375,0.00040560267857142856,370384.0039729372,1.421344768,0.14284073320164906,
2720,3.509765625,0.00040540178571428574,370422.71709263994,1.426587648,0.16122918636910913,
2730,3.640625,0.0004052008928571428,370403.87484778685,1.431830528,0.1569690373531452,
2740,3.650390625,0.000405,370435.69726432144,1.437073408,0.13749777283898568,
2750,3.537109375,0.0004047991071428571,370498.89391713974,1.442316288,0.15338133652336852,
2760,3.36328125,0.00040459821428571427,370486.9607773176,1.447559168,0.14989907234289174,
2770,3.5234375,0.0004043973214285714,370603.2132253123,1.452802048,0.16736402478390813,
2780,3.6484375,0.00040419642857142857,370616.1123002944,1.458044928,0.1378204960509437,
2790,3.701171875,0.0004039955357142857,370731.6057773536,1.463287808,0.16891022657194055,
2800,3.486328125,0.00040379464285714286,370726.6850408849,1.468530688,0.13771598407695898,
2810,3.796875,0.00040359375,370824.91318221606,1.473773568,0.16799047942837994,
2820,4.21875,0.00040339285714285716,370894.79090882465,1.479016448,0.15988350995931525,
2830,3.021484375,0.0004031919642857143,370918.85903543816,1.484259328,0.1565690704916566,
2840,3.421875,0.00040299107142857145,371020.14259702765,1.489502208,0.17215288770168302,
2850,3.978515625,0.00040279017857142857,370981.31306636246,1.494745088,0.15969186095517313,
2860,3.556640625,0.00040258928571428574,371082.45728248,1.499987968,0.1498473883505456,
2870,3.787109375,0.00040238839285714286,371148.2044218797,1.505230848,0.14280973324635007,
2880,3.43359375,0.0004021875,371254.27051041444,1.510473728,0.15107677681818601,
2890,3.537109375,0.0004019866071428571,361830.1297193299,1.515716608,0.30138890477220037,
2900,3.5234375,0.0004017857142857143,361892.4559618883,1.520959488,0.1429507096589384,
2910,3.66796875,0.0004015848214285714,361911.4696222949,1.526202368,0.14107474094126074,
2920,3.63671875,0.0004013839285714286,361981.4406180452,1.531445248,0.14410661901106542,
2930,3.560546875,0.0004011830357142857,362063.1757482902,1.536688128,0.14673415995573702,
2940,3.56640625,0.0004009821428571428,362089.8003511286,1.541931008,0.15936712929390454,
2950,3.755859375,0.00040078125,362190.68962059537,1.547173888,0.15895406704948498,
2960,3.5078125,0.00040058035714285716,362239.6125138336,1.552416768,0.14666478809628056,
2970,3.564453125,0.0004003794642857143,362306.53972404025,1.557659648,0.15000387170851107,
2980,3.3828125,0.0004001785714285714,362440.6085098634,1.562902528,0.15456762020575204,
2990,3.396484375,0.0003999776785714286,362420.16492764425,1.568145408,0.14928002652939934,
3000,3.546875,0.0003997767857142857,362547.87211882684,1.573388288,0.14393614494925627,
3000,,,,,,0.0
3010,3.478515625,0.00039957589285714287,362582.8254132496,1.578631168,0.17676736492043843,
3020,3.626953125,0.000399375,362652.396513847,1.583874048,0.13725813952514673,
3030,3.68359375,0.00039917410714285716,362727.9985097973,1.589116928,0.17320593964732733,
3040,3.30078125,0.00039897321428571423,362768.01950377936,1.594359808,0.14221265929447915,
3050,3.70703125,0.0003987723214285714,362901.87059112283,1.599602688,0.18380793446081098,
3060,3.5546875,0.0003985714285714285,362918.2178493464,1.604845568,0.15045051101843943,
3070,3.46484375,0.0003983705357142857,362937.1995484906,1.610088448,0.1318616150569701,
3080,4.00390625,0.0003981696428571428,363040.7492090485,1.615331328,0.18972493363545107,
3090,3.55078125,0.00039796875,363093.51631437533,1.620574208,0.15247009582698517,
3100,3.572265625,0.0003977678571428571,363226.9052566068,1.625817088,0.16014915320449746,
3110,3.576171875,0.0003975669642857143,363251.7031021343,1.631059968,0.13404788746670684,
3120,3.552734375,0.0003973660714285714,363297.85461738135,1.636302848,0.20522517991850323,
3130,3.744140625,0.0003971651785714286,363341.37288518384,1.641545728,0.13983347267207,
3140,3.4609375,0.0003969642857142857,363411.30021626665,1.646788608,0.1440435139894016,
3150,3.5234375,0.0003967633928571429,363537.68982674205,1.652031488,0.15581176362337562,
3160,3.42578125,0.0003965625,363546.5389781488,1.657274368,0.15276742612256802,
3170,3.736328125,0.00039636160714285717,363477.22084205877,1.662517248,0.1495574553405351,
3180,3.353515625,0.0003961607142857143,363453.2759095483,1.667760128,0.15642204721643585,
3190,3.41015625,0.0003959598214285714,363511.0252906776,1.673003008,0.13926943405622563,
3200,3.732421875,0.00039575892857142853,363628.27940892,1.678245888,0.1459195974850167,
3210,3.39453125,0.0003955580357142857,363596.3917968723,1.683488768,0.14157845553889337,
3220,3.279296875,0.0003953571428571428,363662.5264687522,1.688731648,0.1549992881447297,
3230,3.46875,0.00039515625,363586.2602749479,1.693974528,0.1490521666828833,
3240,3.703125,0.0003949553571428571,363642.59337482153,1.699217408,0.15618702305723003,
3250,3.142578125,0.0003947544642857143,363752.91802491265,1.704460288,0.1338373326911456,
3260,3.734375,0.0003945535714285714,363845.6114456141,1.709703168,0.18051497767337224,
3270,3.55078125,0.0003943526785714286,363868.04981212236,1.714946048,0.15329634398026698,
3280,3.54296875,0.0003941517857142857,363701.4373338791,1.720188928,0.15847562977988214,
3290,3.673828125,0.00039395089285714283,363800.98414261726,1.725431808,0.1849780624155934,
3300,3.8671875,0.00039375,363839.95615984616,1.730674688,0.174851159321814,
3310,2.716796875,0.0003935491071428572,363764.6738226892,1.735917568,0.15945965241597723,
3320,2.779296875,0.0003933482142857143,363869.30106852186,1.741160448,0.15638335007015564,
3330,3.912109375,0.0003931473214285714,363935.5373870224,1.746403328,0.14718886888149146,
3340,3.994140625,0.00039294642857142854,364028.8365472994,1.751646208,0.1596512336724454,
3350,3.4765625,0.0003927455357142857,364083.8610230455,1.756889088,0.17980206719367883,
3360,3.703125,0.00039254464285714283,364160.5004503881,1.762131968,0.3254399915757227,
3370,3.58203125,0.00039234374999999995,364152.1090304519,1.767374848,0.14689657159565814,
3380,3.81640625,0.0003921428571428571,364273.7119039215,1.772617728,0.14792251057993347,
3390,3.5625,0.00039194196428571425,364307.76799977495,1.777860608,0.1392215920107515,
3400,3.46875,0.0003917410714285714,364417.94434382714,1.783103488,0.1459429574381688,
3410,3.51953125,0.00039154017857142854,364498.9450611507,1.788346368,0.14155703467660086,
3420,3.587890625,0.0003913392857142857,364532.2761507931,1.793589248,0.14596904473031302,
3430,3.1171875,0.00039113839285714283,364653.90854763635,1.798832128,0.14321257030457746,
3440,3.72265625,0.0003909375,364512.85348862555,1.804075008,0.1406492290836738,
3450,3.56640625,0.00039073660714285713,364607.98778237856,1.809317888,0.15397856646856578,
3460,3.689453125,0.0003905357142857143,364689.62473799125,1.814560768,0.14862702602317648,
3470,3.8671875,0.0003903348214285714,364739.8648107582,1.819803648,0.14618833067309794,
3480,3.54296875,0.0003901339285714286,364815.12157512625,1.825046528,0.13218944398603882,
3490,3.474609375,0.0003899330357142857,364683.00059316924,1.830289408,0.13541489041596902,
3500,3.357421875,0.00038973214285714284,364777.2161011474,1.835532288,0.15223645907272834,
3500,,,,,,0.0
3510,3.259765625,0.00038953124999999996,364837.8544792785,1.840775168,0.13171924570636748,
3520,3.318359375,0.00038933035714285713,364905.7841193143,1.846018048,0.16284361143033693,
3530,3.01953125,0.00038912946428571425,365019.0242954044,1.851260928,0.14944218981781526,
3540,3.7265625,0.0003889285714285714,365047.11804726697,1.856503808,0.1542290983303072,
3550,4.109375,0.00038872767857142855,365049.1773301967,1.861746688,0.15080392897778558,
3560,3.318359375,0.0003885267857142857,365112.76415046275,1.866989568,0.13923893776069354,
3570,3.66015625,0.00038832589285714284,365164.86414026225,1.872232448,0.1407767379565768,
3580,3.587890625,0.000388125,365271.8927641775,1.877475328,0.13777806493480876,
3590,3.91015625,0.00038792410714285714,365322.0480787584,1.882718208,0.15092469265675224,
3600,3.39453125,0.00038772321428571426,365156.49261221883,1.887961088,0.13279850509665728,
3610,3.142578125,0.00038752232142857143,365278.09244083957,1.893203968,0.14019580338533616,
3620,3.400390625,0.0003873214285714286,365273.2250358349,1.898446848,0.15444464903096142,
3630,3.443359375,0.0003871205357142857,365247.51256667345,1.903689728,0.3647581050364103,
3640,3.177734375,0.00038691964285714284,365121.7342582301,1.908932608,0.14782056201443813,
3650,3.17578125,0.00038671874999999996,365049.4364154225,1.914175488,0.13241140071689986,
3660,3.546875,0.00038651785714285714,365082.5350740353,1.919418368,0.1509919816790445,
3670,3.533203125,0.00038631696428571426,365184.81705875107,1.924661248,0.16474731407218984,
3680,3.568359375,0.0003861160714285714,365242.0054121539,1.929904128,0.1997563322439959,
3690,3.419921875,0.00038591517857142855,365307.8891879709,1.935147008,0.15693922582296074,
3700,3.60546875,0.0003857142857142857,365370.63697076676,1.940389888,0.15388356485954288,
3710,3.39453125,0.00038551339285714285,365243.96442590037,1.945632768,0.16692901589039408,
3720,3.484375,0.00038531249999999997,365221.4339696944,1.950875648,0.14373951640267726,
3730,3.658203125,0.00038511160714285714,365298.1270503414,1.956118528,0.1383299851894298,
3740,3.53515625,0.00038491071428571426,365288.68894132954,1.961361408,0.18051743188447322,
3750,3.48828125,0.00038470982142857144,365395.84321255935,1.966604288,0.1599096806052022,
3760,3.42578125,0.00038450892857142856,365413.7209590544,1.971847168,0.14218479532857456,
3770,3.4921875,0.00038430803571428573,365544.1072206877,1.977090048,0.13902058988569677,
3780,3.466796875,0.00038410714285714285,365639.52094052144,1.982332928,0.1554256144334353,
3790,3.478515625,0.00038390625,365685.7805328831,1.987575808,0.14227142799767314,
3800,3.35546875,0.00038370535714285714,365748.22130432294,1.992818688,0.15123658055511477,
3810,3.59765625,0.00038350446428571426,365747.55531150853,1.998061568,0.13658291320720142,
3820,3.896484375,0.0003833035714285714,365843.8600111324,2.003304448,0.1605157986855482,
3830,3.34765625,0.00038310267857142856,365860.01965433307,2.008547328,0.13940195289089452,
3840,3.6484375,0.0003829017857142857,357202.24133756047,2.013790208,0.15050944680768635,
3850,4.099609375,0.00038270089285714285,357290.0934684194,2.019033088,0.14250009373687658,
3860,3.173828125,0.0003825,357301.4058895897,2.024275968,0.17178536119780297,
3870,3.5859375,0.00038229910714285715,357390.59429679933,2.029518848,0.1345299020236913,
3880,3.375,0.00038209821428571427,357437.3137875946,2.034761728,0.132315456590861,
3890,3.41015625,0.00038189732142857144,357527.9266627889,2.040004608,0.15823884981171268,
3900,3.36328125,0.00038169642857142856,357599.8104761233,2.045247488,0.13163822318477433,
3910,2.837890625,0.00038149553571428574,357670.0988680835,2.050490368,0.15544749366369195,
3920,3.0859375,0.00038129464285714286,357738.8710634236,2.055733248,0.13132359456680054,
3930,3.5390625,0.00038109375000000003,357782.6528242217,2.060976128,0.14385872844302858,
3940,3.068359375,0.00038089285714285715,357782.74427635083,2.066219008,0.1634560006510924,
3950,2.46875,0.00038069196428571427,357904.9060676402,2.071461888,0.13244705321175562,
3960,2.388671875,0.0003804910714285714,357911.9543179935,2.076704768,0.16292670483984967,
3970,3.466796875,0.00038029017857142857,338939.3403285323,2.081947648,0.1430947327114305,
3980,3.525390625,0.0003800892857142857,327051.4909992694,2.087190528,0.1525996282712153,
3990,3.53515625,0.0003798883928571428,327189.7532863813,2.092433408,0.1289065172760728,
4000,3.470703125,0.0003796875,327334.4658128273,2.097676288,0.13188642015110408,
4000,,,,,,0.0
4010,3.630859375,0.00037948660714285715,327210.02681928925,2.102919168,0.14831845874759933,
4020,3.453125,0.0003792857142857143,327320.34270808107,2.108162048,0.1572071437717816,
4030,3.40625,0.0003790848214285714,327414.7331825703,2.113404928,0.13367112948190757,
4040,3.5625,0.00037888392857142857,327481.53203526215,2.118647808,0.15747184833282993,
4050,3.650390625,0.00037868303571428574,327619.5689961241,2.123890688,0.1557344291772905,
4060,3.455078125,0.00037848214285714286,327690.5765348856,2.129133568,0.1360629381276351,
4070,3.6171875,0.00037828125,327836.2244916622,2.134376448,0.1418629279305084,
4080,3.470703125,0.00037808035714285716,327977.7904056938,2.139619328,0.14532793887396328,
4090,3.240234375,0.0003778794642857143,328086.1123004486,2.144862208,0.1339975693131633,
4100,3.50390625,0.00037767857142857145,328194.21029854903,2.150105088,0.13421482298583615,
4110,3.162109375,0.0003774776785714285,328269.8140251692,2.155347968,0.1517055905623268,
4120,3.5,0.0003772767857142857,328388.4286244582,2.160590848,0.18051354179041104,
4130,3.388671875,0.0003770758928571428,328531.5893284489,2.165833728,0.13657458477179857,
4140,3.22265625,0.000376875,328599.94034858176,2.171076608,0.1273972939982514,
4150,3.595703125,0.0003766741071428571,328718.4072248537,2.176319488,0.1689476906208401,
4160,3.6171875,0.0003764732142857143,328840.92745399725,2.181562368,0.15257070879163515,
4170,3.51953125,0.0003762723214285714,328930.0281537167,2.186805248,0.14014969302723332,
4180,3.296875,0.0003760714285714286,329075.0032008479,2.192048128,0.1292828687263483,
4190,3.44140625,0.0003758705357142857,329152.86698192544,2.197291008,0.16397705130883075,
4200,3.779296875,0.00037566964285714287,329241.2532698417,2.202533888,0.1282986144324852,
4210,3.43359375,0.00037546875,329358.5886620593,2.207776768,0.14408484748689382,
4220,3.755859375,0.00037526785714285716,329466.52755456296,2.213019648,0.15868449001187768,
4230,3.51953125,0.0003750669642857143,329562.4009751285,2.218262528,0.12191702141987187,
4240,3.69140625,0.00037486607142857146,329686.83661989414,2.223505408,0.1381945609380034,
4250,3.748046875,0.0003746651785714286,329814.4989056536,2.228748288,0.1484312079861287,
4260,3.33203125,0.0003744642857142857,329901.489285958,2.233991168,0.1525514082508982,
4270,3.6015625,0.0003742633928571428,329989.3982794003,2.239234048,0.12456480428465032,
4280,3.919921875,0.0003740625,330077.6635271717,2.244476928,0.1322369408981193,
4290,3.439453125,0.0003738616071428571,330143.4407296414,2.249719808,0.14144580223071193,
4300,3.5390625,0.00037366071428571423,330292.23684060917,2.254962688,0.13860935210475092,
4310,2.66796875,0.0003734598214285714,330322.57766684244,2.260205568,0.1652164250043524,
4320,3.87890625,0.0003732589285714286,330472.57176768954,2.265448448,0.14293770847015214,
4330,3.501953125,0.0003730580357142857,330555.53679008456,2.270691328,0.1736671997501528,
4340,3.650390625,0.0003728571428571428,330656.70628145564,2.275934208,0.12874399027087355,
4350,3.384765625,0.00037265625,330774.2535115999,2.281177088,0.14333672400940942,
4360,3.4140625,0.00037245535714285717,330837.11665307323,2.286419968,0.1328244118630693,
4370,3.74609375,0.0003722544642857143,330991.542220391,2.291662848,0.1752073949312111,
4380,3.654296875,0.0003720535714285714,331062.7936515335,2.296905728,0.1424419013511974,
4390,3.380859375,0.0003718526785714286,331175.8069249917,2.302148608,0.1649520437338016,
4400,2.546875,0.00037165178571428576,331224.55798114056,2.307391488,0.14801432717939442,
4410,3.37890625,0.0003714508928571429,331282.28053597576,2.312634368,0.13018358166242452,
4420,3.9140625,0.00037124999999999994,331386.517118722,2.317877248,0.14227839018965716,
4430,3.23828125,0.0003710491071428571,331454.68895726115,2.323120128,0.1595275046299589,
4440,3.720703125,0.00037084821428571424,331595.2873542054,2.328363008,0.13839620571571512,
4450,3.728515625,0.0003706473214285714,331695.62671494693,2.333605888,0.15127826222304655,
4460,3.626953125,0.00037044642857142853,331788.97962434666,2.338848768,0.1370552541414008,
4470,3.6640625,0.0003702455357142857,331875.0396189687,2.344091648,0.15427489385901336,
4480,3.30078125,0.0003700446428571428,331985.315637939,2.349334528,0.1324789374637942,
4490,3.705078125,0.00036984375,332097.46271347755,2.354577408,0.14226211410537676,
4500,3.25390625,0.0003696428571428571,324254.8278314473,2.359820288,0.15055299438921682,
4500,,,,,,0.0
4510,3.46875,0.0003694419642857143,324393.7222114149,2.365063168,0.13263521787732024,
4520,3.201171875,0.0003692410714285714,324513.87994159095,2.370306048,0.14151445754612677,
4530,3.47265625,0.0003690401785714286,324633.9195019241,2.375548928,0.13225303668961888,
4540,3.1171875,0.0003688392857142857,324760.8218354651,2.380791808,0.1325276788461749,
4550,3.234375,0.0003686383928571429,324848.361706597,2.386034688,0.1361997221285146,
4560,3.314453125,0.0003684375,325007.4319795286,2.391277568,0.13180240153101141,
4570,3.46875,0.0003682366071428571,325118.778542912,2.396520448,0.15977997519969483,
4580,3.1796875,0.00036803571428571424,325274.92754839786,2.401763328,0.20223461427502393,
4590,3.392578125,0.0003678348214285714,325384.0800427209,2.407006208,0.1385149071886669,
4600,3.875,0.00036763392857142854,325496.3019960292,2.412249088,0.15385299635197405,
4610,3.537109375,0.0003674330357142857,325606.0351397365,2.417491968,0.12986592140461647,
4620,3.064453125,0.00036723214285714283,325689.0872003065,2.422734848,0.1441689726314994,
4630,3.572265625,0.00036703125,325830.4222736793,2.427977728,0.14681322701214464,
4640,3.19140625,0.00036683035714285713,325953.1830909081,2.433220608,0.1405773586227751,
4650,3.8984375,0.00036662946428571425,326071.8107788725,2.438463488,0.14497105285254777,
4660,3.30078125,0.0003664285714285714,326211.9835544538,2.443706368,0.13106333730274433,
4670,4.19921875,0.0003662276785714286,326324.9233761395,2.448949248,0.13964391773468546,
4680,3.525390625,0.0003660267857142857,326413.21780516475,2.454192128,0.14240548565389707,
4690,3.45703125,0.00036582589285714284,326509.2164616531,2.459435008,0.13368166158254705,
4700,3.248046875,0.000365625,326582.2211082548,2.464677888,0.12475992837543752,
4710,3.353515625,0.0003654241071428572,326717.64764172846,2.469920768,0.14071666779740413,
4720,3.546875,0.00036522321428571425,326839.5892400338,2.475163648,0.13484186797075234,
4730,3.431640625,0.00036502232142857137,326909.8935164205,2.480406528,0.1609016721606751,
4740,3.658203125,0.00036482142857142854,327067.74925261573,2.485649408,0.13208044801275623,
4750,3.509765625,0.0003646205357142857,327139.10254565754,2.490892288,0.1305560390742419,
4760,3.095703125,0.00036441964285714284,327252.8476269964,2.496135168,0.14732012754792306,
4770,3.3984375,0.00036421874999999996,327370.59548628406,2.501378048,0.12657857057421604,
4780,3.568359375,0.00036401785714285713,327452.7641460563,2.506620928,0.13774829513246598,
4790,3.90625,0.00036381696428571425,327545.12418157345,2.511863808,0.15137611699179276,
4800,3.060546875,0.00036361607142857143,327666.28243816365,2.517106688,0.1336646196846994,
4810,3.208984375,0.00036341517857142855,327706.93710502307,2.522349568,0.1417246480451264,
4820,3.685546875,0.0003632142857142857,327815.3442862527,2.527592448,0.14105328328748606,
4830,3.314453125,0.00036301339285714284,327914.72435605497,2.532835328,0.1254533326494328,
4840,2.673828125,0.0003628125,328057.1921180547,2.538078208,0.15019930025030798,
4850,3.263671875,0.00036261160714285714,328125.3079466924,2.543321088,0.14556692038369004,
4860,3.501953125,0.0003624107142857143,328212.39572730835,2.548563968,0.1345950890198516,
4870,3.037109375,0.00036220982142857143,328333.30601234816,2.553806848,0.12114445980676904,
4880,3.76953125,0.00036200892857142855,328398.34465071786,2.559049728,0.1484594324118138,
4890,3.5546875,0.00036180803571428567,328509.19232388184,2.564292608,0.1490106522491069,
4900,3.57421875,0.00036160714285714285,328635.13561323745,2.569535488,0.14970184698428995,
4910,3.419921875,0.00036140624999999997,328732.80773775204,2.574778368,0.1335206972239982,
4920,3.35546875,0.00036120535714285714,328835.9373457916,2.580021248,0.13721352360209618,
4930,3.25,0.00036100446428571426,328930.93385481666,2.585264128,0.12486672592330064,
4940,3.580078125,0.00036080357142857143,329037.4212678471,2.590507008,0.13871112477714082,
4950,3.44921875,0.00036060267857142855,329139.76283080125,2.595749888,0.15409178047890082,
4960,3.1328125,0.00036040178571428573,329238.06424894114,2.600992768,0.12284012843458733,
4970,3.609375,0.00036020089285714285,329356.1808732532,2.606235648,0.13930015801216683,
4980,3.375,0.00036,329405.2712920833,2.611478528,0.14999079576473873,
4990,3.240234375,0.00035979910714285714,329505.58167993196,2.616721408,0.1387124855296555,
5000,2.904296875,0.00035959821428571426,329618.5946875171,2.621964288,0.17152949410571075,
5000,,,,,,0.0
5010,3.404296875,0.00035939732142857144,329706.0733753252,2.627207168,0.13986032281699215,
5020,3.451171875,0.0003591964285714286,329795.56960662187,2.632450048,0.3925309920750932,
5030,3.62890625,0.0003589955357142857,329862.19917325035,2.637692928,0.13853211925123177,
5040,3.17578125,0.0003587946428571428,329952.59575413715,2.642935808,0.12816426783979534,
5050,3.427734375,0.00035859374999999997,330066.36826375563,2.648178688,0.12473169248311537,
5060,3.234375,0.00035839285714285715,330148.5292353554,2.653421568,0.13815264215553522,
5070,3.39453125,0.00035819196428571427,330267.60866315785,2.658664448,0.15892915351593132,
5080,3.458984375,0.0003579910714285714,330357.3509769608,2.663907328,0.14644227751669656,
5090,3.44140625,0.00035779017857142856,330444.695037162,2.669150208,0.1376562383305805,
5100,3.98046875,0.00035758928571428573,330540.67607720336,2.674393088,0.19605861996387558,
5110,3.501953125,0.00035738839285714285,330648.703906422,2.679635968,0.1521033321770724,
5120,3.263671875,0.0003571875,330747.2387237182,2.684878848,0.14012257972282532,
5130,3.203125,0.00035698660714285715,330820.7230038737,2.690121728,0.1393232618188098,
5140,3.2109375,0.00035678571428571427,327275.29477777873,2.695364608,0.12301970505471238,
5150,3.373046875,0.00035658482142857144,327396.4342772183,2.700607488,0.13610180912818445,
5160,3.083984375,0.00035638392857142856,327472.7561733681,2.705850368,0.14159284221165577,
5170,3.06640625,0.00035618303571428574,327591.03236311785,2.711093248,0.1533435825692084,
5180,3.1796875,0.00035598214285714286,327671.40832624095,2.716336128,0.14012959604108874,
5190,3.599609375,0.00035578125,327788.79125433444,2.721579008,0.12171305504218519,
5200,3.25390625,0.0003555803571428571,327876.146673417,2.726821888,0.14348000992142954,
5210,2.80859375,0.00035537946428571427,327967.5581588523,2.732064768,0.13081136764593237,
5220,3.296875,0.0003551785714285714,328042.9875869032,2.737307648,0.13536600702632096,
5230,3.337890625,0.00035497767857142857,328103.6087087053,2.742550528,0.19066799550236183,
5240,3.23828125,0.0003547767857142857,328196.74466566625,2.747793408,0.1466685480837654,
5250,3.1953125,0.00035457589285714286,328285.7020391351,2.753036288,0.14197185868325282,
5260,3.25390625,0.000354375,328322.17225657665,2.758279168,0.12423419986434335,
5270,3.376953125,0.00035417410714285716,328427.11684969714,2.763522048,0.1377104496559071,
5280,3.62890625,0.0003539732142857143,328522.4247832441,2.768764928,0.14124733553834823,
5290,3.1171875,0.00035377232142857145,328534.1195807217,2.774007808,0.15310799106120096,
5300,3.591796875,0.00035357142857142857,328636.4675105226,2.779250688,0.14443862743510913,
5310,3.359375,0.00035337053571428574,328753.5410489837,2.784493568,0.13620065085355076,
5320,3.353515625,0.00035316964285714286,328785.89101203653,2.789736448,0.12586854680018067,
5330,2.83984375,0.00035296875,328830.78005645284,2.794979328,0.1310228418694047,
5340,2.841796875,0.0003527678571428571,328916.793573271,2.800222208,0.1297753959135455,
5350,3.111328125,0.0003525669642857142,328981.26408836304,2.805465088,0.13664870594298575,
5360,3.40234375,0.0003523660714285714,329095.78906277166,2.810707968,0.14602471837946418,
5370,3.46875,0.00035216517857142857,329195.129231727,2.815950848,0.14220417994488135,
5380,3.498046875,0.0003519642857142857,329298.81982407306,2.821193728,0.13466086597472357,
5390,3.474609375,0.0003517633928571428,329395.4998268449,2.826436608,0.13696788879762936,
5400,2.87109375,0.0003515625,329461.54640492273,2.831679488,0.1557024133725293,
5410,3.31640625,0.00035136160714285716,329582.585447665,2.836922368,0.14507435583355682,
5420,3.1640625,0.0003511607142857143,329630.2246830252,2.842165248,0.13341993613481978,
5430,3.494140625,0.0003509598214285714,329719.43349345186,2.847408128,0.12142211455314839,
5440,3.330078125,0.0003507589285714286,329784.43899309967,2.852651008,0.1374934643393053,
5450,3.45703125,0.00035055803571428575,329884.3374747889,2.857893888,0.12790507493689854,
5460,3.05859375,0.00035035714285714287,329973.65742152656,2.863136768,0.13347888507447742,
5470,3.103515625,0.00035015625,330073.6817860635,2.868379648,0.1384205349657306,
5480,3.39453125,0.00034995535714285716,330155.70409089327,2.873622528,0.1554074502831285,
5490,3.40234375,0.0003497544642857143,330232.04360542074,2.878865408,0.1445166205802725,
5500,3.21484375,0.0003495535714285714,330314.0207691921,2.884108288,0.13006119100516747,
5500,,,,,,0.0
5510,3.283203125,0.0003493526785714285,330417.0920984618,2.889351168,0.13604157227278096,
5520,3.404296875,0.0003491517857142857,330520.0339959029,2.894594048,0.15822981316686463,
5530,3.443359375,0.0003489508928571428,330600.62709210266,2.899836928,0.12533450155832843,
5540,3.44921875,0.00034875,330672.6144652064,2.905079808,0.1388063516784491,
5550,3.4375,0.0003485491071428571,330744.4842355225,2.910322688,0.1273478247418985,
5560,3.66796875,0.0003483482142857143,330835.9076218866,2.915565568,0.1445004647011024,
5570,3.57421875,0.0003481473214285714,330947.5819875333,2.920808448,0.15680675482393783,
5580,3.5546875,0.0003479464285714286,331027.4247655884,2.926051328,0.13030359450163226,
5590,3.142578125,0.0003477455357142857,331096.75207694015,2.931294208,0.13980996473786372,
5600,2.453125,0.0003475446428571429,331113.4481423421,2.936537088,0.1653155199322129,
5610,3.123046875,0.00034734375,331190.86359843664,2.941779968,0.14090353646096732,
5620,3.3359375,0.00034714285714285717,331291.4858676538,2.947022848,0.1272141157451733,
5630,1.94140625,0.0003469419642857143,331355.3129140489,2.952265728,0.1366807115766247,
5640,3.236328125,0.0003467410714285714,331435.86348359147,2.957508608,0.13561591530008205,
5650,3.03515625,0.00034654017857142853,331519.93906195834,2.962751488,0.13774499196199702,
5660,3.291015625,0.0003463392857142857,331590.3671722828,2.967994368,0.1332076515332996,
5670,3.228515625,0.0003461383928571428,331710.2900792126,2.973237248,0.13541782575943972,
5680,3.14453125,0.0003459375,331755.99743895466,2.978480128,0.15092394953507282,
5690,3.5,0.0003457366071428571,331857.0483920173,2.983723008,0.13016113217263944,
5700,3.234375,0.00034553571428571424,331940.3609038802,2.988965888,0.1329833398968788,
5710,3.130859375,0.0003453348214285714,332010.72464140307,2.994208768,0.1396732477288824,
5720,3.0703125,0.0003451339285714286,332097.17394184036,2.999451648,0.12992644203924564,
5730,3.06640625,0.0003449330357142857,332163.22539928614,3.004694528,0.1283463507157606,
5740,3.158203125,0.00034473214285714283,332266.9241610902,3.009937408,0.14040171370256568,
5750,3.140625,0.00034453125,332334.70056813234,3.015180288,0.12972512171222475,
5760,3.048828125,0.0003443303571428572,332421.0408835796,3.020423168,0.1492484124434148,
5770,3.29296875,0.0003441294642857143,332522.6391447552,3.025666048,0.13695202857254282,
5780,3.072265625,0.0003439285714285714,332608.6932469934,3.030908928,0.13783717727345887,
5790,3.28125,0.0003437276785714286,332704.05746612756,3.036151808,0.14576155585591388,
5800,3.1875,0.0003435267857142857,332731.79570405866,3.041394688,0.12526127215237085,
5810,3.251953125,0.00034332589285714283,332824.05432556605,3.046637568,0.14094127481517812,
5820,3.162109375,0.00034312499999999995,326280.5989029075,3.051880448,0.1425960125624715,
5830,3.595703125,0.0003429241071428571,326353.3249817712,3.057123328,0.17557023575395583,
5840,3.296875,0.00034272321428571425,326451.68516751984,3.062366208,0.14351310324592007,
5850,3.302734375,0.0003425223214285714,326544.27757901634,3.067609088,0.1300342406092978,
5860,3.376953125,0.00034232142857142854,326606.0342915276,3.072851968,0.13767181679856383,
5870,3.21875,0.0003421205357142857,326684.4956572961,3.078094848,0.1295763234411036,
5880,3.205078125,0.00034191964285714283,326771.19031748676,3.083337728,0.13020206016200495,
5890,3.193359375,0.00034171875,326843.08128271566,3.088580608,0.13845444592025105,
5900,2.939453125,0.00034151785714285713,326933.56547744136,3.093823488,0.12998859318224174,
5910,3.287109375,0.0003413169642857143,327028.1552358618,3.099066368,0.1345568921353845,
5920,3.232421875,0.0003411160714285714,327102.79576379654,3.104309248,0.353607370545343,
5930,3.587890625,0.0003409151785714286,327169.3045270318,3.109552128,0.13770024456392266,
5940,3.34375,0.0003407142857142857,327244.69362967595,3.114795008,0.14112991485097226,
5950,2.935546875,0.00034051339285714284,327327.64855958475,3.120037888,0.12674254017485126,
5960,3.353515625,0.00034031249999999996,327418.9450427036,3.125280768,0.12744588770792314,
5970,3.171875,0.00034011160714285713,327537.4136396354,3.130523648,0.13433075901081726,
5980,3.373046875,0.00033991071428571425,327587.0681562827,3.135766528,0.12438485264979827,
5990,2.708984375,0.0003397098214285714,327647.9263249471,3.141009408,0.14177347145933974,
6000,3.728515625,0.00033950892857142855,327751.80185637664,3.146252288,0.1291612551787557,
6000,,,,,,0.0
6010,3.009765625,0.0003393080357142857,327695.5680036496,3.151495168,0.13830626297477647,
6020,3.224609375,0.00033910714285714284,327758.58780859737,3.156738048,0.13757098443480678,
6030,3.3359375,0.00033890625,327826.54649580765,3.161980928,0.13746605316084445,
6040,3.158203125,0.00033870535714285713,327917.12366936955,3.167223808,0.12962598319940946,
6050,3.365234375,0.00033850446428571425,327999.1829960594,3.172466688,0.132427611529673,
6060,2.8984375,0.00033830357142857143,328103.1225037829,3.177709568,0.13077963767107334,
6070,3.33203125,0.0003381026785714286,328166.6936783979,3.182952448,0.13003629969584907,
6080,3.58984375,0.0003379017857142857,328238.2987532456,3.188195328,0.12858142458885405,
6090,2.373046875,0.00033770089285714284,328280.62320173916,3.193438208,0.13054913818751593,
6100,3.259765625,0.0003375,328372.44582278805,3.198681088,0.11734285469941488,
6110,3.212890625,0.00033729910714285714,328443.7583265077,3.203923968,0.14286070365901576,
6120,3.20703125,0.00033709821428571426,328517.84325045947,3.209166848,0.14375663950331402,
6130,3.443359375,0.0003368973214285714,328599.8520164824,3.214409728,0.15696109124723504,
6140,3.375,0.00033669642857142855,328656.9205583697,3.219652608,0.13031516407126648,
6150,3.646484375,0.0003364955357142857,328718.85630236124,3.224895488,0.18876534663918038,
6160,3.55078125,0.00033629464285714285,328803.7264072573,3.230138368,0.13933973995808943,
6170,3.32421875,0.00033609374999999997,328853.9181596752,3.235381248,0.1227317215345508,
6180,3.1171875,0.00033589285714285714,328945.0596090959,3.240624128,0.1377894491177037,
6190,3.4140625,0.0003356919642857143,328979.9699878409,3.245867008,0.12555795223495572,
6200,3.44921875,0.00033549107142857144,329110.20571864623,3.251109888,0.13251760343002428,
6210,3.255859375,0.00033529017857142856,329197.52430270193,3.256352768,0.12626065727709482,
6220,3.251953125,0.00033508928571428573,329300.3529013972,3.261595648,0.12232340972687071,
6230,3.189453125,0.0003348883928571429,329347.89501768665,3.266838528,0.14894924218724154,
6240,3.44921875,0.0003346875,329420.9074155316,3.272081408,0.15550573681046978,
6250,3.150390625,0.00033448660714285714,329491.9849127865,3.277324288,0.13676054036236462,
6260,3.486328125,0.00033428571428571426,329560.9651959007,3.282567168,0.13133656036510205,
6270,3.2578125,0.00033408482142857144,329653.3558829509,3.287810048,0.13109036764968793,
6280,3.19140625,0.0003338839285714285,329722.13865781325,3.293052928,0.14205459102891319,
6290,3.427734375,0.0003336830357142857,329800.21338613663,3.298295808,0.14623164410158382,
6300,3.30078125,0.00033348214285714285,329843.651197403,3.303538688,0.1317071744730225,
6310,3.103515625,0.00033328125,329906.78522351687,3.308781568,0.16670233024884165,
6320,3.595703125,0.0003330803571428571,329978.7489863244,3.314024448,0.1274970887811031,
6330,3.130859375,0.00033287946428571427,330062.1927361253,3.319267328,0.16329939244297673,
6340,3.23828125,0.00033267857142857144,330162.94119300984,3.324510208,0.12485905474233575,
6350,3.251953125,0.00033247767857142856,330227.6783234448,3.329753088,0.11655006077410772,
6360,2.93359375,0.0003322767857142857,330289.23959902016,3.334995968,0.13977248135000067,
6370,3.27734375,0.00033207589285714286,330206.0008477913,3.340238848,0.1361010083668175,
6380,3.234375,0.00033187500000000003,330297.19775533245,3.345481728,0.12694064916349684,
6390,2.818359375,0.00033167410714285715,330323.33414954983,3.350724608,0.1307901178626911,
6400,3.166015625,0.00033147321428571427,330393.438581693,3.355967488,0.14234682702465318,
6410,3.34375,0.0003312723214285714,330483.28202647995,3.361210368,0.13771133473823982,
6420,2.984375,0.00033107142857142856,330551.0921710408,3.366453248,0.1305877464335077,
6430,3.0751953125,0.0003308705357142857,330643.5656238729,3.371696128,0.12298715535781375,
6440,3.212890625,0.0003306696428571428,330690.1333845074,3.376939008,0.12471310011642767,
6450,3.16796875,0.00033046875,330767.7898020533,3.382181888,0.1418079351529753,
6460,3.197265625,0.00033026785714285715,330847.17875265644,3.387424768,0.14184628341632227,
6470,2.9609375,0.0003300669642857143,330896.2128354104,3.392667648,0.13106825011786086,
6480,3.15234375,0.0003298660714285714,330955.7226355156,3.397910528,0.11983324835239635,
6490,3.35546875,0.00032966517857142857,331038.40894265583,3.403153408,0.1395447413843417,
6500,3.408203125,0.00032946428571428574,331092.68602582236,3.408396288,0.12227133497482619,
6500,,,,,,0.0
6510,3.24609375,0.00032926339285714286,331138.5395883681,3.413639168,0.12755418993132125,
6520,3.546875,0.0003290625,331212.7920106515,3.418882048,0.19869291953484083,
6530,3.392578125,0.00032886160714285716,331244.09867633344,3.424124928,0.13298918204124313,
6540,3.130859375,0.00032866071428571433,331338.84025716485,3.429367808,0.15773229042432454,
6550,3.5390625,0.00032845982142857145,331390.50684864615,3.434610688,0.13364233694010377,
6560,3.7421875,0.00032825892857142857,331452.1425476221,3.439853568,0.14101388814893648,
6570,3.10546875,0.0003280580357142857,331469.8978899102,3.445096448,0.1272296734205034,
6580,3.662109375,0.00032785714285714287,331542.12455608154,3.450339328,0.13443084122742996,
6590,3.369140625,0.00032765625,331621.835673479,3.455582208,0.1272925563059694,
6600,3.333984375,0.0003274553571428571,331691.08003558294,3.460825088,0.13265773702934142,
6610,3.580078125,0.0003272544642857143,331755.0189223423,3.466067968,0.11884710511299058,
6620,3.095703125,0.00032705357142857145,331856.4997267455,3.471310848,0.15525325946899532,
6630,3.16015625,0.0003268526785714285,331898.07781672006,3.476553728,0.1276129563980415,
6640,3.29296875,0.0003266517857142857,331953.0357853537,3.481796608,0.1236607319999523,
6650,3.443359375,0.00032645089285714287,332039.88352263643,3.487039488,0.13910340814210803,
6660,3.380859375,0.00032625,332111.0260530826,3.492282368,0.12407278865483874,
6670,3.36328125,0.0003260491071428571,332190.99145557947,3.497525248,0.126331335270711,
6680,3.04296875,0.0003258482142857143,332255.2233227538,3.502768128,0.14276360450213946,
6690,3.080078125,0.00032564732142857146,332268.9006540516,3.508011008,0.12311277646385788,
6700,3.36328125,0.0003254464285714286,332386.7899466299,3.513253888,0.12546053621414333,
6710,3.150390625,0.0003252455357142857,332445.0149847446,3.518496768,0.13045736118815046,
6720,3.267578125,0.0003250446428571428,332509.3091107154,3.523739648,0.12353209215796873,
6730,2.921875,0.00032484375,332589.6842911631,3.528982528,0.12340523921705682,
6740,3.2890625,0.0003246428571428571,332648.1623113879,3.534225408,0.1469330588894642,
6750,1.8701171875,0.00032444196428571423,332724.59918742743,3.539468288,0.15968080195475887,
6760,3.171875,0.0003242410714285714,332790.15694041265,3.544711168,0.129604682252619,
6770,3.60546875,0.0003240401785714286,332865.45828771143,3.549954048,0.1512752768487488,
6780,3.330078125,0.0003238392857142857,332937.7853528746,3.555196928,0.1282230587238591,
6790,3.1171875,0.0003236383928571428,333018.4809207404,3.560439808,0.13710564535339875,
6800,3.251953125,0.0003234375,333060.9119281181,3.565682688,0.11924545114597916,
6810,3.1875,0.00032323660714285717,333115.8125038495,3.570925568,0.14028781184878655,
6820,3.10546875,0.0003230357142857143,333182.2546119212,3.576168448,0.12909863179346773,
6830,3.169921875,0.0003228348214285714,333273.09993357223,3.581411328,0.13652857320425785,
6840,3.2265625,0.0003226339285714286,333243.26044543914,3.586654208,0.13376692652674413,
6850,3.064453125,0.00032243303571428576,333281.33148516936,3.591897088,0.11606221060822472,
6860,3.13671875,0.0003222321428571429,333379.22707543994,3.597139968,0.13224975038635095,
6870,2.927734375,0.00032203125,333350.1364819611,3.602382848,0.11999290215416313,
6880,3.017578125,0.0003218303571428571,333457.4466716122,3.607625728,0.15479952590206672,
6890,3.283203125,0.0003216294642857143,333532.7680649457,3.612868608,0.12971107931979026,
6900,3.6328125,0.0003214285714285714,333595.5085118332,3.618111488,0.13046384877423325,
6910,3.255859375,0.00032122767857142853,333657.1762409923,3.623354368,0.1421180410508788,
6920,3.65625,0.0003210267857142857,333728.4358037168,3.628597248,0.1699263006621748,
6930,2.95703125,0.0003208258928571429,333781.00383349543,3.633840128,0.1672176626203078,
6940,3.416015625,0.000320625,333842.7286185448,3.639083008,0.13105725416851396,
6950,3.30078125,0.0003204241071428571,333919.5626501826,3.644325888,0.13040157598450478,
6960,3.197265625,0.0003202232142857143,333964.43578429735,3.649568768,0.12357880040711154,
6970,3.521484375,0.00032002232142857147,334038.52982106764,3.654811648,0.1372357006608087,
6980,3.2109375,0.00031982142857142854,334108.4939917726,3.660054528,0.1350506503023942,
6990,3.12890625,0.0003196205357142857,334192.1976498407,3.665297408,0.187436406069824,
7000,3.525390625,0.0003194196428571429,334228.9053545921,3.670540288,0.1316497011854463,
7000,,,,,,0.0
7010,3.17578125,0.00031921875,334313.41911711363,3.675783168,0.13268079404050054,
7020,3.16015625,0.0003190178571428571,334375.36660430813,3.681026048,0.12132934378659575,
7030,3.052734375,0.00031881696428571424,334435.56592225755,3.686268928,0.12757716481190307,
7040,3.779296875,0.0003186160714285714,334498.5920504049,3.691511808,0.13972927485705083,
7050,3.279296875,0.00031841517857142854,334509.37981271715,3.696754688,0.1375955100947117,
7060,3.34765625,0.00031821428571428566,334619.6781159619,3.701997568,0.1274710830816462,
7070,3.1875,0.00031801339285714283,334634.272959712,3.707240448,0.12199010539760659,
7080,3.474609375,0.0003178125,334722.32325032284,3.712483328,0.1443189469996482,
7090,3.609375,0.0003176116071428571,334787.21354800585,3.717726208,0.12442813300610835,
7100,3.056640625,0.00031741071428571425,334854.6237585645,3.722969088,0.14073023837338494,
7110,3.439453125,0.0003172098214285714,334924.4056516968,3.728211968,0.13882863928359623,
7120,3.333984375,0.0003170089285714286,334960.0824829057,3.733454848,0.1342599435729909,
7130,3.28515625,0.0003168080357142857,335030.99800200295,3.738697728,0.13004910967697758,
7140,3.5234375,0.00031660714285714284,335108.2717963744,3.743940608,0.1493190826815376,
7150,3.37109375,0.00031640625,335156.3590188034,3.749183488,0.1600920089145904,
7160,3.35546875,0.0003162053571428572,335248.8933207158,3.754426368,0.134753684487073,
7170,3.326171875,0.0003160044642857143,335275.0103268607,3.759669248,0.12195447544663347,
7180,2.53125,0.00031580357142857137,335330.11232374795,3.764912128,0.1372398837385417,
7190,3.37890625,0.00031560267857142854,335394.15574511245,3.770155008,0.12304892442108557,
7200,2.53125,0.0003154017857142857,335439.924838895,3.775397888,0.12163365544301898,
7210,3.32421875,0.00031520089285714284,335509.1411729716,3.780640768,0.13881866196913845,
7220,3.26953125,0.00031499999999999996,335564.32373704563,3.785883648,0.1734945512883686,
7230,3.88671875,0.00031479910714285713,335625.30599404534,3.791126528,0.13954032744960498,
7240,3.63671875,0.0003145982142857143,335711.48819463776,3.796369408,0.13368966104160407,
7250,3.26171875,0.00031439732142857143,335788.7356332779,3.801612288,0.14229090576196768,
7260,3.583984375,0.00031419642857142855,335847.5705259822,3.806855168,0.13290126325562848,
7270,3.66015625,0.0003139955357142857,335912.95771085605,3.812098048,0.1280530818036581,
7280,3.568359375,0.0003137946428571429,335970.01108569483,3.817340928,0.13627642989830177,
7290,3.517578125,0.00031359375,336022.3820542372,3.822583808,0.1347881345972462,
7300,3.20703125,0.00031339285714285714,336072.7735101368,3.827826688,0.12994019034608836,
7310,3.251953125,0.0003131919642857143,336136.62385036744,3.833069568,0.13953693228522354,
7320,3.208984375,0.00031299107142857143,336229.7084153615,3.838312448,0.12759805338259997,
7330,3.33203125,0.00031279017857142855,336263.7905574677,3.843555328,0.13040921618059054,
7340,3.556640625,0.00031258928571428567,336361.7383782695,3.848798208,0.13768955000923672,
7350,3.48046875,0.00031238839285714284,336384.16186155984,3.854041088,0.127591570282106,
7360,3.462890625,0.00031218749999999997,336428.4589391315,3.859283968,0.1326192629558683,
7370,3.16796875,0.0003119866071428571,336503.2419829847,3.864526848,0.13595882092690828,
7380,3.509765625,0.00031178571428571426,336545.598538456,3.869769728,0.1271362521587725,
7390,3.455078125,0.00031158482142857143,336614.3879690248,3.875012608,0.16844870246387567,
7400,3.142578125,0.00031138392857142855,336676.8039697929,3.880255488,0.12606681137061718,
7410,3.162109375,0.0003111830357142857,336729.265741794,3.885498368,0.14296303317149792,
7420,3.185546875,0.00031098214285714285,336806.0405604392,3.890741248,0.13242383045953332,
7430,3.0703125,0.00031078125,336845.6408064513,3.895984128,0.12261296255818126,
7440,3.060546875,0.00031058035714285714,336890.6484114342,3.901227008,0.11729279166202665,
7450,3.00390625,0.00031037946428571426,336957.7529913211,3.906469888,0.13732101313626452,
7460,3.3203125,0.00031017857142857144,337027.0862985158,3.911712768,0.12886934779187464,
7470,3.30078125,0.0003099776785714286,337071.47766919737,3.916955648,0.12299535905075215,
7480,3.19921875,0.00030977678571428573,337153.69618116494,3.922198528,0.1378889188934208,
7490,3.375,0.0003095758928571428,337201.49970322713,3.927441408,0.13879347996496896,
7500,2.9296875,0.00030937499999999997,337272.0685687545,3.932684288,0.1511477394610306,
7500,,,,,,0.0
7510,3.13671875,0.00030917410714285715,337308.9554615066,3.937927168,0.12168575148781645,
7520,3.150390625,0.00030897321428571427,337373.57514405507,3.943170048,0.1243837249094042,
7530,2.955078125,0.0003087723214285714,337426.9542767444,3.948412928,0.14305159288972807,
7540,3.37890625,0.00030857142857142856,337484.7009154044,3.953655808,0.17045520149696852,
7550,3.36328125,0.00030837053571428573,337550.43436998903,3.958898688,0.132984961500349,
7560,3.466796875,0.00030816964285714285,337594.2842508565,3.964141568,0.11692224672153288,
7570,3.685546875,0.00030796875,337656.1148511369,3.969384448,0.13079611715031214,
7580,3.533203125,0.00030776785714285715,337707.3474799635,3.974627328,0.11664480057040041,
7590,3.31640625,0.0003075669642857143,337742.18930508493,3.979870208,0.12578295995432537,
7600,3.341796875,0.00030736607142857144,337798.9885536137,3.985113088,0.13225515068873975,
7610,3.41796875,0.00030716517857142856,337809.1672722664,3.990355968,0.14470375939993282,
7620,3.896484375,0.00030696428571428574,337867.76453118277,3.995598848,0.1376142565211511,
7630,3.25390625,0.00030676339285714286,337924.73709383584,4.000841728,0.13363555147261502,
7640,3.009765625,0.0003065625,338012.71140219516,4.006084608,0.14775160675038054,
7650,3.166015625,0.0003063616071428571,338010.9046363113,4.011327488,0.15202857279689463,
7660,3.5390625,0.00030616071428571427,338048.22446758026,4.016570368,0.14196418150110796,
7670,3.509765625,0.00030595982142857145,338121.8624587918,4.021813248,0.14641471255486244,
7680,3.521484375,0.0003057589285714285,338152.535941327,4.027056128,0.1193321805570836,
7690,3.31640625,0.0003055580357142857,338209.515495265,4.032299008,0.12457670786406787,
7700,3.494140625,0.00030535714285714286,338247.22248192085,4.037541888,0.1400214540754252,
7710,3.47265625,0.00030515625,338291.7532125104,4.042784768,0.13182350605478083,
7720,3.265625,0.0003049553571428571,338344.0660553986,4.048027648,0.14297939525062775,
7730,3.515625,0.0003047544642857143,338330.36735177867,4.053270528,0.12659596337535703,
7740,3.73828125,0.00030455357142857145,338380.35807819816,4.058513408,0.15110854995572648,
7750,3.09375,0.00030435267857142857,338435.6307954826,4.063756288,0.12879511275270705,
7760,4.03515625,0.0003041517857142857,338476.7473150826,4.068999168,0.11736383822474768,
7770,3.580078125,0.00030395089285714286,338515.64873946796,4.074242048,0.12717569790681893,
7780,3.701171875,0.00030375000000000004,338568.45701131894,4.079484928,0.1487220481201883,
7790,3.587890625,0.0003035491071428571,338608.3315355781,4.084727808,0.1340945863114239,
7800,3.298828125,0.0003033482142857142,338674.3871094614,4.089970688,0.12020253880145781,
7810,3.037109375,0.0003031473214285714,330979.2137604745,4.095213568,0.1394050967368966,
7820,3.66015625,0.00030294642857142857,331015.7737789855,4.100456448,0.12379957255360802,
7830,3.5234375,0.0003027455357142857,328494.9539945032,4.105699328,0.13222129488494208,
7840,3.142578125,0.0003025446428571428,328537.8176742089,4.110942208,0.1360047611670819,
7850,3.267578125,0.00030234375,328591.72878393595,4.116185088,0.14818536066320964,
7860,3.39453125,0.00030214285714285716,328657.2176225595,4.121427968,0.13646143009770237,
7870,3.52734375,0.0003019419642857143,328694.7907888955,4.126670848,0.1319359114207943,
7880,3.2109375,0.0003017410714285714,328734.86994927836,4.131913728,0.13726629643305693,
7890,3.51953125,0.0003015401785714286,328820.41383279825,4.137156608,0.13516422505352343,
7900,3.296875,0.00030133928571428575,328867.92610347806,4.142399488,0.12297624187626965,
7910,3.302734375,0.00030113839285714287,328944.7619743706,4.147642368,0.1391635649795866,
7920,3.583984375,0.0003009375,328982.46698526514,4.152885248,0.11646389930957461,
7930,4.42578125,0.00030073660714285716,329023.27370311855,4.158128128,0.18298148990342222,
7940,3.251953125,0.0003005357142857143,329110.2257988559,4.163371008,0.1295813950075039,
7950,3.125,0.0003003348214285714,329158.8047774437,4.168613888,0.15017829652869544,
7960,3.048828125,0.0003001339285714285,329192.43760050624,4.173856768,0.128909781565632,
7970,3.3515625,0.0002999330357142857,329264.74873564247,4.179099648,0.1333879387214008,
7980,3.283203125,0.00029973214285714287,329305.9312851973,4.184342528,0.12916072869109657,
7990,3.4921875,0.00029953125,329367.98321190313,4.189585408,0.12841834102352742,
8000,3.3046875,0.0002993303571428571,329442.84474426135,4.194828288,0.13132757552493604,
8000,,,,,,0.0
8010,3.107421875,0.0002991294642857143,329405.27314640913,4.200071168,0.1175478951822189,
8020,3.013671875,0.00029892857142857146,329456.1197402879,4.205314048,0.15057339789524316,
8030,3.923828125,0.00029872767857142853,329524.7491622693,4.210556928,0.12330086319523008,
8040,3.279296875,0.0002985267857142857,329566.20300220384,4.215799808,0.12844020697755248,
8050,3.109375,0.0002983258928571429,329631.3487330804,4.221042688,0.12331845857328726,
8060,3.421875,0.000298125,329691.0396803152,4.226285568,0.12788526262507643,
8070,3.697265625,0.0002979241071428571,329752.8672360592,4.231528448,0.12590387667171046,
8080,4.078125,0.0002977232142857143,323689.2686809043,4.236771328,0.15687891131899587,
8090,2.931640625,0.00029752232142857146,323711.2002000141,4.242014208,0.1430295371994156,
8100,3.15234375,0.00029732142857142853,323779.8792668793,4.247257088,0.12836561810572095,
8110,3.16015625,0.00029712053571428565,323857.49090378964,4.252499968,0.12653031875260748,
8120,3.33984375,0.0002969196428571428,323917.88118678384,4.257742848,0.12542811445500623,
8130,3.458984375,0.00029671875,324010.5884084717,4.262985728,0.12433511757770253,
8140,3.380859375,0.0002965178571428571,324060.48086552846,4.268228608,0.13490333362977824,
8150,3.322265625,0.00029631696428571424,324121.24154874415,4.273471488,0.1241610921009509,
8160,3.36328125,0.0002961160714285714,324166.9152883736,4.278714368,0.12157581614371017,
8170,2.875,0.0002959151785714286,324231.0005443319,4.283957248,0.11523374454814032,
8180,3.208984375,0.0002957142857142857,324283.4862987387,4.289200128,0.13050331863102863,
8190,3.373046875,0.00029551339285714283,324357.7169165821,4.294443008,0.1265416600569286,
8200,3.296875,0.0002953125,324411.4519886328,4.299685888,0.12017477233706633,
8210,3.275390625,0.0002951116071428572,324461.7653839485,4.304928768,0.13331589109217726,
8220,2.970703125,0.0002949107142857143,324545.2050994559,4.310171648,0.1181011918587422,
8230,3.587890625,0.0002947098214285714,324585.7134993236,4.315414528,0.21656474735543235,
8240,3.365234375,0.0002945089285714286,324665.1859027896,4.320657408,0.12468068451263052,
8250,3.37890625,0.0002943080357142857,324725.3017685474,4.325900288,0.12082222679264838,
8260,3.255859375,0.00029410714285714283,324765.1613285569,4.331143168,0.13027146249975752,
8270,4.017578125,0.00029390624999999995,324846.21709741594,4.336386048,0.13034344636000564,
8280,3.3515625,0.0002937053571428571,324900.56050403824,4.341628928,0.13150198508892616,
8290,3.58984375,0.0002935044642857143,324972.67299842945,4.346871808,0.1456890109634664,
8300,3.337890625,0.0002933035714285714,325003.37408983934,4.352114688,0.12390526173195222,
8310,3.833984375,0.00029310267857142854,325091.9008826087,4.357357568,0.12888243035682898,
8320,3.171875,0.0002929017857142857,325157.95027851575,4.362600448,0.13155103219606204,
8330,3.421875,0.0002927008928571429,325227.37377487693,4.367843328,0.2309033428382152,
8340,2.994140625,0.0002925,325282.30997254053,4.373086208,0.13359160126822597,
8350,3.140625,0.00029229910714285713,325341.5025992292,4.378329088,0.13573832226532978,
8360,3.09375,0.0002920982142857143,325408.6695093414,4.383571968,0.14069565466148742,
8370,3.2578125,0.0002918973214285715,325474.88994973985,4.388814848,0.14565393656960943,
8380,2.9609375,0.00029169642857142854,325548.5159986986,4.394057728,0.1427813616553207,
8390,3.28125,0.0002914955357142857,325608.40711815143,4.399300608,0.14832920893992463,
8400,3.421875,0.00029129464285714284,325669.80940536613,4.404543488,0.12299411014645222,
8410,3.216796875,0.00029109374999999996,325731.74773467606,4.409786368,0.12325184410124523,
8420,3.49609375,0.0002908928571428571,325783.605370042,4.415029248,0.116753735626906,
8430,3.123046875,0.00029069196428571425,325857.4590346785,4.420272128,0.14001861994011874,
8440,3.3359375,0.0002904910714285714,325908.6613436567,4.425515008,0.15657710610833114,
8450,3.373046875,0.00029029017857142855,325987.43204473227,4.430757888,0.13285735078142488,
8460,2.9609375,0.00029008928571428567,326040.7702170583,4.436000768,0.11871022595200725,
8470,3.13671875,0.00028988839285714284,326100.3351485279,4.441243648,0.13302030056162958,
8480,2.947265625,0.0002896875,326145.966581239,4.446486528,0.12221403426136311,
8490,3.201171875,0.00028948660714285713,326213.9760006825,4.451729408,0.12875654845560963,
8500,3.296875,0.00028928571428571425,326266.0010256268,4.456972288,0.14646732958512104,
8500,,,,,,0.0
8510,3.640625,0.00028908482142857143,326294.58075794677,4.462215168,0.13286453743875412,
8520,3.287109375,0.0002888839285714286,326375.08701422904,4.467458048,0.12415218566814006,
8530,3.421875,0.0002886830357142857,326417.0345257405,4.472700928,0.15668303036001538,
8540,2.91015625,0.00028848214285714284,326474.30953017884,4.477943808,0.11594395598544859,
8550,3.287109375,0.00028828125,326539.2974664333,4.483186688,0.14018767034886723,
8560,3.083984375,0.00028808035714285714,326608.4833699075,4.488429568,0.12749495199748917,
8570,3.38671875,0.00028787946428571426,323473.37023408065,4.493672448,0.14516917727953169,
8580,3.322265625,0.0002876785714285714,316703.58682160795,4.498915328,0.1236423237420442,
8590,3.197265625,0.00028747767857142855,316672.280693109,4.504158208,0.14978512065397503,
8600,2.96484375,0.0002872767857142857,316743.08871992753,4.509401088,0.13253055841490133,
8610,3.0234375,0.00028707589285714285,316795.20946984965,4.514643968,0.12092369335543864,
8620,3.283203125,0.00028687499999999997,316864.7951696976,4.519886848,0.12548418425162805,
8630,3.076171875,0.00028667410714285714,316907.45318202494,4.525129728,0.20818093794495524,
8640,3.44921875,0.0002864732142857143,316962.2367050448,4.530372608,0.12804427212890226,
8650,3.40625,0.00028627232142857144,317008.39385656716,4.535615488,0.12383094346369546,
8660,3.16796875,0.00028607142857142856,317074.04570493585,4.540858368,0.11914460686419806,
8670,3.251953125,0.00028587053571428573,317126.3736959539,4.546101248,0.13242996264274148,
8680,3.5390625,0.0002856696428571429,317181.1749961688,4.551344128,0.12511697575254657,
8690,3.349609375,0.00028546875,317220.87418443477,4.556587008,0.13433341044158384,
8700,3.064453125,0.00028526785714285714,317286.1420193546,4.561829888,0.1271284088139493,
8710,3.53515625,0.00028506696428571426,317361.9086661416,4.567072768,0.13241225551918698,
8720,2.896484375,0.00028486607142857144,317402.80786494724,4.572315648,0.16332616678228595,
8730,2.998046875,0.0002846651785714285,317462.2922916874,4.577558528,0.12120304244852194,
8740,3.234375,0.0002844642857142857,317513.7247609075,4.582801408,0.11867316368995964,
8750,3.140625,0.00028426339285714285,317571.1705870557,4.588044288,0.11921983523834852,
8760,3.42578125,0.00028406249999999997,317635.0816145471,4.593287168,0.1816073966498067,
8770,3.646484375,0.0002838616071428571,317707.5459796193,4.598530048,0.14517356934809428,
8780,2.912109375,0.00028366071428571427,317766.85764239286,4.603772928,0.12695242303874277,
8790,3.283203125,0.00028345982142857144,317802.4777629059,4.609015808,0.12155301476660162,
8800,3.2890625,0.00028325892857142856,317884.25912794936,4.614258688,0.13465221639445285,
8810,3.2109375,0.0002830580357142857,317926.3930916065,4.619501568,0.12761108757853976,
8820,3.333984375,0.00028285714285714286,317894.83283689286,4.624744448,0.1420180678443058,
8830,3.01171875,0.00028265625000000003,317939.87024736323,4.629987328,0.11322982719487619,
8840,3.15625,0.00028245535714285715,317989.66909723025,4.635230208,0.11965430264433602,
8850,3.09375,0.00028225446428571427,318040.8323078173,4.640473088,0.16485230628908817,
8860,3.744140625,0.00028205357142857144,318084.5213193127,4.645715968,0.18319001336127608,
8870,2.83984375,0.00028185267857142856,318140.52492631384,4.650958848,0.12381466420770688,
8880,4.16015625,0.0002816517857142857,318178.6400381119,4.656201728,0.20581346443716347,
8890,3.345703125,0.0002814508928571428,318224.15855914936,4.661444608,0.13071198815827254,
8900,2.96875,0.00028125,318276.6138319624,4.666687488,0.141742818250991,
8910,2.39453125,0.00028104910714285715,318288.3382781339,4.671930368,0.18471165009475804,
8920,1.7119140625,0.0002808482142857143,318357.7958014106,4.677173248,0.11294544999721974,
8930,3.3046875,0.0002806473214285714,318416.5735378027,4.682416128,0.1630048102510187,
8940,3.296875,0.00028044642857142857,318475.280821721,4.687659008,0.14450121401338475,
8950,3.650390625,0.00028024553571428574,318517.0409399613,4.692901888,0.12240460808086544,
8960,3.34375,0.00028004464285714286,318573.3036521532,4.698144768,0.12738930377320937,
8970,3.1796875,0.00027984375,318633.4472574334,4.703387648,0.1200115051287649,
8980,3.1171875,0.00027964285714285716,318694.98758377926,4.708630528,0.12052881289778031,
8990,3.861328125,0.00027944196428571433,318752.7439512023,4.713873408,0.12758067634804607,
9000,3.01171875,0.00027924107142857145,318812.9794127352,4.719116288,0.12750130159785397,
9000,,,,,,0.0
9010,3.15234375,0.00027904017857142857,318844.34322522394,4.724359168,0.13034113378671777,
9020,3.216796875,0.0002788392857142857,318907.652531648,4.729602048,0.12222103457985271,
9030,2.994140625,0.00027863839285714286,318951.3864231589,4.734844928,0.14204790431676906,
9040,2.953125,0.0002784375,319003.34165477887,4.740087808,0.11974116426229987,
9050,3.169921875,0.0002782366071428571,319062.28121882444,4.745330688,0.13541955242921247,
9060,2.958984375,0.0002780357142857143,319117.5443898853,4.750573568,0.12977143877578273,
9070,3.0859375,0.00027783482142857145,319166.9909666338,4.755816448,0.12995248116803093,
9080,2.986328125,0.0002776339285714285,319218.2324158386,4.761059328,0.12011224586512907,
9090,4.326171875,0.0002774330357142857,319265.8659091797,4.766302208,0.1489876511711126,
9100,3.796875,0.00027723214285714287,319327.8623369474,4.771545088,0.1669826268596929,
9110,3.267578125,0.00027703125,319383.51695591136,4.776787968,0.1286738307532924,
9120,3.404296875,0.0002768303571428571,319441.93846322177,4.782030848,0.12221711753359282,
9130,3.3046875,0.0002766294642857143,319489.1992531074,4.787273728,0.13379154946505317,
9140,3.06640625,0.00027642857142857146,319566.0488492308,4.792516608,0.13195432811517976,
9150,3.3984375,0.0002762276785714286,319616.4915486085,4.797759488,0.12233858288544411,
9160,3.2265625,0.0002760267857142857,319692.17130956333,4.803002368,0.13192272530297253,
9170,3.0859375,0.0002758258928571428,319737.66850092844,4.808245248,0.13373294096749092,
9180,3.2890625,0.000275625,319807.30089766247,4.813488128,0.12946123523956948,
9190,3.248046875,0.0002754241071428571,319858.7196819794,4.818731008,0.13994063916552135,
9200,3.443359375,0.00027522321428571423,319912.8977079425,4.823973888,0.13910731001501178,
9210,3.435546875,0.0002750223214285714,319982.5424029733,4.829216768,0.12005091871194457,
9220,3.30078125,0.0002748214285714286,320013.401724795,4.834459648,0.11843479957100284,
9230,3.544921875,0.0002746205357142857,320059.61061687546,4.839702528,0.13439348797959907,
9240,3.53125,0.0002744196428571428,320044.48622301023,4.844945408,0.12931822791915343,
9250,3.099609375,0.00027421875,320089.8939503917,4.850188288,0.12820751748299372,
9260,3.484375,0.00027401785714285717,320157.88951092,4.855431168,0.12818377629343125,
9270,3.138671875,0.0002738169642857143,320206.0793672561,4.860674048,0.1266520289913327,
9280,3.298828125,0.0002736160714285714,320266.8060242459,4.865916928,0.15204205531986173,
9290,3.134765625,0.0002734151785714286,320321.7042819061,4.871159808,0.1253666163840918,
9300,3.279296875,0.00027321428571428576,320366.3089606151,4.876402688,0.12324899279153598,
9310,3.158203125,0.0002730133928571429,320432.00639543193,4.881645568,0.12121907156946489,
9320,3.265625,0.0002728125,320489.58489695133,4.886888448,0.12220398599007869,
9330,3.478515625,0.0002726116071428571,320544.69268561713,4.892131328,0.12531165689293555,
9340,3.01171875,0.0002724107142857143,320588.3691456855,4.897374208,0.1262038243958236,
9350,3.203125,0.0002722098214285714,320647.5209806504,4.902617088,0.1542387849797238,
9360,2.9140625,0.00027200892857142853,320713.3078793544,4.907859968,0.14493435077914715,
9370,3.177734375,0.0002718080357142857,320762.5347410189,4.913102848,0.128824190441732,
9380,3.30078125,0.0002716071428571429,320811.82552214916,4.918345728,0.12589399773849658,
9390,3.64453125,0.00027140625,320864.04459223046,4.923588608,0.18112211645178605,
9400,3.296875,0.0002712053571428571,320915.13964515994,4.928831488,0.18697841979241986,
9410,3.923828125,0.0002710044642857143,320956.36127346306,4.934074368,0.12579240630701594,
9420,3.478515625,0.00027080357142857147,321020.9615600546,4.939317248,0.12213306246552245,
9430,3.240234375,0.00027060267857142853,321072.6827372328,4.944560128,0.11688531975729739,
9440,3.119140625,0.0002704017857142857,321134.2993262909,4.949803008,0.14109119266175552,
9450,3.33203125,0.0002702008928571429,321181.73714409006,4.955045888,0.13095611782994074,
9460,3.6015625,0.00027,321234.9807435937,4.960288768,0.14424058517345223,
9470,3.94921875,0.0002697991071428571,321239.03986456286,4.965531648,0.1694419992564732,
9480,3.759765625,0.00026959821428571424,321295.2348069351,4.970774528,0.17490906594314737,
9490,2.970703125,0.0002693973214285714,321350.96460872964,4.976017408,0.14487549867107616,
9500,3.3828125,0.00026919642857142854,321416.20215934754,4.981260288,0.12664913035109138,
9500,,,,,,0.0
9510,3.169921875,0.00026899553571428566,321456.2815914782,4.986503168,0.12733004922879101,
9520,2.939453125,0.00026879464285714283,321490.88670069363,4.991746048,0.1343026722447012,
9530,2.87890625,0.00026859375,321520.04561543406,4.996988928,0.12513021341944314,
9540,3.34375,0.0002683928571428571,321558.4289205642,5.002231808,0.12305121222583557,
9550,3.15234375,0.00026819196428571425,321613.3521088075,5.007474688,0.11948170085727383,
9560,3.39453125,0.0002679910714285714,321679.09350712394,5.012717568,0.12478754320041201,
9570,3.583984375,0.0002677901785714286,321708.0713040882,5.017960448,0.1271322644088265,
9580,3.349609375,0.0002675892857142857,321738.64089403034,5.023203328,0.13239064486691474,
9590,3.02734375,0.00026738839285714284,321787.84407380765,5.028446208,0.12513182460311587,
9600,3.6875,0.0002671875,321841.9135214845,5.033689088,0.14904244195838945,
9610,3.103515625,0.0002669866071428572,321881.38128399785,5.038931968,0.14366815293578986,
9620,3.01953125,0.0002667857142857143,321938.38615914603,5.044174848,0.14516375065538842,
9630,3.1640625,0.0002665848214285714,321997.0315745557,5.049417728,0.12109202567401892,
9640,3.064453125,0.00026638392857142854,322053.02566828637,5.054660608,0.1238391063551038,
9650,3.5078125,0.0002661830357142857,322100.1185819298,5.059903488,0.12690345516142762,
9660,3.33984375,0.00026598214285714284,322155.5104809129,5.065146368,0.13937076322288355,
9670,3.017578125,0.00026578124999999996,322206.5319314408,5.070389248,0.11879637875904485,
9680,3.39453125,0.00026558035714285713,322264.8516699729,5.075632128,0.12108271738818137,
9690,3.23046875,0.0002653794642857143,322315.752952673,5.080875008,0.11549261947379721,
9700,3.470703125,0.00026517857142857143,322365.6458049456,5.086117888,0.16035687759621434,
9710,3.421875,0.00026497767857142855,322406.57386887557,5.091360768,0.13475591142451707,
9720,3.23046875,0.0002647767857142857,322478.7248700461,5.096603648,0.12927879707537154,
9730,3.02734375,0.0002645758928571429,322525.05097830214,5.101846528,0.1388065212245127,
9740,3.2890625,0.000264375,322577.34778145404,5.107089408,0.16269409952452205,
9750,3.38671875,0.00026417410714285714,322614.54360183707,5.112332288,0.1410793023053051,
9760,3.2734375,0.0002639732142857143,322661.257697767,5.117575168,0.12200504883024431,
9770,2.943359375,0.0002637723214285715,322718.65345103596,5.122818048,0.1301734058478663,
9780,3.12890625,0.00026357142857142855,322774.7798056418,5.128060928,0.14900477572514537,
9790,3.150390625,0.00026337053571428567,322808.64859457087,5.133303808,0.13429206783841693,
9800,3.611328125,0.00026316964285714284,322846.5560269368,5.138546688,0.14992423299815572,
9810,3.181640625,0.00026296874999999996,322891.7404346665,5.143789568,0.11242600955349935,
9820,3.03515625,0.0002627678571428571,322931.56139055284,5.149032448,0.13024025561406827,
9830,3.5078125,0.00026256696428571426,322961.83852341876,5.154275328,0.13194320763788603,
9840,3.25,0.00026236607142857143,323024.71192967985,5.159518208,0.1323576940604737,
9850,3.205078125,0.00026216517857142855,323058.02950894955,5.164761088,0.13521291179461714,
9860,2.0654296875,0.0002619642857142857,323119.1049834254,5.170003968,0.13567508910811155,
9870,3.189453125,0.00026176339285714285,323161.32429603505,5.175246848,0.13056621407684377,
9880,2.685546875,0.0002615625,323196.60200427857,5.180489728,0.12400632622258546,
9890,3.083984375,0.00026136160714285714,323267.65113760927,5.185732608,0.13246692062653534,
9900,3.22265625,0.00026116071428571426,323292.702907086,5.190975488,0.11923513518726202,
9910,3.35546875,0.00026095982142857144,323345.5210482348,5.196218368,0.13967582368624964,
9920,3.06640625,0.0002607589285714286,323387.83321513707,5.201461248,0.12762189562597712,
9930,3.142578125,0.00026055803571428573,323409.4929780685,5.206704128,0.16161702997555494,
9940,3.302734375,0.00026035714285714285,323469.3484836858,5.211947008,0.13394959736614903,
9950,3.43359375,0.00026015624999999997,323508.9940608918,5.217189888,0.16103731459745954,
9960,2.99609375,0.00025995535714285715,323555.5646799712,5.222432768,0.18322540898819453,
9970,3.455078125,0.00025975446428571427,323610.7966690104,5.227675648,0.1373746827099375,
9980,3.27734375,0.0002595535714285714,323649.6624740952,5.232918528,0.13746617391196905,
9990,3.52734375,0.00025935267857142856,323690.94829331763,5.238161408,0.1472792654968372,
10000,3.099609375,0.00025915178571428573,323732.7800575735,5.243404288,0.15643315351815607,
10000,,,,,,0.0
10010,3.248046875,0.00025895089285714285,323718.6362582095,5.248647168,0.1490285021463998,
10020,3.310546875,0.00025875,323758.2134813367,5.253890048,0.13536770280270136,
10030,3.0546875,0.00025854910714285715,323799.2576460018,5.259132928,0.1338305858712747,
10040,3.39453125,0.0002583482142857143,318014.79991014523,5.264375808,0.1447090713033057,
10050,2.861328125,0.00025814732142857144,318065.3748740673,5.269618688,0.12134747703353842,
10060,3.119140625,0.00025794642857142856,318125.584809383,5.274861568,0.1290132712533657,
10070,3.1640625,0.00025774553571428574,318180.2525540577,5.280104448,0.13599838157432467,
10080,3.03515625,0.0002575446428571429,318223.8219909779,5.285347328,0.13969872005214215,
10090,3.236328125,0.00025734375,318262.73066115705,5.290590208,0.14036738630436899,
10100,3.1640625,0.0002571428571428571,318307.36995248665,5.295833088,0.13028602207503534,
10110,3.5625,0.00025694196428571427,318364.3524289288,5.301075968,0.16143415588526733,
10120,2.822265625,0.00025674107142857145,318401.55354578595,5.306318848,0.12178008746171647,
10130,3.4765625,0.0002565401785714285,318455.31262301083,5.311561728,0.13360255104119842,
10140,3.06640625,0.0002563392857142857,318499.7787966991,5.316804608,0.1389458388295335,
10150,3.294921875,0.00025613839285714286,318563.636407161,5.322047488,0.13138646093841533,
10160,3.0,0.0002559375,318613.4072259056,5.327290368,0.13241282771850207,
10170,3.16015625,0.0002557366071428571,318673.40012150456,5.332533248,0.12498670926935444,
10180,3.142578125,0.0002555357142857143,318715.68187142623,5.337776128,0.1414325902629169,
10190,3.138671875,0.00025533482142857145,318759.34490945376,5.343019008,0.12580901053222365,
10200,3.068359375,0.00025513392857142857,318814.9771610504,5.348261888,0.1264867798843152,
10210,2.92578125,0.0002549330357142857,318858.90864093526,5.353504768,0.2610212134072129,
10220,2.837890625,0.00025473214285714286,318898.83944087906,5.358747648,0.13035952105806187,
10230,3.3203125,0.00025453125000000004,318966.8454180022,5.363990528,0.1424560394798874,
10240,3.705078125,0.00025433035714285716,319005.3198470871,5.369233408,0.1458821034244946,
10250,3.087890625,0.0002541294642857142,319057.53107649833,5.374476288,0.1372050687768992,
10260,3.5078125,0.0002539285714285714,319108.91649097216,5.379719168,0.1451839987392394,
10270,3.123046875,0.00025372767857142857,319159.75064954377,5.384962048,0.13574295107851103,
10280,3.33984375,0.0002535267857142857,319207.11634009704,5.390204928,0.13659824426717376,
10290,3.431640625,0.0002533258928571428,319232.25395199197,5.395447808,0.14014891219472853,
10300,3.384765625,0.000253125,319281.46101379325,5.400690688,0.12507546322599522,
10310,3.240234375,0.00025292410714285716,319339.21083347296,5.405933568,0.12817722705963683,
10320,3.142578125,0.0002527232142857143,319381.3845140763,5.411176448,0.11744217838369975,
10330,3.314453125,0.0002525223214285714,319453.65077960363,5.416419328,0.1436492349511288,
10340,3.326171875,0.0002523214285714286,319496.045392143,5.421662208,0.1315879466896822,
10350,3.34375,0.00025212053571428575,319541.5641267668,5.426905088,0.11928158909838024,
10360,3.0,0.00025191964285714287,319585.59759343945,5.432147968,0.1280075904835099,
10370,3.7265625,0.00025171875,319640.0142496559,5.437390848,0.16141985245925544,
10380,3.3828125,0.00025151785714285716,319687.9065872494,5.442633728,0.15747247699717523,
10390,3.154296875,0.0002513169642857143,319729.7692198825,5.447876608,0.15085961070090084,
10400,3.177734375,0.0002511160714285714,319781.52772273886,5.453119488,0.16589540461961555,
10410,3.060546875,0.0002509151785714285,319822.86909296847,5.458362368,0.14710082974437758,
10420,3.30078125,0.0002507142857142857,319861.86601624615,5.463605248,0.1250259131218229,
10430,3.26171875,0.00025051339285714287,319916.0563646193,5.468848128,0.13429879740537404,
10440,3.408203125,0.0002503125,319955.6834347943,5.474091008,0.1563156583258767,
10450,3.302734375,0.0002501116071428571,319994.1798289713,5.479333888,0.13276937697203653,
10460,3.0625,0.0002499107142857143,320046.97815344034,5.484576768,0.13405472781700062,
10470,2.974609375,0.00024970982142857146,320088.19339447375,5.489819648,0.15770412949153534,
10480,3.197265625,0.0002495089285714285,320142.4613275929,5.495062528,0.12943364916163796,
10490,3.12109375,0.0002493080357142857,320177.67215239746,5.500305408,0.1389672247541322,
10500,2.978515625,0.0002491071428571429,320222.36333083984,5.505548288,0.13685375223115293,
10500,,,,,,0.0
10510,3.40234375,0.00024890625,320264.1758167594,5.510791168,0.13045349114066182,
10520,3.2890625,0.0002487053571428571,320248.91508751066,5.516034048,0.15547277912115728,
10530,3.232421875,0.0002485044642857143,320307.63379333593,5.521276928,0.12630397684635333,
10540,3.15234375,0.00024830357142857146,320340.932681097,5.526519808,0.1292139051079681,
10550,3.376953125,0.0002481026785714286,320401.8253946792,5.531762688,0.1346697564413296,
10560,3.2734375,0.00024790178571428565,320445.19405507186,5.537005568,0.12611635623494966,
10570,3.599609375,0.0002477008928571428,320489.903806452,5.542248448,0.13300187242534742,
10580,3.09765625,0.0002475,320519.65931161947,5.547491328,0.1280901297908063,
10590,3.380859375,0.0002472991071428571,320575.37062729086,5.552734208,0.13322372575435618,
10600,3.33203125,0.00024709821428571424,320612.7191842671,5.557977088,0.12477032179040067,
10610,2.986328125,0.0002468973214285714,320649.507088276,5.563219968,0.1368382124747766,
10620,2.8515625,0.0002466964285714286,320705.3978589851,5.568462848,0.1398829809441321,
10630,2.94140625,0.0002464955357142857,320747.8589504462,5.573705728,0.12870275062010444,
10640,3.373046875,0.00024629464285714283,320789.52150826855,5.578948608,0.144211487687914,
10650,3.146484375,0.00024609375,320841.9826416361,5.584191488,0.13155545116152761,
10660,3.2734375,0.0002458928571428572,320882.4897486348,5.589434368,0.13293388847658086,
10670,3.10546875,0.0002456919642857143,320936.10976753844,5.594677248,0.13653553030117865,
10680,3.142578125,0.0002454910714285714,320992.91202571586,5.599920128,0.11985565177060327,
10690,2.765625,0.0002452901785714286,321041.9831452515,5.605163008,0.16161589334396595,
10700,3.00390625,0.0002450892857142857,321086.069134432,5.610405888,0.12736963044514174,
10710,3.099609375,0.00024488839285714283,321125.3315152896,5.615648768,0.14025802969130427,
10720,3.259765625,0.00024468749999999995,321174.55406968546,5.620891648,0.12383298179333123,
10730,2.939453125,0.0002444866071428571,321229.3459005606,5.626134528,0.1348139715071143,
10740,3.2890625,0.0002442857142857143,321264.4522800256,5.631377408,0.12759873273683306,
10750,3.193359375,0.00024408482142857142,321310.7446424033,5.636620288,0.12385341486083308,
10760,3.193359375,0.00024388392857142854,321357.78925712546,5.641863168,0.16216223252986053,
10770,3.1640625,0.00024368303571428571,321403.1587114894,5.647106048,0.12504001939332784,
10780,2.998046875,0.0002434821428571429,321444.24016311206,5.652348928,0.13177729599098567,
10790,4.04296875,0.00024328125,321480.218851509,5.657591808,0.1499700916320924,
10800,3.36328125,0.00024308035714285713,321524.1040635187,5.662834688,0.1340314394971851,
10810,3.3125,0.0002428794642857143,321584.1095244989,5.668077568,0.129336318834425,
10820,3.23046875,0.00024267857142857145,321595.180660765,5.673320448,0.11510558779312381,
10830,3.10546875,0.00024247767857142852,321649.9294801894,5.678563328,0.12776796064987309,
10840,2.947265625,0.0002422767857142857,321680.53311461525,5.683806208,0.1309833765609675,
10850,3.474609375,0.00024207589285714286,321713.5152636259,5.689049088,0.13464534775606418,
10860,3.171875,0.00024187499999999998,321759.11357903556,5.694291968,0.129978756195479,
10870,3.201171875,0.0002416741071428571,321808.44542360347,5.699534848,0.15090626239840127,
10880,3.212890625,0.00024147321428571428,314269.379922159,5.704777728,0.13445458495634588,
10890,3.251953125,0.00024127232142857145,307578.1847237978,5.710020608,0.1266899763432091,
10900,3.078125,0.00024107142857142855,301679.4630904232,5.715263488,0.12313828353462734,
10910,3.181640625,0.00024087053571428567,301751.3828715,5.720506368,0.12437816244237855,
10920,3.068359375,0.00024066964285714284,301803.628504841,5.725749248,0.14893551551848253,
10930,3.3359375,0.00024046875000000001,301866.84372237494,5.730992128,0.13714375660070638,
10940,3.15234375,0.00024026785714285713,301914.1643285552,5.736235008,0.12921935439870497,
10950,3.326171875,0.00024006696428571425,301987.9214365624,5.741477888,0.12662673666265342,
10960,3.1953125,0.00023986607142857143,302026.4919670181,5.746720768,0.2067491449531727,
10970,3.126953125,0.00023966517857142858,302099.14814656915,5.751963648,0.13977926512627967,
10980,2.955078125,0.0002394642857142857,302156.44274289266,5.757206528,0.1376215284464482,
10990,3.59375,0.00023926339285714282,302211.5692455577,5.762449408,0.12694705459462333,
11000,2.759765625,0.0002390625,302277.7187675988,5.767692288,0.12563110505494882,
11000,,,,,,0.0
11010,3.09765625,0.00023886160714285716,302316.9868667437,5.772935168,0.12265831539021668,
11020,3.134765625,0.00023866071428571428,302365.8088619522,5.778178048,0.1313352382248414,
11030,2.693359375,0.0002384598214285714,302422.9300967129,5.783420928,0.13902104336774193,
11040,3.216796875,0.00023825892857142858,302472.6489350772,5.788663808,0.12285922307916339,
11050,3.447265625,0.00023805803571428573,302537.1592754334,5.793906688,0.1448530954316916,
11060,3.1796875,0.00023785714285714285,302590.8419153605,5.799149568,0.1368153397493419,
11070,3.060546875,0.00023765624999999997,302644.70354180917,5.804392448,0.12771307038129823,
11080,2.998046875,0.00023745535714285714,302696.5618140493,5.809635328,0.1344601343019889,
11090,3.203125,0.00023725446428571431,302752.573048288,5.814878208,0.1435778626179576,
11100,3.40234375,0.00023705357142857143,302814.0682483813,5.820121088,0.132066979259237,
11110,2.990234375,0.00023685267857142855,302862.04411645903,5.825363968,0.12804048845195967,
11120,2.99609375,0.00023665178571428573,302905.1474301179,5.830606848,0.12597188211282265,
11130,3.1640625,0.00023645089285714288,302970.9345471925,5.835849728,0.15413162862697963,
11140,3.373046875,0.00023625,303007.0575308022,5.841092608,0.12451541598729261,
11150,2.978515625,0.00023604910714285712,303070.9173955384,5.846335488,0.13652427653032606,
11160,2.955078125,0.0002358482142857143,303117.60435569833,5.851578368,0.13021849509296257,
11170,2.9140625,0.00023564732142857146,303188.44971372705,5.856821248,0.12936665692596405,
11180,3.966796875,0.00023544642857142853,303231.8032068017,5.862064128,0.145384090169824,
11190,2.88671875,0.0002352455357142857,303291.21581086674,5.867307008,0.13118050528647213,
11200,3.48046875,0.00023504464285714285,303344.99021819356,5.872549888,0.12480997897763264,
11210,3.431640625,0.00023484374999999997,303413.4412727332,5.877792768,0.13634218895611142,
11220,3.017578125,0.0002346428571428571,303465.68950548413,5.883035648,0.12948466460148256,
11230,3.33984375,0.00023444196428571427,303509.40895971225,5.888278528,0.14040855143329178,
11240,3.01171875,0.00023424107142857144,303572.47713082447,5.893521408,0.16281553771374413,
11250,3.251953125,0.00023404017857142856,303627.9331431731,5.898764288,0.14332620950669575,
11260,3.603515625,0.00023383928571428568,303680.0441112372,5.904007168,0.17232699511865932,
11270,3.09375,0.00023363839285714286,303729.525231988,5.909250048,0.12156697394347274,
11280,3.33203125,0.0002334375,303776.13887458906,5.914492928,0.134494329074904,
11290,3.03125,0.00023323660714285712,303840.7491972164,5.919735808,0.1177471178538708,
11300,3.408203125,0.00023303571428571424,303861.52139433735,5.924978688,0.3815601656065604,
11310,3.08203125,0.00023283482142857142,303932.069212079,5.930221568,0.1497040396253702,
11320,3.474609375,0.0002326339285714286,303977.25729402684,5.935464448,0.17761296903737508,
11330,3.1953125,0.0002324330357142857,304038.4074260272,5.940707328,0.15681469861811526,
11340,3.26171875,0.00023223214285714283,301747.33641063963,5.945950208,0.14774131214706857,
11350,2.77734375,0.00023203125,301793.30155181186,5.951193088,0.1321075486231941,
11360,3.33203125,0.00023183035714285715,301839.1234692488,5.956435968,0.14688145165067298,
11370,3.02734375,0.00023162946428571427,301883.7870528303,5.961678848,0.15044254823736553,
11380,2.994140625,0.0002314285714285714,301937.80054098263,5.966921728,0.18055429533985298,
11390,3.060546875,0.00023122767857142857,302010.5330073316,5.972164608,0.15040772121784873,
11400,3.2578125,0.00023102678571428574,302061.6738655187,5.977407488,0.16177548283340476,
11410,2.974609375,0.00023082589285714286,302103.68076312833,5.982650368,0.161169981149379,
11420,2.962890625,0.00023062499999999998,296897.62582756876,5.987893248,0.1282986638314022,
11430,3.42578125,0.00023042410714285716,296922.63489335333,5.993136128,0.11884005205391263,
11440,2.96875,0.0002302232142857143,296982.40552006196,5.998379008,0.12057091053984897,
11450,3.07421875,0.00023002232142857142,297046.3144287973,6.003621888,0.1370659046469557,
11460,3.201171875,0.00022982142857142854,297085.98401586065,6.008864768,0.13479032850341308,
11470,2.880859375,0.00022962053571428572,297148.8355516836,6.014107648,0.15060394543976804,
11480,3.478515625,0.0002294196428571429,297198.37186181213,6.019350528,0.17571976018953153,
11490,2.7734375,0.00022921875,297253.9501555241,6.024593408,0.12423553092283007,
11500,2.9140625,0.00022901785714285713,297316.7642817084,6.029836288,0.177013083613597,
11500,,,,,,0.0
11510,3.095703125,0.00022881696428571428,297374.6967291128,6.035079168,0.14484421930587627,
11520,3.189453125,0.00022861607142857145,297436.5365251857,6.040322048,0.13367414891816554,
11530,3.205078125,0.00022841517857142852,297473.3429282229,6.045564928,0.2122625012486678,
11540,3.056640625,0.0002282142857142857,297534.9252379172,6.050807808,0.16462404186329416,
11550,2.990234375,0.00022801339285714287,297596.537165834,6.056050688,0.12866742797230404,
11560,2.935546875,0.0002278125,297654.2722150071,6.061293568,0.12448462410310117,
11570,3.166015625,0.0002276116071428571,297709.9013433909,6.066536448,0.13324337559994331,
11580,3.068359375,0.00022741071428571428,297768.68526235496,6.071779328,0.17713642425089796,
11590,3.25390625,0.00022720982142857143,297826.9519578309,6.077022208,0.15703746423800716,
11600,3.4453125,0.00022700892857142855,297884.06665082625,6.082265088,0.13963703970783947,
11610,3.28515625,0.00022680803571428567,297926.8202111311,6.087507968,0.16019467846291618,
11620,3.400390625,0.00022660714285714284,297967.3501623881,6.092750848,0.15711172364895906,
11630,3.0234375,0.00022640625000000002,298037.1158878787,6.097993728,0.1290076974662207,
11640,3.4453125,0.00022620535714285714,298086.2499753224,6.103236608,0.15998194432602508,
11650,3.177734375,0.00022600446428571426,298150.0762361953,6.108479488,0.17408923719674713,
11660,2.98046875,0.00022580357142857143,298206.540096687,6.113722368,0.13011193809909904,
11670,3.29296875,0.00022560267857142858,298252.61740837217,6.118965248,0.16185707609830602,
11680,2.76171875,0.0002254017857142857,298310.00794589205,6.124208128,0.15589728300562158,
11690,3.15625,0.00022520089285714282,298362.93837547436,6.129451008,0.14469556640178577,
11700,3.111328125,0.000225,298405.3282918191,6.134693888,0.16957528175459932,
11710,2.88671875,0.00022479910714285711,298475.52847464633,6.139936768,0.1261996324537856,
11720,3.181640625,0.0002245982142857143,298523.12211279536,6.145179648,0.15089521641034204,
11730,3.57421875,0.0002243973214285714,298586.9291825107,6.150422528,0.13850762132666677,
11740,3.369140625,0.00022419642857142856,298633.5532943736,6.155665408,0.13703591616131175,
11750,3.287109375,0.00022399553571428568,298695.6528251157,6.160908288,0.1381243426193078,
11760,3.171875,0.00022379464285714285,298754.90858666063,6.166151168,0.12809087884912065,
11770,3.259765625,0.00022359374999999997,298811.93787866656,6.171394048,0.1285160024272607,
11780,3.015625,0.00022339285714285714,298701.4345323905,6.176636928,0.12250117997900331,
11790,3.21875,0.00022319196428571426,298756.7862938682,6.181879808,0.13342622604660678,
11800,3.23828125,0.00022299107142857144,298774.7570703129,6.187122688,0.12605872953777317,
11810,3.13671875,0.00022279017857142856,298843.7916678149,6.192365568,0.13706903522903133,
11820,3.017578125,0.0002225892857142857,298886.4272036886,6.197608448,0.12440165160648536,
11830,2.9921875,0.00022238839285714283,298952.4204783891,6.202851328,0.133902332786594,
11840,2.966796875,0.0002221875,299005.54000582936,6.208094208,0.15741072562408004,
11850,3.02734375,0.00022198660714285712,299060.24869268324,6.213337088,0.1251545080436687,
11860,3.09765625,0.0002217857142857143,299105.2125549091,6.218579968,0.17435677239589814,
11870,3.119140625,0.00022158482142857141,299159.0994636185,6.223822848,0.14058176905093414,
11880,3.146484375,0.0002213839285714286,299215.0827050239,6.229065728,0.12932869096015606,
11890,3.099609375,0.0002211830357142857,299259.5688183178,6.234308608,0.1357035022079002,
11900,3.087890625,0.00022098214285714286,299314.7065533901,6.239551488,0.13076473975196382,
11910,2.744140625,0.00022078124999999998,299375.5505181524,6.244794368,0.1246037360225561,
11920,3.46484375,0.00022058035714285715,299424.61647347524,6.250037248,0.15598442009210697,
11930,3.138671875,0.00022037946428571427,299472.2247155488,6.255280128,0.1475571185395018,
11940,3.09765625,0.00022017857142857144,299521.1070739255,6.260523008,0.13224714053397785,
11950,3.1875,0.00021997767857142856,299572.9012155421,6.265765888,0.41244747123876546,
11960,2.990234375,0.00021977678571428574,299633.33397421014,6.271008768,0.12624279812162317,
11970,2.923828125,0.00021957589285714283,299691.62066391343,6.276251648,0.12969609896115125,
11980,2.75,0.000219375,299738.91272752185,6.281494528,0.1396618077376705,
11990,3.111328125,0.00021917410714285713,299787.52210784145,6.286737408,0.1265835270897634,
12000,3.13671875,0.0002189732142857143,299830.61994592356,6.291980288,0.15121287464051503,
12000,,,,,,0.0
12010,2.791015625,0.00021877232142857142,299784.1549683479,6.297223168,0.13831321004864197,
12020,2.95703125,0.0002185714285714286,299840.73227159976,6.302466048,0.1261827710337706,
12030,3.21484375,0.00021837053571428571,299888.91444559715,6.307708928,0.14775760562734888,
12040,3.255859375,0.00021816964285714286,299937.7311331996,6.312951808,0.12793348516381142,
12050,2.978515625,0.00021796874999999998,299983.27897372923,6.318194688,0.1705274684070853,
12060,2.80078125,0.0002177678571428571,300041.8718214671,6.323437568,0.14563667452658366,
12070,3.712890625,0.00021756696428571428,300060.83565913775,6.328680448,0.19660740162397422,
12080,3.271484375,0.0002173660714285714,300113.46112509735,6.333923328,0.11676714914391602,
12090,2.666015625,0.00021716517857142857,300169.15018879797,6.339166208,0.14625518139443774,
12100,2.96875,0.0002169642857142857,300222.07933371956,6.344409088,0.1636062066736554,
12110,3.140625,0.00021676339285714287,300284.09375486546,6.349651968,0.1380398953232232,
12120,2.681640625,0.00021656249999999999,300323.536564797,6.354894848,0.17347231631571688,
12130,3.15625,0.00021636160714285713,300371.1902032474,6.360137728,0.1269954061687498,
12140,2.90234375,0.00021616071428571425,300425.94700659974,6.365380608,0.1300536419338043,
12150,3.236328125,0.00021595982142857143,300417.839669542,6.370623488,0.12203547768213463,
12160,3.26171875,0.00021575892857142855,300468.4062803959,6.375866368,0.12897790713464413,
12170,3.166015625,0.00021555803571428572,300529.17990145687,6.381109248,0.11728698104351194,
12180,3.501953125,0.00021535714285714284,300585.25342281495,6.386352128,0.12822521912608587,
12190,3.12890625,0.00021515625000000002,300636.740717491,6.391595008,0.13634354340699786,
12200,3.3046875,0.00021495535714285714,300693.20257216325,6.396837888,0.1274666733777203,
12210,3.166015625,0.00021475446428571428,300700.7019792424,6.402080768,0.134530611966341,
12220,3.123046875,0.0002145535714285714,300759.35073070263,6.407323648,0.12747460881999836,
12230,3.126953125,0.00021435267857142858,300803.87465352804,6.412566528,0.1568691126324019,
12240,3.484375,0.0002141517857142857,300858.90618623135,6.417809408,0.1335128597885442,
12250,3.005859375,0.00021395089285714287,300913.5778952886,6.423052288,0.12760792423114556,
12260,3.10546875,0.00021375,300971.3073384629,6.428295168,0.13242678536781055,
12270,3.146484375,0.00021354910714285717,300994.3198635514,6.433538048,0.1385371112411333,
12280,3.494140625,0.00021334821428571426,301047.2379452655,6.438780928,0.13548780883335834,
12290,2.89453125,0.00021314732142857143,301094.3890282337,6.444023808,0.12847439330514343,
12300,2.814453125,0.00021294642857142855,301154.7782455359,6.449266688,0.12789172930428463,
12310,3.1328125,0.00021274553571428573,301188.96439619106,6.454509568,0.27566674125471446,
12320,3.10546875,0.00021254464285714285,301224.35168742633,6.459752448,0.1607019016041189,
12330,2.921875,0.00021234375000000002,301267.23229405767,6.464995328,0.14340184151367383,
12340,2.990234375,0.00021214285714285714,301330.84037314414,6.470238208,0.12849481589685552,
12350,2.953125,0.0002119419642857143,301370.5105509854,6.475481088,0.13784173188113938,
12360,3.28515625,0.0002117410714285714,301426.79493536963,6.480723968,0.1350666990927102,
12370,3.146484375,0.00021154017857142858,301483.8737238362,6.485966848,0.17548538521755822,
12380,3.046875,0.0002113392857142857,301542.30664149264,6.491209728,0.12732701026854681,
12390,3.126953125,0.00021113839285714288,301584.2135880315,6.496452608,0.1635741546777744,
12400,2.71875,0.0002109375,301618.7134268977,6.501695488,0.18215498969885516,
12410,3.294921875,0.00021073660714285712,301669.4949013743,6.506938368,0.12780280273017883,
12420,3.24609375,0.0002105357142857143,301715.84550256265,6.512181248,0.1486532171026174,
12430,3.048828125,0.0002103348214285714,301760.37418281985,6.517424128,0.12027648679828795,
12440,3.021484375,0.00021013392857142856,301802.82900470024,6.522667008,0.15000622463157404,
12450,3.115234375,0.00020993303571428568,301852.4833248816,6.527909888,0.12375653492266929,
12460,3.3125,0.00020973214285714285,301901.938742011,6.533152768,0.21732902987400907,
12470,2.853515625,0.00020953124999999997,301950.01178989443,6.538395648,0.13489389651069286,
12480,2.99609375,0.00020933035714285715,302012.14809421776,6.543638528,0.1590754651269444,
12490,3.0546875,0.00020912946428571427,302050.48757660395,6.548881408,0.1315238633305066,
12500,2.888671875,0.00020892857142857144,302098.16307720385,6.554124288,0.12346280328675495,
12500,,,,,,0.0
12510,3.037109375,0.00020872767857142854,302150.599256509,6.559367168,0.1266166229097522,
12520,3.4296875,0.0002085267857142857,302197.91137215367,6.564610048,0.15303241489676309,
12530,3.212890625,0.00020832589285714283,302257.19850219885,6.569852928,0.12502491393944482,
12540,3.091796875,0.000208125,302297.875611594,6.575095808,0.1388778701291165,
12550,3.03125,0.00020792410714285712,302350.68492656574,6.580338688,0.15176614037143485,
12560,3.423828125,0.0002077232142857143,302395.3055540318,6.585581568,0.13751595630211394,
12570,3.248046875,0.00020752232142857142,302447.2495938147,6.590824448,0.12879023551827046,
12580,3.251953125,0.00020732142857142857,302502.68974229565,6.596067328,0.12744020044561458,
12590,2.69921875,0.00020712053571428569,302543.3257153357,6.601310208,0.1376468450734149,
12600,3.326171875,0.00020691964285714286,302594.9341889476,6.606553088,0.11762587461588507,
12610,3.103515625,0.00020671874999999998,302646.5312100564,6.611795968,0.1296270868971883,
12620,3.166015625,0.00020651785714285715,302695.62784277636,6.617038848,0.16740769065675098,
12630,3.1953125,0.00020631696428571427,302756.31380480895,6.622281728,0.11892407280837719,
12640,3.296875,0.00020611607142857145,302796.8063880111,6.627524608,0.12437763962857311,
12650,3.068359375,0.00020591517857142857,302840.26978156134,6.632767488,0.15285740172748483,
12660,3.173828125,0.00020571428571428572,302888.1911824167,6.638010368,0.12854097160930414,
12670,3.18359375,0.00020551339285714284,302942.15583913826,6.643253248,0.14177346565685803,
12680,3.197265625,0.0002053125,302987.17626148596,6.648496128,0.12630807859411886,
12690,2.814453125,0.00020511160714285713,303047.6221399579,6.653739008,0.1370002278722882,
12700,3.265625,0.0002049107142857143,303096.7392174655,6.658981888,0.12852621482461557,
12710,2.95703125,0.00020470982142857142,303156.244602019,6.664224768,0.14514506966607324,
12720,3.341796875,0.0002045089285714286,303203.50599181844,6.669467648,0.13005636881286803,
12730,3.126953125,0.00020430803571428572,303241.34579567635,6.674710528,0.16255695713115897,
12740,3.140625,0.00020410714285714287,303289.2150212657,6.679953408,0.18426309515951247,
12750,2.876953125,0.00020390624999999999,303335.59861466987,6.685196288,0.11881867895589321,
12760,3.095703125,0.0002037053571428571,303378.48916561145,6.690439168,0.12220792276041936,
12770,3.1875,0.00020350446428571428,303430.07733764336,6.695682048,0.12789428137292205,
12780,3.125,0.0002033035714285714,303474.2773614689,6.700924928,0.14045199910429634,
12790,3.1875,0.00020310267857142857,303519.578436725,6.706167808,0.12991705413891588,
12800,3.169921875,0.0002029017857142857,303558.96773591166,6.711410688,0.1476646362833184,
12810,3.2890625,0.00020270089285714287,303591.71877181786,6.716653568,0.1511365171199817,
12820,3.048828125,0.00020249999999999996,303630.4017639557,6.721896448,0.1191929012678061,
12830,3.08984375,0.00020229910714285714,303687.7452702425,6.727139328,0.16731741249471135,
12840,3.140625,0.00020209821428571426,303704.75609430403,6.732382208,0.14370611720910526,
12850,3.0,0.00020189732142857143,303768.45735646435,6.737625088,0.11828985411137055,
12860,3.083984375,0.00020169642857142855,303819.3436611899,6.742867968,0.12242703194174405,
12870,3.26171875,0.00020149553571428572,303863.55111997266,6.748110848,0.17316532475350752,
12880,3.234375,0.00020129464285714284,303916.8537162896,6.753353728,0.13590584097140407,
12890,3.154296875,0.00020109375,303956.5374687851,6.758596608,0.15058721806267245,
12900,3.0234375,0.0002008928571428571,304005.6803222904,6.763839488,0.13479764976632067,
12910,2.927734375,0.0002006919642857143,304061.9647673459,6.769082368,0.14185370918909795,
12920,3.166015625,0.0002004910714285714,304107.9191785475,6.774325248,0.14084140880351756,
12930,3.15234375,0.00020029017857142858,304165.2173664189,6.779568128,0.13385831520074198,
12940,3.43359375,0.0002000892857142857,304208.9519052123,6.784811008,0.22968628775288844,
12950,3.01171875,0.00019988839285714288,304252.88337348355,6.790053888,0.16500642420871828,
12960,2.91796875,0.0001996875,304287.0881637752,6.795296768,0.19129316627923346,
12970,3.04296875,0.00019948660714285714,304339.3535585019,6.800539648,0.12515489195465276,
12980,2.96484375,0.00019928571428571426,304369.46747701394,6.805782528,0.1276347305737329,
12990,2.9296875,0.00019908482142857144,304423.3902300616,6.811025408,0.12996755140447275,
13000,2.896484375,0.00019888392857142856,304457.31767319987,6.816268288,0.13441891570290593,
13000,,,,,,0.0
13010,2.892578125,0.00019868303571428573,304516.84330963175,6.821511168,0.20638951144981177,
13020,2.810546875,0.00019848214285714285,304557.2076246198,6.826754048,0.12359601005714557,
13030,3.19140625,0.00019828125000000003,304607.9354705402,6.831996928,0.14908135227520533,
13040,3.19921875,0.00019808035714285715,304658.42343779857,6.837239808,0.12906109342980523,
13050,3.556640625,0.0001978794642857143,304709.5226777568,6.842482688,0.11608448013948698,
13060,3.263671875,0.0001976785714285714,304758.489497952,6.847725568,0.13639617476998342,
13070,3.2890625,0.0001974776785714286,304805.9099508338,6.852968448,0.12865629768837852,
13080,3.146484375,0.0001972767857142857,304854.83430313907,6.858211328,0.13297173773945217,
13090,3.154296875,0.00019707589285714288,304907.1530685567,6.863454208,0.13182064754251355,
13100,2.0859375,0.000196875,304883.31696717034,6.868697088,0.16878144287061045,
13110,1.4951171875,0.00019667410714285712,304933.52920818253,6.873939968,0.12490209245408616,
13120,1.7490234375,0.00019647321428571427,304986.1853594958,6.879182848,0.15096920693524435,
13130,1.21484375,0.0001962723214285714,305026.5761794911,6.884425728,0.18713869948231313,
13140,1.4765625,0.00019607142857142856,305016.62909946096,6.889668608,0.12200653250631052,
13150,1.2978515625,0.00019587053571428568,305063.1633919165,6.894911488,0.11061135977887318,
13160,1.3203125,0.00019566964285714286,305120.46332738566,6.900154368,0.13400104925975134,
13170,3.583984375,0.00019546874999999998,305162.1034300448,6.905397248,0.14670837470346018,
13180,3.2109375,0.00019526785714285715,305189.0968932762,6.910640128,0.1564848862043069,
13190,3.162109375,0.00019506696428571427,305228.45055025996,6.915883008,0.1769413112479422,
13200,0.97998046875,0.00019486607142857142,305270.7689855878,6.921125888,0.12995782975839323,
13210,1.48828125,0.00019466517857142854,305299.1783714611,6.926368768,0.13305660896686408,
13220,3.349609375,0.0001944642857142857,305343.8943589595,6.931611648,0.1411262275996334,
13230,1.42578125,0.00019426339285714283,305350.43256713805,6.936854528,0.1479386539843278,
13240,1.206787109375,0.0001940625,305400.9758435806,6.942097408,0.20962701244695858,
13250,0.89990234375,0.00019386160714285713,305445.14160352247,6.947340288,0.15001384144188554,
13260,3.021484375,0.0001936607142857143,305496.4994504502,6.952583168,0.1426878477322148,
13270,3.0625,0.00019345982142857142,305535.6498786005,6.957826048,0.12653402367775274,
13280,3.197265625,0.00019325892857142857,305577.7868655376,6.963068928,0.14255833221134243,
13290,3.69140625,0.0001930580357142857,305626.4487404454,6.968311808,0.12597706496557584,
13300,2.998046875,0.00019285714285714286,305656.1767648228,6.973554688,0.14066671994721933,
13310,3.1796875,0.00019265624999999998,305715.34424216714,6.978797568,0.1354337568067094,
13320,2.814453125,0.00019245535714285716,305754.5074155548,6.984040448,0.12385431180318605,
13330,3.224609375,0.00019225446428571428,305803.4879864996,6.989283328,0.1298925672719946,
13340,3.193359375,0.00019205357142857145,305845.18918535195,6.994526208,0.12577342837374397,
13350,3.47265625,0.00019185267857142857,305874.8148948366,6.999769088,0.19271191076394317,
13360,3.369140625,0.00019165178571428572,305924.21365585475,7.005011968,0.1357419354932576,
13370,3.068359375,0.00019145089285714284,305965.43932127993,7.010254848,0.12164887245411846,
13380,3.23046875,0.00019125000000000001,306018.8834584154,7.015497728,0.1224207613585013,
13390,2.923828125,0.00019104910714285713,306068.0538108831,7.020740608,0.1438829277755215,
13400,3.078125,0.0001908482142857143,306110.40094599914,7.025983488,0.11622331145340256,
13410,3.236328125,0.00019064732142857143,306147.71897317056,7.031226368,0.14713313216994472,
13420,3.150390625,0.0001904464285714286,306198.089765842,7.036469248,0.12541435242427892,
13430,2.921875,0.0001902455357142857,306246.0844346457,7.041712128,0.12656195399242265,
13440,3.3125,0.00019004464285714287,306282.83802479424,7.046955008,0.1961575296570107,
13450,3.20703125,0.00018984375,306333.4060558691,7.052197888,0.12519817971937167,
13460,3.25,0.0001896428571428571,306376.8457651939,7.057440768,0.1307227002729358,
13470,3.12890625,0.00018944196428571428,306412.256843925,7.062683648,0.13434887191650605,
13480,3.47265625,0.0001892410714285714,306462.1507932829,7.067926528,0.1406729590058819,
13490,3.107421875,0.00018904017857142858,306510.0721901978,7.073169408,0.12981604519165818,
13500,2.998046875,0.0001888392857142857,306552.9488954215,7.078412288,0.13270159154491254,
13500,,,,,,0.0
13510,3.34765625,0.00018863839285714285,306596.9364204357,7.083655168,0.15589103774002921,
13520,3.171875,0.00018843749999999997,306630.18236196897,7.088898048,0.13622785384817448,
13530,3.158203125,0.00018823660714285714,306672.33683725854,7.094140928,0.12673195106977453,
13540,2.783203125,0.00018803571428571426,306707.0441950244,7.099383808,0.12345515405700237,
13550,3.037109375,0.00018783482142857143,306748.3242435267,7.104626688,0.13029969293723953,
13560,2.931640625,0.00018763392857142855,306780.2347502331,7.109869568,0.13029098501667552,
13570,2.994140625,0.00018743303571428573,306828.22252987034,7.115112448,0.15133589674224626,
13580,2.759765625,0.00018723214285714285,306872.11240284884,7.120355328,0.11970423236240502,
13590,3.208984375,0.00018703125,306916.18182927195,7.125598208,0.1209977885085902,
13600,3.404296875,0.00018683035714285712,306757.3379452875,7.130841088,0.129342124514418,
13610,3.216796875,0.0001866294642857143,306724.3961542408,7.136083968,0.11731825998812886,
13620,3.46484375,0.0001864285714285714,306721.4642395942,7.141326848,0.12567070485308018,
13630,3.33984375,0.00018622767857142858,306737.3557785268,7.146569728,0.12673095698115175,
13640,3.359375,0.0001860267857142857,306778.81159687403,7.151812608,0.10793192920331449,
13650,2.994140625,0.00018582589285714288,306806.267499247,7.157055488,0.11929820118733861,
13660,3.154296875,0.00018562499999999997,306860.1349195575,7.162298368,0.12028262747536067,
13670,3.0234375,0.00018542410714285715,306901.2395093279,7.167541248,0.14431530913120438,
13680,2.9140625,0.00018522321428571427,306947.21279559797,7.172784128,0.1353525574434693,
13690,2.875,0.00018502232142857144,306995.678844394,7.178027008,0.14953494045332014,
13700,3.208984375,0.00018482142857142856,307038.7500695918,7.183269888,0.13720437987827097,
13710,3.01953125,0.00018462053571428573,307082.32514102163,7.188512768,0.12275126139879582,
13720,2.79296875,0.00018441964285714285,307121.165730981,7.193755648,0.13809434071161839,
13730,3.283203125,0.00018421875,307162.4616873386,7.198998528,0.13315654309968647,
13740,3.060546875,0.00018401785714285712,307207.8838588919,7.204241408,0.15059491750219778,
13750,3.1015625,0.0001838169642857143,307243.1334094431,7.209484288,0.1297193720474128,
13760,3.041015625,0.00018361607142857142,307289.18644930277,7.214727168,0.12750398393548773,
13770,2.947265625,0.0001834151785714286,307338.08202341525,7.219970048,0.13606949514045696,
13780,2.890625,0.0001832142857142857,307373.0894050896,7.225212928,0.12616481284479344,
13790,3.13671875,0.00018301339285714289,307414.6868548752,7.230455808,0.12631120671282473,
13800,3.1875,0.0001828125,307463.1830669579,7.235698688,0.15727958265692613,
13810,3.318359375,0.00018261160714285713,307492.92547710874,7.240941568,0.12326430875334277,
13820,3.05859375,0.00018241071428571427,307541.26610322593,7.246184448,0.13109927752196088,
13830,3.048828125,0.0001822098214285714,307576.0681467982,7.251427328,0.13291235899453166,
13840,2.1044921875,0.00018200892857142857,307621.0942458013,7.256670208,0.1556144218739731,
13850,3.12109375,0.0001818080357142857,307666.8406464795,7.261913088,0.12302387226084617,
13860,3.365234375,0.00018160714285714286,307713.1411281596,7.267155968,0.13328428641113524,
13870,2.91015625,0.00018140624999999998,307763.0314208375,7.272398848,0.1242318153591825,
13880,3.09375,0.00018120535714285716,307795.89630154293,7.277641728,0.12843092636011333,
13890,3.072265625,0.00018100446428571428,307844.00578388065,7.282884608,0.1464587401426721,
13900,3.033203125,0.00018080357142857142,307883.27741861565,7.288127488,0.12460155224054893,
13910,3.02734375,0.00018060267857142854,307895.5411499512,7.293370368,0.1445915612026871,
13920,3.01953125,0.00018040178571428572,307953.1725170955,7.298613248,0.13504260155807907,
13930,3.505859375,0.00018020089285714284,307970.44092172757,7.303856128,0.15391657934218977,
13940,2.978515625,0.00018,308020.5048318309,7.309099008,0.14301197334186774,
13950,2.869140625,0.00017979910714285713,308066.772248807,7.314341888,0.12411055634342526,
13960,3.09375,0.0001795982142857143,308112.6852900738,7.319584768,0.1237795334233602,
13970,3.216796875,0.0001793973214285714,308132.0325766114,7.324827648,0.13752895409322002,
13980,3.291015625,0.00017919642857142857,308176.37816964136,7.330070528,0.1319097115478405,
13990,2.9609375,0.0001789955357142857,308228.7663583024,7.335313408,0.1587371840896852,
14000,2.904296875,0.00017879464285714287,308266.26371599035,7.340556288,0.14650213709446563,
14000,,,,,,0.0
14010,2.83203125,0.00017859375,308103.2441803159,7.345799168,0.14616861196784944,
14020,3.15234375,0.00017839285714285716,308000.6144284102,7.351042048,0.12729798106835347,
14030,3.34765625,0.00017819196428571428,307927.0676503292,7.356284928,0.14098907761693794,
14040,3.134765625,0.00017799107142857143,307896.1477791431,7.361527808,0.11758976257533678,
14050,2.966796875,0.00017779017857142855,307895.31151743705,7.366770688,0.11192781540334307,
14060,3.302734375,0.00017758928571428572,307924.58182807855,7.372013568,0.12971223895452544,
14070,3.30078125,0.00017738839285714284,307962.64009552426,7.377256448,0.11068511422606232,
14080,3.140625,0.00017718750000000002,301358.7460534892,7.382499328,0.1144160903006658,
14090,3.115234375,0.00017698660714285714,295389.5901501091,7.387742208,0.10995975121212528,
14100,2.875,0.0001767857142857143,287916.40720037156,7.392985088,0.19661392727150823,
14110,3.09765625,0.00017658482142857143,287960.4842542545,7.398227968,0.129882025881039,
14120,3.22265625,0.00017638392857142858,288009.799790023,7.403470848,0.15605234583838307,
14130,3.24609375,0.0001761830357142857,288066.7662106334,7.408713728,0.156985240293971,
14140,2.796875,0.00017598214285714287,288113.15990144137,7.413956608,0.14184759517514123,
14150,3.2578125,0.00017578125,288168.90292242664,7.419199488,0.12236644773610851,
14160,3.181640625,0.00017558035714285711,288226.0492685098,7.424442368,0.12534031259431377,
14170,2.87890625,0.0001753794642857143,288264.3691125135,7.429685248,0.17145821984095852,
14180,2.990234375,0.0001751785714285714,288317.6785626618,7.434928128,0.12424007430037015,
14190,3.0625,0.00017497767857142858,288361.3912027434,7.440171008,0.1265306555655266,
14200,3.1796875,0.00017477678571428568,288420.32544789725,7.445413888,0.17732650847694262,
14210,3.13671875,0.00017457589285714285,288476.6321239082,7.450656768,0.1525294583079166,
14220,3.146484375,0.00017437499999999997,288522.2032625833,7.455899648,0.12431897444592013,
14230,3.396484375,0.00017417410714285714,288567.473581702,7.461142528,0.13554511955481544,
14240,3.04296875,0.00017397321428571426,288619.9026765644,7.466385408,0.1388139924302181,
14250,3.03515625,0.00017377232142857144,288663.8655714624,7.471628288,0.13695704162500927,
14260,3.16015625,0.00017357142857142856,288723.8072926032,7.476871168,0.16962910146989751,
14270,2.9453125,0.0001733705357142857,288769.5811012858,7.482114048,0.13005309691198255,
14280,3.017578125,0.00017316964285714283,288825.0891729771,7.487356928,0.13171257761619176,
14290,3.505859375,0.00017296875,288866.8693551249,7.492599808,0.12458501241121173,
14300,3.1953125,0.00017276785714285712,288915.5970856618,7.497842688,0.13704136193106337,
14310,3.2265625,0.0001725669642857143,288972.09174333554,7.503085568,0.12630622807973954,
14320,3.255859375,0.00017236607142857141,288988.69320796087,7.508328448,0.15738254299045265,
14330,3.310546875,0.0001721651785714286,289041.99110275676,7.513571328,0.12829180696496761,
14340,3.16796875,0.0001719642857142857,289090.36755142995,7.518814208,0.12197488069719013,
14350,3.310546875,0.00017176339285714286,289136.8375101401,7.524057088,0.12060258831209499,
14360,3.138671875,0.00017156249999999998,289196.95567802107,7.529299968,0.13401559591746703,
14370,3.89453125,0.00017136160714285715,289241.98247884813,7.534542848,0.14647637629153198,
14380,2.900390625,0.00017116071428571427,289304.3460713588,7.539785728,0.11919520493748824,
14390,3.259765625,0.00017095982142857144,289351.6093859052,7.545028608,0.12748001361410835,
14400,3.048828125,0.00017075892857142856,289390.77838982677,7.550271488,0.13457996507967357,
14410,3.068359375,0.00017055803571428574,289442.5185852335,7.555514368,0.1211560590261768,
14420,3.01953125,0.00017035714285714286,289486.41980740434,7.560757248,0.12707301315039823,
14430,3.533203125,0.00017015625,289536.82953248423,7.566000128,0.13500112434646241,
14440,3.4453125,0.00016995535714285713,289582.87841061293,7.571243008,0.1563249487886506,
14450,2.828125,0.0001697544642857143,289631.1877083544,7.576485888,0.12203237205847423,
14460,3.38671875,0.00016955357142857142,289680.0913402434,7.581728768,0.13104671492931477,
14470,1.4931640625,0.0001693526785714286,289673.72694339557,7.586971648,0.11511218458534227,
14480,0.970458984375,0.00016915178571428571,289710.2641938949,7.592214528,0.1257281265572881,
14490,0.86083984375,0.0001689508928571429,289759.205621233,7.597457408,0.17226141903740952,
14500,3.068359375,0.00016875,289817.44318410824,7.602700288,0.1512117188491548,
14500,,,,,,0.0
14510,2.943359375,0.0001685491071428571,289856.2742186536,7.607943168,0.12693718599322804,
14520,3.48046875,0.00016834821428571428,289904.37637600926,7.613186048,0.13362273993648782,
14530,2.96484375,0.0001681473214285714,289954.41464315983,7.618428928,0.12518170746175403,
14540,2.98828125,0.00016794642857142857,290004.5388516062,7.623671808,0.12538394487984952,
14550,3.01171875,0.0001677455357142857,290053.8397420415,7.628914688,0.11914338019055698,
14560,3.1640625,0.00016754464285714286,290108.00247121725,7.634157568,0.17992285762427634,
14570,3.21484375,0.00016734374999999998,290143.6573511188,7.639400448,0.1335769938152878,
14580,3.091796875,0.00016714285714285713,290197.2185155043,7.644643328,0.12371071449148253,
14590,3.017578125,0.00016694196428571425,290234.9751358833,7.649886208,0.15434620236365093,
14600,1.3740234375,0.00016674107142857143,290209.711587606,7.655129088,0.1039051039867658,
14610,1.26025390625,0.00016654017857142855,290255.1264981205,7.660371968,0.11315341675376234,
14620,1.09130859375,0.00016633928571428572,290294.78047739645,7.665614848,0.2080110954298928,
14630,2.064453125,0.00016613839285714284,290343.0542094651,7.670857728,0.2700280978199733,
14640,3.076171875,0.00016593750000000002,290390.6072979778,7.676100608,0.16125958482453837,
14650,1.2607421875,0.00016573660714285714,290380.0401282709,7.681343488,0.1453428904640871,
14660,1.25,0.00016553571428571428,290423.36473995395,7.686586368,0.15712497508748377,
14670,1.18212890625,0.0001653348214285714,290478.53359807725,7.691829248,0.12890123222293615,
14680,1.3056640625,0.00016513392857142858,290532.93251621816,7.697072128,0.25454920357247574,
14690,3.0625,0.0001649330357142857,290581.8310637494,7.702315008,0.13772505597829032,
14700,3.00390625,0.00016473214285714287,290621.4414183828,7.707557888,0.13251577428732408,
14710,2.962890625,0.00016453125,290667.452615616,7.712800768,0.13666158693449487,
14720,1.8935546875,0.00016433035714285717,290709.2359841862,7.718043648,0.1654945532991594,
14730,1.322265625,0.00016412946428571429,290762.76956146973,7.723286528,0.13504483308239362,
14740,3.2265625,0.00016392857142857143,290804.57526282215,7.728529408,0.12125278463367754,
14750,2.908203125,0.00016372767857142855,290853.89250725147,7.733772288,0.12175879690509343,
14760,3.0859375,0.00016352678571428573,290899.0765852658,7.739015168,0.1511905642042107,
14770,3.3671875,0.00016332589285714285,290958.1450090707,7.744258048,0.12399916346491478,
14780,3.009765625,0.00016312500000000002,291008.4923815878,7.749500928,0.12771105365511534,
14790,3.05859375,0.00016292410714285714,291023.0379013475,7.754743808,0.15195802727977584,
14800,3.05078125,0.00016272321428571432,291063.82027311716,7.759986688,0.12901981868381954,
14810,3.361328125,0.0001625223214285714,291110.35385533556,7.765229568,0.12759999506706685,
14820,3.228515625,0.00016232142857142858,291159.47330082447,7.770472448,0.1302612838975919,
14830,2.9765625,0.0001621205357142857,291208.55653995846,7.775715328,0.12659539236776135,
14840,3.498046875,0.00016191964285714288,291255.99035832915,7.780958208,0.12216368829017925,
14850,3.109375,0.00016171875,291307.55953292956,7.786201088,0.13852697014052587,
14860,3.14453125,0.00016151785714285712,291346.76847609255,7.791443968,0.13309602368872236,
14870,2.931640625,0.0001613169642857143,291399.7805510874,7.796686848,0.14466860249297311,
14880,3.44140625,0.0001611160714285714,291442.2258845098,7.801929728,0.1508460417192223,
14890,3.294921875,0.00016091517857142856,291484.6095492826,7.807172608,0.1418507681662381,
14900,3.283203125,0.00016071428571428568,291517.86959214456,7.812415488,0.13445833711982613,
14910,3.4296875,0.00016051339285714285,291571.35361703305,7.817658368,0.13720133703556425,
14920,3.1796875,0.00016031249999999997,291560.88934274984,7.822901248,0.13265040791663196,
14930,3.3203125,0.00016011160714285715,291585.9678916741,7.828144128,0.13344200724565436,
14940,2.865234375,0.00015991071428571427,291616.01406785427,7.833387008,0.11555704061052473,
14950,2.888671875,0.00015970982142857144,291659.6707644132,7.838629888,0.11841166171465267,
14960,3.08984375,0.00015950892857142856,291714.059819292,7.843872768,0.12284174284109607,
14970,3.380859375,0.0001593080357142857,291751.2284640571,7.849115648,0.14359212716098496,
14980,3.400390625,0.00015910714285714283,291780.1131690541,7.854358528,0.16637210503069316,
14990,3.01171875,0.00015890625,291833.752125807,7.859601408,0.13434911562026294,
15000,3.091796875,0.00015870535714285712,291865.37417159806,7.864844288,0.15029673019026993,
15000,,,,,,0.0
15010,3.134765625,0.0001585044642857143,291911.8261603918,7.870087168,0.13611463665899426,
15020,3.025390625,0.00015830357142857142,291947.3279200189,7.875330048,0.14183580452299704,
15030,3.197265625,0.0001581026785714286,291885.898115121,7.880572928,0.1421360239148867,
15040,2.958984375,0.00015790178571428569,291868.41766025685,7.885815808,0.11926741246242413,
15050,3.005859375,0.00015770089285714286,291871.9244335009,7.891058688,0.11959077975776412,
15060,3.498046875,0.00015749999999999998,291898.50944137457,7.896301568,0.12162999763259114,
15070,3.259765625,0.00015729910714285715,291931.7891006782,7.901544448,0.11572868224136683,
15080,2.880859375,0.00015709821428571427,291970.50028299866,7.906787328,0.1110381556602277,
15090,3.30859375,0.00015689732142857145,292027.26817619655,7.912030208,0.13293573612142215,
15100,3.1015625,0.00015669642857142857,292073.08450422063,7.917273088,0.1306768403711472,
15110,2.99609375,0.00015649553571428572,292115.7365380757,7.922515968,0.12406065448496051,
15120,3.0,0.00015629464285714284,292160.2230746049,7.927758848,0.1862324614003433,
15130,2.76953125,0.00015609375,292204.8163127634,7.933001728,0.1340933143314653,
15140,3.02734375,0.00015589285714285713,292242.3232005784,7.938244608,0.15508293519640945,
15150,3.068359375,0.0001556919642857143,292289.8136130196,7.943487488,0.16260960664839683,
15160,2.857421875,0.00015549107142857142,292338.32591930236,7.948730368,0.14203880737881225,
15170,2.81640625,0.0001552901785714286,292370.8516378374,7.953973248,0.11597180523535221,
15180,3.59375,0.00015508928571428572,292405.349757077,7.959216128,0.14176172649992186,
15190,3.056640625,0.00015488839285714287,292440.3305223782,7.964459008,0.12281288930940892,
15200,2.98828125,0.00015468749999999999,292487.444723298,7.969701888,0.14573277862527878,
15210,3.240234375,0.0001544866071428571,292524.1827011965,7.974944768,0.13891499372959232,
15220,3.423828125,0.00015428571428571428,292576.13866316347,7.980187648,0.1256918806224635,
15230,3.412109375,0.0001540848214285714,292607.86804164905,7.985430528,0.11869156555156357,
15240,3.2109375,0.00015388392857142857,292656.9946670711,7.990673408,0.13333741465528307,
15250,2.931640625,0.0001536830357142857,292687.0028981436,7.995916288,0.1376997473239343,
15260,3.119140625,0.00015348214285714287,292733.65931001847,8.001159168,0.1297065350439227,
15270,2.998046875,0.00015328125,292779.58556095074,8.006402048,0.1304364588524293,
15280,3.041015625,0.00015308035714285714,292823.7122551816,8.011644928,0.13602061536717425,
15290,2.984375,0.00015287946428571426,292865.5905564146,8.016887808,0.1324087106011939,
15300,2.8203125,0.00015267857142857143,292903.4030375115,8.022130688,0.13899771838864455,
15310,3.12890625,0.00015247767857142855,292943.7935346208,8.027373568,0.13555377872769345,
15320,3.005859375,0.00015227678571428572,292994.0001775667,8.032616448,0.16433294358877032,
15330,3.21484375,0.00015207589285714284,293035.3916943498,8.037859328,0.12796974089558832,
15340,3.294921875,0.00015187500000000002,293081.4939910042,8.043102208,0.12890379898262344,
15350,3.1640625,0.0001516741071428571,293119.1360244784,8.048345088,0.14720804966440146,
15360,3.078125,0.00015147321428571429,293160.9523826748,8.053587968,0.1317360719370168,
15370,3.064453125,0.0001512723214285714,293205.61109354894,8.058830848,0.1643928078222195,
15380,2.947265625,0.00015107142857142858,293258.2316760868,8.064073728,0.13826540407374746,
15390,3.537109375,0.0001508705357142857,293293.91081597743,8.069316608,0.14298977471212954,
15400,2.896484375,0.00015066964285714287,293348.6687495939,8.074559488,0.15259666253148496,
15410,3.123046875,0.00015046875,293353.4746082451,8.079802368,0.13366155871224833,
15420,3.08203125,0.00015026785714285714,293400.8169341704,8.085045248,0.14031026532974794,
15430,2.9140625,0.00015006696428571426,293449.02809533605,8.090288128,0.11499871488337952,
15440,3.59375,0.00014986607142857144,293495.1919502605,8.095531008,0.1250803368847679,
15450,2.962890625,0.00014966517857142856,293541.3895911927,8.100773888,0.11765670893091258,
15460,3.333984375,0.00014946428571428573,293576.0480093754,8.106016768,0.1290136118306944,
15470,2.802734375,0.00014926339285714285,293620.41007248336,8.111259648,0.12500286561943016,
15480,3.041015625,0.00014906250000000003,293669.04866262904,8.116502528,0.13300183087295933,
15490,3.212890625,0.00014886160714285715,293693.4019761631,8.121745408,0.12567485632554504,
15500,3.298828125,0.0001486607142857143,293734.679720417,8.126988288,0.11641484731093783,
15500,,,,,,0.0
15510,2.78125,0.0001484598214285714,293778.16669143934,8.132231168,0.12295444931577754,
15520,3.287109375,0.0001482589285714286,293821.1415391804,8.137474048,0.13534434695335334,
15530,2.841796875,0.0001480580357142857,293844.6688279355,8.142716928,0.1167727213851211,
15540,3.07421875,0.00014785714285714288,293889.0882727326,8.147959808,0.1526519926198853,
15550,3.107421875,0.00014765625,293930.34537188726,8.153202688,0.12600807835813913,
15560,3.3828125,0.00014745535714285712,293982.7547417255,8.158445568,0.12028309378541015,
15570,3.16015625,0.0001472544642857143,293988.95722261205,8.163688448,0.1260599339356266,
15580,3.26171875,0.0001470535714285714,294030.5672024297,8.168931328,0.1189939944991372,
15590,3.05078125,0.00014685267857142856,294068.37135885254,8.174174208,0.11814224228362383,
