step,train/nll,train/sparsity_loss,train/total_loss,train/lr,train/predictor_lr,train/tokens_per_sec,train/tokens_seen_B,grad/base_norm,grad/predictor_norm,schedule/tau,schedule/lambda,train/use_dagformer,eval/nll_soft,eval/nll_hard,eval/nll_baseline
0,11.80078125,0.0,11.80078125,0.0,0.0,76562.32513151417,0.000524288,0.9953895277919762,0.10071652629162983,5.0,0.0,1.0,,,
10,11.68359375,0.0,11.68359375,8.999999999999999e-06,5e-06,132647.76663764138,0.005767168,0.9914950019460925,0.12273395041954524,4.999997741552711,2.183406113537118e-05,1.0,,,
20,10.83984375,0.0,10.83984375,1.7999999999999997e-05,1e-05,133961.25626565755,0.011010048,0.9533179095305627,0.2860723405319825,4.999990966215098,4.366812227074236e-05,1.0,,,
30,10.05078125,0.0,10.05078125,2.7e-05,1.4999999999999999e-05,135897.21301566678,0.016252928,0.9868953650457623,0.1610538774845259,4.99997967399991,6.550218340611354e-05,1.0,,,
40,9.7421875,0.0,9.7421875,3.5999999999999994e-05,2e-05,136789.91576578844,0.021495808,0.9355720530139991,0.35478108025124505,4.999963864928399,8.733624454148472e-05,1.0,,,
50,8.6953125,0.0,8.6953125,4.4999999999999996e-05,2.5e-05,137725.7678899756,0.026738688,0.9741145629794558,0.23178423882791968,4.99994353903032,0.0001091703056768559,1.0,,,
60,8.25,0.0,8.25,5.4e-05,2.9999999999999997e-05,138857.72760885887,0.031981568,0.9694607436714426,0.24718293543225905,4.999918696343927,0.00013100436681222707,1.0,,,
70,8.20703125,0.0,8.20703125,6.3e-05,3.5000000000000004e-05,139086.65702231295,0.037224448,0.6363777813414603,0.7707152049920531,4.999889336915974,0.00015283842794759826,1.0,,,
80,7.8828125,0.0,7.8828125,7.199999999999999e-05,4e-05,139586.68056028834,0.042467328,0.7301214328051695,0.48730299234611385,4.999855460801716,0.00017467248908296945,1.0,,,
90,7.09765625,0.0,7.09765625,8.1e-05,4.4999999999999996e-05,139984.6001536225,0.047710208,0.5341892947500002,0.7304794332125693,4.999817068064911,0.0001965065502183406,1.0,,,
100,7.603515625,0.0,7.603515625,8.999999999999999e-05,5e-05,140473.8575230789,0.052953088,0.5604603029021586,0.827050377712699,4.999774158777814,0.0002183406113537118,1.0,,,
110,6.994140625,0.0,6.994140625,9.9e-05,5.5e-05,140876.5508832861,0.058195968,0.8959280263768447,0.4048156336320552,4.999726733021185,0.00024017467248908298,1.0,,,
120,6.904296875,0.0,6.904296875,0.000108,5.9999999999999995e-05,141232.96208503307,0.063438848,0.6567806386659306,0.7540001263582482,4.999674790884277,0.00026200873362445414,1.0,,,
130,7.48828125,0.0,7.48828125,0.000117,6.500000000000001e-05,140870.04311723873,0.068681728,0.8367977274209989,0.5492578481094329,4.999618332464849,0.00028384279475982536,1.0,,,
140,6.931640625,0.0,6.931640625,0.000126,7.000000000000001e-05,141398.24613817417,0.073924608,0.46996864021169954,0.8826918586432347,4.9995573578691594,0.0003056768558951965,1.0,,,
150,6.3828125,0.0,6.3828125,0.000135,7.5e-05,141422.20903175423,0.079167488,0.8397414578921201,0.5422920905183211,4.999491867211963,0.0003275109170305677,1.0,,,
160,6.537109375,0.0,6.537109375,0.00014399999999999998,8e-05,141563.83307621768,0.084410368,0.4794986932092363,0.8779414173244466,4.999421860616515,0.0003493449781659389,1.0,,,
170,6.212890625,0.0,6.212890625,0.000153,8.5e-05,141825.8797032605,0.089653248,0.415832652428896,0.9098236270956951,4.999347338214573,0.00037117903930131005,1.0,,,
180,6.056640625,0.0,6.056640625,0.000162,8.999999999999999e-05,141700.047401638,0.094896128,0.5834361339986035,0.8126144724323571,4.999268300146389,0.0003930131004366812,1.0,,,
190,5.724609375,0.0,5.724609375,0.00017099999999999998,9.5e-05,141929.63978485425,0.100139008,0.8857967530234061,0.2841884729680166,4.999184746560717,0.00041484716157205243,1.0,,,
200,5.7578125,0.0,5.7578125,0.00017999999999999998,0.0001,142136.02849012613,0.105381888,0.5530197604261946,0.8325941076714292,4.9990966776148085,0.0004366812227074236,1.0,,,
210,6.810546875,0.0,6.810546875,0.000189,0.00010499999999999999,142294.8261193738,0.110624768,0.8614121434205099,0.5049645254772824,4.9990040934744115,0.0004585152838427948,1.0,,,
220,6.029296875,0.0,6.029296875,0.000198,0.00011,142355.57871700195,0.115867648,0.6340238179719985,0.7737607317055605,4.998906994313773,0.00048034934497816597,1.0,,,
230,5.759765625,0.0,5.759765625,0.000207,0.000115,142411.7432881057,0.121110528,0.5540361782926263,0.8325481256791502,4.998805380315639,0.0005021834061135371,1.0,,,
240,6.150390625,0.0,6.150390625,0.000216,0.00011999999999999999,142544.1893235354,0.126353408,0.5251085416439277,0.851479208919728,4.998699251671249,0.0005240174672489083,1.0,,,
250,6.06640625,0.0,6.06640625,0.000225,0.000125,142628.2173550867,0.131596288,0.9415705486931686,0.3422106988037047,4.998588608580343,0.0005458515283842794,1.0,,,
260,5.57421875,0.0,5.57421875,0.000234,0.00013000000000000002,142656.3225768668,0.136839168,0.8716073872584621,0.29934640330113166,4.998473451251154,0.0005676855895196507,1.0,,,
270,5.390625,0.0,5.390625,0.000243,0.000135,142822.6446289552,0.142082048,0.7577122286528176,0.6523334091551047,4.998353779900414,0.0005895196506550219,1.0,,,
280,5.6328125,0.0,5.6328125,0.000252,0.00014000000000000001,142924.57026812038,0.147324928,0.6898342383313285,0.36212200557676244,4.99822959475335,0.000611353711790393,1.0,,,
290,5.71484375,0.0,5.71484375,0.000261,0.000145,142998.95282108113,0.152567808,0.5338166409772398,0.8465230906365956,4.998100896043681,0.0006331877729257642,1.0,,,
300,5.166015625,0.0,5.166015625,0.00027,0.00015,143080.8601650894,0.157810688,0.7114604353747398,0.7042797530003333,4.9979676840136245,0.0006550218340611354,1.0,,,
310,5.384765625,0.0,5.384765625,0.00027899999999999995,0.000155,143052.68614622526,0.163053568,0.5922119548079937,0.36074146841629395,4.997829958913891,0.0006768558951965065,1.0,,,
320,5.126953125,0.0,5.126953125,0.00028799999999999995,0.00016,143104.1267350392,0.168296448,0.731150841214636,0.682976741511971,4.997687721003683,0.0006986899563318778,1.0,,,
330,5.375,0.0,5.375,0.000297,0.000165,143139.48655101316,0.173539328,0.656843911814764,0.6471386218422196,4.997540970550699,0.000720524017467249,1.0,,,
340,5.216796875,0.0,5.216796875,0.000306,0.00017,143228.1744340963,0.178782208,0.5593328843826261,0.7804744228960226,4.997389707831129,0.0007423580786026201,1.0,,,
350,5.443359375,0.0,5.443359375,0.000315,0.00017500000000000003,143291.04233435905,0.184025088,0.5030559475434446,0.2503381506205028,4.997233933129657,0.0007641921397379913,1.0,,,
360,5.22265625,0.0,5.22265625,0.000324,0.00017999999999999998,143188.60248545895,0.189267968,0.5333492408909017,0.6774602740549868,4.997073646739453,0.0007860262008733624,1.0,,,
370,5.24609375,0.0,5.24609375,0.000333,0.000185,143388.73781252967,0.194510848,0.6695401043554242,0.40682769665387125,4.996908848962186,0.0008078602620087337,1.0,,,
380,5.345703125,0.0,5.345703125,0.00034199999999999996,0.00019,143407.78315730652,0.199753728,0.6490969690137102,0.4719183831261669,4.9967395401080115,0.0008296943231441049,1.0,,,
390,5.009765625,0.0,5.009765625,0.00035099999999999997,0.000195,143451.14830678827,0.204996608,0.591458889560651,0.8068325462772864,4.996565720495574,0.0008515283842794759,1.0,,,
400,4.958984375,0.0,4.958984375,0.00035999999999999997,0.0002,143579.51443469388,0.210239488,0.4347117632916432,0.6181080788918567,4.99638739045201,0.0008733624454148472,1.0,,,
410,5.056640625,0.0,5.056640625,0.00036899999999999997,0.00020500000000000002,143529.18735472517,0.215482368,0.5909324083778223,0.5864604640697236,4.996204550312942,0.0008951965065502182,1.0,,,
420,4.87109375,0.0,4.87109375,0.000378,0.00020999999999999998,143622.66759531412,0.220725248,0.34386507211882095,0.9391786445148456,4.996017200422485,0.0009170305676855896,1.0,,,
430,4.916015625,0.0,4.916015625,0.00038700000000000003,0.000215,143606.30386687996,0.225968128,0.22634636895245452,0.9741379020365791,4.995825341133237,0.0009388646288209607,1.0,,,
440,4.97265625,0.0,4.97265625,0.000396,0.00022,143639.92755861458,0.231211008,0.5470818008891718,0.8371101506085497,4.995628972806285,0.0009606986899563319,1.0,,,
450,5.091796875,0.0,5.091796875,0.000405,0.000225,143708.40202907697,0.236453888,0.39246135230220186,0.9192322146788775,4.995428095811202,0.000982532751091703,1.0,,,
460,4.6640625,0.0,4.6640625,0.000414,0.00023,143679.87199347865,0.241696768,0.534492756210825,0.41824457015245686,4.995222710526047,0.0010043668122270743,1.0,,,
470,4.609375,0.0,4.609375,0.000423,0.00023500000000000002,143769.78115298797,0.246939648,0.5379174795202538,0.8424048478636237,4.995012817337362,0.0010262008733624454,1.0,,,
480,5.208984375,0.0,5.208984375,0.000432,0.00023999999999999998,143849.9651489935,0.252182528,0.27270289163596867,0.9621216310731606,4.994798416640176,0.0010480349344978166,1.0,,,
490,4.81640625,0.0,4.81640625,0.000441,0.000245,143888.82776123367,0.257425408,0.26066325604933294,0.9655280382693282,4.994579508837997,0.001069868995633188,1.0,,,
500,4.802734375,0.0,4.802734375,0.00045,0.00025,143902.23613111407,0.262668288,0.5089864583712687,0.767218107829282,4.994356094342821,0.001091703056768559,1.0,,,
500,,,,,,,,,,,,,0.0,0.0,0.0
510,4.734375,0.0,4.734375,0.0004497991071428571,0.00024988839285714284,143850.31463149472,0.267911168,0.4264042992648467,0.5195880574160597,4.994128173575121,0.0011135371179039303,1.0,,,
520,4.728515625,0.0,4.728515625,0.0004495982142857143,0.00024977678571428574,143837.36816185334,0.273154048,0.37440774810725713,0.9270557247496286,4.993895746963854,0.0011353711790393014,1.0,,,
530,4.708984375,0.0,4.708984375,0.0004493973214285714,0.0002496651785714286,143889.0952117149,0.278396928,0.3749960277199241,0.9267788909728473,4.993658814946455,0.0011572052401746724,1.0,,,
540,4.455078125,0.0,4.455078125,0.0004491964285714286,0.0002495535714285714,143894.55639674072,0.283639808,0.23694100432785883,0.9714768932002998,4.99341737796884,0.0011790393013100438,1.0,,,
550,4.71484375,0.0,4.71484375,0.0004489955357142857,0.0002494419642857143,143924.92109480614,0.288882688,0.2588388827632861,0.9657067101288483,4.993171436485403,0.001200873362445415,1.0,,,
560,4.798828125,0.0,4.798828125,0.00044879464285714287,0.00024933035714285714,143994.27947337192,0.294125568,0.3237499350302003,0.9463214170807542,4.992920990959014,0.001222707423580786,1.0,,,
570,5.048828125,0.0,5.048828125,0.00044859375,0.00024921875,143958.86177747225,0.299368448,0.18727430031700049,0.9824258378255958,4.992666041861025,0.0012445414847161572,1.0,,,
580,4.421875,0.0,4.421875,0.0004483928571428571,0.0002491071428571429,144011.4146065476,0.304611328,0.3420020208514437,0.9393818171978937,4.992406589671256,0.0012663755458515284,1.0,,,
590,4.71875,0.0,4.71875,0.00044819196428571423,0.0002489955357142857,143978.98362652192,0.309854208,0.19457003010003418,0.9807633187002142,4.992142634878009,0.0012882096069868996,1.0,,,
600,4.44921875,0.0,4.44921875,0.0004479910714285714,0.0002488839285714286,143962.3125140264,0.315097088,0.2685088466319553,0.9633076409847435,4.991874177978056,0.0013100436681222707,1.0,,,
610,4.654296875,0.0,4.654296875,0.0004477901785714285,0.00024877232142857145,144023.02853933215,0.320339968,0.20063150045573636,0.9795059235035052,4.991601219476644,0.001331877729257642,1.0,,,
620,4.626953125,0.0,4.626953125,0.0004475892857142857,0.0002486607142857143,144043.5445103731,0.325582848,0.3697280340667357,0.6735300155907239,4.991323759887492,0.001353711790393013,1.0,,,
630,4.703125,0.0,4.703125,0.0004473883928571428,0.0002485491071428571,144063.0620185587,0.330825728,0.32142798167143144,0.9465920813547479,4.991041799732789,0.0013755458515283842,1.0,,,
640,4.451171875,0.0,4.451171875,0.0004471875,0.0002484375,144087.9549676776,0.336068608,0.15295866704462577,0.9882624333253383,4.990755339543195,0.0013973799126637556,1.0,,,
650,4.23828125,0.0,4.23828125,0.0004469866071428571,0.00024832589285714285,144041.32343817674,0.341311488,0.27057258689075925,0.3311085281112964,4.990464379857841,0.0014192139737991267,1.0,,,
660,4.439453125,0.0,4.439453125,0.0004467857142857143,0.00024821428571428575,144083.3660011969,0.346554368,0.1574449983757975,0.9875516571738123,4.990168921224324,0.001441048034934498,1.0,,,
670,4.291015625,0.0,4.291015625,0.0004465848214285714,0.0002481026785714286,144080.96448030113,0.351797248,0.3330201837493278,0.9427289977178209,4.989868964198708,0.001462882096069869,1.0,,,
680,4.634765625,0.0,4.634765625,0.0004463839285714286,0.0002479910714285714,144087.89531228,0.357040128,0.2718632929908851,0.9624725152613343,4.989564509345524,0.0014847161572052402,1.0,,,
690,4.1796875,0.0,4.1796875,0.0004461830357142857,0.00024787946428571426,144156.65817619293,0.362283008,0.11294511670120273,0.9935972280460938,4.989255557237769,0.0015065502183406114,1.0,,,
700,4.302734375,0.0,4.302734375,0.0004459821428571429,0.00024776785714285715,144132.763604015,0.367525888,0.2686348425949408,0.7086629673560003,4.988942108456901,0.0015283842794759825,1.0,,,
710,4.380859375,0.0,4.380859375,0.00044578125,0.00024765625,144180.82651184386,0.372768768,0.1691129137708431,0.9857019068177172,4.988624163592846,0.001550218340611354,1.0,,,
720,4.23046875,0.0,4.23046875,0.00044558035714285717,0.0002475446428571429,144186.94960947908,0.378011648,0.2649543043307099,0.79676833509707,4.9883017232439855,0.0015720524017467249,1.0,,,
730,3.9619140625,0.0,3.9619140625,0.0004453794642857143,0.0002474330357142857,144199.131154437,0.383254528,0.2519463126171735,0.8906182111473316,4.987974788017167,0.001593886462882096,1.0,,,
740,3.5595703125,0.0,3.5595703125,0.0004451785714285714,0.00024732142857142856,144191.58213342162,0.388497408,0.1325490192868301,0.9911673091908846,4.987643358527696,0.0016157205240174674,1.0,,,
750,4.521484375,0.0,4.521484375,0.00044497767857142853,0.00024720982142857145,144192.70135427543,0.393740288,0.18016492572802595,0.9836176699034311,4.987307435399334,0.0016375545851528383,1.0,,,
760,4.2431640625,0.0,4.2431640625,0.0004447767857142857,0.0002470982142857143,144221.33952555957,0.398983168,0.24202486773013324,0.5191482789382608,4.986967019264302,0.0016593886462882097,1.0,,,
770,4.2734375,0.0,4.2734375,0.0004445758928571428,0.00024698660714285713,144205.47784954341,0.404226048,0.3569608641749117,0.9345957797045843,4.986622110763278,0.0016812227074235809,1.0,,,
780,4.3828125,0.0,4.3828125,0.000444375,0.000246875,144212.34971951204,0.409468928,0.17101873144140595,0.985305963269809,4.986272710545392,0.0017030567685589518,1.0,,,
790,3.8984375,0.0,3.8984375,0.0004441741071428571,0.00024676339285714286,144237.38547230134,0.414711808,0.15804934205561022,0.987463800167283,4.985918819268229,0.0017248908296943232,1.0,,,
800,4.3125,0.0,4.3125,0.0004439732142857143,0.00024665178571428576,144239.2187056685,0.419954688,0.24813048197666848,0.7944079636205643,4.985560437597828,0.0017467248908296944,1.0,,,
810,4.3125,0.0,4.3125,0.0004437723214285714,0.0002465401785714286,144247.95276137357,0.425197568,0.17081933968885504,0.9852769443332307,4.985197566208675,0.0017685589519650655,1.0,,,
820,4.0419921875,0.0,4.0419921875,0.0004435714285714286,0.00024642857142857143,144252.3858933328,0.430440448,0.2064990093651355,0.5885221289787095,4.98483020578371,0.0017903930131004365,1.0,,,
830,4.259765625,0.0,4.259765625,0.0004433705357142857,0.00024631696428571427,144263.65151376,0.435683328,0.21529360773149034,0.5968462989420704,4.984458357014319,0.001812227074235808,1.0,,,
840,4.134765625,0.0,4.134765625,0.0004431696428571429,0.00024620535714285716,144278.22750480092,0.440926208,0.2260717671054601,0.494728078425659,4.984082020600336,0.0018340611353711792,1.0,,,
850,4.080078125,0.0,4.080078125,0.00044296875,0.00024609375,144286.1809145655,0.446169088,0.45362570396364776,0.7811646537078718,4.983701197250041,0.0018558951965065502,1.0,,,
860,4.39453125,0.0,4.39453125,0.0004427678571428572,0.0002459821428571429,144265.48797537872,0.451411968,0.24587693944147787,0.9693684516056642,4.983315887680159,0.0018777292576419213,1.0,,,
870,3.865234375,0.0,3.865234375,0.0004425669642857143,0.00024587053571428573,144275.39954981074,0.456654848,0.15071017635672534,0.9885652247631075,4.982926092615858,0.0018995633187772927,1.0,,,
880,3.8330078125,0.0,3.8330078125,0.0004423660714285714,0.00024575892857142857,144312.67103362712,0.461897728,0.1730627112269751,0.7202086933055448,4.9825318127907465,0.0019213973799126639,1.0,,,
890,4.130859375,0.0,4.130859375,0.00044216517857142854,0.0002456473214285714,144317.47612772562,0.467140608,0.1807904899517162,0.7893629728656755,4.982133048946876,0.001943231441048035,1.0,,,
900,4.328125,0.0,4.328125,0.00044196428571428566,0.0002455357142857143,144333.67822649996,0.472383488,0.24326022446561374,0.7832927775169941,4.981729801834734,0.001965065502183406,1.0,,,
910,4.046875,0.0,4.046875,0.00044176339285714283,0.00024542410714285714,144339.1510639275,0.477626368,0.21014915594592742,0.7271145028587421,4.98132207221325,0.0019868995633187773,1.0,,,
920,3.94921875,0.0,3.94921875,0.00044156249999999995,0.0002453125,144345.76196656213,0.482869248,0.22920402770917656,0.5092800003692146,4.980909860849786,0.0020087336244541485,1.0,,,
930,4.1220703125,0.0,4.1220703125,0.0004413616071428571,0.00024520089285714287,144376.778363088,0.488112128,0.18026563427403544,0.6692132365392078,4.980493168520139,0.0020305676855895197,1.0,,,
940,3.9892578125,0.0,3.9892578125,0.00044116071428571425,0.0002450892857142857,144372.88747319244,0.493355008,0.16367570271669565,0.9864766652276054,4.980071996008541,0.002052401746724891,1.0,,,
950,4.1728515625,0.0,4.1728515625,0.0004409598214285714,0.0002449776785714286,144428.761320782,0.498597888,0.21836674335127923,0.5632705166463315,4.979646344107656,0.002074235807860262,1.0,,,
960,3.634765625,0.0,3.634765625,0.00044075892857142854,0.00024486607142857144,144394.89027743836,0.503840768,0.12271621660208346,0.992410164694068,4.979216213618577,0.002096069868995633,1.0,,,
970,4.0654296875,0.0,4.0654296875,0.0004405580357142857,0.0002447544642857143,144401.86236549073,0.509083648,0.1844120769014301,0.9827721330784729,4.978781605350827,0.0021179039301310047,1.0,,,
980,3.7373046875,0.0,3.7373046875,0.00044035714285714284,0.0002446428571428571,144407.18505714848,0.514326528,0.19937506935463123,0.9800293807623485,4.9783425201223555,0.002139737991266376,1.0,,,
990,3.6708984375,0.0,3.6708984375,0.00044015625,0.00024453125,144387.82096116003,0.519569408,0.1927181392149522,0.9563892408347796,4.977898958759538,0.0021615720524017466,1.0,,,
1000,3.662109375,0.0,3.662109375,0.00043995535714285713,0.00024441964285714285,144428.43110070637,0.524812288,0.1679607745922301,0.4655947690892344,4.977450922097175,0.002183406113537118,1.0,,,
1000,,,,,,,,,,,,,0.0,0.0,0.0
1010,3.8408203125,0.0,3.8408203125,0.0004397544642857143,0.00024430803571428574,144411.929312876,0.530055168,0.1643397529562903,0.8446033669878796,4.976998410978488,0.002205240174672489,1.0,,,
1020,4.09765625,0.0,4.09765625,0.0004395535714285714,0.0002441964285714286,144422.69805597674,0.535298048,0.17236485573530236,0.9850625217543645,4.976541426255123,0.0022270742358078605,1.0,,,
1030,3.71484375,0.0,3.71484375,0.0004393526785714286,0.00024408482142857145,144439.70825569562,0.540540928,0.20606653106026263,0.7203997529282368,4.976079968787141,0.0022489082969432317,1.0,,,
1040,4.0361328125,0.0,4.0361328125,0.00043915178571428566,0.00024397321428571428,144436.49214074344,0.545783808,0.16983508526597782,0.7202315238216246,4.975614039443024,0.002270742358078603,1.0,,,
1050,3.630859375,0.0,3.630859375,0.00043895089285714284,0.00024386160714285715,144431.50644451045,0.551026688,0.16862102020401978,0.596898171846257,4.97514363909967,0.0022925764192139736,1.0,,,
1060,4.0029296875,0.0,4.0029296875,0.00043874999999999996,0.00024375,144415.88817855154,0.556269568,0.1691724188372032,0.9855579613044199,4.97466876864239,0.0023144104803493448,1.0,,,
1070,3.9052734375,0.0,3.9052734375,0.00043854910714285713,0.00024363839285714288,144444.17831971173,0.561512448,0.26966624159139263,0.962737460379396,4.97418942896491,0.0023362445414847163,1.0,,,
1080,4.1171875,0.0,4.1171875,0.00043834821428571425,0.00024352678571428572,144428.04635865224,0.566755328,0.1736651540464053,0.9848620798306672,4.973705620969365,0.0023580786026200875,1.0,,,
1090,3.8896484375,0.0,3.8896484375,0.0004381473214285714,0.00024341517857142859,144434.89511186187,0.571998208,0.14406968987508448,0.9896310433857108,4.973217345566301,0.0023799126637554587,1.0,,,
1100,3.96875,0.0,3.96875,0.00043794642857142855,0.00024330357142857142,144438.96957159403,0.577241088,0.1741501931440636,0.9847741177957184,4.9727246036746715,0.00240174672489083,1.0,,,
1110,3.6669921875,0.0,3.6669921875,0.0004377455357142857,0.0002431919642857143,144437.6503743284,0.582483968,0.17391083350952774,0.43759490872348256,4.972227396221838,0.002423580786026201,1.0,,,
1120,3.658203125,0.0,3.658203125,0.00043754464285714284,0.00024308035714285716,144448.82937997876,0.587726848,0.15746941817761104,0.9875065003467302,4.971725724143561,0.002445414847161572,1.0,,,
1130,3.802734375,0.0,3.802734375,0.00043734375,0.00024296875000000002,144451.44994459086,0.592969728,0.17176017919301076,0.5862462119967118,4.97121958838401,0.0024672489082969433,1.0,,,
1140,3.8798828125,0.0,3.8798828125,0.00043714285714285714,0.00024285714285714286,144471.03106100755,0.598212608,0.18044909357311004,0.5236787110956472,4.970708989895751,0.0024890829694323145,1.0,,,
1150,3.5673828125,0.0,3.5673828125,0.0004369419642857143,0.00024274553571428572,144477.74580810548,0.603455488,0.1472916911264272,0.9890436813910032,4.970193929639751,0.0025109170305676856,1.0,,,
1160,3.5908203125,0.0,3.5908203125,0.00043674107142857143,0.00024263392857142856,144483.1073902302,0.608698368,0.1703818517455073,0.3524391868093122,4.969674408585375,0.002532751091703057,1.0,,,
1170,3.998046875,0.0,3.998046875,0.0004365401785714286,0.00024252232142857146,144498.48647551253,0.613941248,0.16612390479117148,0.6577723778331395,4.969150427710379,0.0025545851528384284,1.0,,,
1180,3.7529296875,0.0,3.7529296875,0.0004363392857142857,0.0002424107142857143,144393.169271471,0.619184128,0.20518198873188284,0.8862791805887243,4.968621988000919,0.002576419213973799,1.0,,,
1190,3.263671875,0.0,3.263671875,0.00043613839285714284,0.00024229910714285713,144425.18618010535,0.624427008,0.15854913693859102,0.459724971939037,4.968089090451536,0.0025982532751091703,1.0,,,
1200,3.7421875,0.0,3.7421875,0.00043593749999999996,0.0002421875,144429.526693577,0.629669888,0.2899386590026449,0.6509864155807558,4.967551736065167,0.0026200873362445414,1.0,,,
1210,3.6796875,0.0,3.6796875,0.00043573660714285714,0.00024207589285714286,144444.17069935086,0.634912768,0.18222124580940702,0.596860554384828,4.967009925853134,0.0026419213973799126,1.0,,,
1220,3.9306640625,0.0,3.9306640625,0.00043553571428571426,0.00024196428571428573,144442.8463763556,0.640155648,0.16339524809520747,0.510790420421153,4.966463660835142,0.002663755458515284,1.0,,,
1230,4.404296875,0.0,4.404296875,0.0004353348214285714,0.00024185267857142857,144439.86855398008,0.645398528,0.21281446994624273,0.583271612634821,4.965912942039288,0.0026855895196506554,1.0,,,
1240,3.7783203125,0.0,3.7783203125,0.00043513392857142855,0.00024174107142857143,144450.57900428842,0.650641408,0.31436944137474304,0.9489917654825387,4.965357770502042,0.002707423580786026,1.0,,,
1250,3.966796875,0.0,3.966796875,0.0004349330357142857,0.00024162946428571427,144472.76577764688,0.655884288,0.16350866964210403,0.5687849258574781,4.964798147268262,0.0027292576419213972,1.0,,,
1260,3.56640625,0.0,3.56640625,0.00043473214285714285,0.00024151785714285714,144473.2573476394,0.661127168,0.14964078675622886,0.34873063640122526,4.96423407339118,0.0027510917030567684,1.0,,,
1270,3.9228515625,0.0,3.9228515625,0.00043453124999999997,0.00024140625,144460.45185178038,0.666370048,0.18158794067317716,0.8757972523190402,4.963665549932404,0.00277292576419214,1.0,,,
1280,3.84375,0.0,3.84375,0.00043433035714285714,0.00024129464285714287,144467.0474953722,0.671612928,0.16287457607742656,0.40280293830619895,4.963092577961919,0.002794759825327511,1.0,,,
1290,3.5419921875,0.0,3.5419921875,0.00043412946428571426,0.0002411830357142857,144487.33171051397,0.676855808,0.14582434482855242,0.5938796407573638,4.96251515855808,0.0028165938864628823,1.0,,,
1300,3.9384765625,0.0,3.9384765625,0.00043392857142857144,0.00024107142857142857,144460.86653536386,0.682098688,0.188524614554448,0.7879426888990742,4.961933292807614,0.0028384279475982535,1.0,,,
1310,3.744140625,0.0,3.744140625,0.00043372767857142856,0.0002409598214285714,144460.06944494258,0.687341568,0.15052825151424734,0.9886341911465969,4.961346981805614,0.002860262008733624,1.0,,,
1320,3.8623046875,0.0,3.8623046875,0.00043352678571428573,0.0002408482142857143,144489.58916252566,0.692584448,0.1590678671607445,0.6439641886849705,4.960756226655541,0.002882096069868996,1.0,,,
1330,3.6650390625,0.0,3.6650390625,0.00043332589285714285,0.00024073660714285714,144473.98919585612,0.697827328,0.17369047018542727,0.40984684491875556,4.960161028469221,0.002903930131004367,1.0,,,
1340,3.501953125,0.0,3.501953125,0.000433125,0.000240625,144480.2692927571,0.703070208,0.16850493152461352,0.9506688627016465,4.959561388366838,0.002925764192139738,1.0,,,
1350,4.2939453125,0.0,4.2939453125,0.0004329241071428571,0.00024051339285714285,144461.00112202062,0.708313088,0.21441532738996302,0.9767600328467347,4.95895730747694,0.0029475982532751093,1.0,,,
1360,4.1689453125,0.0,4.1689453125,0.00043272321428571426,0.00024040178571428574,144432.4183393429,0.713555968,0.14263980563904355,0.9897131040763476,4.95834878693643,0.0029694323144104804,1.0,,,
1370,4.0087890625,0.0,4.0087890625,0.0004325223214285714,0.00024029017857142858,144469.17226480058,0.718798848,0.18914920229454804,0.5126659613686395,4.957735827890567,0.0029912663755458516,1.0,,,
1380,3.6416015625,0.0,3.6416015625,0.00043232142857142856,0.00024017857142857144,144440.72769633716,0.724041728,0.20439639871623538,0.5770613201919275,4.957118431492966,0.0030131004366812228,1.0,,,
1390,3.80859375,0.0,3.80859375,0.0004321205357142857,0.00024006696428571428,144461.1021990008,0.729284608,0.1721780349158403,0.8187426215870981,4.956496598905591,0.003034934497816594,1.0,,,
1400,3.6416015625,0.0,3.6416015625,0.00043191964285714285,0.00023995535714285715,144455.21563242777,0.734527488,0.22793996824027543,0.6687740203652531,4.955870331298755,0.003056768558951965,1.0,,,
1410,3.62890625,0.0,3.62890625,0.00043171875,0.00023984375,144444.06121640815,0.739770368,0.19288706667362154,0.639874779139428,4.955239629851117,0.0030786026200873362,1.0,,,
1420,4.681640625,0.0,4.681640625,0.00043151785714285715,0.00023973214285714288,144443.54989014994,0.745013248,0.2521912348163851,0.48922701490138104,4.954604495749684,0.003100436681222708,1.0,,,
1430,3.7216796875,0.0,3.7216796875,0.00043131696428571427,0.00023962053571428572,144443.1336894631,0.750256128,0.16026140037656544,0.9807356953570404,4.953964930189802,0.0031222707423580786,1.0,,,
1440,3.775390625,0.0,3.775390625,0.00043111607142857144,0.00023950892857142858,144437.79514531884,0.755499008,0.16000426796562525,0.8221598350555356,4.95332093437516,0.0031441048034934497,1.0,,,
1450,3.783203125,0.0,3.783203125,0.00043091517857142856,0.00023939732142857142,144444.48815825497,0.760741888,0.16318874295417252,0.9866202555578213,4.9526725095177815,0.003165938864628821,1.0,,,
1460,3.9404296875,0.0,3.9404296875,0.00043071428571428574,0.0002392857142857143,144417.6964038701,0.765984768,0.14925491217469408,0.5577497289293769,4.952019656838029,0.003187772925764192,1.0,,,
1470,3.70703125,0.0,3.70703125,0.00043051339285714286,0.00023917410714285715,144422.98500188778,0.771227648,0.15590998938574854,0.5979345257270613,4.951362377564598,0.0032096069868995636,1.0,,,
1480,3.46484375,0.0,3.46484375,0.00043031250000000003,0.00023906250000000002,144375.57205061146,0.776470528,0.14772622663337792,0.34035760482300764,4.950700672934512,0.003231441048034935,1.0,,,
1490,3.61328125,0.0,3.61328125,0.00043011160714285715,0.00023895089285714286,144370.96511611066,0.781713408,0.144085434348215,0.4000337505514695,4.950034544193126,0.003253275109170306,1.0,,,
1500,3.837890625,0.0,3.837890625,0.00042991071428571427,0.00023883928571428572,144346.73117508536,0.786956288,0.1674378148212071,0.39883480077266087,4.949363992594121,0.0032751091703056767,1.0,,,
1500,,,,,,,,,,,,,0.0,0.0,0.0
1510,3.533203125,0.0,3.533203125,0.0004297098214285714,0.0002387276785714286,144335.33133476673,0.792199168,0.1475689407448085,0.5511733311549134,4.9486890193995,0.003296943231441048,1.0,,,
1520,3.9443359375,0.0,3.9443359375,0.00042950892857142857,0.00023861607142857145,144324.48178043868,0.797442048,0.22065661468371267,0.7493456921168592,4.948009625879591,0.0033187772925764194,1.0,,,
1530,3.5703125,0.0,3.5703125,0.0004293080357142857,0.0002385044642857143,144303.52913537153,0.802684928,0.15588850949977728,0.516870029172711,4.947325813313038,0.0033406113537117906,1.0,,,
1540,3.6923828125,0.0,3.6923828125,0.0004291071428571428,0.00023839285714285713,144306.1107612699,0.807927808,0.14451570646018103,0.41597626046729347,4.946637582986804,0.0033624454148471618,1.0,,,
1550,3.6650390625,0.0,3.6650390625,0.00042890625,0.00023828125,144315.95920363572,0.813170688,0.1438806475562589,0.2852676189648856,4.945944936196165,0.003384279475982533,1.0,,,
1560,3.734375,0.0,3.734375,0.00042870535714285715,0.0002381696428571429,144313.50258456083,0.818413568,0.16518600317519072,0.7193932037755981,4.945247874244711,0.0034061135371179036,1.0,,,
1570,3.51953125,0.0,3.51953125,0.0004285044642857143,0.00023805803571428573,144332.17004867486,0.823656448,0.13757717271919193,0.9904558834307199,4.944546398444337,0.0034279475982532752,1.0,,,
1580,3.775390625,0.0,3.775390625,0.0004283035714285714,0.00023794642857142856,144342.36325725244,0.828899328,0.16398666088402872,0.7910009386879622,4.943840510115252,0.0034497816593886464,1.0,,,
1590,3.7255859375,0.0,3.7255859375,0.00042810267857142857,0.00023783482142857143,144311.37753528074,0.834142208,0.1472058681078508,0.6016330677952397,4.943130210585963,0.0034716157205240176,1.0,,,
1600,3.82421875,0.0,3.82421875,0.0004279017857142857,0.00023772321428571427,144340.1462282604,0.839385088,0.14466142971836757,0.5751475997035428,4.942415501193283,0.0034934497816593887,1.0,,,
1610,3.7060546875,0.0,3.7060546875,0.00042770089285714286,0.00023761160714285716,144336.56331973252,0.844627968,0.1595721046601847,0.39944618691666556,4.941696383282322,0.0035152838427947603,1.0,,,
1620,3.7314453125,0.0,3.7314453125,0.0004275,0.0002375,144363.00109366557,0.849870848,0.1524587182793151,0.8413394165721552,4.9409728582064885,0.003537117903930131,1.0,,,
1630,4.20703125,0.0,4.20703125,0.00042729910714285716,0.00023738839285714287,144366.39703499497,0.855113728,0.1489202890875963,0.374429255679572,4.940244927327486,0.003558951965065502,1.0,,,
1640,3.44140625,0.0,3.44140625,0.0004270982142857143,0.0002372767857142857,144357.7600778059,0.860356608,0.1665128917955665,0.9860520834977752,4.939512592015309,0.003580786026200873,1.0,,,
1650,3.59765625,0.0,3.59765625,0.0004268973214285714,0.00023716517857142857,144390.21459509514,0.865599488,0.14770022065450153,0.6554709428995229,4.938775853648242,0.0036026200873362445,1.0,,,
1660,4.669921875,0.0,4.669921875,0.0004266964285714285,0.00023705357142857143,144382.16484751442,0.870842368,0.15217018652206724,0.9883173271335892,4.938034713612852,0.003624454148471616,1.0,,,
1670,3.517578125,0.0,3.517578125,0.0004264955357142857,0.0002369419642857143,144328.7473304279,0.876085248,0.15932190946492517,0.9103733644725641,4.9372891733039985,0.003646288209606987,1.0,,,
1680,3.0419921875,0.0,3.0419921875,0.0004262946428571428,0.00023683035714285714,142587.45230466235,0.881328128,0.13635601995667135,0.34607830060489164,4.936539234124816,0.0036681222707423584,1.0,,,
1690,3.9990234375,0.0,3.9990234375,0.00042609375,0.00023671875,142580.56261280362,0.886571008,0.1429854309641055,0.3753076530385057,4.935784897486719,0.0036899563318777287,1.0,,,
1700,2.9912109375,0.0,2.9912109375,0.0004258928571428571,0.00023660714285714284,142606.94822617684,0.891813888,0.18918029428722574,0.3787355767301843,4.935026164809399,0.0037117903930131003,1.0,,,
1710,3.701171875,0.0,3.701171875,0.0004256919642857143,0.00023649553571428574,142596.6958481063,0.897056768,0.16966593050539594,0.7273022877734268,4.934263037520821,0.003733624454148472,1.0,,,
1720,3.65234375,0.0,3.65234375,0.0004254910714285714,0.00023638392857142857,142625.309617522,0.902299648,0.16644494133958085,0.7273607912300449,4.93349551705722,0.0037554585152838427,1.0,,,
1730,3.689453125,0.0,3.689453125,0.0004252901785714286,0.00023627232142857144,142642.7693583778,0.907542528,0.16373131845842256,0.5515613580330454,4.932723604863101,0.0037772925764192142,1.0,,,
1740,3.8896484375,0.0,3.8896484375,0.0004250892857142857,0.00023616071428571428,142599.3442176995,0.912785408,0.1516917587237525,0.6394632608206909,4.931947302391233,0.0037991266375545854,1.0,,,
1750,3.6376953125,0.0,3.6376953125,0.00042488839285714287,0.00023604910714285714,142546.85777534323,0.918028288,0.14023703248705388,0.7289360994713167,4.931166611102647,0.003820960698689956,1.0,,,
1760,3.3984375,0.0,3.3984375,0.0004246875,0.0002359375,142571.58548107377,0.923271168,0.1540851643956547,0.4576659342802822,4.930381532466634,0.0038427947598253277,1.0,,,
1770,3.70703125,0.0,3.70703125,0.00042448660714285716,0.00023582589285714287,142530.66246117247,0.928514048,0.13221848560879623,0.6025548669748412,4.929592067960744,0.0038646288209606985,1.0,,,
1780,3.228515625,0.0,3.228515625,0.0004242857142857143,0.0002357142857142857,142543.40070711353,0.933756928,0.17023950200117724,0.4028621184851617,4.9287982190707815,0.00388646288209607,1.0,,,
1790,3.830078125,0.0,3.830078125,0.00042408482142857146,0.00023560267857142858,142559.34364170473,0.938999808,0.13116207502598834,0.593142546157331,4.9279999872908,0.003908296943231441,1.0,,,
1800,3.630859375,0.0,3.630859375,0.0004238839285714286,0.00023549107142857142,142566.2094422671,0.944242688,0.14912937902154186,0.37663507467687946,4.927197374123104,0.003930131004366812,1.0,,,
1810,3.7548828125,0.0,3.7548828125,0.0004236830357142857,0.0002353794642857143,142583.29935711474,0.949485568,0.14082981113501242,0.7360653983011888,4.9263903810782415,0.0039519650655021835,1.0,,,
1820,3.712890625,0.0,3.712890625,0.0004234821428571428,0.00023526785714285715,142592.07904894667,0.954728448,0.1442603464087626,0.6653996974969735,4.9255790096750065,0.003973799126637555,1.0,,,
1830,3.7421875,0.0,3.7421875,0.00042328125,0.00023515625000000001,142601.56124993594,0.959971328,0.14261032866021636,0.5294002089181669,4.9247632614404315,0.003995633187772926,1.0,,,
1840,3.8115234375,0.0,3.8115234375,0.0004230803571428571,0.00023504464285714285,142619.08248802388,0.965214208,0.18195601308620385,0.9832490922715555,4.923943137909787,0.004017467248908297,1.0,,,
1850,3.564453125,0.0,3.564453125,0.0004228794642857143,0.00023493303571428572,142624.40650039204,0.970457088,0.15952674183902305,0.7076769605088636,4.923118640626578,0.004039301310043668,1.0,,,
1860,3.7080078125,0.0,3.7080078125,0.0004226785714285714,0.00023482142857142858,142659.56148727826,0.975699968,0.13007224566530307,0.9915216656940153,4.922289771142541,0.004061135371179039,1.0,,,
1870,3.5,0.0,3.5,0.0004224776785714286,0.00023470982142857145,142582.60344965398,0.980942848,0.15260760719350716,0.49566800882257916,4.921456531017641,0.0040829694323144105,1.0,,,
1880,3.6943359375,0.0,3.6943359375,0.0004222767857142857,0.0002345982142857143,142608.7551439654,0.986185728,0.15914089455330116,0.5439613732857653,4.920618921820067,0.004104803493449782,1.0,,,
1890,3.7626953125,0.0,3.7626953125,0.0004220758928571428,0.00023448660714285713,142607.81296235108,0.991428608,0.16169265931913226,0.780842628881771,4.919776945126236,0.004126637554585154,1.0,,,
1900,3.720703125,0.0,3.720703125,0.000421875,0.000234375,142619.48288690954,0.996671488,0.15163643831448395,0.4533405294798949,4.918930602520777,0.004148471615720524,1.0,,,
1910,3.4296875,0.0,3.4296875,0.00042167410714285717,0.00023426339285714288,142639.2565623866,1.001914368,0.1456686209135599,0.8091984221536236,4.918079895596544,0.004170305676855895,1.0,,,
1920,3.666015625,0.0,3.666015625,0.0004214732142857143,0.00023415178571428572,142643.20694646853,1.007157248,0.173677239952104,0.5115195203843552,4.917224825954599,0.004192139737991266,1.0,,,
1930,3.544921875,0.0,3.544921875,0.0004212723214285714,0.00023404017857142856,142666.6533317223,1.012400128,0.14777791658525874,0.3660731084467241,4.916365395204217,0.0042139737991266375,1.0,,,
1940,3.6396484375,0.0,3.6396484375,0.0004210714285714286,0.00023392857142857143,142626.2636020868,1.017643008,0.19221085382236755,0.3836190859374671,4.915501604962881,0.0042358078602620095,1.0,,,
1950,3.65234375,0.0,3.65234375,0.0004208705357142857,0.0002338169642857143,142639.7777770282,1.022885888,0.14120072263392516,0.47108664585616367,4.9146334568562775,0.00425764192139738,1.0,,,
1960,3.4375,0.0,3.4375,0.0004206696428571428,0.00023370535714285716,142658.8094324427,1.028128768,0.17016672003211053,0.8603277945128074,4.913760952518295,0.004279475982532752,1.0,,,
1970,3.845703125,0.0,3.845703125,0.00042046874999999994,0.00023359375,142668.27959046446,1.033371648,0.20975457625970345,0.6355621375278797,4.912884093591024,0.004301310043668122,1.0,,,
1980,3.7841796875,0.0,3.7841796875,0.0004202678571428571,0.00023348214285714286,142670.75625379622,1.038614528,0.15999353487390058,0.5337670591202793,4.912002881724745,0.004323144104803493,1.0,,,
1990,3.525390625,0.0,3.525390625,0.00042006696428571424,0.0002333705357142857,142687.75209833734,1.043857408,0.14429304698736325,0.3013281999320449,4.911117318577933,0.004344978165938865,1.0,,,
2000,3.5576171875,0.0,3.5576171875,0.0004198660714285714,0.0002332589285714286,142709.97632131135,1.049100288,0.1923346817443912,0.7874035333982056,4.910227405817254,0.004366812227074236,1.0,,,
2000,,,,,,,,,,,,,0.0,0.0,0.0
2010,3.7431640625,0.0,3.7431640625,0.00041966517857142853,0.00023314732142857143,142606.7401514865,1.054343168,0.13926073557230068,0.491126200688305,4.909333145117559,0.004388646288209608,1.0,,,
2020,3.8330078125,0.0,3.8330078125,0.0004194642857142857,0.0002330357142857143,142622.99289054007,1.059586048,0.1577179720459198,0.5675315492075554,4.908434538161881,0.004410480349344978,1.0,,,
2030,3.3388671875,0.0,3.3388671875,0.00041926339285714283,0.00023292410714285714,142632.88058888077,1.064828928,0.14570994656706399,0.7771174489496023,4.9075315866414355,0.00443231441048035,1.0,,,
2040,3.4599609375,0.0,3.4599609375,0.0004190625,0.0002328125,142661.6526785911,1.070071808,0.1684746507923956,0.5958818187784339,4.906624292255611,0.004454148471615721,1.0,,,
2050,3.7314453125,0.0,3.7314453125,0.0004188616071428571,0.00023270089285714287,142667.86703228648,1.075314688,0.16374869317541665,0.30559032384590074,4.90571265671197,0.004475982532751091,1.0,,,
2060,3.6142578125,0.0,3.6142578125,0.0004186607142857143,0.00023258928571428573,142666.69010507336,1.080557568,0.13783125312241595,0.4420038806335227,4.90479668172625,0.004497816593886463,1.0,,,
2070,3.908203125,0.0,3.908203125,0.0004184598214285714,0.00023247767857142857,142674.62954031324,1.085800448,0.15844142063429403,0.4933298744258133,4.903876369022351,0.004519650655021834,1.0,,,
2080,3.779296875,0.0,3.779296875,0.0004182589285714286,0.00023236607142857144,142678.51484699114,1.091043328,0.14347795095639665,0.619009734795563,4.902951720332336,0.004541484716157206,1.0,,,
2090,3.5087890625,0.0,3.5087890625,0.0004180580357142857,0.00023225446428571427,142701.36165184792,1.096286208,0.17155691638023776,0.47192380702106596,4.902022737396432,0.004563318777292577,1.0,,,
2100,3.6142578125,0.0,3.6142578125,0.0004178571428571429,0.00023214285714285717,142682.65835688805,1.101529088,0.14518224688138961,0.6212693339259184,4.90108942196302,0.004585152838427947,1.0,,,
2110,3.46484375,0.0,3.46484375,0.00041765625,0.00023203125,142692.11273314073,1.106771968,0.14766603132733552,0.828751891558791,4.900151775788637,0.004606986899563319,1.0,,,
2120,3.513671875,0.0,3.513671875,0.0004174553571428571,0.00023191964285714287,142701.25251950364,1.112014848,0.1547931824060761,0.7186633964078525,4.899209800637971,0.0046288209606986895,1.0,,,
2130,3.86328125,0.0,3.86328125,0.00041725446428571424,0.0002318080357142857,142725.55310926744,1.117257728,0.15645883840762273,0.30486837996250604,4.898263498283856,0.0046506550218340615,1.0,,,
2140,3.22265625,0.0,3.22265625,0.0004170535714285714,0.00023169642857142858,142719.69383315268,1.122500608,0.15256767198600454,0.9646929297255482,4.89731287050727,0.004672489082969433,1.0,,,
2150,3.2490234375,0.0,3.2490234375,0.00041685267857142854,0.00023158482142857144,142734.2214939944,1.127743488,0.15423437611761748,0.6298143747693874,4.896357919097332,0.004694323144104804,1.0,,,
2160,3.5419921875,0.0,3.5419921875,0.0004166517857142857,0.0002314732142857143,142729.19376750523,1.132986368,0.0911281186837404,0.9958258203466331,4.895398645851298,0.004716157205240175,1.0,,,
2170,3.771484375,0.0,3.771484375,0.00041645089285714283,0.00023136160714285714,142743.09394503658,1.138229248,0.150749592707209,0.7219418721412764,4.894435052574558,0.004737991266375545,1.0,,,
2180,3.5283203125,0.0,3.5283203125,0.00041625,0.00023125,142758.1736052644,1.143472128,0.1492647988535494,0.5891956163382934,4.893467141080633,0.004759825327510917,1.0,,,
2190,3.689453125,0.0,3.689453125,0.00041604910714285713,0.00023113839285714285,142755.6454039765,1.148715008,0.14289063485735914,0.5919234504529014,4.89249491319117,0.0047816593886462885,1.0,,,
2200,3.5927734375,0.0,3.5927734375,0.0004158482142857143,0.00023102678571428574,142765.65277133152,1.153957888,0.14848521031430165,0.7423362776372519,4.89151837073594,0.00480349344978166,1.0,,,
2210,3.2978515625,0.0,3.2978515625,0.0004156473214285714,0.00023091517857142858,142786.38624268465,1.159200768,0.15166903035257595,0.7488757699808783,4.890537515552836,0.004825327510917031,1.0,,,
2220,2.8212890625,0.0,2.8212890625,0.0004154464285714286,0.00023080357142857145,142797.7138442394,1.164443648,0.39402938787093245,0.8586470894337256,4.8895523494878645,0.004847161572052402,1.0,,,
2230,3.353515625,0.0,3.353515625,0.0004152455357142857,0.00023069196428571428,142808.8805388189,1.169686528,0.15236663822836216,0.7951426218913565,4.888562874395148,0.004868995633187773,1.0,,,
2240,3.453125,0.0,3.453125,0.00041504464285714284,0.00023058035714285712,142808.02118097318,1.174929408,0.13614745186869778,0.31867934600386555,4.887569092136916,0.004890829694323144,1.0,,,
2250,3.4990234375,0.0,3.4990234375,0.00041484375,0.00023046875000000001,142829.2234108547,1.180172288,0.14414799503166031,0.6560815650456852,4.886571004583507,0.0049126637554585155,1.0,,,
2260,3.5693359375,0.0,3.5693359375,0.00041464285714285713,0.00023035714285714288,142835.42729074787,1.185415168,0.14298178684350565,0.6643262351605601,4.885568613613361,0.004934497816593887,1.0,,,
2270,3.4365234375,0.0,3.4365234375,0.00041444196428571425,0.00023024553571428572,142843.15134652556,1.190658048,0.1673531925608746,0.7066931512272769,4.884561921113018,0.004956331877729258,1.0,,,
2280,3.5673828125,0.0,3.5673828125,0.00041424107142857137,0.00023013392857142856,142856.97460053145,1.195900928,0.13161225130011753,0.48225816080862843,4.883550928977111,0.004978165938864629,1.0,,,
2290,3.638671875,0.0,3.638671875,0.00041404017857142855,0.00023002232142857142,142883.51094641985,1.201143808,0.14763122680710836,0.44847815797686463,4.882535639108369,0.005,1.0,,,
2300,3.4658203125,0.0,3.4658203125,0.00041383928571428567,0.0002299107142857143,142895.2578185698,1.206386688,0.13008062299277715,0.4903244364163647,4.881516053417606,0.005021834061135371,1.0,,,
2310,3.3134765625,0.0,3.3134765625,0.00041363839285714284,0.00022979910714285715,142899.2928673803,1.211629568,0.15368490645179694,0.624220690556712,4.880492173823724,0.005043668122270742,1.0,,,
2320,4.0830078125,0.0,4.0830078125,0.00041343749999999996,0.0002296875,142020.04677177823,1.216872448,0.12943806170480596,0.6854810203157874,4.8794640022537035,0.005065502183406114,1.0,,,
2330,3.4599609375,0.0,3.4599609375,0.00041323660714285713,0.00022957589285714286,142012.81035118425,1.222115328,0.13692917614757738,0.41403779379336403,4.878431540642605,0.005087336244541485,1.0,,,
2340,3.8369140625,0.0,3.8369140625,0.00041303571428571425,0.0002294642857142857,142037.4744420173,1.227358208,0.12155746563655073,0.5272688176374664,4.877394790933561,0.005109170305676857,1.0,,,
2350,3.7041015625,0.0,3.7041015625,0.00041283482142857143,0.0002293526785714286,142048.91616077395,1.232601088,0.13639379191957937,0.40246572712140105,4.876353755077776,0.005131004366812227,1.0,,,
2360,3.9482421875,0.0,3.9482421875,0.00041263392857142855,0.00022924107142857143,142062.5088551998,1.237843968,0.16871827653278101,0.40551581532556513,4.875308435034519,0.005152838427947598,1.0,,,
2370,3.529296875,0.0,3.529296875,0.0004124330357142857,0.0002291294642857143,142079.457454937,1.243086848,0.13090219640873305,0.42145407042060207,4.874258832771126,0.005174672489082969,1.0,,,
2380,3.6142578125,0.0,3.6142578125,0.00041223214285714284,0.00022901785714285713,142091.8139344506,1.248329728,0.15201563186895825,0.6420413389364317,4.873204950262988,0.0051965065502183405,1.0,,,
2390,3.404296875,0.0,3.404296875,0.00041203125,0.00022890625,142111.5161205995,1.253572608,0.1387968970215979,0.6669256852070821,4.872146789493554,0.005218340611353713,1.0,,,
2400,3.4169921875,0.0,3.4169921875,0.00041183035714285714,0.00022879464285714286,142133.69805490033,1.258815488,0.1556296989004861,0.6265679171039094,4.871084352454323,0.005240174672489083,1.0,,,
2410,3.3251953125,0.0,3.3251953125,0.0004116294642857143,0.00022868303571428573,142148.5633949798,1.264058368,0.13846795359276864,0.6017800984597227,4.8700176411448455,0.005262008733624454,1.0,,,
2420,3.892578125,0.0,3.892578125,0.00041142857142857143,0.00022857142857142857,142164.03029079016,1.269301248,0.16014698055926932,0.5200193448429719,4.868946657572713,0.005283842794759825,1.0,,,
2430,3.841796875,0.0,3.841796875,0.00041122767857142855,0.00022845982142857143,140453.08169670778,1.274544128,0.13349748978760936,0.5004008513498471,4.8678714037535595,0.005305676855895196,1.0,,,
2440,3.5078125,0.0,3.5078125,0.00041102678571428567,0.00022834821428571427,140470.37033552863,1.279787008,0.13407116302448313,0.6246283532847067,4.8667918817110545,0.005327510917030568,1.0,,,
2450,3.443359375,0.0,3.443359375,0.00041082589285714285,0.00022823660714285716,138919.53961802274,1.285029888,0.12918121839543412,0.5280781285012153,4.865708093476901,0.005349344978165939,1.0,,,
2460,3.51171875,0.0,3.51171875,0.00041062499999999997,0.000228125,138933.72767321716,1.290272768,0.17843819249683324,0.8398009923222408,4.864620041090832,0.005371179039301311,1.0,,,
2470,3.232421875,0.0,3.232421875,0.00041042410714285714,0.00022801339285714287,138962.91032952708,1.295515648,0.16625829773379536,0.9058241297776773,4.863527726600602,0.005393013100436681,1.0,,,
2480,3.251953125,0.0,3.251953125,0.00041022321428571426,0.0002279017857142857,138216.64262896203,1.300758528,0.1730621954116292,0.7968661122829146,4.862431152061994,0.005414847161572052,1.0,,,
2490,3.736328125,0.0,3.736328125,0.00041002232142857143,0.0002277901785714286,138234.84312707832,1.306001408,0.12765729939361153,0.541616484252794,4.861330319538803,0.005436681222707424,1.0,,,
2500,3.453125,0.0,3.453125,0.00040982142857142855,0.00022767857142857144,137475.74920188714,1.311244288,0.15516619641984689,0.5124066583540718,4.860225231102838,0.0054585152838427945,1.0,,,
2500,,,,,,,,,,,,,0.0,0.0,0.0
2510,3.5009765625,0.0,3.5009765625,0.00040962053571428573,0.0002275669642857143,137498.799430875,1.316487168,0.12444793117487146,0.7328359177953023,4.859115888833919,0.0054803493449781665,1.0,,,
2520,3.6103515625,0.0,3.6103515625,0.00040941964285714285,0.00022745535714285714,137530.21206769164,1.321730048,0.15984598578948872,0.4557559679707138,4.858002294819874,0.005502183406113537,1.0,,,
2530,3.5546875,0.0,3.5546875,0.00040921875,0.00022734375,137554.69014589288,1.326972928,0.12941593527540216,0.3826173788041465,4.85688445115653,0.005524017467248909,1.0,,,
2540,3.4228515625,0.0,3.4228515625,0.00040901785714285714,0.00022723214285714287,137592.9221042623,1.332215808,0.13221906566983027,0.5185355478796914,4.855762359947711,0.00554585152838428,1.0,,,
2550,3.4072265625,0.0,3.4072265625,0.0004088169642857143,0.00022712053571428574,137616.1861807642,1.337458688,0.13471150023360381,0.45657805695093895,4.854636023305239,0.00556768558951965,1.0,,,
2560,3.3017578125,0.0,3.3017578125,0.00040861607142857144,0.00022700892857142858,137646.05703075763,1.342701568,0.1191560360063591,0.6167082453552216,4.853505443348922,0.005589519650655022,1.0,,,
2570,3.6416015625,0.0,3.6416015625,0.00040841517857142856,0.00022689732142857144,137672.13591995486,1.347944448,0.1333810105167096,0.762902352214552,4.852370622206559,0.005611353711790393,1.0,,,
2580,3.5517578125,0.0,3.5517578125,0.0004082142857142857,0.00022678571428571428,137701.40145270058,1.353187328,0.13484245862695796,0.5226139188922041,4.851231562013925,0.005633187772925765,1.0,,,
2590,3.900390625,0.0,3.900390625,0.0004080133928571428,0.00022667410714285715,136369.38542145086,1.358430208,0.14429701667448533,0.5021756520436831,4.850088264914778,0.005655021834061136,1.0,,,
2600,4.0205078125,0.0,4.0205078125,0.00040781249999999997,0.0002265625,136399.6439985893,1.363673088,0.14780521336826935,0.7181103416301682,4.848940733060847,0.005676855895196507,1.0,,,
2610,3.9951171875,0.0,3.9951171875,0.00040761160714285715,0.00022645089285714288,136427.89421180257,1.368915968,0.12352451184190827,0.9915526557630084,4.847788968611834,0.005698689956331878,1.0,,,
2620,4.005859375,0.0,4.005859375,0.00040741071428571427,0.00022633928571428572,136452.0682969642,1.374158848,0.1549908092532826,0.3542546805467799,4.846632973735403,0.005720524017467248,1.0,,,
2630,3.376953125,0.0,3.376953125,0.0004072098214285714,0.00022622767857142855,136482.73941571428,1.379401728,0.12978620527251208,0.33152159039291906,4.845472750607183,0.00574235807860262,1.0,,,
2640,3.5205078125,0.0,3.5205078125,0.00040700892857142856,0.00022611607142857145,136511.6720721422,1.384644608,0.11961833407135539,0.3540044758772738,4.84430830141076,0.005764192139737992,1.0,,,
2650,3.34375,0.0,3.34375,0.0004068080357142857,0.00022600446428571429,136544.18379434763,1.389887488,0.14092291587952874,0.46000715283532795,4.8431396283376715,0.005786026200873363,1.0,,,
2660,3.3642578125,0.0,3.3642578125,0.00040660714285714285,0.00022589285714285715,136563.17625716698,1.395130368,0.11933176499202201,0.43036656172692694,4.841966733587409,0.005807860262008734,1.0,,,
2670,3.4697265625,0.0,3.4697265625,0.00040640625,0.00022578125,136599.31685038246,1.400373248,0.12763991820825057,0.9615800417402031,4.8407896193674045,0.005829694323144105,1.0,,,
2680,3.6748046875,0.0,3.6748046875,0.00040620535714285715,0.00022566964285714285,136629.15419505382,1.405616128,0.12971962195259398,0.6485713039852125,4.839608287893034,0.005851528384279476,1.0,,,
2690,3.533203125,0.0,3.533203125,0.00040600446428571427,0.00022555803571428572,136659.87028206955,1.410859008,0.1262289874700246,0.39897583153168475,4.83842274138761,0.005873362445414847,1.0,,,
2700,3.560546875,0.0,3.560546875,0.00040580357142857144,0.00022544642857142859,136702.99641973348,1.416101888,0.1306306972894465,0.36548480406245987,4.837232982082377,0.0058951965065502186,1.0,,,
2710,3.16015625,0.0,3.16015625,0.00040560267857142856,0.00022533482142857142,136717.58345072815,1.421344768,0.13056645741547301,0.41168772658943176,4.836039012216511,0.00591703056768559,1.0,,,
2720,3.1484375,0.0,3.1484375,0.00040540178571428574,0.0002252232142857143,136748.30698309845,1.426587648,0.11513512394912949,0.2912321882935611,4.834840834037108,0.005938864628820961,1.0,,,
2730,3.322265625,0.0,3.322265625,0.0004052008928571428,0.00022511160714285713,136771.80811477583,1.431830528,0.12349756952733,0.7051545154356478,4.833638449799187,0.005960698689956332,1.0,,,
2740,3.3095703125,0.0,3.3095703125,0.000405,0.00022500000000000002,136794.5695640075,1.437073408,0.1237019175590472,0.3198118152262297,4.832431861765683,0.005982532751091703,1.0,,,
2750,3.2119140625,0.0,3.2119140625,0.0004047991071428571,0.00022488839285714286,136833.84333465403,1.442316288,0.13802446945504748,0.3321261820104477,4.831221072207443,0.006004366812227074,1.0,,,
2760,3.6953125,0.0,3.6953125,0.00040459821428571427,0.00022477678571428572,136853.47002718254,1.447559168,0.1527336425405497,0.3610835291446999,4.8300060834032195,0.0060262008733624455,1.0,,,
2770,4.4111328125,0.0,4.4111328125,0.0004043973214285714,0.00022466517857142856,136875.6670290676,1.452802048,0.1322380638158474,0.6144507227878081,4.828786897639669,0.006048034934497817,1.0,,,
2780,3.443359375,0.0,3.443359375,0.00040419642857142857,0.00022455357142857143,136902.56786349922,1.458044928,0.12084717270954626,0.42987996792841127,4.827563517211348,0.006069868995633188,1.0,,,
2790,3.4775390625,0.0,3.4775390625,0.0004039955357142857,0.0002244419642857143,136922.01646414184,1.463287808,0.12321899785676117,0.30431207146972106,4.826335944420707,0.006091703056768559,1.0,,,
2800,3.638671875,0.0,3.638671875,0.00040379464285714286,0.00022433035714285716,136957.47511953628,1.468530688,0.12344250260408561,0.5012342087824897,4.8251041815780855,0.00611353711790393,1.0,,,
2810,3.25,0.0,3.25,0.00040359375,0.00022421875,136980.57267044677,1.473773568,0.1269104129980258,0.40937755312051666,4.82386823100171,0.006135371179039301,1.0,,,
2820,3.361328125,0.0,3.361328125,0.00040339285714285716,0.00022410714285714286,137008.352535558,1.479016448,0.152461631140656,0.5105522895563996,4.822628095017689,0.0061572052401746725,1.0,,,
2830,3.5146484375,0.0,3.5146484375,0.0004031919642857143,0.0002239955357142857,137034.36227947628,1.484259328,0.1198013182777731,0.6126138348862037,4.821383775960006,0.006179039301310044,1.0,,,
2840,3.09375,0.0,3.09375,0.00040299107142857145,0.0002238839285714286,137068.22791626927,1.489502208,0.1270965780298124,0.42932272741356975,4.820135276170519,0.006200873362445416,1.0,,,
2850,3.5029296875,0.0,3.5029296875,0.00040279017857142857,0.00022377232142857143,135657.3671575457,1.494745088,0.12104861994664812,0.5441455190744656,4.818882597998953,0.006222707423580786,1.0,,,
2860,3.50390625,0.0,3.50390625,0.00040258928571428574,0.0002236607142857143,135687.16979744376,1.499987968,0.12726494232706456,0.656552458293433,4.8176257438029,0.006244541484716157,1.0,,,
2870,3.46484375,0.0,3.46484375,0.00040238839285714286,0.00022354910714285714,135716.5960238132,1.505230848,0.12303196545167157,0.46477462242051154,4.816364715947806,0.006266375545851528,1.0,,,
2880,3.4794921875,0.0,3.4794921875,0.0004021875,0.0002234375,135746.4085618742,1.510473728,0.1246351649312217,0.9359232947016286,4.815099516806979,0.0062882096069868994,1.0,,,
2890,3.568359375,0.0,3.568359375,0.0004019866071428571,0.00022332589285714287,135770.33241469573,1.515716608,0.1271167991143645,0.33774208782669823,4.813830148761569,0.0063100436681222715,1.0,,,
2900,3.7802734375,0.0,3.7802734375,0.0004017857142857143,0.00022321428571428573,135799.8400953597,1.520959488,0.12484601949320925,0.37563731767568925,4.81255661420058,0.006331877729257642,1.0,,,
2910,3.3974609375,0.0,3.3974609375,0.0004015848214285714,0.00022310267857142857,135832.5221838059,1.526202368,0.11698092202009114,0.9931860577039862,4.8112789155208535,0.006353711790393014,1.0,,,
2920,3.642578125,0.0,3.642578125,0.0004013839285714286,0.00022299107142857144,135859.63260316313,1.531445248,0.12953786569101108,0.5427423819519616,4.809997055127069,0.006375545851528384,1.0,,,
2930,3.75,0.0,3.75,0.0004011830357142857,0.00022287946428571428,135880.92581180856,1.536688128,0.12099880246289468,0.3458467333847354,4.808711035431737,0.006397379912663755,1.0,,,
2940,3.5791015625,0.0,3.5791015625,0.0004009821428571428,0.00022276785714285714,135910.67139813528,1.541931008,0.13731883240425033,0.4212505961479738,4.807420858855199,0.006419213973799127,1.0,,,
2950,3.7060546875,0.0,3.7060546875,0.00040078125,0.00022265625,135938.65909904486,1.547173888,0.13650401578103843,0.4210760447224446,4.806126527825616,0.006441048034934498,1.0,,,
2960,3.7001953125,0.0,3.7001953125,0.00040058035714285716,0.00022254464285714287,135975.14803425962,1.552416768,0.13210555513343356,0.5971601225121649,4.804828044778972,0.00646288209606987,1.0,,,
2970,3.767578125,0.0,3.767578125,0.0004003794642857143,0.0002224330357142857,135997.25684014856,1.557659648,0.1284829758015783,0.649199006340958,4.803525412159063,0.00648471615720524,1.0,,,
2980,3.4169921875,0.0,3.4169921875,0.0004001785714285714,0.00022232142857142855,136025.5221080721,1.562902528,0.12395217949086565,0.8503963279785555,4.802218632417494,0.006506550218340612,1.0,,,
2990,3.4404296875,0.0,3.4404296875,0.0003999776785714286,0.00022220982142857144,136050.647696483,1.568145408,0.12335542395692295,0.5483931768065194,4.800907708013677,0.006528384279475983,1.0,,,
3000,3.703125,0.0,3.703125,0.0003997767857142857,0.00022209821428571428,136079.06676823983,1.573388288,0.12382844687788411,0.42954635529555524,4.799592641414821,0.006550218340611353,1.0,,,
3000,,,,,,,,,,,,,0.0,0.0,0.0
3010,3.6796875,0.0,3.6796875,0.00039957589285714287,0.00022198660714285715,136112.9526373437,1.578631168,0.12706024148955292,0.8443331485534429,4.798273435095936,0.006572052401746725,1.0,,,
3020,3.2470703125,0.0,3.2470703125,0.000399375,0.00022187499999999999,136143.31042266235,1.583874048,0.12167949933621888,0.6169878889229009,4.79695009153982,0.006593886462882096,1.0,,,
3030,3.623046875,0.0,3.623046875,0.00039917410714285716,0.00022176339285714288,136177.2072535323,1.589116928,0.14984791199722097,0.7003231378648194,4.7956226132370565,0.006615720524017468,1.0,,,
3040,3.513671875,0.0,3.513671875,0.00039897321428571423,0.00022165178571428572,136205.55030340684,1.594359808,0.13152372297038134,0.3606840192765519,4.794291002686012,0.006637554585152839,1.0,,,
3050,3.4716796875,0.0,3.4716796875,0.0003987723214285714,0.00022154017857142858,136229.9780176768,1.599602688,0.12028964519070812,0.4045326235536376,4.792955262392831,0.006659388646288209,1.0,,,
3060,3.259765625,0.0,3.259765625,0.0003985714285714285,0.00022142857142857142,136270.26656938792,1.604845568,0.12061657520011702,0.7244179658202081,4.791615394871428,0.006681222707423581,1.0,,,
3070,3.3994140625,0.0,3.3994140625,0.0003983705357142857,0.00022131696428571429,136295.83091809964,1.610088448,0.11882755271187391,0.5880028492378645,4.790271402643488,0.0067030567685589515,1.0,,,
3080,3.119140625,0.0,3.119140625,0.0003981696428571428,0.00022120535714285715,136324.50930569513,1.615331328,0.13834401203099078,0.8507851651457546,4.788923288238457,0.0067248908296943235,1.0,,,
3090,3.38671875,0.0,3.38671875,0.00039796875,0.00022109375000000002,136354.59690650675,1.620574208,0.12719580304330913,0.5040852813206187,4.787571054193538,0.006746724890829695,1.0,,,
3100,3.6767578125,0.0,3.6767578125,0.0003977678571428571,0.00022098214285714286,136380.7862051185,1.625817088,0.12265248156568546,0.334608281603357,4.786214703053691,0.006768558951965066,1.0,,,
3110,3.529296875,0.0,3.529296875,0.0003975669642857143,0.00022087053571428572,136408.19267836743,1.631059968,0.14269162588368722,0.48000359298219514,4.78485423737162,0.006790393013100437,1.0,,,
3120,3.45703125,0.0,3.45703125,0.0003973660714285714,0.00022075892857142856,136431.79310182625,1.636302848,0.12587769290944345,0.6872081339126003,4.783489659707778,0.006812227074235807,1.0,,,
3130,3.5419921875,0.0,3.5419921875,0.0003971651785714286,0.00022064732142857145,136455.27634777903,1.641545728,0.11053263109660053,0.3854308050140882,4.7821209726303495,0.006834061135371179,1.0,,,
3140,3.314453125,0.0,3.314453125,0.0003969642857142857,0.0002205357142857143,136487.5796818036,1.646788608,0.12857071854077287,0.4228546321011437,4.780748178715262,0.0068558951965065505,1.0,,,
3150,3.2275390625,0.0,3.2275390625,0.0003967633928571429,0.00022042410714285716,136509.66008629333,1.652031488,0.12801218776615542,0.7417964608330677,4.779371280546165,0.006877729257641922,1.0,,,
3160,4.04296875,0.0,4.04296875,0.0003965625,0.0002203125,136540.58084087283,1.657274368,0.1444892247142189,0.5367852134545802,4.7779902807144365,0.006899563318777293,1.0,,,
3170,3.2421875,0.0,3.2421875,0.00039636160714285717,0.00022020089285714286,136561.65461849424,1.662517248,0.12560468059413227,0.3305325842369206,4.776605181819172,0.006921397379912664,1.0,,,
3180,3.2412109375,0.0,3.2412109375,0.0003961607142857143,0.00022008928571428573,136590.50292199594,1.667760128,0.13650510316806466,0.37398423342681186,4.775215986467182,0.006943231441048035,1.0,,,
3190,3.1748046875,0.0,3.1748046875,0.0003959598214285714,0.0002199776785714286,136622.55247953915,1.673003008,0.12939018446697398,0.26641033656367163,4.773822697272988,0.006965065502183406,1.0,,,
3200,3.4228515625,0.0,3.4228515625,0.00039575892857142853,0.00021986607142857143,136635.8407928483,1.678245888,0.13663940708584224,0.6004315495801167,4.772425316858813,0.0069868995633187774,1.0,,,
3210,3.6240234375,0.0,3.6240234375,0.0003955580357142857,0.0002197544642857143,136669.37270076308,1.683488768,0.12434542943944918,0.8450190666739767,4.771023847854584,0.007008733624454149,1.0,,,
3220,2.8291015625,0.0,2.8291015625,0.0003953571428571428,0.00021964285714285713,136687.73448280344,1.688731648,0.13318482084793623,0.511151768541051,4.7696182928979205,0.007030567685589521,1.0,,,
3230,3.18359375,0.0,3.18359375,0.00039515625,0.00021953125000000003,136708.0467981229,1.693974528,0.12639172077986463,0.4949025778258054,4.768208654634131,0.00705240174672489,1.0,,,
3240,3.34375,0.0,3.34375,0.0003949553571428571,0.00021941964285714287,136727.66627843774,1.699217408,0.13109842806659466,0.3283075694424121,4.766794935716213,0.007074235807860262,1.0,,,
3250,3.19921875,0.0,3.19921875,0.0003947544642857143,0.00021930803571428573,136753.3747318046,1.704460288,0.13526807002704436,0.5827770739553811,4.765377138804839,0.007096069868995633,1.0,,,
3260,3.3857421875,0.0,3.3857421875,0.0003945535714285714,0.00021919642857142857,136774.31963694774,1.709703168,0.13657200294746277,0.4775047115567282,4.763955266568359,0.007117903930131004,1.0,,,
3270,3.4716796875,0.0,3.4716796875,0.0003943526785714286,0.00021908482142857143,136803.24364596506,1.714946048,0.12769901645544712,0.5705489219084184,4.762529321682792,0.0071397379912663764,1.0,,,
3280,3.3759765625,0.0,3.3759765625,0.0003941517857142857,0.0002189732142857143,136815.58184000998,1.720188928,0.1345691947567427,0.764964610761305,4.761099306831825,0.007161572052401746,1.0,,,
3290,2.9453125,0.0,2.9453125,0.00039395089285714283,0.00021886160714285714,136835.49206325403,1.725431808,0.12666925344109814,0.36110757304489,4.759665224706799,0.007183406113537118,1.0,,,
3300,3.4169921875,0.0,3.4169921875,0.00039375,0.00021875,136852.22080170983,1.730674688,0.12156528403773419,0.5876282436691106,4.758227078006715,0.007205240174672489,1.0,,,
3310,3.4833984375,0.0,3.4833984375,0.0003935491071428572,0.00021863839285714287,136867.3477402517,1.735917568,0.12417348180062827,0.5719475494102461,4.7567848694382215,0.00722707423580786,1.0,,,
3320,3.4482421875,0.0,3.4482421875,0.0003933482142857143,0.0002185267857142857,136898.94918522597,1.741160448,0.1403370995220866,0.34837664956517184,4.755338601715611,0.007248908296943232,1.0,,,
3330,3.458984375,0.0,3.458984375,0.0003931473214285714,0.00021841517857142857,136920.55043362873,1.746403328,0.11955074720869287,0.5108151734858564,4.753888277560819,0.007270742358078602,1.0,,,
3340,3.20703125,0.0,3.20703125,0.00039294642857142854,0.00021830357142857144,136934.4690667015,1.751646208,0.13325159895306526,0.36786808460722087,4.752433899703409,0.007292576419213974,1.0,,,
3350,3.3017578125,0.0,3.3017578125,0.0003927455357142857,0.0002181919642857143,136968.59197951318,1.756889088,0.12246501920600615,0.6542284665873179,4.750975470880579,0.007314410480349345,1.0,,,
3360,3.2861328125,0.0,3.2861328125,0.00039254464285714283,0.00021808035714285714,136976.64595444742,1.762131968,0.11976215120948364,0.3217306409864375,4.749512993837151,0.007336244541484717,1.0,,,
3370,3.271484375,0.0,3.271484375,0.00039234374999999995,0.00021796874999999998,137004.7847781496,1.767374848,0.11973709297257135,0.9258636649484028,4.748046471325563,0.007358078602620088,1.0,,,
3380,3.2685546875,0.0,3.2685546875,0.0003921428571428571,0.00021785714285714287,137015.66001574654,1.772617728,0.12950660209003972,0.4228336126015447,4.7465759061058685,0.0073799126637554575,1.0,,,
3390,3.30859375,0.0,3.30859375,0.00039194196428571425,0.0002177455357142857,137038.3684780492,1.777860608,0.1519939405738016,0.7241442396688671,4.745101300945729,0.0074017467248908295,1.0,,,
3400,3.4404296875,0.0,3.4404296875,0.0003917410714285714,0.00021763392857142858,137064.784531721,1.783103488,0.12890864669403262,0.36243965959807684,4.743622658620408,0.007423580786026201,1.0,,,
3410,3.5029296875,0.0,3.5029296875,0.00039154017857142854,0.00021752232142857142,137086.98134374735,1.788346368,0.13378322343635177,0.45574655539586767,4.742139981912771,0.007445414847161573,1.0,,,
3420,3.5126953125,0.0,3.5126953125,0.0003913392857142857,0.00021741071428571428,137116.0264244137,1.793589248,0.1329754783752287,0.42013707206329376,4.740653273613274,0.007467248908296944,1.0,,,
3430,3.2705078125,0.0,3.2705078125,0.00039113839285714283,0.00021729910714285715,137132.41358603205,1.798832128,0.13794859264724035,0.3188735987708577,4.7391625365199594,0.007489082969432315,1.0,,,
3440,3.390625,0.0,3.390625,0.0003909375,0.00021718750000000001,137154.57573079006,1.804075008,0.1290149872819127,0.742762631028439,4.737667773438454,0.007510917030567685,1.0,,,
3450,3.3232421875,0.0,3.3232421875,0.00039073660714285713,0.00021707589285714285,137178.39299990717,1.809317888,0.12872687789627854,0.5257619291843895,4.7361689871819594,0.0075327510917030565,1.0,,,
3460,3.3232421875,0.0,3.3232421875,0.0003905357142857143,0.00021696428571428572,137194.29277835897,1.814560768,0.12389783235408677,0.8283508877995609,4.734666180571252,0.0075545851528384285,1.0,,,
3470,3.4794921875,0.0,3.4794921875,0.0003903348214285714,0.00021685267857142856,137216.03812152776,1.819803648,0.14419085365653964,0.5912790085608037,4.733159356434672,0.0075764192139738,1.0,,,
3480,3.486328125,0.0,3.486328125,0.0003901339285714286,0.00021674107142857145,137239.12275071346,1.825046528,0.1312675904995138,0.5535511167327293,4.731648517608122,0.007598253275109171,1.0,,,
3490,3.130859375,0.0,3.130859375,0.0003899330357142857,0.0002166294642857143,137263.24290436032,1.830289408,0.14293437334011305,0.6495893401276371,4.730133666935061,0.007620087336244541,1.0,,,
3500,3.4775390625,0.0,3.4775390625,0.00038973214285714284,0.00021651785714285715,137283.66904798147,1.835532288,0.12202053916859222,0.3798525975971941,4.728614807266497,0.007641921397379912,1.0,,,
3500,,,,,,,,,,,,,0.0,0.0,0.0
3510,3.4970703125,0.0,3.4970703125,0.00038953124999999996,0.00021640625,137301.90027987782,1.840775168,0.13435005225716015,0.7637655205990599,4.7270919414609835,0.007663755458515284,1.0,,,
3520,3.587890625,0.0,3.587890625,0.00038933035714285713,0.00021629464285714286,137321.55344998447,1.846018048,0.13705955428937192,0.72090329307849,4.725565072384615,0.0076855895196506555,1.0,,,
3530,3.3642578125,0.0,3.3642578125,0.00038912946428571425,0.00021618303571428572,137347.7731874633,1.851260928,0.15163366065733247,0.5263261103496792,4.724034202911018,0.0077074235807860275,1.0,,,
3540,3.193359375,0.0,3.193359375,0.0003889285714285714,0.0002160714285714286,137364.10656920655,1.856503808,0.11890920570423745,0.31368254593546147,4.722499335921349,0.007729257641921397,1.0,,,
3550,3.3095703125,0.0,3.3095703125,0.00038872767857142855,0.00021595982142857143,137389.2939405006,1.861746688,0.12210719695744995,0.5463428564191721,4.720960474304291,0.007751091703056769,1.0,,,
3560,3.2578125,0.0,3.2578125,0.0003885267857142857,0.0002158482142857143,137417.74691764658,1.866989568,0.12202465021878466,0.47831860881194976,4.719417620956039,0.00777292576419214,1.0,,,
3570,3.7255859375,0.0,3.7255859375,0.00038832589285714284,0.00021573660714285713,137431.89993656438,1.872232448,0.14320889863547318,0.44105569433680125,4.717870778780304,0.007794759825327511,1.0,,,
3580,3.365234375,0.0,3.365234375,0.000388125,0.00021562500000000002,137454.09406829023,1.877475328,0.13258379674292903,0.486753984466957,4.716319950688305,0.007816593886462882,1.0,,,
3590,3.6953125,0.0,3.6953125,0.00038792410714285714,0.00021551339285714286,137474.53259692964,1.882718208,0.12267310372911805,0.5728357699767004,4.714765139598763,0.007838427947598254,1.0,,,
3600,3.34765625,0.0,3.34765625,0.00038772321428571426,0.0002154017857142857,137501.21404845006,1.887961088,0.12700508270915783,0.4142453362964853,4.7132063484378905,0.007860262008733625,1.0,,,
3610,3.384765625,0.0,3.384765625,0.00038752232142857143,0.00021529017857142857,137508.57423021083,1.893203968,0.12089093881010021,0.367808171028933,4.7116435801393965,0.007882096069868996,1.0,,,
3620,3.458984375,0.0,3.458984375,0.0003873214285714286,0.00021517857142857146,137517.74867818042,1.898446848,0.12794967790492293,0.43707119603537686,4.710076837644471,0.007903930131004367,1.0,,,
3630,3.2353515625,0.0,3.2353515625,0.0003871205357142857,0.0002150669642857143,137544.17741225436,1.903689728,0.12226053432336127,0.6368411475826156,4.708506123901786,0.007925764192139738,1.0,,,
3640,3.4287109375,0.0,3.4287109375,0.00038691964285714284,0.00021495535714285714,137564.57652186914,1.908932608,0.12518122039772694,0.4204804818219686,4.706931441867486,0.00794759825327511,1.0,,,
3650,3.9892578125,0.0,3.9892578125,0.00038671874999999996,0.00021484375,137587.11896681052,1.914175488,0.15948316856882896,0.4601436831651332,4.705352794505186,0.00796943231441048,1.0,,,
3660,3.5322265625,0.0,3.5322265625,0.00038651785714285714,0.00021473214285714287,137596.15054137103,1.919418368,0.14652786204494594,0.3664262984264509,4.703770184785961,0.007991266375545852,1.0,,,
3670,3.3544921875,0.0,3.3544921875,0.00038631696428571426,0.00021462053571428573,137608.74955141396,1.924661248,0.11603636276176718,0.4499037678381024,4.7021836156883445,0.008013100436681223,1.0,,,
3680,3.27734375,0.0,3.27734375,0.0003861160714285714,0.00021450892857142857,137626.96982887524,1.929904128,0.15156127305018122,0.44659443025330936,4.700593090198324,0.008034934497816594,1.0,,,
3690,3.5966796875,0.0,3.5966796875,0.00038591517857142855,0.00021439732142857144,137642.74669439477,1.935147008,0.1271210536432022,0.3049356692143404,4.69899861130933,0.008056768558951965,1.0,,,
3700,2.6162109375,0.0,2.6162109375,0.0003857142857142857,0.0002142857142857143,137638.35568237794,1.940389888,0.13275174516683885,0.6108777980249716,4.697400182022234,0.008078602620087336,1.0,,,
3710,2.662109375,0.0,2.662109375,0.00038551339285714285,0.00021417410714285714,137657.80582127318,1.945632768,0.12562777183571877,0.47461246554579306,4.695797805345344,0.008100436681222708,1.0,,,
3720,3.77734375,0.0,3.77734375,0.00038531249999999997,0.0002140625,137678.77260540603,1.950875648,0.13666878126980073,0.3492963048089638,4.694191484294397,0.008122270742358079,1.0,,,
3730,3.7060546875,0.0,3.7060546875,0.00038511160714285714,0.00021395089285714287,137698.3596994997,1.956118528,0.12999260941379934,0.5159253793673295,4.6925812218925484,0.008144104803493452,1.0,,,
3740,3.5419921875,0.0,3.5419921875,0.00038491071428571426,0.0002138392857142857,137716.35075744725,1.961361408,0.17526992331831823,0.8332758735783392,4.690967021170381,0.008165938864628821,1.0,,,
3750,3.5263671875,0.0,3.5263671875,0.00038470982142857144,0.00021372767857142858,137740.2955034809,1.966604288,0.11902680858336884,0.46779179667113036,4.68934888516588,0.008187772925764192,1.0,,,
3760,3.791015625,0.0,3.791015625,0.00038450892857142856,0.00021361607142857141,137749.5775263343,1.971847168,0.12193290586706139,0.42005672810189554,4.687726816924442,0.008209606986899563,1.0,,,
3770,3.5185546875,0.0,3.5185546875,0.00038430803571428573,0.0002135044642857143,137772.82512995385,1.977090048,0.13529001923205583,0.7974256315138745,4.686100819498866,0.008231441048034934,1.0,,,
3780,3.49609375,0.0,3.49609375,0.00038410714285714285,0.00021339285714285714,137779.87734788092,1.982332928,0.13571137618069978,0.6654496841148664,4.68447089594934,0.008253275109170307,1.0,,,
3790,3.4951171875,0.0,3.4951171875,0.00038390625,0.00021328125,137800.9368976872,1.987575808,0.13105985365463435,0.3473521665038241,4.682837049343445,0.008275109170305677,1.0,,,
3800,3.2177734375,0.0,3.2177734375,0.00038370535714285714,0.00021316964285714285,137815.84793417473,1.992818688,0.12960981167644026,0.5344527569992952,4.681199282756145,0.008296943231441048,1.0,,,
3810,3.2900390625,0.0,3.2900390625,0.00038350446428571426,0.00021305803571428571,137827.01518212873,1.998061568,0.12944686010215525,0.2506620743673904,4.679557599269782,0.008318777292576419,1.0,,,
3820,2.9970703125,0.0,2.9970703125,0.0003833035714285714,0.00021294642857142858,137839.37714443397,2.003304448,0.14825793095668943,0.507073258938019,4.677912001974069,0.00834061135371179,1.0,,,
3830,3.1689453125,0.0,3.1689453125,0.00038310267857142856,0.00021283482142857145,136647.00182199865,2.008547328,0.145535670444955,0.45712648303308107,4.6762624939660835,0.008362445414847163,1.0,,,
3840,3.115234375,0.0,3.115234375,0.0003829017857142857,0.00021272321428571428,136663.57477477618,2.013790208,0.1428168577431632,0.4129855893652447,4.674609078350267,0.008384279475982533,1.0,,,
3850,3.921875,0.0,3.921875,0.00038270089285714285,0.00021261160714285715,136685.1392966871,2.019033088,0.12925930719341214,0.5673507273180229,4.67295175823841,0.008406113537117904,1.0,,,
3860,3.287109375,0.0,3.287109375,0.0003825,0.0002125,136699.8538958267,2.024275968,0.12030511368509521,0.3391315488076633,4.671290536749655,0.008427947598253275,1.0,,,
3870,3.376953125,0.0,3.376953125,0.00038229910714285715,0.00021238839285714288,136722.85475433248,2.029518848,0.1318612959372455,0.6996709416897702,4.669625417010489,0.008449781659388646,1.0,,,
3880,3.193359375,0.0,3.193359375,0.00038209821428571427,0.00021227678571428572,136094.35372346896,2.034761728,0.12618738161178997,0.4711128814025061,4.667956402154729,0.008471615720524019,1.0,,,
3890,3.5146484375,0.0,3.5146484375,0.00038189732142857144,0.00021216517857142858,136106.50563485955,2.040004608,0.12025463474156338,0.6581056895843024,4.66628349532353,0.008493449781659388,1.0,,,
3900,3.875,0.0,3.875,0.00038169642857142856,0.00021205357142857142,136133.6658546489,2.045247488,0.1248824415370395,0.8096104124863845,4.664606699665367,0.00851528384279476,1.0,,,
3910,2.65771484375,0.0,2.65771484375,0.00038149553571428574,0.0002119419642857143,136154.1499902079,2.050490368,0.12296592734452828,0.4505546407993979,4.662926018336035,0.00853711790393013,1.0,,,
3920,3.072265625,0.0,3.072265625,0.00038129464285714286,0.00021183035714285715,136174.26351252475,2.055733248,0.1296387554528431,0.47371439396772463,4.661241454498643,0.008558951965065504,1.0,,,
3930,3.5224609375,0.0,3.5224609375,0.00038109375000000003,0.00021171875000000002,136199.27900536594,2.060976128,0.12391502509966669,0.6058057854477472,4.659553011323608,0.008580786026200875,1.0,,,
3940,3.1923828125,0.0,3.1923828125,0.00038089285714285715,0.00021160714285714286,136210.94116993473,2.066219008,0.11711762900904013,0.3351893461981356,4.657860691988644,0.008602620087336244,1.0,,,
3950,3.40234375,0.0,3.40234375,0.00038069196428571427,0.0002114955357142857,136228.6616124463,2.071461888,0.11857827015567024,0.41910259451025694,4.656164499678765,0.008624454148471615,1.0,,,
3960,3.10546875,0.0,3.10546875,0.0003804910714285714,0.00021138392857142856,136247.04563697445,2.076704768,0.12026085332310243,0.6314459101512115,4.654464437586269,0.008646288209606987,1.0,,,
3970,3.2626953125,0.0,3.2626953125,0.00038029017857142857,0.00021127232142857146,136263.05467261391,2.081947648,0.11952534437300912,0.45392685549082556,4.6527605089107436,0.00866812227074236,1.0,,,
3980,3.208984375,0.0,3.208984375,0.0003800892857142857,0.0002111607142857143,136292.11101427834,2.087190528,0.1328551173553368,0.2271693766755038,4.651052716859047,0.00868995633187773,1.0,,,
3990,3.298828125,0.0,3.298828125,0.0003798883928571428,0.00021104910714285713,136297.93545898606,2.092433408,0.11296253218922574,0.3041314079788943,4.649341064645312,0.0087117903930131,1.0,,,
4000,3.3017578125,0.0,3.3017578125,0.0003796875,0.0002109375,136328.1934115959,2.097676288,0.14211453288034814,0.6425714770786134,4.647625555490935,0.008733624454148471,1.0,,,
4000,,,,,,,,,,,,,0.0,0.0,0.0
4010,3.2421875,0.0,3.2421875,0.00037948660714285715,0.00021082589285714286,136288.78136821595,2.102919168,0.1267135763625753,0.48575834416301183,4.645906192624572,0.008755458515283842,1.0,,,
4020,3.30078125,0.0,3.30078125,0.0003792857142857143,0.00021071428571428573,136310.00775588615,2.108162048,0.12672104884593816,0.3694318304306861,4.6441829792821325,0.008777292576419215,1.0,,,
4030,3.3212890625,0.0,3.3212890625,0.0003790848214285714,0.00021060267857142857,136338.88026373356,2.113404928,0.13821764316089813,0.3732909938720601,4.64245591870677,0.008799126637554586,1.0,,,
4040,3.2109375,0.0,3.2109375,0.00037888392857142857,0.00021049107142857143,136321.15414731595,2.118647808,0.11968635518405582,0.5148893603577848,4.640725014148884,0.008820960698689956,1.0,,,
4050,3.125,0.0,3.125,0.00037868303571428574,0.0002103794642857143,136348.1163420817,2.123890688,0.11382493624577295,0.31295492361628047,4.6389902688661016,0.008842794759825327,1.0,,,
4060,3.1025390625,0.0,3.1025390625,0.00037848214285714286,0.00021026785714285714,136369.63295669187,2.129133568,0.11573311634624424,0.469524744595733,4.6372516861232835,0.0088646288209607,1.0,,,
4070,3.0576171875,0.0,3.0576171875,0.00037828125,0.00021015625,136387.2106934161,2.134376448,0.11048405801475934,0.43252966421031325,4.63550926919251,0.008886462882096071,1.0,,,
4080,3.2373046875,0.0,3.2373046875,0.00037808035714285716,0.00021004464285714287,136414.0706731868,2.139619328,0.2247193705978401,0.6457086563058572,4.633763021353079,0.008908296943231442,1.0,,,
4090,3.142578125,0.0,3.142578125,0.0003778794642857143,0.0002099330357142857,135021.5503478796,2.144862208,0.14241004613151637,0.4494856059277477,4.632012945891499,0.008930131004366812,1.0,,,
4100,3.3203125,0.0,3.3203125,0.00037767857142857145,0.00020982142857142857,135049.94816433545,2.150105088,0.11441016215065948,0.3736281790872845,4.630259046101479,0.008951965065502183,1.0,,,
4110,3.2734375,0.0,3.2734375,0.0003774776785714285,0.0002097098214285714,135062.446163709,2.155347968,0.13117418136661688,0.3505937675528861,4.628501325283928,0.008973799126637556,1.0,,,
4120,2.962890625,0.0,2.962890625,0.0003772767857142857,0.0002095982142857143,135088.60762654032,2.160590848,0.11759969677631284,0.2767733188282031,4.6267397867469455,0.008995633187772927,1.0,,,
4130,3.21875,0.0,3.21875,0.0003770758928571428,0.00020948660714285714,135108.6114598708,2.165833728,0.12793846164408243,0.422353924045292,4.624974433805818,0.009017467248908298,1.0,,,
4140,3.2578125,0.0,3.2578125,0.000376875,0.000209375,135130.6031625306,2.171076608,0.13148629795452754,0.4841292632474922,4.623205269783008,0.009039301310043667,1.0,,,
4150,3.068359375,0.0,3.068359375,0.0003766741071428571,0.00020926339285714285,135142.4063163575,2.176319488,0.12693855220792535,0.5321233141170019,4.621432298008152,0.009061135371179039,1.0,,,
4160,3.6630859375,0.0,3.6630859375,0.0003764732142857143,0.00020915178571428574,133851.64759137068,2.181562368,0.11688779179184154,0.5368671245156428,4.6196555218180535,0.009082969432314411,1.0,,,
4170,3.236328125,0.0,3.236328125,0.0003762723214285714,0.00020904017857142858,133876.22725000157,2.186805248,0.12104533595860426,0.4265973474788607,4.617874944556674,0.009104803493449783,1.0,,,
4180,3.3076171875,0.0,3.3076171875,0.0003760714285714286,0.00020892857142857144,133903.48785628434,2.192048128,0.1396789138069161,0.32998979166069387,4.616090569575132,0.009126637554585154,1.0,,,
4190,3.2880859375,0.0,3.2880859375,0.0003758705357142857,0.00020881696428571428,133926.96911694645,2.197291008,0.19559870603661875,0.4838434164753952,4.614302400231689,0.009148471615720523,1.0,,,
4200,3.2255859375,0.0,3.2255859375,0.00037566964285714287,0.00020870535714285715,133394.0088577503,2.202533888,0.1134997170720027,0.40168500697944276,4.612510439891753,0.009170305676855894,1.0,,,
4210,3.505859375,0.0,3.505859375,0.00037546875,0.00020859375,133417.6847814609,2.207776768,0.16444011008002976,0.510034664896686,4.610714691927861,0.009192139737991267,1.0,,,
4220,3.220703125,0.0,3.220703125,0.00037526785714285716,0.00020848214285714288,132073.64981964533,2.213019648,0.11997995209776667,0.5620720148855669,4.608915159719684,0.009213973799126638,1.0,,,
4230,3.17578125,0.0,3.17578125,0.0003750669642857143,0.00020837053571428572,132094.97245293463,2.218262528,0.12241050208702005,0.4484289024969466,4.6071118466540115,0.00923580786026201,1.0,,,
4240,2.958984375,0.0,2.958984375,0.00037486607142857146,0.00020825892857142858,132131.12383078772,2.223505408,0.13249586430468446,0.52343806462544,4.60530475612475,0.009257641921397379,1.0,,,
4250,3.4775390625,0.0,3.4775390625,0.0003746651785714286,0.00020814732142857142,132153.48702633512,2.228748288,0.11926305839239032,0.6705528015967248,4.603493891532914,0.009279475982532752,1.0,,,
4260,3.1376953125,0.0,3.1376953125,0.0003744642857142857,0.0002080357142857143,132177.84241193836,2.233991168,0.13009104722800766,0.4772610498513945,4.601679256286624,0.009301310043668123,1.0,,,
4270,3.1318359375,0.0,3.1318359375,0.0003742633928571428,0.00020792410714285715,132205.25462104988,2.239234048,0.12629198273182957,0.3147107663594643,4.5998608538010926,0.009323144104803494,1.0,,,
4280,3.4873046875,0.0,3.4873046875,0.0003740625,0.00020781250000000002,132226.7224590881,2.244476928,0.11482392556207766,0.8364419444420413,4.598038687498627,0.009344978165938865,1.0,,,
4290,3.1513671875,0.0,3.1513671875,0.0003738616071428571,0.00020770089285714285,132253.6824874277,2.249719808,0.1173864918336567,0.3611854668711787,4.596212760808615,0.009366812227074235,1.0,,,
4300,3.00390625,0.0,3.00390625,0.00037366071428571423,0.0002075892857142857,132270.9936113149,2.254962688,0.12359427566592607,0.2969008927001191,4.594383077167523,0.009388646288209608,1.0,,,
4310,3.1923828125,0.0,3.1923828125,0.0003734598214285714,0.00020747767857142859,132299.19333288984,2.260205568,0.1279380513244417,0.4169721609656917,4.592549640018887,0.009410480349344979,1.0,,,
4320,3.3544921875,0.0,3.3544921875,0.0003732589285714286,0.00020736607142857145,132325.80011590497,2.265448448,0.1294027037569366,0.5768067923759275,4.590712452813309,0.00943231441048035,1.0,,,
4330,2.888671875,0.0,2.888671875,0.0003730580357142857,0.0002072544642857143,132354.12899477384,2.270691328,0.1512309325967955,0.3980651802177741,4.588871519008447,0.009454148471615721,1.0,,,
4340,3.505859375,0.0,3.505859375,0.0003728571428571428,0.00020714285714285713,132376.89752691708,2.275934208,0.11105543470421987,0.6824121526625607,4.587026842069011,0.00947598253275109,1.0,,,
4350,3.287109375,0.0,3.287109375,0.00037265625,0.00020703125,132401.99013570754,2.281177088,0.1267863037416626,0.5508028889004423,4.585178425466757,0.009497816593886464,1.0,,,
4360,3.2744140625,0.0,3.2744140625,0.00037245535714285717,0.0002069196428571429,132433.60147211174,2.286419968,0.11563087238123712,0.3487356688229603,4.583326272680475,0.009519650655021835,1.0,,,
4370,3.2060546875,0.0,3.2060546875,0.0003722544642857143,0.00020680803571428573,132459.68798407062,2.291662848,0.1383517997695644,0.4653789626538497,4.581470387195993,0.009541484716157206,1.0,,,
4380,3.5341796875,0.0,3.5341796875,0.0003720535714285714,0.00020669642857142856,132481.83286721545,2.296905728,0.11760319799780519,0.3418467623650511,4.5796107725061574,0.009563318777292577,1.0,,,
4390,2.3857421875,0.0,2.3857421875,0.0003718526785714286,0.00020658482142857143,132489.1194272743,2.302148608,0.13401979889417703,0.45650590157552895,4.577747432110838,0.009585152838427946,1.0,,,
4400,2.5205078125,0.0,2.5205078125,0.00037165178571428576,0.0002064732142857143,132516.72157400943,2.307391488,0.1392754663882314,0.31233435060591835,4.5758803695169155,0.00960698689956332,1.0,,,
4410,3.54296875,0.0,3.54296875,0.0003714508928571429,0.00020636160714285716,132546.6951249842,2.312634368,0.11181324389134563,0.3767900939080739,4.574009588238274,0.00962882096069869,1.0,,,
4420,3.671875,0.0,3.671875,0.00037124999999999994,0.00020625,132566.13903229602,2.317877248,0.12350202325014024,0.4552462988305831,4.572135091795798,0.009650655021834062,1.0,,,
4430,3.21484375,0.0,3.21484375,0.0003710491071428571,0.00020613839285714286,132595.9127496042,2.323120128,0.11587141050821315,0.3055489983021161,4.570256883717365,0.009672489082969433,1.0,,,
4440,3.373046875,0.0,3.373046875,0.00037084821428571424,0.0002060267857142857,132616.6377420916,2.328363008,0.12893184009495487,0.6458136656893622,4.568374967537833,0.009694323144104804,1.0,,,
4450,3.4072265625,0.0,3.4072265625,0.0003706473214285714,0.00020591517857142857,132632.53519124727,2.333605888,0.1166296222368895,0.5272323128905507,4.566489346799046,0.009716157205240175,1.0,,,
4460,3.576171875,0.0,3.576171875,0.00037044642857142853,0.00020580357142857143,132659.11504809704,2.338848768,0.12112514216031028,0.4925921265730941,4.564600025049816,0.009737991266375546,1.0,,,
4470,3.326171875,0.0,3.326171875,0.0003702455357142857,0.0002056919642857143,132678.79676576017,2.344091648,0.12385746917573444,0.3328719446497002,4.562707005845919,0.009759825327510917,1.0,,,
4480,3.234375,0.0,3.234375,0.0003700446428571428,0.00020558035714285714,132708.85322865585,2.349334528,0.12566096717724054,0.4262785858884789,4.5608102927500935,0.009781659388646289,1.0,,,
4490,3.2236328125,0.0,3.2236328125,0.00036984375,0.00020546875,132734.36652825758,2.354577408,0.11750019403576478,0.27492200571257547,4.558909889332028,0.00980349344978166,1.0,,,
4500,3.337890625,0.0,3.337890625,0.0003696428571428571,0.00020535714285714284,132762.5408285519,2.359820288,0.12213039808239128,0.31804491905484483,4.557005799168357,0.009825327510917031,1.0,,,
4500,,,,,,,,,,,,,0.0,0.0,0.0
4510,2.89453125,0.0,2.89453125,0.0003694419642857143,0.00020524553571428573,132783.70415316545,2.365063168,0.1268530472281133,0.5938497439725033,4.555098025842652,0.009847161572052402,1.0,,,
4520,3.427734375,0.0,3.427734375,0.0003692410714285714,0.00020513392857142857,132806.05613700394,2.370306048,0.11295219351079755,0.35623652515521487,4.553186572945417,0.009868995633187773,1.0,,,
4530,3.2705078125,0.0,3.2705078125,0.0003690401785714286,0.00020502232142857144,132829.41808913302,2.375548928,0.11904291290554747,0.7525329481668912,4.551271444074084,0.009890829694323144,1.0,,,
4540,3.341796875,0.0,3.341796875,0.0003688392857142857,0.00020491071428571428,132851.99667343462,2.380791808,0.12554295980712551,0.44554355875616436,4.549352642833,0.009912663755458516,1.0,,,
4550,3.5693359375,0.0,3.5693359375,0.0003686383928571429,0.00020479910714285714,132881.15016801655,2.386034688,0.1227612900147394,0.4191663161391022,4.547430172833424,0.009934497816593887,1.0,,,
4560,3.31640625,0.0,3.31640625,0.0003684375,0.0002046875,132904.0214631595,2.391277568,0.1281211137555961,0.39691143674940493,4.545504037693521,0.009956331877729258,1.0,,,
4570,3.2666015625,0.0,3.2666015625,0.0003682366071428571,0.00020457589285714287,132927.747584319,2.396520448,0.11679683400677066,0.351540292097835,4.543574241038353,0.009978165938864629,1.0,,,
4580,3.201171875,0.0,3.201171875,0.00036803571428571424,0.0002044642857142857,132949.09918628645,2.401763328,0.11642720268025956,0.5271865360308163,4.541640786499874,0.01,1.0,,,
4590,3.0869140625,0.0,3.0869140625,0.0003678348214285714,0.00020435267857142858,132970.15147976542,2.407006208,0.11130724651130565,0.252595485015992,4.53970367771692,0.01,1.0,,,
4600,3.142578125,0.0,3.142578125,0.00036763392857142854,0.00020424107142857142,132995.22244604272,2.412249088,0.12520408733612082,0.38712373332555666,4.537762918335208,0.01,1.0,,,
4610,2.8837890625,0.0,2.8837890625,0.0003674330357142857,0.0002041294642857143,133017.66609542372,2.417491968,0.12594918711133654,0.3958239514774067,4.535818512007322,0.01,1.0,,,
4620,3.5546875,0.0,3.5546875,0.00036723214285714283,0.00020401785714285715,133039.2082521982,2.422734848,0.12464938527512313,0.5360415226045618,4.533870462392711,0.01,1.0,,,
4630,3.998046875,0.0,3.998046875,0.00036703125,0.00020390625,133055.92424430483,2.427977728,0.13418802287380643,0.28807426205585773,4.531918773157684,0.01,1.0,,,
4640,3.1611328125,0.0,3.1611328125,0.00036683035714285713,0.00020379464285714285,133080.4065126094,2.433220608,0.12586891917957965,0.616511216780753,4.529963447975394,0.01,1.0,,,
4650,3.4677734375,0.0,3.4677734375,0.00036662946428571425,0.0002036830357142857,133102.5220993454,2.438463488,0.1257846885680726,0.29321716223308864,4.528004490525842,0.01,1.0,,,
4660,3.42578125,0.0,3.42578125,0.0003664285714285714,0.00020357142857142858,133118.90067564373,2.443706368,0.13435442159903024,0.6970425109039089,4.526041904495862,0.01,1.0,,,
4670,3.7431640625,0.0,3.7431640625,0.0003662276785714286,0.00020345982142857145,133152.7825569217,2.448949248,0.12659130899532858,0.3771611916104131,4.5240756935791175,0.01,1.0,,,
4680,3.25,0.0,3.25,0.0003660267857142857,0.0002033482142857143,133162.32639454826,2.454192128,0.14306919068430357,0.3938285410520346,4.522105861476098,0.01,1.0,,,
4690,2.9736328125,0.0,2.9736328125,0.00036582589285714284,0.00020323660714285713,133190.6425670872,2.459435008,0.11454192692396177,0.45008177963421075,4.520132411894102,0.01,1.0,,,
4700,3.2451171875,0.0,3.2451171875,0.000365625,0.00020312500000000002,133214.55928809522,2.464677888,0.11667823592344317,0.372041892562072,4.518155348547241,0.01,1.0,,,
4710,3.2333984375,0.0,3.2333984375,0.0003654241071428572,0.00020301339285714288,133228.4159536569,2.469920768,0.11842584705119699,0.30750808663176377,4.516174675156425,0.01,1.0,,,
4720,3.0810546875,0.0,3.0810546875,0.00036522321428571425,0.00020290178571428572,133238.26466911528,2.475163648,0.1298554409872888,0.49429274739100315,4.5141903954493605,0.01,1.0,,,
4730,3.021484375,0.0,3.021484375,0.00036502232142857137,0.00020279017857142856,133260.10462099465,2.480406528,0.12741615106264093,0.4877497297645588,4.51220251316054,0.01,1.0,,,
4740,3.33203125,0.0,3.33203125,0.00036482142857142854,0.00020267857142857143,133280.94684681852,2.485649408,0.1271838276107184,0.4795044633592316,4.510211032031235,0.01,1.0,,,
4750,3.3779296875,0.0,3.3779296875,0.0003646205357142857,0.00020256696428571432,133300.41844504516,2.490892288,0.12102371876181872,0.42607549589946553,4.508215955809494,0.01,1.0,,,
4760,3.4267578125,0.0,3.4267578125,0.00036441964285714284,0.00020245535714285716,133324.42394920238,2.496135168,0.13526778002913115,0.37817681699673944,4.506217288250126,0.01,1.0,,,
4770,3.2802734375,0.0,3.2802734375,0.00036421874999999996,0.00020234375,133350.2885632389,2.501378048,0.12415227117027912,0.48347104097810295,4.504215033114704,0.01,1.0,,,
4780,3.4453125,0.0,3.4453125,0.00036401785714285713,0.00020223214285714286,133367.3834437568,2.506620928,0.12387435419341589,0.28235952478730547,4.502209194171551,0.01,1.0,,,
4790,3.2587890625,0.0,3.2587890625,0.00036381696428571425,0.0002021205357142857,132281.1145227827,2.511863808,0.16706886691323367,0.7066132389641147,4.500199775195735,0.01,1.0,,,
4800,3.3134765625,0.0,3.3134765625,0.00036361607142857143,0.0002020089285714286,132299.59697748517,2.517106688,0.13412273871351502,0.536458147620268,4.4981867799690605,0.01,1.0,,,
4810,3.4228515625,0.0,3.4228515625,0.00036341517857142855,0.00020189732142857143,132325.6209862358,2.522349568,0.12503810840729224,0.4715013757277876,4.496170212280065,0.01,1.0,,,
4820,3.4033203125,0.0,3.4033203125,0.0003632142857142857,0.0002017857142857143,132349.21253499124,2.527592448,0.11490759007817748,0.467273000455117,4.494150075924008,0.01,1.0,,,
4830,3.3935546875,0.0,3.3935546875,0.00036301339285714284,0.00020167410714285713,132370.51066078767,2.532835328,0.14485957153330892,0.39349185275795395,4.492126374702866,0.01,1.0,,,
4840,3.2529296875,0.0,3.2529296875,0.0003628125,0.0002015625,132392.6969033091,2.538078208,0.13969104368526467,0.36710932282442127,4.490099112425323,0.01,1.0,,,
4850,3.2822265625,0.0,3.2822265625,0.00036261160714285714,0.00020145089285714287,132418.373152785,2.543321088,0.11805264908588872,0.30135063380587285,4.488068292906768,0.01,1.0,,,
4860,3.2958984375,0.0,3.2958984375,0.0003624107142857143,0.00020133928571428573,132437.941533837,2.548563968,0.12374371773835469,0.4630863539429158,4.486033919969284,0.01,1.0,,,
4870,3.39453125,0.0,3.39453125,0.00036220982142857143,0.00020122767857142857,132462.7928831297,2.553806848,0.1285324785899116,0.3420247385860557,4.48399599744164,0.01,1.0,,,
4880,3.1953125,0.0,3.1953125,0.00036200892857142855,0.00020111607142857144,132484.8150985225,2.559049728,0.11977366601916822,0.30183683054418226,4.481954529159286,0.01,1.0,,,
4890,3.43359375,0.0,3.43359375,0.00036180803571428567,0.00020100446428571427,132511.3667958991,2.564292608,0.11566955654894047,0.6289430454017115,4.479909518964346,0.01,1.0,,,
4900,3.662109375,0.0,3.662109375,0.00036160714285714285,0.00020089285714285717,132530.0181725647,2.569535488,0.1221318354923728,0.44722154451035845,4.477860970705611,0.01,1.0,,,
4910,3.1220703125,0.0,3.1220703125,0.00036140624999999997,0.00020078125,132551.16091637663,2.574778368,0.10867919647673044,0.5546417363348415,4.475808888238528,0.01,1.0,,,
4920,3.51171875,0.0,3.51171875,0.00036120535714285714,0.00020066964285714287,132575.92882387395,2.580021248,0.10991933667040284,0.42119699155303597,4.4737532754251985,0.01,1.0,,,
4930,3.84765625,0.0,3.84765625,0.00036100446428571426,0.0002005580357142857,131347.74868936662,2.585264128,0.1317516306106637,0.739220438985545,4.471694136134365,0.01,1.0,,,
4940,2.9013671875,0.0,2.9013671875,0.00036080357142857143,0.00020044642857142857,131369.3572443255,2.590507008,0.1371021772027579,0.44955944182766505,4.46963147424141,0.01,1.0,,,
4950,3.4521484375,0.0,3.4521484375,0.00036060267857142855,0.00020033482142857144,131394.1960620097,2.595749888,0.11477013641067886,0.1686235466813164,4.467565293628344,0.01,1.0,,,
4960,3.205078125,0.0,3.205078125,0.00036040178571428573,0.0002002232142857143,131419.8812145107,2.600992768,0.11732178784154085,0.26248810000062295,4.465495598183802,0.01,1.0,,,
4970,3.2841796875,0.0,3.2841796875,0.00036020089285714285,0.00020011160714285714,131448.05803110107,2.606235648,0.12910622360929452,0.649055517741801,4.4634223918030305,0.01,1.0,,,
4980,3.251953125,0.0,3.251953125,0.00036,0.0002,131467.41995031748,2.611478528,0.26745013601476636,0.7156022627819897,4.461345678387885,0.01,1.0,,,
4990,2.6328125,0.0,2.6328125,0.00035979910714285714,0.00019988839285714285,131484.44691577074,2.616721408,0.15394807919355494,0.38948841618417135,4.459265461846824,0.01,1.0,,,
5000,2.9365234375,0.0,2.9365234375,0.00035959821428571426,0.00019977678571428571,131512.10848322135,2.621964288,0.11728983813261164,0.30033671908767307,4.457181746094896,0.01,1.0,,,
5000,,,,,,,,,,,,,0.0,0.0,0.0
5010,3.419921875,0.0,3.419921875,0.00035939732142857144,0.00019966517857142858,131539.35989776027,2.627207168,0.12805511023956798,0.619071523346421,4.455094535053736,0.01,1.0,,,
5020,2.9033203125,0.0,2.9033203125,0.0003591964285714286,0.00019955357142857144,131553.2781653254,2.632450048,0.14292956673672774,0.42813404992529647,4.453003832651559,0.01,1.0,,,
5030,2.140625,0.0,2.140625,0.0003589955357142857,0.00019944196428571428,131573.44047494777,2.637692928,0.5213609574512261,0.8530594461224785,4.450909642823147,0.01,1.0,,,
5040,2.20361328125,0.0,2.20361328125,0.0003587946428571428,0.00019933035714285712,131592.56010726362,2.642935808,0.13965448717853524,0.9723277562951229,4.4488119695098485,0.01,1.0,,,
5050,3.3271484375,0.0,3.3271484375,0.00035859374999999997,0.00019921875000000001,131618.83574581082,2.648178688,0.12999265846632763,0.4265169053956161,4.446710816659568,0.01,1.0,,,
5060,3.404296875,0.0,3.404296875,0.00035839285714285715,0.00019910714285714288,131636.8256474563,2.653421568,0.1352008625924881,0.34790260942556284,4.444606188226758,0.01,1.0,,,
5070,3.384765625,0.0,3.384765625,0.00035819196428571427,0.00019899553571428572,131659.4119423874,2.658664448,0.11392997924696804,0.27121455014480067,4.44249808817241,0.01,1.0,,,
5080,3.330078125,0.0,3.330078125,0.0003579910714285714,0.00019888392857142856,131680.9615509152,2.663907328,0.10696927874851236,0.4704784911972699,4.440386520464055,0.01,1.0,,,
5090,3.490234375,0.0,3.490234375,0.00035779017857142856,0.00019877232142857142,131699.23313304712,2.669150208,0.16390358419289597,0.455838481894711,4.438271489075745,0.01,1.0,,,
5100,3.3515625,0.0,3.3515625,0.00035758928571428573,0.00019866071428571432,131725.5327165462,2.674393088,0.12551436213094688,0.4469356607034703,4.436152997988051,0.01,1.0,,,
5110,3.248046875,0.0,3.248046875,0.00035738839285714285,0.00019854910714285715,131747.62640084838,2.679635968,0.11636014687746814,0.47587488069539324,4.434031051188058,0.01,1.0,,,
5120,3.3515625,0.0,3.3515625,0.0003571875,0.0001984375,131755.7237747494,2.684878848,0.11794857917980502,0.528730840090893,4.431905652669354,0.01,1.0,,,
5130,3.435546875,0.0,3.435546875,0.00035698660714285715,0.00019832589285714286,131787.37627251906,2.690121728,0.12773613821575452,0.354507014059695,4.429776806432021,0.01,1.0,,,
5140,3.2216796875,0.0,3.2216796875,0.00035678571428571427,0.0001982142857142857,131800.6764952402,2.695364608,0.10818971245481472,0.3656526758923451,4.4276445164826335,0.01,1.0,,,
5150,3.421875,0.0,3.421875,0.00035658482142857144,0.0001981026785714286,131823.9661172296,2.700607488,0.12674158052427925,0.48895493742562696,4.425508786834244,0.01,1.0,,,
5160,3.3544921875,0.0,3.3544921875,0.00035638392857142856,0.00019799107142857143,131840.42173782756,2.705850368,0.11517280948122091,0.38219742405620183,4.423369621506381,0.01,1.0,,,
5170,3.083984375,0.0,3.083984375,0.00035618303571428574,0.0001978794642857143,131863.4051411235,2.711093248,0.11564378408211083,0.3086965893913876,4.421227024525036,0.01,1.0,,,
5180,3.291015625,0.0,3.291015625,0.00035598214285714286,0.00019776785714285713,131891.18378667656,2.716336128,0.12039231555244041,0.9566368965347185,4.419080999922663,0.01,1.0,,,
5190,2.9140625,0.0,2.9140625,0.00035578125,0.00019765625,131908.18544784668,2.721579008,0.12110882963518085,0.39328761678082824,4.4169315517381635,0.01,1.0,,,
5200,3.421875,0.0,3.421875,0.0003555803571428571,0.00019754464285714286,131928.32796844988,2.726821888,0.11431115120796552,0.43411736777309834,4.414778684016885,0.01,1.0,,,
5210,3.2392578125,0.0,3.2392578125,0.00035537946428571427,0.00019743303571428573,131952.90382782783,2.732064768,0.12082246470610712,0.47223101389536964,4.412622400810608,0.01,1.0,,,
5220,3.03515625,0.0,3.03515625,0.0003551785714285714,0.00019732142857142857,131967.7699561438,2.737307648,0.11287753992742419,0.7381862917473233,4.410462706177543,0.01,1.0,,,
5230,3.4404296875,0.0,3.4404296875,0.00035497767857142857,0.00019720982142857143,131997.51505647105,2.742550528,0.13601703882130145,0.4704084246193399,4.40829960418232,0.01,1.0,,,
5240,3.47265625,0.0,3.47265625,0.0003547767857142857,0.00019709821428571427,132015.2285759008,2.747793408,0.1405684019018056,0.4903002999274012,4.4061330988959835,0.01,1.0,,,
5250,3.2509765625,0.0,3.2509765625,0.00035457589285714286,0.00019698660714285716,131475.1493191478,2.753036288,0.11523226355991034,0.3107162380917127,4.40396319439598,0.01,1.0,,,
5260,3.2587890625,0.0,3.2587890625,0.000354375,0.000196875,131500.65293862077,2.758279168,0.1169736778438185,0.37232071770907305,4.401789894766158,0.01,1.0,,,
5270,3.2666015625,0.0,3.2666015625,0.00035417410714285716,0.00019676339285714287,131523.3601363435,2.763522048,0.1249308358693872,0.28383129905826393,4.39961320409675,0.01,1.0,,,
5280,3.1435546875,0.0,3.1435546875,0.0003539732142857143,0.0001966517857142857,131543.58279927535,2.768764928,0.13816854962388742,0.651748253048386,4.3974331264843745,0.01,1.0,,,
5290,2.9296875,0.0,2.9296875,0.00035377232142857145,0.0001965401785714286,131562.9312242632,2.774007808,0.11654995571889327,0.670787279111339,4.395249666032025,0.01,1.0,,,
5300,2.982421875,0.0,2.982421875,0.00035357142857142857,0.00019642857142857144,131583.6060847117,2.779250688,0.12009349982256994,0.8311553193003978,4.393062826849057,0.01,1.0,,,
5310,3.193359375,0.0,3.193359375,0.00035337053571428574,0.0001963169642857143,131610.3289109068,2.784493568,0.12172333494678933,0.396908525560663,4.390872613051193,0.01,1.0,,,
5320,3.0234375,0.0,3.0234375,0.00035316964285714286,0.00019620535714285714,131628.0491669583,2.789736448,0.12053501591833876,0.5029685207385473,4.388679028760497,0.01,1.0,,,
5330,3.251953125,0.0,3.251953125,0.00035296875,0.00019609375,131648.43773569088,2.794979328,0.11581969413584996,0.4385780927731276,4.386482078105382,0.01,1.0,,,
5340,3.4775390625,0.0,3.4775390625,0.0003527678571428571,0.00019598214285714287,131668.23012373544,2.800222208,0.11988078197450797,0.5047498303079008,4.384281765220598,0.01,1.0,,,
5350,3.1181640625,0.0,3.1181640625,0.0003525669642857142,0.0001958705357142857,131688.76290307185,2.805465088,0.11259169134412855,0.6206335946428364,4.382078094247218,0.01,1.0,,,
5360,3.1396484375,0.0,3.1396484375,0.0003523660714285714,0.00019575892857142858,131711.85234508358,2.810707968,0.11349242269595473,0.30077576827291863,4.379871069332639,0.01,1.0,,,
5370,2.8759765625,0.0,2.8759765625,0.00035216517857142857,0.00019564732142857144,131733.58326908757,2.815950848,0.12629793296220548,0.31035765064992676,4.377660694630568,0.01,1.0,,,
5380,3.2900390625,0.0,3.2900390625,0.0003519642857142857,0.00019553571428571428,131757.44932227128,2.821193728,0.11762205892347712,0.5452901776822994,4.375446974301019,0.01,1.0,,,
5390,2.9375,0.0,2.9375,0.0003517633928571428,0.00019542410714285715,131771.429042429,2.826436608,0.18152893626361674,0.5258517994757476,4.373229912510299,0.01,1.0,,,
5400,2.7978515625,0.0,2.7978515625,0.0003515625,0.0001953125,131798.42399385758,2.831679488,0.11659590014605659,0.4866815446379054,4.371009513431006,0.01,1.0,,,
5410,3.0966796875,0.0,3.0966796875,0.00035136160714285716,0.00019520089285714288,131817.28652029368,2.836922368,0.11624672564879322,0.25185202617138175,4.368785781242019,0.01,1.0,,,
5420,2.9873046875,0.0,2.9873046875,0.0003511607142857143,0.00019508928571428571,131841.07585189637,2.842165248,0.1073696931086864,0.20214121792777257,4.36655872012849,0.01,1.0,,,
5430,2.9091796875,0.0,2.9091796875,0.0003509598214285714,0.00019497767857142855,131849.20870573923,2.847408128,0.14081015770927646,0.7154178738067296,4.364328334281835,0.01,1.0,,,
5440,2.76171875,0.0,2.76171875,0.0003507589285714286,0.00019486607142857145,131873.91657121753,2.852651008,0.11156649474125027,0.4821352104808265,4.362094627899729,0.01,1.0,,,
5450,3.146484375,0.0,3.146484375,0.00035055803571428575,0.0001947544642857143,131891.76004032543,2.857893888,0.115474607207559,0.7512982105535235,4.359857605186093,0.01,1.0,,,
5460,3.21484375,0.0,3.21484375,0.00035035714285714287,0.00019464285714285715,131914.98576358843,2.863136768,0.119555860997067,0.480116067290641,4.357617270351096,0.01,1.0,,,
5470,3.330078125,0.0,3.330078125,0.00035015625,0.00019453125,131938.31773234817,2.868379648,0.11581141096798028,0.6753855818539128,4.355373627611132,0.01,1.0,,,
5480,3.16796875,0.0,3.16796875,0.00034995535714285716,0.00019441964285714285,131956.2492443561,2.873622528,0.11062006412631367,0.3833714240852936,4.3531266811888285,0.01,1.0,,,
5490,3.2841796875,0.0,3.2841796875,0.0003497544642857143,0.00019430803571428572,131974.36624652956,2.878865408,0.13120880130242196,0.3665179435092266,4.350876435313026,0.01,1.0,,,
5500,3.1728515625,0.0,3.1728515625,0.0003495535714285714,0.00019419642857142859,132001.11828189256,2.884108288,0.11103077563342757,0.38933081825176635,4.348622894218775,0.01,1.0,,,
5500,,,,,,,,,,,,,0.0,0.0,0.0
5510,3.21875,0.0,3.21875,0.0003493526785714285,0.00019408482142857142,132013.11222599406,2.889351168,0.11529900845147642,0.48589472842270165,4.34636606214733,0.01,1.0,,,
5520,3.2587890625,0.0,3.2587890625,0.0003491517857142857,0.0001939732142857143,132035.6059033428,2.894594048,0.10555963826822486,0.8149295955237725,4.344105943346137,0.01,1.0,,,
5530,3.32421875,0.0,3.32421875,0.0003489508928571428,0.00019386160714285713,132053.83905387824,2.899836928,0.1098445319456012,0.29572712949543656,4.34184254206883,0.01,1.0,,,
5540,3.1953125,0.0,3.1953125,0.00034875,0.00019375000000000002,132074.56763849166,2.905079808,0.1281354419891488,0.4194396070642085,4.339575862575217,0.01,1.0,,,
5550,3.1953125,0.0,3.1953125,0.0003485491071428571,0.00019363839285714286,130766.8710385529,2.910322688,0.11238133279856526,0.5262169083883493,4.33730590913128,0.01,1.0,,,
5560,3.10546875,0.0,3.10546875,0.0003483482142857143,0.00019352678571428572,130790.78484924036,2.915565568,0.1317663064003295,0.5769361421763046,4.335032686009161,0.01,1.0,,,
5570,3.3349609375,0.0,3.3349609375,0.0003481473214285714,0.00019341517857142856,130813.15772437908,2.920808448,0.11420137025059907,0.31716636126378395,4.3327561974871545,0.01,1.0,,,
5580,3.5107421875,0.0,3.5107421875,0.0003479464285714286,0.00019330357142857143,130839.4343915073,2.926051328,0.11889427027839083,0.3987518638774177,4.330476447849701,0.01,1.0,,,
5590,3.1494140625,0.0,3.1494140625,0.0003477455357142857,0.0001931919642857143,130859.77244872396,2.931294208,0.11556022485557609,0.43437479401854306,4.3281934413873815,0.01,1.0,,,
5600,3.3125,0.0,3.3125,0.0003475446428571429,0.00019308035714285716,130883.9092597391,2.936537088,0.1359381664622343,0.7580705872239475,4.325907182396902,0.01,1.0,,,
5610,3.5234375,0.0,3.5234375,0.00034734375,0.00019296875,130909.68078340078,2.941779968,0.12516629946346614,0.5790983338238689,4.323617675181093,0.01,1.0,,,
5620,2.841796875,0.0,2.841796875,0.00034714285714285717,0.00019285714285714286,130931.6628479577,2.947022848,0.11584142290224446,0.35536466969813973,4.321324924048897,0.01,1.0,,,
5630,3.4462890625,0.0,3.4462890625,0.0003469419642857143,0.0001927455357142857,130953.76804065944,2.952265728,0.1207897799088672,0.7070843841405507,4.319028933315362,0.01,1.0,,,
5640,3.291015625,0.0,3.291015625,0.0003467410714285714,0.0001926339285714286,130970.0110887393,2.957508608,0.11970458530857082,0.4101700251529775,4.316729707301633,0.01,1.0,,,
5650,2.962890625,0.0,2.962890625,0.00034654017857142853,0.00019252232142857143,128806.15024700561,2.962751488,0.12060583382035564,0.2945468284570557,4.314427250334944,0.01,1.0,,,
5660,3.0908203125,0.0,3.0908203125,0.0003463392857142857,0.0001924107142857143,128824.15121357211,2.967994368,0.12804951144274637,0.42420075825487924,4.31212156674861,0.01,1.0,,,
5670,3.0791015625,0.0,3.0791015625,0.0003461383928571428,0.00019229910714285714,128852.15522419187,2.973237248,0.12249154860457524,0.7572464230415619,4.309812660882018,0.01,1.0,,,
5680,3.2451171875,0.0,3.2451171875,0.0003459375,0.0001921875,128872.40993183464,2.978480128,0.10714784225866426,0.3274820120932469,4.30750053708062,0.01,1.0,,,
5690,3.1875,0.0,3.1875,0.0003457366071428571,0.00019207589285714287,128900.7205701144,2.983723008,0.12903288836534157,0.3102186137431691,4.3051851996959245,0.01,1.0,,,
5700,2.5859375,0.0,2.5859375,0.00034553571428571424,0.0001919642857142857,128477.47920717922,2.988965888,0.1304653938714201,0.49440516352131236,4.302866653085487,0.01,1.0,,,
5710,2.8642578125,0.0,2.8642578125,0.0003453348214285714,0.00019185267857142857,128503.83478561482,2.994208768,0.13340930711349258,0.6917568617422808,4.300544901612904,0.01,1.0,,,
5720,3.08984375,0.0,3.08984375,0.0003451339285714286,0.00019174107142857144,128530.0162334708,2.999451648,0.11726847474483455,0.6598844764249477,4.298219949647803,0.01,1.0,,,
5730,1.8583984375,0.0,1.8583984375,0.0003449330357142857,0.00019162946428571428,128544.65736250572,3.004694528,0.13241345497746637,0.4674400464640812,4.295891801565835,0.01,1.0,,,
5740,1.5751953125,0.0,1.5751953125,0.00034473214285714283,0.00019151785714285714,128571.69701520006,3.009937408,0.10374797531197728,0.5203577824738441,4.293560461748667,0.01,1.0,,,
5750,2.255859375,0.0,2.255859375,0.00034453125,0.00019140625,128594.67477985645,3.015180288,0.13706773301957603,0.3583867900213102,4.291225934583973,0.01,1.0,,,
5760,3.2509765625,0.0,3.2509765625,0.0003443303571428572,0.00019129464285714287,128623.3487373228,3.020423168,0.1208704802247578,0.3659193696942078,4.288888224465423,0.01,1.0,,,
5770,3.400390625,0.0,3.400390625,0.0003441294642857143,0.0001911830357142857,128647.00291762674,3.025666048,0.11044015877498332,0.45593345912248073,4.286547335792681,0.01,1.0,,,
5780,3.1962890625,0.0,3.1962890625,0.0003439285714285714,0.00019107142857142855,128667.84468143876,3.030908928,0.10881198867042104,0.3423688606572295,4.284203272971393,0.01,1.0,,,
5790,3.25390625,0.0,3.25390625,0.0003437276785714286,0.00019095982142857144,128686.85910918939,3.036151808,0.11091577134835781,0.5726616629981713,4.281856040413175,0.01,1.0,,,
5800,3.3974609375,0.0,3.3974609375,0.0003435267857142857,0.0001908482142857143,128715.2374077415,3.041394688,0.11597944577110483,0.5840294709242514,4.279505642535613,0.01,1.0,,,
5810,3.265625,0.0,3.265625,0.00034332589285714283,0.00019073660714285715,128739.53979276898,3.046637568,0.11336777114436482,0.5456152856491531,4.277152083762248,0.01,1.0,,,
5820,3.1953125,0.0,3.1953125,0.00034312499999999995,0.00019062499999999998,128764.26419024247,3.051880448,0.13136848839995457,0.40026907622301783,4.27479536852257,0.01,1.0,,,
5830,3.1728515625,0.0,3.1728515625,0.0003429241071428571,0.00019051339285714288,128784.41724925496,3.057123328,0.12294852002099675,0.393695816603682,4.272435501252009,0.01,1.0,,,
5840,3.08984375,0.0,3.08984375,0.00034272321428571425,0.00019040178571428572,128815.28608379306,3.062366208,0.1161789592241159,0.29103288432705743,4.27007248639193,0.01,1.0,,,
5850,3.015625,0.0,3.015625,0.0003425223214285714,0.00019029017857142858,128829.71843907316,3.067609088,0.11498305465532511,0.7088897685146596,4.26770632838962,0.01,1.0,,,
5860,3.146484375,0.0,3.146484375,0.00034232142857142854,0.00019017857142857142,128859.41131634117,3.072851968,0.12916822680250406,0.2844354865497834,4.265337031698281,0.01,1.0,,,
5870,3.3291015625,0.0,3.3291015625,0.0003421205357142857,0.00019006696428571429,128881.15748931294,3.078094848,0.12134460284467495,0.3221984882765523,4.262964600777022,0.01,1.0,,,
5880,2.9716796875,0.0,2.9716796875,0.00034191964285714283,0.00018995535714285715,128904.17754785412,3.083337728,0.1288883295973873,0.39849585339347415,4.260589040090853,0.01,1.0,,,
5890,2.8486328125,0.0,2.8486328125,0.00034171875,0.00018984375000000002,128933.88605161468,3.088580608,0.11084301553493732,0.31860613698196844,4.2582103541106715,0.01,1.0,,,
5900,2.74462890625,0.0,2.74462890625,0.00034151785714285713,0.00018973214285714286,128946.88614850272,3.093823488,0.11957211577371926,0.5546880881261635,4.255828547313259,0.01,1.0,,,
5910,3.400390625,0.0,3.400390625,0.0003413169642857143,0.00018962053571428572,128971.07661108898,3.099066368,0.12492580522243553,0.24818889206835137,4.253443624181269,0.01,1.0,,,
5920,3.1005859375,0.0,3.1005859375,0.0003411160714285714,0.00018950892857142856,128996.74974827247,3.104309248,0.13070576794756184,0.3579468346957099,4.251055589203222,0.01,1.0,,,
5930,2.9208984375,0.0,2.9208984375,0.0003409151785714286,0.00018939732142857145,129021.35548107342,3.109552128,0.11417321041099313,0.4796659492596383,4.2486644468734935,0.01,1.0,,,
5940,3.150390625,0.0,3.150390625,0.0003407142857142857,0.0001892857142857143,129045.03634600171,3.114795008,0.12264548604839927,0.43160434713492213,4.246270201692306,0.01,1.0,,,
5950,3.2783203125,0.0,3.2783203125,0.00034051339285714284,0.00018917410714285716,129062.45888011047,3.120037888,0.1192161746411447,0.41233420748205535,4.243872858165727,0.01,1.0,,,
5960,3.0810546875,0.0,3.0810546875,0.00034031249999999996,0.0001890625,129089.86701933405,3.125280768,0.12367212542318827,0.5608191319271589,4.241472420805647,0.01,1.0,,,
5970,3.28125,0.0,3.28125,0.00034011160714285713,0.00018895089285714286,129111.83686863224,3.130523648,0.1160770957789861,0.3435383308829219,4.239068894129787,0.01,1.0,,,
5980,3.30859375,0.0,3.30859375,0.00033991071428571425,0.00018883928571428573,129133.1561288364,3.135766528,0.11581518069012453,0.726632163403249,4.236662282661678,0.01,1.0,,,
5990,3.6357421875,0.0,3.6357421875,0.0003397098214285714,0.0001887276785714286,129156.49751123099,3.141009408,0.11936798843643143,0.42092175275448795,4.234252590930657,0.01,1.0,,,
6000,3.3662109375,0.0,3.3662109375,0.00033950892857142855,0.00018861607142857143,129182.90430200277,3.146252288,0.12173824780599854,0.933241959857269,4.231839823471859,0.01,1.0,,,
6000,,,,,,,,,,,,,0.0,0.0,0.0
6010,3.45703125,0.0,3.45703125,0.0003393080357142857,0.0001885044642857143,129170.07296631606,3.151495168,0.13875824369331669,0.6030454686567481,4.229423984826208,0.01,1.0,,,
6020,3.39453125,0.0,3.39453125,0.00033910714285714284,0.00018839285714285713,129194.65474606917,3.156738048,0.11974433507812564,0.28998917116992917,4.227005079540407,0.01,1.0,,,
6030,3.55078125,0.0,3.55078125,0.00033890625,0.00018828125000000003,129218.41543085065,3.161980928,0.1238401238774961,0.6265602964442333,4.224583112166932,0.01,1.0,,,
6040,3.267578125,0.0,3.267578125,0.00033870535714285713,0.00018816964285714286,129244.17154275671,3.167223808,0.14175265537121357,0.6843604778902537,4.222158087264019,0.01,1.0,,,
6050,3.1943359375,0.0,3.1943359375,0.00033850446428571425,0.0001880580357142857,129264.85067803558,3.172466688,0.1286512728073022,0.5737262597746866,4.219730009395662,0.01,1.0,,,
6060,3.595703125,0.0,3.595703125,0.00033830357142857143,0.00018794642857142857,129285.12812308541,3.177709568,0.13645918431200466,0.36607475095519504,4.217298883131599,0.01,1.0,,,
6070,3.3916015625,0.0,3.3916015625,0.0003381026785714286,0.00018783482142857143,129312.98414494186,3.182952448,0.10912366411670095,0.24625850565791135,4.214864713047307,0.01,1.0,,,
6080,3.4462890625,0.0,3.4462890625,0.0003379017857142857,0.0001877232142857143,129333.8986952899,3.188195328,0.11124620765149436,0.45350152024177587,4.212427503723986,0.01,1.0,,,
6090,3.3134765625,0.0,3.3134765625,0.00033770089285714284,0.00018761160714285714,129358.60758072563,3.193438208,0.11902484323550071,0.4033496922582715,4.209987259748564,0.01,1.0,,,
6100,2.5263671875,0.0,2.5263671875,0.0003375,0.0001875,129376.75020650559,3.198681088,0.13457726603954012,0.46168469174462873,4.2075439857136745,0.01,1.0,,,
6110,4.1015625,0.0,4.1015625,0.00033729910714285714,0.00018738839285714287,129400.83435461012,3.203923968,0.11643121722769886,0.3573693011256589,4.2050976862176555,0.01,1.0,,,
6120,3.3447265625,0.0,3.3447265625,0.00033709821428571426,0.0001872767857142857,129427.89999056516,3.209166848,0.11450516987990242,0.24380206860493744,4.202648365864539,0.01,1.0,,,
6130,3.4873046875,0.0,3.4873046875,0.0003368973214285714,0.00018716517857142857,129448.37024918704,3.214409728,0.12089190250655348,0.5016309088871788,4.200196029264042,0.01,1.0,,,
6140,3.115234375,0.0,3.115234375,0.00033669642857142855,0.00018705357142857144,129471.07516121991,3.219652608,0.1141694980963306,0.41144993760777854,4.1977406810315605,0.01,1.0,,,
6150,3.224609375,0.0,3.224609375,0.0003364955357142857,0.0001869419642857143,129490.23357107304,3.224895488,0.12349958291129805,0.3327604570608866,4.195282325788155,0.01,1.0,,,
6160,3.3115234375,0.0,3.3115234375,0.00033629464285714285,0.00018683035714285714,129512.3242078725,3.230138368,0.12548953017997194,0.3781951646722515,4.1928209681605475,0.01,1.0,,,
6170,3.2041015625,0.0,3.2041015625,0.00033609374999999997,0.00018671874999999998,129531.17550314836,3.235381248,0.11740279294600364,0.4195516037020499,4.19035661278111,0.01,1.0,,,
6180,3.158203125,0.0,3.158203125,0.00033589285714285714,0.00018660714285714287,129552.39324041473,3.240624128,0.13066426635650338,0.5870089660946687,4.187889264287857,0.01,1.0,,,
6190,2.310546875,0.0,2.310546875,0.0003356919642857143,0.00018649553571428574,129566.66826570574,3.245867008,0.11637361674785979,0.5804881289091401,4.1854189273244335,0.01,1.0,,,
6200,3.2060546875,0.0,3.2060546875,0.00033549107142857144,0.00018638392857142858,129588.34658545382,3.251109888,0.11627502990900489,0.48382310889940083,4.182945606540114,0.01,1.0,,,
6210,4.033203125,0.0,4.033203125,0.00033529017857142856,0.00018627232142857142,129614.062038859,3.256352768,0.11976025334753018,0.5005995299077725,4.180469306589783,0.01,1.0,,,
6220,3.3017578125,0.0,3.3017578125,0.00033508928571428573,0.00018616071428571428,129634.10376335816,3.261595648,0.11033108742801864,0.49394034599382297,4.177990032133937,0.01,1.0,,,
6230,3.4912109375,0.0,3.4912109375,0.0003348883928571429,0.00018604910714285717,129654.61861548045,3.266838528,0.11396072889330637,0.5440512771633497,4.175507787838666,0.01,1.0,,,
6240,3.2314453125,0.0,3.2314453125,0.0003346875,0.0001859375,129672.26390345447,3.272081408,0.10945698535537271,0.4510997425268016,4.173022578375653,0.01,1.0,,,
6250,3.5048828125,0.0,3.5048828125,0.00033448660714285714,0.00018582589285714285,129691.41772896911,3.277324288,0.11223070130955312,0.4262417706266659,4.17053440842216,0.01,1.0,,,
6260,4.2666015625,0.0,4.2666015625,0.00033428571428571426,0.00018571428571428572,129716.2576399651,3.282567168,0.1658165941178546,0.7791452912390991,4.16804328266102,0.01,1.0,,,
6270,3.3564453125,0.0,3.3564453125,0.00033408482142857144,0.00018560267857142858,129731.97613377887,3.287810048,0.11240298232209155,0.3124638574072192,4.165549205780631,0.01,1.0,,,
6280,3.27734375,0.0,3.27734375,0.0003338839285714285,0.00018549107142857142,129756.72354060884,3.293052928,0.11768946689346793,0.34037685797660416,4.163052182474943,0.01,1.0,,,
6290,3.171875,0.0,3.171875,0.0003336830357142857,0.0001853794642857143,129770.03605821202,3.298295808,0.11716954703100259,0.5893789014887247,4.160552217443453,0.01,1.0,,,
6300,3.30859375,0.0,3.30859375,0.00033348214285714285,0.00018526785714285715,129785.53380602255,3.303538688,0.1100656256903202,0.4514131800178905,4.158049315391193,0.01,1.0,,,
6310,2.9462890625,0.0,2.9462890625,0.00033328125,0.00018515625,129805.92126499476,3.308781568,0.11352588044554075,0.2959587746262549,4.155543481028723,0.01,1.0,,,
6320,3.3623046875,0.0,3.3623046875,0.0003330803571428571,0.00018504464285714283,129826.62291196403,3.314024448,0.11608673034856537,0.4547736049815104,4.153034719072124,0.01,1.0,,,
6330,3.298828125,0.0,3.298828125,0.00033287946428571427,0.00018493303571428572,129855.8268632629,3.319267328,0.13037920699843722,0.7773387551572707,4.150523034242984,0.01,1.0,,,
6340,3.1904296875,0.0,3.1904296875,0.00033267857142857144,0.0001848214285714286,129876.57436665207,3.324510208,0.12517454557511976,0.31538696576741,4.148008431268392,0.01,1.0,,,
6350,3.2138671875,0.0,3.2138671875,0.00033247767857142856,0.00018470982142857143,129894.82453024258,3.329753088,0.11838134467424455,0.4944648608520688,4.14549091488093,0.01,1.0,,,
6360,3.4287109375,0.0,3.4287109375,0.0003322767857142857,0.00018459821428571426,129917.3451850483,3.334995968,0.1142205499876123,0.36013880446829144,4.142970489818663,0.01,1.0,,,
6370,3.2705078125,0.0,3.2705078125,0.00033207589285714286,0.00018448660714285713,129935.33056296415,3.340238848,0.12788463958967553,0.26069000871346243,4.140447160825131,0.01,1.0,,,
6380,3.552734375,0.0,3.552734375,0.00033187500000000003,0.00018437500000000002,129954.04466909336,3.345481728,0.13284184649676398,0.6437487737219433,4.137920932649338,0.01,1.0,,,
6390,3.6669921875,0.0,3.6669921875,0.00033167410714285715,0.00018426339285714286,129970.06025267029,3.350724608,0.1267121346824889,0.38387960846168495,4.135391810045745,0.01,1.0,,,
6400,3.2314453125,0.0,3.2314453125,0.00033147321428571427,0.0001841517857142857,129988.3760651807,3.355967488,0.11228483466935267,0.41891560480396894,4.132859797774262,0.01,1.0,,,
6410,3.087890625,0.0,3.087890625,0.0003312723214285714,0.00018404017857142857,130004.84629638637,3.361210368,0.1199402902640173,0.5452333352351436,4.130324900600233,0.01,1.0,,,
6420,3.2998046875,0.0,3.2998046875,0.00033107142857142856,0.00018392857142857146,130023.68184546632,3.366453248,0.15904880891211293,0.3780100500105772,4.1277871232944365,0.01,1.0,,,
6430,2.931640625,0.0,2.931640625,0.0003308705357142857,0.0001838169642857143,130043.99562470525,3.371696128,0.11844577079860108,0.49032537472743654,4.125246470633069,0.01,1.0,,,
6440,3.4736328125,0.0,3.4736328125,0.0003306696428571428,0.00018370535714285713,129996.81028157783,3.376939008,0.10962346042467973,0.7443524851669181,4.122702947397738,0.01,1.0,,,
6450,3.1201171875,0.0,3.1201171875,0.00033046875,0.00018359375,130017.86987998491,3.382181888,0.11094064831461425,0.6013425513921836,4.120156558375456,0.01,1.0,,,
6460,4.0908203125,0.0,4.0908203125,0.00033026785714285715,0.00018348214285714287,130034.01052950737,3.387424768,0.13848184174722117,0.3151077214724042,4.117607308358626,0.01,1.0,,,
6470,3.408203125,0.0,3.408203125,0.0003300669642857143,0.00018337053571428573,130051.0039853719,3.392667648,0.13412377469569317,0.37113599367017575,4.115055202145038,0.01,1.0,,,
6480,3.1923828125,0.0,3.1923828125,0.0003298660714285714,0.00018325892857142857,130066.65889146144,3.397910528,0.10449094286374193,0.38112439024812916,4.112500244537856,0.01,1.0,,,
6490,3.0146484375,0.0,3.0146484375,0.00032966517857142857,0.00018314732142857144,130086.54232658331,3.403153408,0.13011186693992077,0.5183030886869945,4.10994244034561,0.01,1.0,,,
6500,3.119140625,0.0,3.119140625,0.00032946428571428574,0.0001830357142857143,130107.04298405077,3.408396288,0.10733098349467199,0.35117322838442977,4.10738179438219,0.01,1.0,,,
6500,,,,,,,,,,,,,0.0,0.0,0.0
6510,3.11328125,0.0,3.11328125,0.00032926339285714286,0.00018292410714285714,130126.3448569589,3.413639168,0.1196381014183888,0.41781369714294764,4.104818311466833,0.01,1.0,,,
6520,3.08203125,0.0,3.08203125,0.0003290625,0.0001828125,128898.30581004093,3.418882048,0.1264159049157701,0.30350631184611127,4.102251996424113,0.01,1.0,,,
6530,3.177734375,0.0,3.177734375,0.00032886160714285716,0.00018270089285714287,128917.745887491,3.424124928,0.11766385967948803,0.3090356748381131,4.0996828540839365,0.01,1.0,,,
6540,3.1044921875,0.0,3.1044921875,0.00032866071428571433,0.00018258928571428574,127962.22830469032,3.429367808,0.11830690000189643,0.4249649446818474,4.097110889281532,0.01,1.0,,,
6550,3.1328125,0.0,3.1328125,0.00032845982142857145,0.00018247767857142857,127986.23127675956,3.434610688,0.14468664659238245,0.49603879860441086,4.0945361068574355,0.01,1.0,,,
6560,3.5751953125,0.0,3.5751953125,0.00032825892857142857,0.0001823660714285714,128006.23418001563,3.439853568,0.11419470987154848,0.6762479674272034,4.091958511657492,0.01,1.0,,,
6570,3.4140625,0.0,3.4140625,0.0003280580357142857,0.0001822544642857143,128034.0997413005,3.445096448,0.11315370916739703,0.4398872509685,4.089378108532837,0.01,1.0,,,
6580,3.30859375,0.0,3.30859375,0.00032785714285714287,0.00018214285714285717,128054.31093995861,3.450339328,0.12672621181734184,0.5003871848213252,4.086794902339889,0.01,1.0,,,
6590,2.9580078125,0.0,2.9580078125,0.00032765625,0.00018203125,128078.8773875679,3.455582208,0.1190269172434569,0.39934813756299525,4.0842088979403455,0.01,1.0,,,
6600,3.060546875,0.0,3.060546875,0.0003274553571428571,0.00018191964285714285,128100.71927496564,3.460825088,0.12449001661629341,0.3676371926170618,4.081620100201168,0.01,1.0,,,
6610,3.0400390625,0.0,3.0400390625,0.0003272544642857143,0.00018180803571428571,127624.882187769,3.466067968,0.11555271588113501,0.4380255504759837,4.079028513994577,0.01,1.0,,,
6620,3.09765625,0.0,3.09765625,0.00032705357142857145,0.0001816964285714286,127648.0167309043,3.471310848,0.12734851990738544,0.4619851419409557,4.076434144198037,0.01,1.0,,,
6630,2.6748046875,0.0,2.6748046875,0.0003268526785714285,0.00018158482142857142,127671.00365533296,3.476553728,0.17724190187140076,0.4504814670358673,4.073836995694257,0.01,1.0,,,
6640,3.158203125,0.0,3.158203125,0.0003266517857142857,0.00018147321428571428,127690.01739554507,3.481796608,0.1195345202347184,0.49821748753463985,4.071237073371173,0.01,1.0,,,
6650,3.10546875,0.0,3.10546875,0.00032645089285714287,0.00018136160714285715,127713.05480870121,3.487039488,0.11902217906563209,0.29031275829354236,4.068634382121939,0.01,1.0,,,
6660,3.3876953125,0.0,3.3876953125,0.00032625,0.00018125,127731.28936562216,3.492282368,0.10739158918147257,0.632967536797378,4.066028926844924,0.01,1.0,,,
6670,3.19921875,0.0,3.19921875,0.0003260491071428571,0.00018113839285714285,127756.5418511833,3.497525248,0.11821668637275008,0.42989249886916636,4.063420712443697,0.01,1.0,,,
6680,2.701171875,0.0,2.701171875,0.0003258482142857143,0.00018102678571428572,127774.85332141074,3.502768128,0.11460404510889678,0.3361470442108186,4.060809743827019,0.01,1.0,,,
6690,3.14453125,0.0,3.14453125,0.00032564732142857146,0.00018091517857142858,127796.55674194003,3.508011008,0.12146263610171516,0.43017489613293525,4.05819602590884,0.01,1.0,,,
6700,3.0947265625,0.0,3.0947265625,0.0003254464285714286,0.00018080357142857142,127822.62932371265,3.513253888,0.11492199763800594,0.38594912362168116,4.055579563608275,0.01,1.0,,,
6710,3.228515625,0.0,3.228515625,0.0003252455357142857,0.00018069196428571426,127844.58977402246,3.518496768,0.12331762096122566,0.5261494836559356,4.052960361849613,0.01,1.0,,,
6720,2.4658203125,0.0,2.4658203125,0.0003250446428571428,0.00018058035714285715,127863.33579912789,3.523739648,0.11879545769654513,0.5391646276189054,4.050338425562294,0.01,1.0,,,
6730,3.611328125,0.0,3.611328125,0.00032484375,0.00018046875000000002,127887.6695047791,3.528982528,0.13787945630087248,0.3447418752350643,4.047713759680904,0.01,1.0,,,
6740,2.646484375,0.0,2.646484375,0.0003246428571428571,0.00018035714285714286,127904.56445366266,3.534225408,0.10764394168132978,0.36610451411867057,4.045086369145169,0.01,1.0,,,
6750,3.0625,0.0,3.0625,0.00032444196428571423,0.0001802455357142857,127929.07178683144,3.539468288,0.12185042740950064,0.7016122387169367,4.04245625889994,0.01,1.0,,,
6760,3.154296875,0.0,3.154296875,0.0003242410714285714,0.00018013392857142856,127949.26279503053,3.544711168,0.1162520089567193,0.2614099057451764,4.03982343389519,0.01,1.0,,,
6770,3.0400390625,0.0,3.0400390625,0.0003240401785714286,0.00018002232142857145,127969.50227484117,3.549954048,0.11085998802682598,0.3459085231619653,4.037187899085999,0.01,1.0,,,
6780,3.1943359375,0.0,3.1943359375,0.0003238392857142857,0.0001799107142857143,127993.71825771469,3.555196928,0.11013773853499897,0.4346140131076206,4.034549659432547,0.01,1.0,,,
6790,2.68359375,0.0,2.68359375,0.0003236383928571428,0.00017979910714285713,128014.45439640275,3.560439808,0.1344840312188064,0.33218446539012836,4.0319087199001045,0.01,1.0,,,
6800,3.171875,0.0,3.171875,0.0003234375,0.0001796875,128034.79102887448,3.565682688,0.11087291858686181,0.2811215874720607,4.029265085459023,0.01,1.0,,,
6810,3.482421875,0.0,3.482421875,0.00032323660714285717,0.00017957589285714286,128062.0200133105,3.570925568,0.11906572602761034,0.24166349032124926,4.0266187610847295,0.01,1.0,,,
6820,2.224609375,0.0,2.224609375,0.0003230357142857143,0.00017946428571428573,128079.86951112235,3.576168448,0.1135813218877561,0.39888474045699934,4.023969751757708,0.01,1.0,,,
6830,3.1865234375,0.0,3.1865234375,0.0003228348214285714,0.00017935267857142857,128105.22946928558,3.581411328,0.10804569335580122,0.24716041256424476,4.0213180624635,0.01,1.0,,,
6840,3.1005859375,0.0,3.1005859375,0.0003226339285714286,0.00017924107142857143,128121.0172428617,3.586654208,0.11953965982278772,0.3406069393724299,4.0186636981926895,0.01,1.0,,,
6850,3.1357421875,0.0,3.1357421875,0.00032243303571428576,0.0001791294642857143,128142.85017090409,3.591897088,0.12171311332354395,0.42744892944379026,4.016006663940894,0.01,1.0,,,
6860,3.2255859375,0.0,3.2255859375,0.0003222321428571429,0.00017901785714285714,128166.16252798018,3.597139968,0.11751328640723292,0.24770276494687307,4.013346964708756,0.01,1.0,,,
6870,3.2626953125,0.0,3.2626953125,0.00032203125,0.00017890625,128181.77872687504,3.602382848,0.11261224032250927,0.3283508756051763,4.010684605501935,0.01,1.0,,,
6880,3.451171875,0.0,3.451171875,0.0003218303571428571,0.00017879464285714287,128202.28696353012,3.607625728,0.11558321943521291,0.6165871450905277,4.008019591331096,0.01,1.0,,,
6890,3.4560546875,0.0,3.4560546875,0.0003216294642857143,0.00017868303571428573,128220.76669630907,3.612868608,0.11123225619341517,0.3523472662550617,4.005351927211901,0.01,1.0,,,
6900,3.1611328125,0.0,3.1611328125,0.0003214285714285714,0.00017857142857142857,128241.69587343998,3.618111488,0.11098130633375242,0.4863345518503861,4.002681618164999,0.01,1.0,,,
6910,3.0087890625,0.0,3.0087890625,0.00032122767857142853,0.0001784598214285714,128264.94280165598,3.623354368,0.11437909617419567,0.3601032969000649,4.000008669216015,0.01,1.0,,,
6920,3.248046875,0.0,3.248046875,0.0003210267857142857,0.0001783482142857143,128284.20329730131,3.628597248,0.12237971078222173,0.3526905764832862,3.997333085395547,0.01,1.0,,,
6930,3.28515625,0.0,3.28515625,0.0003208258928571429,0.00017823660714285717,128310.55815995773,3.633840128,0.13864748037486824,0.6979033053597049,3.9946548717391472,0.01,1.0,,,
6940,3.083984375,0.0,3.083984375,0.000320625,0.000178125,127083.27363727555,3.639083008,0.142001778766827,0.4106508792663444,3.9919740332873195,0.01,1.0,,,
6950,3.150390625,0.0,3.150390625,0.0003204241071428571,0.00017801339285714284,125920.17736793283,3.644325888,0.11540246072653554,0.2922042423770782,3.9892905750855086,0.01,1.0,,,
6960,3.08984375,0.0,3.08984375,0.0003202232142857143,0.00017790178571428574,125942.1018523506,3.649568768,0.11236974182354574,0.5081940006700262,3.986604502184088,0.01,1.0,,,
6970,3.2880859375,0.0,3.2880859375,0.00032002232142857147,0.0001777901785714286,125962.45165385406,3.654811648,0.11167155890122236,0.2005836024834695,3.9839158196383524,0.01,1.0,,,
6980,2.98046875,0.0,2.98046875,0.00031982142857142854,0.00017767857142857141,125987.20686594129,3.660054528,0.11234872526181537,0.7917932179722067,3.981224532508508,0.01,1.0,,,
6990,3.357421875,0.0,3.357421875,0.0003196205357142857,0.00017756696428571428,124943.82834457803,3.665297408,0.11290705133268539,0.4044524811721219,3.9785306458596645,0.01,1.0,,,
7000,3.173828125,0.0,3.173828125,0.0003194196428571429,0.00017745535714285715,124967.95292656095,3.670540288,0.10649931292410039,0.4398458440954792,3.975834164761822,0.01,1.0,,,
7000,,,,,,,,,,,,,0.0,0.0,0.0
7010,3.0166015625,0.0,3.0166015625,0.00031921875,0.00017734375,124991.77919577964,3.675783168,0.11153112617077328,0.24497827088920945,3.973135094289864,0.01,1.0,,,
7020,3.265625,0.0,3.265625,0.0003190178571428571,0.00017723214285714285,125014.08120021006,3.681026048,0.119826528369623,0.4636948936677,3.970433439523547,0.01,1.0,,,
7030,3.12890625,0.0,3.12890625,0.00031881696428571424,0.00017712053571428572,125040.12330671128,3.686268928,0.11310741197520036,0.4510205678422275,3.967729205547493,0.01,1.0,,,
7040,2.9326171875,0.0,2.9326171875,0.0003186160714285714,0.00017700892857142858,125060.34856544572,3.691511808,0.11371268440468853,0.354322909908525,3.965022397451177,0.01,1.0,,,
7050,3.4267578125,0.0,3.4267578125,0.00031841517857142854,0.00017689732142857142,125087.01473612858,3.696754688,0.10923569201504896,0.504552366205131,3.9623130203289176,0.01,1.0,,,
7060,3.0771484375,0.0,3.0771484375,0.00031821428571428566,0.00017678571428571428,124728.18264956678,3.701997568,0.15443340537311126,0.3453239432737149,3.9596010792798686,0.01,1.0,,,
7070,3.0986328125,0.0,3.0986328125,0.00031801339285714283,0.00017667410714285715,124751.09386388586,3.707240448,0.10951439575394369,0.4443412773483603,3.9568865794080117,0.01,1.0,,,
7080,3.10546875,0.0,3.10546875,0.0003178125,0.00017656250000000002,124776.1456306764,3.712483328,0.11668723219212582,0.37457246905936387,3.9541695258221417,0.01,1.0,,,
7090,2.7001953125,0.0,2.7001953125,0.0003176116071428571,0.00017645089285714285,124802.69837135925,3.717726208,0.12163769960531018,0.5099140776144101,3.9514499236358605,0.01,1.0,,,
7100,3.154296875,0.0,3.154296875,0.00031741071428571425,0.0001763392857142857,124825.36439066123,3.722969088,0.10983576199486647,0.38661318687903623,3.948727777967567,0.01,1.0,,,
7110,3.0859375,0.0,3.0859375,0.0003172098214285714,0.00017622767857142859,124847.52005804966,3.728211968,0.11502182254853793,0.5668729125185202,3.9460030939404462,0.01,1.0,,,
7120,2.6416015625,0.0,2.6416015625,0.0003170089285714286,0.00017611607142857145,124867.07616099283,3.733454848,0.11147074156702028,0.32682386198835295,3.9432758766824607,0.01,1.0,,,
7130,2.99609375,0.0,2.99609375,0.0003168080357142857,0.0001760044642857143,124890.5588327915,3.738697728,0.1205514269396712,0.39003295139691624,3.940546131326341,0.01,1.0,,,
7140,3.2099609375,0.0,3.2099609375,0.00031660714285714284,0.00017589285714285713,124917.16845725839,3.743940608,0.11990774948347183,0.7553140444771178,3.9378138630095756,0.01,1.0,,,
7150,2.904296875,0.0,2.904296875,0.00031640625,0.00017578125,124941.62268380605,3.749183488,0.10959064320411521,0.5252512240416011,3.935079076874401,0.01,1.0,,,
7160,2.74658203125,0.0,2.74658203125,0.0003162053571428572,0.00017566964285714289,124962.65899621556,3.754426368,0.11118232588934328,0.34350070044943654,3.9323417780677934,0.01,1.0,,,
7170,3.1513671875,0.0,3.1513671875,0.0003160044642857143,0.00017555803571428572,124988.41530683341,3.759669248,0.11757520889090657,0.34086962317069686,3.929601971741455,0.01,1.0,,,
7180,3.0908203125,0.0,3.0908203125,0.00031580357142857137,0.00017544642857142856,125011.12735941735,3.764912128,0.11338702746917483,0.26040805000765715,3.926859663051811,0.01,1.0,,,
7190,3.10546875,0.0,3.10546875,0.00031560267857142854,0.00017533482142857143,125036.01352618697,3.770155008,0.11661960295262369,0.39164100723650963,3.924114857159994,0.01,1.0,,,
7200,2.8359375,0.0,2.8359375,0.0003154017857142857,0.0001752232142857143,123036.43052645659,3.775397888,0.14455103405915296,0.33042149848321584,3.921367559231836,0.01,1.0,,,
7210,2.9365234375,0.0,2.9365234375,0.00031520089285714284,0.00017511160714285716,123063.15567477113,3.780640768,0.11691961105821397,0.4404906799808928,3.918617774437861,0.01,1.0,,,
7220,3.2333984375,0.0,3.2333984375,0.00031499999999999996,0.000175,123083.86564774175,3.785883648,0.1319230190838065,0.4491749845991987,3.915865507953273,0.01,1.0,,,
7230,3.2138671875,0.0,3.2138671875,0.00031479910714285713,0.00017488839285714286,123111.39538465964,3.791126528,0.12138421709573198,0.6699485886316014,3.9131107649579433,0.01,1.0,,,
7240,3.2509765625,0.0,3.2509765625,0.0003145982142857143,0.00017477678571428573,123132.85481310167,3.796369408,0.11536135795714167,0.33169005776201327,3.91035355063641,0.01,1.0,,,
7250,3.51171875,0.0,3.51171875,0.00031439732142857143,0.00017466517857142857,123157.76416388454,3.801612288,0.13262899902329242,0.4707666224031597,3.9075938701778563,0.01,1.0,,,
7260,3.3935546875,0.0,3.3935546875,0.00031419642857142855,0.00017455357142857143,123184.81796128865,3.806855168,0.11030795902804777,0.3051587852575608,3.904831728776111,0.01,1.0,,,
7270,3.056640625,0.0,3.056640625,0.0003139955357142857,0.0001744419642857143,123210.75294725421,3.812098048,0.12454476694113396,0.32936147392610043,3.902067131629633,0.01,1.0,,,
7280,3.5234375,0.0,3.5234375,0.0003137946428571429,0.00017433035714285716,123237.7703290406,3.817340928,0.11920336881811729,0.45183115877892305,3.8993000839415037,0.01,1.0,,,
7290,3.876953125,0.0,3.876953125,0.00031359375,0.00017421875,123263.63992882145,3.822583808,0.13499391089091772,0.46518520168973965,3.896530590919415,0.01,1.0,,,
7300,3.0546875,0.0,3.0546875,0.00031339285714285714,0.00017410714285714284,123288.61067512781,3.827826688,0.11864112434494413,0.3587457313545666,3.8937586577756624,0.01,1.0,,,
7310,3.513671875,0.0,3.513671875,0.0003131919642857143,0.00017399553571428573,123316.659289389,3.833069568,0.11749207133828159,0.3178219834486112,3.890984289727132,0.01,1.0,,,
7320,3.3056640625,0.0,3.3056640625,0.00031299107142857143,0.0001738839285714286,123339.57666591762,3.838312448,0.11437230288174188,0.295742367807443,3.888207491995295,0.01,1.0,,,
7330,3.310546875,0.0,3.310546875,0.00031279017857142855,0.0001737723214285714,123364.06409986163,3.843555328,0.2892279103535482,0.956974896896428,3.885428269806194,0.01,1.0,,,
7340,3.5673828125,0.0,3.5673828125,0.00031258928571428567,0.00017366071428571428,123387.43508107422,3.848798208,0.11129507769526856,0.6008481602001734,3.882646628390435,0.01,1.0,,,
7350,3.11328125,0.0,3.11328125,0.00031238839285714284,0.00017354910714285714,123416.95210878483,3.854041088,0.12629314210250267,0.33696880441780264,3.879862572983176,0.01,1.0,,,
7360,3.1357421875,0.0,3.1357421875,0.00031218749999999997,0.0001734375,123443.27826366274,3.859283968,0.11894736873526994,0.3774626292304638,3.8770761088241192,0.01,1.0,,,
7370,3.234375,0.0,3.234375,0.0003119866071428571,0.00017332589285714285,123466.51919702842,3.864526848,0.12522303962379278,0.4941991183147305,3.8742872411575004,0.01,1.0,,,
7380,3.4189453125,0.0,3.4189453125,0.00031178571428571426,0.0001732142857142857,123488.2935683973,3.869769728,0.11852173094693928,0.42136824037854015,3.8714959752320786,0.01,1.0,,,
7390,3.2333984375,0.0,3.2333984375,0.00031158482142857143,0.00017310267857142858,123511.80288203737,3.875012608,0.11279112114912389,0.6251727263399525,3.868702316301125,0.01,1.0,,,
7400,3.2724609375,0.0,3.2724609375,0.00031138392857142855,0.00017299107142857142,123538.00673748481,3.880255488,0.10871986505197169,0.3238282725291674,3.8659062696224176,0.01,1.0,,,
7410,3.0009765625,0.0,3.0009765625,0.0003111830357142857,0.00017287946428571428,123560.29079652368,3.885498368,0.11551201605130385,0.3097101069367523,3.863107840458224,0.01,1.0,,,
7420,3.05859375,0.0,3.05859375,0.00031098214285714285,0.00017276785714285715,123583.82907954707,3.890741248,0.11737548047843988,0.31291522912410474,3.860307034075301,0.01,1.0,,,
7430,3.349609375,0.0,3.349609375,0.00031078125,0.00017265625,123606.81446768154,3.895984128,0.12421784363535755,0.23952015344961208,3.8575038557448744,0.01,1.0,,,
7440,3.1337890625,0.0,3.1337890625,0.00031058035714285714,0.00017254464285714285,123629.25988017129,3.901227008,0.12841659404323993,0.5446764451812178,3.854698310742638,0.01,1.0,,,
7450,3.298828125,0.0,3.298828125,0.00031037946428571426,0.0001724330357142857,123656.09083674265,3.906469888,0.11698376289018135,0.3287861394292506,3.851890404348736,0.01,1.0,,,
7460,2.900390625,0.0,2.900390625,0.00031017857142857144,0.00017232142857142858,123679.88683972793,3.911712768,0.11959864063583471,0.3967893102318821,3.849080141847761,0.01,1.0,,,
7470,3.2294921875,0.0,3.2294921875,0.0003099776785714286,0.00017220982142857145,123704.60831460063,3.916955648,0.1283788084421358,0.529068877314177,3.8462675285287355,0.01,1.0,,,
7480,1.91064453125,0.0,1.91064453125,0.00030977678571428573,0.00017209821428571429,123730.94939927738,3.922198528,0.13194932729733064,0.4167761085025975,3.8434525696851116,0.01,1.0,,,
7490,3.1328125,0.0,3.1328125,0.0003095758928571428,0.00017198660714285712,123754.65144648413,3.927441408,0.11017334873239615,0.29562789421422225,3.8406352706147495,0.01,1.0,,,
7500,3.533203125,0.0,3.533203125,0.00030937499999999997,0.000171875,123779.90395849064,3.932684288,0.10548560039803921,0.34908804695058915,3.8378156366199203,0.01,1.0,,,
7500,,,,,,,,,,,,,0.0,0.0,0.0
7510,3.2890625,0.0,3.2890625,0.00030917410714285715,0.00017176339285714288,123804.30667148741,3.937927168,0.10880342414309303,0.29625199249798284,3.834993673007283,0.01,1.0,,,
7520,3.052734375,0.0,3.052734375,0.00030897321428571427,0.00017165178571428572,123827.1724282734,3.943170048,0.11165930161163065,0.3239280652372309,3.8321693850878873,0.01,1.0,,,
7530,3.185546875,0.0,3.185546875,0.0003087723214285714,0.00017154017857142856,123848.44453065583,3.948412928,0.09616370845538812,0.9953674328731861,3.829342778177152,0.01,1.0,,,
7540,3.2158203125,0.0,3.2158203125,0.00030857142857142856,0.00017142857142857143,123872.09722220695,3.953655808,0.11311560471981909,0.42895508512990205,3.826513857594864,0.01,1.0,,,
7550,3.1298828125,0.0,3.1298828125,0.00030837053571428573,0.00017131696428571432,123895.13522870066,3.958898688,0.11289577433361593,0.29123661293460895,3.8236826286651633,0.01,1.0,,,
7560,3.0693359375,0.0,3.0693359375,0.00030816964285714285,0.00017120535714285716,123918.53744527262,3.964141568,0.11681057682511485,0.3159943923553664,3.8208490967165343,0.01,1.0,,,
7570,3.1298828125,0.0,3.1298828125,0.00030796875,0.00017109375,123932.38018534743,3.969384448,0.11540335411706572,0.38624098472275203,3.818013267081795,0.01,1.0,,,
7580,2.98046875,0.0,2.98046875,0.00030776785714285715,0.00017098214285714286,123957.02360873787,3.974627328,0.15583348165511182,0.4010725445767748,3.815175145098089,0.01,1.0,,,
7590,3.0654296875,0.0,3.0654296875,0.0003075669642857143,0.00017087053571428573,123982.35590818677,3.979870208,0.10450986810110652,0.30148132622313456,3.812334736106873,0.01,1.0,,,
7600,2.8515625,0.0,2.8515625,0.00030736607142857144,0.0001707589285714286,123991.27969239673,3.985113088,0.10414019808584522,0.5837904402821509,3.8094920454539114,0.01,1.0,,,
7610,2.88671875,0.0,2.88671875,0.00030716517857142856,0.00017064732142857143,124016.91673269316,3.990355968,0.1295677453111878,0.358493003813755,3.8066470784892563,0.01,1.0,,,
7620,3.15234375,0.0,3.15234375,0.00030696428571428574,0.0001705357142857143,124041.07485843665,3.995598848,0.12184953621745367,0.3633378401392876,3.8037998405672506,0.01,1.0,,,
7630,3.5419921875,0.0,3.5419921875,0.00030676339285714286,0.00017042410714285716,124065.37572348543,4.000841728,0.11405787954978053,0.42033809480759154,3.8009503370465065,0.01,1.0,,,
7640,3.1787109375,0.0,3.1787109375,0.0003065625,0.0001703125,124089.06296058671,4.006084608,0.12593657491220772,0.47590512044692374,3.7980985732899026,0.01,1.0,,,
7650,3.4892578125,0.0,3.4892578125,0.0003063616071428571,0.00017020089285714287,124116.805212013,4.011327488,0.124041960673681,0.5366913712179359,3.7952445546645706,0.01,1.0,,,
7660,2.8671875,0.0,2.8671875,0.00030616071428571427,0.00017008928571428573,124132.2482738185,4.016570368,0.10215356095379735,0.28812897572075713,3.792388286541886,0.01,1.0,,,
7670,3.3515625,0.0,3.3515625,0.00030595982142857145,0.0001699776785714286,124159.17161274563,4.021813248,0.10716077199072438,0.43848781532207237,3.7895297742974576,0.01,1.0,,,
7680,3.1982421875,0.0,3.1982421875,0.0003057589285714285,0.0001698660714285714,124183.16049081177,4.027056128,0.10965047923619964,0.4623730897341973,3.7866690233111187,0.01,1.0,,,
7690,3.091796875,0.0,3.091796875,0.0003055580357142857,0.00016975446428571427,124204.45360896828,4.032299008,0.11478066126332197,0.26289381399831285,3.7838060389669144,0.01,1.0,,,
7700,3.494140625,0.0,3.494140625,0.00030535714285714286,0.00016964285714285717,124230.20623173492,4.037541888,0.11061597522408567,0.41294805256331124,3.780940826653095,0.01,1.0,,,
7710,3.115234375,0.0,3.115234375,0.00030515625,0.00016953125,124248.96057029226,4.042784768,0.13657065271025198,0.32574453830128924,3.778073391762103,0.01,1.0,,,
7720,3.033203125,0.0,3.033203125,0.0003049553571428571,0.00016941964285714284,124269.00069512578,4.048027648,0.1190982536436126,0.3828577335698839,3.775203739690564,0.01,1.0,,,
7730,3.388671875,0.0,3.388671875,0.0003047544642857143,0.0001693080357142857,124288.70248394337,4.053270528,0.11641313460874092,0.645995213264819,3.7723318758392757,0.01,1.0,,,
7740,3.087890625,0.0,3.087890625,0.00030455357142857145,0.00016919642857142857,124308.6830973469,4.058513408,0.11854730169124433,0.30067282600226297,3.7694578056131998,0.01,1.0,,,
7750,3.0322265625,0.0,3.0322265625,0.00030435267857142857,0.00016908482142857144,124331.4602293265,4.063756288,0.12136641191163887,0.5931813429695884,3.7665815344214475,0.01,1.0,,,
7760,3.12890625,0.0,3.12890625,0.0003041517857142857,0.00016897321428571428,124355.40125155037,4.068999168,0.1267596046849226,0.4354150941985554,3.7637030676772776,0.01,1.0,,,
7770,3.4931640625,0.0,3.4931640625,0.00030395089285714286,0.00016886160714285714,124374.99101679376,4.074242048,0.14119890458575465,0.4989298288497857,3.760822410798076,0.01,1.0,,,
7780,3.134765625,0.0,3.134765625,0.00030375000000000004,0.00016875,124397.72541066234,4.079484928,0.11037005332585093,0.31764338922597946,3.757939569205353,0.01,1.0,,,
7790,3.2431640625,0.0,3.2431640625,0.0003035491071428571,0.00016863839285714285,124421.73412988172,4.084727808,0.11033574837184462,0.3854603247429078,3.7550545483247295,0.01,1.0,,,
7800,3.0595703125,0.0,3.0595703125,0.0003033482142857142,0.0001685267857142857,124443.34385764014,4.089970688,0.10928712849783784,0.5104907834246579,3.75216735358593,0.01,1.0,,,
7810,3.3681640625,0.0,3.3681640625,0.0003031473214285714,0.00016841517857142858,124470.00912827873,4.095213568,0.11621191514686899,0.35674934962991167,3.7492779904227675,0.01,1.0,,,
7820,3.41796875,0.0,3.41796875,0.00030294642857142857,0.00016830357142857144,124491.32466304222,4.100456448,0.10439156920857864,0.22149491817112485,3.746386464273138,0.01,1.0,,,
7830,2.9541015625,0.0,2.9541015625,0.0003027455357142857,0.00016819196428571428,124135.28827052341,4.105699328,0.1241194347357245,0.2974529409044071,3.743492780579007,0.01,1.0,,,
7840,3.0595703125,0.0,3.0595703125,0.0003025446428571428,0.00016808035714285712,123712.19296651673,4.110942208,0.10585585695510014,0.33930160605921145,3.7405969447864016,0.01,1.0,,,
7850,3.2255859375,0.0,3.2255859375,0.00030234375,0.00016796875000000001,123733.4187868807,4.116185088,0.12529938445320082,0.33899745777476864,3.7376989623453984,0.01,1.0,,,
7860,3.1953125,0.0,3.1953125,0.00030214285714285716,0.00016785714285714288,123760.87364928021,4.121427968,0.13610249582675446,0.41251660898600034,3.7347988387101156,0.01,1.0,,,
7870,3.2158203125,0.0,3.2158203125,0.0003019419642857143,0.00016774553571428572,123778.91330675436,4.126670848,0.10431640054217296,0.44555532236017986,3.7318965793386996,0.01,1.0,,,
7880,2.4521484375,0.0,2.4521484375,0.0003017410714285714,0.00016763392857142856,123797.10729956663,4.131913728,0.14356128419924669,0.5410147844825232,3.7289921896933165,0.01,1.0,,,
7890,3.123046875,0.0,3.123046875,0.0003015401785714286,0.00016752232142857142,123824.09996094495,4.137156608,0.1191850447881611,0.25300918613543955,3.726085675240143,0.01,1.0,,,
7900,3.537109375,0.0,3.537109375,0.00030133928571428575,0.00016741071428571431,123843.83445960151,4.142399488,0.11063981460730204,0.3963719417652623,3.723177041449352,0.01,1.0,,,
7910,3.13720703125,0.0,3.13720703125,0.00030113839285714287,0.00016729910714285715,123871.45745522769,4.147642368,0.11303564951039705,0.3045633952444373,3.720266293795109,0.01,1.0,,,
7920,3.390625,0.0,3.390625,0.0003009375,0.0001671875,121620.63863618598,4.152885248,0.10264349488936145,0.2615048419823939,3.717353437755555,0.01,1.0,,,
7930,3.396484375,0.0,3.396484375,0.00030073660714285716,0.00016707589285714286,121644.33988033525,4.158128128,0.11656506912546984,0.43081703183707504,3.7144384788128,0.01,1.0,,,
7940,3.2373046875,0.0,3.2373046875,0.0003005357142857143,0.00016696428571428572,118992.25597208124,4.163371008,0.11310413585464912,0.29408445807692996,3.7115214224529116,0.01,1.0,,,
7950,2.759765625,0.0,2.759765625,0.0003003348214285714,0.0001668526785714286,119016.26103677443,4.168613888,0.10833256049254232,0.2607902342706005,3.7086022741659037,0.01,1.0,,,
7960,3.2783203125,0.0,3.2783203125,0.0003001339285714285,0.00016674107142857143,119041.52388397984,4.173856768,0.11086998382011928,0.5687102535734575,3.7056810394457305,0.01,1.0,,,
7970,3.9765625,0.0,3.9765625,0.0002999330357142857,0.0001666294642857143,119068.73306596439,4.179099648,0.12307967807376823,0.3757005329056637,3.7027577237902687,0.01,1.0,,,
7980,3.154296875,0.0,3.154296875,0.00029973214285714287,0.00016651785714285716,118754.64346889147,4.184342528,0.11245061797444798,0.2907561154870059,3.6998323327013156,0.01,1.0,,,
7990,2.99609375,0.0,2.99609375,0.00029953125,0.00016640625,118783.11076618252,4.189585408,0.11097420013150677,0.30317212705259305,3.6969048716845707,0.01,1.0,,,
8000,3.1318359375,0.0,3.1318359375,0.0002993303571428571,0.00016629464285714286,118807.37755315786,4.194828288,0.1131322585119804,0.5588288627332928,3.6939753462496325,0.01,1.0,,,
8000,,,,,,,,,,,,,0.0,0.0,0.0
8010,3.1474609375,0.0,3.1474609375,0.0002991294642857143,0.00016618303571428573,118813.9496428522,4.200071168,0.10997450405412268,0.24564246071021,3.6910437619099814,0.01,1.0,,,
8020,3.0869140625,0.0,3.0869140625,0.00029892857142857146,0.0001660714285714286,118839.89466010204,4.205314048,0.10966286497610794,0.3165528051424999,3.6881101241829763,0.01,1.0,,,
8030,3.18359375,0.0,3.18359375,0.00029872767857142853,0.0001659598214285714,118866.01221987355,4.210556928,0.10435344822027609,0.518808332105854,3.6851744385898386,0.01,1.0,,,
8040,2.916015625,0.0,2.916015625,0.0002985267857142857,0.00016584821428571427,118890.61299958723,4.215799808,0.10868390177167624,0.5494769500750555,3.682236710655645,0.01,1.0,,,
8050,3.189453125,0.0,3.189453125,0.0002983258928571429,0.00016573660714285716,118919.45045060285,4.221042688,0.11251790668002282,0.31199183219845067,3.679296945909314,0.01,1.0,,,
8060,3.1689453125,0.0,3.1689453125,0.000298125,0.000165625,118946.10379406743,4.226285568,0.11261663394425911,0.4127968858790783,3.676355149883599,0.01,1.0,,,
8070,3.60546875,0.0,3.60546875,0.0002979241071428571,0.00016551339285714284,118974.17236412628,4.231528448,0.11384039093807129,0.5284822223134509,3.673411328115076,0.01,1.0,,,
8080,2.8876953125,0.0,2.8876953125,0.0002977232142857143,0.0001654017857142857,118992.23412722583,4.236771328,0.12731007805986239,0.5092149723115833,3.6704654861441344,0.01,1.0,,,
8090,3.22265625,0.0,3.22265625,0.00029752232142857146,0.0001652901785714286,119020.98761995908,4.242014208,0.10802804331830439,0.3891097310966748,3.667517629514964,0.01,1.0,,,
8100,3.28125,0.0,3.28125,0.00029732142857142853,0.00016517857142857144,119047.90476344242,4.247257088,0.14251225093975486,0.3953040681900062,3.664567763775547,0.01,1.0,,,
8110,2.890625,0.0,2.890625,0.00029712053571428565,0.00016506696428571427,119074.47390557299,4.252499968,0.10339120743878545,0.42793306139297804,3.6616158944776482,0.01,1.0,,,
8120,2.9140625,0.0,2.9140625,0.0002969196428571428,0.00016495535714285714,119098.43736216296,4.257742848,0.11781025315773144,0.4336351558816941,3.6586620271768,0.01,1.0,,,
8130,3.0986328125,0.0,3.0986328125,0.00029671875,0.00016484375,119120.9121993547,4.262985728,0.11288411512184751,0.3001225223079988,3.655706167432299,0.01,1.0,,,
8140,3.205078125,0.0,3.205078125,0.0002965178571428571,0.00016473214285714287,119149.17582985692,4.268228608,0.11671320854019829,0.41063116376326086,3.6527483208071887,0.01,1.0,,,
8150,3.220703125,0.0,3.220703125,0.00029631696428571424,0.0001646205357142857,119175.48016192863,4.273471488,0.1291594601287645,0.5174013930867466,3.6497884928682534,0.01,1.0,,,
8160,3.1298828125,0.0,3.1298828125,0.0002961160714285714,0.00016450892857142858,119200.96042567331,4.278714368,0.1124541003268795,0.4557100787870727,3.646826689186005,0.01,1.0,,,
8170,3.1962890625,0.0,3.1962890625,0.0002959151785714286,0.00016439732142857144,119225.66778596117,4.283957248,0.11988224882058894,0.353879491707609,3.643862915334676,0.01,1.0,,,
8180,3.5478515625,0.0,3.5478515625,0.0002957142857142857,0.00016428571428571428,119249.8098752789,4.289200128,0.11310685652287916,0.47254091392263703,3.640897176892205,0.01,1.0,,,
8190,3.0322265625,0.0,3.0322265625,0.00029551339285714283,0.00016417410714285714,119277.61893666617,4.294443008,0.1262169502004116,0.2881504343054686,3.637929479440229,0.01,1.0,,,
8200,2.859375,0.0,2.859375,0.0002953125,0.0001640625,119301.65273424369,4.299685888,0.10739494478263942,0.42430963367702973,3.6349598285640714,0.01,1.0,,,
8210,2.8896484375,0.0,2.8896484375,0.0002951116071428572,0.00016395089285714288,119328.43087362427,4.304928768,0.11502932319463786,0.34151615595929097,3.631988229852731,0.01,1.0,,,
8220,2.86328125,0.0,2.86328125,0.0002949107142857143,0.00016383928571428571,117414.38298062638,4.310171648,0.11262205611718877,0.26645810998929464,3.6290146888988755,0.01,1.0,,,
8230,3.6337890625,0.0,3.6337890625,0.0002947098214285714,0.00016372767857142855,115859.0571722792,4.315414528,0.12043821852023698,0.6558571170295793,3.626039211298825,0.01,1.0,,,
8240,2.830078125,0.0,2.830078125,0.0002945089285714286,0.00016361607142857145,114944.12243359465,4.320657408,0.1124348257150846,0.3972183213453041,3.6230618026525456,0.01,1.0,,,
8250,2.5615234375,0.0,2.5615234375,0.0002943080357142857,0.0001635044642857143,114970.92801314798,4.325900288,0.1091184513371273,0.29168438729284774,3.620082468563638,0.01,1.0,,,
8260,2.80078125,0.0,2.80078125,0.00029410714285714283,0.00016339285714285715,114995.67527818208,4.331143168,0.10849720480665193,0.3696347113142932,3.617101214639327,0.01,1.0,,,
8270,2.6650390625,0.0,2.6650390625,0.00029390624999999995,0.00016328125,115025.88412418113,4.336386048,0.10960467882111731,0.6134295284353853,3.614118046490449,0.01,1.0,,,
8280,2.8505859375,0.0,2.8505859375,0.0002937053571428571,0.00016316964285714285,114313.85320478174,4.341628928,0.11599294964604415,0.3171619947419282,3.6111329697314445,0.01,1.0,,,
8290,2.8427734375,0.0,2.8427734375,0.0002935044642857143,0.00016305803571428575,114341.87591419733,4.346871808,0.11993168002342834,0.6412108749655284,3.608145989980345,0.01,1.0,,,
8300,2.978515625,0.0,2.978515625,0.0002933035714285714,0.00016294642857142858,114371.99891360782,4.352114688,0.12365808456503838,0.27069550475953424,3.6051571128587656,0.01,1.0,,,
8310,3.1630859375,0.0,3.1630859375,0.00029310267857142854,0.00016283482142857142,114401.36425988711,4.357357568,0.1251272446046604,0.479843570976018,3.6021663439918887,0.01,1.0,,,
8320,3.1162109375,0.0,3.1162109375,0.0002929017857142857,0.0001627232142857143,114428.56245740477,4.362600448,0.11454122458042994,0.3461816400258728,3.599173689008461,0.01,1.0,,,
8330,3.283203125,0.0,3.283203125,0.0002927008928571429,0.00016261160714285715,114458.96318785539,4.367843328,0.11886109235685896,0.5129104233836258,3.596179153540776,0.01,1.0,,,
8340,3.3642578125,0.0,3.3642578125,0.0002925,0.00016250000000000002,114488.88719251765,4.373086208,0.12282216877370679,0.5471217070268142,3.5931827432246677,0.01,1.0,,,
8350,3.2578125,0.0,3.2578125,0.00029229910714285713,0.00016238839285714286,114513.61314677741,4.378329088,0.11083593231079443,0.3173131725635677,3.5901844636994986,0.01,1.0,,,
8360,2.9951171875,0.0,2.9951171875,0.0002920982142857143,0.00016227678571428572,114542.76335397834,4.383571968,0.10499937581201577,0.3389228159146983,3.5871843206081486,0.01,1.0,,,
8370,3.7890625,0.0,3.7890625,0.0002918973214285715,0.0001621651785714286,114572.76747020485,4.388814848,0.12823534368233278,0.7392883764438019,3.5841823195970055,0.01,1.0,,,
8380,3.0458984375,0.0,3.0458984375,0.00029169642857142854,0.0001620535714285714,114598.18532473658,4.394057728,0.12288083272610646,0.509031567575977,3.5811784663159543,0.01,1.0,,,
8390,2.5546875,0.0,2.5546875,0.0002914955357142857,0.0001619419642857143,114627.1883979916,4.399300608,0.12333437129387678,0.35040809945332924,3.5781727664183633,0.01,1.0,,,
8400,3.2490234375,0.0,3.2490234375,0.00029129464285714284,0.00016183035714285716,114654.12896403133,4.404543488,0.12345472619259859,0.34957189421860363,3.5751652255610797,0.01,1.0,,,
8410,3.1357421875,0.0,3.1357421875,0.00029109374999999996,0.00016171875,114681.50554902978,4.409786368,0.11300704275428718,0.3441878105832757,3.5721558494044134,0.01,1.0,,,
8420,2.94189453125,0.0,2.94189453125,0.0002908928571428571,0.00016160714285714284,114709.6168255255,4.415029248,0.10874529171008303,0.38330198963805306,3.5691446436121295,0.01,1.0,,,
8430,3.193359375,0.0,3.193359375,0.00029069196428571425,0.0001614955357142857,114736.0896985215,4.420272128,0.1085768610427418,0.6341147071008877,3.5661316138514345,0.01,1.0,,,
8440,3.5107421875,0.0,3.5107421875,0.0002904910714285714,0.0001613839285714286,114766.82988045129,4.425515008,0.12914549719887863,0.3961711445390525,3.5631167657929708,0.01,1.0,,,
8450,2.9423828125,0.0,2.9423828125,0.00029029017857142855,0.00016127232142857143,114790.27037915155,4.430757888,0.1500934517894603,0.47619026018769217,3.5601001051108,0.01,1.0,,,
8460,3.16015625,0.0,3.16015625,0.00029008928571428567,0.00016116071428571427,114818.86064353694,4.436000768,0.11903520599253228,0.3499643845956946,3.5570816374823973,0.01,1.0,,,
8470,2.7548828125,0.0,2.7548828125,0.00028988839285714284,0.00016104910714285714,114844.44600405984,4.441243648,0.1131784504612334,0.32042331432286514,3.554061368588637,0.01,1.0,,,
8480,2.8583984375,0.0,2.8583984375,0.0002896875,0.0001609375,114873.20657403934,4.446486528,0.10440958490754132,0.5004766838012589,3.551039304113785,0.01,1.0,,,
8490,3.080078125,0.0,3.080078125,0.00028948660714285713,0.00016082589285714287,114903.4111835169,4.451729408,0.11156026502172231,0.47223853471435545,3.5480154497454848,0.01,1.0,,,
8500,3.2236328125,0.0,3.2236328125,0.00028928571428571425,0.0001607142857142857,114931.77111998318,4.456972288,0.10932709375571723,0.2751783997996381,3.5449898111747506,0.01,1.0,,,
8500,,,,,,,,,,,,,0.0,0.0,0.0
8510,2.8369140625,0.0,2.8369140625,0.00028908482142857143,0.00016060267857142857,114957.37117808095,4.462215168,0.11221017908927862,0.42050884956371265,3.5419623940959517,0.01,1.0,,,
8520,3.1337890625,0.0,3.1337890625,0.0002888839285714286,0.00016049107142857144,114985.44972081593,4.467458048,0.11168443677246669,0.5504195498242981,3.5389332042068085,0.01,1.0,,,
8530,3.1357421875,0.0,3.1357421875,0.0002886830357142857,0.00016037946428571428,115009.95797322193,4.472700928,0.1109098146606789,0.43939673126893136,3.535902247208374,0.01,1.0,,,
8540,2.751953125,0.0,2.751953125,0.00028848214285714284,0.00016026785714285714,115038.06322690441,4.477943808,0.17902273224401807,0.4528159999625655,3.5328695288050294,0.01,1.0,,,
8550,3.96484375,0.0,3.96484375,0.00028828125,0.00016015625,115063.38999817752,4.483186688,0.11954884867903813,0.4573979059659515,3.52983505470447,0.01,1.0,,,
8560,2.86328125,0.0,2.86328125,0.00028808035714285714,0.00016004464285714287,115092.76215531786,4.488429568,0.11455139226985792,0.38217550156864394,3.526798830617696,0.01,1.0,,,
8570,3.0546875,0.0,3.0546875,0.00028787946428571426,0.0001599330357142857,115116.04107534414,4.493672448,0.11284345083297419,0.5654772714543591,3.523760862259001,0.01,1.0,,,
8580,2.791015625,0.0,2.791015625,0.0002876785714285714,0.00015982142857142855,115146.50315664911,4.498915328,0.11018885006282877,0.3948494629285443,3.52072115534596,0.01,1.0,,,
8590,2.4716796875,0.0,2.4716796875,0.00028747767857142855,0.00015970982142857144,115164.99900998875,4.504158208,0.12355990492732302,0.41653083077808944,3.517679715599422,0.01,1.0,,,
8600,3.1416015625,0.0,3.1416015625,0.0002872767857142857,0.0001595982142857143,115189.98773852056,4.509401088,0.10349016869766117,0.47262270434910536,3.514636548743497,0.01,1.0,,,
8610,2.8896484375,0.0,2.8896484375,0.00028707589285714285,0.00015948660714285715,115216.98741565675,4.514643968,0.1127517846702718,0.4769876984492161,3.511591660505544,0.01,1.0,,,
8620,3.6923828125,0.0,3.6923828125,0.00028687499999999997,0.00015937499999999998,115242.25421768587,4.519886848,0.11023427303083849,0.3551330575741235,3.5085450566161636,0.01,1.0,,,
8630,3.416015625,0.0,3.416015625,0.00028667410714285714,0.00015926339285714288,115269.85971116675,4.525129728,0.11369152541416332,0.6603646125557718,3.5054967428091834,0.01,1.0,,,
8640,3.1875,0.0,3.1875,0.0002864732142857143,0.00015915178571428574,115296.23623563616,4.530372608,0.10906899713550099,0.29224817128524433,3.502446724821651,0.01,1.0,,,
8650,3.4560546875,0.0,3.4560546875,0.00028627232142857144,0.00015904017857142858,115323.06487816092,4.535615488,0.11268763609606955,0.7170383905739777,3.4993950083938192,0.01,1.0,,,
8660,3.146484375,0.0,3.146484375,0.00028607142857142856,0.00015892857142857142,115347.42590588781,4.540858368,0.11877963865766338,0.3965992523941701,3.49634159926914,0.01,1.0,,,
8670,3.2119140625,0.0,3.2119140625,0.00028587053571428573,0.00015881696428571429,115371.562640789,4.546101248,0.10797100185008833,0.32135195657995663,3.4932865031942484,0.01,1.0,,,
8680,3.369140625,0.0,3.369140625,0.0002856696428571429,0.00015870535714285718,115397.92342996631,4.551344128,0.11619560321691444,0.4470313815254508,3.490229725918956,0.01,1.0,,,
8690,3.4404296875,0.0,3.4404296875,0.00028546875,0.00015859375000000002,115423.2294214498,4.556587008,0.11422679071371801,0.5476869787192787,3.487171273196239,0.01,1.0,,,
8700,3.39453125,0.0,3.39453125,0.00028526785714285714,0.00015848214285714285,115449.90100928422,4.561829888,0.11576513806144456,0.4641577312088013,3.484111150782225,0.01,1.0,,,
8710,3.146484375,0.0,3.146484375,0.00028506696428571426,0.00015837053571428572,115476.30236929421,4.567072768,0.12274038197607812,0.7314828755964352,3.481049364436185,0.01,1.0,,,
8720,3.1005859375,0.0,3.1005859375,0.00028486607142857144,0.00015825892857142859,115500.32544286668,4.572315648,0.11117335489716265,0.3461273460381051,3.4779859199205228,0.01,1.0,,,
8730,3.1572265625,0.0,3.1572265625,0.0002846651785714285,0.00015814732142857142,115526.10087697409,4.577558528,0.11232760465902598,0.33398158683578705,3.4749208230007596,0.01,1.0,,,
8740,2.96484375,0.0,2.96484375,0.0002844642857142857,0.0001580357142857143,115550.01502345258,4.582801408,0.10921217312965366,0.4110516048722912,3.4718540794455306,0.01,1.0,,,
8750,3.3642578125,0.0,3.3642578125,0.00028426339285714285,0.00015792410714285716,115578.89616366691,4.588044288,0.12890420701838354,0.6669255326426929,3.468785695026566,0.01,1.0,,,
8760,3.171875,0.0,3.171875,0.00028406249999999997,0.0001578125,115602.7778450998,4.593287168,0.11468467731391672,0.5669071244644421,3.465715675518688,0.01,1.0,,,
8770,3.1337890625,0.0,3.1337890625,0.0002838616071428571,0.00015770089285714283,115630.71504387174,4.598530048,0.11747395326017217,0.5350786277272821,3.462644026699793,0.01,1.0,,,
8780,3.3583984375,0.0,3.3583984375,0.00028366071428571427,0.00015758928571428572,115655.62916382965,4.603772928,0.1204349799208384,0.3119909843488339,3.459570754350846,0.01,1.0,,,
8790,3.181640625,0.0,3.181640625,0.00028345982142857144,0.0001574776785714286,115681.78800307342,4.609015808,0.1082511440395435,0.4443500876798349,3.4564958642558667,0.01,1.0,,,
8800,3.0859375,0.0,3.0859375,0.00028325892857142856,0.00015736607142857143,115707.40007095537,4.614258688,0.11797422999528188,0.44938153247411977,3.4534193622019194,0.01,1.0,,,
8810,3.4306640625,0.0,3.4306640625,0.0002830580357142857,0.00015725446428571427,115732.45379565452,4.619501568,0.13417276165087294,0.2692267350414383,3.4503412539791016,0.01,1.0,,,
8820,2.8251953125,0.0,2.8251953125,0.00028285714285714286,0.00015714285714285713,115759.18646781845,4.624744448,0.11955559088798556,0.2653380761657933,3.447261545380534,0.01,1.0,,,
8830,3.0234375,0.0,3.0234375,0.00028265625000000003,0.00015703125000000003,115782.8025267294,4.629987328,0.11226030459540683,0.370456071923089,3.444180242202351,0.01,1.0,,,
8840,2.7978515625,0.0,2.7978515625,0.00028245535714285715,0.00015691964285714286,115809.82314602709,4.635230208,0.11879556435567162,0.44980750673092396,3.4410973502436852,0.01,1.0,,,
8850,3.009765625,0.0,3.009765625,0.00028225446428571427,0.0001568080357142857,115835.51839882154,4.640473088,0.13044850167218855,0.33822008552201055,3.4380128753066614,0.01,1.0,,,
8860,3.6376953125,0.0,3.6376953125,0.00028205357142857144,0.00015669642857142857,115857.5566937763,4.645715968,0.10939677319091319,0.3121084618135838,3.4349268231963834,0.01,1.0,,,
8870,3.3896484375,0.0,3.3896484375,0.00028185267857142856,0.00015658482142857143,115883.89357884457,4.650958848,0.10439967289907942,0.18446749067234935,3.431839199720921,0.01,1.0,,,
8880,3.134765625,0.0,3.134765625,0.0002816517857142857,0.0001564732142857143,115520.80951439014,4.656201728,0.11619000031398277,0.30436030455878926,3.428750010691306,0.01,1.0,,,
8890,3.2138671875,0.0,3.2138671875,0.0002814508928571428,0.00015636160714285714,115546.73156700697,4.661444608,0.1364236687985815,0.4864078042954072,3.425659261921512,0.01,1.0,,,
8900,2.6396484375,0.0,2.6396484375,0.00028125,0.00015625,115573.40122193866,4.666687488,0.1568127392489897,0.3676704260178045,3.4225669592284502,0.01,1.0,,,
8910,3.1025390625,0.0,3.1025390625,0.00028104910714285715,0.00015613839285714287,115598.55544249291,4.671930368,0.1155533081470645,0.29100696678980237,3.419473108431957,0.01,1.0,,,
8920,2.9033203125,0.0,2.9033203125,0.0002808482142857143,0.0001560267857142857,115623.02669550297,4.677173248,0.11772589338026822,0.2974102406322012,3.4163777153547805,0.01,1.0,,,
8930,3.0126953125,0.0,3.0126953125,0.0002806473214285714,0.00015591517857142857,115647.6026168617,4.682416128,0.10649893856788416,0.37684712703910483,3.4132807858225735,0.01,1.0,,,
8940,2.984375,0.0,2.984375,0.00028044642857142857,0.00015580357142857144,115672.92705299763,4.687659008,0.1161489273256725,0.5642517689207568,3.410182325663878,0.01,1.0,,,
8950,2.96484375,0.0,2.96484375,0.00028024553571428574,0.0001556919642857143,115699.00490600351,4.692901888,0.10895321227043048,0.3176023868361078,3.4070823407101183,0.01,1.0,,,
8960,3.220703125,0.0,3.220703125,0.00028004464285714286,0.00015558035714285714,115722.64477080466,4.698144768,0.11166140024512172,0.4386706536805982,3.4039808367955904,0.01,1.0,,,
8970,2.96875,0.0,2.96875,0.00027984375,0.00015546874999999998,115749.52991990824,4.703387648,0.1141731825312642,0.3152131556716099,3.400877819757445,0.01,1.0,,,
8980,3.0068359375,0.0,3.0068359375,0.00027964285714285716,0.00015535714285714287,115774.59115807181,4.708630528,0.10754456061051114,0.2986861607998614,3.397773295435682,0.01,1.0,,,
8990,3.0078125,0.0,3.0078125,0.00027944196428571433,0.00015524553571428574,115792.29233630653,4.713873408,0.11144999791784246,0.2348401442748439,3.39466726967314,0.01,1.0,,,
9000,3.0673828125,0.0,3.0673828125,0.00027924107142857145,0.00015513392857142858,115816.47502039766,4.719116288,0.14641153305473237,0.356953320482453,3.3915597483154802,0.01,1.0,,,
9000,,,,,,,,,,,,,0.0,0.0,0.0
9010,3.0185546875,0.0,3.0185546875,0.00027904017857142857,0.00015502232142857142,115843.99605465472,4.724359168,0.11105132354062275,0.5765111675189437,3.3884507372111825,0.01,1.0,,,
9020,3.13671875,0.0,3.13671875,0.0002788392857142857,0.00015491071428571428,115866.19630646265,4.729602048,0.10943821520537605,0.3312041750658548,3.385340242211526,0.01,1.0,,,
9030,2.9775390625,0.0,2.9775390625,0.00027863839285714286,0.00015479910714285717,115890.40090449099,4.734844928,0.11734667443368921,0.5830665403364336,3.382228269170587,0.01,1.0,,,
9040,2.90234375,0.0,2.90234375,0.0002784375,0.0001546875,115917.26141537483,4.740087808,0.13567660996494676,0.4965411678823114,3.3791148239452196,0.01,1.0,,,
9050,2.26171875,0.0,2.26171875,0.0002782366071428571,0.00015457589285714285,115938.4239368229,4.745330688,0.11137355326151308,0.33600314458667524,3.3759999123950517,0.01,1.0,,,
9060,3.2138671875,0.0,3.2138671875,0.0002780357142857143,0.00015446428571428572,115963.52762685894,4.750573568,0.11492195779586711,0.3769457526081426,3.3728835403824684,0.01,1.0,,,
9070,3.16796875,0.0,3.16796875,0.00027783482142857145,0.00015435267857142858,115130.05423051647,4.755816448,0.10970469814754798,0.30799447319116036,3.369765713772605,0.01,1.0,,,
9080,3.2421875,0.0,3.2421875,0.0002776339285714285,0.00015424107142857142,114432.69280065353,4.761059328,0.10512201633020923,0.4115606431087951,3.366646438433335,0.01,1.0,,,
9090,2.90625,0.0,2.90625,0.0002774330357142857,0.00015412946428571429,114459.89968437735,4.766302208,0.1357525001406185,0.3785840023076776,3.3635257202352564,0.01,1.0,,,
9100,2.9931640625,0.0,2.9931640625,0.00027723214285714287,0.00015401785714285715,114485.3118337546,4.771545088,0.10703710559781021,0.17810122605369677,3.3604035650516844,0.01,1.0,,,
9110,3.4482421875,0.0,3.4482421875,0.00027703125,0.00015390625,114212.04117886563,4.776787968,0.11217378055728906,0.2424866532385817,3.3572799787586383,0.01,1.0,,,
9120,2.95703125,0.0,2.95703125,0.0002768303571428571,0.00015379464285714283,114231.44958769984,4.782030848,0.11036425973571805,0.28254034908428266,3.3541549672348285,0.01,1.0,,,
9130,2.8984375,0.0,2.8984375,0.0002766294642857143,0.00015368303571428572,114258.13120838077,4.787273728,0.11476065939323958,0.22492515050370546,3.3510285363616537,0.01,1.0,,,
9140,2.9755859375,0.0,2.9755859375,0.00027642857142857146,0.0001535714285714286,114281.01491963364,4.792516608,0.12010771831430073,0.3670620061807171,3.3479006920231766,0.01,1.0,,,
9150,3.1953125,0.0,3.1953125,0.0002762276785714286,0.00015345982142857143,114308.56396767058,4.797759488,0.11469033445096485,0.32709736366549935,3.344771440106125,0.01,1.0,,,
9160,3.2822265625,0.0,3.2822265625,0.0002760267857142857,0.00015334821428571426,114332.35402503503,4.803002368,0.11334780142065416,0.31931240702675606,3.341640786499874,0.01,1.0,,,
9170,3.318359375,0.0,3.318359375,0.0002758258928571428,0.00015323660714285713,114357.04352722016,4.808245248,0.12046971772108851,0.33781320194849956,3.3385087370964377,0.01,1.0,,,
9180,3.1455078125,0.0,3.1455078125,0.000275625,0.00015312500000000002,114379.09234870282,4.813488128,0.12156821643884767,0.336561418634368,3.3353752977904554,0.01,1.0,,,
9190,3.2265625,0.0,3.2265625,0.0002754241071428571,0.00015301339285714286,114406.5858958167,4.818731008,0.1152075000853751,0.30088049208526935,3.332240474479183,0.01,1.0,,,
9200,3.1923828125,0.0,3.1923828125,0.00027522321428571423,0.0001529017857142857,114430.43203478298,4.823973888,0.11568085058493445,0.23406027993963638,3.329104273062484,0.01,1.0,,,
9210,3.216796875,0.0,3.216796875,0.0002750223214285714,0.00015279017857142856,114457.40818519445,4.829216768,0.12707185566216642,0.38610129310778046,3.3259666994428105,0.01,1.0,,,
9220,3.04296875,0.0,3.04296875,0.0002748214285714286,0.00015267857142857146,114481.4355286485,4.834459648,0.10768515903680831,0.47528760456207325,3.3228277595252007,0.01,1.0,,,
9230,3.2529296875,0.0,3.2529296875,0.0002746205357142857,0.0001525669642857143,114508.06142085705,4.839702528,0.11208857776941908,0.4128193258193858,3.3196874592172634,0.01,1.0,,,
9240,3.0791015625,0.0,3.0791015625,0.0002744196428571428,0.00015245535714285713,114532.53945769883,4.844945408,0.15100562602739712,0.5064747346812631,3.316545804429167,0.01,1.0,,,
9250,3.1220703125,0.0,3.1220703125,0.00027421875,0.00015234375,114556.73374663001,4.850188288,0.11602697494676333,0.3432987733051277,3.31340280107363,0.01,1.0,,,
9260,2.8564453125,0.0,2.8564453125,0.00027401785714285717,0.00015223214285714287,114582.5647212705,4.855431168,0.11332572106148743,0.45242728395475196,3.3102584550659087,0.01,1.0,,,
9270,3.302734375,0.0,3.302734375,0.0002738169642857143,0.00015212053571428573,114608.2900387149,4.860674048,0.12301634779951724,0.2884403676145852,3.3071127723237863,0.01,1.0,,,
9280,2.8857421875,0.0,2.8857421875,0.0002736160714285714,0.00015200892857142857,114633.69568746869,4.865916928,0.11371185651389493,0.28989160380864326,3.30396575876756,0.01,1.0,,,
9290,2.7705078125,0.0,2.7705078125,0.0002734151785714286,0.00015189732142857143,114655.58347728748,4.871159808,0.11460214624080554,0.38979596030937197,3.3008174203200364,0.01,1.0,,,
9300,2.9638671875,0.0,2.9638671875,0.00027321428571428576,0.0001517857142857143,114682.66089299097,4.876402688,0.11405870980004579,0.4230968438198035,3.2976677629065096,0.01,1.0,,,
9310,2.97265625,0.0,2.97265625,0.0002730133928571429,0.00015167410714285714,113860.0023580671,4.881645568,0.11611081542115342,0.30408725595232955,3.29451679245476,0.01,1.0,,,
9320,3.3115234375,0.0,3.3115234375,0.0002728125,0.0001515625,113881.7339879565,4.886888448,0.10145965145363578,0.24152949129044166,3.291364514895039,0.01,1.0,,,
9330,3.1953125,0.0,3.1953125,0.0002726116071428571,0.00015145089285714287,113910.87647310669,4.892131328,0.11206242185818327,0.5963037237863552,3.288210936160056,0.01,1.0,,,
9340,2.884765625,0.0,2.884765625,0.0002724107142857143,0.00015133928571428574,113933.62142241042,4.897374208,0.16065792020630246,0.36371516354505085,3.2850560621849714,0.01,1.0,,,
9350,3.123046875,0.0,3.123046875,0.0002722098214285714,0.00015122767857142857,113961.09762429737,4.902617088,0.1141686709898237,0.4843338644065563,3.2818998989073815,0.01,1.0,,,
9360,3.08984375,0.0,3.08984375,0.00027200892857142853,0.0001511160714285714,113987.58365161119,4.907859968,0.10957870507858307,0.6082998042385518,3.2787424522673105,0.01,1.0,,,
9370,3.1767578125,0.0,3.1767578125,0.0002718080357142857,0.0001510044642857143,113065.69428878238,4.913102848,0.1252876898131903,0.49542286550020254,3.2755837282071973,0.01,1.0,,,
9380,3.4765625,0.0,3.4765625,0.0002716071428571429,0.00015089285714285717,113092.78094359905,4.918345728,0.11819702105491801,0.3500745004221716,3.2724237326718852,0.01,1.0,,,
9390,3.0205078125,0.0,3.0205078125,0.00027140625,0.00015078125,113116.72495549767,4.923588608,0.10847431769782111,0.25891427762443453,3.2692624716086103,0.01,1.0,,,
9400,3.3271484375,0.0,3.3271484375,0.0002712053571428571,0.00015066964285714285,113144.07062822046,4.928831488,0.1165841887992747,0.3435603171620347,3.2660999509669897,0.01,1.0,,,
9410,3.4228515625,0.0,3.4228515625,0.0002710044642857143,0.0001505580357142857,113169.08207847095,4.934074368,0.13941450162599955,0.4726809419078697,3.262936176699013,0.01,1.0,,,
9420,3.2939453125,0.0,3.2939453125,0.00027080357142857147,0.0001504464285714286,113194.41026528705,4.939317248,0.1115496006141243,0.3299632313006266,3.259771154759027,0.01,1.0,,,
9430,3.078125,0.0,3.078125,0.00027060267857142853,0.00015033482142857142,113221.23731797794,4.944560128,0.10348674960052083,0.27077310137978466,3.256604891103729,0.01,1.0,,,
9440,3.2099609375,0.0,3.2099609375,0.0002704017857142857,0.00015022321428571428,113246.61021504912,4.949803008,0.1158440226384959,0.33796688443973705,3.253437391692151,0.01,1.0,,,
9450,2.8369140625,0.0,2.8369140625,0.0002702008928571429,0.00015011160714285715,113273.17770734662,4.955045888,0.11503280003674049,0.2897489166726006,3.250268662485652,0.01,1.0,,,
9460,2.9423828125,0.0,2.9423828125,0.00027,0.00015,113297.59222919773,4.960288768,0.1385202408567358,0.2715631216070234,3.247098709447905,0.01,1.0,,,
9470,3.0751953125,0.0,3.0751953125,0.0002697991071428571,0.00014988839285714285,113324.45779519994,4.965531648,0.11795269587312877,0.4419174729156213,3.243927538544887,0.01,1.0,,,
9480,2.9765625,0.0,2.9765625,0.00026959821428571424,0.00014977678571428572,113349.41053390653,4.970774528,0.13733447522421757,0.531233828224484,3.240755155744866,0.01,1.0,,,
9490,3.6513671875,0.0,3.6513671875,0.0002693973214285714,0.00014966517857142858,113373.80088194467,4.976017408,0.11980641989620933,0.4239893436157573,3.2375815670183923,0.01,1.0,,,
9500,2.8720703125,0.0,2.8720703125,0.00026919642857142854,0.00014955357142857142,113400.16849571116,4.981260288,0.1111157344792009,0.3208804269267174,3.234406778338284,0.01,1.0,,,
9500,,,,,,,,,,,,,0.0,0.0,0.0
9510,2.970703125,0.0,2.970703125,0.00026899553571428566,0.00014944196428571426,113421.25334363563,4.986503168,0.11576805287951303,0.3350673081048089,3.2312307956796196,0.01,1.0,,,
9520,3.046875,0.0,3.046875,0.00026879464285714283,0.00014933035714285715,113447.90396396423,4.991746048,0.1187407577177891,0.47387787862309483,3.228053625019722,0.01,1.0,,,
9530,3.234375,0.0,3.234375,0.00026859375,0.00014921875000000002,113473.05489594955,4.996988928,0.12133272129044967,0.5190630896726882,3.224875272338153,0.01,1.0,,,
9540,3.3974609375,0.0,3.3974609375,0.0002683928571428571,0.00014910714285714286,113499.03629486062,5.002231808,0.11310018380271579,0.2544573297005964,3.2216957436166966,0.01,1.0,,,
9550,3.07421875,0.0,3.07421875,0.00026819196428571425,0.0001489955357142857,113524.31632074022,5.007474688,0.13305071012203856,0.4605150427460606,3.2185150448393522,0.01,1.0,,,
9560,2.9892578125,0.0,2.9892578125,0.0002679910714285714,0.00014888392857142856,113546.73486858266,5.012717568,0.11957373241293016,0.34173660824635854,3.215333181992319,0.01,1.0,,,
9570,3.2412109375,0.0,3.2412109375,0.0002677901785714286,0.00014877232142857145,113574.49763461358,5.017960448,0.11666243667323625,0.6260535459558257,3.2121501610639904,0.01,1.0,,,
9580,3.0986328125,0.0,3.0986328125,0.0002675892857142857,0.0001486607142857143,113598.35526569287,5.023203328,0.10795619742260763,0.45622279110752917,3.208965988044935,0.01,1.0,,,
9590,3.212890625,0.0,3.212890625,0.00026738839285714284,0.00014854910714285713,113621.70780474402,5.028446208,0.10239898589586949,0.23979218517044562,3.205780668927893,0.01,1.0,,,
9600,3.28515625,0.0,3.28515625,0.0002671875,0.0001484375,113646.01520408911,5.033689088,0.11372693707393369,0.5904430347174602,3.2025942097077595,0.01,1.0,,,
9610,3.9345703125,0.0,3.9345703125,0.0002669866071428572,0.00014832589285714286,113669.5405681836,5.038931968,0.11399273826099006,0.5018942809144461,3.199406616381578,0.01,1.0,,,
9620,3.7021484375,0.0,3.7021484375,0.0002667857142857143,0.00014821428571428573,113696.44223273292,5.044174848,0.10359700121405925,0.42656168379215603,3.1962178949485227,0.01,1.0,,,
9630,3.205078125,0.0,3.205078125,0.0002665848214285714,0.00014810267857142857,113721.64672701787,5.049417728,0.11195385961381417,0.24368905845605032,3.1930280514098954,0.01,1.0,,,
9640,3.4990234375,0.0,3.4990234375,0.00026638392857142854,0.00014799107142857143,113747.03300176053,5.054660608,0.10977654563180211,0.35379181798928194,3.1898370917691046,0.01,1.0,,,
9650,2.9814453125,0.0,2.9814453125,0.0002661830357142857,0.0001478794642857143,113772.2096924967,5.059903488,0.11166619607822438,0.32087654734550203,3.186645022031664,0.01,1.0,,,
9660,2.962890625,0.0,2.962890625,0.00026598214285714284,0.00014776785714285714,113794.8920608709,5.065146368,0.10491923651617276,0.24692660716132106,3.183451848205174,0.01,1.0,,,
9670,3.3515625,0.0,3.3515625,0.00026578124999999996,0.00014765625,113819.01559737715,5.070389248,0.1398780560409373,0.3120485915501701,3.180257576299314,0.01,1.0,,,
9680,4.1123046875,0.0,4.1123046875,0.00026558035714285713,0.00014754464285714287,113842.9966822513,5.075632128,0.18128129130711498,0.4000976355252657,3.177062212325829,0.01,1.0,,,
9690,3.71484375,0.0,3.71484375,0.0002653794642857143,0.00014743303571428573,113177.12397693265,5.080875008,0.11082487171713382,0.3643578393558456,3.173865762298521,0.01,1.0,,,
9700,3.216796875,0.0,3.216796875,0.00026517857142857143,0.00014732142857142857,113202.60537202298,5.086117888,0.11104096650980394,0.34696670319634393,3.1706682322332336,0.01,1.0,,,
9710,3.0751953125,0.0,3.0751953125,0.00026497767857142855,0.0001472098214285714,113227.26111873175,5.091360768,0.11044975753707588,0.2224289791229049,3.1674696281478454,0.01,1.0,,,
9720,3.236328125,0.0,3.236328125,0.0002647767857142857,0.0001470982142857143,113250.6563709386,5.096603648,0.10648517115572298,0.3603374341527221,3.164269956062254,0.01,1.0,,,
9730,3.4599609375,0.0,3.4599609375,0.0002645758928571429,0.00014698660714285717,113272.47849713096,5.101846528,0.10704473532735177,0.277817091519974,3.16106922199837,0.01,1.0,,,
9740,3.5537109375,0.0,3.5537109375,0.000264375,0.000146875,113296.43911730143,5.107089408,0.10742957494353246,0.2291061548851136,3.1578674319800997,0.01,1.0,,,
9750,3.166015625,0.0,3.166015625,0.00026417410714285714,0.00014676339285714284,113322.5322986828,5.112332288,0.12336935337158658,0.2369994556892546,3.1546645920333387,0.01,1.0,,,
9760,3.376953125,0.0,3.376953125,0.0002639732142857143,0.00014665178571428574,113347.34317443048,5.117575168,0.1159707408100269,0.6075635297079549,3.151460708185958,0.01,1.0,,,
9770,3.47265625,0.0,3.47265625,0.0002637723214285715,0.0001465401785714286,113372.51793999881,5.122818048,0.11171943983452554,0.5178833703993045,3.148255786467794,0.01,1.0,,,
9780,3.19140625,0.0,3.19140625,0.00026357142857142855,0.00014642857142857141,113397.50192754262,5.128060928,0.10916005438790645,0.41969958836298715,3.145049832910633,0.01,1.0,,,
9790,2.892578125,0.0,2.892578125,0.00026337053571428567,0.00014631696428571428,113422.15841514977,5.133303808,0.11316229809026514,0.35185129593799835,3.1418428535482095,0.01,1.0,,,
9800,3.3017578125,0.0,3.3017578125,0.00026316964285714284,0.00014620535714285714,113447.70233906357,5.138546688,0.11996974846037317,0.39947799799712647,3.138634854416183,0.01,1.0,,,
9810,3.6083984375,0.0,3.6083984375,0.00026296874999999996,0.00014609375,113471.7316033164,5.143789568,0.13423922315396322,0.40533929225525006,3.1354258415521343,0.01,1.0,,,
9820,3.2607421875,0.0,3.2607421875,0.0002627678571428571,0.00014598214285714285,113496.43107089751,5.149032448,0.10809109203615891,0.24446251076319186,3.1322158209955524,0.01,1.0,,,
9830,3.41796875,0.0,3.41796875,0.00026256696428571426,0.00014587053571428571,113519.95849092441,5.154275328,0.11539892284783454,0.5199634891662317,3.1290047987878227,0.01,1.0,,,
9840,3.7099609375,0.0,3.7099609375,0.00026236607142857143,0.00014575892857142858,113544.6314929702,5.159518208,0.12464377649217862,0.6739156120318409,3.1257927809722155,0.01,1.0,,,
9850,3.1943359375,0.0,3.1943359375,0.00026216517857142855,0.00014564732142857142,113568.64380962323,5.164761088,0.11496225136764794,0.3599853240053681,3.1225797735938743,0.01,1.0,,,
9860,3.0185546875,0.0,3.0185546875,0.0002619642857142857,0.00014553571428571428,113592.7748357232,5.170003968,0.10869461405168822,0.36669997790082937,3.119365782699805,0.01,1.0,,,
9870,3.1015625,0.0,3.1015625,0.00026176339285714285,0.00014542410714285715,113618.63267866409,5.175246848,0.10529696855102699,0.465018545272114,3.1161508143388676,0.01,1.0,,,
9880,2.7822265625,0.0,2.7822265625,0.0002615625,0.00014531250000000002,113643.09092851018,5.180489728,0.1079148202516426,0.3073490714982151,3.112934874561757,0.01,1.0,,,
9890,3.12109375,0.0,3.12109375,0.00026136160714285714,0.00014520089285714285,113667.12192172183,5.185732608,0.10596947920830072,0.43253713514842224,3.109717969421,0.01,1.0,,,
9900,3.30859375,0.0,3.30859375,0.00026116071428571426,0.0001450892857142857,113690.07336342994,5.190975488,0.11237608400975918,0.4687211641043865,3.1065001049709378,0.01,1.0,,,
9910,3.5859375,0.0,3.5859375,0.00026095982142857144,0.00014497767857142858,113714.7501341445,5.196218368,0.12047251415924368,0.31369303481337246,3.1032812872677193,0.01,1.0,,,
9920,3.3466796875,0.0,3.3466796875,0.0002607589285714286,0.00014486607142857145,113738.84906413931,5.201461248,0.10333770788872529,0.37722706699426833,3.1000615223692845,0.01,1.0,,,
9930,2.7841796875,0.0,2.7841796875,0.00026055803571428573,0.0001447544642857143,113762.29880581395,5.206704128,0.10684746236828124,0.45683119339720907,3.096840816335359,0.01,1.0,,,
9940,3.1689453125,0.0,3.1689453125,0.00026035714285714285,0.00014464285714285713,113786.6001146988,5.211947008,0.11007997960860773,0.41128440371043945,3.093619175227438,0.01,1.0,,,
9950,3.3212890625,0.0,3.3212890625,0.00026015624999999997,0.00014453125,113808.03444637026,5.217189888,0.11513687307510272,0.3704443032617482,3.090396605108778,0.01,1.0,,,
9960,2.8935546875,0.0,2.8935546875,0.00025995535714285715,0.00014441964285714289,113832.46820818544,5.222432768,0.1134661678130159,0.24362878812691222,3.087173112044382,0.01,1.0,,,
9970,3.1005859375,0.0,3.1005859375,0.00025975446428571427,0.00014430803571428572,113856.49532891913,5.227675648,0.10532028819613815,0.26291255378798956,3.0839487021009906,0.01,1.0,,,
9980,3.3583984375,0.0,3.3583984375,0.0002595535714285714,0.00014419642857142856,113880.90504786879,5.232918528,0.1361563436052511,0.3542239542962906,3.080723381347071,0.01,1.0,,,
9990,3.052734375,0.0,3.052734375,0.00025935267857142856,0.00014408482142857143,113903.6552443869,5.238161408,0.11559768249160227,0.46015665208996914,3.0774971558528046,0.01,1.0,,,
10000,3.1123046875,0.0,3.1123046875,0.00025915178571428573,0.0001439732142857143,113927.14138146689,5.243404288,0.16481863448950348,0.29325775680302985,3.0742700316900735,0.01,1.0,,,
10000,,,,,,,,,,,,,0.0,0.0,0.0
10010,3.3408203125,0.0,3.3408203125,0.00025895089285714285,0.00014386160714285716,113933.62831105842,5.248647168,0.10933776807709072,0.34306986632097786,3.071042014932454,0.01,1.0,,,
10020,2.9833984375,0.0,2.9833984375,0.00025875,0.00014375,113956.36854788479,5.253890048,0.10701387180876155,0.31607660768249546,3.0678131116552,0.01,1.0,,,
10030,3.1025390625,0.0,3.1025390625,0.00025854910714285715,0.00014363839285714286,113983.40469812571,5.259132928,0.10483715115919065,0.6572433908363258,3.0645833279352352,0.01,1.0,,,
10040,3.1591796875,0.0,3.1591796875,0.0002583482142857143,0.00014352678571428573,114006.13408209011,5.264375808,0.12353815643151139,0.40022747878025344,3.061352669851139,0.01,1.0,,,
10050,3.173828125,0.0,3.173828125,0.00025814732142857144,0.00014341517857142857,114031.01944144651,5.269618688,0.13602542446020235,0.32565079394968516,3.0581211434831377,0.01,1.0,,,
10060,3.234375,0.0,3.234375,0.00025794642857142856,0.00014330357142857143,114053.33078941784,5.274861568,0.13684335274872272,0.6803257767590424,3.054888754913091,0.01,1.0,,,
10070,2.962890625,0.0,2.962890625,0.00025774553571428574,0.0001431919642857143,114077.66813251234,5.280104448,0.11411478235846963,0.41819487648271947,3.0516555102244824,0.01,1.0,,,
10080,2.9384765625,0.0,2.9384765625,0.0002575446428571429,0.00014308035714285716,114102.59200843904,5.285347328,0.10834472287006384,0.22629239313321858,3.0484214155024043,0.01,1.0,,,
10090,3.0341796875,0.0,3.0341796875,0.00025734375,0.00014296875,114124.5771592185,5.290590208,0.11325411427744982,0.2856129901246416,3.045186476833553,0.01,1.0,,,
10100,3.1298828125,0.0,3.1298828125,0.0002571428571428571,0.00014285714285714284,114147.7289580961,5.295833088,0.10792263169463445,0.46777419252269314,3.0419507003062076,0.01,1.0,,,
10110,3.16796875,0.0,3.16796875,0.00025694196428571427,0.00014274553571428573,114170.3931754787,5.301075968,0.12594079135051597,0.3068990013570454,3.038714092010229,0.01,1.0,,,
10120,4.259765625,0.0,4.259765625,0.00025674107142857145,0.0001426339285714286,114190.72871814786,5.306318848,0.13096687061394374,0.5065408976017409,3.03547665803704,0.01,1.0,,,
10130,2.982421875,0.0,2.982421875,0.0002565401785714285,0.0001425223214285714,114214.57963997537,5.311561728,0.11470337639559443,0.43352784310739784,3.0322384044796213,0.01,1.0,,,
10140,3.26171875,0.0,3.26171875,0.0002563392857142857,0.00014241071428571428,113881.96051179597,5.316804608,0.11146982006342718,0.31241513789671455,3.028999337432491,0.01,1.0,,,
10150,3.02734375,0.0,3.02734375,0.00025613839285714286,0.00014229910714285714,113905.48221900113,5.322047488,0.11403938956328794,0.2958233868901784,3.025759462991703,0.01,1.0,,,
10160,3.25,0.0,3.25,0.0002559375,0.0001421875,113928.4615363061,5.327290368,0.11597731729697572,0.2939181586210614,3.022518787254828,0.01,1.0,,,
10170,3.119140625,0.0,3.119140625,0.0002557366071428571,0.00014207589285714285,113953.25698093192,5.332533248,0.12087932601587885,0.6935838335548565,3.0192773163209443,0.01,1.0,,,
10180,3.0908203125,0.0,3.0908203125,0.0002555357142857143,0.0001419642857142857,113975.91769841698,5.337776128,0.12004510444726926,0.2648022320163677,3.0160350562906295,0.01,1.0,,,
10190,3.0986328125,0.0,3.0986328125,0.00025533482142857145,0.00014185267857142858,113999.96960892061,5.343019008,0.11577332086868859,0.43071155543757345,3.0127920132659436,0.01,1.0,,,
10200,3.537109375,0.0,3.537109375,0.00025513392857142857,0.00014174107142857142,114021.92850518624,5.348261888,0.13560360063952878,0.29763616336219473,3.009548193350422,0.01,1.0,,,
10210,3.7451171875,0.0,3.7451171875,0.0002549330357142857,0.00014162946428571428,114045.73938800182,5.353504768,0.11108483002905378,0.5874092348159593,3.006303602649062,0.01,1.0,,,
10220,3.830078125,0.0,3.830078125,0.00025473214285714286,0.00014151785714285715,114069.35160589132,5.358747648,0.10543314532845595,0.3999256102558525,3.0030582472683105,0.01,1.0,,,
10230,3.6904296875,0.0,3.6904296875,0.00025453125000000004,0.00014140625,113252.72899544403,5.363990528,0.11291840362711213,0.3464816449166594,2.999812133316055,0.01,1.0,,,
10240,3.1533203125,0.0,3.1533203125,0.00025433035714285716,0.00014129464285714285,113277.21543191191,5.369233408,0.10961876093097365,0.39071730062724336,2.9965652669016083,0.01,1.0,,,
10250,3.16015625,0.0,3.16015625,0.0002541294642857142,0.0001411830357142857,113300.13650962208,5.374476288,0.11367141693694992,0.3154036255880743,2.9933176541357027,0.01,1.0,,,
10260,3.376953125,0.0,3.376953125,0.0002539285714285714,0.00014107142857142858,113321.36057216072,5.379719168,0.11095871219691347,0.4041568246526748,2.990069301130472,0.01,1.0,,,
10270,3.0380859375,0.0,3.0380859375,0.00025372767857142857,0.00014095982142857145,113343.20091757076,5.384962048,0.13150555487086563,0.31346951946135515,2.986820213999446,0.01,1.0,,,
10280,3.8310546875,0.0,3.8310546875,0.0002535267857142857,0.00014084821428571429,113360.13954415757,5.390204928,0.11824078205740067,0.26300671630714495,2.983570398857533,0.01,1.0,,,
10290,3.7138671875,0.0,3.7138671875,0.0002533258928571428,0.00014073660714285712,113385.36942931163,5.395447808,0.11431200050386818,0.36309633071039865,2.9803198618210147,0.01,1.0,,,
10300,3.4072265625,0.0,3.4072265625,0.000253125,0.00014062500000000002,113409.37322705037,5.400690688,0.11151980229224555,0.2734793912128313,2.9770686090075285,0.01,1.0,,,
10310,3.453125,0.0,3.453125,0.00025292410714285716,0.00014051339285714288,113432.41893417184,5.405933568,0.12464311507909218,0.38179937023210614,2.973816646536062,0.01,1.0,,,
10320,3.212890625,0.0,3.212890625,0.0002527232142857143,0.00014040178571428572,113454.92035866232,5.411176448,0.12506200044541974,0.5801434456777398,2.970563980526935,0.01,1.0,,,
10330,3.0302734375,0.0,3.0302734375,0.0002525223214285714,0.00014029017857142856,113475.59367353776,5.416419328,0.11465715747023364,0.3819186871884037,2.967310617101795,0.01,1.0,,,
10340,2.810546875,0.0,2.810546875,0.0002523214285714286,0.00014017857142857142,113498.76917421755,5.421662208,0.11812347306674537,0.43982497355933187,2.964056562383598,0.01,1.0,,,
10350,3.5380859375,0.0,3.5380859375,0.00025212053571428575,0.00014006696428571432,113521.8503252186,5.426905088,0.17212302807740673,0.5404903488567055,2.960801822496605,0.01,1.0,,,
10360,3.1630859375,0.0,3.1630859375,0.00025191964285714287,0.00013995535714285716,113544.30234507017,5.432147968,0.11062374036984504,0.4444108891686857,2.9575464035663637,0.01,1.0,,,
10370,3.09375,0.0,3.09375,0.00025171875,0.00013984375,113566.99918342086,5.437390848,0.1017224343683413,0.3025835423762272,2.9542903117197015,0.01,1.0,,,
10380,3.2978515625,0.0,3.2978515625,0.00025151785714285716,0.00013973214285714286,113587.37737740074,5.442633728,0.1420499488833513,0.5182245373509351,2.9510335530847107,0.01,1.0,,,
10390,3.171875,0.0,3.171875,0.0002513169642857143,0.00013962053571428573,113612.74999238766,5.447876608,0.10997010534131639,0.3445040369837058,2.9477761337907404,0.01,1.0,,,
10400,2.9619140625,0.0,2.9619140625,0.0002511160714285714,0.0001395089285714286,113635.71758356357,5.453119488,0.10397146189167349,0.21705503242186913,2.9445180599683805,0.01,1.0,,,
10410,3.10546875,0.0,3.10546875,0.0002509151785714285,0.00013939732142857143,113660.07830669268,5.458362368,0.10538402194583439,0.2937724537649637,2.941259337749456,0.01,1.0,,,
10420,2.8935546875,0.0,2.8935546875,0.0002507142857142857,0.0001392857142857143,113681.88672156792,5.463605248,0.10790975295707267,0.24951434331280753,2.93799997326701,0.01,1.0,,,
10430,2.798828125,0.0,2.798828125,0.00025051339285714287,0.00013917410714285716,113703.81796220603,5.468848128,0.11875903901254128,0.34216495291558424,2.934739972655295,0.01,1.0,,,
10440,3.0615234375,0.0,3.0615234375,0.0002503125,0.0001390625,113727.92844912417,5.474091008,0.11451694260280604,0.2105703076820433,2.93147934204976,0.01,1.0,,,
10450,3.111328125,0.0,3.111328125,0.0002501116071428571,0.00013895089285714286,113750.22197942027,5.479333888,0.10781032510402586,0.44705569122000305,2.9282180875870414,0.01,1.0,,,
10460,3.3349609375,0.0,3.3349609375,0.0002499107142857143,0.00013883928571428573,113771.17946293717,5.484576768,0.11073713785053658,0.4240736069627782,2.924956215404947,0.01,1.0,,,
10470,3.1728515625,0.0,3.1728515625,0.00024970982142857146,0.0001387276785714286,113795.25905183492,5.489819648,0.10555058221176826,0.30737744809514056,2.9216937316424505,0.01,1.0,,,
10480,2.9560546875,0.0,2.9560546875,0.0002495089285714285,0.0001386160714285714,113816.33844099424,5.495062528,0.11818240947444829,0.2455834515548646,2.9184306424396738,0.01,1.0,,,
10490,3.294921875,0.0,3.294921875,0.0002493080357142857,0.00013850446428571427,113565.8315181028,5.500305408,0.11980456200344908,0.4873768762758445,2.9151669539378804,0.01,1.0,,,
10500,2.978515625,0.0,2.978515625,0.0002491071428571429,0.00013839285714285717,113587.65903118659,5.505548288,0.11704475506450539,0.42276189437281175,2.9119026722794588,0.01,1.0,,,
10500,,,,,,,,,,,,,0.0,0.0,0.0
10510,3.3154296875,0.0,3.3154296875,0.00024890625,0.00013828125,113609.83791730313,5.510791168,0.10767193200481955,0.3666291610451497,2.908637803607918,0.01,1.0,,,
10520,3.6162109375,0.0,3.6162109375,0.0002487053571428571,0.00013816964285714284,113632.3328610401,5.516034048,0.11544335652448001,0.4089289470895543,2.9053723540678673,0.01,1.0,,,
10530,3.3193359375,0.0,3.3193359375,0.0002485044642857143,0.0001380580357142857,113654.51509520903,5.521276928,0.11008881386218781,0.3314051420221941,2.9021063298050134,0.01,1.0,,,
10540,2.7705078125,0.0,2.7705078125,0.00024830357142857146,0.00013794642857142857,113677.83869710138,5.526519808,0.13224476013292882,0.2630943041370957,2.898839736966141,0.01,1.0,,,
10550,2.986328125,0.0,2.986328125,0.0002481026785714286,0.00013783482142857144,113698.96674929046,5.531762688,0.11264867498704371,0.34701574308147476,2.8955725816991085,0.01,1.0,,,
10560,3.001953125,0.0,3.001953125,0.00024790178571428565,0.00013772321428571428,113722.10545944313,5.537005568,0.12475190112656383,0.40907568090716534,2.8923048701528287,0.01,1.0,,,
10570,3.22265625,0.0,3.22265625,0.0002477008928571428,0.00013761160714285714,113745.32473303586,5.542248448,0.12049606554390306,0.2757463705740896,2.8890366084772636,0.01,1.0,,,
10580,2.8154296875,0.0,2.8154296875,0.0002475,0.0001375,113768.27354374327,5.547491328,0.16715252373323017,0.6383347892224086,2.885767802823413,0.01,1.0,,,
10590,3.2470703125,0.0,3.2470703125,0.0002472991071428571,0.00013738839285714285,113791.15523758133,5.552734208,0.11377126162319261,0.3036721985618626,2.8824984593432954,0.01,1.0,,,
10600,3.1552734375,0.0,3.1552734375,0.00024709821428571424,0.0001372767857142857,113810.39378972279,5.557977088,0.11765251393700348,0.3711214366478087,2.879228584189945,0.01,1.0,,,
10610,3.482421875,0.0,3.482421875,0.0002468973214285714,0.00013716517857142858,113834.27715556364,5.563219968,0.11268958459183834,0.38402861778980824,2.875958183517396,0.01,1.0,,,
10620,3.0830078125,0.0,3.0830078125,0.0002466964285714286,0.00013705357142857144,113855.25337521516,5.568462848,0.11006252772925018,0.33488806240123115,2.8726872634806715,0.01,1.0,,,
10630,3.1953125,0.0,3.1953125,0.0002464955357142857,0.00013694196428571428,113875.98902442266,5.573705728,0.10999643423168409,0.34871088323026517,2.8694158302357704,0.01,1.0,,,
10640,3.4091796875,0.0,3.4091796875,0.00024629464285714283,0.00013683035714285712,113897.55770342528,5.578948608,0.12340532502207167,0.2901019232754478,2.8661438899396603,0.01,1.0,,,
10650,3.1064453125,0.0,3.1064453125,0.00024609375,0.00013671875,113921.84191326139,5.584191488,0.1135511966923985,0.20614473793481605,2.8628714487502616,0.01,1.0,,,
10660,3.11328125,0.0,3.11328125,0.0002458928571428572,0.00013660714285714288,113941.86962197916,5.589434368,0.10653066658182811,0.3109496335676696,2.859598512826437,0.01,1.0,,,
10670,2.560546875,0.0,2.560546875,0.0002456919642857143,0.00013649553571428572,113965.22973670917,5.594677248,0.1188491963185361,0.32216311988783264,2.856325088327982,0.01,1.0,,,
10680,3.1201171875,0.0,3.1201171875,0.0002454910714285714,0.00013638392857142856,113987.3725126535,5.599920128,0.11363457911090839,0.25946431792866587,2.8530511814156094,0.01,1.0,,,
10690,3.111328125,0.0,3.111328125,0.0002452901785714286,0.00013627232142857142,114007.33603118891,5.605163008,0.10951564452133156,0.38027023171983637,2.8497767982509417,0.01,1.0,,,
10700,3.0830078125,0.0,3.0830078125,0.0002450892857142857,0.00013616071428571431,114030.39121868106,5.610405888,0.12436805072287291,0.40792826031708546,2.8465019449964966,0.01,1.0,,,
10710,3.2880859375,0.0,3.2880859375,0.00024488839285714283,0.00013604910714285715,114051.43665962246,5.615648768,0.11664596868089727,0.30177700854487566,2.8432266278156773,0.01,1.0,,,
10720,2.91796875,0.0,2.91796875,0.00024468749999999995,0.0001359375,114074.02050990415,5.620891648,0.13632816306043308,0.3388162014825586,2.8399508528727595,0.01,1.0,,,
10730,3.04296875,0.0,3.04296875,0.0002444866071428571,0.00013582589285714286,114093.47556685375,5.626134528,0.11383303771503521,0.34605954347976714,2.836674626332881,0.01,1.0,,,
10740,3.1259765625,0.0,3.1259765625,0.0002442857142857143,0.00013571428571428572,114116.15506044673,5.631377408,0.10852280910503813,0.39171563975257034,2.8333979543620287,0.01,1.0,,,
10750,3.193359375,0.0,3.193359375,0.00024408482142857142,0.0001356026785714286,114140.16649766266,5.636620288,0.12152412023246924,0.2638537263075313,2.8301208431270295,0.01,1.0,,,
10760,3.607421875,0.0,3.607421875,0.00024388392857142854,0.00013549107142857143,113340.84618962715,5.641863168,0.11990757628093401,0.4697619723984989,2.8268432987955348,0.01,1.0,,,
10770,3.029296875,0.0,3.029296875,0.00024368303571428571,0.0001353794642857143,113364.41541550383,5.647106048,0.10946595963685014,0.46924728528683246,2.8235653275360133,0.01,1.0,,,
10780,3.4609375,0.0,3.4609375,0.0002434821428571429,0.00013526785714285716,112689.19528971253,5.652348928,0.10554738058718666,0.25544128857076015,2.8202869355177347,0.01,1.0,,,
10790,3.0869140625,0.0,3.0869140625,0.00024328125,0.00013515625,112709.91426205424,5.657591808,0.11355773542879875,0.7031938723634116,2.8170081289107616,0.01,1.0,,,
10800,3.3876953125,0.0,3.3876953125,0.00024308035714285713,0.00013504464285714286,112729.98763406297,5.662834688,0.1328271833008622,0.30518112592741464,2.81372891388594,0.01,1.0,,,
10810,3.00390625,0.0,3.00390625,0.0002428794642857143,0.00013493303571428573,112752.71829644736,5.668077568,0.1287539839417375,0.3704167016169819,2.810449296614879,0.01,1.0,,,
10820,3.1826171875,0.0,3.1826171875,0.00024267857142857145,0.0001348214285714286,112776.24572851176,5.673320448,0.10870794845066682,0.40263238770096177,2.8071692832699493,0.01,1.0,,,
10830,3.2646484375,0.0,3.2646484375,0.00024247767857142852,0.0001347098214285714,112799.09531085973,5.678563328,0.1027425368149851,0.6768292334907233,2.8038888800242643,0.01,1.0,,,
10840,3.22265625,0.0,3.22265625,0.0002422767857142857,0.00013459821428571427,112822.05013127177,5.683806208,0.1183225774720962,0.7188643978569008,2.800608093051673,0.01,1.0,,,
10850,3.162109375,0.0,3.162109375,0.00024207589285714286,0.00013448660714285716,112844.14564520435,5.689049088,0.10801709123156085,0.27587889100786045,2.7973269285267452,0.01,1.0,,,
10860,2.7001953125,0.0,2.7001953125,0.00024187499999999998,0.000134375,112866.1837003502,5.694291968,0.12087362904174209,0.38940054358338283,2.794045392624762,0.01,1.0,,,
10870,3.107421875,0.0,3.107421875,0.0002416741071428571,0.00013426339285714284,112888.09877967907,5.699534848,0.11089694808535486,0.3667313509669728,2.790763491521702,0.01,1.0,,,
10880,3.09765625,0.0,3.09765625,0.00024147321428571428,0.0001341517857142857,112910.7558714672,5.704777728,0.10454267428216589,0.4044435728583315,2.787481231394235,0.01,1.0,,,
10890,3.0126953125,0.0,3.0126953125,0.00024127232142857145,0.0001340401785714286,112932.65392657611,5.710020608,0.11315933989697201,0.3022129588888272,2.7841986184197016,0.01,1.0,,,
10900,3.1298828125,0.0,3.1298828125,0.00024107142857142855,0.00013392857142857144,112952.00744128665,5.715263488,0.1254979725247031,0.3831606065747414,2.78091565877611,0.01,1.0,,,
10910,3.0341796875,0.0,3.0341796875,0.00024087053571428567,0.00013381696428571427,112976.4671092807,5.720506368,0.11536553726235105,0.3604251595698963,2.777632358642119,0.01,1.0,,,
10920,3.513671875,0.0,3.513671875,0.00024066964285714284,0.00013370535714285714,112997.74693660336,5.725749248,0.1096065794263565,0.343625539857885,2.7743487241970297,0.01,1.0,,,
10930,2.876953125,0.0,2.876953125,0.00024046875000000001,0.00013359375,113021.16723575811,5.730992128,0.10005525186536669,0.23158370831887184,2.771064761620771,0.01,1.0,,,
10940,3.1435546875,0.0,3.1435546875,0.00024026785714285713,0.00013348214285714287,113043.05598691158,5.736235008,0.11237285109789728,0.5392846061189924,2.7677804770938885,0.01,1.0,,,
10950,2.833984375,0.0,2.833984375,0.00024006696428571425,0.0001333705357142857,113064.91058497128,5.741477888,0.1100265461002179,0.33336414974216816,2.7644958767975374,0.01,1.0,,,
10960,3.44921875,0.0,3.44921875,0.00023986607142857143,0.00013325892857142857,113087.03228247643,5.746720768,0.10872286020041377,0.42445686850925957,2.761210966913464,0.01,1.0,,,
10970,2.9267578125,0.0,2.9267578125,0.00023966517857142858,0.00013314732142857144,113109.15609702,5.751963648,0.1149712341193593,0.2435476990929962,2.7579257536239985,0.01,1.0,,,
10980,3.02734375,0.0,3.02734375,0.0002394642857142857,0.00013303571428571428,113130.93797176042,5.757206528,0.11340338463789941,0.2851565843458231,2.75464024311204,0.01,1.0,,,
10990,3.056640625,0.0,3.056640625,0.00023926339285714282,0.00013292410714285714,113152.61949528479,5.762449408,0.1123949725128589,0.5562601612508169,2.7513544415610514,0.01,1.0,,,
11000,3.189453125,0.0,3.189453125,0.0002390625,0.0001328125,113176.19996233187,5.767692288,0.1092247683784734,0.3214417846671696,2.7480683551550382,0.01,1.0,,,
11000,,,,,,,,,,,,,0.0,0.0,0.0
11010,3.234375,0.0,3.234375,0.00023886160714285716,0.00013270089285714288,113198.64321231454,5.772935168,0.10955979376768171,0.43377410117820697,2.7447819900785455,0.01,1.0,,,
11020,3.0283203125,0.0,3.0283203125,0.00023866071428571428,0.00013258928571428571,113221.48027558887,5.778178048,0.20639001095914433,0.37302774440067793,2.7414953525166434,0.01,1.0,,,
11030,2.853515625,0.0,2.853515625,0.0002384598214285714,0.00013247767857142855,113241.82710462948,5.783420928,0.13630398139013788,0.4323287694832259,2.738208448654911,0.01,1.0,,,
11040,3.3359375,0.0,3.3359375,0.00023825892857142858,0.00013236607142857144,113265.7717935058,5.788663808,0.10466924681958209,0.2730570072254219,2.7349212846794324,0.01,1.0,,,
11050,3.4072265625,0.0,3.4072265625,0.00023805803571428573,0.0001322544642857143,113288.37454538148,5.793906688,0.18507596372756865,0.5035123428647168,2.731633866776779,0.01,1.0,,,
11060,3.0166015625,0.0,3.0166015625,0.00023785714285714285,0.00013214285714285715,113309.39201942227,5.799149568,0.12043712761901587,0.2907938628832535,2.728346201134002,0.01,1.0,,,
11070,3.6328125,0.0,3.6328125,0.00023765624999999997,0.00013203125,113332.03620816422,5.804392448,0.11201390074937517,0.37309332695615777,2.7250582939386154,0.01,1.0,,,
11080,3.2041015625,0.0,3.2041015625,0.00023745535714285714,0.00013191964285714285,113350.95175650799,5.809635328,0.11771287299763884,0.31430738594443436,2.721770151378592,0.01,1.0,,,
11090,3.265625,0.0,3.265625,0.00023725446428571431,0.00013180803571428575,113374.09697305,5.814878208,0.20598507842570019,0.44643642476557704,2.7184817796423455,0.01,1.0,,,
11100,3.388671875,0.0,3.388671875,0.00023705357142857143,0.00013169642857142858,113393.81965558272,5.820121088,0.12888803365373386,0.33337690021568445,2.7151931849187205,0.01,1.0,,,
11110,3.3486328125,0.0,3.3486328125,0.00023685267857142855,0.00013158482142857142,113415.531532629,5.825363968,0.12168710690190014,0.4191131762755525,2.7119043733969814,0.01,1.0,,,
11120,3.2724609375,0.0,3.2724609375,0.00023665178571428573,0.0001314732142857143,113438.21251145475,5.830606848,0.10620892722232168,0.358387678350811,2.7086153512668028,0.01,1.0,,,
11130,3.21484375,0.0,3.21484375,0.00023645089285714288,0.00013136160714285715,113458.84397988894,5.835849728,0.11178141893792383,0.312325857433412,2.7053261247182525,0.01,1.0,,,
11140,3.439453125,0.0,3.439453125,0.00023625,0.00013125000000000002,113481.799861546,5.841092608,0.11306976600765187,0.24038272456007911,2.702036699941784,0.01,1.0,,,
11150,3.1708984375,0.0,3.1708984375,0.00023604910714285712,0.00013113839285714286,113501.00403562092,5.846335488,0.11182477122288265,0.662774137066725,2.698747083128227,0.01,1.0,,,
11160,3.2412109375,0.0,3.2412109375,0.0002358482142857143,0.00013102678571428572,113522.97372020008,5.851578368,0.10642704760008832,0.3123097054765458,2.695457280468767,0.01,1.0,,,
11170,2.9521484375,0.0,2.9521484375,0.00023564732142857146,0.0001309151785714286,113544.88787435582,5.856821248,0.11399668940287544,0.26222108561361757,2.6921672981549443,0.01,1.0,,,
11180,3.4658203125,0.0,3.4658203125,0.00023544642857142853,0.0001308035714285714,112686.09284965084,5.862064128,0.11668222910719986,0.363781279161818,2.6888771423786335,0.01,1.0,,,
11190,3.2412109375,0.0,3.2412109375,0.0002352455357142857,0.0001306919642857143,112707.34772920192,5.867307008,0.1478571999368627,0.43273397529143937,2.6855868193320394,0.01,1.0,,,
11200,3.1015625,0.0,3.1015625,0.00023504464285714285,0.00013058035714285716,112728.39471150214,5.872549888,0.11524850837894192,0.45722794640257686,2.682296335207678,0.01,1.0,,,
11210,3.10546875,0.0,3.10546875,0.00023484374999999997,0.00013046875,112750.04828148553,5.877792768,0.13260175917761824,0.36533292896674063,2.6790056961983715,0.01,1.0,,,
11220,3.0234375,0.0,3.0234375,0.0002346428571428571,0.00013035714285714284,112772.71721064516,5.883035648,0.12197450009161198,0.3668576822477032,2.67571490849723,0.01,1.0,,,
11230,3.1826171875,0.0,3.1826171875,0.00023444196428571427,0.0001302455357142857,112794.22705891005,5.888278528,0.15310386694461542,0.33857166826868035,2.672423978297647,0.01,1.0,,,
11240,3.1552734375,0.0,3.1552734375,0.00023424107142857144,0.0001301339285714286,112813.52286225934,5.893521408,0.13574215237941917,0.2828041688001905,2.6691329117932843,0.01,1.0,,,
11250,3.10546875,0.0,3.10546875,0.00023404017857142856,0.00013002232142857143,112835.12481542848,5.898764288,0.12664310312658333,0.4537413548442202,2.665841715178056,0.01,1.0,,,
11260,2.943359375,0.0,2.943359375,0.00023383928571428568,0.00012991071428571427,112857.03934245434,5.904007168,0.1096295458387341,0.6917955522424794,2.6625503946461264,0.01,1.0,,,
11270,3.3623046875,0.0,3.3623046875,0.00023363839285714286,0.00012979910714285714,112876.65359410648,5.909250048,0.11696669756191018,0.3046516175658808,2.659258956391888,0.01,1.0,,,
11280,2.7802734375,0.0,2.7802734375,0.0002334375,0.0001296875,112897.58355598245,5.914492928,0.16625032354571667,0.3830013533277381,2.655967406609959,0.01,1.0,,,
11290,3.2021484375,0.0,3.2021484375,0.00023323660714285712,0.00012957589285714287,112919.90816948362,5.919735808,0.13155441854698213,0.383474703750014,2.652675751495165,0.01,1.0,,,
11300,3.05078125,0.0,3.05078125,0.00023303571428571424,0.0001294642857142857,112942.53848610773,5.924978688,0.11565241533651839,0.30325167509836815,2.649383997242532,0.01,1.0,,,
11310,2.9375,0.0,2.9375,0.00023283482142857142,0.00012935267857142857,112961.87853108608,5.930221568,0.12404823648732916,0.385604873987837,2.6460921500472683,0.01,1.0,,,
11320,3.2080078125,0.0,3.2080078125,0.0002326339285714286,0.00012924107142857144,112985.30080627624,5.935464448,0.12067555004177451,0.3238265641766844,2.6428002161047637,0.01,1.0,,,
11330,2.955078125,0.0,2.955078125,0.0002324330357142857,0.00012912946428571427,113002.5243737575,5.940707328,0.10718283809424455,0.37068268773573076,2.6395082016105644,0.01,1.0,,,
11340,3.1943359375,0.0,3.1943359375,0.00023223214285714283,0.00012901785714285714,113025.09617788297,5.945950208,0.12217376247100666,0.4639056902334418,2.6362161127603736,0.01,1.0,,,
11350,3.2060546875,0.0,3.2060546875,0.00023203125,0.00012890625,113045.13160899849,5.951193088,0.11410465632434019,0.3687312237189553,2.632923955750031,0.01,1.0,,,
11360,3.2373046875,0.0,3.2373046875,0.00023183035714285715,0.00012879464285714287,113068.11456355176,5.956435968,0.12270893656059435,0.398866067531772,2.629631736775506,0.01,1.0,,,
11370,3.2373046875,0.0,3.2373046875,0.00023162946428571427,0.0001286830357142857,112402.72325691704,5.961678848,0.12113947677422092,0.3709676267849158,2.6263394620328855,0.01,1.0,,,
11380,3.3544921875,0.0,3.3544921875,0.0002314285714285714,0.00012857142857142855,111617.51523579539,5.966921728,0.11227083733038982,0.2953516128445459,2.6230471377183586,0.01,1.0,,,
11390,2.9375,0.0,2.9375,0.00023122767857142857,0.00012845982142857144,111641.75259289326,5.972164608,0.14739062923684262,0.3520282371271385,2.619754770028211,0.01,1.0,,,
11400,3.3671875,0.0,3.3671875,0.00023102678571428574,0.0001283482142857143,111328.40696546213,5.977407488,0.1131621085927849,0.696440517737048,2.616462365158807,0.01,1.0,,,
11410,2.91796875,0.0,2.91796875,0.00023082589285714286,0.00012823660714285715,111351.2248211073,5.982650368,0.11294924621617938,0.29536126412995434,2.6131699293065838,0.01,1.0,,,
11420,3.2138671875,0.0,3.2138671875,0.00023062499999999998,0.00012812499999999998,111373.12104353128,5.987893248,0.12063425748889581,0.2454646562178211,2.6098774686680346,0.01,1.0,,,
11430,2.98046875,0.0,2.98046875,0.00023042410714285716,0.00012801339285714288,111395.41915801034,5.993136128,0.1258005759626007,0.3952128670819324,2.6065849894396997,0.01,1.0,,,
11440,3.140625,0.0,3.140625,0.0002302232142857143,0.00012790178571428574,111417.70008778328,5.998379008,0.18711189877830176,0.5826543923455819,2.603292497818155,0.01,1.0,,,
11450,2.970703125,0.0,2.970703125,0.00023002232142857142,0.00012779017857142858,111439.81006090732,6.003621888,0.11199038452163536,0.42633459474634977,2.5999999999999996,0.01,1.0,,,
11460,3.2421875,0.0,3.2421875,0.00022982142857142854,0.00012767857142857142,111460.70516735283,6.008864768,0.13405627322034683,0.4633645339888343,2.5967075021818453,0.01,1.0,,,
11470,2.7197265625,0.0,2.7197265625,0.00022962053571428572,0.00012756696428571428,111482.37690926642,6.014107648,0.1084211120623245,0.37908478272630364,2.5934150105603004,0.01,1.0,,,
11480,2.9150390625,0.0,2.9150390625,0.0002294196428571429,0.00012745535714285718,111503.48992210116,6.019350528,0.10173438493826623,0.26473820520500024,2.590122531331966,0.01,1.0,,,
11490,3.091796875,0.0,3.091796875,0.00022921875,0.00012734375000000002,111526.17680950623,6.024593408,0.11206359513957544,0.2860219806485589,2.5868300706934164,0.01,1.0,,,
11500,3.12109375,0.0,3.12109375,0.00022901785714285713,0.00012723214285714285,111547.30204459446,6.029836288,0.1130398408970275,0.26850743138456534,2.583537634841193,0.01,1.0,,,
11500,,,,,,,,,,,,,0.0,0.0,0.0
11510,3.029296875,0.0,3.029296875,0.00022881696428571428,0.00012712053571428572,111568.01031918674,6.035079168,0.10355142894412461,0.3064712396300545,2.5802452299717893,0.01,1.0,,,
11520,3.126953125,0.0,3.126953125,0.00022861607142857145,0.00012700892857142859,111589.96848698199,6.040322048,0.11283195923364288,0.2620818827375573,2.576952862281642,0.01,1.0,,,
11530,2.9130859375,0.0,2.9130859375,0.00022841517857142852,0.00012689732142857142,111612.31025503145,6.045564928,0.10785433040482821,0.23416032109360677,2.573660537967115,0.01,1.0,,,
11540,2.814453125,0.0,2.814453125,0.0002282142857142857,0.0001267857142857143,111634.98190629615,6.050807808,0.1068949196571716,0.38449239421325293,2.570368263224495,0.01,1.0,,,
11550,3.1298828125,0.0,3.1298828125,0.00022801339285714287,0.00012667410714285715,111655.030916895,6.056050688,0.11087592371967196,0.20911371476319557,2.5670760442499696,0.01,1.0,,,
11560,3.0751953125,0.0,3.0751953125,0.0002278125,0.0001265625,111677.51560915548,6.061293568,0.11859080260219189,0.29312102836672216,2.5637838872396275,0.01,1.0,,,
11570,3.2900390625,0.0,3.2900390625,0.0002276116071428571,0.00012645089285714283,111698.71195138444,6.066536448,0.11621057870253285,0.3529375174075865,2.560491798389436,0.01,1.0,,,
11580,2.94921875,0.0,2.94921875,0.00022741071428571428,0.00012633928571428572,110864.87459129107,6.071779328,0.10862905848993461,0.35902689092946044,2.557199783895238,0.01,1.0,,,
11590,3.1416015625,0.0,3.1416015625,0.00022720982142857143,0.0001262276785714286,110887.081674684,6.077022208,0.11179360630386234,0.4596787437010874,2.553907849952732,0.01,1.0,,,
11600,3.08984375,0.0,3.08984375,0.00022700892857142855,0.00012611607142857143,110612.57618176386,6.082265088,0.10975768953198839,0.1991562141538429,2.5506160027574696,0.01,1.0,,,
11610,2.7822265625,0.0,2.7822265625,0.00022680803571428567,0.00012600446428571427,110634.99339492303,6.087507968,0.11181967717073374,0.49207931183989356,2.5473242485048355,0.01,1.0,,,
11620,3.1806640625,0.0,3.1806640625,0.00022660714285714284,0.00012589285714285713,110657.53346539752,6.092750848,0.11120957321657272,0.26043705907248726,2.544032593390041,0.01,1.0,,,
11630,3.478515625,0.0,3.478515625,0.00022640625000000002,0.00012578125000000002,110679.93611971289,6.097993728,0.11849455751000161,0.38050842816783875,2.5407410436081124,0.01,1.0,,,
11640,3.1748046875,0.0,3.1748046875,0.00022620535714285714,0.00012566964285714286,110701.91795605778,6.103236608,0.11611336573201023,0.27139746668601156,2.5374496053538746,0.01,1.0,,,
11650,3.2001953125,0.0,3.2001953125,0.00022600446428571426,0.0001255580357142857,110722.42721660342,6.108479488,0.12533969104459872,0.21771982463217845,2.5341582848219444,0.01,1.0,,,
11660,2.9921875,0.0,2.9921875,0.00022580357142857143,0.00012544642857142857,110745.63880365937,6.113722368,0.11412994718597914,0.29123222939424215,2.530867088206716,0.01,1.0,,,
11670,3.41796875,0.0,3.41796875,0.00022560267857142858,0.00012533482142857143,110764.63625710265,6.118965248,0.11878586715844724,0.2882085311245107,2.527576021702352,0.01,1.0,,,
11680,3.166015625,0.0,3.166015625,0.0002254017857142857,0.0001252232142857143,110787.8789638457,6.124208128,0.11499034927068609,0.30707214392488785,2.5242850915027706,0.01,1.0,,,
11690,3.251953125,0.0,3.251953125,0.00022520089285714282,0.00012511160714285714,110810.19118935186,6.129451008,0.11568278713134131,0.4711998542860627,2.5209943038016296,0.01,1.0,,,
11700,3.224609375,0.0,3.224609375,0.000225,0.000125,110833.18413710469,6.134693888,0.1127548973811259,0.23138467124044307,2.5177036647923225,0.01,1.0,,,
11710,3.23828125,0.0,3.23828125,0.00022479910714285711,0.00012488839285714284,110854.3180245957,6.139936768,0.1144011119457182,0.4199601615085003,2.514413180667961,0.01,1.0,,,
11720,2.9599609375,0.0,2.9599609375,0.0002245982142857143,0.0001247767857142857,110876.73896833489,6.145179648,0.11212968878204961,0.32997942005528597,2.5111228576213667,0.01,1.0,,,
11730,3.2578125,0.0,3.2578125,0.0002243973214285714,0.00012466517857142857,110898.66299166137,6.150422528,0.12804990557784257,0.31596673434550593,2.5078327018450564,0.01,1.0,,,
11740,3.3203125,0.0,3.3203125,0.00022419642857142856,0.00012455357142857144,110919.75845269427,6.155665408,0.10927438015082902,0.40101230096696794,2.5045427195312335,0.01,1.0,,,
11750,3.0419921875,0.0,3.0419921875,0.00022399553571428568,0.00012444196428571428,110941.48782303206,6.160908288,0.11168619036449356,0.23177519540507147,2.5012529168717736,0.01,1.0,,,
11760,3.0927734375,0.0,3.0927734375,0.00022379464285714285,0.00012433035714285714,110963.64506447435,6.166151168,0.11029587766680451,0.3716290030671048,2.497963300058216,0.01,1.0,,,
11770,2.9892578125,0.0,2.9892578125,0.00022359374999999997,0.00012421874999999998,110983.98983838958,6.171394048,0.11898593038698922,0.35709127181586375,2.494673875281748,0.01,1.0,,,
11780,3.1982421875,0.0,3.1982421875,0.00022339285714285714,0.00012410714285714287,111006.14619390939,6.176636928,0.11117702319474371,0.3345431810966837,2.491384648733198,0.01,1.0,,,
11790,3.51953125,0.0,3.51953125,0.00022319196428571426,0.0001239955357142857,111027.72781388811,6.181879808,0.10773002504151483,0.23729938345422355,2.4880956266030188,0.01,1.0,,,
11800,3.0,0.0,3.0,0.00022299107142857144,0.00012388392857142858,111050.19399948897,6.187122688,0.11812230035580834,0.24643809323826252,2.4848068150812805,0.01,1.0,,,
11810,2.966796875,0.0,2.966796875,0.00022279017857142856,0.00012377232142857142,111071.58726905524,6.192365568,0.12054179303190973,0.5209326950085869,2.481518220357655,0.01,1.0,,,
11820,3.0322265625,0.0,3.0322265625,0.0002225892857142857,0.00012366071428571428,111092.8397251682,6.197608448,0.11170681900122506,0.502693890722776,2.4782298486214085,0.01,1.0,,,
11830,2.7705078125,0.0,2.7705078125,0.00022238839285714283,0.00012354910714285715,110442.87696985454,6.202851328,0.11814930883766812,0.4129952453355292,2.474941706061385,0.01,1.0,,,
11840,3.1552734375,0.0,3.1552734375,0.0002221875,0.0001234375,109704.16635872304,6.208094208,0.11030959019102882,0.29580254127607,2.4716537988659995,0.01,1.0,,,
11850,3.1953125,0.0,3.1953125,0.00022198660714285712,0.00012332589285714285,109728.27024507278,6.213337088,0.12905133114629078,0.28600786016626345,2.4683661332232214,0.01,1.0,,,
11860,2.810546875,0.0,2.810546875,0.0002217857142857143,0.00012321428571428572,109722.41379413217,6.218579968,0.1157161426058503,0.2928586214161336,2.4650787153205678,0.01,1.0,,,
11870,3.087890625,0.0,3.087890625,0.00022158482142857141,0.00012310267857142855,109745.52488343643,6.223822848,0.10762300019227834,0.22393569720263196,2.4617915513450894,0.01,1.0,,,
11880,3.4912109375,0.0,3.4912109375,0.0002213839285714286,0.00012299107142857145,109765.78721792596,6.229065728,0.10171041159487902,0.20589347813093276,2.4585046474833567,0.01,1.0,,,
11890,2.712890625,0.0,2.712890625,0.0002211830357142857,0.00012287946428571429,109787.33456417834,6.234308608,0.10906324618128996,0.2424146747362001,2.455218009921454,0.01,1.0,,,
11900,3.06005859375,0.0,3.06005859375,0.00022098214285714286,0.00012276785714285715,109809.11226227987,6.239551488,0.10279734810097224,0.21324881268168625,2.451931644844962,0.01,1.0,,,
11910,3.1923828125,0.0,3.1923828125,0.00022078124999999998,0.00012265625,109830.78918379602,6.244794368,0.10251318970799542,0.3967692327650933,2.4486455584389493,0.01,1.0,,,
11920,2.828125,0.0,2.828125,0.00022058035714285715,0.00012254464285714286,109853.15727044005,6.250037248,0.11981511763026442,0.27945297211979997,2.44535975688796,0.01,1.0,,,
11930,2.8857421875,0.0,2.8857421875,0.00022037946428571427,0.00012243303571428572,109875.967232842,6.255280128,0.12420403640064434,0.23334285517668105,2.4420742463760026,0.01,1.0,,,
11940,2.9892578125,0.0,2.9892578125,0.00022017857142857144,0.00012232142857142859,109898.38631125113,6.260523008,0.11104089884295085,0.3461474000511631,2.4387890330865365,0.01,1.0,,,
11950,3.130859375,0.0,3.130859375,0.00021997767857142856,0.00012220982142857142,109920.04308757359,6.265765888,0.10995027949260631,0.7370462939760177,2.435504123202463,0.01,1.0,,,
11960,3.2509765625,0.0,3.2509765625,0.00021977678571428574,0.0001220982142857143,109941.62054304456,6.271008768,0.11232199870536161,0.3077371798536204,2.4322195229061117,0.01,1.0,,,
11970,3.134765625,0.0,3.134765625,0.00021957589285714283,0.00012198660714285714,109963.86492859948,6.276251648,0.11090759409227198,0.22988540952277878,2.4289352383792298,0.01,1.0,,,
11980,2.8466796875,0.0,2.8466796875,0.000219375,0.00012187500000000001,109983.66966887648,6.281494528,0.10598870950445044,0.2853162680988681,2.425651275802971,0.01,1.0,,,
11990,2.91796875,0.0,2.91796875,0.00021917410714285713,0.00012176339285714286,110004.08607229326,6.286737408,0.11105130245070963,0.31501322646683394,2.422367641357881,0.01,1.0,,,
12000,2.9052734375,0.0,2.9052734375,0.0002189732142857143,0.00012165178571428573,110024.85090889355,6.291980288,0.10568656675413295,0.21349971517921054,2.4190843412238907,0.01,1.0,,,
12000,,,,,,,,,,,,,0.0,0.0,0.0
12010,2.5166015625,0.0,2.5166015625,0.00021877232142857142,0.00012154017857142858,110039.01722809863,6.297223168,0.11112399700648404,0.25215497333617365,2.415801381580299,0.01,1.0,,,
12020,3.0126953125,0.0,3.0126953125,0.0002185714285714286,0.00012142857142857144,110060.5749583449,6.302466048,0.11636102664364742,0.28273327242262125,2.412518768605766,0.01,1.0,,,
12030,3.4140625,0.0,3.4140625,0.00021837053571428571,0.00012131696428571428,110082.3867603195,6.307708928,0.1130501743917751,0.5989057737139111,2.409236508478298,0.01,1.0,,,
12040,3.0732421875,0.0,3.0732421875,0.00021816964285714286,0.00012120535714285716,110104.85880106477,6.312951808,0.11416606084431029,0.5045048089142149,2.4059546073752394,0.01,1.0,,,
12050,3.0205078125,0.0,3.0205078125,0.00021796874999999998,0.00012109375,110125.57778612299,6.318194688,0.12066582166743173,0.649818458028024,2.4026730714732554,0.01,1.0,,,
12060,2.9267578125,0.0,2.9267578125,0.0002177678571428571,0.00012098214285714285,110146.90958536134,6.323437568,0.1066017408237846,0.4092357681251055,2.3993919069483276,0.01,1.0,,,
12070,3.044921875,0.0,3.044921875,0.00021756696428571428,0.00012087053571428572,110167.7227640432,6.328680448,0.12404826339405191,0.3422233710757609,2.396111119975736,0.01,1.0,,,
12080,3.6650390625,0.0,3.6650390625,0.0002173660714285714,0.00012075892857142856,110188.18856174072,6.333923328,0.1661753072134999,0.7027566882759806,2.392830716730051,0.01,1.0,,,
12090,2.9677734375,0.0,2.9677734375,0.00021716517857142857,0.00012064732142857143,110209.98209993482,6.339166208,0.10766401199677153,0.5623790004600331,2.3895507033851215,0.01,1.0,,,
12100,2.9775390625,0.0,2.9775390625,0.0002169642857142857,0.00012053571428571427,110230.8174135626,6.344409088,0.11309637990094608,0.29637343390481485,2.38627108611406,0.01,1.0,,,
12110,3.0869140625,0.0,3.0869140625,0.00021676339285714287,0.00012042410714285715,110252.03488339475,6.349651968,0.12235965541612644,0.374685267679666,2.3829918710892377,0.01,1.0,,,
12120,2.9130859375,0.0,2.9130859375,0.00021656249999999999,0.00012031249999999999,110271.72427760944,6.354894848,0.12137669918249532,0.3055592507097117,2.379713064482266,0.01,1.0,,,
12130,3.0107421875,0.0,3.0107421875,0.00021636160714285713,0.00012020089285714287,110292.8075470704,6.360137728,0.10944628323570486,0.29927413715025497,2.3764346724639873,0.01,1.0,,,
12140,2.9169921875,0.0,2.9169921875,0.00021616071428571425,0.00012008928571428571,110313.74468719769,6.365380608,0.12443709427354206,0.5511316049657312,2.3731567012044654,0.01,1.0,,,
12150,3.396484375,0.0,3.396484375,0.00021595982142857143,0.00011997767857142857,110335.0209706437,6.370623488,0.10695208601983816,0.46486682390119993,2.3698791568729707,0.01,1.0,,,
12160,3.42578125,0.0,3.42578125,0.00021575892857142855,0.00011986607142857143,110356.2159249439,6.375866368,0.10684558326213585,0.308987123445147,2.3666020456379715,0.01,1.0,,,
12170,3.109375,0.0,3.109375,0.00021555803571428572,0.00011975446428571429,110378.34674849533,6.381109248,0.11856456256035497,0.4748607002931206,2.3633253736671196,0.01,1.0,,,
12180,2.748046875,0.0,2.748046875,0.00021535714285714284,0.00011964285714285714,110398.51845366057,6.386352128,0.10493267064282025,0.32041951271142866,2.360049147127241,0.01,1.0,,,
12190,3.181640625,0.0,3.181640625,0.00021515625000000002,0.00011953125000000001,110419.98561502846,6.391595008,0.11048412072542363,0.22023749464098327,2.3567733721843234,0.01,1.0,,,
12200,2.97265625,0.0,2.97265625,0.00021495535714285714,0.00011941964285714285,110441.08721508243,6.396837888,0.10794083061038695,0.3796600626636936,2.353498055003504,0.01,1.0,,,
12210,3.80078125,0.0,3.80078125,0.00021475446428571428,0.00011930803571428573,110461.80225771292,6.402080768,0.15293829316000074,0.24848225912972696,2.3502232017490585,0.01,1.0,,,
12220,3.2890625,0.0,3.2890625,0.0002145535714285714,0.00011919642857142856,110485.04468692027,6.407323648,0.11112551125508352,0.5156497636725637,2.346948818584391,0.01,1.0,,,
12230,3.1337890625,0.0,3.1337890625,0.00021435267857142858,0.00011908482142857144,110506.22028876793,6.412566528,0.10942262600831874,0.37257775479825894,2.3436749116720184,0.01,1.0,,,
12240,3.365234375,0.0,3.365234375,0.0002141517857142857,0.00011897321428571428,110527.75736645547,6.417809408,0.10656390566880795,0.31797282962204504,2.340401487173563,0.01,1.0,,,
12250,3.16015625,0.0,3.16015625,0.00021395089285714287,0.00011886160714285715,110547.77191588496,6.423052288,0.13100975340518137,0.5137351757181593,2.337128551249739,0.01,1.0,,,
12260,3.1982421875,0.0,3.1982421875,0.00021375,0.00011875,110568.29531265044,6.428295168,0.11077693612592346,0.27603542528042974,2.3338561100603403,0.01,1.0,,,
12270,3.0224609375,0.0,3.0224609375,0.00021354910714285717,0.00011863839285714287,110590.74882348353,6.433538048,0.11226325237772135,0.3313463398445071,2.33058416976423,0.01,1.0,,,
12280,3.259765625,0.0,3.259765625,0.00021334821428571426,0.00011852678571428572,110609.76745625136,6.438780928,0.1358538278712118,0.37345370358552216,2.3273127365193296,0.01,1.0,,,
12290,3.2333984375,0.0,3.2333984375,0.00021314732142857143,0.00011841517857142858,110630.60361214682,6.444023808,0.10313026196128632,0.29579900195988534,2.3240418164826044,0.01,1.0,,,
12300,2.931640625,0.0,2.931640625,0.00021294642857142855,0.00011830357142857142,110650.79573143659,6.449266688,0.10907704830761422,0.2638448673832171,2.3207714158100554,0.01,1.0,,,
12310,2.7783203125,0.0,2.7783203125,0.00021274553571428573,0.0001181919642857143,110672.86457015446,6.454509568,0.10525541442654768,0.24924088929109106,2.3175015406567048,0.01,1.0,,,
12320,3.3564453125,0.0,3.3564453125,0.00021254464285714285,0.00011808035714285714,110693.32796073743,6.459752448,0.11620772833918873,0.4042662803647352,2.314232197176587,0.01,1.0,,,
12330,2.9296875,0.0,2.9296875,0.00021234375000000002,0.00011796875000000002,110713.7504651695,6.464995328,0.11383510799482842,0.3534447604640773,2.310963391522736,0.01,1.0,,,
12340,2.83203125,0.0,2.83203125,0.00021214285714285714,0.00011785714285714286,110735.00743464388,6.470238208,0.11598188471619207,0.27428084673837183,2.307695129847172,0.01,1.0,,,
12350,3.166015625,0.0,3.166015625,0.0002119419642857143,0.00011774553571428572,110755.4666566126,6.475481088,0.11824070437316518,0.3164927496121882,2.304427418300892,0.01,1.0,,,
12360,3.0361328125,0.0,3.0361328125,0.0002117410714285714,0.00011763392857142857,110775.50740160348,6.480723968,0.11756299881599562,0.29639377540655143,2.301160263033859,0.01,1.0,,,
12370,3.177734375,0.0,3.177734375,0.00021154017857142858,0.00011752232142857144,110797.47420471467,6.485966848,0.1094539944415676,0.3542673289696677,2.297893670194987,0.01,1.0,,,
12380,3.083984375,0.0,3.083984375,0.0002113392857142857,0.00011741071428571429,110817.91126283279,6.491209728,0.11281640394808047,0.3977583318202094,2.294627645932133,0.01,1.0,,,
12390,3.115234375,0.0,3.115234375,0.00021113839285714288,0.00011729910714285716,110838.90108252702,6.496452608,0.10544987510004131,0.3450331403895297,2.2913621963920825,0.01,1.0,,,
12400,3.1220703125,0.0,3.1220703125,0.0002109375,0.0001171875,110858.70395445886,6.501695488,0.10804714408896915,0.3974332643581212,2.2880973277205414,0.01,1.0,,,
12410,2.9326171875,0.0,2.9326171875,0.00021073660714285712,0.00011707589285714285,110879.06137983344,6.506938368,0.11615539212519116,0.375146665542111,2.2848330460621202,0.01,1.0,,,
12420,2.9287109375,0.0,2.9287109375,0.0002105357142857143,0.00011696428571428571,110899.32068803515,6.512181248,0.10427754413723701,0.22207763204169284,2.2815693575603264,0.01,1.0,,,
12430,2.740234375,0.0,2.740234375,0.0002103348214285714,0.00011685267857142857,110918.63441927792,6.517424128,0.10966403446130016,0.26450092804208974,2.2783062683575497,0.01,1.0,,,
12440,3.021484375,0.0,3.021484375,0.00021013392857142856,0.00011674107142857143,110167.54492115439,6.522667008,0.11328923954365504,0.23403598941562817,2.275043784595053,0.01,1.0,,,
12450,3.0107421875,0.0,3.0107421875,0.00020993303571428568,0.00011662946428571428,110189.73404288148,6.527909888,0.11221985377240613,0.3053392763618433,2.2717819124129592,0.01,1.0,,,
12460,2.59375,0.0,2.59375,0.00020973214285714285,0.00011651785714285715,110208.18233486883,6.533152768,0.11457575863172513,0.30858889968572745,2.26852065795024,0.01,1.0,,,
12470,3.2783203125,0.0,3.2783203125,0.00020953124999999997,0.00011640624999999999,110229.63368571573,6.538395648,0.120464740441771,0.22196403975040835,2.2652600273447057,0.01,1.0,,,
12480,3.0869140625,0.0,3.0869140625,0.00020933035714285715,0.00011629464285714287,110250.97465550507,6.543638528,0.11531763253353382,0.31527059479214503,2.2620000267329905,0.01,1.0,,,
12490,3.1630859375,0.0,3.1630859375,0.00020912946428571427,0.0001161830357142857,110271.32526551138,6.548881408,0.10359804168311322,0.5577315737394427,2.258740662250544,0.01,1.0,,,
12500,3.169921875,0.0,3.169921875,0.00020892857142857144,0.00011607142857142858,110291.41803142907,6.554124288,0.10725443437671638,0.22571993839007665,2.25548194003162,0.01,1.0,,,
12500,,,,,,,,,,,,,0.0,0.0,0.0
12510,3.1328125,0.0,3.1328125,0.00020872767857142854,0.00011595982142857142,110312.44436518436,6.559367168,0.11688081861206652,0.36297292351455673,2.252223866209261,0.01,1.0,,,
12520,3.3916015625,0.0,3.3916015625,0.0002085267857142857,0.00011584821428571429,110334.02900559636,6.564610048,0.1164736260866502,0.6026098936955383,2.2489664469152904,0.01,1.0,,,
12530,3.3994140625,0.0,3.3994140625,0.00020832589285714283,0.00011573660714285714,110354.38972309748,6.569852928,0.10682224636770486,0.5350389237452995,2.245709688280299,0.01,1.0,,,
12540,2.9423828125,0.0,2.9423828125,0.000208125,0.000115625,110375.1138698504,6.575095808,0.10756122366452378,0.2287505020572167,2.2424535964336365,0.01,1.0,,,
12550,3.025390625,0.0,3.025390625,0.00020792410714285712,0.00011551339285714286,110395.32125816331,6.580338688,0.11057971199911576,0.26498754544631486,2.239198177503395,0.01,1.0,,,
12560,3.0859375,0.0,3.0859375,0.0002077232142857143,0.00011540178571428572,110416.76155191529,6.585581568,0.11516645265199807,0.3518472155052981,2.2359434376164016,0.01,1.0,,,
12570,3.078125,0.0,3.078125,0.00020752232142857142,0.00011529017857142856,110435.99920306541,6.590824448,0.13415616249508308,0.27212267398648804,2.2326893828982057,0.01,1.0,,,
12580,3.1015625,0.0,3.1015625,0.00020732142857142857,0.00011517857142857144,110446.44823882806,6.596067328,0.24138921341453418,0.9702913979621538,2.2294360194730647,0.01,1.0,,,
12590,2.9677734375,0.0,2.9677734375,0.00020712053571428569,0.00011506696428571428,110465.05689724094,6.601310208,0.12996413082134062,0.43691295626922816,2.226183353463938,0.01,1.0,,,
12600,2.8193359375,0.0,2.8193359375,0.00020691964285714286,0.00011495535714285716,110486.46010646656,6.606553088,0.1419870896659025,0.481315632762055,2.2229313909924713,0.01,1.0,,,
12610,2.8310546875,0.0,2.8310546875,0.00020671874999999998,0.00011484375,110505.4176255118,6.611795968,0.12255025424160354,0.35559342094072605,2.2196801381789855,0.01,1.0,,,
12620,3.0478515625,0.0,3.0478515625,0.00020651785714285715,0.00011473214285714286,110524.58507294777,6.617038848,0.1262173415461612,0.31945471446867935,2.216429601142467,0.01,1.0,,,
12630,3.2685546875,0.0,3.2685546875,0.00020631696428571427,0.00011462053571428571,110545.7090047635,6.622281728,0.11940803174965735,0.2161871338318893,2.2131797860005546,0.01,1.0,,,
12640,3.1884765625,0.0,3.1884765625,0.00020611607142857145,0.00011450892857142858,110249.09233698442,6.627524608,0.12712031928403464,0.5349358281990032,2.2099306988695284,0.01,1.0,,,
12650,2.974609375,0.0,2.974609375,0.00020591517857142857,0.00011439732142857143,110268.91113987849,6.632767488,0.13159228172858733,0.3662565640069601,2.206682345864298,0.01,1.0,,,
12660,2.8740234375,0.0,2.8740234375,0.00020571428571428572,0.0001142857142857143,110289.51057449495,6.638010368,0.16232075964114404,0.35314727706580706,2.203434733098392,0.01,1.0,,,
12670,2.818359375,0.0,2.818359375,0.00020551339285714284,0.00011417410714285714,110307.68614455701,6.643253248,0.13042180394966266,0.38225580392798314,2.2001878666839456,0.01,1.0,,,
12680,3.0771484375,0.0,3.0771484375,0.0002053125,0.00011406250000000001,110329.59453972684,6.648496128,0.13736641448223114,0.2740630069093091,2.1969417527316897,0.01,1.0,,,
12690,3.0087890625,0.0,3.0087890625,0.00020511160714285713,0.00011395089285714285,110347.44100612563,6.653739008,0.14366103468651897,0.3988054131845861,2.193696397350938,0.01,1.0,,,
12700,3.1083984375,0.0,3.1083984375,0.0002049107142857143,0.00011383928571428573,110368.87314579796,6.658981888,0.11863649298759402,0.2830642756997233,2.190451806649578,0.01,1.0,,,
12710,3.0869140625,0.0,3.0869140625,0.00020470982142857142,0.00011372767857142857,110385.62519073716,6.664224768,0.11365438198501648,0.41705011795455443,2.1872079867340566,0.01,1.0,,,
12720,3.0869140625,0.0,3.0869140625,0.0002045089285714286,0.00011361607142857145,110404.69726286744,6.669467648,0.10663624524885515,0.2017645555630166,2.1839649437093716,0.01,1.0,,,
12730,2.9267578125,0.0,2.9267578125,0.00020430803571428572,0.00011350446428571429,110425.42896198996,6.674710528,0.13526249086535017,0.3673189283033389,2.1807226836790563,0.01,1.0,,,
12740,3.314453125,0.0,3.314453125,0.00020410714285714287,0.00011339285714285715,110444.86794913885,6.679953408,0.14877021940404167,0.476061564330563,2.1774812127451737,0.01,1.0,,,
12750,2.86572265625,0.0,2.86572265625,0.00020390624999999999,0.00011328125,110464.2832351912,6.685196288,0.12154303637577221,0.31998206192995154,2.174240537008297,0.01,1.0,,,
12760,3.1318359375,0.0,3.1318359375,0.0002037053571428571,0.00011316964285714284,110484.20054203657,6.690439168,0.1218959305477483,0.2456326018232737,2.1710006625675087,0.01,1.0,,,
12770,2.986328125,0.0,2.986328125,0.00020350446428571428,0.00011305803571428572,110504.62450760747,6.695682048,0.11184278292104846,0.3435659559556,2.1677615955203793,0.01,1.0,,,
12780,3.0478515625,0.0,3.0478515625,0.0002033035714285714,0.00011294642857142856,110525.49910517712,6.700924928,0.1494555374736773,0.45358952480227027,2.1645233419629593,0.01,1.0,,,
12790,3.2265625,0.0,3.2265625,0.00020310267857142857,0.00011283482142857143,110542.31440889846,6.706167808,0.12081646415422022,0.207781728013569,2.1612859079897713,0.01,1.0,,,
12800,3.21484375,0.0,3.21484375,0.0002029017857142857,0.00011272321428571428,109644.60978526564,6.711410688,0.12129448068871808,0.40453219898186077,2.1580492996937926,0.01,1.0,,,
12810,3.2470703125,0.0,3.2470703125,0.00020270089285714287,0.00011261160714285714,109662.33807443798,6.716653568,0.22533536482532093,0.4909392887568208,2.154813523166448,0.01,1.0,,,
12820,2.810546875,0.0,2.810546875,0.00020249999999999996,0.0001125,109683.2767337718,6.721896448,0.12696070509828192,0.43689340083590694,2.1515785844975954,0.01,1.0,,,
12830,3.98828125,0.0,3.98828125,0.00020229910714285714,0.00011238839285714286,109701.64615087704,6.727139328,0.14131967927566175,0.3169177941407995,2.1483444897755177,0.01,1.0,,,
12840,3.2548828125,0.0,3.2548828125,0.00020209821428571426,0.0001122767857142857,109720.41296719198,6.732382208,0.11600496054420771,0.45262277467145257,2.1451112450869094,0.01,1.0,,,
12850,3.0771484375,0.0,3.0771484375,0.00020189732142857143,0.00011216517857142858,109740.93353915667,6.737625088,0.11376804419093138,0.29498266085317937,2.1418788565168625,0.01,1.0,,,
12860,3.3125,0.0,3.3125,0.00020169642857142855,0.00011205357142857142,109761.28082908242,6.742867968,0.1192471629833753,0.3062700369368331,2.1386473301488618,0.01,1.0,,,
12870,3.078125,0.0,3.078125,0.00020149553571428572,0.0001119419642857143,109782.53728991306,6.748110848,0.12136234484336497,0.27656304399328957,2.1354166720647654,0.01,1.0,,,
12880,3.0400390625,0.0,3.0400390625,0.00020129464285714284,0.00011183035714285714,109802.7530577547,6.753353728,0.1211305664315901,0.3814627060156555,2.1321868883448003,0.01,1.0,,,
12890,3.1279296875,0.0,3.1279296875,0.00020109375,0.00011171875,109821.76207892965,6.758596608,0.151279146709409,0.36751283864435436,2.128957985067546,0.01,1.0,,,
12900,3.0927734375,0.0,3.0927734375,0.0002008928571428571,0.00011160714285714285,109841.93051322363,6.763839488,0.13747228295772917,0.24821231906830504,2.1257299683099267,0.01,1.0,,,
12910,3.052734375,0.0,3.052734375,0.0002006919642857143,0.00011149553571428572,109861.24753730094,6.769082368,0.11763870341123116,0.3619684697213221,2.1225028441471956,0.01,1.0,,,
12920,3.2685546875,0.0,3.2685546875,0.0002004910714285714,0.00011138392857142857,109882.06798461381,6.774325248,0.11337962124053064,0.29648129095015835,2.1192766186529295,0.01,1.0,,,
12930,3.23046875,0.0,3.23046875,0.00020029017857142858,0.00011127232142857144,109249.91780991144,6.779568128,0.14516056545693917,0.31874262842396767,2.11605129789901,0.01,1.0,,,
12940,3.021484375,0.0,3.021484375,0.0002000892857142857,0.00011116071428571428,109271.05850621754,6.784811008,0.11390206948457098,0.38080286698167265,2.1128268879556193,0.01,1.0,,,
12950,3.1083984375,0.0,3.1083984375,0.00019988839285714288,0.00011104910714285715,109289.96832482542,6.790053888,0.12532845341547963,0.30746745231871614,2.1096033948912227,0.01,1.0,,,
12960,2.9775390625,0.0,2.9775390625,0.0001996875,0.00011093749999999999,109309.23883533049,6.795296768,0.1200455981324208,0.2074478383510553,2.106380824772563,0.01,1.0,,,
12970,3.30078125,0.0,3.30078125,0.00019948660714285714,0.00011082589285714287,108509.42707194446,6.800539648,0.13013606786075918,0.4436106011690428,2.1031591836646415,0.01,1.0,,,
12980,3.1591796875,0.0,3.1591796875,0.00019928571428571426,0.00011071428571428571,108527.83817469221,6.805782528,0.12772399988230201,0.6120241740515365,2.0999384776307157,0.01,1.0,,,
12990,3.4013671875,0.0,3.4013671875,0.00019908482142857144,0.00011060267857142859,108550.73606110136,6.811025408,0.14961882428527423,0.5799246419787663,2.0967187127322813,0.01,1.0,,,
13000,3.2744140625,0.0,3.2744140625,0.00019888392857142856,0.00011049107142857143,108570.87857550899,6.816268288,0.15409816082271616,0.7237301112043876,2.093499895029062,0.01,1.0,,,
13000,,,,,,,,,,,,,0.0,0.0,0.0
13010,3.15625,0.0,3.15625,0.00019868303571428573,0.0001103794642857143,108593.66217394326,6.821511168,0.12716114181286753,0.5702633135438098,2.090282030579,0.01,1.0,,,
13020,2.935546875,0.0,2.935546875,0.00019848214285714285,0.00011026785714285715,108613.84655967023,6.826754048,0.11521685696771412,0.33886655069582805,2.0870651254382424,0.01,1.0,,,
13030,3.3173828125,0.0,3.3173828125,0.00019828125000000003,0.00011015625000000001,108635.26312343347,6.831996928,0.12239545674054042,0.35261397924661714,2.0838491856611325,0.01,1.0,,,
13040,2.650390625,0.0,2.650390625,0.00019808035714285715,0.00011004464285714286,108657.31811834962,6.837239808,0.1257171912324717,0.3829052492459081,2.0806342173001946,0.01,1.0,,,
13050,3.01171875,0.0,3.01171875,0.0001978794642857143,0.00010993303571428573,107926.65727879753,6.842482688,0.11154559310497851,0.22894147674990498,2.0774202264061263,0.01,1.0,,,
13060,3.0830078125,0.0,3.0830078125,0.0001976785714285714,0.00010982142857142857,107948.91864808906,6.847725568,0.11414593505595104,0.3717157073804101,2.074207219027785,0.01,1.0,,,
13070,2.8408203125,0.0,2.8408203125,0.0001974776785714286,0.00010970982142857145,107967.11219403592,6.852968448,0.1101294471742347,0.29679275349941064,2.0709952012121775,0.01,1.0,,,
13080,3.03515625,0.0,3.03515625,0.0001972767857142857,0.00010959821428571428,107986.54417430199,6.858211328,0.1140504397248381,0.4128082953870347,2.0677841790044478,0.01,1.0,,,
13090,3.341796875,0.0,3.341796875,0.00019707589285714288,0.00010948660714285716,108006.89965092289,6.863454208,0.11532489982667796,0.2462197487165572,2.064574158447866,0.01,1.0,,,
13100,2.9697265625,0.0,2.9697265625,0.000196875,0.000109375,108026.43634638959,6.868697088,0.11178246438506281,0.2700869140645302,2.061365145583818,0.01,1.0,,,
13110,2.9443359375,0.0,2.9443359375,0.00019667410714285712,0.00010926339285714284,108046.9969662201,6.873939968,0.12687910495419727,0.27993809128661806,2.0581571464517907,0.01,1.0,,,
13120,2.9140625,0.0,2.9140625,0.00019647321428571427,0.00010915178571428572,108067.3236189153,6.879182848,0.1130024058632515,0.26647506904655655,2.054950167089367,0.01,1.0,,,
13130,3.0927734375,0.0,3.0927734375,0.0001962723214285714,0.00010904017857142856,108088.72628368525,6.884425728,0.11304239521406358,0.21072357132238173,2.051744213532207,0.01,1.0,,,
13140,3.0625,0.0,3.0625,0.00019607142857142856,0.00010892857142857144,108109.25260393666,6.889668608,0.11134559130773983,0.23308450951481466,2.0485392918140426,0.01,1.0,,,
13150,2.80078125,0.0,2.80078125,0.00019587053571428568,0.00010881696428571428,108128.67186268407,6.894911488,0.11564092988593754,0.2426974161395855,2.0453354079666615,0.01,1.0,,,
13160,2.900390625,0.0,2.900390625,0.00019566964285714286,0.00010870535714285714,108146.52002952665,6.900154368,0.10898107422906607,0.2067470352571056,2.0421325680199014,0.01,1.0,,,
13170,2.7861328125,0.0,2.7861328125,0.00019546874999999998,0.00010859375,108166.97767105317,6.905397248,0.1131416009999837,0.40650444050287515,2.038930778001631,0.01,1.0,,,
13180,3.5361328125,0.0,3.5361328125,0.00019526785714285715,0.00010848214285714286,108186.45655707645,6.910640128,0.12360821552126987,0.3197170835990215,2.035730043937747,0.01,1.0,,,
13190,2.8642578125,0.0,2.8642578125,0.00019506696428571427,0.00010837053571428571,108206.71976133753,6.915883008,0.11020080773922866,0.33257468660914286,2.0325303718521552,0.01,1.0,,,
13200,2.9033203125,0.0,2.9033203125,0.00019486607142857142,0.00010825892857142858,108226.94142023778,6.921125888,0.1124343240411358,0.33042666686719063,2.029331767766766,0.01,1.0,,,
13210,2.8359375,0.0,2.8359375,0.00019466517857142854,0.00010814732142857142,108248.38282984262,6.926368768,0.11835431843881859,0.29787023754726694,2.0261342377014793,0.01,1.0,,,
13220,3.4111328125,0.0,3.4111328125,0.0001944642857142857,0.0001080357142857143,108268.5291106993,6.931611648,0.16290532822740303,0.4518743523900585,2.0229377876741705,0.01,1.0,,,
13230,2.732421875,0.0,2.732421875,0.00019426339285714283,0.00010792410714285713,108286.55029816674,6.936854528,0.1441641034532787,0.4607200724323614,2.019742423700686,0.01,1.0,,,
13240,3.44140625,0.0,3.44140625,0.0001940625,0.00010781250000000001,108307.15449351558,6.942097408,0.11894253806595101,0.22251144263806327,2.016548151794826,0.01,1.0,,,
13250,2.9580078125,0.0,2.9580078125,0.00019386160714285713,0.00010770089285714285,108326.34434300242,6.947340288,0.11706655780018836,0.2672999473622078,2.0133549779683366,0.01,1.0,,,
13260,3.0283203125,0.0,3.0283203125,0.0001936607142857143,0.00010758928571428573,108344.29745599364,6.952583168,0.12600789113409788,0.3724999428414728,2.0101629082308956,0.01,1.0,,,
13270,3.3779296875,0.0,3.3779296875,0.00019345982142857142,0.00010747767857142857,108364.28795414703,6.957826048,0.11183977519755045,0.32593086917440117,2.006971948590106,0.01,1.0,,,
13280,3.0947265625,0.0,3.0947265625,0.00019325892857142857,0.00010736607142857143,108382.95981106634,6.963068928,0.11848982001781268,0.3082830825096657,2.0037821050514775,0.01,1.0,,,
13290,3.3349609375,0.0,3.3349609375,0.0001930580357142857,0.00010725446428571429,108403.05179532485,6.968311808,0.1114640862685652,0.3086049830385771,2.000593383618423,0.01,1.0,,,
13300,3.1806640625,0.0,3.1806640625,0.00019285714285714286,0.00010714285714285715,108421.85892771986,6.973554688,0.11477637653554552,0.5329129514148984,1.9974057902922409,0.01,1.0,,,
13310,2.9873046875,0.0,2.9873046875,0.00019265624999999998,0.00010703125,108439.84364052465,6.978797568,0.12488189415006248,0.5384234539901461,1.9942193310721072,0.01,1.0,,,
13320,3.142578125,0.0,3.142578125,0.00019245535714285716,0.00010691964285714287,108459.34715284684,6.984040448,0.12284622586264982,0.3170864921210368,1.9910340119550654,0.01,1.0,,,
13330,2.9482421875,0.0,2.9482421875,0.00019225446428571428,0.00010680803571428571,108479.40955505906,6.989283328,0.11578881351605459,0.2514371449309115,1.9878498389360097,0.01,1.0,,,
13340,3.361328125,0.0,3.361328125,0.00019205357142857145,0.00010669642857142859,108498.98346047531,6.994526208,0.12963498720272076,0.4673972679778509,1.9846668180076807,0.01,1.0,,,
13350,2.8466796875,0.0,2.8466796875,0.00019185267857142857,0.00010658482142857142,108519.92654903173,6.999769088,0.1264436879860345,0.35354641900286715,1.981484955160648,0.01,1.0,,,
13360,3.365234375,0.0,3.365234375,0.00019165178571428572,0.0001064732142857143,108539.43631833266,7.005011968,0.12343793197391607,0.3958319143608232,1.978304256383304,0.01,1.0,,,
13370,2.802734375,0.0,2.802734375,0.00019145089285714284,0.00010636160714285714,108560.71505900644,7.010254848,0.12143045137998558,0.3392306123828834,1.9751247276618475,0.01,1.0,,,
13380,3.357421875,0.0,3.357421875,0.00019125000000000001,0.00010625000000000001,108579.28876727606,7.015497728,0.2535169270273029,0.9302837956041377,1.9719463749802788,0.01,1.0,,,
13390,3.212890625,0.0,3.212890625,0.00019104910714285713,0.00010613839285714286,108600.30787414672,7.020740608,0.11055033248411615,0.2474247052375728,1.9687692043203815,0.01,1.0,,,
13400,3.1904296875,0.0,3.1904296875,0.0001908482142857143,0.00010602678571428573,107882.92158948627,7.025983488,0.10856553094379588,0.20280476297753755,1.9655932216617158,0.01,1.0,,,
13410,3.1826171875,0.0,3.1826171875,0.00019064732142857143,0.00010591517857142858,107898.82122517964,7.031226368,0.10386053056413841,0.2617871754657166,1.962418432981608,0.01,1.0,,,
13420,2.8798828125,0.0,2.8798828125,0.0001904464285714286,0.00010580357142857144,107918.82829881586,7.036469248,0.11228998046056134,0.27109838426664107,1.9592448442551333,0.01,1.0,,,
13430,2.8271484375,0.0,2.8271484375,0.0001902455357142857,0.00010569196428571428,107930.06250336941,7.041712128,0.1074118020888827,0.23754406694642616,1.956072461455113,0.01,1.0,,,
13440,2.638671875,0.0,2.638671875,0.00019004464285714287,0.00010558035714285716,107947.88108036615,7.046955008,0.10388781786575924,0.22896352532998313,1.9529012905520946,0.01,1.0,,,
13450,2.9052734375,0.0,2.9052734375,0.00018984375,0.00010546875,107969.81440256302,7.052197888,0.10773761493855319,0.22569132496327235,1.949731337514348,0.01,1.0,,,
13460,2.9462890625,0.0,2.9462890625,0.0001896428571428571,0.00010535714285714285,107986.08900779634,7.057440768,0.11973753828005482,0.286063593000784,1.9465626083078489,0.01,1.0,,,
13470,3.16796875,0.0,3.16796875,0.00018944196428571428,0.00010524553571428572,108007.09458362834,7.062683648,0.14725858997560826,0.5843491126522667,1.943395108896271,0.01,1.0,,,
13480,3.3564453125,0.0,3.3564453125,0.0001892410714285714,0.00010513392857142855,108025.29425063463,7.067926528,0.12069654101798787,0.6557299844740775,1.9402288452409726,0.01,1.0,,,
13490,2.8369140625,0.0,2.8369140625,0.00018904017857142858,0.00010502232142857143,108037.45606377239,7.073169408,0.10754227013450664,0.4353031944877299,1.9370638233009874,0.01,1.0,,,
13500,2.9072265625,0.0,2.9072265625,0.0001888392857142857,0.00010491071428571427,108058.82945720616,7.078412288,0.13529513722536973,0.2553775094599809,1.9339000490330103,0.01,1.0,,,
13500,,,,,,,,,,,,,0.0,0.0,0.0
13510,3.3505859375,0.0,3.3505859375,0.00018863839285714285,0.00010479910714285715,108076.31832129709,7.083655168,0.1113096718719138,0.3225033626196381,1.9307375283913903,0.01,1.0,,,
13520,3.1044921875,0.0,3.1044921875,0.00018843749999999997,0.00010468749999999999,108097.41740604708,7.088898048,0.103457332369413,0.2910414901650746,1.9275762673281152,0.01,1.0,,,
13530,2.9130859375,0.0,2.9130859375,0.00018823660714285714,0.00010457589285714287,108116.64919897688,7.094140928,0.12034057623483949,0.549763463711367,1.924416271792803,0.01,1.0,,,
13540,3.1533203125,0.0,3.1533203125,0.00018803571428571426,0.00010446428571428571,108132.81108535345,7.099383808,0.12604574125298867,0.41623081295659986,1.9212575477326896,0.01,1.0,,,
13550,3.173828125,0.0,3.173828125,0.00018783482142857143,0.00010435267857142857,108151.30846901183,7.104626688,0.12486891582111122,0.4227156892705894,1.9181001010926186,0.01,1.0,,,
13560,3.208984375,0.0,3.208984375,0.00018763392857142855,0.00010424107142857143,108169.37307557196,7.109869568,0.13290617215616643,0.2927007786202892,1.9149439378150293,0.01,1.0,,,
13570,2.986328125,0.0,2.986328125,0.00018743303571428573,0.00010412946428571429,108190.01891039537,7.115112448,0.11807038866121446,0.3722314937141095,1.9117890638399444,0.01,1.0,,,
13580,3.091796875,0.0,3.091796875,0.00018723214285714285,0.00010401785714285714,108209.24264589591,7.120355328,0.11234940212256085,0.3499979392489031,1.9086354851049618,0.01,1.0,,,
13590,3.1005859375,0.0,3.1005859375,0.00018703125,0.00010390625000000001,108220.21385547082,7.125598208,0.16666792611395173,0.35206470189276556,1.9054832075452406,0.01,1.0,,,
13600,3.1884765625,0.0,3.1884765625,0.00018683035714285712,0.00010379464285714285,108238.9985432333,7.130841088,0.13709435002605486,0.2587717137783272,1.9023322370934916,0.01,1.0,,,
13610,2.994140625,0.0,2.994140625,0.0001866294642857143,0.00010368303571428573,108255.3084774303,7.136083968,0.11286948016704507,0.23894805060517676,1.8991825796799648,0.01,1.0,,,
13620,3.1162109375,0.0,3.1162109375,0.0001864285714285714,0.00010357142857142856,108275.98691925136,7.141326848,0.11722302007652954,0.2863065455710272,1.8960342412324396,0.01,1.0,,,
13630,3.087890625,0.0,3.087890625,0.00018622767857142858,0.00010345982142857144,108296.14172969514,7.146569728,0.10825748364972318,0.3740814539368199,1.8928872276762143,0.01,1.0,,,
13640,3.0302734375,0.0,3.0302734375,0.0001860267857142857,0.00010334821428571428,108315.27878366337,7.151812608,0.11540589120616665,0.5330569983800635,1.8897415449340913,0.01,1.0,,,
13650,2.923828125,0.0,2.923828125,0.00018582589285714288,0.00010323660714285715,108335.20597545744,7.157055488,0.11733772976010867,0.5698290978313407,1.8865971989263701,0.01,1.0,,,
13660,3.15234375,0.0,3.15234375,0.00018562499999999997,0.000103125,108354.24699762314,7.162298368,0.11270483816685006,0.22881739030397782,1.8834541955708328,0.01,1.0,,,
13670,2.87109375,0.0,2.87109375,0.00018542410714285715,0.00010301339285714286,108373.28545364934,7.167541248,0.1216998344217387,0.30503568327525493,1.8803125407827368,0.01,1.0,,,
13680,2.873046875,0.0,2.873046875,0.00018522321428571427,0.00010290178571428572,108393.90487173037,7.172784128,0.13667679348386935,0.398823142549323,1.8771722404747992,0.01,1.0,,,
13690,3.0146484375,0.0,3.0146484375,0.00018502232142857144,0.00010279017857142858,108413.02832575486,7.178027008,0.12198461108051364,0.3322488594198269,1.87403330055719,0.01,1.0,,,
13700,2.9921875,0.0,2.9921875,0.00018482142857142856,0.00010267857142857142,108433.63211442146,7.183269888,0.10843263940312643,0.3015906105041289,1.8708957269375164,0.01,1.0,,,
13710,3.0810546875,0.0,3.0810546875,0.00018462053571428573,0.0001025669642857143,108453.27259982903,7.188512768,0.12983191451285223,0.4153521541492245,1.867759525520817,0.01,1.0,,,
13720,2.826171875,0.0,2.826171875,0.00018441964285714285,0.00010245535714285714,108471.51898902067,7.193755648,0.14643762984451722,0.24682415472434854,1.8646247022095452,0.01,1.0,,,
13730,2.94921875,0.0,2.94921875,0.00018421875,0.00010234375000000002,108491.38492276247,7.198998528,0.12240772571658137,0.2883813155289976,1.8614912629035634,0.01,1.0,,,
13740,3.08984375,0.0,3.08984375,0.00018401785714285712,0.00010223214285714286,108510.83616579925,7.204241408,0.13934899076539364,0.3766071208571498,1.8583592135001263,0.01,1.0,,,
13750,3.1474609375,0.0,3.1474609375,0.0001838169642857143,0.00010212053571428572,108530.03018385031,7.209484288,0.12409234099683204,0.32057226066348476,1.8552285598938756,0.01,1.0,,,
13760,3.0595703125,0.0,3.0595703125,0.00018361607142857142,0.00010200892857142857,108542.22707557573,7.214727168,0.11472070468985969,0.38016575272225517,1.852099307976824,0.01,1.0,,,
13770,3.150390625,0.0,3.150390625,0.0001834151785714286,0.00010189732142857144,108556.81518665726,7.219970048,0.11174647954430639,0.34131240949686553,1.8489714636383474,0.01,1.0,,,
13780,2.7841796875,0.0,2.7841796875,0.0001832142857142857,0.00010178571428571429,108577.063805288,7.225212928,0.11830362684015318,0.2515197115599393,1.8458450327651714,0.01,1.0,,,
13790,2.98046875,0.0,2.98046875,0.00018301339285714289,0.00010167410714285716,108592.58262481738,7.230455808,0.11944948181008055,0.34312371141797493,1.8427200212413624,0.01,1.0,,,
13800,2.865234375,0.0,2.865234375,0.0001828125,0.00010156250000000001,108611.93139657604,7.235698688,0.127739445600498,0.4439782794704884,1.8395964349483163,0.01,1.0,,,
13810,3.4658203125,0.0,3.4658203125,0.00018261160714285713,0.00010145089285714285,108628.20968985403,7.240941568,0.11187110929138408,0.3465288709912987,1.836474279764744,0.01,1.0,,,
13820,3.0712890625,0.0,3.0712890625,0.00018241071428571427,0.00010133928571428571,108345.17548024743,7.246184448,0.12110147985552171,0.33143414777634395,1.8333535615666656,0.01,1.0,,,
13830,2.88671875,0.0,2.88671875,0.0001822098214285714,0.00010122767857142856,108364.68805583191,7.251427328,0.11087593431873391,0.31687109207366787,1.830234286227395,0.01,1.0,,,
13840,3.3154296875,0.0,3.3154296875,0.00018200892857142857,0.00010111607142857143,108378.98626769062,7.256670208,0.1388820339273583,0.29594809479878725,1.8271164596175316,0.01,1.0,,,
13850,2.94140625,0.0,2.94140625,0.0001818080357142857,0.00010100446428571428,108389.2874359588,7.261913088,0.12887553525392056,0.40128391813994624,1.8240000876049485,0.01,1.0,,,
13860,3.716796875,0.0,3.716796875,0.00018160714285714286,0.00010089285714285715,108410.4418983755,7.267155968,0.11547222906982123,0.23904375256244628,1.82088517605478,0.01,1.0,,,
13870,3.212890625,0.0,3.212890625,0.00018140624999999998,0.00010078124999999999,108423.66383772169,7.272398848,0.10847448710917336,0.4485924149887272,1.8177717308294132,0.01,1.0,,,
13880,3.0625,0.0,3.0625,0.00018120535714285716,0.00010066964285714287,108439.62634185218,7.277641728,0.10387265431084534,0.3595088528262976,1.8146597577884733,0.01,1.0,,,
13890,3.2412109375,0.0,3.2412109375,0.00018100446428571428,0.0001005580357142857,108459.41153361363,7.282884608,0.11681998449611762,0.2729902386356176,1.8115492627888177,0.01,1.0,,,
13900,2.9404296875,0.0,2.9404296875,0.00018080357142857142,0.00010044642857142858,108478.19428379658,7.288127488,0.12991006221360007,0.34850648845674437,1.808440251684519,0.01,1.0,,,
13910,2.8759765625,0.0,2.8759765625,0.00018060267857142854,0.00010033482142857142,108497.25056385984,7.293370368,0.11074884734614496,0.3109536798527742,1.8053327303268605,0.01,1.0,,,
13920,3.4404296875,0.0,3.4404296875,0.00018040178571428572,0.00010022321428571429,108516.21165046463,7.298613248,0.10973340203475021,0.2332335444065742,1.8022267045643179,0.01,1.0,,,
13930,3.12890625,0.0,3.12890625,0.00018020089285714284,0.00010011160714285714,108533.59458191121,7.303856128,0.1283494951284532,0.2745473092383845,1.7991221802425557,0.01,1.0,,,
13940,2.896484375,0.0,2.896484375,0.00018,0.0001,108549.85092592775,7.309099008,0.116706871186437,0.3762773672040989,1.79601916320441,0.01,1.0,,,
13950,2.8056640625,0.0,2.8056640625,0.00017979910714285713,9.988839285714286e-05,108567.84384467347,7.314341888,0.11150296536633734,0.326478262498427,1.7929176592898814,0.01,1.0,,,
13960,3.1103515625,0.0,3.1103515625,0.0001795982142857143,9.977678571428572e-05,108585.63153055642,7.319584768,0.11504769487687017,0.2504021931773336,1.7898176743361225,0.01,1.0,,,
13970,2.8984375,0.0,2.8984375,0.0001793973214285714,9.966517857142856e-05,108605.54532791223,7.324827648,0.10939756869512307,0.17324698651347908,1.7867192141774275,0.01,1.0,,,
13980,2.96484375,0.0,2.96484375,0.00017919642857142857,9.955357142857144e-05,108622.81290109675,7.330070528,0.1089277841203903,0.20868455879235243,1.7836222846452197,0.01,1.0,,,
13990,3.119140625,0.0,3.119140625,0.0001789955357142857,9.944196428571428e-05,108643.41952106002,7.335313408,0.1158595292147969,0.34566526049259405,1.7805268915680434,0.01,1.0,,,
14000,3.193359375,0.0,3.193359375,0.00017879464285714287,9.933035714285716e-05,108661.89081522381,7.340556288,0.1093854860710323,0.2410287092348311,1.77743304077155,0.01,1.0,,,
14000,,,,,,,,,,,,,0.0,0.0,0.0
14010,2.900390625,0.0,2.900390625,0.00017859375,9.921875e-05,107152.28103857423,7.345799168,0.13562119091267413,0.2631508336061116,1.7743407380784886,0.01,1.0,,,
14020,2.9765625,0.0,2.9765625,0.00017839285714285716,9.910714285714286e-05,105711.88983212833,7.351042048,0.17380012270398412,0.41078953989493033,1.7712499893086944,0.01,1.0,,,
14030,3.0859375,0.0,3.0859375,0.00017819196428571428,9.899553571428571e-05,105487.87205272635,7.356284928,0.1073451814497052,0.33808086840178475,1.7681608002790785,0.01,1.0,,,
14040,2.96484375,0.0,2.96484375,0.00017799107142857143,9.888392857142858e-05,105508.13756948104,7.361527808,0.1073468423368447,0.31104105921861314,1.7650731768036176,0.01,1.0,,,
14050,3.005859375,0.0,3.005859375,0.00017779017857142855,9.877232142857143e-05,105528.55059690277,7.366770688,0.11005623440845581,0.33494039510971146,1.7619871246933387,0.01,1.0,,,
14060,2.8779296875,0.0,2.8779296875,0.00017758928571428572,9.86607142857143e-05,105549.19363671407,7.372013568,0.11655734096803815,0.25820525437892394,1.7589026497563143,0.01,1.0,,,
14070,2.984375,0.0,2.984375,0.00017738839285714284,9.854910714285714e-05,105569.27041608411,7.377256448,0.11078679957353646,0.3353870763092309,1.755819757797649,0.01,1.0,,,
14080,3.1103515625,0.0,3.1103515625,0.00017718750000000002,9.843750000000001e-05,105589.36293777305,7.382499328,0.13256965800963977,0.5649120916846333,1.7527384546194653,0.01,1.0,,,
14090,3.3837890625,0.0,3.3837890625,0.00017698660714285714,9.832589285714285e-05,105607.49513845581,7.387742208,0.15167000633097982,0.5498976683558197,1.7496587460208985,0.01,1.0,,,
14100,3.2568359375,0.0,3.2568359375,0.0001767857142857143,9.821428571428573e-05,105628.31652690763,7.392985088,0.11286266135836587,0.374902823459796,1.7465806377980804,0.01,1.0,,,
14110,2.853515625,0.0,2.853515625,0.00017658482142857143,9.810267857142857e-05,105648.54878296415,7.398227968,0.13782236790400293,0.30740493773574884,1.743504135744133,0.01,1.0,,,
14120,3.27734375,0.0,3.27734375,0.00017638392857142858,9.799107142857145e-05,105669.01661176044,7.403470848,0.12160960046396242,0.28156245018236725,1.7404292456491532,0.01,1.0,,,
14130,2.828125,0.0,2.828125,0.0001761830357142857,9.787946428571429e-05,105688.70122887341,7.408713728,0.1179118902323127,0.3069024511492219,1.7373559733002066,0.01,1.0,,,
14140,3.21875,0.0,3.21875,0.00017598214285714287,9.776785714285715e-05,105709.75461500736,7.413956608,0.11906345361978955,0.19853473215283388,1.7342843244813122,0.01,1.0,,,
14150,3.3876953125,0.0,3.3876953125,0.00017578125,9.765625e-05,105729.82410947242,7.419199488,0.15334304041910815,0.276486848522178,1.7312143049734343,0.01,1.0,,,
14160,2.9541015625,0.0,2.9541015625,0.00017558035714285711,9.754464285714284e-05,105749.12752802708,7.424442368,0.10596662526755075,0.23145531097268437,1.72814592055447,0.01,1.0,,,
14170,2.8876953125,0.0,2.8876953125,0.0001753794642857143,9.743303571428572e-05,105770.02171886478,7.429685248,0.15075787156539994,0.43556815380931124,1.7250791769992408,0.01,1.0,,,
14180,2.7353515625,0.0,2.7353515625,0.0001751785714285714,9.732142857142856e-05,105789.14278596554,7.434928128,0.11765928140081462,0.3138187239204244,1.7220140800794779,0.01,1.0,,,
14190,3.07421875,0.0,3.07421875,0.00017497767857142858,9.720982142857143e-05,105809.3756805096,7.440171008,0.10839675498978418,0.2808712918782188,1.718950635563815,0.01,1.0,,,
14200,3.4091796875,0.0,3.4091796875,0.00017477678571428568,9.709821428571428e-05,105829.62796566224,7.445413888,0.11492297639995375,0.30276122027881497,1.715888849217775,0.01,1.0,,,
14210,3.419921875,0.0,3.419921875,0.00017457589285714285,9.698660714285714e-05,105849.33196085738,7.450656768,0.11416867855575712,0.28907307470950355,1.7128287268037614,0.01,1.0,,,
14220,3.2001953125,0.0,3.2001953125,0.00017437499999999997,9.6875e-05,105869.87179644892,7.455899648,0.14490365039004374,0.34608618578644257,1.7097702740810443,0.01,1.0,,,
14230,3.0703125,0.0,3.0703125,0.00017417410714285714,9.676339285714286e-05,105888.57064208128,7.461142528,0.14829306115233928,0.27755788268384196,1.7067134968057527,0.01,1.0,,,
14240,2.9228515625,0.0,2.9228515625,0.00017397321428571426,9.66517857142857e-05,105908.52667567405,7.466385408,0.12595973017549167,0.24675500732573347,1.7036584007308608,0.01,1.0,,,
14250,3.1552734375,0.0,3.1552734375,0.00017377232142857144,9.654017857142858e-05,105927.81127430117,7.471628288,0.12141557264009466,0.2891414913307911,1.7006049916061818,0.01,1.0,,,
14260,3.15625,0.0,3.15625,0.00017357142857142856,9.642857142857142e-05,105947.3141539694,7.476871168,0.1129127795013073,0.22606719163512543,1.69755327517835,0.01,1.0,,,
14270,3.1728515625,0.0,3.1728515625,0.0001733705357142857,9.63169642857143e-05,105967.90095489066,7.482114048,0.10528564126271263,0.2167156464376899,1.694503257190817,0.01,1.0,,,
14280,3.0888671875,0.0,3.0888671875,0.00017316964285714283,9.620535714285714e-05,105984.93017737914,7.487356928,0.11837079642703931,0.2545247191023353,1.6914549433838366,0.01,1.0,,,
14290,3.6513671875,0.0,3.6513671875,0.00017296875,9.609375e-05,106004.69616093716,7.492599808,0.15473597615919582,0.3926498997298816,1.6884083394944556,0.01,1.0,,,
14300,3.8720703125,0.0,3.8720703125,0.00017276785714285712,9.598214285714285e-05,106024.29013063823,7.497842688,0.11379708078100836,0.36692082354651284,1.6853634512565023,0.01,1.0,,,
14310,3.4541015625,0.0,3.4541015625,0.0001725669642857143,9.587053571428572e-05,106042.02782159661,7.503085568,0.11113709511440809,0.24211879423748384,1.6823202844005776,0.01,1.0,,,
14320,3.28515625,0.0,3.28515625,0.00017236607142857141,9.575892857142857e-05,106062.68584301161,7.508328448,0.10886023551862481,0.23436100273973243,1.6792788446540399,0.01,1.0,,,
14330,2.8994140625,0.0,2.8994140625,0.0001721651785714286,9.564732142857144e-05,106082.01367365751,7.513571328,0.10780258639293999,0.2682371996353115,1.6762391377409998,0.01,1.0,,,
14340,3.064453125,0.0,3.064453125,0.0001719642857142857,9.553571428571427e-05,106100.4265562063,7.518814208,0.12442793083622844,0.25690835559447084,1.673201169382304,0.01,1.0,,,
14350,3.1171875,0.0,3.1171875,0.00017176339285714286,9.542410714285715e-05,106120.67440554318,7.524057088,0.10684915323806429,0.3187089650850547,1.6701649452955305,0.01,1.0,,,
14360,2.865234375,0.0,2.865234375,0.00017156249999999998,9.531249999999999e-05,106140.56378217704,7.529299968,0.11956248253767982,0.22665513125798126,1.6671304711949708,0.01,1.0,,,
14370,3.03515625,0.0,3.03515625,0.00017136160714285715,9.520089285714287e-05,106161.40451777475,7.534542848,0.1307126038620108,0.2789059156393052,1.6640977527916267,0.01,1.0,,,
14380,3.5185546875,0.0,3.5185546875,0.00017116071428571427,9.508928571428571e-05,106178.58700206074,7.539785728,0.12472980782590092,0.36816208274134593,1.661066795793192,0.01,1.0,,,
14390,3.5302734375,0.0,3.5302734375,0.00017095982142857144,9.497767857142859e-05,106198.7536726892,7.545028608,0.12433938727203397,0.40215294355129244,1.6580376059040487,0.01,1.0,,,
14400,3.00390625,0.0,3.00390625,0.00017075892857142856,9.486607142857143e-05,106217.31085915548,7.550271488,0.12510381949388055,0.39318315450368096,1.65501018882525,0.01,1.0,,,
14410,2.939453125,0.0,2.939453125,0.00017055803571428574,9.475446428571429e-05,106235.69121458169,7.555514368,0.1333342911175662,0.432040175548352,1.6519845502545156,0.01,1.0,,,
14420,3.29296875,0.0,3.29296875,0.00017035714285714286,9.464285714285715e-05,106255.11119726734,7.560757248,0.11291052898396127,0.4224167893514415,1.6489606958862155,0.01,1.0,,,
14430,2.6591796875,0.0,2.6591796875,0.00017015625,9.453125000000001e-05,106274.21594157537,7.566000128,0.11875778508815765,0.18828459363948358,1.6459386314113633,0.01,1.0,,,
14440,3.2216796875,0.0,3.2216796875,0.00016995535714285713,9.441964285714286e-05,106292.71757056817,7.571243008,0.11043291290795147,0.45482650749102344,1.642918362517603,0.01,1.0,,,
14450,2.62890625,0.0,2.62890625,0.0001697544642857143,9.430803571428573e-05,106312.06089313806,7.576485888,0.12435753293360137,0.358907689349095,1.6398998948892005,0.01,1.0,,,
14460,2.6923828125,0.0,2.6923828125,0.00016955357142857142,9.419642857142857e-05,106323.90614020018,7.581728768,0.1703603503529691,0.30874503608250925,1.6368832342070299,0.01,1.0,,,
14470,1.62841796875,0.0,1.62841796875,0.0001693526785714286,9.408482142857145e-05,106343.04620030448,7.586971648,0.11042591990537955,0.29994022032037654,1.633868386148566,0.01,1.0,,,
14480,1.9736328125,0.0,1.9736328125,0.00016915178571428571,9.397321428571428e-05,106356.63372895906,7.592214528,0.12433846631201015,0.34901562080080134,1.6308553563878716,0.01,1.0,,,
14490,2.52294921875,0.0,2.52294921875,0.0001689508928571429,9.386160714285716e-05,106375.98294529614,7.597457408,0.11020264105626075,0.3030076777139415,1.6278441505955863,0.01,1.0,,,
14500,3.4443359375,0.0,3.4443359375,0.00016875,9.375e-05,106395.53895643276,7.602700288,0.13683401830919315,0.34711566041554714,1.6248347744389204,0.01,1.0,,,
14500,,,,,,,,,,,,,0.0,0.0,0.0
14510,3.0087890625,0.0,3.0087890625,0.0001685491071428571,9.363839285714284e-05,106413.29547533068,7.607943168,0.1181054653199021,0.3294682686416066,1.6218272335816364,0.01,1.0,,,
14520,3.2353515625,0.0,3.2353515625,0.00016834821428571428,9.352678571428572e-05,106433.05761841603,7.613186048,0.11412280755743698,0.34718437915615913,1.6188215336840464,0.01,1.0,,,
14530,2.947265625,0.0,2.947265625,0.0001681473214285714,9.341517857142856e-05,106451.27698396434,7.618428928,0.13377646882174227,0.3143335196480437,1.6158176804029942,0.01,1.0,,,
14540,3.1982421875,0.0,3.1982421875,0.00016794642857142857,9.330357142857144e-05,106469.78889027449,7.623671808,0.14136404880280262,0.3760032949582827,1.6128156793918509,0.01,1.0,,,
14550,3.345703125,0.0,3.345703125,0.0001677455357142857,9.319196428571428e-05,106488.74337175864,7.628914688,0.1133232759013472,0.39309785443695516,1.6098155363005016,0.01,1.0,,,
14560,2.84765625,0.0,2.84765625,0.00016754464285714286,9.308035714285714e-05,106507.3318469027,7.634157568,0.10921436103042542,0.44443022171165647,1.6068172567753325,0.01,1.0,,,
14570,3.2734375,0.0,3.2734375,0.00016734374999999998,9.296874999999999e-05,106526.44336291237,7.639400448,0.1120670725708256,0.28759598799777825,1.6038208464592245,0.01,1.0,,,
14580,3.1689453125,0.0,3.1689453125,0.00016714285714285713,9.285714285714286e-05,106544.71085974021,7.644643328,0.12313335427102154,0.3064399857042018,1.6008263109915393,0.01,1.0,,,
14590,2.76220703125,0.0,2.76220703125,0.00016694196428571425,9.274553571428571e-05,106557.58096062005,7.649886208,0.11916075802730797,0.2670702974160093,1.5978336560081108,0.01,1.0,,,
14600,1.392578125,0.0,1.392578125,0.00016674107142857143,9.263392857142858e-05,106569.35113493392,7.655129088,0.10560867361569846,0.3481345084376639,1.5948428871412355,0.01,1.0,,,
14610,1.35595703125,0.0,1.35595703125,0.00016654017857142855,9.252232142857141e-05,106588.15984065135,7.660371968,0.11079683606236324,0.1965744390381805,1.591854010019655,0.01,1.0,,,
14620,1.73681640625,0.0,1.73681640625,0.00016633928571428572,9.24107142857143e-05,106608.63400831734,7.665614848,0.11099661793270335,0.4510550627194762,1.588867030268556,0.01,1.0,,,
14630,3.06640625,0.0,3.06640625,0.00016613839285714284,9.229910714285713e-05,106627.53273739314,7.670857728,0.10149301125920784,0.24480527730156884,1.585881953509551,0.01,1.0,,,
14640,2.904296875,0.0,2.904296875,0.00016593750000000002,9.218750000000001e-05,106646.29657462692,7.676100608,0.11634770746272607,0.3098019997050421,1.582898785360674,0.01,1.0,,,
14650,1.359375,0.0,1.359375,0.00016573660714285714,9.207589285714285e-05,106658.33419686517,7.681343488,0.09893208199731379,0.3025812320315861,1.5799175314363623,0.01,1.0,,,
14660,1.25,0.0,1.25,0.00016553571428571428,9.196428571428573e-05,106677.09274780756,7.686586368,0.09885363427310365,0.21691021690083237,1.576938197347455,0.01,1.0,,,
14670,1.337646484375,0.0,1.337646484375,0.0001653348214285714,9.185267857142857e-05,106695.98604600302,7.691829248,0.1138409289700953,0.24531201692556576,1.5739607887011755,0.01,1.0,,,
14680,1.90283203125,0.0,1.90283203125,0.00016513392857142858,9.174107142857143e-05,106715.63065355943,7.697072128,0.1727563128166784,0.47489555632518715,1.5709853111011256,0.01,1.0,,,
14690,2.9375,0.0,2.9375,0.0001649330357142857,9.162946428571429e-05,106732.17765384761,7.702315008,0.12992242026301648,0.4752716209848199,1.5680117701472698,0.01,1.0,,,
14700,3.05078125,0.0,3.05078125,0.00016473214285714287,9.151785714285715e-05,106751.18702734986,7.707557888,0.12238351507659222,0.3170637496932534,1.5650401714359299,0.01,1.0,,,
14710,2.64453125,0.0,2.64453125,0.00016453125,9.140625e-05,106770.33145890676,7.712800768,0.10447100098947326,0.3421882526764759,1.5620705205597714,0.01,1.0,,,
14720,1.74755859375,0.0,1.74755859375,0.00016433035714285717,9.129464285714287e-05,106787.29019630062,7.718043648,0.14785304370158986,0.36608310909313785,1.5591028231077948,0.01,1.0,,,
14730,2.9599609375,0.0,2.9599609375,0.00016412946428571429,9.11830357142857e-05,106807.8226632857,7.723286528,0.1097654355390374,0.24977806865625865,1.5561370846653235,0.01,1.0,,,
14740,3.1162109375,0.0,3.1162109375,0.00016392857142857143,9.107142857142859e-05,106825.87891182046,7.728529408,0.1235721565887605,0.22768120126200553,1.5531733108139942,0.01,1.0,,,
14750,2.9638671875,0.0,2.9638671875,0.00016372767857142855,9.095982142857142e-05,106845.10361793575,7.733772288,0.10952270852354659,0.2678562326057971,1.5502115071317473,0.01,1.0,,,
14760,3.076171875,0.0,3.076171875,0.00016352678571428573,9.08482142857143e-05,106864.48621256079,7.739015168,0.10571843729585836,0.3184172716252323,1.5472516791928117,0.01,1.0,,,
14770,3.2626953125,0.0,3.2626953125,0.00016332589285714285,9.073660714285714e-05,106882.66488326111,7.744258048,0.1095449611888501,0.39227046477794925,1.5442938325677011,0.01,1.0,,,
14780,2.8037109375,0.0,2.8037109375,0.00016312500000000002,9.062500000000001e-05,106902.68210375709,7.749500928,0.12074844780356575,0.3193833595925196,1.5413379728231997,0.01,1.0,,,
14790,2.92578125,0.0,2.92578125,0.00016292410714285714,9.051339285714286e-05,106913.38620690966,7.754743808,0.10769806770460987,0.31646337325114915,1.538384105522352,0.01,1.0,,,
14800,2.9990234375,0.0,2.9990234375,0.00016272321428571432,9.040178571428572e-05,106932.1463489566,7.759986688,0.11165772946751927,0.27356095860329643,1.5354322362244532,0.01,1.0,,,
14810,3.30078125,0.0,3.30078125,0.0001625223214285714,9.029017857142858e-05,106950.12427619913,7.765229568,0.12122302876092289,0.20845459135052213,1.5324823704850365,0.01,1.0,,,
