schedule/tau,train/tokens_per_sec,eval/nll_soft,train/total_loss,train/use_dagformer,eval/nll_hard,train/tokens_seen_B,grad/base_norm,train/sparsity_loss,train/nll,schedule/lambda,eval/nll_baseline,grad/predictor_norm,train/lr,_runtime,train/predictor_lr,_step,_timestamp,run_id,run_order,run_name,run_state,created_at
5.0,22292.367024745472,,11.923828125,1,,0.000524288,0.9816469510429727,0,11.923828125,0.0,,0.18884289745905128,0.0,241.724189148,0.0,0,1776621090.0092268,ehgzm5nf,0,dagformer-1b,crashed,2026-04-19T17:51:05Z
4.99998815648446,23873.420060782708,,11.802734375,1,,0.005767168,0.9757096728616612,0,11.802734375,5e-05,,0.21762494045180358,8e-06,462.043650418,4e-06,10,1776621308.056849,ehgzm5nf,0,dagformer-1b,crashed,2026-04-19T17:51:05Z
4.9999526260547285,23839.063804148715,,11.3984375,1,,0.011010048,0.9696434735574149,0,11.3984375,0.0001,,0.24209570646024295,1.6e-05,683.451578407,8e-06,20,1776621528.376149,ehgzm5nf,0,dagformer-1b,crashed,2026-04-19T17:51:05Z
4.99989340906148,23787.466560667577,,9.62109375,1,,0.016252928,0.8222693983579885,0,9.62109375,0.00015,,0.5690541168103262,2.4e-05,904.088519869,1.2e-05,30,1776621749.7841542,ehgzm5nf,0,dagformer-1b,crashed,2026-04-19T17:51:05Z
4.999810506089159,23781.366246260393,,9.552734375,1,,0.021495808,0.7446957557230612,0,9.552734375,0.0002,,0.6657171293275668,3.2e-05,1124.044510652,1.6e-05,40,1776621970.421042,ehgzm5nf,0,dagformer-1b,crashed,2026-04-19T17:51:05Z
4.999703917955985,23792.059742280122,,9.07421875,1,,0.026738688,0.9161366014613762,0,9.07421875,0.00025,,0.397566164231929,4e-05,1341.700807162,2e-05,50,1776622190.3770092,ehgzm5nf,0,dagformer-1b,crashed,2026-04-19T17:51:05Z
4.999573645713942,23840.05343900888,,8.375,1,,0.031981568,0.5731788987414367,0,8.375,0.0003,,0.8200232006657148,4.8e-05,1563.814838717,2.4e-05,60,1776622408.0333111,ehgzm5nf,0,dagformer-1b,crashed,2026-04-19T17:51:05Z
4.999419690648762,23806.583310726957,,8.349609375,1,,0.037224448,0.6330279711066393,0,8.349609375,0.00035000000000000005,,0.7741204077731078,5.6e-05,1780.714660621,2.8e-05,70,1776622630.1472862,ehgzm5nf,0,dagformer-1b,crashed,2026-04-19T17:51:05Z
4.99924205427992,23851.09164568661,,7.69140625,1,,0.042467328,0.2966567672184123,0,7.69140625,0.0004,,0.9546791420232537,6.4e-05,1999.975619008,3.2e-05,80,1776622847.047158,ehgzm5nf,0,dagformer-1b,crashed,2026-04-19T17:51:05Z
4.999040738360615,23857.730213526087,,7.42578125,1,,0.047710208,0.4325257071679529,0,7.42578125,0.00045,,0.902098624491771,7.2e-05,2218.368003352,3.6e-05,90,1776623066.308132,ehgzm5nf,0,dagformer-1b,crashed,2026-04-19T17:51:05Z
4.9988157448777555,23872.39401932068,,7.10546875,1,,0.052953088,0.47258792709061037,0,7.10546875,0.0005,,0.8815363789157993,8e-05,2435.932735725,4e-05,100,1776623284.7005358,ehgzm5nf,0,dagformer-1b,crashed,2026-04-19T17:51:05Z
4.998567076051935,23892.540735594946,,7.0029296875,1,,0.058195968,0.7383746590147507,0,7.0029296875,0.00055,,0.6752395432065791,8.800000000000001e-05,2656.374579112,4.4000000000000006e-05,110,1776623502.26524,ehgzm5nf,0,dagformer-1b,crashed,2026-04-19T17:51:05Z
4.9982947343374144,23883.496166580662,,7.3544921875,1,,0.063438848,0.5833871488909802,0,7.3544921875,0.0006,,0.8116036368552655,9.6e-05,2874.747648252,4.8e-05,120,1776623722.7070744,ehgzm5nf,0,dagformer-1b,crashed,2026-04-19T17:51:05Z
4.997998722422096,23893.01666644679,,6.5849609375,1,,0.068681728,0.5864181801358415,0,6.5849609375,0.00065,,0.8097223854522285,0.00010400000000000001,3092.651406629,5.2000000000000004e-05,130,1776623941.0801804,ehgzm5nf,0,dagformer-1b,crashed,2026-04-19T17:51:05Z
4.9976790432275,23904.823352031835,,6.82421875,1,,0.073924608,0.8540799369290005,0,6.82421875,0.0007000000000000001,,0.5194597624271193,0.000112,3310.946637753,5.6e-05,140,1776624158.9839294,ehgzm5nf,0,dagformer-1b,crashed,2026-04-19T17:51:05Z
4.997335699908728,23912.24130945905,,6.1875,1,,0.079167488,0.6059138517641774,0,6.1875,0.00075,,0.7960773939794472,0.00012,3530.308393425,6e-05,150,1776624377.2791476,ehgzm5nf,0,dagformer-1b,crashed,2026-04-19T17:51:05Z
4.996968695854442,23911.518987761672,,6.298828125,1,,0.084410368,0.6840062170371771,0,6.298828125,0.0008,,0.7310128034382583,0.000128,3748.593539366,6.4e-05,160,1776624596.6408987,ehgzm5nf,0,dagformer-1b,crashed,2026-04-19T17:51:05Z
4.996578034686824,23917.74961562182,,6.130859375,1,,0.089653248,0.584981973939549,0,6.130859375,0.00085,,0.8110774892563426,0.000136,3968.454238733,6.8e-05,170,1776624814.926053,ehgzm5nf,0,dagformer-1b,crashed,2026-04-19T17:51:05Z
4.99616372026154,23913.796138378824,,6.1005859375,1,,0.094896128,0.6246824300860953,0,6.1005859375,0.0009,,0.7798874820072708,0.000144,4186.902527336,7.2e-05,180,1776625034.7866983,ehgzm5nf,0,dagformer-1b,crashed,2026-04-19T17:51:05Z
4.995725756667708,23918.320663956267,,6.3115234375,1,,0.100139008,0.8152877599079296,0,6.3115234375,0.0009500000000000001,,0.5767831438047349,0.000152,4406.124791346,7.6e-05,190,1776625253.235045,ehgzm5nf,0,dagformer-1b,crashed,2026-04-19T17:51:05Z
4.995264148227852,23918.197769898507,,5.943359375,1,,0.105381888,0.6561456259639311,0,5.943359375,0.001,,0.7578984687220934,0.00016,4624.907737426,8e-05,200,1776625472.457308,ehgzm5nf,0,dagformer-1b,crashed,2026-04-19T17:51:05Z
4.9947788994978595,23920.356865105503,,5.8798828125,1,,0.110624768,0.5026417905259916,0,5.8798828125,0.0010500000000000002,,0.8644754526854251,0.00016800000000000002,4842.770856668,8.400000000000001e-05,210,1776625691.240263,ehgzm5nf,0,dagformer-1b,crashed,2026-04-19T17:51:05Z
4.99427001526694,23926.86278904417,,6.0634765625,1,,0.115867648,0.8889727180245562,0,6.0634765625,0.0011,,0.4603676579248273,0.00017600000000000002,5061.752124064,8.800000000000001e-05,220,1776625909.103368,ehgzm5nf,0,dagformer-1b,crashed,2026-04-19T17:51:05Z
4.993737500557577,23927.5256428691,,5.7529296875,1,,0.121110528,0.6287577445405587,0,5.7529296875,0.0011500000000000002,,0.7781462387604023,0.000184,5280.425917298,9.2e-05,230,1776626128.0846314,ehgzm5nf,0,dagformer-1b,crashed,2026-04-19T17:51:05Z
4.993181360625473,23929.523389987105,,6.060546875,1,,0.126353408,0.8652062467930466,0,6.060546875,0.0012,,0.4995912552898164,0.000192,5499.958116222,9.6e-05,240,1776626346.7584271,ehgzm5nf,0,dagformer-1b,crashed,2026-04-19T17:51:05Z
4.992601600959508,23927.6275018313,,5.775390625,1,,0.131596288,0.4806044904176231,0,5.775390625,0.00125,,0.8769967886811022,0.0002,5717.712580137,0.0001,250,1776626566.2906342,ehgzm5nf,0,dagformer-1b,crashed,2026-04-19T17:51:05Z
4.991998227281671,23933.320030985913,,5.841796875,1,,0.136839168,0.3833349471253721,0,5.841796875,0.0013,,0.9233986848707578,0.00020800000000000001,5935.106994877,0.00010400000000000001,260,1776626784.045098,ehgzm5nf,0,dagformer-1b,crashed,2026-04-19T17:51:05Z
4.991371245547022,23940.046525624148,,5.189453125,1,,0.142082048,0.881754168222858,0,5.189453125,0.00135,,0.4646526706026294,0.000216,6153.6743792,0.000108,270,1776627001.439523,ehgzm5nf,0,dagformer-1b,crashed,2026-04-19T17:51:05Z
4.990720661943614,23941.727810282846,,5.697265625,1,,0.147324928,0.8573241864474807,0,5.697265625,0.0014000000000000002,,0.5194498491036209,0.000224,6372.787746268,0.000112,280,1776627220.0068884,ehgzm5nf,0,dagformer-1b,crashed,2026-04-19T17:51:05Z
4.990046482892446,23941.24777997509,,5.4150390625,1,,0.152567808,0.7079532930697131,0,5.4150390625,0.00145,,0.4145074713107218,0.000232,6592.690054382,0.000116,290,1776627439.1202602,ehgzm5nf,0,dagformer-1b,crashed,2026-04-19T17:51:05Z
4.989348715047392,23937.93232808488,,5.482421875,1,,0.157810688,0.5724048408151367,0,5.482421875,0.0015,,0.8208963548323795,0.00024,6810.959640885,0.00012,300,1776627659.022566,ehgzm5nf,0,dagformer-1b,crashed,2026-04-19T17:51:05Z
4.98862736529514,23940.56945416942,,5.4345703125,1,,0.163053568,0.7096323754693599,0,5.4345703125,0.00155,,0.31090683224484417,0.000248,7028.514305887,0.000124,310,1776627877.292159,ehgzm5nf,0,dagformer-1b,crashed,2026-04-19T17:51:05Z
4.98788244075512,23945.47771721041,,5.484375,1,,0.168296448,0.8009653509112327,0,5.484375,0.0016,,0.5997926303110191,0.000256,7247.591276582,0.000128,320,1776628094.846831,ehgzm5nf,0,dagformer-1b,crashed,2026-04-19T17:51:05Z
4.987113948779437,23945.056917290804,,5.3193359375,1,,0.173539328,0.7318145037854643,0,5.3193359375,0.0016500000000000002,,0.5667714225233554,0.000264,7465.729510582,0.000132,330,1776628313.923796,ehgzm5nf,0,dagformer-1b,crashed,2026-04-19T17:51:05Z
4.986321896952798,23947.677922838117,,5.3427734375,1,,0.178782208,0.6403467359258613,0,5.3427734375,0.0017,,0.4401216862409823,0.000272,7684.844439249,0.000136,340,1776628532.0620322,ehgzm5nf,0,dagformer-1b,crashed,2026-04-19T17:51:05Z
4.985506293092431,23947.10354310497,,5.505859375,1,,0.184025088,0.6041519805238771,0,5.505859375,0.00175,,0.44034824644700654,0.00028000000000000003,7903.884663077,0.00014000000000000001,350,1776628751.176931,ehgzm5nf,0,dagformer-1b,crashed,2026-04-19T17:51:05Z
4.98466714524802,23946.78718535922,,5.830078125,1,,0.189267968,0.33407748461419623,0,5.830078125,0.0018,,0.9424993727664126,0.000288,8125.598018722,0.000144,360,1776628970.21717,ehgzm5nf,0,dagformer-1b,crashed,2026-04-19T17:51:05Z
4.983804461701615,23938.60935316663,,4.837890625,1,,0.194510848,0.7303553360452613,0,4.837890625,0.00185,,0.5100475269010992,0.00029600000000000004,8386.452892632,0.00014800000000000002,370,1776629191.9305208,ehgzm5nf,0,dagformer-1b,crashed,2026-04-19T17:51:05Z
4.982918250967552,23819.174261777775,,5.2041015625,1,,0.199753728,0.4198383456957508,0,5.2041015625,0.0019000000000000002,,0.9068848804087889,0.000304,8711.038299487,0.000152,380,1776629452.7854068,ehgzm5nf,0,dagformer-1b,crashed,2026-04-19T17:51:05Z
4.982008521792377,23533.49672393811,,5.1484375,1,,0.204996608,0.24286749962210025,0,5.1484375,0.00195,,0.9699214373092688,0.000312,8929.839961001,0.000156,390,1776629777.3708062,ehgzm5nf,0,dagformer-1b,crashed,2026-04-19T17:51:05Z
4.981075283154747,23543.992489625947,,5.234375,1,,0.210239488,0.6458175586952731,0,5.234375,0.002,,0.3957346395589295,0.00032,9148.629000089,0.00016,400,1776629996.1724765,ehgzm5nf,0,dagformer-1b,crashed,2026-04-19T17:51:05Z
4.980118544265351,23554.017640255857,,5.146484375,1,,0.215482368,0.437629093433199,0,5.146484375,0.0020499999999999997,,0.4842722028308354,0.000328,9366.905336928,0.000164,410,1776630214.9615202,ehgzm5nf,0,dagformer-1b,crashed,2026-04-19T17:51:05Z
4.979138314566816,23564.86487600009,,5.0,1,,0.220725248,0.3392465602413879,0,5.0,0.0021000000000000003,,0.94056864244397,0.00033600000000000004,9584.343932655,0.00016800000000000002,420,1776630433.2378166,ehgzm5nf,0,dagformer-1b,crashed,2026-04-19T17:51:05Z
4.978134603733613,23577.277307839337,,4.8056640625,1,,0.225968128,0.556840062697345,0,4.8056640625,0.00215,,0.34823350497945077,0.000344,9803.247970832,0.000172,430,1776630650.6764426,ehgzm5nf,0,dagformer-1b,crashed,2026-04-19T17:51:05Z
4.977107421671962,23585.61360456574,,5.2353515625,1,,0.231211008,0.7047471821151899,0,5.2353515625,0.0022,,0.7071317662908637,0.00035200000000000005,10022.21403477,0.00017600000000000002,440,1776630869.5804896,ehgzm5nf,0,dagformer-1b,crashed,2026-04-19T17:51:05Z
4.976056778519738,23593.439283433632,,5.1142578125,1,,0.236453888,0.4372739139659293,0,5.1142578125,0.00225,,0.8995190503395171,0.00036,10241.07819858,0.00018,450,1776631088.5465446,ehgzm5nf,0,dagformer-1b,crashed,2026-04-19T17:51:05Z
4.974982684646362,23601.164990950434,,5.75390625,1,,0.241696768,0.4089171431535118,0,5.75390625,0.0023000000000000004,,0.9127196286723107,0.000368,10459.243630033,0.000184,460,1776631307.4107091,ehgzm5nf,0,dagformer-1b,crashed,2026-04-19T17:51:05Z
4.973885150652708,23610.1447830257,,5.1005859375,1,,0.246939648,0.2872336387678765,0,5.1005859375,0.00235,,0.9575713876746528,0.000376,10678.427156841,0.000188,470,1776631525.57614,ehgzm5nf,0,dagformer-1b,crashed,2026-04-19T17:51:05Z
4.972764187370993,23616.505467971856,,4.9208984375,1,,0.252182528,0.48893228388053295,0,4.9208984375,0.0024,,0.8729599369396125,0.000384,10900.77975258,0.000192,480,1776631744.759681,ehgzm5nf,0,dagformer-1b,crashed,2026-04-19T17:51:05Z
4.971619805864673,23615.74370053705,,4.6865234375,1,,0.257425408,0.3565165372504354,0,4.6865234375,0.0024500000000000004,,0.9342900842298666,0.00039200000000000004,11119.605400048,0.00019600000000000002,490,1776631967.1122553,ehgzm5nf,0,dagformer-1b,crashed,2026-04-19T17:51:05Z
4.970452017428331,23622.501949719346,0.0,5.8271484375,1,0.0,0.262668288,0.45325899568198863,0,5.8271484375,0.0025,0.0,0.8909317483205955,0.0004,11338.72897181,0.0002,500,1776632185.939595,ehgzm5nf,0,dagformer-1b,crashed,2026-04-19T17:51:05Z
4.969260833587566,23628.37901326922,,4.794921875,1,,0.267911168,0.26252751125824053,0,4.794921875,0.00255,,0.9648686214476591,0.00039957894736842106,11558.822917727,0.00019978947368421053,510,1776632405.06149,ehgzm5nf,0,dagformer-1b,crashed,2026-04-19T17:51:05Z
4.968046266098883,23632.04849643555,,5.2392578125,1,,0.273154048,0.3743564519582179,0,5.2392578125,0.0026,,0.927658616609957,0.00039915789473684215,11778.34237531,0.00019957894736842108,520,1776632625.1554291,ehgzm5nf,0,dagformer-1b,crashed,2026-04-19T17:51:05Z
4.9668083269495735,23636.734319355695,,4.705078125,1,,0.278396928,0.4604369273787388,0,4.705078125,0.00265,,0.8877926586346575,0.00039873684210526314,11996.275803296,0.00019936842105263157,530,1776632844.6748867,ehgzm5nf,0,dagformer-1b,crashed,2026-04-19T17:51:05Z
4.965547028357595,23644.373564427602,,4.578125,1,,0.283639808,0.29226757825028127,0,4.578125,0.0027,,0.9562265250478039,0.00039831578947368423,12214.774631087,0.00019915789473684212,540,1776633062.6083157,ehgzm5nf,0,dagformer-1b,crashed,2026-04-19T17:51:05Z
4.964262382771457,23650.64530387349,,4.796875,1,,0.288882688,0.2882676423855512,0,4.796875,0.00275,,0.9576239915828939,0.00039789473684210527,12433.385738693,0.00019894736842105264,550,1776633281.107154,ehgzm5nf,0,dagformer-1b,crashed,2026-04-19T17:51:05Z
4.962954402870093,23656.48461207817,,4.5927734375,1,,0.294125568,0.4572371663167751,0,4.5927734375,0.0028000000000000004,,0.8668478627450196,0.00039747368421052636,12652.456197379,0.00019873684210526318,560,1776633499.718244,ehgzm5nf,0,dagformer-1b,crashed,2026-04-19T17:51:05Z
4.9616231015627354,23661.261755823594,,4.3564453125,1,,0.299368448,0.44755919254790927,0,4.3564453125,0.00285,,0.8935422154003207,0.0003970526315789474,12871.956450128,0.0001985263157894737,570,1776633718.788705,ehgzm5nf,0,dagformer-1b,crashed,2026-04-19T17:51:05Z
4.960268491988791,23665.085981228833,,4.7216796875,1,,0.304611328,0.45537950720811965,0,4.7216796875,0.0029,,0.7178237861107231,0.00039663157894736844,13090.308437673,0.00019831578947368422,580,1776633938.288963,ehgzm5nf,0,dagformer-1b,crashed,2026-04-19T17:51:05Z
4.958890587517709,23670.858767399124,,4.6591796875,1,,0.309854208,0.20405680987890656,0,4.6591796875,0.0029500000000000004,,0.9791102168539668,0.0003962105263157895,13309.660105304,0.00019810526315789474,590,1776634156.6409519,ehgzm5nf,0,dagformer-1b,crashed,2026-04-19T17:51:05Z
4.9574894017488536,23674.662178962022,,4.12255859375,1,,0.315097088,0.45937116086881585,0,4.12255859375,0.003,,0.8879664953379452,0.0003957894736842105,13528.609494913,0.00019789473684210526,600,1776634375.9926085,ehgzm5nf,0,dagformer-1b,crashed,2026-04-19T17:51:05Z
4.956064948511357,23679.047519324096,,4.4052734375,1,,0.320339968,0.3484119500503511,0,4.4052734375,0.00305,,0.6626240348180267,0.0003953684210526316,13748.204337988,0.0001976842105263158,610,1776634594.9420118,ehgzm5nf,0,dagformer-1b,crashed,2026-04-19T17:51:05Z
4.9546172418640015,23682.182700893944,,4.58056640625,1,,0.325582848,0.25016325163698455,0,4.58056640625,0.0031,,0.9683186091088335,0.00039494736842105266,14055.219208007,0.00019747368421052633,620,1776634814.5367444,ehgzm5nf,0,dagformer-1b,crashed,2026-04-19T17:51:05Z
4.953146296095067,23537.89770983349,,4.6005859375,1,,0.330825728,0.2248457083378322,0,4.6005859375,0.00315,,0.9745684697322574,0.0003945263157894737,14274.442301202,0.00019726315789473685,630,1776635121.551723,ehgzm5nf,0,dagformer-1b,crashed,2026-04-19T17:51:05Z
4.951652125722193,23543.701085825945,,4.33935546875,1,,0.336068608,0.3364602159647973,0,4.33935546875,0.0032,,0.7793133171142468,0.00039410526315789474,14492.989058234,0.00019705263157894737,640,1776635340.774818,ehgzm5nf,0,dagformer-1b,crashed,2026-04-19T17:51:05Z
4.950134745492238,23550.42631408944,,4.19384765625,1,,0.341311488,0.30941777033318574,0,4.19384765625,0.00325,,0.9505755969332197,0.0003936842105263158,14710.899230751,0.0001968421052631579,650,1776635559.3215709,ehgzm5nf,0,dagformer-1b,crashed,2026-04-19T17:51:05Z
4.948594170381133,23557.972808935217,,4.4326171875,1,,0.346554368,0.36993895202153937,0,4.4326171875,0.0033000000000000004,,0.6065023446421599,0.00039326315789473687,14932.836875754,0.00019663157894736843,660,1776635777.2317343,ehgzm5nf,0,dagformer-1b,crashed,2026-04-19T17:51:05Z
4.947030415593733,23558.9423582896,,4.00390625,1,,0.351797248,0.26037146132742195,0,4.00390625,0.00335,,0.9656934782917554,0.0003928421052631579,15150.42627421,0.00019642105263157895,670,1776635999.1693873,ehgzm5nf,0,dagformer-1b,crashed,2026-04-19T17:51:05Z
4.945443496563664,23566.64631217393,,4.275390625,1,,0.357040128,0.3211429271895098,0,4.275390625,0.0034,,0.947172804500783,0.000392421052631579,15370.731500999,0.0001962105263157895,680,1776636216.7587736,ehgzm5nf,0,dagformer-1b,crashed,2026-04-19T17:51:05Z
4.943833428953179,23569.96560734593,,3.88525390625,1,,0.362283008,0.2985350504636182,0,3.88525390625,0.0034500000000000004,,0.954282909959007,0.000392,15590.02532854,0.000196,690,1776636437.0640051,ehgzm5nf,0,dagformer-1b,crashed,2026-04-19T17:51:05Z
4.942200228652994,23574.721027167765,,4.427734375,1,,0.367525888,0.3462232616148843,0,4.427734375,0.0035,,0.6546612017811335,0.0003915789473684211,15807.607358268,0.00019578947368421054,700,1776636656.3578432,ehgzm5nf,0,dagformer-1b,crashed,2026-04-19T17:51:05Z
4.940543911782136,23581.8977767678,,4.30126953125,1,,0.372768768,0.30435542057024095,0,4.30126953125,0.00355,,0.9526832420969763,0.0003911578947368421,16026.109013541,0.00019557894736842106,710,1776636873.939867,ehgzm5nf,0,dagformer-1b,crashed,2026-04-19T17:51:05Z
4.9388644946877855,23587.52579651315,,4.0234375,1,,0.378011648,0.21819799874123627,0,4.0234375,0.0036,,0.9761584116071959,0.00039073684210526316,16244.442255559,0.00019536842105263158,720,1776637092.4415386,ehgzm5nf,0,dagformer-1b,crashed,2026-04-19T17:51:05Z
4.937161993945109,23593.2467096572,,4.06103515625,1,,0.383254528,0.16790605144362705,0,4.06103515625,0.00365,,0.9857883480166236,0.00039031578947368425,16463.627053039,0.00019515789473684213,730,1776637310.7747688,ehgzm5nf,0,dagformer-1b,crashed,2026-04-19T17:51:05Z
4.935436426357104,23597.596168195898,,3.96142578125,1,,0.388497408,0.22704339459269612,0,3.96142578125,0.0037,,0.48434900006798626,0.0003898947368421053,16683.149104061,0.00019494736842105265,740,1776637529.9595368,ehgzm5nf,0,dagformer-1b,crashed,2026-04-19T17:51:05Z
4.933687808954423,23601.35365630859,,4.06396484375,1,,0.393740288,0.22997079781811466,0,4.06396484375,0.00375,,0.6639993085824469,0.00038947368421052633,16901.329866227,0.00019473684210526317,750,1776637749.4816146,ehgzm5nf,0,dagformer-1b,crashed,2026-04-19T17:51:05Z
4.931916158995217,23606.886985857287,,4.30322265625,1,,0.398983168,0.23715884796853756,0,4.30322265625,0.0038000000000000004,,0.9716125609207297,0.00038905263157894737,17118.986052938,0.00019452631578947369,760,1776637967.6623664,ehgzm5nf,0,dagformer-1b,crashed,2026-04-19T17:51:05Z
4.930121493964954,23613.002159598112,,4.2890625,1,,0.404226048,0.2395887573915161,0,4.2890625,0.00385,,0.608153877748412,0.00038863157894736847,17337.218539491,0.00019431578947368423,770,1776638185.3185654,ehgzm5nf,0,dagformer-1b,crashed,2026-04-19T17:51:05Z
4.928303831576254,23618.179365170323,,4.29931640625,1,,0.409468928,0.2274663168181653,0,4.29931640625,0.0039,,0.9737937968318612,0.0003882105263157895,17646.41042023,0.00019410526315789475,780,1776638403.5510678,ehgzm5nf,0,dagformer-1b,crashed,2026-04-19T17:51:05Z
4.92646318976871,23501.459553636363,,4.1494140625,1,,0.414711808,0.2742242504217961,0,4.1494140625,0.00395,,0.6552001337644978,0.00038778947368421055,17865.88224589,0.00019389473684210527,790,1776638712.7428946,ehgzm5nf,0,dagformer-1b,crashed,2026-04-19T17:51:05Z
4.924599586708714,23506.21589147175,,4.2001953125,1,,0.419954688,0.26738634456950977,0,4.2001953125,0.004,,0.9634682400115068,0.0003873684210526316,18084.838452703,0.0001936842105263158,800,1776638932.2147489,ehgzm5nf,0,dagformer-1b,crashed,2026-04-19T17:51:05Z
4.922713040789277,23511.526328870055,,4.357421875,1,,0.425197568,0.1638763443172002,0,4.357421875,0.00405,,0.986479703816316,0.0003869473684210526,18303.924555251,0.0001934736842105263,810,1776639151.170978,ehgzm5nf,0,dagformer-1b,crashed,2026-04-19T17:51:05Z
4.920803570629844,23516.54368498085,,4.08056640625,1,,0.430440448,0.47034131387661504,0,4.08056640625,0.0040999999999999995,,0.8040731162443132,0.0003865263157894737,18521.965786567,0.00019326315789473686,820,1776639370.2570722,ehgzm5nf,0,dagformer-1b,crashed,2026-04-19T17:51:05Z
4.9188711950761155,23522.769189298368,,3.841796875,1,,0.435683328,0.2174584917032985,0,3.841796875,0.00415,,0.9761339429549878,0.00038610526315789476,18740.854924189,0.00019305263157894738,830,1776639588.2982872,ehgzm5nf,0,dagformer-1b,crashed,2026-04-19T17:51:05Z
4.916915933199857,23527.785240719775,,4.9384765625,1,,0.440926208,0.29154296133730423,0,4.9384765625,0.004200000000000001,,0.7601278058380733,0.00038568421052631585,18960.032615136,0.00019284210526315793,840,1776639807.1874466,ehgzm5nf,0,dagformer-1b,crashed,2026-04-19T17:51:05Z
4.914937804298716,23532.32623935387,,3.96728515625,1,,0.446169088,0.26254043778820085,0,3.96728515625,0.00425,,0.9649512693602464,0.00038526315789473684,19179.94107239,0.00019263157894736842,850,1776640026.3651354,ehgzm5nf,0,dagformer-1b,crashed,2026-04-19T17:51:05Z
4.912936827896024,23535.86798077325,,4.15625,1,,0.451411968,0.36443146423353034,0,4.15625,0.0043,,0.9314371931663068,0.0003848421052631579,19398.827450535,0.00019242105263157894,860,1776640246.2736049,ehgzm5nf,0,dagformer-1b,crashed,2026-04-19T17:51:05Z
4.91091302374061,23540.56884847437,,4.1708984375,1,,0.456654848,0.2653910499525659,0,4.1708984375,0.004350000000000001,,0.4252118543497027,0.00038442105263157897,19618.538111028,0.00019221052631578949,870,1776640465.1599677,ehgzm5nf,0,dagformer-1b,crashed,2026-04-19T17:51:05Z
4.908866411806606,23544.176813049926,,3.986328125,1,,0.461897728,0.21008371599310488,0,3.986328125,0.0044,,0.6398436583762305,0.000384,19836.004419065,0.000192,880,1776640684.8706152,ehgzm5nf,0,dagformer-1b,crashed,2026-04-19T17:51:05Z
4.906797012293245,23550.367388477007,,3.72509765625,1,,0.467140608,0.3217446305522008,0,3.72509765625,0.00445,,0.9469704466674984,0.0003835789473684211,20054.045388095,0.00019178947368421055,890,1776640902.3369343,ehgzm5nf,0,dagformer-1b,crashed,2026-04-19T17:51:05Z
4.904704845624663,23555.75018863253,,4.6962890625,1,,0.472383488,0.26873479188334165,0,4.6962890625,0.0045,,0.6736466792216084,0.0003831578947368421,20274.580683725,0.00019157894736842104,900,1776641120.3778841,ehgzm5nf,0,dagformer-1b,crashed,2026-04-19T17:51:05Z
4.902589932449703,23558.118437347657,,3.81640625,1,,0.477626368,0.23877988654399654,0,3.81640625,0.00455,,0.601865817603075,0.0003827368421052632,20493.169798347,0.0001913684210526316,910,1776641340.9132464,ehgzm5nf,0,dagformer-1b,crashed,2026-04-19T17:51:05Z
4.900452293641702,23562.672741965765,,4.14453125,1,,0.482869248,0.2512307533204951,0,4.14453125,0.004600000000000001,,0.9678030983336109,0.0003823157894736842,20711.94590794,0.0001911578947368421,920,1776641559.502371,ehgzm5nf,0,dagformer-1b,crashed,2026-04-19T17:51:05Z
4.898291950298293,23566.91765813706,,3.64892578125,1,,0.488112128,0.22683868180164568,0,3.64892578125,0.0046500000000000005,,0.9740311932170813,0.00038189473684210526,20930.240558678,0.00019094736842105263,930,1776641778.2784588,ehgzm5nf,0,dagformer-1b,crashed,2026-04-19T17:51:05Z
4.896108923741194,23571.61671367122,,4.0361328125,1,,0.493355008,0.22772778338224095,0,4.0361328125,0.0047,,0.3155257868892888,0.00038147368421052636,21149.772206186,0.00019073684210526318,940,1776641996.5731223,ehgzm5nf,0,dagformer-1b,crashed,2026-04-19T17:51:05Z
4.893903235515992,23574.839655553325,,3.87060546875,1,,0.498597888,0.20181684775487724,0,3.87060546875,0.00475,,0.9794497591510057,0.0003810526315789474,21368.550114329,0.0001905263157894737,950,1776642216.1047235,ehgzm5nf,0,dagformer-1b,crashed,2026-04-19T17:51:05Z
4.891674907391943,23578.827618892177,,3.97509765625,1,,0.503840768,0.19683725377930716,0,3.97509765625,0.0048,,0.6265449134083824,0.00038063157894736843,21586.836025222,0.00019031578947368422,960,1776642434.8825805,ehgzm5nf,0,dagformer-1b,crashed,2026-04-19T17:51:05Z
4.889423961361745,23583.2735103863,,3.88134765625,1,,0.509083648,0.20553331031618896,0,3.88134765625,0.00485,,0.5406591666343566,0.0003802105263157895,21806.495124046,0.00019010526315789474,970,1776642653.168527,ehgzm5nf,0,dagformer-1b,crashed,2026-04-19T17:51:05Z
4.887150419641325,23586.144133680566,,3.8154296875,1,,0.514326528,0.2239154077374494,0,3.8154296875,0.004900000000000001,,0.553297841173932,0.00037978947368421057,22025.709380995,0.00018989473684210528,980,1776642872.8276334,ehgzm5nf,0,dagformer-1b,crashed,2026-04-19T17:51:05Z
4.884854304669624,23589.43412987502,,3.9306640625,1,,0.519569408,0.15022371282700506,0,3.9306640625,0.00495,,0.9886973393211406,0.0003793684210526316,22244.723509425,0.0001896842105263158,990,1776643092.0418952,ehgzm5nf,0,dagformer-1b,crashed,2026-04-19T17:51:05Z
4.882535639108369,23592.871398013187,0.0,4.3623046875,1,0.0,0.524812288,0.17964778853561303,0,4.3623046875,0.005,0.0,0.983599273087356,0.00037894736842105265,22462.44296,0.00018947368421052632,1000,1776643311.0576727,ehgzm5nf,0,dagformer-1b,crashed,2026-04-19T17:51:05Z
4.880194445841852,23597.601442456486,,3.90771484375,1,,0.530055168,0.20263145109524242,0,3.90771484375,0.00505,,0.728226888105882,0.0003785263157894737,22681.473133562,0.00018926315789473684,1010,1776643528.7755516,ehgzm5nf,0,dagformer-1b,crashed,2026-04-19T17:51:05Z
4.877830747976707,23600.876808660658,,3.9453125,1,,0.535298048,0.20836764112146014,0,3.9453125,0.0051,,0.6874330329486752,0.0003781052631578947,22901.712495809,0.00018905263157894736,1020,1776643747.8057218,ehgzm5nf,0,dagformer-1b,crashed,2026-04-19T17:51:05Z
4.875444568841677,23602.843422639857,,3.759765625,1,,0.540540928,0.297427515885537,0,3.759765625,0.00515,,0.9549265187209529,0.0003776842105263158,23349.169856998,0.0001888421052631579,1030,1776643968.0450747,ehgzm5nf,0,dagformer-1b,crashed,2026-04-19T17:51:05Z
4.873035931987387,23375.065278083945,,4.009765625,1,,0.545783808,0.25425949607630294,0,4.009765625,0.0052,,0.8287389261289745,0.00037726315789473686,23567.57744974,0.00018863157894736843,1040,1776644415.5023708,ehgzm5nf,0,dagformer-1b,crashed,2026-04-19T17:51:05Z
4.870604861186108,23380.903868216727,,3.80126953125,1,,0.551026688,0.23446434344984024,0,3.80126953125,0.00525,,0.5853837171300917,0.00037684210526315795,23785.907498467,0.00018842105263157898,1050,1776644633.9099703,ehgzm5nf,0,dagformer-1b,crashed,2026-04-19T17:51:05Z
4.868151380431532,23386.710376256004,,3.73291015625,1,,0.556269568,0.21110600063554763,0,3.73291015625,0.0053,,0.5374056389036844,0.00037642105263157894,24004.572955194,0.00018821052631578947,1060,1776644852.2400112,ehgzm5nf,0,dagformer-1b,crashed,2026-04-19T17:51:05Z
4.86567551393852,23392.08466497479,,3.73681640625,1,,0.561512448,0.22342283998440868,0,3.73681640625,0.005350000000000001,,0.5889650309990376,0.000376,24223.162011623,0.000188,1070,1776645070.9054668,ehgzm5nf,0,dagformer-1b,crashed,2026-04-19T17:51:05Z
4.863177286142875,23397.43665723088,,3.88134765625,1,,0.566755328,0.18772516915184048,0,3.88134765625,0.0054,,0.7918033988575085,0.00037557894736842107,24441.28970102,0.00018778947368421054,1080,1776645289.494497,ehgzm5nf,0,dagformer-1b,crashed,2026-04-19T17:51:05Z
4.860656721701098,23403.133497484425,,3.69970703125,1,,0.571998208,0.26040481831952583,0,3.69970703125,0.00545,,0.44900590796824785,0.0003751578947368421,24660.38470936,0.00018757894736842106,1090,1776645507.6222117,ehgzm5nf,0,dagformer-1b,crashed,2026-04-19T17:51:05Z
4.858113845490141,23407.812666205245,,3.9814453125,1,,0.577241088,0.23446781357762095,0,3.9814453125,0.0055,,0.49504463512642194,0.0003747368421052632,24877.810827004,0.0001873684210526316,1100,1776645726.7173686,ehgzm5nf,0,dagformer-1b,crashed,2026-04-19T17:51:05Z
4.855548682607167,23413.97839133287,,3.9091796875,1,,0.582483968,0.35111389652812963,0,3.9091796875,0.00555,,0.9327448360446596,0.00037431578947368424,25097.127196323,0.00018715789473684212,1110,1776645944.1433454,ehgzm5nf,0,dagformer-1b,crashed,2026-04-19T17:51:05Z
4.852961258369298,23418.27476061956,,3.0791015625,1,,0.587726848,0.32678688106249165,0,3.0791015625,0.005600000000000001,,0.8500854098645726,0.0003738947368421053,25316.126279233,0.00018694736842105264,1120,1776646163.4596994,ehgzm5nf,0,dagformer-1b,crashed,2026-04-19T17:51:05Z
4.850351598313365,23422.789486429145,,4.09375,1,,0.592969728,0.21968298349764423,0,4.09375,0.0056500000000000005,,0.6295874229765135,0.0003734736842105263,25534.957119854,0.00018673684210526316,1130,1776646382.458791,ehgzm5nf,0,dagformer-1b,crashed,2026-04-19T17:51:05Z
4.847719728195662,23427.381705400483,,3.69384765625,1,,0.598212608,0.22406989675831882,0,3.69384765625,0.0057,,0.5055015205518548,0.0003730526315789474,25754.011845699,0.0001865263157894737,1140,1776646601.2896287,ehgzm5nf,0,dagformer-1b,crashed,2026-04-19T17:51:05Z
4.845065673991682,23431.691790628578,,3.40185546875,1,,0.603455488,0.3497697789830535,0,3.40185546875,0.00575,,0.6005110725755964,0.00037263157894736846,25972.203550848,0.00018631578947368423,1150,1776646820.3443534,ehgzm5nf,0,dagformer-1b,crashed,2026-04-19T17:51:05Z
4.842389461895869,23436.70796870715,,3.37353515625,1,,0.608698368,0.22141787121653753,0,3.37353515625,0.0058,,0.8191192342728613,0.0003722105263157895,26190.587726786,0.00018610526315789475,1160,1776647038.5360725,ehgzm5nf,0,dagformer-1b,crashed,2026-04-19T17:51:05Z
4.8396911183213565,23441.468226769837,,3.82568359375,1,,0.613941248,0.22563073147070173,0,3.82568359375,0.00585,,0.6384845095748766,0.00037178947368421054,26530.931650024,0.00018589473684210527,1170,1776647256.9202473,ehgzm5nf,0,dagformer-1b,crashed,2026-04-19T17:51:05Z
4.836970669899706,23338.3693137498,,3.9384765625,1,,0.619184128,0.21797146381465302,0,3.9384765625,0.005900000000000001,,0.7748726393932671,0.0003713684210526316,26749.816661992,0.0001856842105263158,1180,1776647597.2641482,ehgzm5nf,0,dagformer-1b,crashed,2026-04-19T17:51:05Z
4.834228143480646,23343.396149459717,,3.642578125,1,,0.624427008,0.18109397771193375,0,3.642578125,0.00595,,0.983471345542727,0.00037094736842105267,26968.51856711,0.00018547368421052633,1190,1776647816.1491668,ehgzm5nf,0,dagformer-1b,crashed,2026-04-19T17:51:05Z
4.831463566131803,23348.499575806567,,4.06787109375,1,,0.629669888,0.2070612232479838,0,4.06787109375,0.006,,0.4484430938620015,0.0003705263157894737,27187.324476272,0.00018526315789473685,1200,1776648034.8510969,ehgzm5nf,0,dagformer-1b,crashed,2026-04-19T17:51:05Z
4.828676965138442,23353.432016292812,,3.5556640625,1,,0.634912768,0.1899068887790337,0,3.5556640625,0.00605,,0.7072937554989331,0.00037010526315789475,27405.088657432,0.00018505263157894737,1210,1776648253.6570027,ehgzm5nf,0,dagformer-1b,crashed,2026-04-19T17:51:05Z
4.825868368003187,23359.173016137625,,4.12939453125,1,,0.640155648,0.19296715724386287,0,4.12939453125,0.0061,,0.6249427617852077,0.0003696842105263158,27623.554235308,0.0001848421052631579,1220,1776648471.4212058,ehgzm5nf,0,dagformer-1b,crashed,2026-04-19T17:51:05Z
4.82303780244576,23364.230319665858,,3.7392578125,1,,0.645398528,0.21719879877882892,0,3.7392578125,0.00615,,0.5010651509665567,0.00036926315789473683,27842.016545925,0.00018463157894736841,1230,1776648689.8867395,ehgzm5nf,0,dagformer-1b,crashed,2026-04-19T17:51:05Z
4.820185296402699,23369.211837258168,,3.42529296875,1,,0.650641408,0.23215589604486211,0,3.42529296875,0.0062,,0.5700520147031314,0.0003688421052631579,28062.013112436,0.00018442105263157896,1240,1776648908.3490653,ehgzm5nf,0,dagformer-1b,crashed,2026-04-19T17:51:05Z
4.817310878027088,23372.83668969716,,3.79736328125,1,,0.655884288,0.23690428185293494,0,3.79736328125,0.00625,,0.5687528289638142,0.00036842105263157896,28281.283035194,0.00018421052631578948,1250,1776649128.3456252,ehgzm5nf,0,dagformer-1b,crashed,2026-04-19T17:51:05Z
4.814414575688276,23377.0061407312,,3.54052734375,1,,0.661127168,0.1996813160741334,0,3.54052734375,0.0063,,0.5786432078132188,0.00036800000000000005,28499.5685917,0.00018400000000000003,1260,1776649347.6155546,ehgzm5nf,0,dagformer-1b,crashed,2026-04-19T17:51:05Z
4.811496417971596,23381.919533869554,,3.5009765625,1,,0.666370048,0.17385180084553706,0,3.5009765625,0.006350000000000001,,0.5428369778997676,0.0003675789473684211,28718.936340383,0.00018378947368421055,1270,1776649565.9011145,ehgzm5nf,0,dagformer-1b,crashed,2026-04-19T17:51:05Z
4.808556433678089,23385.876474112938,,3.5654296875,1,,0.671612928,0.1892542796309815,0,3.5654296875,0.0064,,0.6045269547986137,0.00036715789473684213,28936.93692927,0.00018357894736842107,1280,1776649785.2688615,ehgzm5nf,0,dagformer-1b,crashed,2026-04-19T17:51:05Z
4.805594651824211,23390.878704260555,,3.6474609375,1,,0.676855808,0.2234721645408044,0,3.6474609375,0.00645,,0.619672147469856,0.0003667368421052632,29155.61080494,0.0001833684210526316,1290,1776650003.2694333,ehgzm5nf,0,dagformer-1b,crashed,2026-04-19T17:51:05Z
4.8026111016415545,23395.265728772993,,3.4921875,1,,0.682098688,0.18092396944574468,0,3.4921875,0.0065,,0.7445033293282127,0.0003663157894736842,29375.190167405,0.0001831578947368421,1300,1776650221.943316,ehgzm5nf,0,dagformer-1b,crashed,2026-04-19T17:51:05Z
4.799605812576555,23398.866008217003,,3.68798828125,1,,0.687341568,0.17960489513115038,0,3.68798828125,0.006549999999999999,,0.9837061689679971,0.0003658947368421053,29594.144415213,0.00018294736842105265,1310,1776650441.5226529,ehgzm5nf,0,dagformer-1b,crashed,2026-04-19T17:51:05Z
4.796578814290202,23402.907454491284,,3.4033203125,1,,0.692584448,0.2422046631125196,0,3.4033203125,0.006600000000000001,,0.8802752077123203,0.00036547368421052635,29812.747360391,0.00018273684210526317,1320,1776650660.4769282,ehgzm5nf,0,dagformer-1b,crashed,2026-04-19T17:51:05Z
4.793530136657747,23407.164904163572,,3.63232421875,1,,0.697827328,0.19713357039832582,0,3.63232421875,0.0066500000000000005,,0.6215591761612781,0.0003650526315789474,30030.918755352,0.0001825263157894737,1330,1776650879.079885,ehgzm5nf,0,dagformer-1b,crashed,2026-04-19T17:51:05Z
4.790459809768407,23411.6978147502,,3.67236328125,1,,0.703070208,0.15688791466068522,0,3.67236328125,0.0067,,0.6287567914887714,0.0003646315789473684,30249.740098971,0.0001823157894736842,1340,1776651097.2512727,ehgzm5nf,0,dagformer-1b,crashed,2026-04-19T17:51:05Z
4.787367863925068,23415.661412676556,,3.78955078125,1,,0.708313088,0.19350467598044166,0,3.78955078125,0.00675,,0.5135253207334736,0.00036421052631578946,30467.775699317,0.00018210526315789473,1350,1776651316.0725744,ehgzm5nf,0,dagformer-1b,crashed,2026-04-19T17:51:05Z
4.784254329643989,23420.17189451368,,3.91796875,1,,0.713555968,0.25484504692415944,0,3.91796875,0.0068,,0.5831127489047343,0.00036378947368421056,30686.312801466,0.00018189473684210528,1360,1776651534.1082091,ehgzm5nf,0,dagformer-1b,crashed,2026-04-19T17:51:05Z
4.781119237654496,23424.235660666196,,3.3515625,1,,0.718798848,0.21172116928989612,0,3.3515625,0.00685,,0.515663790552229,0.0003633684210526316,30904.876690148,0.0001816842105263158,1370,1776651752.6453235,ehgzm5nf,0,dagformer-1b,crashed,2026-04-19T17:51:05Z
4.77796261889868,23428.221788363462,,3.7119140625,1,,0.724041728,0.21335506937959176,0,3.7119140625,0.006900000000000001,,0.7642441125149688,0.00036294736842105264,31122.554011461,0.00018147368421052632,1380,1776651971.2091956,ehgzm5nf,0,dagformer-1b,crashed,2026-04-19T17:51:05Z
4.774784504531096,23432.81916953286,,3.82861328125,1,,0.729284608,0.23364144650548152,0,3.82861328125,0.0069500000000000004,,0.4787566734490262,0.0003625263157894737,31341.61595116,0.00018126315789473684,1390,1776652188.8865027,ehgzm5nf,0,dagformer-1b,crashed,2026-04-19T17:51:05Z
4.771584925918447,23436.31817183169,,3.5732421875,1,,0.734527488,0.24630954267389837,0,3.5732421875,0.007,,0.9112740256641509,0.00036210526315789477,31705.955690855,0.00018105263157894739,1400,1776652407.9484491,ehgzm5nf,0,dagformer-1b,crashed,2026-04-19T17:51:05Z
4.768363914639284,23332.36483389512,,3.8359375,1,,0.739770368,0.1744901859910035,0,3.8359375,0.00705,,0.9846857199826737,0.0003616842105263158,31924.355959864,0.0001808421052631579,1410,1776652772.2882113,ehgzm5nf,0,dagformer-1b,crashed,2026-04-19T17:51:05Z
4.765121502483686,23336.971830484134,,3.82568359375,1,,0.745013248,0.20233011442332108,0,3.82568359375,0.0071,,0.6128861899430851,0.0003612631578947369,32142.646029283,0.00018063157894736845,1420,1776652990.6884758,ehgzm5nf,0,dagformer-1b,crashed,2026-04-19T17:51:05Z
4.761857721452955,23341.596894033846,,3.87939453125,1,,0.750256128,0.22683812740601741,0,3.87939453125,0.00715,,0.9318548236966997,0.0003608421052631579,32360.735857715,0.00018042105263157894,1430,1776653208.9785392,ehgzm5nf,0,dagformer-1b,crashed,2026-04-19T17:51:05Z
4.758572603759291,23346.303987613544,,3.873046875,1,,0.755499008,0.24397448336730568,0,3.873046875,0.0072,,0.6619202798955921,0.00036042105263157893,32578.665202438,0.00018021052631578946,1440,1776653427.0683625,ehgzm5nf,0,dagformer-1b,crashed,2026-04-19T17:51:05Z
4.755266181825477,23351.062627470168,,3.73388671875,1,,0.760741888,0.22402100603637295,0,3.73388671875,0.00725,,0.9745653688878891,0.00036,32796.841008168,0.00018,1450,1776653644.997729,ehgzm5nf,0,dagformer-1b,crashed,2026-04-19T17:51:05Z
4.7519384882845666,23355.58256350893,,3.634765625,1,,0.765984768,0.23351027444025857,0,3.634765625,0.0073,,0.760055457633121,0.00035957894736842106,33016.233606819,0.00017978947368421053,1460,1776653863.173537,ehgzm5nf,0,dagformer-1b,crashed,2026-04-19T17:51:05Z
4.748589555979548,23359.182085234355,,3.69384765625,1,,0.771227648,0.2754702327969536,0,3.69384765625,0.007350000000000001,,0.9613482708601643,0.00035915789473684216,33235.078158151,0.00017957894736842108,1470,1776654082.5661054,ehgzm5nf,0,dagformer-1b,crashed,2026-04-19T17:51:05Z
4.745219417963033,23363.11919497011,,3.53564453125,1,,0.776470528,0.2269264471806162,0,3.53564453125,0.0074,,0.8302740442499376,0.0003587368421052632,33454.083730002,0.0001793684210526316,1480,1776654301.410659,ehgzm5nf,0,dagformer-1b,crashed,2026-04-19T17:51:05Z
4.741828107496923,23366.892302777393,,3.65283203125,1,,0.781713408,0.4147191066339433,0,3.65283203125,0.00745,,0.6840515065334672,0.0003583157894736842,33672.225477031,0.0001791578947368421,1490,1776654520.4162488,ehgzm5nf,0,dagformer-1b,crashed,2026-04-19T17:51:05Z
4.738415658052083,23371.216042740347,0.0,3.75634765625,1,0.0,0.786956288,0.19351618669628468,0,3.75634765625,0.0075,0.0,0.5902562210975836,0.0003578947368421053,33890.246362909,0.00017894736842105264,1500,1776654738.5596995,ehgzm5nf,0,dagformer-1b,crashed,2026-04-19T17:51:05Z
4.7349821033080115,23375.567218648666,,3.79833984375,1,,0.792199168,0.28222172943987517,0,3.79833984375,0.007549999999999999,,0.5363254790554244,0.0003574736842105263,34109.338629285,0.00017873684210526316,1510,1776654956.5788734,ehgzm5nf,0,dagformer-1b,crashed,2026-04-19T17:51:05Z
4.731527477152507,23379.128497076184,,3.751953125,1,,0.797442048,0.5255219617922023,0,3.751953125,0.007600000000000001,,0.8503017415257892,0.0003570526315789474,34328.848027227,0.0001785263157894737,1520,1776655175.6711411,ehgzm5nf,0,dagformer-1b,crashed,2026-04-19T17:51:05Z
4.728051813681336,23382.36023567751,,3.40478515625,1,,0.802684928,0.2311397298718344,0,3.40478515625,0.0076500000000000005,,0.5530994291403404,0.00035663157894736845,34549.119584742,0.00017831578947368422,1530,1776655395.1805124,ehgzm5nf,0,dagformer-1b,crashed,2026-04-19T17:51:05Z
4.724555147197893,23385.035273597754,,3.8642578125,1,,0.807927808,0.17539042700397578,0,3.8642578125,0.0077,,0.9845356737465715,0.0003562105263157895,34767.782970982,0.00017810526315789474,1540,1776655615.452105,ehgzm5nf,0,dagformer-1b,crashed,2026-04-19T17:51:05Z
4.721037512212865,23388.758108180336,,4.01123046875,1,,0.813170688,0.26974526798551907,0,4.01123046875,0.00775,,0.8153225830484251,0.0003557894736842105,35295.076581034,0.00017789473684210526,1550,1776655834.1155207,ehgzm5nf,0,dagformer-1b,crashed,2026-04-19T17:51:05Z
4.717498943443888,23187.88267031657,,3.72509765625,1,,0.818413568,0.24305356305946116,0,3.72509765625,0.0078,,0.9435471768755278,0.0003553684210526316,35512.588384172,0.0001776842105263158,1560,1776656361.4090853,ehgzm5nf,0,dagformer-1b,crashed,2026-04-19T17:51:05Z
4.7139394758152084,23193.493160526443,,3.87890625,1,,0.823656448,0.26135298202715473,0,3.87890625,0.007850000000000001,,0.895842463919502,0.00035494736842105266,35732.598041057,0.00017747368421052633,1570,1776656578.9209042,ehgzm5nf,0,dagformer-1b,crashed,2026-04-19T17:51:05Z
4.7103591444573345,23197.41373675095,,4.0712890625,1,,0.828899328,0.11290053797651405,0,4.0712890625,0.0079,,0.9935527254250931,0.0003545263157894737,35951.23626481,0.00017726315789473685,1580,1776656798.9305508,ehgzm5nf,0,dagformer-1b,crashed,2026-04-19T17:51:05Z
4.706757984706693,23202.171402086267,,3.66943359375,1,,0.834142208,0.21241141484370984,0,3.66943359375,0.00795,,0.587427567309273,0.00035410526315789474,36169.025530652,0.00017705263157894737,1590,1776657017.5687695,ehgzm5nf,0,dagformer-1b,crashed,2026-04-19T17:51:05Z
4.703136032105272,23207.416054066332,,3.73486328125,1,,0.839385088,0.19742860791485325,0,3.73486328125,0.008,,0.4731111506008696,0.0003536842105263158,36387.519326122,0.0001768421052631579,1600,1776657235.3580513,ehgzm5nf,0,dagformer-1b,crashed,2026-04-19T17:51:05Z
4.699493322400286,23212.148716174335,,3.52734375,1,,0.844627968,0.23433923208425717,0,3.52734375,0.00805,,0.5190888295807964,0.00035326315789473687,36606.117165933,0.00017663157894736844,1610,1776657453.8518474,ehgzm5nf,0,dagformer-1b,crashed,2026-04-19T17:51:05Z
4.695829891543808,23216.75862257218,,3.78759765625,1,,0.849870848,0.19291579285557495,0,3.78759765625,0.0081,,0.981119112563697,0.0003528421052631579,36825.386488109,0.00017642105263157896,1620,1776657672.449666,ehgzm5nf,0,dagformer-1b,crashed,2026-04-19T17:51:05Z
4.692145775692421,23220.89032255258,,3.65283203125,1,,0.855113728,0.17687051385262584,0,3.65283203125,0.008150000000000001,,0.984191931374683,0.00035242105263157895,37044.904770399,0.00017621052631578948,1630,1776657891.7190096,ehgzm5nf,0,dagformer-1b,crashed,2026-04-19T17:51:05Z
4.688441011206861,23224.817413454184,,3.419921875,1,,0.860356608,0.23104666209070274,0,3.419921875,0.008199999999999999,,0.7383178851470323,0.00035200000000000005,37262.993135357,0.00017600000000000002,1640,1776658111.2372901,ehgzm5nf,0,dagformer-1b,crashed,2026-04-19T17:51:05Z
4.684715634651659,23229.589261922138,,3.71923828125,1,,0.865599488,0.16375230419580125,0,3.71923828125,0.00825,,0.3723390339090294,0.00035157894736842103,37480.938970074,0.00017578947368421052,1650,1776658329.3256476,ehgzm5nf,0,dagformer-1b,crashed,2026-04-19T17:51:05Z
4.680969682794776,23234.39413296623,,3.70068359375,1,,0.870842368,0.21361438602108018,0,3.70068359375,0.0083,,0.6223174858985698,0.0003511578947368421,37699.222199109,0.00017557894736842106,1660,1776658547.2714777,ehgzm5nf,0,dagformer-1b,crashed,2026-04-19T17:51:05Z
4.677203192607245,23238.93526706303,,3.52880859375,1,,0.876085248,0.2448119537473377,0,3.52880859375,0.00835,,0.4221091505744289,0.00035073684210526316,37918.751777836,0.00017536842105263158,1670,1776658765.5546985,ehgzm5nf,0,dagformer-1b,crashed,2026-04-19T17:51:05Z
4.673416201262804,23242.66033346865,,3.71044921875,1,,0.881328128,0.194610752738915,0,3.71044921875,0.008400000000000001,,0.5731387605417438,0.00035031578947368426,38137.454392435,0.00017515789473684213,1680,1776658985.0842788,ehgzm5nf,0,dagformer-1b,crashed,2026-04-19T17:51:05Z
4.66960874613753,23246.84669793226,,3.99658203125,1,,0.886571008,0.21900638599502992,0,3.99658203125,0.00845,,0.5965078689121032,0.0003498947368421053,38355.702731844,0.00017494736842105265,1690,1776659203.7869115,ehgzm5nf,0,dagformer-1b,crashed,2026-04-19T17:51:05Z
4.665780864809465,23251.26036795251,,3.91357421875,1,,0.891813888,0.1977768145691008,0,3.91357421875,0.0085,,0.5102130010346901,0.00034947368421052634,38574.05291099,0.00017473684210526317,1700,1776659422.0352361,ehgzm5nf,0,dagformer-1b,crashed,2026-04-19T17:51:05Z
4.6619325950582535,23255.562985459193,,3.63330078125,1,,0.897056768,0.20341367507145466,0,3.63330078125,0.00855,,0.6559362909323619,0.0003490526315789474,38792.967356045,0.0001745263157894737,1710,1776659640.3854308,ehgzm5nf,0,dagformer-1b,crashed,2026-04-19T17:51:05Z
4.658063974864765,23259.4786854304,,3.65869140625,1,,0.902299648,0.19342137699244893,0,3.65869140625,0.0086,,0.5092954797019706,0.0003486315789473684,39011.134474403,0.0001743157894736842,1720,1776659859.299871,ehgzm5nf,0,dagformer-1b,crashed,2026-04-19T17:51:05Z
4.654175042410719,23263.79596207352,,3.5625,1,,0.907542528,0.1951063867170443,0,3.5625,0.00865,,0.625631218619782,0.0003482105263157895,39229.249844786,0.00017410526315789475,1730,1776660077.466978,ehgzm5nf,0,dagformer-1b,crashed,2026-04-19T17:51:05Z
4.650265836078308,23268.096153988954,,3.5810546875,1,,0.912785408,0.19984651091762604,0,3.5810546875,0.008700000000000001,,0.4096852137697326,0.00034778947368421055,39448.297581419,0.00017389473684210527,1740,1776660295.5823522,ehgzm5nf,0,dagformer-1b,crashed,2026-04-19T17:51:05Z
4.646336394449821,23271.798395689733,,3.55908203125,1,,0.918028288,0.2495799354538214,0,3.55908203125,0.00875,,0.7948908377074744,0.0003473684210526316,39667.426463296,0.0001736842105263158,1750,1776660514.6301248,ehgzm5nf,0,dagformer-1b,crashed,2026-04-19T17:51:05Z
4.6423867563072605,23275.412425237108,,3.61962890625,1,,0.923271168,0.21348026422013386,0,3.61962890625,0.0088,,0.41270695985445655,0.00034694736842105263,39885.880083585,0.00017347368421052631,1760,1776660733.7589717,ehgzm5nf,0,dagformer-1b,crashed,2026-04-19T17:51:05Z
4.638416960631959,23279.380836162425,,3.62646484375,1,,0.928514048,0.24483629610108734,0,3.62646484375,0.00885,,0.6082162766384646,0.00034652631578947367,40104.229644501,0.00017326315789473683,1770,1776660952.212583,ehgzm5nf,0,dagformer-1b,crashed,2026-04-19T17:51:05Z
4.6344270466042,23283.366407970057,,3.66552734375,1,,0.933756928,0.20007332274148834,0,3.66552734375,0.0089,,0.979751083546889,0.00034610526315789476,40324.280920256,0.00017305263157894738,1780,1776661170.5621526,ehgzm5nf,0,dagformer-1b,crashed,2026-04-19T17:51:05Z
4.630417053602821,23286.326223043565,,3.53955078125,1,,0.938999808,0.18578517829222144,0,3.53955078125,0.008950000000000001,,0.7014724647291315,0.00034568421052631586,40542.853498756,0.00017284210526315793,1790,1776661390.6134276,ehgzm5nf,0,dagformer-1b,crashed,2026-04-19T17:51:05Z
4.626387021204836,23290.10306960466,,3.359375,1,,0.944242688,0.21072964589809753,0,3.359375,0.009,,0.3755388419386976,0.00034526315789473684,40761.383990232,0.00017263157894736842,1800,1776661609.1860096,ehgzm5nf,0,dagformer-1b,crashed,2026-04-19T17:51:05Z
4.622336989185038,23293.86347134779,,3.54150390625,1,,0.949485568,0.17423658239146125,0,3.54150390625,0.00905,,0.52343227311086,0.0003448421052631579,40981.850998601,0.00017242105263157894,1810,1776661827.7165117,ehgzm5nf,0,dagformer-1b,crashed,2026-04-19T17:51:05Z
4.618266997515606,23296.48328860095,,3.77783203125,1,,0.954728448,0.20037411556516432,0,3.77783203125,0.0091,,0.7433195407817933,0.000344421052631579,41200.174930142,0.0001722105263157895,1820,1776662048.183515,ehgzm5nf,0,dagformer-1b,crashed,2026-04-19T17:51:05Z
4.614177086365716,23300.286702367277,,3.6533203125,1,,0.959971328,0.1903576469567311,0,3.6533203125,0.00915,,0.4918722986398839,0.000344,41419.092154398,0.000172,1830,1776662266.5074446,ehgzm5nf,0,dagformer-1b,crashed,2026-04-19T17:51:05Z
4.610067296101141,23303.715588576117,,3.4990234375,1,,0.965214208,0.2174951873284049,0,3.4990234375,0.009200000000000002,,0.6721310516498408,0.0003435789473684211,41639.263470523,0.00017178947368421055,1840,1776662485.424657,ehgzm5nf,0,dagformer-1b,crashed,2026-04-19T17:51:05Z
4.605937667283849,23306.407243317764,,2.86328125,1,,0.970457088,0.2537580887622146,0,2.86328125,0.00925,,0.5453996595656729,0.00034315789473684215,41857.283801984,0.00017157894736842107,1850,1776662705.5959916,ehgzm5nf,0,dagformer-1b,crashed,2026-04-19T17:51:05Z
4.601788240671611,23310.268502357147,,3.40966796875,1,,0.975699968,0.19735380330566157,0,3.40966796875,0.009300000000000001,,0.6728090980124074,0.00034273684210526313,42076.558326237,0.00017136842105263157,1860,1776662923.6163144,ehgzm5nf,0,dagformer-1b,crashed,2026-04-19T17:51:05Z
4.597619057217592,23313.39429280596,,3.4638671875,1,,0.980942848,0.18663455332973003,0,3.4638671875,0.009349999999999999,,0.6308078873919846,0.0003423157894736842,42295.187175174,0.0001711578947368421,1870,1776663142.890829,ehgzm5nf,0,dagformer-1b,crashed,2026-04-19T17:51:05Z
4.593430158069951,23316.844037027324,,3.56103515625,1,,0.986185728,0.1786684527058775,0,3.56103515625,0.0094,,0.983793071390921,0.00034189473684210527,42513.834347185,0.00017094736842105263,1880,1776663361.5196955,ehgzm5nf,0,dagformer-1b,crashed,2026-04-19T17:51:05Z
4.589221584571429,23320.247933375085,,4.1611328125,1,,0.991428608,0.20619805430753407,0,4.1611328125,0.009450000000000002,,0.385355467131047,0.00034147368421052636,42733.281401452,0.00017073684210526318,1890,1776663580.1668665,ehgzm5nf,0,dagformer-1b,crashed,2026-04-19T17:51:05Z
4.5849933782589485,23323.18062602661,,4.02978515625,1,,0.996671488,0.225309407952115,0,4.02978515625,0.0095,,0.40757277701483186,0.0003410526315789474,42952.670419456,0.0001705263157894737,1900,1776663799.613902,ehgzm5nf,0,dagformer-1b,crashed,2026-04-19T17:51:05Z
4.5807455808632,23326.114682625455,,3.19873046875,1,,1.001914368,0.22863337187632063,0,3.19873046875,0.009550000000000001,,0.5404477580156305,0.00034063157894736844,43173.341607113,0.00017031578947368422,1910,1776664019.0029216,ehgzm5nf,0,dagformer-1b,crashed,2026-04-19T17:51:05Z
4.576478234308226,23328.326429444314,,4.00439453125,1,,1.007157248,0.23980449131605025,0,4.00439453125,0.0096,,0.42043082497726897,0.0003402105263157895,43398.520872455,0.00017010526315789474,1920,1776664239.674127,ehgzm5nf,0,dagformer-1b,crashed,2026-04-19T17:51:05Z
4.572191380711017,23328.091964698935,,3.57763671875,1,,1.012400128,0.21948443773676427,0,3.57763671875,0.00965,,0.4209648286270275,0.00033978947368421057,43619.175007484,0.00016989473684210529,1930,1776664464.8533835,ehgzm5nf,0,dagformer-1b,crashed,2026-04-19T17:51:05Z
4.567885062381086,23330.280146554505,,3.66455078125,1,,1.017643008,0.19791007679082137,0,3.66455078125,0.0097,,0.689105288375596,0.0003393684210526316,44014.401126098,0.0001696842105263158,1940,1776664685.5074987,ehgzm5nf,0,dagformer-1b,crashed,2026-04-19T17:51:05Z
4.5635593218200565,23239.903251172207,,3.4609375,1,,1.022885888,0.21361221676274456,0,3.4609375,0.00975,,0.7373158049155482,0.00033894736842105265,44422.659566794,0.00016947368421052633,1950,1776665080.7336473,ehgzm5nf,0,dagformer-1b,crashed,2026-04-19T17:51:05Z
4.559214201721241,23144.343359479983,,3.6552734375,1,,1.028128768,0.41061813972481337,0,3.6552734375,0.009800000000000001,,0.9119935612103865,0.0003385263157894737,44641.207431513,0.00016926315789473684,1960,1776665488.9920719,ehgzm5nf,0,dagformer-1b,crashed,2026-04-19T17:51:05Z
4.554849744969223,23148.4814654431,,3.392578125,1,,1.033371648,0.21658529642604385,0,3.392578125,0.00985,,0.4819833738864826,0.00033810526315789473,44859.630749791,0.00016905263157894736,1970,1776665707.539938,ehgzm5nf,0,dagformer-1b,crashed,2026-04-19T17:51:05Z
4.550465994639425,23152.643949701967,,3.681640625,1,,1.038614528,0.269228663739953,0,3.681640625,0.0099,,0.6433323933970565,0.0003376842105263158,45077.210156765,0.0001688421052631579,1980,1776665925.9632514,ehgzm5nf,0,dagformer-1b,crashed,2026-04-19T17:51:05Z
4.546062993997697,23157.199105146086,,3.1689453125,1,,1.043857408,0.17817277057958086,0,3.1689453125,0.00995,,0.39209156488377905,0.00033726315789473686,45295.279512526,0.00016863157894736843,1990,1776666143.5426729,ehgzm5nf,0,dagformer-1b,crashed,2026-04-19T17:51:05Z
4.541640786499874,23161.46011862905,0.0,3.6591796875,1,0.0,1.049100288,0.2090993664093192,0,3.6591796875,0.01,0.0,0.8991177043601397,0.0003368421052631579,45521.398531271,0.00016842105263157895,2000,1776666361.6137357,ehgzm5nf,0,dagformer-1b,crashed,2026-04-19T17:51:05Z
4.537199415791361,23161.583924173116,,3.3798828125,1,,1.054343168,0.21190491205170853,0,3.3798828125,0.01,,0.6160947573901417,0.000336421052631579,45741.45898693,0.0001682105263157895,2010,1776666587.7310421,ehgzm5nf,0,dagformer-1b,crashed,2026-04-19T17:51:05Z
4.532738925706693,23164.774186952596,,3.40185546875,1,,1.059586048,0.16694031279918384,0,3.40185546875,0.01,,0.40713079067195584,0.000336,46105.007976601,0.000168,2020,1776666807.7915058,ehgzm5nf,0,dagformer-1b,crashed,2026-04-19T17:51:05Z
4.528259360269106,23095.83004531834,,3.43505859375,1,,1.064828928,0.21662643541720478,0,3.43505859375,0.01,,0.49475072604602016,0.0003355789473684211,46323.607466242,0.00016778947368421054,2030,1776667171.340462,ehgzm5nf,0,dagformer-1b,crashed,2026-04-19T17:51:05Z
4.523760763690104,23100.02129545204,,3.46875,1,,1.070071808,0.2075880686635903,0,3.46875,0.01,,0.573283783761569,0.0003351578947368421,46543.541235289,0.00016757894736842106,2040,1776667389.9399757,ehgzm5nf,0,dagformer-1b,crashed,2026-04-19T17:51:05Z
4.519243180369018,23103.51064580165,,3.62939453125,1,,1.075314688,0.21505909410190363,0,3.62939453125,0.01,,0.6523129711385511,0.00033473684210526315,46763.115358189,0.00016736842105263158,2050,1776667609.8737485,ehgzm5nf,0,dagformer-1b,crashed,2026-04-19T17:51:05Z
4.514706654892571,23107.14470742826,,3.45654296875,1,,1.080557568,0.19462637782073233,0,3.45654296875,0.01,,0.8381059798168068,0.00033431578947368425,46982.545399969,0.00016715789473684212,2060,1776667829.447861,ehgzm5nf,0,dagformer-1b,crashed,2026-04-19T17:51:05Z
4.510151232034438,23110.816139874114,,3.5283203125,1,,1.085800448,0.18868134973828146,0,3.5283203125,0.01,,0.5122513898063266,0.0003338947368421053,47200.793536983,0.00016694736842105264,2070,1776668048.8779085,ehgzm5nf,0,dagformer-1b,crashed,2026-04-19T17:51:05Z
4.505576956754805,23115.031919927864,,3.841796875,1,,1.091043328,0.2510317398610115,0,3.841796875,0.01,,0.7756196172686298,0.0003334736842105263,47420.781764643,0.00016673684210526316,2080,1776668267.1260464,ehgzm5nf,0,dagformer-1b,crashed,2026-04-19T17:51:05Z
4.500983874199921,23118.360355854384,,3.619140625,1,,1.096286208,0.16251941814411222,0,3.619140625,0.01,,0.6798099843766613,0.00033305263157894737,47639.17089683,0.00016652631578947368,2090,1776668487.1142628,ehgzm5nf,0,dagformer-1b,crashed,2026-04-19T17:51:05Z
4.496372029701656,23122.434017514614,,3.52783203125,1,,1.101529088,0.21231735616825928,0,3.52783203125,0.01,,0.7547097691396285,0.00033263157894736846,47857.97908045,0.00016631578947368423,2100,1776668705.5034175,ehgzm5nf,0,dagformer-1b,crashed,2026-04-19T17:51:05Z
4.4917414687770565,23126.26892073701,,3.69384765625,1,,1.106771968,0.3054626255729064,0,3.69384765625,0.01,,0.5836336253065991,0.0003322105263157895,48077.832362872,0.00016610526315789475,2110,1776668924.3115923,ehgzm5nf,0,dagformer-1b,crashed,2026-04-19T17:51:05Z
4.487092237127885,23129.565445941527,,3.44140625,1,,1.112014848,0.2373245354310797,0,3.44140625,0.01,,0.5515398169638218,0.00033178947368421054,48297.310673606,0.00016589473684210527,2120,1776669144.1649637,ehgzm5nf,0,dagformer-1b,crashed,2026-04-19T17:51:05Z
4.482424380640184,23133.01150544117,,3.72607421875,1,,1.117257728,0.16941006844376497,0,3.72607421875,0.01,,0.6206942698633874,0.0003313684210526316,48517.77939073,0.0001656842105263158,2130,1776669363.6431928,ehgzm5nf,0,dagformer-1b,crashed,2026-04-19T17:51:05Z
4.4777379453838115,23135.954228172053,,3.4892578125,1,,1.122500608,0.18275725374907598,0,3.4892578125,0.01,,0.40299725406838327,0.0003309473684210526,48737.425999444,0.0001654736842105263,2140,1776669584.111911,ehgzm5nf,0,dagformer-1b,crashed,2026-04-19T17:51:05Z
4.473032977611991,23139.260767559626,,3.5849609375,1,,1.127743488,0.16895935845224513,0,3.5849609375,0.01,,0.3301246096594364,0.0003305263157894737,48956.83128179,0.00016526315789473686,2150,1776669803.7584932,ehgzm5nf,0,dagformer-1b,crashed,2026-04-19T17:51:05Z
4.4683095237608565,23142.651517863458,,3.4951171875,1,,1.132986368,0.21922601836523456,0,3.4951171875,0.01,,0.5235887517283532,0.00033010526315789475,49175.158813053,0.00016505263157894738,2160,1776670023.1637952,ehgzm5nf,0,dagformer-1b,crashed,2026-04-19T17:51:05Z
4.463567630448988,23146.519285203656,,3.318359375,1,,1.138229248,0.15487740648120227,0,3.318359375,0.01,,0.7161198349790214,0.0003296842105263158,49394.227652601,0.0001648421052631579,2170,1776670241.4913335,ehgzm5nf,0,dagformer-1b,crashed,2026-04-19T17:51:05Z
4.458807344476961,23150.005823823565,,4.2783203125,1,,1.143472128,0.21363155205699672,0,4.2783203125,0.01,,0.5188076955514755,0.00032926315789473683,49612.212428667,0.00016463157894736842,2180,1776670460.5601778,ehgzm5nf,0,dagformer-1b,crashed,2026-04-19T17:51:05Z
4.454028712826874,23153.967004831193,,3.37255859375,1,,1.148715008,0.157762452709401,0,3.37255859375,0.01,,0.4765182775274519,0.00032884210526315787,49831.195986328,0.00016442105263157894,2190,1776670678.544941,ehgzm5nf,0,dagformer-1b,crashed,2026-04-19T17:51:05Z
4.449231782661895,23157.429659906615,,3.1240234375,1,,1.153957888,0.21452800244976,0,3.1240234375,0.01,,0.7368166334181488,0.00032842105263157896,50054.559576329,0.00016421052631578948,2200,1776670897.528491,ehgzm5nf,0,dagformer-1b,crashed,2026-04-19T17:51:05Z
4.444416601325784,23158.834981567725,,2.64013671875,1,,1.159200768,0.17561950742137264,0,2.64013671875,0.01,,0.7492437782838075,0.00032800000000000006,50272.177757132,0.00016400000000000003,2210,1776671120.8920841,ehgzm5nf,0,dagformer-1b,crashed,2026-04-19T17:51:05Z
4.43958321634244,23162.874838209722,,4.1103515625,1,,1.164443648,0.16819425800035936,0,4.1103515625,0.01,,0.9857876990486967,0.0003275789473684211,50490.931507212,0.00016378947368421055,2220,1776671338.510275,ehgzm5nf,0,dagformer-1b,crashed,2026-04-19T17:51:05Z
4.43473167541542,23166.359104245625,,3.537109375,1,,1.169686528,0.17025907812690158,0,3.537109375,0.01,,0.6540274056424525,0.0003271578947368421,50709.977216347,0.00016357894736842104,2230,1776671557.2640274,ehgzm5nf,0,dagformer-1b,crashed,2026-04-19T17:51:05Z
4.429862026427475,23169.67968777076,,3.55712890625,1,,1.174929408,0.17577690326266118,0,3.55712890625,0.01,,0.4909598093200711,0.0003267368421052632,50929.523999568,0.0001633684210526316,2240,1776671776.3097346,ehgzm5nf,0,dagformer-1b,crashed,2026-04-19T17:51:05Z
4.424974317440075,23172.743652690853,,3.60302734375,1,,1.180172288,0.1920291681208936,0,3.60302734375,0.01,,0.5267988861759068,0.0003263157894736842,51148.312595184,0.0001631578947368421,2250,1776671995.8565073,ehgzm5nf,0,dagformer-1b,crashed,2026-04-19T17:51:05Z
4.420068596692933,23176.125303018114,,3.32666015625,1,,1.185415168,0.16405952266498755,0,3.32666015625,0.01,,0.36774437157360046,0.0003258947368421053,51366.8972922,0.00016294736842105265,2260,1776672214.6451087,ehgzm5nf,0,dagformer-1b,crashed,2026-04-19T17:51:05Z
4.415144912603533,23179.569723770717,,3.25830078125,1,,1.190658048,0.1683777874538908,0,3.25830078125,0.01,,0.3805512248566095,0.00032547368421052635,51586.156096631,0.00016273684210526317,2270,1776672433.2298038,ehgzm5nf,0,dagformer-1b,crashed,2026-04-19T17:51:05Z
4.410203313766649,23182.68211098091,,3.83251953125,1,,1.195900928,0.18965164742537813,0,3.83251953125,0.01,,0.4960666749186977,0.0003250526315789474,51805.660844106,0.0001625263157894737,2280,1776672652.4886584,ehgzm5nf,0,dagformer-1b,crashed,2026-04-19T17:51:05Z
4.405243848953868,23185.658149939198,,3.21826171875,1,,1.201143808,0.21562345370870267,0,3.21826171875,0.01,,0.8349372766208594,0.00032463157894736843,52025.342863426,0.00016231578947368421,2290,1776672871.9933915,ehgzm5nf,0,dagformer-1b,crashed,2026-04-19T17:51:05Z
4.400266567113103,23188.529910574533,,3.03515625,1,,1.206386688,0.23923788494216777,0,3.03515625,0.01,,0.7791285816656385,0.00032421052631578947,52246.407845211,0.00016210526315789473,2300,1776673091.6754503,ehgzm5nf,0,dagformer-1b,crashed,2026-04-19T17:51:05Z
4.395271517368117,23190.76363491452,,3.71630859375,1,,1.211629568,0.2077639389181704,0,3.71630859375,0.01,,0.46924277220644567,0.00032378947368421056,52465.793250199,0.00016189473684210528,2310,1776673312.7403579,ehgzm5nf,0,dagformer-1b,crashed,2026-04-19T17:51:05Z
4.390258749018037,23193.720859914247,,3.40234375,1,,1.216872448,0.21746884864722038,0,3.40234375,0.01,,0.7364667162165096,0.0003233684210526316,52683.129873878,0.0001616842105263158,2320,1776673532.1257775,ehgzm5nf,0,dagformer-1b,crashed,2026-04-19T17:51:05Z
4.38522831153686,23197.55607636603,,3.5556640625,1,,1.222115328,0.17879808975974348,0,3.5556640625,0.01,,0.6666603237945221,0.00032294736842105264,52901.472249372,0.00016147368421052632,2330,1776673749.4623792,ehgzm5nf,0,dagformer-1b,crashed,2026-04-19T17:51:05Z
4.380180254572974,23200.91825078945,,3.205078125,1,,1.227358208,0.263302847912771,0,3.205078125,0.01,,0.46776598697761074,0.0003225263157894737,53121.794767687,0.00016126315789473684,2340,1776673967.8047645,ehgzm5nf,0,dagformer-1b,crashed,2026-04-19T17:51:05Z
4.375114627948664,23203.38812671525,,3.43310546875,1,,1.232601088,0.209306607701038,0,3.43310546875,0.01,,0.43801673718917866,0.0003221052631578948,53341.056203438,0.0001610526315789474,2350,1776674188.1272871,ehgzm5nf,0,dagformer-1b,crashed,2026-04-19T17:51:05Z
4.370031481659617,23206.29896699196,,3.70068359375,1,,1.237843968,0.23280958200127877,0,3.70068359375,0.01,,0.5462778234106778,0.0003216842105263158,53560.230379412,0.0001608421052631579,2360,1776674407.3888748,ehgzm5nf,0,dagformer-1b,crashed,2026-04-19T17:51:05Z
4.364930865874438,23209.22402686836,,3.40185546875,1,,1.243086848,0.18758928454551424,0,3.40185546875,0.01,,0.37666359353915213,0.00032126315789473685,54001.356637125,0.00016063157894736843,2370,1776674626.5628984,ehgzm5nf,0,dagformer-1b,crashed,2026-04-19T17:51:05Z
4.359812830934144,23116.72011425449,,3.57470703125,1,,1.248329728,0.20538631484224976,0,3.57470703125,0.01,,0.3517222322063997,0.00032084210526315795,54219.022298958,0.00016042105263157897,2380,1776675067.6891477,ehgzm5nf,0,dagformer-1b,crashed,2026-04-19T17:51:05Z
4.354677427351674,23120.61454404925,,3.4130859375,1,,1.253572608,0.2018313260133637,0,3.4130859375,0.01,,0.7588569209255804,0.00032042105263157893,54437.696544501,0.00016021052631578947,2390,1776675285.354805,ehgzm5nf,0,dagformer-1b,crashed,2026-04-19T17:51:05Z
4.349524705811388,23124.049765019514,,3.62841796875,1,,1.258815488,0.18026495306984455,0,3.62841796875,0.01,,0.6062178976550677,0.00032,54864.66811416,0.00016,2400,1776675504.0290596,ehgzm5nf,0,dagformer-1b,crashed,2026-04-19T17:51:05Z
4.344354717168567,23039.6522995369,,3.3662109375,1,,1.264058368,0.20930041679399344,0,3.3662109375,0.01,,0.5375076814963845,0.00031957894736842107,55084.550209435,0.00015978947368421053,2410,1776675931.000623,ehgzm5nf,0,dagformer-1b,crashed,2026-04-19T17:51:05Z
4.339167512448912,23042.862956420482,,3.54443359375,1,,1.269301248,0.24566970663544885,0,3.54443359375,0.01,,0.42657339350969764,0.0003191578947368421,55303.783262607,0.00015957894736842105,2420,1776676150.8827155,ehgzm5nf,0,dagformer-1b,crashed,2026-04-19T17:51:05Z
4.33396314284804,23046.31903619687,,3.517578125,1,,1.274544128,0.2034223873522631,0,3.517578125,0.01,,0.862765414836519,0.0003187368421052632,55521.193840432,0.0001593684210526316,2430,1776676370.1157732,ehgzm5nf,0,dagformer-1b,crashed,2026-04-19T17:51:05Z
4.3287416597309765,23050.504210999265,,3.53857421875,1,,1.279787008,0.16421117635153334,0,3.53857421875,0.01,,0.7648700971387526,0.00031831578947368424,55740.087585311,0.00015915789473684212,2440,1776676587.526341,ehgzm5nf,0,dagformer-1b,crashed,2026-04-19T17:51:05Z
4.323503114631653,23054.04315578419,,3.23681640625,1,,1.285029888,0.19104278341118777,0,3.23681640625,0.01,,0.587358664492727,0.0003178947368421053,55958.313355668,0.00015894736842105264,2450,1776676806.4201071,ehgzm5nf,0,dagformer-1b,crashed,2026-04-19T17:51:05Z
4.318247559252395,23057.829909501485,,3.650390625,1,,1.290272768,0.18597604975529827,0,3.650390625,0.01,,0.5177541729980959,0.0003174736842105263,56176.607904093,0.00015873684210526316,2460,1776677024.6458566,ehgzm5nf,0,dagformer-1b,crashed,2026-04-19T17:51:05Z
4.3129750454634115,23061.55879312823,,3.4287109375,1,,1.295515648,0.15238555955841052,0,3.4287109375,0.01,,0.32463350275525427,0.00031705263157894736,56394.772169752,0.00015852631578947368,2470,1776677242.940418,ehgzm5nf,0,dagformer-1b,crashed,2026-04-19T17:51:05Z
4.307685625302286,23065.312265001347,,3.357421875,1,,1.300758528,0.1633286784462774,0,3.357421875,0.01,,0.27214496334422994,0.00031663157894736845,56613.172254123,0.00015831578947368423,2480,1776677461.1046953,ehgzm5nf,0,dagformer-1b,crashed,2026-04-19T17:51:05Z
4.302379350973457,23068.940689924362,,3.38623046875,1,,1.306001408,0.16465461777067258,0,3.38623046875,0.01,,0.7234440616360368,0.0003162105263157895,56831.477187334,0.00015810526315789475,2490,1776677679.5047617,ehgzm5nf,0,dagformer-1b,crashed,2026-04-19T17:51:05Z
4.297056274847714,23072.57985083244,0.0,3.56103515625,1,0.0,1.311244288,0.15127191088819464,0,3.56103515625,0.01,0.0,0.4265310508345348,0.00031578947368421053,57050.008385745,0.00015789473684210527,2500,1776677897.8114574,ehgzm5nf,0,dagformer-1b,crashed,2026-04-19T17:51:05Z
4.291716449461667,23076.099791826142,,2.89111328125,1,,1.316487168,0.20947702987642283,0,2.89111328125,0.01,,0.6774589910198933,0.00031536842105263157,57269.81631693,0.00015768421052631578,2510,1776678116.3408978,ehgzm5nf,0,dagformer-1b,crashed,2026-04-19T17:51:05Z
4.286359927517238,23079.07804746918,,3.44775390625,1,,1.321730048,0.18921201461001733,0,3.44775390625,0.01,,0.9819652385888676,0.00031494736842105266,57489.273476162,0.00015747368421052633,2520,1776678336.1488237,ehgzm5nf,0,dagformer-1b,crashed,2026-04-19T17:51:05Z
4.2809867618811355,23082.174378107564,,2.580078125,1,,1.326972928,0.1867775435159131,0,2.580078125,0.01,,0.5809372423084006,0.0003145263157894737,57708.26305977,0.00015726315789473685,2530,1776678555.605994,ehgzm5nf,0,dagformer-1b,crashed,2026-04-19T17:51:05Z
4.275597005584334,23085.434356878308,,3.548828125,1,,1.332215808,0.19873438230054388,0,3.548828125,0.01,,0.6416849634256213,0.00031410526315789474,57925.692278876,0.00015705263157894737,2540,1776678774.5955815,ehgzm5nf,0,dagformer-1b,crashed,2026-04-19T17:51:05Z
4.270190711821554,23089.291634990168,,3.57177734375,1,,1.337458688,0.1993851478235844,0,3.57177734375,0.01,,0.6312703874743254,0.0003136842105263158,58143.737701119,0.0001568421052631579,2550,1776678992.024794,ehgzm5nf,0,dagformer-1b,crashed,2026-04-19T17:51:05Z
4.264767933950732,23092.875029999515,,3.443359375,1,,1.342701568,0.17691498238116166,0,3.443359375,0.01,,0.6290575180254084,0.0003132631578947368,58362.436133415,0.0001566315789473684,2560,1776679210.0702145,ehgzm5nf,0,dagformer-1b,crashed,2026-04-19T17:51:05Z
4.259328725492495,23096.173750354603,,3.201171875,1,,1.347944448,0.16793152725288965,0,3.201171875,0.01,,0.48490409441771987,0.0003128421052631579,58582.85861499,0.00015642105263157896,2570,1776679428.76866,ehgzm5nf,0,dagformer-1b,crashed,2026-04-19T17:51:05Z
4.253873140129636,23098.76774388907,,3.32958984375,1,,1.353187328,0.17568593896012938,0,3.32958984375,0.01,,0.9494259296162423,0.00031242105263157895,58802.343797995,0.00015621052631578948,2580,1776679649.1911333,ehgzm5nf,0,dagformer-1b,crashed,2026-04-19T17:51:05Z
4.2484012317065805,23101.710523539285,,3.30712890625,1,,1.358430208,0.1922914041975765,0,3.30712890625,0.01,,0.5280856149664513,0.00031200000000000005,59020.684662187,0.00015600000000000002,2590,1776679868.6763136,ehgzm5nf,0,dagformer-1b,crashed,2026-04-19T17:51:05Z
4.242913054228853,23105.079336623457,,3.46044921875,1,,1.363673088,0.18542313627783283,0,3.46044921875,0.01,,0.40408866010435485,0.00031157894736842103,59315.914967925,0.00015578947368421052,2600,1776680087.017187,ehgzm5nf,0,dagformer-1b,crashed,2026-04-19T17:51:05Z
4.237408661862552,23078.46861142984,,3.34521484375,1,,1.368915968,0.18184462018214728,0,3.34521484375,0.01,,0.5105061289131191,0.0003111578947368421,59621.889352949,0.00015557894736842104,2610,1776680382.2474802,ehgzm5nf,0,dagformer-1b,crashed,2026-04-19T17:51:05Z
4.2318881089338065,23047.9671470833,,3.26025390625,1,,1.374158848,0.1715628403844858,0,3.26025390625,0.01,,0.4998559615927985,0.00031073684210526317,59840.404446597,0.00015536842105263158,2620,1776680688.2218616,ehgzm5nf,0,dagformer-1b,crashed,2026-04-19T17:51:05Z
4.226351449928246,23051.418933511748,,3.40966796875,1,,1.379401728,0.1841091112052171,0,3.40966796875,0.01,,0.6400323501514434,0.00031031578947368426,60058.672368208,0.00015515789473684213,2630,1776680906.7369664,ehgzm5nf,0,dagformer-1b,crashed,2026-04-19T17:51:05Z
4.2207987394904585,23054.940331864065,,3.271484375,1,,1.384644608,0.19936162999424356,0,3.271484375,0.01,,0.4185767893862187,0.0003098947368421053,60278.63006233,0.00015494736842105265,2640,1776681125.0048733,ehgzm5nf,0,dagformer-1b,crashed,2026-04-19T17:51:05Z
4.215230032423456,23057.78978621857,,2.802734375,1,,1.389887488,0.17264117275421942,0,2.802734375,0.01,,0.396687530021754,0.00030947368421052634,60498.713230401,0.00015473684210526317,2650,1776681344.9625676,ehgzm5nf,0,dagformer-1b,crashed,2026-04-19T17:51:05Z
4.2096453836881285,23060.571068807414,,2.8984375,1,,1.395130368,0.1577817682028818,0,2.8984375,0.01,,0.5049172771705506,0.0003090526315789474,60716.32557628,0.0001545263157894737,2660,1776681565.0457456,ehgzm5nf,0,dagformer-1b,crashed,2026-04-19T17:51:05Z
4.204044848402703,23064.270287725765,,3.4912109375,1,,1.400373248,0.1852258805980217,0,3.4912109375,0.01,,0.4116395814930871,0.0003086315789473684,60935.119479386,0.0001543157894736842,2670,1776681782.658088,ehgzm5nf,0,dagformer-1b,crashed,2026-04-19T17:51:05Z
4.198428481842204,23067.49608592753,,3.3408203125,1,,1.405616128,0.2163147187137981,0,3.3408203125,0.01,,0.6644925967427425,0.0003082105263157895,61153.683742457,0.00015410526315789476,2680,1776682001.4519868,ehgzm5nf,0,dagformer-1b,crashed,2026-04-19T17:51:05Z
4.1927963394379,23070.785496283865,,3.2783203125,1,,1.410859008,0.15752327257477927,0,3.2783203125,0.01,,0.6404932525734235,0.00030778947368421055,61373.386780831,0.00015389473684210528,2690,1776682220.016317,ehgzm5nf,0,dagformer-1b,crashed,2026-04-19T17:51:05Z
4.187148476776764,23073.623084359584,,4.06884765625,1,,1.416101888,0.1483190319205221,0,4.06884765625,0.01,,0.488181255383093,0.0003073684210526316,61591.969915931,0.0001536842105263158,2700,1776682439.7193763,ehgzm5nf,0,dagformer-1b,crashed,2026-04-19T17:51:05Z
4.181484949600921,23076.859996639483,,3.30029296875,1,,1.421344768,0.17036681087814148,0,3.30029296875,0.01,,0.35858545488881094,0.00030694736842105263,61809.81941344,0.00015347368421052632,2710,1776682658.3024604,ehgzm5nf,0,dagformer-1b,crashed,2026-04-19T17:51:05Z
4.175805813807095,23080.348088265775,,2.9599609375,1,,1.426587648,0.1434514153319639,0,2.9599609375,0.01,,0.44117315559954146,0.00030652631578947367,62027.859704546,0.00015326315789473684,2720,1776682876.1519482,ehgzm5nf,0,dagformer-1b,crashed,2026-04-19T17:51:05Z
4.170111125446066,23083.740774225684,,3.65576171875,1,,1.431830528,0.2566399972888093,0,3.65576171875,0.01,,0.5319394136234303,0.00030610526315789476,62245.672664797,0.00015305263157894738,2730,1776683094.192324,ehgzm5nf,0,dagformer-1b,crashed,2026-04-19T17:51:05Z
4.164400940722109,23087.193988529598,,3.22705078125,1,,1.437073408,0.16185621808415593,0,3.22705078125,0.01,,0.5618313566255836,0.0003056842105263158,62464.767246708,0.0001528421052631579,2740,1776683312.0052102,ehgzm5nf,0,dagformer-1b,crashed,2026-04-19T17:51:05Z
4.158675315992441,23090.14924488304,,3.173828125,1,,1.442316288,0.18257157433999593,0,3.173828125,0.01,,0.5165918954876167,0.0003052631578947369,62683.34408244,0.00015263157894736845,2750,1776683531.0998416,ehgzm5nf,0,dagformer-1b,crashed,2026-04-19T17:51:05Z
4.1529343077666665,23093.274657163427,,3.216796875,1,,1.447559168,0.16799410801649478,0,3.216796875,0.01,,0.3492373776398827,0.0003048421052631579,62902.77475147,0.00015242105263157894,2760,1776683749.676599,ehgzm5nf,0,dagformer-1b,crashed,2026-04-19T17:51:05Z
4.147177972706219,23096.06469127099,,3.177734375,1,,1.452802048,0.356161279046508,0,3.177734375,0.01,,0.7025062360195699,0.000304421052631579,63121.861022215,0.0001522105263157895,2770,1776683969.107267,ehgzm5nf,0,dagformer-1b,crashed,2026-04-19T17:51:05Z
4.141406367623802,23098.96154379711,,3.220703125,1,,1.458044928,0.19658585360626188,0,3.220703125,0.01,,0.7269549514952672,0.000304,63340.082042148,0.000152,2780,1776684188.1935332,ehgzm5nf,0,dagformer-1b,crashed,2026-04-19T17:51:05Z
4.135619549482828,23102.15375669445,,3.193359375,1,,1.463287808,0.16015823751806316,0,3.193359375,0.01,,0.6057337682959976,0.00030357894736842106,63558.20273733,0.00015178947368421053,2790,1776684406.414552,ehgzm5nf,0,dagformer-1b,crashed,2026-04-19T17:51:05Z
4.129817575396856,23105.360789214374,,3.07763671875,1,,1.468530688,0.17908181169111592,0,3.07763671875,0.01,,0.4735980979147853,0.00030315789473684215,63776.423201501,0.00015157894736842108,2800,1776684624.5352387,ehgzm5nf,0,dagformer-1b,crashed,2026-04-19T17:51:05Z
4.124000502629026,23108.509181244986,,3.12451171875,1,,1.473773568,0.1585875906990928,0,3.12451171875,0.01,,0.48180232878924995,0.0003027368421052632,63997.133708857,0.0001513684210526316,2810,1776684842.7557218,ehgzm5nf,0,dagformer-1b,crashed,2026-04-19T17:51:05Z
4.118168388591498,23110.737612072724,,3.140625,1,,1.479016448,0.1662984547113671,0,3.140625,0.01,,0.5121589534952176,0.00030231578947368423,64215.350359956,0.00015115789473684211,2820,1776685063.4662058,ehgzm5nf,0,dagformer-1b,crashed,2026-04-19T17:51:05Z
4.112321290844886,23113.847955148332,,3.142578125,1,,1.484259328,0.15312667772866173,0,3.142578125,0.01,,0.26641399940646837,0.00030189473684210527,64432.687146356,0.00015094736842105263,2830,1776685281.6828415,ehgzm5nf,0,dagformer-1b,crashed,2026-04-19T17:51:05Z
4.106459267097681,23117.252922807264,,3.04296875,1,,1.489502208,0.14319850883704027,0,3.04296875,0.01,,0.5052496761519184,0.0003014736842105263,64650.994268135,0.00015073684210526315,2840,1776685499.0196602,ehgzm5nf,0,dagformer-1b,crashed,2026-04-19T17:51:05Z
4.1005823752056925,23120.288038196766,,3.4189453125,1,,1.494745088,0.17718815216817696,0,3.4189453125,0.01,,0.2930418192126087,0.0003010526315789474,64870.229762669,0.0001505263157894737,2850,1776685717.3267806,ehgzm5nf,0,dagformer-1b,crashed,2026-04-19T17:51:05Z
4.09469067317147,23122.971777519277,,3.4130859375,1,,1.499987968,0.17292143675720034,0,3.4130859375,0.01,,0.5603465804201376,0.00030063157894736844,65089.540170009,0.00015031578947368422,2860,1776685936.5622823,ehgzm5nf,0,dagformer-1b,crashed,2026-04-19T17:51:05Z
4.088784219143735,23125.610681443173,,3.40869140625,1,,1.505230848,0.1756086477411073,0,3.40869140625,0.01,,0.5678679562278972,0.0003002105263157895,65572.582714074,0.00015010526315789474,2870,1776686155.8727126,ehgzm5nf,0,dagformer-1b,crashed,2026-04-19T17:51:05Z
4.082863071416802,23035.210157102847,,3.31396484375,1,,1.510473728,0.2536065972766942,0,3.31396484375,0.01,,0.9512938387440517,0.0002997894736842105,65790.950551059,0.00014989473684210526,2880,1776686638.9153395,ehgzm5nf,0,dagformer-1b,crashed,2026-04-19T17:51:05Z
4.076927288430012,23038.443691730656,,3.396484375,1,,1.515716608,0.15557695918802852,0,3.396484375,0.01,,0.34969961731922206,0.00029936842105263156,66009.269035234,0.00014968421052631578,2890,1776686857.2830353,ehgzm5nf,0,dagformer-1b,crashed,2026-04-19T17:51:05Z
4.070976928767144,23041.672954439106,,3.60693359375,1,,1.520959488,0.18261524997271184,0,3.60693359375,0.01,,0.6957355853243066,0.00029894736842105265,66227.120053413,0.00014947368421052633,2900,1776687075.6015356,ehgzm5nf,0,dagformer-1b,crashed,2026-04-19T17:51:05Z
4.065012051155846,23045.04372100335,,3.435546875,1,,1.526202368,0.1844638499319926,0,3.435546875,0.01,,0.5441381963463691,0.00029852631578947375,66961.002553798,0.00014926315789473687,2910,1776687293.4525702,ehgzm5nf,0,dagformer-1b,crashed,2026-04-19T17:51:05Z
4.059032714467053,22870.77035277613,,3.26416015625,1,,1.531445248,0.14025735629361907,0,3.26416015625,0.01,,0.37311103426152303,0.00029810526315789473,67178.633775439,0.00014905263157894737,2920,1776688027.335039,ehgzm5nf,0,dagformer-1b,crashed,2026-04-19T17:51:05Z
4.053038977714404,22874.722293121366,,3.37109375,1,,1.536688128,0.15938374259442115,0,3.37109375,0.01,,0.4642551253233024,0.00029768421052631577,67396.626492385,0.00014884210526315789,2930,1776688244.9662864,ehgzm5nf,0,dagformer-1b,crashed,2026-04-19T17:51:05Z
4.0470309000536595,22878.526093143588,,3.24365234375,1,,1.541931008,0.14525851661489228,0,3.24365234375,0.01,,0.6050676312424265,0.00029726315789473687,67615.466440977,0.00014863157894736843,2940,1776688462.9589982,ehgzm5nf,0,dagformer-1b,crashed,2026-04-19T17:51:05Z
4.041008540782122,22882.01854338358,,3.45654296875,1,,1.547173888,0.2486103953860325,0,3.45654296875,0.01,,0.48450412392517644,0.0002968421052631579,67833.996393528,0.00014842105263157895,2950,1776688681.798954,ehgzm5nf,0,dagformer-1b,crashed,2026-04-19T17:51:05Z
4.034971959338046,22885.593072483218,,3.25,1,,1.552416768,0.18350807231556865,0,3.25,0.01,,0.5479052534983085,0.000296421052631579,68052.072583451,0.0001482105263157895,2960,1776688900.3289092,ehgzm5nf,0,dagformer-1b,crashed,2026-04-19T17:51:05Z
4.028921215300051,22889.297212137393,,3.45947265625,1,,1.557659648,0.16665797302042099,0,3.45947265625,0.01,,0.33093998619157455,0.000296,68269.973143981,0.000148,2970,1776689118.4050703,ehgzm5nf,0,dagformer-1b,crashed,2026-04-19T17:51:05Z
4.022856368386543,22893.036690706223,,3.470703125,1,,1.562902528,0.24661567044029067,0,3.470703125,0.01,,0.7002505738371441,0.000295578947368421,68489.952496142,0.0001477894736842105,2980,1776689336.305659,ehgzm5nf,0,dagformer-1b,crashed,2026-04-19T17:51:05Z
4.016777478455107,22896.057340328294,,3.435546875,1,,1.568145408,0.1477041765511968,0,3.435546875,0.01,,0.4985925348627153,0.0002951578947368421,68708.888322761,0.00014757894736842106,2990,1776689556.2850192,ehgzm5nf,0,dagformer-1b,crashed,2026-04-19T17:51:05Z
4.010684605501935,22899.406407950446,0.0,3.3984375,1,0.0,1.573388288,0.14087423439930627,0,3.3984375,0.01,0.0,0.2869710045396738,0.0002947368421052632,68927.212918292,0.0001473684210526316,3000,1776689775.2224834,ehgzm5nf,0,dagformer-1b,crashed,2026-04-19T17:51:05Z
4.004577809661225,22902.93744053969,,3.5615234375,1,,1.578631168,0.16311821816172248,0,3.5615234375,0.01,,0.8422792872784396,0.00029431578947368425,69146.104742407,0.00014715789473684213,3010,1776689993.5454228,ehgzm5nf,0,dagformer-1b,crashed,2026-04-19T17:51:05Z
3.998457151204583,22906.258219317817,,3.3134765625,1,,1.583874048,0.16719101741811135,0,3.3134765625,0.01,,0.5964661392628964,0.0002938947368421053,69365.505445925,0.00014694736842105265,3020,1776690212.4372602,ehgzm5nf,0,dagformer-1b,crashed,2026-04-19T17:51:05Z
3.992322690540438,22909.389817833737,,3.2578125,1,,1.589116928,0.15488320206082085,0,3.2578125,0.01,,0.39172677198102773,0.0002934736842105263,69583.177230832,0.00014673684210526314,3030,1776690431.8379622,ehgzm5nf,0,dagformer-1b,crashed,2026-04-19T17:51:05Z
3.9861744882134422,22913.071054353466,,3.3994140625,1,,1.594359808,0.13955951722822452,0,3.3994140625,0.01,,0.4925595089902593,0.00029305263157894737,69802.28904908,0.00014652631578947369,3040,1776690649.5097404,ehgzm5nf,0,dagformer-1b,crashed,2026-04-19T17:51:05Z
3.9800126049038687,22916.256536012777,,3.40673828125,1,,1.599602688,0.15541214162518352,0,3.40673828125,0.01,,0.35588488836851656,0.00029263157894736846,70020.291244005,0.00014631578947368423,3050,1776690868.6215572,ehgzm5nf,0,dagformer-1b,crashed,2026-04-19T17:51:05Z
3.9738371014270184,22919.785374389332,,3.529296875,1,,1.604845568,0.14198586538866229,0,3.529296875,0.01,,0.46552800458210886,0.0002922105263157895,70238.893142406,0.00014610526315789475,3060,1776691086.6238356,ehgzm5nf,0,dagformer-1b,crashed,2026-04-19T17:51:05Z
3.967648038732617,22923.09642495504,,3.27197265625,1,,1.610088448,0.17398736428531875,0,3.27197265625,0.01,,0.7387788065553846,0.00029178947368421054,70539.125749483,0.00014589473684210527,3070,1776691305.2256958,ehgzm5nf,0,dagformer-1b,crashed,2026-04-19T17:51:05Z
3.961445477904215,22899.855800600504,,3.7197265625,1,,1.615331328,0.15779320828820806,0,3.7197265625,0.01,,0.4762106311003802,0.0002913684210526316,70756.909051371,0.0001456842105263158,3080,1776691605.4583037,ehgzm5nf,0,dagformer-1b,crashed,2026-04-19T17:51:05Z
3.955229480158585,22903.469132515012,,3.0625,1,,1.620574208,0.1571067935316828,0,3.0625,0.01,,0.5168044613243936,0.0002909473684210526,70974.263844106,0.0001454736842105263,3090,1776691823.241567,ehgzm5nf,0,dagformer-1b,crashed,2026-04-19T17:51:05Z
3.9490001068451135,22907.198660507525,,3.46142578125,1,,1.625817088,0.1502608879867211,0,3.46142578125,0.01,,0.40219782254320724,0.0002905263157894737,71539.966563368,0.00014526315789473686,3100,1776692040.5963542,ehgzm5nf,0,dagformer-1b,crashed,2026-04-19T17:51:05Z
3.9427574194452006,22799.3456117948,,3.4677734375,1,,1.631059968,0.2046662425044521,0,3.4677734375,0.01,,0.6141851453110532,0.00029010526315789476,71759.034851872,0.00014505263157894738,3110,1776692606.2991035,ehgzm5nf,0,dagformer-1b,crashed,2026-04-19T17:51:05Z
3.9365014795716515,22802.805318511237,,3.0712890625,1,,1.636302848,0.1651246772613476,0,3.0712890625,0.01,,0.6346919249738449,0.0002896842105263158,71977.44844784,0.0001448421052631579,3120,1776692825.3673618,ehgzm5nf,0,dagformer-1b,crashed,2026-04-19T17:51:05Z
3.930232348968066,22806.451317702205,,3.3984375,1,,1.641545728,0.16021261338677487,0,3.3984375,0.01,,0.5156561820636282,0.00028926315789473683,72195.104729951,0.00014463157894736842,3130,1776693043.7809656,ehgzm5nf,0,dagformer-1b,crashed,2026-04-19T17:51:05Z
3.923950089508233,22810.314725423537,,3.35986328125,1,,1.646788608,0.1721529535629862,0,3.35986328125,0.01,,0.44209877973493084,0.00028884210526315793,72412.855426024,0.00014442105263157896,3140,1776693261.4372506,ehgzm5nf,0,dagformer-1b,crashed,2026-04-19T17:51:05Z
3.9176547631955163,22814.125126463485,,3.69384765625,1,,1.652031488,0.16438704211197874,0,3.69384765625,0.01,,0.5038204348766743,0.00028842105263157897,72631.132071085,0.00014421052631578948,3150,1776693479.1879268,ehgzm5nf,0,dagformer-1b,crashed,2026-04-19T17:51:05Z
3.911346432162246,22817.74741834496,,3.39892578125,1,,1.657274368,0.15413980971005634,0,3.39892578125,0.01,,0.4744429919853759,0.000288,72849.564549035,0.000144,3160,1776693697.4645684,ehgzm5nf,0,dagformer-1b,crashed,2026-04-19T17:51:05Z
3.905025158669102,22821.29922625289,,3.2490234375,1,,1.662517248,0.14121109485008165,0,3.2490234375,0.01,,0.4209434050533055,0.00028757894736842105,73068.787560044,0.00014378947368421052,3170,1776693915.8970537,ehgzm5nf,0,dagformer-1b,crashed,2026-04-19T17:51:05Z
3.898691005104502,22824.582574284963,,3.48828125,1,,1.667760128,0.1522106955886743,0,3.48828125,0.01,,0.3998406906533226,0.00028715789473684214,73286.53958891,0.00014357894736842107,3180,1776694135.1200855,ehgzm5nf,0,dagformer-1b,crashed,2026-04-19T17:51:05Z
3.892344033983984,22828.304872726025,,3.3291015625,1,,1.673003008,0.5411121046656321,0,3.3291015625,0.01,,0.84085384133334,0.0002867368421052632,73508.360820751,0.0001433684210526316,3190,1776694352.8721094,ehgzm5nf,0,dagformer-1b,crashed,2026-04-19T17:51:05Z
3.8859843079495917,22830.741009094134,,2.904296875,1,,1.678245888,0.21226115329515785,0,2.904296875,0.01,,0.568231633970489,0.0002863157894736842,73726.716849755,0.0001431578947368421,3200,1776694574.6933813,ehgzm5nf,0,dagformer-1b,crashed,2026-04-19T17:51:05Z
3.8796118897692526,22834.23572280734,,2.97021484375,1,,1.683488768,0.17881869912220633,0,2.97021484375,0.01,,0.5166136785262213,0.00028589473684210526,73944.69721227,0.00014294736842105263,3210,1776694793.049363,ehgzm5nf,0,dagformer-1b,crashed,2026-04-19T17:51:05Z
3.8732268423361615,22837.825725565457,,3.57568359375,1,,1.688731648,0.16900952128924399,0,3.57568359375,0.01,,0.4624556199404125,0.00028547368421052635,74163.586052675,0.00014273684210526318,3220,1776695011.0297313,ehgzm5nf,0,dagformer-1b,crashed,2026-04-19T17:51:05Z
3.8668292286681596,22841.114847122408,,3.13525390625,1,,1.693974528,0.1539116149767429,0,3.13525390625,0.01,,0.46456758568989975,0.0002850526315789474,74383.377353304,0.0001425263157894737,3230,1776695229.9185524,ehgzm5nf,0,dagformer-1b,crashed,2026-04-19T17:51:05Z
3.86041911190711,22844.107524547428,,3.3603515625,1,,1.699217408,0.29455531235968624,0,3.3603515625,0.01,,0.671452113019006,0.00028463157894736843,74603.477298324,0.00014231578947368422,3240,1776695449.7098644,ehgzm5nf,0,dagformer-1b,crashed,2026-04-19T17:51:05Z
3.853996555318277,22846.987829502716,,2.55029296875,1,,1.704460288,0.1732148307698626,0,2.55029296875,0.01,,0.5277477895410887,0.00028421052631578947,74821.562592958,0.00014210526315789474,3250,1776695669.8098085,ehgzm5nf,0,dagformer-1b,crashed,2026-04-19T17:51:05Z
3.847561622289702,22850.46679558378,,3.57470703125,1,,1.709703168,0.16015200049546746,0,3.57470703125,0.01,,0.4045196463201118,0.0002837894736842105,75041.051120916,0.00014189473684210526,3260,1776695887.8951042,ehgzm5nf,0,dagformer-1b,crashed,2026-04-19T17:51:05Z
3.841114376331577,22853.497854396843,,3.3203125,1,,1.714946048,0.12746481519096559,0,3.3203125,0.01,,0.3311147731083652,0.0002833684210526316,75260.384789627,0.0001416842105263158,3270,1776696107.3836455,ehgzm5nf,0,dagformer-1b,crashed,2026-04-19T17:51:05Z
3.834654881075616,22856.558582003476,,3.39453125,1,,1.720188928,0.14774561787311796,0,3.39453125,0.01,,0.3281689852199501,0.0002829473684210527,75479.630332404,0.00014147368421052635,3280,1776696326.7172976,ehgzm5nf,0,dagformer-1b,crashed,2026-04-19T17:51:05Z
3.8281832002744283,22859.62796433244,,3.203125,1,,1.725431808,0.18052016504709942,0,3.203125,0.01,,0.5324375102019047,0.0002825263157894737,75697.76281802,0.00014126315789473684,3290,1776696545.9628468,ehgzm5nf,0,dagformer-1b,crashed,2026-04-19T17:51:05Z
3.821699397800891,22863.01588466124,,3.373046875,1,,1.730674688,0.15711799429465148,0,3.373046875,0.01,,0.6867712648805816,0.0002821052631578947,75917.432953828,0.00014105263157894736,3300,1776696764.0953343,ehgzm5nf,0,dagformer-1b,crashed,2026-04-19T17:51:05Z
3.8152035376475184,22865.921090889235,,3.3740234375,1,,1.735917568,0.16314995426606668,0,3.3740234375,0.01,,0.9208207017496789,0.00028168421052631576,76135.785740496,0.00014084210526315788,3310,1776696983.7654681,ehgzm5nf,0,dagformer-1b,crashed,2026-04-19T17:51:05Z
3.8086956839258264,22869.20524205117,,3.16796875,1,,1.741160448,0.15357906082150802,0,3.16796875,0.01,,0.33955971397321805,0.00028126315789473686,76354.58636777,0.00014063157894736843,3320,1776697202.1182613,ehgzm5nf,0,dagformer-1b,crashed,2026-04-19T17:51:05Z
3.802175900865704,22872.33651527416,,3.24951171875,1,,1.746403328,0.14319612743743976,0,3.24951171875,0.01,,0.5329923567344828,0.00028084210526315795,76885.53029101,0.00014042105263157898,3330,1776697420.9188871,ehgzm5nf,0,dagformer-1b,crashed,2026-04-19T17:51:05Z
3.795644252814778,22782.57893940089,,3.40087890625,1,,1.751646208,0.1921176777302578,0,3.40087890625,0.01,,0.5047787532805945,0.00028042105263157894,77104.214474361,0.00014021052631578947,3340,1776697951.8628109,ehgzm5nf,0,dagformer-1b,crashed,2026-04-19T17:51:05Z
3.7891008042377785,22785.959847468708,,3.08349609375,1,,1.756889088,0.16072188577096178,0,3.08349609375,0.01,,0.5339124100602024,0.00028,77322.392919142,0.00014,3350,1776698170.5469916,ehgzm5nf,0,dagformer-1b,crashed,2026-04-19T17:51:05Z
3.7825456197158998,22789.470899894575,,3.31591796875,1,,1.762131968,0.16680688080361838,0,3.31591796875,0.01,,0.5869250166984643,0.00027957894736842107,77842.470061055,0.00013978947368421053,3360,1776698388.7254307,ehgzm5nf,0,dagformer-1b,crashed,2026-04-19T17:51:05Z
3.775978763946168,22704.56319530223,,3.2958984375,1,,1.767374848,0.15049669627398993,0,3.2958984375,0.01,,0.6818738913498333,0.00027915789473684216,78060.865199896,0.00013957894736842108,3370,1776698908.802684,ehgzm5nf,0,dagformer-1b,crashed,2026-04-19T17:51:05Z
3.7694003017407978,22708.2052859553,,3.25927734375,1,,1.772617728,0.15579226919532527,0,3.25927734375,0.01,,0.3455619679545602,0.0002787368421052632,78279.838861165,0.0001393684210526316,3380,1776699127.197861,ehgzm5nf,0,dagformer-1b,crashed,2026-04-19T17:51:05Z
3.762810298026556,22711.659506817457,,3.57568359375,1,,1.777860608,0.18874684926857596,0,3.57568359375,0.01,,0.5907570529899346,0.00027831578947368424,78499.627556807,0.00013915789473684212,3390,1776699346.1713884,ehgzm5nf,0,dagformer-1b,crashed,2026-04-19T17:51:05Z
3.7562088178441164,22714.85846365506,,3.2978515625,1,,1.783103488,0.16533224070877017,0,3.2978515625,0.01,,0.4093719760147122,0.00027789473684210523,78717.871417331,0.00013894736842105261,3400,1776699565.960083,ehgzm5nf,0,dagformer-1b,crashed,2026-04-19T17:51:05Z
3.7495959263474266,22718.4852916739,,3.4365234375,1,,1.788346368,0.15050812940297667,0,3.4365234375,0.01,,0.8182408247880706,0.0002774736842105263,78934.753286431,0.00013873684210526316,3410,1776699784.203927,ehgzm5nf,0,dagformer-1b,crashed,2026-04-19T17:51:05Z
3.742971688803054,22722.484060762425,,3.27978515625,1,,1.793589248,0.1449738638450622,0,3.27978515625,0.01,,0.5282316309621857,0.0002770526315789474,79152.376789912,0.0001385263157894737,3420,1776700001.0858095,ehgzm5nf,0,dagformer-1b,crashed,2026-04-19T17:51:05Z
3.7363361705895493,22726.24829875928,,3.2275390625,1,,1.798832128,0.15340882146934015,0,3.2275390625,0.01,,0.44277301290505305,0.00027663157894736845,79370.457282252,0.00013831578947368423,3430,1776700218.709297,ehgzm5nf,0,dagformer-1b,crashed,2026-04-19T17:51:05Z
3.7296894371967984,22729.86071813674,,3.1064453125,1,,1.804075008,0.23137549378760391,0,3.1064453125,0.01,,0.5171557422730053,0.0002762105263157895,79588.509641821,0.00013810526315789475,3440,1776700436.789795,ehgzm5nf,0,dagformer-1b,crashed,2026-04-19T17:51:05Z
3.7230315542253765,22733.461643031995,,3.3486328125,1,,1.809317888,0.14356496878258598,0,3.3486328125,0.01,,0.4998800472801834,0.00027578947368421053,79807.42110827,0.00013789473684210527,3450,1776700654.8421645,ehgzm5nf,0,dagformer-1b,crashed,2026-04-19T17:51:05Z
3.7163625873859,22736.798099323336,,3.134765625,1,,1.814560768,0.1906370667895119,0,3.134765625,0.01,,0.3551789911442753,0.0002753684210526316,80026.697691328,0.0001376842105263158,3460,1776700873.753632,ehgzm5nf,0,dagformer-1b,crashed,2026-04-19T17:51:05Z
3.70968260249838,22740.012354737944,,3.42333984375,1,,1.819803648,0.16473826698700475,0,3.42333984375,0.01,,0.3654894473028039,0.00027494736842105267,80535.270566654,0.00013747368421052633,3470,1776701093.030184,ehgzm5nf,0,dagformer-1b,crashed,2026-04-19T17:51:05Z
3.7029916654915715,22661.511403969966,,3.6318359375,1,,1.825046528,0.2019134296950982,0,3.6318359375,0.01,,0.3842686822351644,0.0002745263157894737,80754.126915899,0.00013726315789473685,3480,1776701601.603019,ehgzm5nf,0,dagformer-1b,crashed,2026-04-19T17:51:05Z
3.6962898424023187,22665.01920618496,,3.3212890625,1,,1.830289408,0.15268144632380873,0,3.3212890625,0.01,,0.4095535422128506,0.00027410526315789475,80972.55542094,0.00013705263157894737,3490,1776701820.4594254,ehgzm5nf,0,dagformer-1b,crashed,2026-04-19T17:51:05Z
3.6895771993749125,22668.627764007215,0.0,3.4658203125,1,0.0,1.835532288,0.16246163900305238,0,3.4658203125,0.01,0.0,0.4015658555908525,0.0002736842105263158,81191.23923091,0.0001368421052631579,3500,1776702038.8895936,ehgzm5nf,0,dagformer-1b,crashed,2026-04-19T17:51:05Z
3.6828538026604285,22672.14555701389,,3.46826171875,1,,1.840775168,0.13306292094540637,0,3.46826171875,0.01,,0.37276565327665717,0.0002732631578947369,81410.34868376,0.00013663157894736844,3510,1776702257.571729,ehgzm5nf,0,dagformer-1b,crashed,2026-04-19T17:51:05Z
3.6761197186160777,22675.525965098914,,3.34033203125,1,,1.846018048,0.18783373595152533,0,3.34033203125,0.01,,0.5622277438401104,0.0002728421052631579,81629.896219762,0.00013642105263157896,3520,1776702476.6812644,ehgzm5nf,0,dagformer-1b,crashed,2026-04-19T17:51:05Z
3.6693750137045513,22678.7664589998,,3.35888671875,1,,1.851260928,0.16854259030997926,0,3.35888671875,0.01,,0.38507032965137106,0.00027242105263157896,81951.36350631,0.00013621052631578948,3530,1776702696.228771,ehgzm5nf,0,dagformer-1b,crashed,2026-04-19T17:51:05Z
3.6626197544933636,22653.780856762794,,3.21240234375,1,,1.856503808,0.15207595485429487,0,3.21240234375,0.01,,0.43588127570121604,0.000272,82169.460982181,0.000136,3540,1776703017.6961577,ehgzm5nf,0,dagformer-1b,crashed,2026-04-19T17:51:05Z
3.6558540076541965,22657.458018234283,,3.16357421875,1,,1.861746688,0.16421263259373356,0,3.16357421875,0.01,,0.5864779488439311,0.0002715789473684211,82388.663772471,0.00013578947368421055,3550,1776703235.7934875,ehgzm5nf,0,dagformer-1b,crashed,2026-04-19T17:51:05Z
3.649077839962239,22660.811649121082,,2.97802734375,1,,1.866989568,0.3242725099045214,0,2.97802734375,0.01,,0.7977271681579209,0.00027115789473684213,82607.47409376,0.00013557894736842107,3560,1776703454.9962945,ehgzm5nf,0,dagformer-1b,crashed,2026-04-19T17:51:05Z
3.642291318295531,22664.255209832223,,3.1328125,1,,1.872232448,0.15768891488986755,0,3.1328125,0.01,,0.4589370678523146,0.00027073684210526317,82825.761664393,0.00013536842105263159,3570,1776703673.8066072,ehgzm5nf,0,dagformer-1b,crashed,2026-04-19T17:51:05Z
3.635494509634302,22667.823570153218,,3.20166015625,1,,1.877475328,0.17893967862302387,0,3.20166015625,0.01,,0.36753665503472055,0.0002703157894736842,83153.421530733,0.0001351578947368421,3580,1776703892.0941823,ehgzm5nf,0,dagformer-1b,crashed,2026-04-19T17:51:05Z
3.6286874810603083,22641.55335719623,,2.919921875,1,,1.882718208,0.16837035001611772,0,2.919921875,0.01,,0.4358736596563394,0.00026989473684210525,83371.400583375,0.00013494736842105262,3590,1776704219.7541044,ehgzm5nf,0,dagformer-1b,crashed,2026-04-19T17:51:05Z
3.6218702997561745,22645.241474569546,,2.990234375,1,,1.887961088,0.20265828788118245,0,2.990234375,0.01,,0.6688941427554418,0.00026947368421052634,83590.634431666,0.00013473684210526317,3600,1776704437.7332354,ehgzm5nf,0,dagformer-1b,crashed,2026-04-19T17:51:05Z
3.6150430330047287,22648.5707513864,,2.892578125,1,,1.893203968,0.16653892671957682,0,2.892578125,0.01,,0.6232298694541514,0.0002690526315789474,83809.391471817,0.0001345263157894737,3610,1776704656.9669495,ehgzm5nf,0,dagformer-1b,crashed,2026-04-19T17:51:05Z
3.6082057481883356,22652.011166404944,,3.04345703125,1,,1.898446848,0.146363716885731,0,3.04345703125,0.01,,0.6296633959915331,0.0002686315789473684,84029.373352649,0.0001343157894736842,3620,1776704875.7239938,ehgzm5nf,0,dagformer-1b,crashed,2026-04-19T17:51:05Z
3.6013585127882366,22655.103439495888,,2.7353515625,1,,1.903689728,0.1404860817721324,0,2.7353515625,0.01,,0.5050775997602259,0.00026821052631578946,84247.042589949,0.00013410526315789473,3630,1776705095.70587,ehgzm5nf,0,dagformer-1b,crashed,2026-04-19T17:51:05Z
3.5945013943838826,22658.801750981635,,3.28515625,1,,1.908932608,0.17788449490479089,0,3.28515625,0.01,,0.6104394497076852,0.00026778947368421056,84465.789628579,0.00013389473684210528,3640,1776705313.3751051,ehgzm5nf,0,dagformer-1b,crashed,2026-04-19T17:51:05Z
3.587634460652261,22662.19175563366,,3.18017578125,1,,1.914175488,0.22468876278962185,0,3.18017578125,0.01,,0.5549014924974806,0.00026736842105263165,84684.120426282,0.00013368421052631582,3650,1776705532.1221502,ehgzm5nf,0,dagformer-1b,crashed,2026-04-19T17:51:05Z
3.580757779367238,22665.67555353098,,3.0126953125,1,,1.919418368,0.14401692271152283,0,3.0126953125,0.01,,0.32510026563962824,0.00026694736842105264,84902.501658708,0.00013347368421052632,3660,1776705750.4529502,ehgzm5nf,0,dagformer-1b,crashed,2026-04-19T17:51:05Z
3.57387141839888,22669.12794999379,,3.30859375,1,,1.924661248,0.14594286173872423,0,3.30859375,0.01,,0.3907108110915662,0.0002665263157894737,85121.291499468,0.00013326315789473684,3670,1776705968.8342946,ehgzm5nf,0,dagformer-1b,crashed,2026-04-19T17:51:05Z
3.5669754457127905,22672.4539508882,,3.29296875,1,,1.929904128,0.14431192142630145,0,3.29296875,0.01,,0.3542245530480744,0.0002661052631578947,85340.30572085,0.00013305263157894736,3680,1776706187.6241612,ehgzm5nf,0,dagformer-1b,crashed,2026-04-19T17:51:05Z
3.560069929369435,22675.703118437945,,3.4033203125,1,,1.935147008,0.1849922098353211,0,3.4033203125,0.01,,0.4933444727283638,0.0002656842105263158,85558.797007209,0.0001328421052631579,3690,1776706406.6382616,ehgzm5nf,0,dagformer-1b,crashed,2026-04-19T17:51:05Z
3.5531549375234732,22679.07420306941,,3.35791015625,1,,1.940389888,0.18393804682766884,0,3.35791015625,0.01,,0.5794743699848466,0.0002652631578947369,85777.074636921,0.00013263157894736845,3700,1776706625.1295338,ehgzm5nf,0,dagformer-1b,crashed,2026-04-19T17:51:05Z
4.537199415791361,916738.0531278059,,3.40234375,1,,1.054343168,0.21148712766182,0,3.40234375,0.01,,0.6221277249094022,0.000336421052631579,1368.728401758,0.0001682105263157895,2010,1776716967.6176007,oqyl3ux0,1,dagformer-1b,crashed,2026-04-20T20:10:17Z
4.532738925706693,774225.4860964868,,3.33837890625,1,,1.059586048,0.18431037643116682,0,3.33837890625,0.01,,0.3312567171105538,0.000336,1587.606430366,0.000168,2020,1776717186.089896,oqyl3ux0,1,dagformer-1b,crashed,2026-04-20T20:10:17Z
4.528259360269106,670777.9237469162,,3.5888671875,1,,1.064828928,0.16055104259499775,0,3.5888671875,0.01,,0.4717274761383317,0.0003355789473684211,1806.007392137,0.00016778947368421054,2030,1776717404.96795,oqyl3ux0,1,dagformer-1b,crashed,2026-04-20T20:10:17Z
4.523760763690104,592557.0212460734,,3.7509765625,1,,1.070071808,0.30688147236957625,0,3.7509765625,0.01,,0.7199712349768894,0.0003351578947368421,2025.322777896,0.00016757894736842106,2040,1776717623.368899,oqyl3ux0,1,dagformer-1b,crashed,2026-04-20T20:10:17Z
4.519243180369018,530975.0001199913,,3.62109375,1,,1.075314688,0.17117174235274335,0,3.62109375,0.01,,0.5496768059268062,0.00033473684210526315,2244.944213886,0.00016736842105263158,2050,1776717842.684272,oqyl3ux0,1,dagformer-1b,crashed,2026-04-20T20:10:17Z
4.514706654892571,481362.0922331395,,3.56591796875,1,,1.080557568,0.18710874092595983,0,3.56591796875,0.01,,0.3956085837171717,0.00033431578947368425,2463.049686844,0.00016715789473684212,2060,1776718062.305733,oqyl3ux0,1,dagformer-1b,crashed,2026-04-20T20:10:17Z
4.510151232034438,440863.13317983295,,3.43017578125,1,,1.085800448,0.16198793368484224,0,3.43017578125,0.01,,0.3553456426587128,0.0003338947368421053,2681.767926364,0.00016694736842105264,2070,1776718280.4111865,oqyl3ux0,1,dagformer-1b,crashed,2026-04-20T20:10:17Z
4.505576956754805,406860.5073555622,,3.6083984375,1,,1.091043328,0.3493779471641338,0,3.6083984375,0.01,,0.7545026664054717,0.0003334736842105263,2899.460942029,0.00016673684210526316,2080,1776718499.1294298,oqyl3ux0,1,dagformer-1b,crashed,2026-04-20T20:10:17Z
4.500983874199921,378119.89990156726,,3.8525390625,1,,1.096286208,0.18812426671139199,0,3.8525390625,0.01,,0.48143286309861133,0.00033305263157894737,3118.401066819,0.00016652631578947368,2090,1776718716.8224556,oqyl3ux0,1,dagformer-1b,crashed,2026-04-20T20:10:17Z
4.496372029701656,353252.52194118075,,3.62646484375,1,,1.101529088,0.21909865045020926,0,3.62646484375,0.01,,0.5883179446481926,0.00033263157894736846,3336.903096799,0.00016631578947368423,2100,1776718935.7625754,oqyl3ux0,1,dagformer-1b,crashed,2026-04-20T20:10:17Z
4.4917414687770565,331691.5778498675,,3.25146484375,1,,1.106771968,0.2640588612626541,0,3.25146484375,0.01,,0.9646245369790413,0.0003322105263157895,3555.130260274,0.00016610526315789475,2110,1776719154.264593,oqyl3ux0,1,dagformer-1b,crashed,2026-04-20T20:10:17Z
4.487092237127885,312805.03308396885,,3.54931640625,1,,1.112014848,0.17153962780196846,0,3.54931640625,0.01,,0.5254455336837482,0.00033178947368421054,3774.215998978,0.00016589473684210527,2120,1776719372.491766,oqyl3ux0,1,dagformer-1b,crashed,2026-04-20T20:10:17Z
4.482424380640184,296035.77657615195,,3.51611328125,1,,1.117257728,0.18031955343512018,0,3.51611328125,0.01,,0.3628878493873195,0.0003313684210526316,3992.641768251,0.0001656842105263158,2130,1776719591.5775042,oqyl3ux0,1,dagformer-1b,crashed,2026-04-20T20:10:17Z
4.4777379453838115,281153.09220702,,3.38525390625,1,,1.122500608,0.17329411359188845,0,3.38525390625,0.01,,0.35195161175223183,0.0003309473684210526,4283.342963593,0.0001654736842105263,2140,1776719810.0032635,oqyl3ux0,1,dagformer-1b,crashed,2026-04-20T20:10:17Z
4.473032977611991,263295.2102494646,,3.63916015625,1,,1.127743488,0.18122930496800704,0,3.63916015625,0.01,,0.3994578402019412,0.0003305263157894737,4501.981798768,0.00016526315789473686,2150,1776720100.7044666,oqyl3ux0,1,dagformer-1b,crashed,2026-04-20T20:10:17Z
4.4683095237608565,251672.45850546463,,2.94580078125,1,,1.132986368,0.20634009538217613,0,2.94580078125,0.01,,0.4317960293716229,0.00033010526315789475,4720.553608266,0.00016505263157894738,2160,1776720319.343374,oqyl3ux0,1,dagformer-1b,crashed,2026-04-20T20:10:17Z
4.463567630448988,241129.78050389842,,3.20556640625,1,,1.138229248,0.16950750071475992,0,3.20556640625,0.01,,0.347826086588306,0.0003296842105263158,5146.032821537,0.0001648421052631579,2170,1776720537.9152534,oqyl3ux0,1,dagformer-1b,crashed,2026-04-20T20:10:17Z
4.458807344476961,222211.1876915053,,3.482421875,1,,1.143472128,0.18108965365077048,0,3.482421875,0.01,,0.3011405598152748,0.00032926315789473683,5363.974168417,0.00016463157894736842,2180,1776720963.3943195,oqyl3ux0,1,dagformer-1b,crashed,2026-04-20T20:10:17Z
4.454028712826874,214159.82879448988,,3.189453125,1,,1.148715008,0.18144055318526656,0,3.189453125,0.01,,0.6256012308567851,0.00032884210526315787,5582.149307776,0.00016442105263157894,2190,1776721181.335667,oqyl3ux0,1,dagformer-1b,crashed,2026-04-20T20:10:17Z
4.449231782661895,206728.51908931774,,3.62060546875,1,,1.153957888,0.18141637273058048,0,3.62060546875,0.01,,0.23776338105209474,0.00032842105263157896,5800.541393488,0.00016421052631578948,2200,1776721399.5108113,oqyl3ux0,1,dagformer-1b,crashed,2026-04-20T20:10:17Z
4.444416601325784,199848.80042366686,,3.2734375,1,,1.159200768,0.27977305315920625,0,3.2734375,0.01,,0.5255834444995284,0.00032800000000000006,6020.170578007,0.00016400000000000003,2210,1776721617.9030328,oqyl3ux0,1,dagformer-1b,crashed,2026-04-20T20:10:17Z
4.43958321634244,193428.60411797545,,3.2353515625,1,,1.164443648,0.15950990750938487,0,3.2353515625,0.01,,0.7209015707282193,0.0003275789473684211,6239.013297338,0.00016378947368421055,2220,1776721837.5320346,oqyl3ux0,1,dagformer-1b,crashed,2026-04-20T20:10:17Z
4.43473167541542,187484.00278867883,,3.44140625,1,,1.169686528,0.18269323952934924,0,3.44140625,0.01,,0.28086862975885313,0.0003271578947368421,6456.508924988,0.00016357894736842104,2230,1776722056.3748178,oqyl3ux0,1,dagformer-1b,crashed,2026-04-20T20:10:17Z
4.429862026427475,181980.265974707,,3.646484375,1,,1.174929408,0.19975405792667206,0,3.646484375,0.01,,0.4664390843240687,0.0003267368421052632,6674.714523451,0.0001633684210526316,2240,1776722273.8704228,oqyl3ux0,1,dagformer-1b,crashed,2026-04-20T20:10:17Z
4.424974317440075,176816.44418883193,,3.431640625,1,,1.180172288,0.1711991561723672,0,3.431640625,0.01,,0.3710042460888482,0.0003263157894736842,6893.358649426,0.0001631578947368421,2250,1776722492.0760324,oqyl3ux0,1,dagformer-1b,crashed,2026-04-20T20:10:17Z
4.420068596692933,171968.62743136717,,3.32373046875,1,,1.185415168,0.16932163395555666,0,3.32373046875,0.01,,0.4295773649670857,0.0003258947368421053,7111.893317533,0.00016294736842105265,2260,1776722710.720154,oqyl3ux0,1,dagformer-1b,crashed,2026-04-20T20:10:17Z
4.415144912603533,167421.46772604325,,3.4716796875,1,,1.190658048,0.16485165542200492,0,3.4716796875,0.01,,0.256759563270226,0.00032547368421052635,7330.489014088,0.00016273684210526317,2270,1776722929.254818,oqyl3ux0,1,dagformer-1b,crashed,2026-04-20T20:10:17Z
4.410203313766649,163144.07800247433,,3.57177734375,1,,1.195900928,0.2172178331968294,0,3.57177734375,0.01,,0.6803198824162515,0.0003250526315789474,7548.943583474,0.0001625263157894737,2280,1776723147.850505,oqyl3ux0,1,dagformer-1b,crashed,2026-04-20T20:10:17Z
4.405243848953868,159117.37666548535,,3.51318359375,1,,1.201143808,0.1520426391575145,0,3.51318359375,0.01,,0.4393346903610346,0.00032463157894736843,7766.556899565,0.00016231578947368421,2290,1776723366.3050954,oqyl3ux0,1,dagformer-1b,crashed,2026-04-20T20:10:17Z
4.400266567113103,155334.00712759452,,3.4326171875,1,,1.206386688,0.17978391415920558,0,3.4326171875,0.01,,0.8720094969287416,0.00032421052631578947,8065.256792906,0.00016210526315789473,2300,1776723583.9184074,oqyl3ux0,1,dagformer-1b,crashed,2026-04-20T20:10:17Z
4.395271517368117,150231.11513407007,,3.6279296875,1,,1.211629568,0.15774661775997462,0,3.6279296875,0.01,,0.4572630358783612,0.00032378947368421056,8284.730400159,0.00016189473684210528,2310,1776723882.6182861,oqyl3ux0,1,dagformer-1b,crashed,2026-04-20T20:10:17Z
4.390258749018037,146884.06410761471,,3.63427734375,1,,1.216872448,0.19979235407978663,0,3.63427734375,0.01,,0.6142158438018156,0.0003233684210526316,8504.715714432,0.0001616842105263158,2320,1776724102.0919092,oqyl3ux0,1,dagformer-1b,crashed,2026-04-20T20:10:17Z
4.38522831153686,143701.13156504865,,3.36376953125,1,,1.222115328,0.16972218114359566,0,3.36376953125,0.01,,0.7079527557229239,0.00032294736842105264,8925.968272397,0.00016147368421052632,2330,1776724322.0772142,oqyl3ux0,1,dagformer-1b,crashed,2026-04-20T20:10:17Z
4.380180254572974,137506.56472959806,,3.3623046875,1,,1.227358208,0.17954239518841217,0,3.3623046875,0.01,,0.38025517751179216,0.0003225263157894737,9145.443557799,0.00016126315789473684,2340,1776724743.3297744,oqyl3ux0,1,dagformer-1b,crashed,2026-04-20T20:10:17Z
4.375114627948664,134779.86630823798,,3.22900390625,1,,1.232601088,0.16926209275851012,0,3.22900390625,0.01,,0.43983229519490297,0.0003221052631578948,9364.091371999,0.0001610526315789474,2350,1776724962.8050573,oqyl3ux0,1,dagformer-1b,crashed,2026-04-20T20:10:17Z
4.370031481659617,132192.6612142028,,3.37451171875,1,,1.237843968,0.20837133574215483,0,3.37451171875,0.01,,0.4934201544959001,0.0003216842105263158,9583.073740349,0.0001608421052631579,2360,1776725181.4528742,oqyl3ux0,1,dagformer-1b,crashed,2026-04-20T20:10:17Z
4.364930865874438,129718.99248193957,,3.25634765625,1,,1.243086848,0.16079386008450283,0,3.25634765625,0.01,,0.448608213741203,0.00032126315789473685,9801.543865768,0.00016063157894736843,2370,1776725400.4352372,oqyl3ux0,1,dagformer-1b,crashed,2026-04-20T20:10:17Z
4.359812830934144,127362.50504829886,,3.4365234375,1,,1.248329728,0.16254509773441486,0,3.4365234375,0.01,,0.4829291015665347,0.00032084210526315795,10020.726259005,0.00016042105263157897,2380,1776725618.905371,oqyl3ux0,1,dagformer-1b,crashed,2026-04-20T20:10:17Z
4.354677427351674,125099.88607021865,,3.30126953125,1,,1.253572608,0.1728173245042039,0,3.30126953125,0.01,,0.44242644257094993,0.00032042105263157893,10240.068432639,0.00016021052631578947,2390,1776725838.0877635,oqyl3ux0,1,dagformer-1b,crashed,2026-04-20T20:10:17Z
4.349524705811388,122932.21240814467,,3.076171875,1,,1.258815488,0.22272101173489384,0,3.076171875,0.01,,0.4159931670236736,0.00032,10461.205538026,0.00016,2400,1776726057.429938,oqyl3ux0,1,dagformer-1b,crashed,2026-04-20T20:10:17Z
4.344354717168567,120834.72106491815,,3.00732421875,1,,1.264058368,0.16097301178011852,0,3.00732421875,0.01,,0.36128465198864795,0.00031957894736842107,10679.832785421,0.00015978947368421053,2410,1776726278.5670354,oqyl3ux0,1,dagformer-1b,crashed,2026-04-20T20:10:17Z
4.339167512448912,118851.99214113958,,3.53076171875,1,,1.269301248,0.2279263220876418,0,3.53076171875,0.01,,0.7905324103206639,0.0003191578947368421,10898.059164076,0.00015957894736842105,2420,1776726497.1942878,oqyl3ux0,1,dagformer-1b,crashed,2026-04-20T20:10:17Z
4.33396314284804,116953.11679839515,,3.40478515625,1,,1.274544128,0.1663215341354966,0,3.40478515625,0.01,,0.8090084611735481,0.0003187368421052632,11116.595848346,0.0001593684210526316,2430,1776726715.420672,oqyl3ux0,1,dagformer-1b,crashed,2026-04-20T20:10:17Z
4.3287416597309765,115125.584732915,,3.232421875,1,,1.279787008,0.16466277611414556,0,3.232421875,0.01,,0.5239960880714084,0.00031831578947368424,11335.725692937,0.00015915789473684212,2440,1776726933.9573855,oqyl3ux0,1,dagformer-1b,crashed,2026-04-20T20:10:17Z
4.323503114631653,113362.58701218996,,4.01318359375,1,,1.285029888,0.21907576113149313,0,4.01318359375,0.01,,0.51609975278801,0.0003178947368421053,11553.880111004,0.00015894736842105264,2450,1776727153.0872245,oqyl3ux0,1,dagformer-1b,crashed,2026-04-20T20:10:17Z
4.318247559252395,111675.88881428816,,3.2734375,1,,1.290272768,0.19188616747583087,0,3.2734375,0.01,,0.5402684572711897,0.0003174736842105263,11772.21443048,0.00015873684210526316,2460,1776727371.2416146,oqyl3ux0,1,dagformer-1b,crashed,2026-04-20T20:10:17Z
4.3129750454634115,110050.02211314137,,2.9931640625,1,,1.295515648,0.15972814249567066,0,2.9931640625,0.01,,0.5574615972712629,0.00031705263157894736,11991.363405304,0.00015852631578947368,2470,1776727589.5759313,oqyl3ux0,1,dagformer-1b,crashed,2026-04-20T20:10:17Z
4.307685625302286,108475.9961364952,,3.7470703125,1,,1.300758528,0.24525031961739827,0,3.7470703125,0.01,,0.3758049652261053,0.00031663157894736845,12211.54040743,0.00015831578947368423,2480,1776727808.7249117,oqyl3ux0,1,dagformer-1b,crashed,2026-04-20T20:10:17Z
4.302379350973457,106949.46727805465,,3.21435546875,1,,1.306001408,0.19399956565958895,0,3.21435546875,0.01,,0.4720357941781532,0.0003162105263157895,12429.985758859,0.00015810526315789475,2490,1776728028.9019113,oqyl3ux0,1,dagformer-1b,crashed,2026-04-20T20:10:17Z
4.297056274847714,105491.7059225825,0.0,3.08349609375,1,0.0,1.311244288,0.15441571648939342,0,3.08349609375,0.01,0.0,0.6612384439643716,0.00031578947368421053,12655.089606634,0.00015789473684210527,2500,1776728247.348902,oqyl3ux0,1,dagformer-1b,crashed,2026-04-20T20:10:17Z
4.291716449461667,104029.53351714066,,3.27880859375,1,,1.316487168,0.14961958646299375,0,3.27880859375,0.01,,0.489440538249961,0.00031536842105263157,12873.672498745,0.00015768421052631578,2510,1776728472.4511073,oqyl3ux0,1,dagformer-1b,crashed,2026-04-20T20:10:17Z
4.286359927517238,102670.44998795816,,3.14111328125,1,,1.321730048,0.1808632408549554,0,3.14111328125,0.01,,0.4340571238917542,0.00031494736842105266,13092.573826828,0.00015747368421052633,2520,1776728691.0339966,oqyl3ux0,1,dagformer-1b,crashed,2026-04-20T20:10:17Z
4.2809867618811355,101354.28149283021,,3.25439453125,1,,1.326972928,0.1971501451441094,0,3.25439453125,0.01,,0.5482977722947078,0.0003145263157894737,13558.131427037,0.00015726315789473685,2530,1776728909.935324,oqyl3ux0,1,dagformer-1b,crashed,2026-04-20T20:10:17Z
4.275597005584334,98260.6505539015,,3.24365234375,1,,1.332215808,0.18495937204447083,0,3.24365234375,0.01,,0.6670466341167564,0.00031410526315789474,13777.582063087,0.00015705263157894737,2540,1776729375.4929593,oqyl3ux0,1,dagformer-1b,crashed,2026-04-20T20:10:17Z
4.270190711821554,97076.06908402173,,3.18701171875,1,,1.337458688,0.14808527023077764,0,3.18701171875,0.01,,0.33402022404529785,0.0003136842105263158,13995.533088853,0.0001568421052631579,2550,1776729594.9435873,oqyl3ux0,1,dagformer-1b,crashed,2026-04-20T20:10:17Z
4.264767933950732,95938.91395620536,,3.2333984375,1,,1.342701568,0.152401732207753,0,3.2333984375,0.01,,0.4437288675644295,0.0003132631578947368,14214.192615184,0.0001566315789473684,2560,1776729812.894574,oqyl3ux0,1,dagformer-1b,crashed,2026-04-20T20:10:17Z
4.259328725492495,94831.9034486303,,3.27001953125,1,,1.347944448,0.16873056701517997,0,3.27001953125,0.01,,0.7326214518548488,0.0003128421052631579,14433.427381093,0.00015642105263157896,2570,1776730031.554111,oqyl3ux0,1,dagformer-1b,crashed,2026-04-20T20:10:17Z
4.253873140129636,93754.69948910362,,3.3037109375,1,,1.353187328,0.17600260824420508,0,3.3037109375,0.01,,0.5201219108180843,0.00031242105263157895,14651.949892549,0.00015621052631578948,2580,1776730250.788875,oqyl3ux0,1,dagformer-1b,crashed,2026-04-20T20:10:17Z
4.2484012317065805,92714.2372822245,,3.08056640625,1,,1.358430208,0.16811364509632395,0,3.08056640625,0.01,,0.2888659608121726,0.00031200000000000005,14870.508991689,0.00015600000000000002,2590,1776730469.3114097,oqyl3ux0,1,dagformer-1b,crashed,2026-04-20T20:10:17Z
4.242913054228853,91704.13089891049,,3.43798828125,1,,1.363673088,0.22848255967979447,0,3.43798828125,0.01,,0.4606576939291384,0.00031157894736842103,15089.943873333,0.00015578947368421052,2600,1776730687.8704908,oqyl3ux0,1,dagformer-1b,crashed,2026-04-20T20:10:17Z
4.237408661862552,90718.01864574481,,3.4287109375,1,,1.368915968,0.16909232910669927,0,3.4287109375,0.01,,0.7797773168272225,0.0003111578947368421,15308.555465118,0.00015557894736842104,2610,1776730907.3053808,oqyl3ux0,1,dagformer-1b,crashed,2026-04-20T20:10:17Z
4.2318881089338065,89765.00610824613,,3.453125,1,,1.374158848,0.1687712650113909,0,3.453125,0.01,,0.4430721085533495,0.00031073684210526317,15526.530885239,0.00015536842105263158,2620,1776731125.916968,oqyl3ux0,1,dagformer-1b,crashed,2026-04-20T20:10:17Z
4.226351449928246,88842.46706286565,,3.40869140625,1,,1.379401728,0.17212275087957327,0,3.40869140625,0.01,,0.5353956805233188,0.00031031578947368426,15745.148892814,0.00015515789473684213,2630,1776731343.8923943,oqyl3ux0,1,dagformer-1b,crashed,2026-04-20T20:10:17Z
4.2207987394904585,87941.88375757422,,3.44873046875,1,,1.384644608,0.15054716268111928,0,3.44873046875,0.01,,0.42201050192171735,0.0003098947368421053,16208.459951425,0.00015494736842105265,2640,1776731562.5103688,oqyl3ux0,1,dagformer-1b,crashed,2026-04-20T20:10:17Z
4.215230032423456,85751.55258791847,,3.65234375,1,,1.389887488,0.2382485879162008,0,3.65234375,0.01,,0.3793272264286037,0.00030947368421052634,16427.236598754,0.00015473684210526317,2650,1776732025.8214433,oqyl3ux0,1,dagformer-1b,crashed,2026-04-20T20:10:17Z
4.2096453836881285,84928.66974098528,,3.455078125,1,,1.395130368,0.17704117814345896,0,3.455078125,0.01,,0.614440907121719,0.0003090526315789474,16644.888487074,0.0001545263157894737,2660,1776732244.5981011,oqyl3ux0,1,dagformer-1b,crashed,2026-04-20T20:10:17Z
4.204044848402703,84133.10131870076,,3.30126953125,1,,1.400373248,0.17516680925672953,0,3.30126953125,0.01,,0.8817767741782687,0.0003086315789473684,16862.810640358,0.0001543157894736842,2670,1776732462.249989,oqyl3ux0,1,dagformer-1b,crashed,2026-04-20T20:10:17Z
4.198428481842204,83356.73643231405,,3.42138671875,1,,1.405616128,0.18471220849927222,0,3.42138671875,0.01,,0.5191818155067848,0.0003082105263157895,17080.791063695,0.00015410526315789476,2680,1776732680.1721516,oqyl3ux0,1,dagformer-1b,crashed,2026-04-20T20:10:17Z
4.1927963394379,82599.89991765871,,3.2822265625,1,,1.410859008,0.15439816180546345,0,3.2822265625,0.01,,0.7842680347169281,0.00030778947368421055,17299.41107638,0.00015389473684210528,2690,1776732898.1525643,oqyl3ux0,1,dagformer-1b,crashed,2026-04-20T20:10:17Z
4.187148476776764,81859.10992632521,,3.49169921875,1,,1.416101888,0.1736283394603681,0,3.49169921875,0.01,,0.5350756424820374,0.0003073684210526316,17517.893995004,0.0001536842105263158,2700,1776733116.7725341,oqyl3ux0,1,dagformer-1b,crashed,2026-04-20T20:10:17Z
4.181484949600921,81137.44488338288,,3.298828125,1,,1.421344768,0.17150394927271617,0,3.298828125,0.01,,0.4816704875243226,0.00030694736842105263,17737.503182924,0.00015347368421052632,2710,1776733335.2554965,oqyl3ux0,1,dagformer-1b,crashed,2026-04-20T20:10:17Z
4.175805813807095,80428.45173712377,,3.46728515625,1,,1.426587648,0.17144715626334436,0,3.46728515625,0.01,,0.608428683867914,0.00030652631578947367,17955.485190285,0.00015326315789473684,2720,1776733554.8646946,oqyl3ux0,1,dagformer-1b,crashed,2026-04-20T20:10:17Z
4.170111125446066,79744.02763533001,,3.55029296875,1,,1.431830528,0.16434231474930314,0,3.55029296875,0.01,,0.7701596536966551,0.00030610526315789476,18175.553195643,0.00015305263157894738,2730,1776733772.8466666,oqyl3ux0,1,dagformer-1b,crashed,2026-04-20T20:10:17Z
4.164400940722109,79066.94599168633,,3.41943359375,1,,1.437073408,0.14667836230464334,0,3.41943359375,0.01,,0.778197699990837,0.0003056842105263158,18394.1025932,0.0001528421052631579,2740,1776733992.9146953,oqyl3ux0,1,dagformer-1b,crashed,2026-04-20T20:10:17Z
4.158675315992441,78412.5377804517,,3.43017578125,1,,1.442316288,0.16110593139716012,0,3.43017578125,0.01,,0.35733120302366,0.0003052631578947369,18612.673216062,0.00015263157894736845,2750,1776734211.4640894,oqyl3ux0,1,dagformer-1b,crashed,2026-04-20T20:10:17Z
4.1529343077666665,77773.40879027976,,3.5390625,1,,1.447559168,0.15590037702014067,0,3.5390625,0.01,,0.47139387032135927,0.0003048421052631579,18831.759326752,0.00015242105263157894,2760,1776734430.0347686,oqyl3ux0,1,dagformer-1b,crashed,2026-04-20T20:10:17Z
4.147177972706219,77147.00549626128,,3.3623046875,1,,1.452802048,0.22388187339434307,0,3.3623046875,0.01,,0.5458812426945447,0.000304421052631579,19051.102530461,0.0001522105263157895,2770,1776734649.1208253,oqyl3ux0,1,dagformer-1b,crashed,2026-04-20T20:10:17Z
4.141406367623802,76533.97567137623,,3.28271484375,1,,1.458044928,0.21565698836704128,0,3.28271484375,0.01,,0.4872468193209931,0.000304,19268.722636764,0.000152,2780,1776734868.464036,oqyl3ux0,1,dagformer-1b,crashed,2026-04-20T20:10:17Z
4.135619549482828,75941.69247274777,,3.38671875,1,,1.463287808,0.15557678106556658,0,3.38671875,0.01,,0.6172141003120261,0.00030357894736842106,19487.578186228,0.00015178947368421053,2790,1776735086.084136,oqyl3ux0,1,dagformer-1b,crashed,2026-04-20T20:10:17Z
4.129817575396856,75357.86084128899,,3.4482421875,1,,1.468530688,0.18066310743120945,0,3.4482421875,0.01,,0.3642225934334986,0.00030315789473684215,19705.915680727,0.00015157894736842108,2800,1776735304.9396842,oqyl3ux0,1,dagformer-1b,crashed,2026-04-20T20:10:17Z
4.124000502629026,74788.96237738633,,3.5732421875,1,,1.473773568,0.15218105234715743,0,3.5732421875,0.01,,0.32908030528968174,0.0003027368421052632,19925.084466386,0.0001513684210526316,2810,1776735523.2771676,oqyl3ux0,1,dagformer-1b,crashed,2026-04-20T20:10:17Z
4.118168388591498,74229.43634888696,,3.25830078125,1,,1.479016448,0.17819845293407555,0,3.25830078125,0.01,,0.5088124104075834,0.00030231578947368423,20144.075383749,0.00015115789473684211,2820,1776735742.445964,oqyl3ux0,1,dagformer-1b,crashed,2026-04-20T20:10:17Z
4.112321290844886,73682.73573793756,,3.69482421875,1,,1.484259328,0.2031610841124435,0,3.69482421875,0.01,,0.532155911772904,0.00030189473684210527,20362.346318613,0.00015094736842105263,2830,1776735961.436926,oqyl3ux0,1,dagformer-1b,crashed,2026-04-20T20:10:17Z
4.106459267097681,73150.38037184827,,3.3779296875,1,,1.489502208,0.17827367470433916,0,3.3779296875,0.01,,0.29795856920940583,0.0003014736842105263,20934.556253959,0.00015073684210526315,2840,1776736179.7078235,oqyl3ux0,1,dagformer-1b,crashed,2026-04-20T20:10:17Z
4.1005823752056925,71401.36984732753,,3.32275390625,1,,1.494745088,0.1897924155647943,0,3.32275390625,0.01,,0.5004828045422889,0.0003010526315789474,21153.177115266,0.0001505263157894737,2850,1776736751.9177842,oqyl3ux0,1,dagformer-1b,crashed,2026-04-20T20:10:17Z
4.09469067317147,70911.27728931126,,3.103515625,1,,1.499987968,0.15450077783626257,0,3.103515625,0.01,,0.41146357503883263,0.00030063157894736844,21372.374604514,0.00015031578947368422,2860,1776736970.5386221,oqyl3ux0,1,dagformer-1b,crashed,2026-04-20T20:10:17Z
4.088784219143735,70429.31050060075,,3.0732421875,1,,1.505230848,0.1552166639792581,0,3.0732421875,0.01,,0.43920288400009805,0.0003002105263157895,21591.126355651,0.00015010526315789474,2870,1776737189.7362087,oqyl3ux0,1,dagformer-1b,crashed,2026-04-20T20:10:17Z
4.082863071416802,69958.57413947594,,3.50927734375,1,,1.510473728,0.16784067155233884,0,3.50927734375,0.01,,0.42342353990991666,0.0002997894736842105,21809.2416225,0.00014989473684210526,2880,1776737408.4879668,oqyl3ux0,1,dagformer-1b,crashed,2026-04-20T20:10:17Z
4.076927288430012,69499.30873885655,,3.0234375,1,,1.515716608,0.19908078928784248,0,3.0234375,0.01,,0.6771187388449299,0.00029936842105263156,22027.183888857,0.00014968421052631578,2890,1776737626.6031337,oqyl3ux0,1,dagformer-1b,crashed,2026-04-20T20:10:17Z
4.070976928767144,69049.6816522377,,3.068359375,1,,1.520959488,0.14611464475128866,0,3.068359375,0.01,,0.4027822313855187,0.00029894736842105265,22245.531557232,0.00014947368421052633,2900,1776737844.5453985,oqyl3ux0,1,dagformer-1b,crashed,2026-04-20T20:10:17Z
4.065012051155846,68607.6143187723,,3.14990234375,1,,1.526202368,0.16438509388695363,0,3.14990234375,0.01,,0.6442469361069435,0.00029852631578947375,22464.959047031,0.00014926315789473687,2910,1776738062.8930578,oqyl3ux0,1,dagformer-1b,crashed,2026-04-20T20:10:17Z
4.059032714467053,68170.8638391777,,3.451171875,1,,1.531445248,0.17306772996910555,0,3.451171875,0.01,,0.3656756944283217,0.00029810526315789473,22684.430976738,0.00014905263157894737,2920,1776738282.320532,oqyl3ux0,1,dagformer-1b,crashed,2026-04-20T20:10:17Z
4.053038977714404,67742.42993549953,,3.27734375,1,,1.536688128,0.13910788622296894,0,3.27734375,0.01,,0.28642967103139694,0.00029768421052631577,22903.148556068,0.00014884210526315789,2930,1776738501.7924714,oqyl3ux0,1,dagformer-1b,crashed,2026-04-20T20:10:17Z
4.0470309000536595,67324.42497732876,,2.970703125,1,,1.541931008,0.15629415125276303,0,2.970703125,0.01,,0.41379231642916126,0.00029726315789473687,23121.686208744,0.00014863157894736843,2940,1776738720.510081,oqyl3ux0,1,dagformer-1b,crashed,2026-04-20T20:10:17Z
4.041008540782122,66914.84769578431,,3.17236328125,1,,1.547173888,0.17432165880931494,0,3.17236328125,0.01,,0.5403034090810587,0.0002968421052631579,23340.146438596,0.00014842105263157895,2950,1776738939.0477157,oqyl3ux0,1,dagformer-1b,crashed,2026-04-20T20:10:17Z
4.034971959338046,66513.16157472854,,3.27880859375,1,,1.552416768,0.1748442603214196,0,3.27880859375,0.01,,0.3590302995182808,0.000296421052631579,23558.303044244,0.0001482105263157895,2960,1776739157.5079582,oqyl3ux0,1,dagformer-1b,crashed,2026-04-20T20:10:17Z
4.028921215300051,66119.77752546246,,3.16748046875,1,,1.557659648,0.2195939427905062,0,3.16748046875,0.01,,0.5789536318016176,0.000296,23864.484758965,0.000148,2970,1776739375.6645513,oqyl3ux0,1,dagformer-1b,crashed,2026-04-20T20:10:17Z
4.022856368386543,65491.14921534022,,3.08984375,1,,1.562902528,0.15126699230518925,0,3.08984375,0.01,,0.4230470588800564,0.000295578947368421,24083.126162674,0.0001477894736842105,2980,1776739681.846263,oqyl3ux0,1,dagformer-1b,crashed,2026-04-20T20:10:17Z
4.016777478455107,65114.277320736684,,2.9365234375,1,,1.568145408,0.1710935025859258,0,2.9365234375,0.01,,0.36459435307620497,0.0002951578947368421,24553.485851609,0.00014757894736842106,2990,1776739900.4876745,oqyl3ux0,1,dagformer-1b,crashed,2026-04-20T20:10:17Z
4.010684605501935,64080.43596953421,0.0,3.4970703125,1,0.0,1.573388288,0.13922654291482267,0,3.4970703125,0.01,0.0,0.6721038069465561,0.0002947368421052632,24777.857023183,0.0001473684210526316,3000,1776740370.849001,oqyl3ux0,1,dagformer-1b,crashed,2026-04-20T20:10:17Z
4.004577809661225,63711.76078238819,,3.00146484375,1,,1.578631168,0.15790785065647428,0,3.00146484375,0.01,,0.47811636926932927,0.00029431578947368425,24996.262483016,0.00014715789473684213,3010,1776740595.2185185,oqyl3ux0,1,dagformer-1b,crashed,2026-04-20T20:10:17Z
3.998457151204583,63364.82236950017,,3.14306640625,1,,1.583874048,0.17233049449137894,0,3.14306640625,0.01,,0.6567771272020173,0.0002938947368421053,25215.247388058,0.00014694736842105265,3020,1776740813.6239932,oqyl3ux0,1,dagformer-1b,crashed,2026-04-20T20:10:17Z
3.992322690540438,63022.44582424008,,3.50048828125,1,,1.589116928,0.17343871333769884,0,3.50048828125,0.01,,0.5348805157290467,0.0002934736842105263,25434.003078618,0.00014673684210526314,3030,1776741032.6088836,oqyl3ux0,1,dagformer-1b,crashed,2026-04-20T20:10:17Z
3.9861744882134422,62686.52974323869,,3.67333984375,1,,1.594359808,0.1651521322590103,0,3.67333984375,0.01,,0.40184571669994285,0.00029305263157894737,25653.020749276,0.00014652631578947369,3040,1776741251.3645856,oqyl3ux0,1,dagformer-1b,crashed,2026-04-20T20:10:17Z
3.9800126049038687,62355.706145848126,,3.2626953125,1,,1.599602688,0.14880338286481834,0,3.2626953125,0.01,,0.5337067348074327,0.00029263157894736846,25870.466596059,0.00014631578947368423,3050,1776741470.3822522,oqyl3ux0,1,dagformer-1b,crashed,2026-04-20T20:10:17Z
3.9738371014270184,62034.25211986213,,3.38134765625,1,,1.604845568,0.16650981584296592,0,3.38134765625,0.01,,0.521072783124982,0.0002922105263157895,26089.055520836,0.00014610526315789475,3060,1776741687.8280928,oqyl3ux0,1,dagformer-1b,crashed,2026-04-20T20:10:17Z
3.967648038732617,61715.452628213876,,3.39453125,1,,1.610088448,0.1549508391610576,0,3.39453125,0.01,,0.6232298335866453,0.00029178947368421054,26308.32327556,0.00014589473684210527,3070,1776741906.417027,oqyl3ux0,1,dagformer-1b,crashed,2026-04-20T20:10:17Z
3.961445477904215,61400.367156824745,,3.3408203125,1,,1.615331328,0.19198494519214457,0,3.3408203125,0.01,,0.9813208060545766,0.0002913684210526316,26526.446031269,0.0001456842105263158,3080,1776742125.6847708,oqyl3ux0,1,dagformer-1b,crashed,2026-04-20T20:10:17Z
3.955229480158585,61093.12731120868,,3.45703125,1,,1.620574208,0.16156911524822556,0,3.45703125,0.01,,0.3883959686594618,0.0002909473684210526,26745.357455623,0.0001454736842105263,3090,1776742343.8075297,oqyl3ux0,1,dagformer-1b,crashed,2026-04-20T20:10:17Z
3.9490001068451135,60789.10611624764,,3.2216796875,1,,1.625817088,0.14989036327763447,0,3.2216796875,0.01,,0.47419272944314395,0.0002905263157894737,26963.827743267,0.00014526315789473686,3100,1776742562.7189515,oqyl3ux0,1,dagformer-1b,crashed,2026-04-20T20:10:17Z
3.9427574194452006,60491.011452932,,2.98681640625,1,,1.631059968,0.1672780999124749,0,2.98681640625,0.01,,0.3880466380821105,0.00029010526315789476,27182.407211032,0.00014505263157894738,3110,1776742781.189246,oqyl3ux0,1,dagformer-1b,crashed,2026-04-20T20:10:17Z
3.9365014795716515,60197.46632335867,,3.35888671875,1,,1.636302848,0.1781859620909325,0,3.35888671875,0.01,,0.35842082612597115,0.0002896842105263158,27401.216981867,0.0001448421052631579,3120,1776742999.7687042,oqyl3ux0,1,dagformer-1b,crashed,2026-04-20T20:10:17Z
3.930232348968066,59908.10117791783,,3.01953125,1,,1.641545728,0.18720074105532222,0,3.01953125,0.01,,0.5253868824258955,0.00028926315789473683,27619.764389357,0.00014463157894736842,3130,1776743218.5784798,oqyl3ux0,1,dagformer-1b,crashed,2026-04-20T20:10:17Z
3.923950089508233,59623.887254862835,,3.23779296875,1,,1.646788608,0.14085005786938493,0,3.23779296875,0.01,,0.5302850848373348,0.00028884210526315793,27839.690587538,0.00014442105263157896,3140,1776743437.125845,oqyl3ux0,1,dagformer-1b,crashed,2026-04-20T20:10:17Z
3.9176547631955163,59341.19685519515,,3.1689453125,1,,1.652031488,0.15863370314029074,0,3.1689453125,0.01,,0.28636188970576293,0.00028842105263157897,28058.077770099,0.00014421052631578948,3150,1776743657.0520916,oqyl3ux0,1,dagformer-1b,crashed,2026-04-20T20:10:17Z
3.911346432162246,59066.17717553924,,3.29638671875,1,,1.657274368,0.16269629168740019,0,3.29638671875,0.01,,0.4357587890904119,0.000288,28276.003212108,0.000144,3160,1776743875.439272,oqyl3ux0,1,dagformer-1b,crashed,2026-04-20T20:10:17Z
3.905025158669102,58796.36604119988,,2.8447265625,1,,1.662517248,0.14762040421031863,0,2.8447265625,0.01,,0.3350811985498936,0.00028757894736842105,28495.01510263,0.00014378947368421052,3170,1776744093.3647108,oqyl3ux0,1,dagformer-1b,crashed,2026-04-20T20:10:17Z
3.898691005104502,58528.45040462248,,3.26904296875,1,,1.667760128,0.17015340525051367,0,3.26904296875,0.01,,0.49201214410012833,0.00028715789473684214,29298.60070275,0.00014357894736842107,3180,1776744312.376604,oqyl3ux0,1,dagformer-1b,crashed,2026-04-20T20:10:17Z
3.892344033983984,57102.103215162824,,3.52587890625,1,,1.673003008,0.16787769336168593,0,3.52587890625,0.01,,0.4141357951870527,0.0002867368421052632,29515.867287309,0.0001433684210526316,3190,1776745115.9622164,oqyl3ux0,1,dagformer-1b,crashed,2026-04-20T20:10:17Z
3.8859843079495917,56859.40241659543,,3.01904296875,1,,1.678245888,0.2622762772163378,0,3.01904296875,0.01,,0.9483103605864387,0.0002863157894736842,29734.286720196,0.0001431578947368421,3200,1776745333.2287855,oqyl3ux0,1,dagformer-1b,crashed,2026-04-20T20:10:17Z
3.8796118897692526,56618.05247557328,,3.28564453125,1,,1.683488768,0.2002746712223063,0,3.28564453125,0.01,,0.439430492604742,0.00028589473684210526,30309.735127113,0.00014294736842105263,3210,1776745551.6482937,oqyl3ux0,1,dagformer-1b,crashed,2026-04-20T20:10:17Z
3.8732268423361615,55716.09762836777,,3.06005859375,1,,1.688731648,0.16255119297951365,0,3.06005859375,0.01,,0.9410577603980951,0.00028547368421052635,30527.796386756,0.00014273684210526318,3220,1776746127.096631,oqyl3ux0,1,dagformer-1b,crashed,2026-04-20T20:10:17Z
3.8668292286681596,55489.8552602044,,3.181640625,1,,1.693974528,0.1832680472631214,0,3.181640625,0.01,,0.4075852336102998,0.0002850526315789474,30746.786791057,0.0001425263157894737,3230,1776746345.1579015,oqyl3ux0,1,dagformer-1b,crashed,2026-04-20T20:10:17Z
3.86041911190711,55265.1523081958,,3.11572265625,1,,1.699217408,0.15212665961218327,0,3.11572265625,0.01,,0.39224567103138297,0.00028463157894736843,30965.413684704,0.00014231578947368422,3240,1776746564.1482882,oqyl3ux0,1,dagformer-1b,crashed,2026-04-20T20:10:17Z
3.853996555318277,55044.273650945404,,2.7294921875,1,,1.704460288,0.26726404058256525,0,2.7294921875,0.01,,0.7804226752758395,0.00028421052631578947,31183.53940264,0.00014210526315789474,3250,1776746782.7751477,oqyl3ux0,1,dagformer-1b,crashed,2026-04-20T20:10:17Z
3.847561622289702,54827.37291072822,,3.24560546875,1,,1.709703168,0.1765720311296731,0,3.24560546875,0.01,,0.5480990036158487,0.0002837894736842105,31402.54907111,0.00014189473684210526,3260,1776747000.900906,oqyl3ux0,1,dagformer-1b,crashed,2026-04-20T20:10:17Z
3.841114376331577,54611.948375002765,,3.1845703125,1,,1.714946048,0.20447006936216572,0,3.1845703125,0.01,,0.8633566963224845,0.0002833684210526316,31621.177008839,0.0001416842105263158,3270,1776747219.9105642,oqyl3ux0,1,dagformer-1b,crashed,2026-04-20T20:10:17Z
3.834654881075616,54400.16497066618,,3.107421875,1,,1.720188928,0.17740322630327787,0,3.107421875,0.01,,0.7041831085561248,0.0002829473684210527,31840.288221042,0.00014147368421052635,3280,1776747438.5385094,oqyl3ux0,1,dagformer-1b,crashed,2026-04-20T20:10:17Z
3.8281832002744283,54190.46683394043,,3.26025390625,1,,1.725431808,0.15904946265393788,0,3.26025390625,0.01,,0.46233865850948913,0.0002825263157894737,32058.545837945,0.00014126315789473684,3290,1776747657.6497214,oqyl3ux0,1,dagformer-1b,crashed,2026-04-20T20:10:17Z
3.821699397800891,53985.07298044451,,2.861328125,1,,1.730674688,0.14846571753468374,0,2.861328125,0.01,,0.3843359834989329,0.0002821052631578947,32277.561110789,0.00014105263157894736,3300,1776747875.9073682,oqyl3ux0,1,dagformer-1b,crashed,2026-04-20T20:10:17Z
3.8152035376475184,53781.19416702275,,3.19921875,1,,1.735917568,0.15714491420598262,0,3.19921875,0.01,,0.45215831678533513,0.00028168421052631576,32496.405761354,0.00014084210526315788,3310,1776748094.9226165,oqyl3ux0,1,dagformer-1b,crashed,2026-04-20T20:10:17Z
3.8086956839258264,53580.34513456855,,3.07763671875,1,,1.741160448,0.1691529739726009,0,3.07763671875,0.01,,0.643600680834438,0.00028126315789473686,32714.496664636,0.00014063157894736843,3320,1776748313.7672734,oqyl3ux0,1,dagformer-1b,crashed,2026-04-20T20:10:17Z
3.802175900865704,53383.41288913757,,3.0908203125,1,,1.746403328,0.1570049909645908,0,3.0908203125,0.01,,0.28499097019895825,0.00028084210526315795,32933.64222175,0.00014042105263157898,3330,1776748531.8581781,oqyl3ux0,1,dagformer-1b,crashed,2026-04-20T20:10:17Z
3.795644252814778,53187.385740694415,,3.17333984375,1,,1.751646208,0.16347445909524,0,3.17333984375,0.01,,0.6783924524451745,0.00028042105263157894,33244.667963509,0.00014021052631578947,3340,1776748751.0037277,oqyl3ux0,1,dagformer-1b,crashed,2026-04-20T20:10:17Z
3.7891008042377785,52847.48704933207,,2.73095703125,1,,1.756889088,0.166194957239714,0,2.73095703125,0.01,,0.6437665977010055,0.00028,33462.827294903,0.00014,3350,1776749062.0294652,oqyl3ux0,1,dagformer-1b,crashed,2026-04-20T20:10:17Z
3.7825456197158998,52659.62726789139,,2.7294921875,1,,1.762131968,0.17188607052494476,0,2.7294921875,0.01,,0.7080363925012951,0.00027957894736842107,33681.371222865,0.00013978947368421053,3360,1776749280.1887987,oqyl3ux0,1,dagformer-1b,crashed,2026-04-20T20:10:17Z
3.775978763946168,52473.60194069572,,2.64697265625,1,,1.767374848,0.23958295178792827,0,2.64697265625,0.01,,0.6248950368691683,0.00027915789473684216,33899.665443137,0.00013957894736842108,3370,1776749498.7327363,oqyl3ux0,1,dagformer-1b,crashed,2026-04-20T20:10:17Z
3.7694003017407978,52290.360366341294,,2.8017578125,1,,1.772617728,0.17925932032729788,0,2.8017578125,0.01,,0.48531593229127173,0.0002787368421052632,34410.361800266,0.0001393684210526316,3380,1776749717.0269449,oqyl3ux0,1,dagformer-1b,crashed,2026-04-20T20:10:17Z
3.762810298026556,51666.660981979374,,2.48291015625,1,,1.777860608,0.15806335957864523,0,2.48291015625,0.01,,0.8285966171840682,0.00027831578947368424,34723.754248986,0.00013915789473684212,3390,1776750227.723298,oqyl3ux0,1,dagformer-1b,crashed,2026-04-20T20:10:17Z
3.7562088178441164,51351.34061266019,,2.769287109375,1,,1.783103488,0.1703548424883118,0,2.769287109375,0.01,,0.7447046845339516,0.00027789473684210523,35256.611306081,0.00013894736842105261,3400,1776750541.1157594,oqyl3ux0,1,dagformer-1b,crashed,2026-04-20T20:10:17Z
3.7495959263474266,50723.936473777176,,3.24853515625,1,,1.788346368,0.1767394251572465,0,3.24853515625,0.01,,0.6690617018892916,0.0002774736842105263,35477.097897969,0.00013873684210526316,3410,1776751073.9728072,oqyl3ux0,1,dagformer-1b,crashed,2026-04-20T20:10:17Z
3.742971688803054,50556.47390569346,,3.171875,1,,1.793589248,0.15224556308171108,0,3.171875,0.01,,0.47145219050939186,0.0002770526315789474,35696.496124681,0.0001385263157894737,3420,1776751294.4594772,oqyl3ux0,1,dagformer-1b,crashed,2026-04-20T20:10:17Z
3.7363361705895493,50392.61609728836,,3.06884765625,1,,1.798832128,0.16545401524867762,0,3.06884765625,0.01,,0.5987083746370478,0.00027663157894736845,35914.699066793,0.00013831578947368423,3430,1776751513.857622,oqyl3ux0,1,dagformer-1b,crashed,2026-04-20T20:10:17Z
3.7296894371967984,50232.43199510832,,2.9453125,1,,1.804075008,0.1558662608582054,0,2.9453125,0.01,,0.408768236018855,0.0002762105263157895,36133.091394067,0.00013810526315789475,3440,1776751732.0605726,oqyl3ux0,1,dagformer-1b,crashed,2026-04-20T20:10:17Z
3.7230315542253765,50073.92022272244,,3.21923828125,1,,1.809317888,0.17345163368689287,0,3.21923828125,0.01,,0.40164734193896773,0.00027578947368421053,36352.012556732,0.00013789473684210527,3450,1776751950.4528983,oqyl3ux0,1,dagformer-1b,crashed,2026-04-20T20:10:17Z
3.7163625873859,49916.58681657016,,3.205078125,1,,1.814560768,0.21720754835641157,0,3.205078125,0.01,,0.33492042655121507,0.0002753684210526316,36570.884331993,0.0001376842105263158,3460,1776752169.3740659,oqyl3ux0,1,dagformer-1b,crashed,2026-04-20T20:10:17Z
3.70968260249838,49761.2046325836,,3.59326171875,1,,1.819803648,0.15599427263020013,0,3.59326171875,0.01,,0.38693938335906125,0.00027494736842105267,36789.64797977,0.00013747368421052633,3470,1776752388.2458389,oqyl3ux0,1,dagformer-1b,crashed,2026-04-20T20:10:17Z
3.7029916654915715,49607.81651353778,,3.4580078125,1,,1.825046528,0.1750621646238422,0,3.4580078125,0.01,,0.55287912984041,0.0002745263157894737,37009.303799001,0.00013726315789473685,3480,1776752607.009487,oqyl3ux0,1,dagformer-1b,crashed,2026-04-20T20:10:17Z
3.6962898424023187,49455.049731443774,,3.83837890625,1,,1.830289408,0.2309531268951943,0,3.83837890625,0.01,,0.7127918902712119,0.00027410526315789475,37228.136114301,0.00013705263157894737,3490,1776752826.665333,oqyl3ux0,1,dagformer-1b,crashed,2026-04-20T20:10:17Z
3.6895771993749125,49305.17638752344,0.0,3.150634765625,1,0.0,1.835532288,0.1617639625406403,0,3.150634765625,0.01,0.0,0.47383000685700477,0.0002736842105263158,37453.377842147,0.0001368421052631579,3500,1776753045.4992788,oqyl3ux0,1,dagformer-1b,crashed,2026-04-20T20:10:17Z
3.6828538026604285,49148.64241343825,,3.3974609375,1,,1.840775168,0.15061438159465693,0,3.3974609375,0.01,,0.3144385430005231,0.0002732631578947369,37672.659741193,0.00013663157894736844,3510,1776753270.7393475,oqyl3ux0,1,dagformer-1b,crashed,2026-04-20T20:10:17Z
3.6761197186160777,49001.73080002822,,3.4208984375,1,,1.846018048,0.16223187972169212,0,3.4208984375,0.01,,0.7381149591040576,0.0002728421052631579,37893.540651669,0.00013642105263157896,3520,1776753490.0212488,oqyl3ux0,1,dagformer-1b,crashed,2026-04-20T20:10:17Z
3.6693750137045513,48854.45802814966,,3.00146484375,1,,1.851260928,0.1766534456948388,0,3.00146484375,0.01,,0.61789501800412,0.00027242105263157896,38113.551397725,0.00013621052631578948,3530,1776753710.9021628,oqyl3ux0,1,dagformer-1b,crashed,2026-04-20T20:10:17Z
3.6626197544933636,48710.004215822395,,3.10302734375,1,,1.856503808,0.19793546042965132,0,3.10302734375,0.01,,0.5591820760438749,0.000272,38332.241828567,0.000136,3540,1776753930.912903,oqyl3ux0,1,dagformer-1b,crashed,2026-04-20T20:10:17Z
3.6558540076541965,48568.88143962613,,2.9951171875,1,,1.861746688,0.18139164557200668,0,2.9951171875,0.01,,0.3594186881795493,0.0002715789473684211,38551.189856128,0.00013578947368421055,3550,1776754149.6033447,oqyl3ux0,1,dagformer-1b,crashed,2026-04-20T20:10:17Z
3.649077839962239,48429.036173056375,,3.22705078125,1,,1.866989568,0.18406790120777544,0,3.22705078125,0.01,,0.6379124559708058,0.00027115789473684213,39099.060526583,0.00013557894736842107,3560,1776754368.551372,oqyl3ux0,1,dagformer-1b,crashed,2026-04-20T20:10:17Z
3.642291318295531,47884.52024628361,,3.19580078125,1,,1.872232448,0.21501643609219234,0,3.19580078125,0.01,,0.4279386595807038,0.00027073684210526317,39317.921437778,0.00013536842105263159,3570,1776754916.4220529,oqyl3ux0,1,dagformer-1b,crashed,2026-04-20T20:10:17Z
3.635494509634302,47751.319358184504,,3.318359375,1,,1.877475328,0.16449573220564342,0,3.318359375,0.01,,0.3868901210544743,0.0002703157894736842,39538.509971925,0.0001351578947368421,3580,1776755135.2829378,oqyl3ux0,1,dagformer-1b,crashed,2026-04-20T20:10:17Z
3.6286874810603083,47617.512371333905,,2.79248046875,1,,1.882718208,0.17704252537490403,0,2.79248046875,0.01,,0.5687100458492231,0.00026989473684210525,39757.88558572,0.00013494736842105262,3590,1776755355.8714678,oqyl3ux0,1,dagformer-1b,crashed,2026-04-20T20:10:17Z
3.6218702997561745,47486.63854335604,,3.509765625,1,,1.887961088,0.15877551423353253,0,3.509765625,0.01,,0.6144108118603607,0.00026947368421052634,39976.720428071,0.00013473684210526317,3600,1776755575.2471077,oqyl3ux0,1,dagformer-1b,crashed,2026-04-20T20:10:17Z
3.6150430330047287,47357.84178295961,,3.5166015625,1,,1.893203968,0.18021008248721643,0,3.5166015625,0.01,,0.3970465679525343,0.0002690526315789474,40194.707215762,0.0001345263157894737,3610,1776755794.0819397,oqyl3ux0,1,dagformer-1b,crashed,2026-04-20T20:10:17Z
3.6082057481883356,47231.444095387,,3.39892578125,1,,1.898446848,0.15152544552901176,0,3.39892578125,0.01,,0.6932914185298287,0.0002686315789473684,40413.8826824,0.0001343157894736842,3620,1776756012.06872,oqyl3ux0,1,dagformer-1b,crashed,2026-04-20T20:10:17Z
3.6013585127882366,47105.0242936249,,3.18212890625,1,,1.903689728,0.1817637469577831,0,3.18212890625,0.01,,0.586180862570719,0.00026821052631578946,40632.549201121,0.00013410526315789473,3630,1776756231.2441876,oqyl3ux0,1,dagformer-1b,crashed,2026-04-20T20:10:17Z
3.5945013943838826,46980.5569285294,,3.181640625,1,,1.908932608,0.14446398223096427,0,3.181640625,0.01,,0.4628359432887506,0.00026778947368421056,40851.1501753,0.00013389473684210528,3640,1776756449.9107037,oqyl3ux0,1,dagformer-1b,crashed,2026-04-20T20:10:17Z
3.587634460652261,46857.496931164125,,3.271484375,1,,1.914175488,0.14866356218465115,0,3.271484375,0.01,,0.26971038650287643,0.00026736842105263165,41070.146426873,0.00013368421052631582,3650,1776756668.5117157,oqyl3ux0,1,dagformer-1b,crashed,2026-04-20T20:10:17Z
3.580757779367238,46735.29742377516,,3.53076171875,1,,1.919418368,0.1664831146857132,0,3.53076171875,0.01,,0.4157554123700903,0.00026694736842105264,41288.645764259,0.00013347368421052632,3660,1776756887.5079353,oqyl3ux0,1,dagformer-1b,crashed,2026-04-20T20:10:17Z
3.57387141839888,46614.95518993372,,3.48583984375,1,,1.924661248,0.17442420293151253,0,3.48583984375,0.01,,0.6540204207813205,0.0002665263157894737,41507.563382426,0.00013326315789473684,3670,1776757106.0072951,oqyl3ux0,1,dagformer-1b,crashed,2026-04-20T20:10:17Z
3.5669754457127905,46495.4112717458,,3.12109375,1,,1.929904128,0.1713112770024585,0,3.12109375,0.01,,0.5810476727000726,0.0002661052631578947,41726.892549117,0.00013305263157894736,3680,1776757324.9248726,oqyl3ux0,1,dagformer-1b,crashed,2026-04-20T20:10:17Z
3.560069929369435,46376.665532566956,,3.26123046875,1,,1.935147008,0.15176541492031234,0,3.26123046875,0.01,,0.57058286016409,0.0002656842105263158,41945.229769167,0.0001328421052631579,3690,1776757544.254022,oqyl3ux0,1,dagformer-1b,crashed,2026-04-20T20:10:17Z
3.5531549375234732,46260.25313764382,,3.04345703125,1,,1.940389888,0.1762814576987963,0,3.04345703125,0.01,,0.7222030355993866,0.0002652631578947369,42166.040213277,0.00013263157894736845,3700,1776757762.5912864,oqyl3ux0,1,dagformer-1b,crashed,2026-04-20T20:10:17Z
3.5462305384230826,46142.34109288732,,3.26416015625,1,,1.945632768,0.18547211562398225,0,3.26416015625,0.01,,0.5372901202998602,0.0002648421052631579,42483.637530764,0.00013242105263157894,3710,1776757983.4017467,oqyl3ux0,1,dagformer-1b,crashed,2026-04-20T20:10:17Z
3.539296800409286,45920.80100884515,,3.259765625,1,,1.950875648,0.18070568325697733,0,3.259765625,0.01,,0.6996932467384213,0.0002644210526315789,42702.115931276,0.00013221052631578946,3720,1776758300.999025,oqyl3ux0,1,dagformer-1b,crashed,2026-04-20T20:10:17Z
3.532353791915279,45808.63216210394,,3.39892578125,1,,1.956118528,0.21531215388830985,0,3.39892578125,0.01,,0.763476975826342,0.00026399999999999997,42920.379490997,0.00013199999999999998,3730,1776758519.4775536,oqyl3ux0,1,dagformer-1b,crashed,2026-04-20T20:10:17Z
3.525401581465752,45697.834215728086,,3.40234375,1,,1.961361408,0.2111398091141194,0,3.40234375,0.01,,0.4041033057065896,0.00026357894736842106,43138.881835248,0.00013178947368421053,3740,1776758737.7409909,oqyl3ux0,1,dagformer-1b,crashed,2026-04-20T20:10:17Z
3.5184402376762156,45587.90505622721,,3.27099609375,1,,1.966604288,0.14979435742773428,0,3.27099609375,0.01,,0.27170255963276424,0.00026315789473684215,43358.095461493,0.00013157894736842108,3750,1776758956.2433603,oqyl3ux0,1,dagformer-1b,crashed,2026-04-20T20:10:17Z
3.511469829252323,45478.3378615731,,2.888671875,1,,1.971847168,0.15574965467610835,0,2.888671875,0.01,,0.5810582121900866,0.0002627368421052632,43576.690015426,0.0001313684210526316,3760,1776759175.45697,oqyl3ux0,1,dagformer-1b,crashed,2026-04-20T20:10:17Z
3.5044904249891906,45370.51752056257,,3.0341796875,1,,1.977090048,0.1699156087621877,0,3.0341796875,0.01,,0.4339490799742139,0.0002623157894736842,43794.616470898,0.0001311578947368421,3770,1776759394.0515141,oqyl3ux0,1,dagformer-1b,crashed,2026-04-20T20:10:17Z
3.4975020937707217,45264.46405051057,,3.63671875,1,,1.982332928,0.16409096605340662,0,3.63671875,0.01,,0.39015162589659,0.00026189473684210527,44330.087722224,0.00013094736842105264,3780,1776759611.9779716,oqyl3ux0,1,dagformer-1b,crashed,2026-04-20T20:10:17Z
3.4905049045689225,44835.97373857012,,3.19921875,1,,1.987575808,0.1779661101656773,0,3.19921875,0.01,,0.47108117395374816,0.00026147368421052637,44549.157583367,0.00013073684210526318,3790,1776760147.4492204,oqyl3ux0,1,dagformer-1b,crashed,2026-04-20T20:10:17Z
3.483498926443227,44733.180733074776,,3.267578125,1,,1.992818688,0.18972147569644274,0,3.267578125,0.01,,0.7210119118565489,0.0002610526315789474,44768.712347861,0.0001305263157894737,3800,1776760366.5190556,oqyl3ux0,1,dagformer-1b,crashed,2026-04-20T20:10:17Z
3.476484228539811,44630.910200728176,,3.36328125,1,,1.998061568,0.16272133001120928,0,3.36328125,0.01,,0.5583741833769704,0.00026063157894736845,44986.734881133,0.00013031578947368422,3810,1776760586.0738587,oqyl3ux0,1,dagformer-1b,crashed,2026-04-20T20:10:17Z
3.4694608800909097,44531.1545622068,,2.85595703125,1,,2.003304448,0.1450221331294844,0,2.85595703125,0.01,,0.4258602699446341,0.0002602105263157895,45205.26697762,0.00013010526315789474,3820,1776760804.0964284,oqyl3ux0,1,dagformer-1b,crashed,2026-04-20T20:10:17Z
3.462428950414138,44431.860465443555,,2.98486328125,1,,2.008547328,0.15846402048645378,0,2.98486328125,0.01,,0.3982426106886774,0.0002597894736842105,45424.218147497,0.00012989473684210526,3830,1776761022.6285062,oqyl3ux0,1,dagformer-1b,crashed,2026-04-20T20:10:17Z
3.4553885089118017,44333.112712993774,,3.173828125,1,,2.013790208,0.2950088967076419,0,3.173828125,0.01,,0.9062385950970123,0.0002593684210526316,45643.12515952,0.0001296842105263158,3840,1776761241.579661,oqyl3ux0,1,dagformer-1b,crashed,2026-04-20T20:10:17Z
3.448339625070217,44235.354964420614,,3.7568359375,1,,2.019033088,0.19333575654346352,0,3.7568359375,0.01,,0.3156446358031197,0.00025894736842105266,45861.840265358,0.00012947368421052633,3850,1776761460.4866636,oqyl3ux0,1,dagformer-1b,crashed,2026-04-20T20:10:17Z
3.4412823684590217,44138.71538460247,,3.458984375,1,,2.024275968,0.16183267630068252,0,3.458984375,0.01,,0.48387601847015893,0.0002585263157894737,46080.314888309,0.00012926315789473685,3860,1776761679.2017157,oqyl3ux0,1,dagformer-1b,crashed,2026-04-20T20:10:17Z
3.4342168087304885,44043.22282398316,,3.46337890625,1,,2.029518848,0.17534651668571286,0,3.46337890625,0.01,,0.8349264880196822,0.00025810526315789474,46298.270227517,0.00012905263157894737,3870,1776761897.6764526,oqyl3ux0,1,dagformer-1b,crashed,2026-04-20T20:10:17Z
3.4271430156188414,43949.12451043306,,3.119140625,1,,2.034761728,0.15056189687204863,0,3.119140625,0.01,,0.4625505580164642,0.0002576842105263158,46516.140313357,0.0001288421052631579,3880,1776762115.6317554,oqyl3ux0,1,dagformer-1b,crashed,2026-04-20T20:10:17Z
3.4200610589395604,43855.98842937516,,2.96435546875,1,,2.040004608,0.14246401418629948,0,2.96435546875,0.01,,0.44606029209262144,0.00025726315789473687,46736.423137155,0.00012863157894736843,3890,1776762333.5018036,oqyl3ux0,1,dagformer-1b,crashed,2026-04-20T20:10:17Z
3.412971008588699,43761.461549348234,,3.298828125,1,,2.045247488,0.2316869818763193,0,3.298828125,0.01,,0.48602575175828094,0.0002568421052631579,46955.429484793,0.00012842105263157895,3900,1776762553.7846441,oqyl3ux0,1,dagformer-1b,crashed,2026-04-20T20:10:17Z
3.4058729345421934,43669.00831963979,,3.50732421875,1,,2.050490368,0.14258206188298755,0,3.50732421875,0.01,,0.4386263594907772,0.00025642105263157895,47317.941205866,0.00012821052631578947,3910,1776762772.7910068,oqyl3ux0,1,dagformer-1b,crashed,2026-04-20T20:10:17Z
3.398766906855168,43445.25212727624,,3.26513671875,1,,2.055733248,0.16098723651586125,0,3.26513671875,0.01,,0.4156560704388026,0.00025600000000000004,47536.819310194,0.00012800000000000002,3920,1776763135.3027055,oqyl3ux0,1,dagformer-1b,crashed,2026-04-20T20:10:17Z
3.391652995661247,43355.503708257565,,3.31396484375,1,,2.060976128,0.15983502324785423,0,3.31396484375,0.01,,0.39588351237870045,0.0002555789473684211,47755.186837145,0.00012778947368421054,3930,1776763354.180817,oqyl3ux0,1,dagformer-1b,crashed,2026-04-20T20:10:17Z
3.3845312711718627,43267.04081884408,,3.0166015625,1,,2.066219008,0.17021310384502167,0,3.0166015625,0.01,,0.4921671692844596,0.0002551578947368421,47972.785005353,0.00012757894736842106,3940,1776763572.5483265,oqyl3ux0,1,dagformer-1b,crashed,2026-04-20T20:10:17Z
3.377401803675559,43180.07559400379,,3.3193359375,1,,2.071461888,0.1602896626313798,0,3.3193359375,0.01,,0.7141432575350289,0.00025473684210526316,48191.929109171,0.00012736842105263158,3950,1776763790.1465068,oqyl3ux0,1,dagformer-1b,crashed,2026-04-20T20:10:17Z
3.3702646635373026,43092.513434546585,,3.02392578125,1,,2.076704768,0.1569384849551925,0,3.02392578125,0.01,,0.34417957220054934,0.0002543157894736842,48410.594616369,0.0001271578947368421,3960,1776764009.2906091,oqyl3ux0,1,dagformer-1b,crashed,2026-04-20T20:10:17Z
3.363119921197787,43006.1691647156,,3.234375,1,,2.081947648,0.1636619239116775,0,3.234375,0.01,,0.5163079479562281,0.0002538947368421053,48629.695971042,0.00012694736842105265,3970,1776764227.9561298,oqyl3ux0,1,dagformer-1b,crashed,2026-04-20T20:10:17Z
3.3559676471727315,42920.21672037283,,3.486328125,1,,2.087190528,0.16007023341151497,0,3.486328125,0.01,,0.25520582327877095,0.00025347368421052633,48847.73186167,0.00012673684210526317,3980,1776764447.0574348,oqyl3ux0,1,dagformer-1b,crashed,2026-04-20T20:10:17Z
3.348807912052196,42835.96956895262,,3.19140625,1,,2.092433408,0.16191424138871205,0,3.19140625,0.01,,0.37637254225821226,0.0002530526315789474,49066.312489404,0.0001265263157894737,3990,1776764665.09337,oqyl3ux0,1,dagformer-1b,crashed,2026-04-20T20:10:17Z
3.341640786499874,42751.99665115295,0.0,3.00537109375,1,0.0,2.097676288,0.16058555623049467,0,3.00537109375,0.01,0.0,0.4677857372866604,0.0002526315789473684,49292.263736453,0.0001263157894736842,4000,1776764883.6756957,oqyl3ux0,1,dagformer-1b,crashed,2026-04-20T20:10:17Z
3.3344663412524023,42662.3881717417,,3.16455078125,1,,2.102919168,0.1587720550447003,0,3.16455078125,0.01,,0.3003138371442795,0.00025221052631578945,49516.263428563,0.00012610526315789473,4010,1776765109.6252313,oqyl3ux0,1,dagformer-1b,crashed,2026-04-20T20:10:17Z
3.327284647118658,42575.27540434009,,2.9599609375,1,,2.108162048,0.4047777280833059,0,2.9599609375,0.01,,0.5867783934004414,0.00025178947368421055,49738.103572256,0.00012589473684210527,4020,1776765333.6249182,oqyl3ux0,1,dagformer-1b,crashed,2026-04-20T20:10:17Z
3.320095774979063,42490.79210133853,,2.9189453125,1,,2.113404928,0.1357201329830942,0,2.9189453125,0.01,,0.429638806514047,0.0002513684210526316,49956.529996629,0.0001256842105263158,4030,1776765555.4650974,oqyl3ux0,1,dagformer-1b,crashed,2026-04-20T20:10:17Z
3.3128997957848845,42409.956976867805,,3.18994140625,1,,2.118647808,0.17443928762852412,0,3.18994140625,0.01,,0.40332456031346176,0.0002509473684210526,50174.689532946,0.0001254736842105263,4040,1776765773.8915086,oqyl3ux0,1,dagformer-1b,crashed,2026-04-20T20:10:17Z
3.30569678055753,42330.050836535906,,3.30810546875,1,,2.123890688,0.14828499459244668,0,3.30810546875,0.01,,0.2856196058385458,0.00025052631578947367,50392.444258433,0.00012526315789473683,4050,1776765992.051034,oqyl3ux0,1,dagformer-1b,crashed,2026-04-20T20:10:17Z
3.298486800387852,42251.17587853066,,3.1533203125,1,,2.129133568,0.14705848771386804,0,3.1533203125,0.01,,0.49814650355508966,0.00025010526315789476,50974.605153147,0.00012505263157894738,4060,1776766209.8057585,oqyl3ux0,1,dagformer-1b,crashed,2026-04-20T20:10:17Z
3.2912699264354464,41871.493377818704,,3.27392578125,1,,2.134376448,0.16108493222529585,0,3.27392578125,0.01,,0.6342964283417257,0.00024968421052631585,51192.466231834,0.00012484210526315793,4070,1776766791.9666529,oqyl3ux0,1,dagformer-1b,crashed,2026-04-20T20:10:17Z
3.284046229927943,41795.71474394271,,3.24853515625,1,,2.139619328,0.1437498394943733,0,3.24853515625,0.01,,0.26820955808814284,0.0002492631578947369,51412.042630417,0.00012463157894736845,4080,1776767009.827731,oqyl3ux0,1,dagformer-1b,crashed,2026-04-20T20:10:17Z
3.2768157821603103,41719.18627702543,,2.9931640625,1,,2.144862208,0.17833549302955534,0,2.9931640625,0.01,,0.3335089626795294,0.0002488421052631579,51631.619397234,0.00012442105263157894,4090,1776767229.4041293,oqyl3ux0,1,dagformer-1b,crashed,2026-04-20T20:10:17Z
3.2695786544941505,41643.3084019851,,3.83056640625,1,,2.150105088,0.24797213451169317,0,3.83056640625,0.01,,0.6299711547928138,0.0002484210526315789,51849.343126967,0.00012421052631578946,4100,1776767448.980897,oqyl3ux0,1,dagformer-1b,crashed,2026-04-20T20:10:17Z
3.2623349183569905,41569.55883536365,,3.125,1,,2.155347968,0.1744543205140851,0,3.125,0.01,,0.33904848292149914,0.000248,52068.258680985,0.000124,4110,1776767666.7046359,oqyl3ux0,1,dagformer-1b,crashed,2026-04-20T20:10:17Z
3.2550846452415803,41495.476324510964,,3.25634765625,1,,2.160590848,0.15966629112519706,0,3.25634765625,0.01,,0.40801294735664645,0.0002475789473684211,52288.105514463,0.00012378947368421055,4120,1776767885.6201856,oqyl3ux0,1,dagformer-1b,crashed,2026-04-20T20:10:17Z
3.247827906705191,41421.27632315653,,3.203125,1,,2.165833728,0.13964028346686183,0,3.203125,0.01,,0.40488982299990184,0.00024715789473684214,52506.442711869,0.00012357894736842107,4130,1776768105.4670181,oqyl3ux0,1,dagformer-1b,crashed,2026-04-20T20:10:17Z
3.240564774368902,41348.88635412371,,3.330078125,1,,2.171076608,0.1558002914103276,0,3.330078125,0.01,,0.5509702401370762,0.00024673684210526313,52725.836201464,0.00012336842105263156,4140,1776768323.8042188,oqyl3ux0,1,dagformer-1b,crashed,2026-04-20T20:10:17Z
3.2332953199168952,41276.26901407625,,3.1796875,1,,2.176319488,0.15605675340212632,0,3.1796875,0.01,,0.4285616435961577,0.0002463157894736842,52944.29368479,0.0001231578947368421,4150,1776768543.197694,oqyl3ux0,1,dagformer-1b,crashed,2026-04-20T20:10:17Z
3.226019615095753,41204.982006653525,,3.18798828125,1,,2.181562368,0.15947957051610387,0,3.18798828125,0.01,,0.2746395210553759,0.00024589473684210526,53162.628980375,0.00012294736842105263,4160,1776768761.655157,oqyl3ux0,1,dagformer-1b,crashed,2026-04-20T20:10:17Z
3.2187377317137438,41134.37528597484,,3.27294921875,1,,2.186805248,0.14214866929847683,0,3.27294921875,0.01,,0.21330918927183107,0.00024547368421052636,53381.226327041,0.00012273684210526318,4170,1776768979.9904711,oqyl3ux0,1,dagformer-1b,crashed,2026-04-20T20:10:17Z
3.2114497416401173,41064.14460281966,,3.076171875,1,,2.192048128,0.13981573923163065,0,3.076171875,0.01,,0.22891482544280042,0.0002450526315789474,53602.451809516,0.0001225263157894737,4180,1776769198.5878181,oqyl3ux0,1,dagformer-1b,crashed,2026-04-20T20:10:17Z
3.204155716804393,40992.47702504063,,2.97509765625,1,,2.197291008,0.16009402795305583,0,2.97509765625,0.01,,0.35048795634067476,0.00024463157894736844,53821.083873799,0.00012231578947368422,4190,1776769419.8133132,oqyl3ux0,1,dagformer-1b,crashed,2026-04-20T20:10:17Z
3.196855729195651,40923.37016179784,,3.330078125,1,,2.202533888,0.1478796368159133,0,3.330078125,0.01,,0.45201460287745243,0.0002442105263157895,54039.134400277,0.00012210526315789474,4200,1776769638.4453654,oqyl3ux0,1,dagformer-1b,crashed,2026-04-20T20:10:17Z
3.1895498508618236,40855.262448047884,,3.87158203125,1,,2.207776768,0.18184536154890457,0,3.87158203125,0.01,,0.7012876712783821,0.00024378947368421057,54258.410095925,0.00012189473684210528,4210,1776769856.4959042,oqyl3ux0,1,dagformer-1b,crashed,2026-04-20T20:10:17Z
3.182238153908978,40786.780792204314,,3.23876953125,1,,2.213019648,0.20954851421518086,0,3.23876953125,0.01,,0.42643946613166245,0.0002433684210526316,54478.674098134,0.0001216842105263158,4220,1776770075.771598,oqyl3ux0,1,dagformer-1b,crashed,2026-04-20T20:10:17Z
3.1749207105006123,40718.11191681743,,3.2255859375,1,,2.218262528,0.14804984671527574,0,3.2255859375,0.01,,0.34488456308351445,0.00024294736842105265,54805.868242454,0.00012147368421052632,4230,1776770296.0356116,oqyl3ux0,1,dagformer-1b,crashed,2026-04-20T20:10:17Z
3.1675975928569398,40570.68486882255,,3.61328125,1,,2.223505408,0.17389401055386675,0,3.61328125,0.01,,0.2890905587344431,0.00024252631578947366,55024.861788442,0.00012126315789473683,4240,1776770623.229765,oqyl3ux0,1,dagformer-1b,crashed,2026-04-20T20:10:17Z
3.1602688732541733,40504.49932705421,,3.18359375,1,,2.228748288,0.15459765793314467,0,3.18359375,0.01,,0.3659211200811853,0.00024210526315789475,55242.696833086,0.00012105263157894738,4250,1776770842.2232916,oqyl3ux0,1,dagformer-1b,crashed,2026-04-20T20:10:17Z
3.1529346240238176,40439.68652719431,,3.32666015625,1,,2.233991168,0.14216284917955835,0,3.32666015625,0.01,,0.6287895809846323,0.00024168421052631582,55461.160598855,0.00012084210526315791,4260,1776771060.058329,oqyl3ux0,1,dagformer-1b,crashed,2026-04-20T20:10:17Z
3.145594917551952,40374.9253872569,,3.3193359375,1,,2.239234048,0.16475405959375705,0,3.3193359375,0.01,,0.47471512574599284,0.00024126315789473686,55680.462956518,0.00012063157894736843,4270,1776771278.5220904,oqyl3ux0,1,dagformer-1b,crashed,2026-04-20T20:10:17Z
3.138249826278515,40310.065203084916,,3.15625,1,,2.244476928,0.16737234594369346,0,3.15625,0.01,,0.4542813771193642,0.0002408421052631579,55899.295866784,0.00012042105263157895,4280,1776771497.8244586,oqyl3ux0,1,dagformer-1b,crashed,2026-04-20T20:10:17Z
3.130899422696593,40246.05177404562,,3.525390625,1,,2.249719808,0.17982092556946885,0,3.525390625,0.01,,0.2879485109959104,0.00024042105263157897,56456.877120539,0.00012021052631578948,4290,1776771716.6573672,oqyl3ux0,1,dagformer-1b,crashed,2026-04-20T20:10:17Z
3.1235437793517025,39941.43685756,,3.2119140625,1,,2.254962688,0.15211570869918833,0,3.2119140625,0.01,,0.31227426549381504,0.00024,56675.115866771,0.00012,4300,1776772274.238622,oqyl3ux0,1,dagformer-1b,crashed,2026-04-20T20:10:17Z
3.1161829688410725,39880.14184047299,,3.09521484375,1,,2.260205568,0.40570482740936714,0,3.09521484375,0.01,,0.914134045300395,0.00023957894736842107,56894.478351641,0.00011978947368421054,4310,1776772492.4773715,oqyl3ux0,1,dagformer-1b,crashed,2026-04-20T20:10:17Z
3.1088170638129315,39818.530705804646,,3.17578125,1,,2.265448448,0.1407999543364043,0,3.17578125,0.01,,0.34366503816448696,0.0002391578947368421,57113.824036233,0.00011957894736842106,4320,1776772711.8398545,oqyl3ux0,1,dagformer-1b,crashed,2026-04-20T20:10:17Z
3.101446136965788,39757.404363231835,,3.24560546875,1,,2.270691328,0.13846105682608745,0,3.24560546875,0.01,,0.32990844654791557,0.00023873684210526315,57332.560990754,0.00011936842105263158,4330,1776772931.185545,oqyl3ux0,1,dagformer-1b,crashed,2026-04-20T20:10:17Z
3.0940702610477153,39697.167373010656,,3.2353515625,1,,2.275934208,0.17335507090573457,0,3.2353515625,0.01,,0.5551666195749831,0.00023831578947368422,57550.256644811,0.00011915789473684211,4340,1776773149.9224908,oqyl3ux0,1,dagformer-1b,crashed,2026-04-20T20:10:17Z
3.08668950885563,39638.1054700444,,3.126953125,1,,2.281177088,0.16003743813889867,0,3.126953125,0.01,,0.4688790512500005,0.0002378947368421053,57769.339705065,0.00011894736842105266,4350,1776773367.618155,oqyl3ux0,1,dagformer-1b,crashed,2026-04-20T20:10:17Z
3.0793039532345765,39578.538171740765,,2.97412109375,1,,2.286419968,0.15367122698419808,0,2.97412109375,0.01,,0.2550710438814026,0.00023747368421052632,57990.186903307,0.00011873684210526316,4360,1776773586.7012177,oqyl3ux0,1,dagformer-1b,crashed,2026-04-20T20:10:17Z
3.0719136670770086,39518.218662170395,,3.14404296875,1,,2.291662848,0.1329999563058512,0,3.14404296875,0.01,,0.5739302737577321,0.00023705263157894736,58208.350094014,0.00011852631578947368,4370,1776773807.5483818,oqyl3ux0,1,dagformer-1b,crashed,2026-04-20T20:10:17Z
3.0645187233220654,39460.17636054712,,3.21630859375,1,,2.296905728,0.16253870483683955,0,3.21630859375,0.01,,0.5017588763711752,0.0002366315789473684,58427.33928721,0.0001183157894736842,4380,1776774025.7116034,oqyl3ux0,1,dagformer-1b,crashed,2026-04-20T20:10:17Z
3.0571191949548555,39402.010508123814,,3.275390625,1,,2.302148608,0.14377170287275715,0,3.275390625,0.01,,0.6166037897707758,0.00023621052631578947,58646.362251979,0.00011810526315789474,4390,1776774244.7007778,oqyl3ux0,1,dagformer-1b,crashed,2026-04-20T20:10:17Z
3.0497151550057398,39344.25614679836,,3.3125,1,,2.307391488,0.17923697679958028,0,3.3125,0.01,,0.5774735070140815,0.00023578947368421056,58865.207956472,0.00011789473684210528,4400,1776774463.7237663,oqyl3ux0,1,dagformer-1b,crashed,2026-04-20T20:10:17Z
3.0423066765496003,39287.050059755966,,3.3046875,1,,2.312634368,0.21907570200778873,0,3.3046875,0.01,,0.4514125057241253,0.0002353684210526316,59185.771430646,0.0001176842105263158,4410,1776774682.5694754,oqyl3ux0,1,dagformer-1b,crashed,2026-04-20T20:10:17Z
3.0348938327051296,39162.84557474533,,3.21240234375,1,,2.317877248,0.15876662239231193,0,3.21240234375,0.01,,0.43638960209548433,0.00023494736842105262,59404.730268084,0.00011747368421052631,4420,1776775003.1329045,oqyl3ux0,1,dagformer-1b,crashed,2026-04-20T20:10:17Z
3.0274766966341042,39106.75284429714,,2.81298828125,1,,2.323120128,0.1507944730422968,0,2.81298828125,0.01,,0.2822432981313132,0.0002345263157894737,59623.797807602,0.00011726315789473685,4430,1776775222.0917742,oqyl3ux0,1,dagformer-1b,crashed,2026-04-20T20:10:17Z
3.020055341540663,39051.00093589946,,2.91455078125,1,,2.328363008,0.14378653941046704,0,2.91455078125,0.01,,0.43338124248650434,0.00023410526315789475,59843.101718877,0.00011705263157894737,4440,1776775441.159313,oqyl3ux0,1,dagformer-1b,crashed,2026-04-20T20:10:17Z
3.012629840670583,38995.50294169006,,3.35009765625,1,,2.333605888,0.13027923115208445,0,3.35009765625,0.01,,0.4018727624475148,0.00023368421052631582,60060.462699103,0.00011684210526315791,4450,1776775660.463232,oqyl3ux0,1,dagformer-1b,crashed,2026-04-20T20:10:17Z
3.005200267310561,38941.66987752754,,3.140625,1,,2.338848768,0.1725209475894578,0,3.140625,0.01,,0.4597986366525384,0.00023326315789473686,60278.957518862,0.00011663157894736843,4460,1776775877.8242009,oqyl3ux0,1,dagformer-1b,crashed,2026-04-20T20:10:17Z
2.9977666947874875,38887.493891556674,,3.23291015625,1,,2.344091648,0.1992254640640789,0,3.23291015625,0.01,,0.5089422251609148,0.0002328421052631579,60506.666269727,0.00011642105263157895,4470,1776776096.3190308,oqyl3ux0,1,dagformer-1b,crashed,2026-04-20T20:10:17Z
2.9903291964677208,38827.7954454768,,3.22021484375,1,,2.349334528,0.13301256217506138,0,3.22021484375,0.01,,0.2547930630807057,0.00023242105263157896,60726.324086675,0.00011621052631578948,4480,1776776324.0277176,oqyl3ux0,1,dagformer-1b,crashed,2026-04-20T20:10:17Z
2.9828878457563675,38773.68453813698,,3.28564453125,1,,2.354577408,0.1359438276003909,0,3.28564453125,0.01,,0.3663585706441578,0.00023200000000000003,60945.363739704,0.00011600000000000001,4490,1776776543.6856136,oqyl3ux0,1,dagformer-1b,crashed,2026-04-20T20:10:17Z
2.975442716096554,38720.35636146126,0.0,3.228515625,1,0.0,2.359820288,0.23494844283412344,0,3.228515625,0.01,0.0,0.4602698464928955,0.00023157894736842107,61170.806657283,0.00011578947368421053,4500,1776776762.7269502,oqyl3ux0,1,dagformer-1b,crashed,2026-04-20T20:10:17Z
2.9679938809687054,38663.36263468265,,3.61767578125,1,,2.365063168,0.19668577823230105,0,3.61767578125,0.01,,0.5910242408209284,0.0002311578947368421,61388.768119373,0.00011557894736842105,4510,1776776988.1681526,oqyl3ux0,1,dagformer-1b,crashed,2026-04-20T20:10:17Z
2.960541413889817,38611.49226443488,,2.96484375,1,,2.370306048,0.16770003924516225,0,2.96484375,0.01,,0.4697934303514264,0.00023073684210526315,61610.048391409,0.00011536842105263157,4520,1776777206.1296246,oqyl3ux0,1,dagformer-1b,crashed,2026-04-20T20:10:17Z
2.9530853884127297,38557.91198723841,,2.324951171875,1,,2.375548928,0.15638951906768248,0,2.324951171875,0.01,,0.42675127450444317,0.00023031578947368421,61828.742323969,0.00011515789473684211,4530,1776777427.4098954,oqyl3ux0,1,dagformer-1b,crashed,2026-04-20T20:10:17Z
2.9456258781254054,38506.32572856633,,3.45068359375,1,,2.380791808,0.15309251642954275,0,3.45068359375,0.01,,0.3694050919708034,0.0002298947368421053,62047.145724975,0.00011494736842105265,4540,1776777646.1037762,oqyl3ux0,1,dagformer-1b,crashed,2026-04-20T20:10:17Z
2.9381629566501983,38455.28330016378,,3.19677734375,1,,2.386034688,0.14231388657164804,0,3.19677734375,0.01,,0.4111270202662754,0.00022947368421052632,62265.413102998,0.00011473684210526316,4550,1776777864.5072525,oqyl3ux0,1,dagformer-1b,crashed,2026-04-20T20:10:17Z
2.9306966976431315,38404.682670740454,,3.53271484375,1,,2.391277568,0.24871789830750263,0,3.53271484375,0.01,,0.7295779026345851,0.00022905263157894736,62483.833595596,0.00011452631578947368,4560,1776778082.7746077,oqyl3ux0,1,dagformer-1b,crashed,2026-04-20T20:10:17Z
2.9232271747931664,38354.34184286199,,3.14990234375,1,,2.396520448,0.14156397475947058,0,3.14990234375,0.01,,0.4803542518734641,0.00022863157894736845,62702.515318072,0.00011431578947368423,4570,1776778301.1951,oqyl3ux0,1,dagformer-1b,crashed,2026-04-20T20:10:17Z
2.915754461821478,38304.191973540444,,3.2197265625,1,,2.401763328,0.14175070506474977,0,3.2197265625,0.01,,0.3390491538199739,0.00022821052631578947,62922.205237585,0.00011410526315789473,4580,1776778519.8768942,oqyl3ux0,1,dagformer-1b,crashed,2026-04-20T20:10:17Z
2.908278632480727,38253.77774947519,,3.10986328125,1,,2.407006208,0.13552470186090912,0,3.10986328125,0.01,,0.4987593738561731,0.00022778947368421056,63141.180394808,0.00011389473684210528,4590,1776778739.566733,oqyl3ux0,1,dagformer-1b,crashed,2026-04-20T20:10:17Z
2.9007997605543308,38204.14677302859,,3.22314453125,1,,2.412249088,0.15359681508749698,0,3.22314453125,0.01,,0.48297723697171596,0.0002273684210526316,63766.900484566,0.0001136842105263158,4600,1776778958.541898,oqyl3ux0,1,dagformer-1b,crashed,2026-04-20T20:10:17Z
2.893317919855735,37911.4828376457,,2.87548828125,1,,2.417491968,0.14457943338007834,0,2.87548828125,0.01,,0.3251390018491247,0.0002269473684210526,63985.518271006,0.0001134736842105263,4610,1776779584.262099,oqyl3ux0,1,dagformer-1b,crashed,2026-04-20T20:10:17Z
2.8858331842276876,37863.89009627765,,3.26904296875,1,,2.422734848,0.154565364758342,0,3.26904296875,0.01,,0.6232149316624084,0.0002265263157894737,64205.98407096,0.00011326315789473685,4620,1776779802.879737,oqyl3ux0,1,dagformer-1b,crashed,2026-04-20T20:10:17Z
2.878345627541508,37815.53294481844,,3.3935546875,1,,2.427977728,0.1398113091361256,0,3.3935546875,0.01,,0.35667277990184587,0.00022610526315789477,64425.097251972,0.00011305263157894739,4630,1776780023.345576,oqyl3ux0,1,dagformer-1b,crashed,2026-04-20T20:10:17Z
2.8708553236963565,37768.299754702406,,3.01708984375,1,,2.433220608,0.16812230345821275,0,3.01708984375,0.01,,0.3488837997625726,0.0002256842105263158,64643.025345709,0.0001128421052631579,4640,1776780242.4587507,oqyl3ux0,1,dagformer-1b,crashed,2026-04-20T20:10:17Z
2.863362346618509,37722.07816968621,,3.392578125,1,,2.438463488,0.1486107995638784,0,3.392578125,0.01,,0.2836413332482362,0.00022526315789473685,64862.060506725,0.00011263157894736843,4650,1776780460.3868413,oqyl3ux0,1,dagformer-1b,crashed,2026-04-20T20:10:17Z
2.855866770260624,37675.524066052516,,3.28662109375,1,,2.443706368,0.1393120373602724,0,3.28662109375,0.01,,0.4653202294641809,0.00022484210526315786,65081.270109874,0.00011242105263157893,4660,1776780679.4220047,oqyl3ux0,1,dagformer-1b,crashed,2026-04-20T20:10:17Z
2.8483686686010143,37629.182576904816,,3.46435546875,1,,2.448949248,0.1602429102574368,0,3.46435546875,0.01,,0.4044389524876116,0.00022442105263157896,65301.335382192,0.00011221052631578948,4670,1776780898.6316152,oqyl3ux0,1,dagformer-1b,crashed,2026-04-20T20:10:17Z
2.8408681156429156,37582.6597738072,,3.26025390625,1,,2.454192128,0.13962897576710828,0,3.26025390625,0.01,,0.4078714656633748,0.00022400000000000002,65521.418952123,0.00011200000000000001,4680,1776781118.6968784,oqyl3ux0,1,dagformer-1b,crashed,2026-04-20T20:10:17Z
2.8333651854137587,37536.438994920405,,3.36669921875,1,,2.459435008,0.14009156157573643,0,3.36669921875,0.01,,0.3304207986309921,0.00022357894736842106,65739.596825908,0.00011178947368421053,4690,1776781338.78044,oqyl3ux0,1,dagformer-1b,crashed,2026-04-20T20:10:17Z
2.825859951964435,37491.61444106012,,3.8876953125,1,,2.464677888,0.14685170479305737,0,3.8876953125,0.01,,0.5052748622608602,0.0002231578947368421,65958.498573087,0.00011157894736842105,4700,1776781556.9583306,oqyl3ux0,1,dagformer-1b,crashed,2026-04-20T20:10:17Z
2.8183524893685683,37446.67547266914,,3.39453125,1,,2.469920768,0.16270965192263345,0,3.39453125,0.01,,0.46038785290095274,0.00022273684210526317,66177.104139775,0.00011136842105263158,4710,1776781775.8600776,oqyl3ux0,1,dagformer-1b,crashed,2026-04-20T20:10:17Z
2.8108428717217837,37402.201157832176,,3.5322265625,1,,2.475163648,0.1411990284409025,0,3.5322265625,0.01,,0.2870070389795409,0.0002223157894736842,66396.848124286,0.0001111578947368421,4720,1776781994.4656441,oqyl3ux0,1,dagformer-1b,crashed,2026-04-20T20:10:17Z
2.8033311731409767,37357.37918100559,,3.23291015625,1,,2.480406528,0.1586648504883483,0,3.23291015625,0.01,,0.32962903217800843,0.00022189473684210528,66615.302954213,0.00011094736842105264,4730,1776782214.2096884,oqyl3ux0,1,dagformer-1b,crashed,2026-04-20T20:10:17Z
2.7958174677635785,37313.575083675285,,3.087890625,1,,2.485649408,0.152874133555585,0,3.087890625,0.01,,0.3263843084320819,0.00022147368421052632,66953.052140137,0.00011073684210526316,4740,1776782432.6644626,oqyl3ux0,1,dagformer-1b,crashed,2026-04-20T20:10:17Z
2.7883018297468283,37203.65087943924,,2.890625,1,,2.490892288,0.1485821195824728,0,2.890625,0.01,,0.49406282134854806,0.00022105263157894735,67172.884425219,0.00011052631578947368,4750,1776782770.4136367,oqyl3ux0,1,dagformer-1b,crashed,2026-04-20T20:10:17Z
2.780784333267039,37159.94736541742,,3.09375,1,,2.496135168,0.13199114198792222,0,3.09375,0.01,,0.45071639957074977,0.00022063157894736842,67391.246839434,0.00011031578947368421,4760,1776782990.2459223,oqyl3ux0,1,dagformer-1b,crashed,2026-04-20T20:10:17Z
2.7732650525188656,37117.33847541272,,3.6103515625,1,,2.501378048,0.1350518582624407,0,3.6103515625,0.01,,0.34112568043305,0.00022021052631578952,67610.933585385,0.00011010526315789476,4770,1776783208.6083255,oqyl3ux0,1,dagformer-1b,crashed,2026-04-20T20:10:17Z
2.765744061714574,37074.27869049561,,3.22509765625,1,,2.506620928,0.14330855571016188,0,3.22509765625,0.01,,0.5079667267079905,0.00021978947368421055,67829.662693916,0.00010989473684210528,4780,1776783428.2950811,oqyl3ux0,1,dagformer-1b,crashed,2026-04-20T20:10:17Z
2.7582214350833065,37032.020687133765,,3.0400390625,1,,2.511863808,0.15827923800592356,0,3.0400390625,0.01,,0.5576984125183743,0.00021936842105263157,68048.17657505,0.00010968421052631578,4790,1776783647.0241807,oqyl3ux0,1,dagformer-1b,crashed,2026-04-20T20:10:17Z
2.7506972468703523,36990.151174045575,,3.5986328125,1,,2.517106688,0.15419334783520325,0,3.5986328125,0.01,,0.4213930808255104,0.0002189473684210526,68270.398860843,0.0001094736842105263,4800,1776783865.5380747,oqyl3ux0,1,dagformer-1b,crashed,2026-04-20T20:10:17Z
2.74317157133641,36946.54276631197,,3.96044921875,1,,2.522349568,0.15766713580309394,0,3.96044921875,0.01,,0.3014788184171781,0.0002185263157894737,68488.473060426,0.00010926315789473685,4810,1776784087.7603507,oqyl3ux0,1,dagformer-1b,crashed,2026-04-20T20:10:17Z
2.7356444827568596,36905.452442738046,,3.57568359375,1,,2.527592448,0.14348197385906725,0,3.57568359375,0.01,,0.48371845364730903,0.00021810526315789477,68707.698606064,0.00010905263157894738,4820,1776784305.83456,oqyl3ux0,1,dagformer-1b,crashed,2026-04-20T20:10:17Z
2.728116055421025,36864.00520990754,,3.0302734375,1,,2.532835328,0.1430502210157912,0,3.0302734375,0.01,,0.3797789377482093,0.0002176842105263158,68929.285596399,0.0001088421052631579,4830,1776784525.0601122,oqyl3ux0,1,dagformer-1b,crashed,2026-04-20T20:10:17Z
2.720586363631447,36821.56019160873,,2.93359375,1,,2.538078208,0.1717153176118714,0,2.93359375,0.01,,0.6328910254033897,0.00021726315789473685,69148.207302655,0.00010863157894736842,4840,1776784746.6471045,oqyl3ux0,1,dagformer-1b,crashed,2026-04-20T20:10:17Z
2.7130554817031425,36780.80470689025,,3.365234375,1,,2.543321088,0.16607818213572628,0,3.365234375,0.01,,0.32851121134422767,0.0002168421052631579,69367.471586409,0.00010842105263157896,4850,1776784965.5687644,oqyl3ux0,1,dagformer-1b,crashed,2026-04-20T20:10:17Z
2.7055234839628763,36740.12510195138,,3.556640625,1,,2.548563968,0.14571947518373207,0,3.556640625,0.01,,0.40227158778889416,0.00021642105263157898,69585.914393269,0.00010821052631578949,4860,1776785184.8331254,oqyl3ux0,1,dagformer-1b,crashed,2026-04-20T20:10:17Z
2.697990444748424,36700.135152136514,,4.13623046875,1,,2.553806848,0.23635451907243607,0,4.13623046875,0.01,,0.35556072858562,0.00021600000000000002,69804.654108282,0.00010800000000000001,4870,1776785403.2758734,oqyl3ux0,1,dagformer-1b,crashed,2026-04-20T20:10:17Z
2.690456438407843,36660.23943402115,,3.3173828125,1,,2.559049728,0.18940285990042433,0,3.3173828125,0.01,,0.37268369004576696,0.00021557894736842106,70024.385291139,0.00010778947368421053,4880,1776785622.015635,oqyl3ux0,1,dagformer-1b,crashed,2026-04-20T20:10:17Z
2.6829215392987336,36620.07450526047,,3.474609375,1,,2.564292608,0.173136664513626,0,3.474609375,0.01,,0.37427598721483124,0.0002151578947368421,70242.204188073,0.00010757894736842105,4890,1776785841.7468312,oqyl3ux0,1,dagformer-1b,crashed,2026-04-20T20:10:17Z
2.675385821787508,36581.15667472688,,3.3046875,1,,2.569535488,0.15569091289047784,0,3.3046875,0.01,,0.3303191222111355,0.00021473684210526316,70589.424274707,0.00010736842105263158,4900,1776786059.565688,oqyl3ux0,1,dagformer-1b,crashed,2026-04-20T20:10:17Z
2.667849360248656,36475.49147398036,,3.13427734375,1,,2.574778368,0.16375511688328576,0,3.13427734375,0.01,,0.5449357904664706,0.00021431578947368426,70808.405762943,0.00010715789473684213,4910,1776786406.7857616,oqyl3ux0,1,dagformer-1b,crashed,2026-04-20T20:10:17Z
2.66031222906401,36436.73072169381,,2.9990234375,1,,2.580021248,0.15297911930347516,0,2.9990234375,0.01,,0.3618539420302688,0.00021389473684210527,71026.706098604,0.00010694736842105264,4920,1776786625.7672775,oqyl3ux0,1,dagformer-1b,crashed,2026-04-20T20:10:17Z
2.6527745026220124,36398.558084407254,,2.88720703125,1,,2.585264128,0.15360455081920327,0,2.88720703125,0.01,,0.33409486533425875,0.0002134736842105263,71244.75365789,0.00010673684210526316,4930,1776786844.067602,oqyl3ux0,1,dagformer-1b,crashed,2026-04-20T20:10:17Z
2.64523625531698,36360.74846000405,,3.3369140625,1,,2.590507008,0.24686508965422752,0,3.3369140625,0.01,,0.44506384023099443,0.00021305263157894735,71462.988031167,0.00010652631578947368,4940,1776787062.1151743,oqyl3ux0,1,dagformer-1b,crashed,2026-04-20T20:10:17Z
2.6376975615483698,36323.07451088851,,2.9990234375,1,,2.595749888,0.1357417085129196,0,2.9990234375,0.01,,0.34469245556581063,0.00021263157894736842,71681.784454596,0.00010631578947368421,4950,1776787280.349529,oqyl3ux0,1,dagformer-1b,crashed,2026-04-20T20:10:17Z
2.6301584957200466,36285.34554331821,,3.125,1,,2.600992768,0.13929393326625414,0,3.125,0.01,,0.25418900745636613,0.0002122105263157895,71901.151734004,0.00010610526315789476,4960,1776787499.1459553,oqyl3ux0,1,dagformer-1b,crashed,2026-04-20T20:10:17Z
2.6226191322395462,36247.558263195235,,2.962890625,1,,2.606235648,0.16612097207788942,0,2.962890625,0.01,,0.5421247924816095,0.00021178947368421055,72120.509975795,0.00010589473684210527,4970,1776787718.513223,oqyl3ux0,1,dagformer-1b,crashed,2026-04-20T20:10:17Z
2.6150795455173417,36210.00555296804,,3.197265625,1,,2.611478528,0.15771634286514347,0,3.197265625,0.01,,0.34997404781464464,0.00021136842105263156,72755.320111454,0.00010568421052631578,4980,1776787937.871481,oqyl3ux0,1,dagformer-1b,crashed,2026-04-20T20:10:17Z
2.607539809966111,35966.12448947954,,2.86767578125,1,,2.616721408,0.13048834524779795,0,2.86767578125,0.01,,0.46085604454368767,0.00021094736842105266,72974.319178836,0.00010547368421052633,4990,1776788572.6816323,oqyl3ux0,1,dagformer-1b,crashed,2026-04-20T20:10:17Z
2.6,35930.03408543792,0.0,3.498046875,1,0.0,2.621964288,0.16374110926696958,0,3.498046875,0.01,0.0,0.375429222578561,0.00021052631578947372,73200.396493991,0.00010526315789473686,5000,1776788791.6823297,oqyl3ux0,1,dagformer-1b,crashed,2026-04-20T20:10:17Z
2.592460190033889,35890.68881535688,,3.61767578125,1,,2.627207168,0.1549299762731739,0,3.61767578125,0.01,,0.3723167345885905,0.00021010526315789476,73419.055564215,0.00010505263157894738,5010,1776789017.7580113,oqyl3ux0,1,dagformer-1b,crashed,2026-04-20T20:10:17Z
2.5849204544826585,35855.20828250416,,3.21630859375,1,,2.632450048,0.1407265275335521,0,3.21630859375,0.01,,0.3768565591048203,0.0002096842105263158,73638.02955884,0.0001048421052631579,5020,1776789236.4170766,oqyl3ux0,1,dagformer-1b,crashed,2026-04-20T20:10:17Z
2.577380867760455,35819.785248601605,,3.2939453125,1,,2.637692928,0.13067478130845084,0,3.2939453125,0.01,,0.5645789693901815,0.00020926315789473681,73859.90231179,0.00010463157894736841,5030,1776789455.3910627,oqyl3ux0,1,dagformer-1b,crashed,2026-04-20T20:10:17Z
2.5698415042799536,35783.167964777705,,3.517578125,1,,2.642935808,0.1591536635886146,0,3.517578125,0.01,,0.9871755336654006,0.0002088421052631579,74078.611889791,0.00010442105263157895,5040,1776789677.2638066,oqyl3ux0,1,dagformer-1b,crashed,2026-04-20T20:10:17Z
2.5623024384516304,35748.296107607704,,3.244140625,1,,2.648178688,0.14889803730448112,0,3.244140625,0.01,,0.34631640466495583,0.00020842105263157897,74296.893908073,0.00010421052631578949,5050,1776789895.973435,oqyl3ux0,1,dagformer-1b,crashed,2026-04-20T20:10:17Z
2.554763744683021,35713.835193745734,,3.35888671875,1,,2.653421568,0.13472879315493366,0,3.35888671875,0.01,,0.3108735276637337,0.00020800000000000001,74517.527007422,0.00010400000000000001,5060,1776790114.2554882,oqyl3ux0,1,dagformer-1b,crashed,2026-04-20T20:10:17Z
2.5472254973779878,35678.45051500298,,3.240234375,1,,2.658664448,0.14492265126357096,0,3.240234375,0.01,,0.31687660649013644,0.00020757894736842105,74737.212134863,0.00010378947368421053,5070,1776790334.8885095,oqyl3ux0,1,dagformer-1b,crashed,2026-04-20T20:10:17Z
2.5396877709359904,35643.72688674263,,3.19580078125,1,,2.663907328,0.14577106252728295,0,3.19580078125,0.01,,0.2532087639343874,0.0002071578947368421,74956.98859894,0.00010357894736842105,5080,1776790554.5736396,oqyl3ux0,1,dagformer-1b,crashed,2026-04-20T20:10:17Z
2.5321506397513445,35609.163299823624,,3.23828125,1,,2.669150208,0.14417226733553973,0,3.23828125,0.01,,0.2898136538903241,0.00020673684210526316,75175.339354728,0.00010336842105263158,5090,1776790774.3500988,oqyl3ux0,1,dagformer-1b,crashed,2026-04-20T20:10:17Z
2.524614178212492,35575.47658041488,,3.13525390625,1,,2.674393088,0.12836794229245968,0,3.13525390625,0.01,,0.24407582766085875,0.00020631578947368423,75393.438314182,0.00010315789473684211,5100,1776790992.7008662,oqyl3ux0,1,dagformer-1b,crashed,2026-04-20T20:10:17Z
2.5170784607012666,35542.10358376501,,3.10498046875,1,,2.679635968,0.13432039790999656,0,3.10498046875,0.01,,0.4913256169169085,0.00020589473684210527,75611.874117161,0.00010294736842105263,5110,1776791210.7998915,oqyl3ux0,1,dagformer-1b,crashed,2026-04-20T20:10:17Z
2.509543561592157,35508.765045055276,,2.857421875,1,,2.684878848,0.2395390897021602,0,2.857421875,0.01,,0.43207772143259277,0.0002054736842105263,75831.70642461,0.00010273684210526315,5120,1776791429.2356205,oqyl3ux0,1,dagformer-1b,crashed,2026-04-20T20:10:17Z
2.5020095552515764,35474.9652179348,,2.8603515625,1,,2.690121728,0.24740295360226544,0,2.8603515625,0.01,,0.5807730086782593,0.00020505263157894737,76050.601664205,0.00010252631578947369,5130,1776791649.0679257,oqyl3ux0,1,dagformer-1b,crashed,2026-04-20T20:10:17Z
2.4944765160371247,35441.79748357019,,2.86083984375,1,,2.695364608,0.20702209363196844,0,2.86083984375,0.01,,0.9782976254410376,0.00020463157894736847,76722.076710336,0.00010231578947368423,5140,1776791867.9631708,oqyl3ux0,1,dagformer-1b,crashed,2026-04-20T20:10:17Z
2.4869445182968573,35199.94483318739,,2.98974609375,1,,2.700607488,0.14353075475649255,0,2.98974609375,0.01,,0.349136072743738,0.0002042105263157895,76941.329695334,0.00010210526315789475,5150,1776792539.438205,oqyl3ux0,1,dagformer-1b,crashed,2026-04-20T20:10:17Z
2.4794136363685535,35167.779715852914,,3.23095703125,1,,2.705850368,0.15395112199144517,0,3.23095703125,0.01,,0.3337122990154222,0.00020378947368421052,77160.326771596,0.00010189473684210526,5160,1776792758.69134,oqyl3ux0,1,dagformer-1b,crashed,2026-04-20T20:10:17Z
2.471883944578975,35135.91411452515,,3.59716796875,1,,2.711093248,0.13118999080482596,0,3.59716796875,0.01,,0.33383316653519823,0.00020336842105263156,77379.48396014,0.00010168421052631578,5170,1776792977.6882954,oqyl3ux0,1,dagformer-1b,crashed,2026-04-20T20:10:17Z
2.4643555172431415,35104.156169335394,,3.064453125,1,,2.716336128,0.1806063264358677,0,3.064453125,0.01,,0.5091608473759847,0.00020294736842105265,77596.986980324,0.00010147368421052633,5180,1776793196.845483,oqyl3ux0,1,dagformer-1b,crashed,2026-04-20T20:10:17Z
2.456828428663591,35073.32531420819,,3.62744140625,1,,2.721579008,0.18743214676161574,0,3.62744140625,0.01,,0.45952093573743713,0.00020252631578947372,77816.587209281,0.00010126315789473686,5190,1776793414.3485048,oqyl3ux0,1,dagformer-1b,crashed,2026-04-20T20:10:17Z
2.4493027531296487,35041.7223765615,,3.1103515625,1,,2.726821888,0.13929420757089017,0,3.1103515625,0.01,,0.354569315201855,0.00020210526315789476,78036.614894684,0.00010105263157894738,5200,1776793633.9487596,oqyl3ux0,1,dagformer-1b,crashed,2026-04-20T20:10:17Z
2.441778564916693,35010.10548452599,,3.6435546875,1,,2.732064768,0.20916211724510342,0,3.6435546875,0.01,,0.32048199470509336,0.0002016842105263158,78256.116402674,0.0001008421052631579,5210,1776793853.9764009,oqyl3ux0,1,dagformer-1b,crashed,2026-04-20T20:10:17Z
2.4342559382854265,34978.90154492963,,3.115966796875,1,,2.737307648,0.146443923205189,0,3.115966796875,0.01,,0.3562990728065377,0.0002012631578947368,78474.876607092,0.0001006315789473684,5220,1776794073.4779055,oqyl3ux0,1,dagformer-1b,crashed,2026-04-20T20:10:17Z
2.426734947481135,34948.20242926441,,3.16064453125,1,,2.742550528,0.15841885932798572,0,3.16064453125,0.01,,0.4079952201134159,0.0002008421052631579,78824.111545596,0.00010042105263157895,5230,1776794292.2381115,oqyl3ux0,1,dagformer-1b,crashed,2026-04-20T20:10:17Z
2.419215666732962,34859.87570710021,,3.2451171875,1,,2.747793408,0.14077433646928922,0,3.2451171875,0.01,,0.34162686513230145,0.00020042105263157897,79042.56857014,0.00010021052631578949,5240,1776794641.473048,oqyl3ux0,1,dagformer-1b,crashed,2026-04-20T20:10:17Z
2.4116981702531723,34829.86018610308,,3.39697265625,1,,2.753036288,0.13866957125281723,0,3.39697265625,0.01,,0.4584686527399013,0.0002,79261.17595624,0.0001,5250,1776794859.9300833,oqyl3ux0,1,dagformer-1b,crashed,2026-04-20T20:10:17Z
2.4041825322364225,34799.94406975149,,2.8173828125,1,,2.758279168,0.1704578184180019,0,2.8173828125,0.01,,0.6017377622023645,0.00019957894736842105,79900.701170999,9.978947368421052e-05,5260,1776795078.537456,oqyl3ux0,1,dagformer-1b,crashed,2026-04-20T20:10:17Z
2.3966688268590244,34587.02231088926,,3.2841796875,1,,2.763522048,0.15363441282076437,0,3.2841796875,0.01,,0.4064790402182468,0.00019915789473684212,80119.169165407,9.957894736842106e-05,5270,1776795718.0626724,oqyl3ux0,1,dagformer-1b,crashed,2026-04-20T20:10:17Z
2.389157128278217,34558.149321872916,,3.47998046875,1,,2.768764928,0.16047857305503793,0,3.47998046875,0.01,,0.26798604961895434,0.00019873684210526316,80338.841577932,9.936842105263158e-05,5280,1776795936.53066,oqyl3ux0,1,dagformer-1b,crashed,2026-04-20T20:10:17Z
2.3816475106314323,34528.915567029435,,3.30224609375,1,,2.774007808,0.1226217141109567,0,3.30224609375,0.01,,0.3488752332818912,0.00019831578947368422,80558.454340782,9.915789473684211e-05,5290,1776796156.2030845,oqyl3ux0,1,dagformer-1b,crashed,2026-04-20T20:10:17Z
2.374140048035566,34499.86694261101,,3.0498046875,1,,2.779250688,0.1427423687898923,0,3.0498046875,0.01,,0.3479476572466439,0.00019789473684210526,80778.041993269,9.894736842105263e-05,5300,1776796375.8158407,oqyl3ux0,1,dagformer-1b,crashed,2026-04-20T20:10:17Z
2.3666348145862415,34470.98694569006,,3.28759765625,1,,2.784493568,0.14978686078845108,0,3.28759765625,0.01,,0.4011918369574446,0.00019747368421052636,80996.561228715,9.873684210526318e-05,5310,1776796595.4034936,oqyl3ux0,1,dagformer-1b,crashed,2026-04-20T20:10:17Z
2.3591318843570845,34442.71797798335,,3.28662109375,1,,2.789736448,0.1313792496962114,0,3.28662109375,0.01,,0.5107226567539151,0.00019705263157894737,81215.21287839,9.852631578947368e-05,5320,1776796813.9227266,oqyl3ux0,1,dagformer-1b,crashed,2026-04-20T20:10:17Z
2.3516313313989863,34414.544862049435,,3.208984375,1,,2.794979328,0.13404219807435896,0,3.208984375,0.01,,0.3854201962495978,0.0001966315789473684,81433.854744508,9.83157894736842e-05,5330,1776797032.5743847,oqyl3ux0,1,dagformer-1b,crashed,2026-04-20T20:10:17Z
2.344133229739376,34386.52719490839,,3.27880859375,1,,2.800222208,0.1792577835790892,0,3.27880859375,0.01,,0.3588759577249412,0.0001962105263157895,81652.618425574,9.810526315789475e-05,5340,1776797251.2162488,oqyl3ux0,1,dagformer-1b,crashed,2026-04-20T20:10:17Z
2.3366376533814917,34358.608358815494,,3.2041015625,1,,2.805465088,0.17885294286069436,0,3.2041015625,0.01,,0.4328187842705382,0.0001957894736842105,81999.885675317,9.789473684210526e-05,5350,1776797469.97992,oqyl3ux0,1,dagformer-1b,crashed,2026-04-20T20:10:17Z
2.3291446763036445,34277.03814864792,,3.2666015625,1,,2.810707968,0.24547404790488322,0,3.2666015625,0.01,,0.3921406016355782,0.0001953684210526316,82217.901466226,9.76842105263158e-05,5360,1776797817.2471774,oqyl3ux0,1,dagformer-1b,crashed,2026-04-20T20:10:17Z
2.3216543724584935,34249.91426875472,,2.8544921875,1,,2.815950848,0.16736465502304745,0,2.8544921875,0.01,,0.7206767629211847,0.00019494736842105265,82436.300151609,9.747368421052632e-05,5370,1776798035.2629669,oqyl3ux0,1,dagformer-1b,crashed,2026-04-20T20:10:17Z
2.314166815772313,34222.77509030121,,3.490234375,1,,2.821193728,0.2187006945315497,0,3.490234375,0.01,,0.5713987914879614,0.0001945263157894737,82656.508000575,9.726315789473686e-05,5380,1776798253.6616573,oqyl3ux0,1,dagformer-1b,crashed,2026-04-20T20:10:17Z
2.306682080144266,34195.030792592435,,2.84521484375,1,,2.826436608,0.1317970379195138,0,2.84521484375,0.01,,0.2711380575219547,0.00019410526315789475,82876.592996735,9.705263157894738e-05,5390,1776798473.8694825,oqyl3ux0,1,dagformer-1b,crashed,2026-04-20T20:10:17Z
2.2992002394456694,34167.484583198566,,2.9326171875,1,,2.831679488,0.1339400058681451,0,2.9326171875,0.01,,0.4969697900149852,0.0001936842105263158,83096.470420725,9.68421052631579e-05,5400,1776798693.9544945,oqyl3ux0,1,dagformer-1b,crashed,2026-04-20T20:10:17Z
2.291721367519273,34140.16949990754,,2.8515625,1,,2.836922368,0.2159640095309686,0,2.8515625,0.01,,0.3362868898681496,0.00019326315789473686,83314.797451238,9.663157894736843e-05,5410,1776798913.8319252,oqyl3ux0,1,dagformer-1b,crashed,2026-04-20T20:10:17Z
2.284245538178522,34113.63338043761,,3.03955078125,1,,2.842165248,0.13689939358279046,0,3.03955078125,0.01,,0.26555514839184774,0.0001928421052631579,83533.516734266,9.642105263157895e-05,5420,1776799132.1590192,oqyl3ux0,1,dagformer-1b,crashed,2026-04-20T20:10:17Z
2.2767728252068338,34087.076012418394,,2.9560546875,1,,2.847408128,0.16318285354010567,0,2.9560546875,0.01,,0.37608862675461513,0.00019242105263157897,83752.99927692,9.621052631578948e-05,5430,1776799350.8782167,oqyl3ux0,1,dagformer-1b,crashed,2026-04-20T20:10:17Z
2.2693033023568687,34060.34701338627,,2.97900390625,1,,2.852651008,0.1359516866272712,0,2.97900390625,0.01,,0.610093521702875,0.000192,84456.383771967,9.6e-05,5440,1776799570.360767,oqyl3ux0,1,dagformer-1b,crashed,2026-04-20T20:10:17Z
2.261837043349802,33838.7571211803,,2.85498046875,1,,2.857893888,0.136370606347218,0,2.85498046875,0.01,,0.34625144879284203,0.00019157894736842107,84675.502562803,9.578947368421054e-05,5450,1776800273.7452726,oqyl3ux0,1,dagformer-1b,crashed,2026-04-20T20:10:17Z
2.254374121874595,33813.10824663369,,3.0966796875,1,,2.863136768,0.15749218418312255,0,3.0966796875,0.01,,0.8402512645162362,0.0001911578947368421,84894.610601282,9.557894736842106e-05,5460,1776800492.8640656,oqyl3ux0,1,dagformer-1b,crashed,2026-04-20T20:10:17Z
2.246914611587271,33787.596092298234,,2.98828125,1,,2.868379648,0.15515505838236257,0,2.98828125,0.01,,0.4391223468085171,0.00019073684210526315,85112.890457551,9.536842105263158e-05,5470,1776800711.9720905,oqyl3ux0,1,dagformer-1b,crashed,2026-04-20T20:10:17Z
2.2394585861101834,33762.543683702344,,3.1044921875,1,,2.873622528,0.1497669901118774,0,3.1044921875,0.01,,0.36390090724030066,0.00019031578947368422,85331.367944447,9.515789473684211e-05,5480,1776800930.251964,oqyl3ux0,1,dagformer-1b,crashed,2026-04-20T20:10:17Z
2.232006119031295,33737.541515308476,,3.1591796875,1,,2.878865408,0.13634086997511585,0,3.1591796875,0.01,,0.30630215636694097,0.00018989473684210526,85549.563462402,9.494736842105263e-05,5490,1776801148.7294333,oqyl3ux0,1,dagformer-1b,crashed,2026-04-20T20:10:17Z
2.2245572839034464,33712.77800435949,0.0,3.2236328125,1,0.0,2.884108288,0.14373826974263385,0,3.2236328125,0.01,0.0,0.4164248245896708,0.00018947368421052632,85775.799289082,9.473684210526316e-05,5500,1776801366.9266691,oqyl3ux0,1,dagformer-1b,crashed,2026-04-20T20:10:17Z
2.2171121542436323,33684.982664937575,,3.048828125,1,,2.889351168,0.13223679634287938,0,3.048828125,0.01,,0.2750859147208899,0.00018905263157894736,85994.586299296,9.452631578947368e-05,5510,1776801593.1607943,oqyl3ux0,1,dagformer-1b,crashed,2026-04-20T20:10:17Z
2.2096708035322794,33660.24904099734,,2.82861328125,1,,2.894594048,0.14735052423377593,0,2.82861328125,0.01,,0.2932654247320048,0.00018863157894736846,86213.547057574,9.431578947368423e-05,5520,1776801811.9477968,oqyl3ux0,1,dagformer-1b,crashed,2026-04-20T20:10:17Z
2.2022333052125127,33635.5731356648,,2.677734375,1,,2.899836928,0.14009421393991617,0,2.677734375,0.01,,0.4460059565840142,0.00018821052631578947,86432.375146768,9.410526315789473e-05,5530,1776802030.9085534,oqyl3ux0,1,dagformer-1b,crashed,2026-04-20T20:10:17Z
2.1947997326894386,33611.07381295138,,2.96435546875,1,,2.905079808,0.13456937263277308,0,2.96435546875,0.01,,0.38810350574200236,0.0001877894736842105,86651.394198184,9.389473684210525e-05,5540,1776802249.7367237,oqyl3ux0,1,dagformer-1b,crashed,2026-04-20T20:10:17Z
2.1873701593294173,33586.62421825432,,3.037109375,1,,2.910322688,0.1595437308339701,0,3.037109375,0.01,,0.5080244810111307,0.0001873684210526316,86869.447305688,9.36842105263158e-05,5550,1776802468.7556994,oqyl3ux0,1,dagformer-1b,crashed,2026-04-20T20:10:17Z
2.1799446584593376,33562.67118071253,,3.29541015625,1,,2.915565568,0.1371772129033525,0,3.29541015625,0.01,,0.45430659379929444,0.00018694736842105261,87088.201991306,9.347368421052631e-05,5560,1776802686.8088136,oqyl3ux0,1,dagformer-1b,crashed,2026-04-20T20:10:17Z
2.172523303365896,33538.56782645085,,3.251953125,1,,2.920808448,0.13491404946520483,0,3.251953125,0.01,,0.2945033442380474,0.0001865263157894737,87913.858022356,9.326315789473685e-05,5570,1776802905.5634909,oqyl3ux0,1,dagformer-1b,crashed,2026-04-20T20:10:17Z
2.2171121542436323,1140926.077158335,,3.5625,1,,2.889351168,0.1250716734665345,0,3.5625,0.01,,0.22616461499229715,0.00018905263157894736,2749.254603724,9.452631578947368e-05,5510,1776818412.2232027,i6j0o3mw,2,dagformer-1b,finished,2026-04-21T23:57:59Z
2.2096708035322794,1052926.7193561504,,3.6015625,1,,2.894594048,0.12116309382827022,0,3.6015625,0.01,,0.39199689447342245,0.00018863157894736846,2966.14308061,9.431578947368423e-05,5520,1776818628.8551166,i6j0o3mw,2,dagformer-1b,finished,2026-04-21T23:57:59Z
2.2022333052125127,977698.6834108082,,3.421875,1,,2.899836928,0.11109540013601363,0,3.421875,0.01,,0.2247520588637676,0.00018821052631578947,3183.322011901,9.410526315789473e-05,5530,1776818845.7435875,i6j0o3mw,2,dagformer-1b,finished,2026-04-21T23:57:59Z
2.1947997326894386,912639.921362432,,3.51513671875,1,,2.905079808,0.11179642152194422,0,3.51513671875,0.01,,0.20047611544392188,0.0001877894736842105,3400.878366386,9.389473684210525e-05,5540,1776819062.9225185,i6j0o3mw,2,dagformer-1b,finished,2026-04-21T23:57:59Z
2.1873701593294173,855796.6801368656,,3.5205078125,1,,2.910322688,0.12458359202909756,0,3.5205078125,0.01,,0.24150310941880485,0.0001873684210526316,3618.122464934,9.36842105263158e-05,5550,1776819280.4788735,i6j0o3mw,2,dagformer-1b,finished,2026-04-21T23:57:59Z
2.1799446584593376,805858.6376874855,,3.40087890625,1,,2.915565568,0.11507323797767213,0,3.40087890625,0.01,,0.27255042863818113,0.00018694736842105261,3834.969938178,9.347368421052631e-05,5560,1776819497.7229648,i6j0o3mw,2,dagformer-1b,finished,2026-04-21T23:57:59Z
2.172523303365896,761656.817097682,,3.5966796875,1,,2.920808448,0.11736658890264003,0,3.5966796875,0.01,,0.2283747351888195,0.0001865263157894737,4051.622615353,9.326315789473685e-05,5570,1776819714.5704472,i6j0o3mw,2,dagformer-1b,finished,2026-04-21T23:57:59Z
2.1651061672948706,722221.125105367,,3.49755859375,1,,2.926051328,0.11319518345778637,0,3.49755859375,0.01,,0.2543728007425678,0.00018610526315789475,4268.666012177,9.305263157894737e-05,5580,1776819931.2232487,i6j0o3mw,2,dagformer-1b,finished,2026-04-21T23:57:59Z
2.1576933234504008,686726.1660316122,,3.43212890625,1,,2.931294208,0.11389438651335329,0,3.43212890625,0.01,,0.2138307786429713,0.00018568421052631581,4486.091362875,9.284210526315791e-05,5590,1776820148.2665215,i6j0o3mw,2,dagformer-1b,finished,2026-04-21T23:57:59Z
2.1502848449942613,654610.4891710796,,3.37548828125,1,,2.936537088,0.1145045166023991,0,3.37548828125,0.01,,0.32264847053131457,0.00018526315789473685,4703.677764016,9.263157894736843e-05,5600,1776820365.691876,i6j0o3mw,2,dagformer-1b,finished,2026-04-21T23:57:59Z
2.142880805045145,625442.6431575262,,3.41064453125,1,,2.941779968,0.11340075115839705,0,3.41064453125,0.01,,0.169741117080717,0.0001848421052631579,4920.613546839,9.242105263157895e-05,5610,1776820583.278278,i6j0o3mw,2,dagformer-1b,finished,2026-04-21T23:57:59Z
2.135481276677935,598933.2860210275,,3.44775390625,1,,2.947022848,0.11793082096815927,0,3.44775390625,0.01,,0.2056941619947524,0.00018442105263157896,5137.457680078,9.221052631578948e-05,5620,1776820800.214061,i6j0o3mw,2,dagformer-1b,finished,2026-04-21T23:57:59Z
2.1280863329229915,574672.991040656,,3.455078125,1,,2.952265728,0.11091724619656382,0,3.455078125,0.01,,0.15890638953293754,0.000184,5354.330623405,9.2e-05,5630,1776821017.058209,i6j0o3mw,2,dagformer-1b,finished,2026-04-21T23:57:59Z
2.120696046765423,552374.8421136827,,3.51171875,1,,2.957508608,0.11673934780081373,0,3.51171875,0.01,,0.2327675049841933,0.00018357894736842107,5571.662672775,9.178947368421053e-05,5640,1776821233.9311407,i6j0o3mw,2,dagformer-1b,finished,2026-04-21T23:57:59Z
2.1133104911443703,531768.9206557863,,3.42919921875,1,,2.962751488,0.11511907793015742,0,3.42919921875,0.01,,0.24296165894512933,0.0001831578947368421,5789.3049624,9.157894736842105e-05,5650,1776821451.2631853,i6j0o3mw,2,dagformer-1b,finished,2026-04-21T23:57:59Z
2.105929738952285,512682.75573687936,,3.498046875,1,,2.967994368,0.12259888785926916,0,3.498046875,0.01,,0.20633908377073923,0.00018273684210526317,6006.389084414,9.136842105263159e-05,5660,1776821668.9054832,i6j0o3mw,2,dagformer-1b,finished,2026-04-21T23:57:59Z
2.098553863034212,495025.6874837986,,3.50830078125,1,,2.973237248,0.11225176846122822,0,3.50830078125,0.01,,0.3370198897553064,0.0001823157894736842,6222.91033716,9.11578947368421e-05,5670,1776821885.9896007,i6j0o3mw,2,dagformer-1b,finished,2026-04-21T23:57:59Z
2.091182936187069,478643.7470028794,,3.48681640625,1,,2.978480128,0.11203288778900514,0,3.48681640625,0.01,,0.13631825165627623,0.00018189473684210525,6439.793574901,9.094736842105263e-05,5680,1776822102.5108585,i6j0o3mw,2,dagformer-1b,finished,2026-04-21T23:57:59Z
2.0838170311589286,463337.4532503263,,3.435546875,1,,2.983723008,0.10929442054815823,0,3.435546875,0.01,,0.281331393577547,0.00018147368421052632,6656.968296688,9.073684210526316e-05,5690,1776822319.394113,i6j0o3mw,2,dagformer-1b,finished,2026-04-21T23:57:59Z
2.0764562206482986,449008.920009736,,3.51806640625,1,,2.988965888,0.1812222520199595,0,3.51806640625,0.01,,0.25652368987061064,0.00018105263157894736,6874.499008839,9.052631578947368e-05,5700,1776822536.5688212,i6j0o3mw,2,dagformer-1b,finished,2026-04-21T23:57:59Z
2.0691005773034075,435563.2052582682,,3.48583984375,1,,2.994208768,0.1130392601525014,0,3.48583984375,0.01,,0.532759167810261,0.00018063157894736845,7091.714809253,9.031578947368423e-05,5710,1776822754.0995224,i6j0o3mw,2,dagformer-1b,finished,2026-04-21T23:57:59Z
2.061750173721485,422961.12998914946,,3.43359375,1,,2.999451648,0.1113173849663108,0,3.43359375,0.01,,0.49605942814464615,0.00018021052631578946,7308.348406794,9.010526315789473e-05,5720,1776822971.315327,i6j0o3mw,2,dagformer-1b,finished,2026-04-21T23:57:59Z
2.0544050824480484,411140.8658075596,,3.46533203125,1,,3.004694528,0.1183190569526874,0,3.46533203125,0.01,,0.31260076588317276,0.00017978947368421056,7525.150915855,8.989473684210528e-05,5730,1776823187.948923,i6j0o3mw,2,dagformer-1b,finished,2026-04-21T23:57:59Z
2.0470653759761825,399992.2128911161,,3.49072265625,1,,3.009937408,0.11413337494416397,0,3.49072265625,0.01,,0.19717697688296532,0.0001793684210526316,7742.191884224,8.96842105263158e-05,5740,1776823404.751494,i6j0o3mw,2,dagformer-1b,finished,2026-04-21T23:57:59Z
2.0397311267458273,389455.9854821574,,3.3828125,1,,3.015180288,0.10944754438393178,0,3.3828125,0.01,,0.21314170890401693,0.0001789473684210526,7959.724733389,8.94736842105263e-05,5750,1776823621.7924037,i6j0o3mw,2,dagformer-1b,finished,2026-04-21T23:57:59Z
2.032402407143061,379470.9397866895,,3.431640625,1,,3.020423168,0.11385629416476445,0,3.431640625,0.01,,0.376273128638025,0.0001785263157894737,8177.158554563,8.926315789473685e-05,5760,1776823839.3252578,i6j0o3mw,2,dagformer-1b,finished,2026-04-21T23:57:59Z
2.025079289499388,370021.64543098875,,3.5146484375,1,,3.025666048,0.11843216737239476,0,3.5146484375,0.01,,0.38484153666275983,0.00017810526315789474,8393.888132771,8.905263157894737e-05,5770,1776824056.7590559,i6j0o3mw,2,dagformer-1b,finished,2026-04-21T23:57:59Z
2.0177618460910223,361092.14704665286,,3.44775390625,1,,3.030908928,0.1071323464167733,0,3.44775390625,0.01,,0.14890342660683514,0.0001776842105263158,8610.619644373,8.88421052631579e-05,5780,1776824273.4886475,i6j0o3mw,2,dagformer-1b,finished,2026-04-21T23:57:59Z
2.0104501491381774,352612.1097382876,,3.390625,1,,3.036151808,0.11266145994351905,0,3.390625,0.01,,0.3692220609916954,0.00017726315789473685,8827.706215534,8.863157894736842e-05,5790,1776824490.2201543,i6j0o3mw,2,dagformer-1b,finished,2026-04-21T23:57:59Z
2.003144270804349,344534.5920757511,,3.42919921875,1,,3.041394688,0.11773274020859614,0,3.42919921875,0.01,,0.2757965229921645,0.00017684210526315792,9045.083220606,8.842105263157896e-05,5800,1776824707.3067443,i6j0o3mw,2,dagformer-1b,finished,2026-04-21T23:57:59Z
1.9958442831956071,336834.0248742333,,3.45751953125,1,,3.046637568,0.11359724574190769,0,3.45751953125,0.01,,0.3356763036067073,0.00017642105263157896,9262.488240907,8.821052631578948e-05,5810,1776824924.683798,i6j0o3mw,2,dagformer-1b,finished,2026-04-21T23:57:59Z
1.9885502583598837,329493.90710645716,,3.5146484375,1,,3.051880448,0.1104354535174446,0,3.5146484375,0.01,,0.339170435425586,0.000176,9479.354716849,8.8e-05,5820,1776825142.088739,i6j0o3mw,2,dagformer-1b,finished,2026-04-21T23:57:59Z
1.981262268286256,322508.7881437896,,3.474609375,1,,3.057123328,0.10860083430838118,0,3.474609375,0.01,,0.2313211562781047,0.00017557894736842106,9696.100318444,8.778947368421053e-05,5830,1776825358.9552279,i6j0o3mw,2,dagformer-1b,finished,2026-04-21T23:57:59Z
1.9739803849042468,315840.0758076257,,3.58447265625,1,,3.062366208,0.11223689086481212,0,3.58447265625,0.01,,0.19248790836654206,0.0001751578947368421,9913.034724177,8.757894736842105e-05,5840,1776825575.7008367,i6j0o3mw,2,dagformer-1b,finished,2026-04-21T23:57:59Z
1.966704680083105,309457.0903835416,,3.447265625,1,,3.067609088,0.11913552413535015,0,3.447265625,0.01,,0.2288870012431371,0.00017473684210526317,10130.340248093,8.736842105263158e-05,5850,1776825792.635236,i6j0o3mw,2,dagformer-1b,finished,2026-04-21T23:57:59Z
1.9594352256310985,303336.384729134,,3.47705078125,1,,3.072851968,0.11165106629444337,0,3.47705078125,0.01,,0.46065440123088824,0.0001743157894736842,10347.787091571,8.71578947368421e-05,5860,1776826009.9407587,i6j0o3mw,2,dagformer-1b,finished,2026-04-21T23:57:59Z
1.9521720932948086,297468.6956915186,,3.49755859375,1,,3.078094848,0.12039633387849112,0,3.49755859375,0.01,,0.26102414968776827,0.0001738947368421053,10564.709933891,8.694736842105265e-05,5870,1776826227.387596,i6j0o3mw,2,dagformer-1b,finished,2026-04-21T23:57:59Z
1.9449153547584197,291857.0180527719,,3.39453125,1,,3.083337728,0.10745270325694137,0,3.39453125,0.01,,0.261420860726491,0.00017347368421052631,10781.370218924,8.673684210526316e-05,5880,1776826444.3104482,i6j0o3mw,2,dagformer-1b,finished,2026-04-21T23:57:59Z
1.9376650816430105,286478.12447202863,,3.39794921875,1,,3.088580608,0.11035041560428685,0,3.39794921875,0.01,,0.46838163284762047,0.00017305263157894735,10998.291311356,8.652631578947368e-05,5890,1776826660.970729,i6j0o3mw,2,dagformer-1b,finished,2026-04-21T23:57:59Z
1.9304213455058499,281304.4920619374,,3.48876953125,1,,3.093823488,0.11372347276907235,0,3.48876953125,0.01,,0.172119667138231,0.00017263157894736842,11215.471761999,8.631578947368421e-05,5900,1776826877.891856,i6j0o3mw,2,dagformer-1b,finished,2026-04-21T23:57:59Z
1.9231842178396894,276324.6111539662,,3.50341796875,1,,3.099066368,0.11404792573946361,0,3.50341796875,0.01,,0.21097334229026357,0.00017221052631578946,11433.081722538,8.610526315789473e-05,5910,1776827095.0722897,i6j0o3mw,2,dagformer-1b,finished,2026-04-21T23:57:59Z
1.9159537700720577,271523.7240858823,,3.38623046875,1,,3.104309248,0.1142948503229496,0,3.38623046875,0.01,,0.20245887506026813,0.00017178947368421055,11650.17077237,8.589473684210528e-05,5920,1776827312.6823568,i6j0o3mw,2,dagformer-1b,finished,2026-04-21T23:57:59Z
1.9087300735645547,266914.1215948796,,3.3798828125,1,,3.109552128,0.11137752292743502,0,3.3798828125,0.01,,0.33071293188635953,0.00017136842105263157,11866.714152587,8.568421052631578e-05,5930,1776827529.7713106,i6j0o3mw,2,dagformer-1b,finished,2026-04-21T23:57:59Z
1.9015131996121475,262485.23096792283,,3.423828125,1,,3.114795008,0.11981236333686596,0,3.423828125,0.01,,0.29909003539767154,0.00017094736842105266,12083.652327532,8.547368421052633e-05,5940,1776827746.314816,i6j0o3mw,2,dagformer-1b,finished,2026-04-21T23:57:59Z
1.8943032194424703,258206.65440089535,,3.4638671875,1,,3.120037888,0.11574939571710113,0,3.4638671875,0.01,,0.2173163934525953,0.0001705263157894737,12300.703951016,8.526315789473685e-05,5950,1776827963.2528415,i6j0o3mw,2,dagformer-1b,finished,2026-04-21T23:57:59Z
1.887100204215116,254076.64693634651,,3.32275390625,1,,3.125280768,0.116470934611516,0,3.32275390625,0.01,,0.4371962894872358,0.0001701052631578947,12518.315677071,8.505263157894736e-05,5960,1776828180.3044999,i6j0o3mw,2,dagformer-1b,finished,2026-04-21T23:57:59Z
1.8799042250209368,250078.68458986594,,3.4013671875,1,,3.130523648,0.11167197085500771,0,3.4013671875,0.01,,0.38412669534295135,0.0001696842105263158,12735.478653429,8.48421052631579e-05,5970,1776828397.9161763,i6j0o3mw,2,dagformer-1b,finished,2026-04-21T23:57:59Z
1.8727153528813427,246226.01293445524,,3.3525390625,1,,3.135766528,0.11542906742329158,0,3.3525390625,0.01,,0.2542473781874604,0.00016926315789473684,12952.118216579,8.463157894736842e-05,5980,1776828615.0791726,i6j0o3mw,2,dagformer-1b,finished,2026-04-21T23:57:59Z
1.8655336587475984,242512.33312232821,,3.3916015625,1,,3.141009408,0.11492289060182084,0,3.3916015625,0.01,,0.2660890617654149,0.0001688421052631579,13168.896520551,8.442105263157896e-05,5990,1776828831.7187312,i6j0o3mw,2,dagformer-1b,finished,2026-04-21T23:57:59Z
1.8583592135001263,238918.327956209,0.0,3.45654296875,1,0.0,3.146252288,0.10886778083966626,0,3.45654296875,0.01,0.0,0.38992092587851346,0.00016842105263157895,13391.861859824,8.421052631578948e-05,6000,1776829048.4986725,i6j0o3mw,2,dagformer-1b,finished,2026-04-21T23:57:59Z
1.8511920879478045,235331.9537297522,,3.42236328125,1,,3.151495168,0.11084275601076739,0,3.42236328125,0.01,,0.2383581972782476,0.00016800000000000002,13609.24930846,8.400000000000001e-05,6010,1776829271.462365,i6j0o3mw,2,dagformer-1b,finished,2026-04-21T23:57:59Z
1.844032352827269,231958.08593079794,,3.37841796875,1,,3.156738048,0.10904001959609141,0,3.37841796875,0.01,,0.2509662414697906,0.00016757894736842106,13826.531418922,8.378947368421053e-05,6020,1776829488.8498259,i6j0o3mw,2,dagformer-1b,finished,2026-04-21T23:57:59Z
1.8368800788022142,228692.04489227326,,3.39453125,1,,3.161980928,0.11668420639006763,0,3.39453125,0.01,,0.18243210918821615,0.0001671578947368421,14043.296500756,8.357894736842105e-05,6030,1776829706.1319327,i6j0o3mw,2,dagformer-1b,finished,2026-04-21T23:57:59Z
1.8297353364626974,225535.37454177247,,3.478515625,1,,3.167223808,0.11200728058181082,0,3.478515625,0.01,,0.33390552879324215,0.00016673684210526316,14260.001317603,8.336842105263158e-05,6040,1776829922.8970144,i6j0o3mw,2,dagformer-1b,finished,2026-04-21T23:57:59Z
1.8225981963244413,222475.6094652383,,3.51904296875,1,,3.172466688,0.11094523184271851,0,3.51904296875,0.01,,0.23036444104679854,0.0001663157894736842,14476.97164048,8.31578947368421e-05,6050,1776830139.6018279,i6j0o3mw,2,dagformer-1b,finished,2026-04-21T23:57:59Z
1.8154687288281377,219503.42992135268,,3.46240234375,1,,3.177709568,0.11951381216188804,0,3.46240234375,0.01,,0.30372195151558595,0.00016589473684210527,14694.268149112,8.294736842105263e-05,6060,1776830356.5721538,i6j0o3mw,2,dagformer-1b,finished,2026-04-21T23:57:59Z
1.8083470043387526,216614.21224116036,,3.38818359375,1,,3.182952448,0.11329689121242002,0,3.38818359375,0.01,,0.28180490369531996,0.0001654736842105263,14911.778386204,8.273684210526315e-05,6070,1776830573.8686724,i6j0o3mw,2,dagformer-1b,finished,2026-04-21T23:57:59Z
1.8012330931448322,213806.13868231562,,3.41455078125,1,,3.188195328,0.10970814609961062,0,3.41455078125,0.01,,0.1858162908077103,0.0001650526315789474,15128.611482553,8.25263157894737e-05,6080,1776830791.3788838,i6j0o3mw,2,dagformer-1b,finished,2026-04-21T23:57:59Z
1.7941270654578065,211088.2519099632,,3.4453125,1,,3.193438208,0.11805693439820472,0,3.4453125,0.01,,0.2543601300728621,0.00016463157894736842,15345.306518476,8.231578947368421e-05,6090,1776831008.2120004,i6j0o3mw,2,dagformer-1b,finished,2026-04-21T23:57:59Z
1.7870289914113007,208449.05550574957,,3.53564453125,1,,3.198681088,0.1190966208917622,0,3.53564453125,0.01,,0.46860273206602043,0.0001642105263157895,15562.192385811,8.210526315789475e-05,6100,1776831224.907031,i6j0o3mw,2,dagformer-1b,finished,2026-04-21T23:57:59Z
1.77993894106044,205880.82962716513,,3.3564453125,1,,3.203923968,0.1174456084382753,0,3.3564453125,0.01,,0.3692438527268646,0.00016378947368421055,15779.264437212,8.189473684210527e-05,6110,1776831441.7929003,i6j0o3mw,2,dagformer-1b,finished,2026-04-21T23:57:59Z
1.7728569843811592,203380.8112187002,,3.41162109375,1,,3.209166848,0.11165628810461281,0,3.41162109375,0.01,,0.2948886684162018,0.00016336842105263156,15996.658717218,8.168421052631578e-05,6120,1776831658.8649511,i6j0o3mw,2,dagformer-1b,finished,2026-04-21T23:57:59Z
1.7657831912695112,200944.5916260969,,3.41796875,1,,3.214409728,0.11410237085784847,0,3.41796875,0.01,,0.31833172014375327,0.00016294736842105265,16213.66895496,8.147368421052633e-05,6130,1776831876.259234,i6j0o3mw,2,dagformer-1b,finished,2026-04-21T23:57:59Z
1.7587176315409787,198578.40883848802,,3.4033203125,1,,3.219652608,0.1265856384171656,0,3.4033203125,0.01,,0.25484017109462326,0.0001625263157894737,16430.355507527,8.126315789473685e-05,6140,1776832093.269472,i6j0o3mw,2,dagformer-1b,finished,2026-04-21T23:57:59Z
1.7516603749297837,196278.59362394,,3.4677734375,1,,3.224895488,0.10898339476894331,0,3.4677734375,0.01,,0.23924496556424166,0.00016210526315789476,16647.209798762,8.105263157894738e-05,6150,1776832309.9560192,i6j0o3mw,2,dagformer-1b,finished,2026-04-21T23:57:59Z
1.7446114910881978,194036.69684044208,,3.41796875,1,,3.230138368,0.11462415319178705,0,3.41796875,0.01,,0.2819156682986059,0.0001616842105263158,16864.305431847,8.08421052631579e-05,6160,1776832526.8103132,i6j0o3mw,2,dagformer-1b,finished,2026-04-21T23:57:59Z
1.737571049585862,191849.70986379115,,3.54833984375,1,,3.235381248,0.11018227303033558,0,3.54833984375,0.01,,0.2469678474481369,0.00016126315789473687,17081.660124424,8.063157894736843e-05,6170,1776832743.9059467,i6j0o3mw,2,dagformer-1b,finished,2026-04-21T23:57:59Z
1.7305391199090905,189715.4394696009,,3.4775390625,1,,3.240624128,0.11263204809109852,0,3.4775390625,0.01,,0.1470935462348329,0.0001608421052631579,17298.909070305,8.042105263157895e-05,6180,1776832961.2606416,i6j0o3mw,2,dagformer-1b,finished,2026-04-21T23:57:59Z
1.7235157714601894,187635.94920503706,,3.38037109375,1,,3.245867008,0.12723616690940903,0,3.38037109375,0.01,,0.3110008842427344,0.00016042105263157895,17515.717447873,8.021052631578947e-05,6190,1776833178.5095718,i6j0o3mw,2,dagformer-1b,finished,2026-04-21T23:57:59Z
1.716501073556773,185612.70773334042,,3.42431640625,1,,3.251109888,0.10949161235415977,0,3.42431640625,0.01,,0.2600263635538083,0.00016,17732.37316116,8e-05,6200,1776833395.317973,i6j0o3mw,2,dagformer-1b,finished,2026-04-21T23:57:59Z
1.709495095431078,183640.52595760915,,3.41357421875,1,,3.256352768,0.11009880667094882,0,3.41357421875,0.01,,0.4073140225284627,0.00015957894736842105,17949.392956162,7.978947368421053e-05,6210,1776833611.973667,i6j0o3mw,2,dagformer-1b,finished,2026-04-21T23:57:59Z
1.7024979062292793,181712.2657639916,,3.46923828125,1,,3.261595648,0.1100670426977436,0,3.46923828125,0.01,,0.24008932072194458,0.00015915789473684212,18166.828051427,7.957894736842106e-05,6220,1776833828.9934661,i6j0o3mw,2,dagformer-1b,finished,2026-04-21T23:57:59Z
1.6955095750108098,179825.9694037061,,3.43896484375,1,,3.266838528,0.1112417322586304,0,3.43896484375,0.01,,0.23312407226730064,0.00015873684210526316,18384.316765707,7.936842105263158e-05,6230,1776834046.4285562,i6j0o3mw,2,dagformer-1b,finished,2026-04-21T23:57:59Z
1.6885301707476774,177983.77166057413,,3.45751953125,1,,3.272081408,0.11031072230461875,0,3.45751953125,0.01,,0.2485946217338668,0.00015831578947368425,18601.204462509,7.915789473684213e-05,6240,1776834263.9172773,i6j0o3mw,2,dagformer-1b,finished,2026-04-21T23:57:59Z
1.681559762323785,176190.3442796857,,3.44873046875,1,,3.277324288,0.11236251977152718,0,3.44873046875,0.01,,0.21850013423576628,0.00015789473684210527,18817.80456572,7.894736842105263e-05,6250,1776834480.8049614,i6j0o3mw,2,dagformer-1b,finished,2026-04-21T23:57:59Z
1.6745984185342488,174440.92405159023,,3.4228515625,1,,3.282567168,0.11577062292378817,0,3.4228515625,0.01,,0.25189602428348806,0.0001574736842105263,19034.681830917,7.873684210526315e-05,6260,1776834697.4050846,i6j0o3mw,2,dagformer-1b,finished,2026-04-21T23:57:59Z
1.6676462080847214,172728.8052453825,,3.3662109375,1,,3.287810048,0.10971616562978907,0,3.3662109375,0.01,,0.18592335165754367,0.00015705263157894737,19251.821946975,7.852631578947369e-05,6270,1776834914.2823396,i6j0o3mw,2,dagformer-1b,finished,2026-04-21T23:57:59Z
1.660703199590714,171052.92456916714,,3.484375,1,,3.293052928,0.11795380831081462,0,3.484375,0.01,,0.25916035813303756,0.0001566315789473684,19469.342274094,7.83157894736842e-05,6280,1776835131.422443,i6j0o3mw,2,dagformer-1b,finished,2026-04-21T23:57:59Z
1.6537694615769174,169411.1189394241,,3.42822265625,1,,3.298295808,0.11541542301552613,0,3.42822265625,0.01,,0.20628794790007907,0.0001562105263157895,19686.579988026,7.810526315789475e-05,6290,1776835348.9427779,i6j0o3mw,2,dagformer-1b,finished,2026-04-21T23:57:59Z
1.646845062476526,167808.00402821286,,3.38232421875,1,,3.303538688,0.11362384990971484,0,3.38232421875,0.01,,0.3009154052272688,0.00015578947368421052,19903.382147528,7.789473684210526e-05,6300,1776835566.1805737,i6j0o3mw,2,dagformer-1b,finished,2026-04-21T23:57:59Z
1.6399300706305648,166243.52049614696,,3.3720703125,1,,3.308781568,0.11073844835306496,0,3.3720703125,0.01,,0.22688572336587876,0.0001553684210526316,20120.190585569,7.76842105263158e-05,6310,1776835782.982721,i6j0o3mw,2,dagformer-1b,finished,2026-04-21T23:57:59Z
1.6330245542872097,164712.7029014191,,3.3330078125,1,,3.314024448,0.11472645706132062,0,3.3330078125,0.01,,0.28344118045213224,0.00015494736842105265,20337.137838378,7.747368421052633e-05,6320,1776835999.7910917,i6j0o3mw,2,dagformer-1b,finished,2026-04-21T23:57:59Z
1.6261285816011202,163213.40928906953,,3.22802734375,1,,3.319267328,0.11295556201516493,0,3.22802734375,0.01,,0.1834292822641935,0.00015452631578947366,20554.245403886,7.726315789473683e-05,6330,1776836216.7383375,i6j0o3mw,2,dagformer-1b,finished,2026-04-21T23:57:59Z
1.6192422206327626,161744.50401881704,,3.20458984375,1,,3.324510208,0.11813744710045794,0,3.20458984375,0.01,,0.19788624571183888,0.00015410526315789476,20771.459024914,7.705263157894738e-05,6340,1776836433.845892,i6j0o3mw,2,dagformer-1b,finished,2026-04-21T23:57:59Z
1.6123655393477394,160305.48844611875,,3.427734375,1,,3.329753088,0.12002172309402781,0,3.427734375,0.01,,0.2619897433978379,0.0001536842105263158,20988.338961298,7.68421052631579e-05,6350,1776836651.0595257,i6j0o3mw,2,dagformer-1b,finished,2026-04-21T23:57:59Z
1.6054986056161187,158898.78370270354,,3.4423828125,1,,3.334995968,0.11059602334119782,0,3.4423828125,0.01,,0.16556839822812305,0.00015326315789473686,21204.950294345,7.663157894736843e-05,6360,1776836867.9394765,i6j0o3mw,2,dagformer-1b,finished,2026-04-21T23:57:59Z
1.5986414872117638,157522.85033069487,,3.3984375,1,,3.340238848,0.11624719724096827,0,3.3984375,0.01,,0.4124156804138856,0.0001528421052631579,21421.801555863,7.642105263157895e-05,6370,1776837084.5508137,i6j0o3mw,2,dagformer-1b,finished,2026-04-21T23:57:59Z
1.591794251811665,156172.9930613824,,3.39990234375,1,,3.345481728,0.11612193029662886,0,3.39990234375,0.01,,0.2722082307417924,0.00015242105263157897,21638.944601323,7.621052631578948e-05,6380,1776837301.4021654,i6j0o3mw,2,dagformer-1b,finished,2026-04-21T23:57:59Z
1.5849569669952723,154848.10246847747,,3.333984375,1,,3.350724608,0.10853909082521106,0,3.333984375,0.01,,0.2624967878918209,0.000152,21856.336907608,7.6e-05,6390,1776837518.5451195,i6j0o3mw,2,dagformer-1b,finished,2026-04-21T23:57:59Z
1.5781297002438255,153547.78759636742,,3.44091796875,1,,3.355967488,0.11895452462583236,0,3.44091796875,0.01,,0.2517278221690444,0.00015157894736842105,22073.166839337,7.578947368421052e-05,6400,1776837735.937418,i6j0o3mw,2,dagformer-1b,finished,2026-04-21T23:57:59Z
1.5713125189396921,152276.96574368942,,3.4169921875,1,,3.361210368,0.12028035182632527,0,3.4169921875,0.01,,0.2158758043305266,0.00015115789473684211,22289.763490683,7.557894736842106e-05,6410,1776837952.7673502,i6j0o3mw,2,dagformer-1b,finished,2026-04-21T23:57:59Z
1.564505490365698,151032.44906387667,,3.38916015625,1,,3.366453248,0.11928816181610269,0,3.38916015625,0.01,,0.3558722889184629,0.00015073684210526315,22506.618570517,7.536842105263158e-05,6420,1776838169.364017,i6j0o3mw,2,dagformer-1b,finished,2026-04-21T23:57:59Z
1.557708681704469,149810.1641939753,,3.4599609375,1,,3.371696128,0.11734326558804246,0,3.4599609375,0.01,,0.4029977656635444,0.00015031578947368422,22723.684848138,7.515789473684211e-05,6430,1776838386.2190964,i6j0o3mw,2,dagformer-1b,finished,2026-04-21T23:57:59Z
1.5509221600377616,148609.8300101335,,3.39990234375,1,,3.376939008,0.11877267311782772,0,3.39990234375,0.01,,0.31662627658680503,0.00014989473684210526,22941.153556557,7.494736842105263e-05,6440,1776838603.2853694,i6j0o3mw,2,dagformer-1b,finished,2026-04-21T23:57:59Z
1.5441459923458034,147429.623799415,,3.484375,1,,3.382181888,0.10926691726548536,0,3.484375,0.01,,0.2548477016864059,0.00014947368421052635,23158.200171618,7.473684210526318e-05,6450,1776838820.754063,i6j0o3mw,2,dagformer-1b,finished,2026-04-21T23:57:59Z
1.5373802455066368,146274.24778643623,,3.45458984375,1,,3.387424768,0.11289740879488486,0,3.45458984375,0.01,,0.293438278418859,0.00014905263157894737,23374.86790673,7.452631578947368e-05,6460,1776839037.800683,i6j0o3mw,2,dagformer-1b,finished,2026-04-21T23:57:59Z
1.5306249862954497,145142.68122170426,,3.35595703125,1,,3.392667648,0.11730127769957276,0,3.35595703125,0.01,,0.4135017269382145,0.0001486315789473684,23591.669395042,7.43157894736842e-05,6470,1776839254.4684365,i6j0o3mw,2,dagformer-1b,finished,2026-04-21T23:57:59Z
1.523880281383923,144031.0838308334,,3.44287109375,1,,3.397910528,0.11280755009855566,0,3.44287109375,0.01,,0.19429942372321407,0.0001482105263157895,23808.69705369,7.410526315789475e-05,6480,1776839471.2698987,i6j0o3mw,2,dagformer-1b,finished,2026-04-21T23:57:59Z
1.5171461973395717,142938.3726388735,,3.45849609375,1,,3.403153408,0.11186880583684777,0,3.45849609375,0.01,,0.2569696834240039,0.0001477894736842105,24025.984502771,7.389473684210526e-05,6490,1776839688.2975683,i6j0o3mw,2,dagformer-1b,finished,2026-04-21T23:57:59Z
1.5104228006250877,141863.86851037934,0.0,3.4951171875,1,0.0,3.408396288,0.11410065372412136,0,3.4951171875,0.01,0.0,0.23176981903918728,0.0001473684210526316,24248.86376474,7.36842105263158e-05,6500,1776839905.5866458,i6j0o3mw,2,dagformer-1b,finished,2026-04-21T23:57:59Z
1.5037101575976806,140776.15588895467,,3.3623046875,1,,3.413639168,0.11121095208407712,0,3.3623046875,0.01,,0.2744001143677149,0.00014694736842105265,24465.625669675,7.347368421052632e-05,6510,1776840128.4642866,i6j0o3mw,2,dagformer-1b,finished,2026-04-21T23:57:59Z
1.497008334508429,139743.18743334897,,3.47314453125,1,,3.418882048,0.1139120301287436,0,3.47314453125,0.01,,0.30444833278974603,0.0001465263157894737,24682.38489312,7.326315789473686e-05,6520,1776840345.226187,i6j0o3mw,2,dagformer-1b,finished,2026-04-21T23:57:59Z
1.4903173975016202,138728.37980215735,,3.47314453125,1,,3.424124928,0.11343840023817367,0,3.47314453125,0.01,,0.24620000382176566,0.00014610526315789475,24899.432670879,7.305263157894738e-05,6530,1776840561.985396,i6j0o3mw,2,dagformer-1b,finished,2026-04-21T23:57:59Z
1.4836374126140999,137729.64352355886,,3.48876953125,1,,3.429367808,0.11087052471884744,0,3.48876953125,0.01,,0.21426157098111046,0.0001456842105263158,25116.777482805,7.28421052631579e-05,6540,1776840779.0331879,i6j0o3mw,2,dagformer-1b,finished,2026-04-21T23:57:59Z
1.4769684457746242,136746.55118226536,,3.45849609375,1,,3.434610688,0.1272378908375794,0,3.45849609375,0.01,,0.275094363198705,0.00014526315789473686,25334.130179966,7.263157894736843e-05,6550,1776840996.3779995,i6j0o3mw,2,dagformer-1b,finished,2026-04-21T23:57:59Z
1.4703105628032025,135780.28475271905,,3.3701171875,1,,3.439853568,0.11437375049526227,0,3.3701171875,0.01,,0.395296745569611,0.0001448421052631579,25550.853098822,7.242105263157895e-05,6560,1776841213.7306874,i6j0o3mw,2,dagformer-1b,finished,2026-04-21T23:57:59Z
1.463663829410451,134833.78090585573,,3.42431640625,1,,3.445096448,0.11552365155047074,0,3.42431640625,0.01,,0.32889333954335104,0.00014442105263157896,25767.4077586,7.221052631578948e-05,6570,1776841430.453623,i6j0o3mw,2,dagformer-1b,finished,2026-04-21T23:57:59Z
1.4570283111969466,133904.0739458408,,3.4609375,1,,3.450339328,0.11331544642467571,0,3.4609375,0.01,,0.3046803235081961,0.000144,25984.391253275,7.2e-05,6580,1776841647.008268,i6j0o3mw,2,dagformer-1b,finished,2026-04-21T23:57:59Z
1.4504040736525736,132987.66883964653,,3.4482421875,1,,3.455582208,0.10789079414239278,0,3.4482421875,0.01,,0.24601302183871815,0.00014357894736842107,26201.716274883,7.178947368421054e-05,6590,1776841863.991772,i6j0o3mw,2,dagformer-1b,finished,2026-04-21T23:57:59Z
1.4437911821558829,132084.7199184368,,3.42333984375,1,,3.460825088,0.10980952791579102,0,3.42333984375,0.01,,0.20969588510608658,0.0001431578947368421,26419.179043044,7.157894736842105e-05,6600,1776842081.3167787,i6j0o3mw,2,dagformer-1b,finished,2026-04-21T23:57:59Z
1.4371897019734448,131195.94249114595,,3.28857421875,1,,3.466067968,0.11355430134620323,0,3.28857421875,0.01,,0.24201195519336013,0.00014273684210526315,26636.088778556,7.136842105263157e-05,6610,1776842298.779509,i6j0o3mw,2,dagformer-1b,finished,2026-04-21T23:57:59Z
1.4305996982592029,130324.38187008252,,3.396484375,1,,3.471310848,0.1175263221465813,0,3.396484375,0.01,,0.3402887938087519,0.00014231578947368422,26852.779407115,7.115789473684211e-05,6620,1776842515.6893058,i6j0o3mw,2,dagformer-1b,finished,2026-04-21T23:57:59Z
1.4240212360538322,129467.9601089895,,3.4462890625,1,,3.476553728,0.11943743594099902,0,3.4462890625,0.01,,0.23446741497693258,0.00014189473684210526,27069.819005928,7.094736842105263e-05,6630,1776842732.3799164,i6j0o3mw,2,dagformer-1b,finished,2026-04-21T23:57:59Z
1.4174543802841004,128623.59040978822,,3.42138671875,1,,3.481796608,0.11138644120310118,0,3.42138671875,0.01,,0.21243639605813938,0.00014147368421052635,27287.118041344,7.073684210526317e-05,6640,1776842949.4195282,i6j0o3mw,2,dagformer-1b,finished,2026-04-21T23:57:59Z
1.4108991957622217,127791.43818213865,,3.34521484375,1,,3.487039488,0.11439264280338048,0,3.34521484375,0.01,,0.30668466012539125,0.00014105263157894736,27504.663645839,7.052631578947368e-05,6650,1776843166.7185416,i6j0o3mw,2,dagformer-1b,finished,2026-04-21T23:57:59Z
1.404355747185222,126971.29600605638,,3.42138671875,1,,3.492282368,0.10867752448613159,0,3.42138671875,0.01,,0.18943964288149423,0.00014063157894736846,27721.74267437,7.031578947368423e-05,6660,1776843384.2641368,i6j0o3mw,2,dagformer-1b,finished,2026-04-21T23:57:59Z
1.3978240991342967,126166.15048051023,,3.37158203125,1,,3.497525248,0.11688823647258974,0,3.37158203125,0.01,,0.27188347894630654,0.00014021052631578947,27938.350541147,7.010526315789473e-05,6670,1776843601.3431833,i6j0o3mw,2,dagformer-1b,finished,2026-04-21T23:57:59Z
1.391304316074174,125375.62999938763,,3.3291015625,1,,3.502768128,0.11211848370992533,0,3.3291015625,0.01,,0.22055985743463233,0.0001397894736842105,28155.231836315,6.989473684210525e-05,6680,1776843817.9510424,i6j0o3mw,2,dagformer-1b,finished,2026-04-21T23:57:59Z
1.3847964623524824,124596.06371008587,,3.39306640625,1,,3.508011008,0.1107441142263771,0,3.39306640625,0.01,,0.317638909075665,0.0001393684210526316,28372.371796062,6.96842105263158e-05,6690,1776844034.8323407,i6j0o3mw,2,dagformer-1b,finished,2026-04-21T23:57:59Z
1.3783006021991087,123827.28577691027,,3.39453125,1,,3.513253888,0.11177495273999925,0,3.39453125,0.01,,0.2684096249319885,0.00013894736842105261,28589.712745509,6.947368421052631e-05,6700,1776844251.972305,i6j0o3mw,2,dagformer-1b,finished,2026-04-21T23:57:59Z
1.3718167997255715,123069.32160010094,,3.38232421875,1,,3.518496768,0.10983966653794984,0,3.38232421875,0.01,,0.31788563085338867,0.0001385263157894737,28806.711209757,6.926315789473685e-05,6710,1776844469.3132684,i6j0o3mw,2,dagformer-1b,finished,2026-04-21T23:57:59Z
1.3653451189243841,122324.2495592865,,3.33056640625,1,,3.523739648,0.109128648436565,0,3.33056640625,0.01,,0.3370212937646995,0.00013810526315789475,29023.210050721,6.905263157894737e-05,6720,1776844686.3117127,i6j0o3mw,2,dagformer-1b,finished,2026-04-21T23:57:59Z
1.3588856236684228,121592.41107907316,,3.38134765625,1,,3.528982528,0.11014316132546004,0,3.38134765625,0.01,,0.18920938103255777,0.00013768421052631581,29239.89425668,6.884210526315791e-05,6730,1776844902.8105562,i6j0o3mw,2,dagformer-1b,finished,2026-04-21T23:57:59Z
1.352438377710297,120870.64438877572,,3.45068359375,1,,3.534225408,0.11656054964323236,0,3.45068359375,0.01,,0.2638353411958764,0.00013726315789473685,29456.847913767,6.863157894736843e-05,6740,1776845119.4947731,i6j0o3mw,2,dagformer-1b,finished,2026-04-21T23:57:59Z
1.3460034446817228,120158.39800983264,,3.2568359375,1,,3.539468288,0.1108168676992764,0,3.2568359375,0.01,,0.23732638590816327,0.0001368421052631579,29674.308920394,6.842105263157895e-05,6750,1776845336.4484138,i6j0o3mw,2,dagformer-1b,finished,2026-04-21T23:57:59Z
1.3395808880928908,119454.52208437627,,3.599609375,1,,3.544711168,0.11317224197848208,0,3.599609375,0.01,,0.26344868810019684,0.00013642105263157896,29891.538735368,6.821052631578948e-05,6760,1776845553.9094362,i6j0o3mw,2,dagformer-1b,finished,2026-04-21T23:57:59Z
1.3331707713318406,118761.80676841516,,3.44287109375,1,,3.549954048,0.10758472675199168,0,3.44287109375,0.01,,0.3486980907590311,0.000136,30108.357651877,6.8e-05,6770,1776845771.1392505,i6j0o3mw,2,dagformer-1b,finished,2026-04-21T23:57:59Z
1.3267731576638386,118080.69972574092,,3.37158203125,1,,3.555196928,0.1086724101241035,0,3.37158203125,0.01,,0.20414962113599625,0.00013557894736842107,30325.057605065,6.778947368421053e-05,6780,1776845987.9581625,i6j0o3mw,2,dagformer-1b,finished,2026-04-21T23:57:59Z
1.320388110230748,117409.79430605128,,3.630859375,1,,3.560439808,0.11216218418280763,0,3.630859375,0.01,,0.21715723537033954,0.0001351578947368421,30542.043735585,6.757894736842105e-05,6790,1776846204.658105,i6j0o3mw,2,dagformer-1b,finished,2026-04-21T23:57:59Z
1.3140156920504085,116747.31031440444,,3.37451171875,1,,3.565682688,0.10808726455439939,0,3.37451171875,0.01,,0.27097031957268586,0.00013473684210526317,30759.223548597,6.736842105263159e-05,6800,1776846421.6443546,i6j0o3mw,2,dagformer-1b,finished,2026-04-21T23:57:59Z
1.3076559660160154,116093.44543317646,,3.41748046875,1,,3.570925568,0.11071359185982232,0,3.41748046875,0.01,,0.23057258343551634,0.0001343157894736842,30976.51089049,6.71578947368421e-05,6810,1776846638.8240757,i6j0o3mw,2,dagformer-1b,finished,2026-04-21T23:57:59Z
1.3013089948954981,115448.34873959071,,3.41259765625,1,,3.576168448,0.11114645147165474,0,3.41259765625,0.01,,0.2303170591448326,0.00013389473684210525,31193.155099587,6.694736842105263e-05,6820,1776846856.1113994,i6j0o3mw,2,dagformer-1b,finished,2026-04-21T23:57:59Z
1.2949748413308977,114814.60565948543,,3.29931640625,1,,3.581411328,0.10684604106510794,0,3.29931640625,0.01,,0.3835003735637448,0.00013347368421052632,31409.699937225,6.673684210526316e-05,6830,1776847072.75562,i6j0o3mw,2,dagformer-1b,finished,2026-04-21T23:57:59Z
1.2886535678377542,114189.96660429273,,3.39453125,1,,3.586654208,0.11072922278194709,0,3.39453125,0.01,,0.21912278764562548,0.00013305263157894736,31626.623566051,6.652631578947368e-05,6840,1776847289.3004634,i6j0o3mw,2,dagformer-1b,finished,2026-04-21T23:57:59Z
1.282345236804484,113572.5205638901,,3.40966796875,1,,3.591897088,0.10848083859155232,0,3.40966796875,0.01,,0.28615361507155024,0.00013263157894736845,31843.999054238,6.631578947368423e-05,6850,1776847506.224086,i6j0o3mw,2,dagformer-1b,finished,2026-04-21T23:57:59Z
1.2760499104917675,112961.88443736415,,3.39892578125,1,,3.597139968,0.11277447865903037,0,3.39892578125,0.01,,0.317140451609488,0.00013221052631578946,32061.447858848,6.610526315789473e-05,6860,1776847723.5995672,i6j0o3mw,2,dagformer-1b,finished,2026-04-21T23:57:59Z
1.2697676510319345,112359.27218388088,,3.2568359375,1,,3.602382848,0.11306913887194224,0,3.2568359375,0.01,,0.2813443597454178,0.00013178947368421056,32278.356917246,6.589473684210528e-05,6870,1776847941.0483456,i6j0o3mw,2,dagformer-1b,finished,2026-04-21T23:57:59Z
1.2634985204283486,111766.64648690182,,3.243896484375,1,,3.607625728,0.11268784715084897,0,3.243896484375,0.01,,0.25514705106861685,0.0001313684210526316,32495.034535922,6.56842105263158e-05,6880,1776848157.957437,i6j0o3mw,2,dagformer-1b,finished,2026-04-21T23:57:59Z
1.2572425805547993,111182.72483938572,,3.3984375,1,,3.612868608,0.11192929402270096,0,3.3984375,0.01,,0.37495723725176155,0.0001309473684210526,32711.941037568,6.54736842105263e-05,6890,1776848374.6350453,i6j0o3mw,2,dagformer-1b,finished,2026-04-21T23:57:59Z
1.2509998931548871,110605.76492228145,,3.2958984375,1,,3.618111488,0.11387078174013653,0,3.2958984375,0.01,,0.20134780912541486,0.0001305263157894737,32929.146192022,6.526315789473685e-05,6900,1776848591.5416985,i6j0o3mw,2,dagformer-1b,finished,2026-04-21T23:57:59Z
1.2447705198414152,110035.40942487482,,3.50927734375,1,,3.623354368,0.11197966240589102,0,3.50927734375,0.01,,0.23900489590926688,0.00013010526315789474,33146.552786316,6.505263157894737e-05,6910,1776848808.7466974,i6j0o3mw,2,dagformer-1b,finished,2026-04-21T23:57:59Z
1.238554522095784,109471.86224728887,,3.42041015625,1,,3.628597248,0.11444088696439642,0,3.42041015625,0.01,,0.1927552090666604,0.0001296842105263158,33363.371787691,6.48421052631579e-05,6920,1776849026.1532824,i6j0o3mw,2,dagformer-1b,finished,2026-04-21T23:57:59Z
1.2323519612673828,108917.57840534826,,3.42529296875,1,,3.633840128,0.1084927180095849,0,3.42529296875,0.01,,0.19464893553709367,0.00012926315789473685,33580.00685878,6.463157894736842e-05,6930,1776849242.9722922,i6j0o3mw,2,dagformer-1b,finished,2026-04-21T23:57:59Z
1.2261628985729816,108371.0453508547,,3.39794921875,1,,3.639083008,0.12366957222756901,0,3.39794921875,0.01,,0.24306845469258573,0.00012884210526315792,33796.812677276,6.442105263157896e-05,6940,1776849459.6073759,i6j0o3mw,2,dagformer-1b,finished,2026-04-21T23:57:59Z
1.2199873950961313,107830.97437190323,,3.38671875,1,,3.644325888,0.11050254986736782,0,3.38671875,0.01,,0.270913366911371,0.00012842105263157895,34013.950999887,6.421052631578948e-05,6950,1776849676.4131896,i6j0o3mw,2,dagformer-1b,finished,2026-04-21T23:57:59Z
1.2138255117865582,107296.73865461593,,3.4296875,1,,3.649568768,0.1139067422350966,0,3.4296875,0.01,,0.2619606167053436,0.000128,34231.388897787,6.4e-05,6960,1776849893.551588,i6j0o3mw,2,dagformer-1b,finished,2026-04-21T23:57:59Z
1.2076773094595614,106768.34755501218,,3.2666015625,1,,3.654811648,0.12273998763413703,0,3.2666015625,0.01,,0.17381154257797235,0.00012757894736842106,34448.42536515,6.378947368421053e-05,6970,1776850110.989408,i6j0o3mw,2,dagformer-1b,finished,2026-04-21T23:57:59Z
1.2015428487954178,106247.86441458472,,3.34765625,1,,3.660054528,0.10987438683043306,0,3.34765625,0.01,,0.2646269159230615,0.0001271578947368421,34664.950851658,6.357894736842105e-05,6980,1776850328.0258732,i6j0o3mw,2,dagformer-1b,finished,2026-04-21T23:57:59Z
1.1954221903387765,105735.45779797537,,3.43798828125,1,,3.665297408,0.12107438774094581,0,3.43798828125,0.01,,0.4862460856779383,0.00012673684210526317,34881.722902862,6.336842105263158e-05,6990,1776850544.5513558,i6j0o3mw,2,dagformer-1b,finished,2026-04-21T23:57:59Z
1.1893153944980648,105228.66754741657,0.0,3.42724609375,1,0.0,3.670540288,0.10847672448927823,0,3.42724609375,0.01,0.0,0.16362929746704705,0.0001263157894736842,35104.725344767,6.31578947368421e-05,7000,1776850761.3250542,i6j0o3mw,2,dagformer-1b,finished,2026-04-21T23:57:59Z
1.1832225215448937,104709.55018908733,,3.3271484375,1,,3.675783168,0.11021392938689176,0,3.3271484375,0.01,,0.214576187473743,0.0001258947368421053,35322.123993675,6.294736842105265e-05,7010,1776850984.325861,i6j0o3mw,2,dagformer-1b,finished,2026-04-21T23:57:59Z
1.1771436316134578,104213.51846084061,,3.3056640625,1,,3.681026048,0.12305039906307058,0,3.3056640625,0.01,,0.22294093489515715,0.0001254736842105263,35539.380315855,6.273684210526316e-05,7020,1776851201.7244933,i6j0o3mw,2,dagformer-1b,finished,2026-04-21T23:57:59Z
1.1710787846999478,103723.97001672203,,3.3427734375,1,,3.686268928,0.10999135067088715,0,3.3427734375,0.01,,0.22431942382854628,0.00012505263157894735,35756.137747045,6.252631578947368e-05,7030,1776851418.980819,i6j0o3mw,2,dagformer-1b,finished,2026-04-21T23:57:59Z
1.1650280406619544,103241.81136114038,,3.43701171875,1,,3.691511808,0.11079303821900179,0,3.43701171875,0.01,,0.21779815250294335,0.00012463157894736845,35972.828690577,6.231578947368422e-05,7040,1776851635.7382443,i6j0o3mw,2,dagformer-1b,finished,2026-04-21T23:57:59Z
1.1589914592178785,102765.65290970569,,3.38916015625,1,,3.696754688,0.11310103518588846,0,3.38916015625,0.01,,0.2164425814526878,0.00012421052631578946,36189.833176444,6.210526315789473e-05,7050,1776851852.4291968,i6j0o3mw,2,dagformer-1b,finished,2026-04-21T23:57:59Z
1.1529690999463404,102294.31060407663,,3.36328125,1,,3.701997568,0.11244608744361813,0,3.36328125,0.01,,0.22647790780980992,0.00012378947368421055,36407.119826926,6.189473684210528e-05,7060,1776852069.4336944,i6j0o3mw,2,dagformer-1b,finished,2026-04-21T23:57:59Z
1.1469610222855968,101827.79787346999,,3.33349609375,1,,3.707240448,0.1151197613344948,0,3.33349609375,0.01,,0.18700253415147416,0.00012336842105263156,36624.651290557,6.168421052631578e-05,7070,1776852286.7203374,i6j0o3mw,2,dagformer-1b,finished,2026-04-21T23:57:59Z
1.1409672855329467,101366.1433423083,,3.314453125,1,,3.712483328,0.10966917837921523,0,3.314453125,0.01,,0.1799907714118374,0.00012294736842105266,36841.598411907,6.147368421052633e-05,7080,1776852504.251795,i6j0o3mw,2,dagformer-1b,finished,2026-04-21T23:57:59Z
1.134987948844154,100911.54034183356,,3.3173828125,1,,3.717726208,0.10923319694495952,0,3.3173828125,0.01,,0.21398125617454714,0.0001225263157894737,37058.210833665,6.126315789473685e-05,7090,1776852721.1989207,i6j0o3mw,2,dagformer-1b,finished,2026-04-21T23:57:59Z
1.1290230712328568,100463.16797222638,,3.3564453125,1,,3.722969088,0.11545970339979006,0,3.3564453125,0.01,,0.3256103080642526,0.0001221052631578947,37274.96229976,6.105263157894736e-05,7100,1776852937.8113492,i6j0o3mw,2,dagformer-1b,finished,2026-04-21T23:57:59Z
1.1230727115699883,100019.63348049515,,3.31591796875,1,,3.728211968,0.11398400703308126,0,3.31591796875,0.01,,0.2258729220045045,0.0001216842105263158,37491.83727767,6.08421052631579e-05,7110,1776853154.5628133,i6j0o3mw,2,dagformer-1b,finished,2026-04-21T23:57:59Z
1.1171369285831978,99580.89930146257,,3.34716796875,1,,3.733454848,0.11361370138999587,0,3.34716796875,0.01,,0.2276610838334995,0.00012126315789473683,37709.251959655,6.0631578947368415e-05,7120,1776853371.4378972,i6j0o3mw,2,dagformer-1b,finished,2026-04-21T23:57:59Z
1.1112157808562664,99145.792867562,,3.37841796875,1,,3.738697728,0.11484165878952853,0,3.37841796875,0.01,,0.2541386416591347,0.00012084210526315791,37926.736569854,6.0421052631578955e-05,7130,1776853588.8524601,i6j0o3mw,2,dagformer-1b,finished,2026-04-21T23:57:59Z
1.1053093268285294,98715.49325552302,,3.4384765625,1,,3.743940608,0.11254446945398215,0,3.4384765625,0.01,,0.22075872086629236,0.00012042105263157895,38143.528765086,6.0210526315789475e-05,7140,1776853806.3370914,i6j0o3mw,2,dagformer-1b,finished,2026-04-21T23:57:59Z
1.0994176247943075,98291.88409661001,,3.3974609375,1,,3.749183488,0.10899275971712809,0,3.3974609375,0.01,,0.25034792340712775,0.00012000000000000003,38360.141302315,6.0000000000000015e-05,7150,1776854023.1292694,i6j0o3mw,2,dagformer-1b,finished,2026-04-21T23:57:59Z
1.0935407329023192,97873.52181717136,,3.40185546875,1,,3.754426368,0.11017792816439993,0,3.40185546875,0.01,,0.1935504919018561,0.00011957894736842106,38577.056577996,5.978947368421053e-05,7160,1776854239.7418125,i6j0o3mw,2,dagformer-1b,finished,2026-04-21T23:57:59Z
1.0876787091551139,97459.09242797215,,3.3701171875,1,,3.759669248,0.10995579041101909,0,3.3701171875,0.01,,0.19134398232806202,0.0001191578947368421,38794.414735749,5.957894736842105e-05,7170,1776854456.657104,i6j0o3mw,2,dagformer-1b,finished,2026-04-21T23:57:59Z
1.0818316114085014,97048.19022711433,,3.38427734375,1,,3.764912128,0.11336702428080965,0,3.38427734375,0.01,,0.24928932422430825,0.00011873684210526316,39012.039873834,5.936842105263158e-05,7180,1776854674.0152304,i6j0o3mw,2,dagformer-1b,finished,2026-04-21T23:57:59Z
1.075999497370975,96641.20531685714,,3.30078125,1,,3.770155008,0.11186795510613859,0,3.30078125,0.01,,0.17244097546407172,0.0001183157894736842,39228.958461915,5.91578947368421e-05,7190,1776854891.6403883,i6j0o3mw,2,dagformer-1b,finished,2026-04-21T23:57:59Z
1.0701824246031446,96240.4691197431,,3.4365234375,1,,3.775397888,0.1116700032410442,0,3.4365234375,0.01,,0.16492047966803855,0.00011789473684210528,39445.632535558,5.894736842105264e-05,7200,1776855108.5589778,i6j0o3mw,2,dagformer-1b,finished,2026-04-21T23:57:59Z
1.0643804505171721,95844.73461819939,,3.43896484375,1,,3.780640768,0.11557423730308437,0,3.43896484375,0.01,,0.2935705886282634,0.00011747368421052631,39662.573538163,5.8736842105263154e-05,7210,1776855325.2330506,i6j0o3mw,2,dagformer-1b,finished,2026-04-21T23:57:59Z
1.0585936323761982,95452.6821732308,,3.34228515625,1,,3.785883648,0.10849735300142345,0,3.34228515625,0.01,,0.24248999869654728,0.00011705263157894739,39879.74393587,5.8526315789473694e-05,7220,1776855542.174052,i6j0o3mw,2,dagformer-1b,finished,2026-04-21T23:57:59Z
1.0528220272937812,95064.34733157745,,3.27783203125,1,,3.791126528,0.108375772367835,0,3.27783203125,0.01,,0.271845984886543,0.00011663157894736843,40097.192338259,5.8315789473684214e-05,7230,1776855759.3444479,i6j0o3mw,2,dagformer-1b,finished,2026-04-21T23:57:59Z
1.0470656922333343,94679.5629730972,,3.259765625,1,,3.796369408,0.1089479962251577,0,3.259765625,0.01,,0.2101154901103961,0.00011621052631578945,40314.1834014,5.810526315789473e-05,7240,1776855976.7928472,i6j0o3mw,2,dagformer-1b,finished,2026-04-21T23:57:59Z
1.0413246840075594,94299.9989703288,,3.36865234375,1,,3.801612288,0.11051358090371707,0,3.36865234375,0.01,,0.2831356007557393,0.00011578947368421053,40530.91364427,5.789473684210527e-05,7250,1776856193.7839236,i6j0o3mw,2,dagformer-1b,finished,2026-04-21T23:57:59Z
1.0355990592778905,93925.10418684848,,3.205810546875,1,,3.806855168,0.11443145645984631,0,3.205810546875,0.01,,0.26621190731608074,0.00011536842105263157,40747.706543895,5.768421052631579e-05,7260,1776856410.5141568,i6j0o3mw,2,dagformer-1b,finished,2026-04-21T23:57:59Z
1.0298888745539336,93554.05293887547,,3.45556640625,1,,3.812098048,0.11907963643564687,0,3.45556640625,0.01,,0.2191084331467582,0.00011494736842105265,40964.741429068,5.747368421052633e-05,7270,1776856627.3070645,i6j0o3mw,2,dagformer-1b,finished,2026-04-21T23:57:59Z
1.024194186192905,93186.37913629688,,3.27587890625,1,,3.817340928,0.11199876717285372,0,3.27587890625,0.01,,0.2597167749160938,0.00011452631578947368,41182.075025334,5.726315789473684e-05,7280,1776856844.3419292,i6j0o3mw,2,dagformer-1b,finished,2026-04-21T23:57:59Z
1.0185150503990794,92821.90699591862,,3.28369140625,1,,3.822583808,0.11425947875229164,0,3.28369140625,0.01,,0.28749023305622284,0.00011410526315789476,41399.611673087,5.705263157894738e-05,7290,1776857061.675542,i6j0o3mw,2,dagformer-1b,finished,2026-04-21T23:57:59Z
1.0128515232232358,92460.8083815543,,3.39794921875,1,,3.827826688,0.11218116461383498,0,3.39794921875,0.01,,0.22699109698407688,0.0001136842105263158,41616.512526579,5.68421052631579e-05,7300,1776857279.2121854,i6j0o3mw,2,dagformer-1b,finished,2026-04-21T23:57:59Z
1.0072036605620993,92104.89167580735,,3.37451171875,1,,3.833069568,0.11032717951712517,0,3.37451171875,0.01,,0.17815857700572782,0.00011326315789473683,41833.344666308,5.663157894736841e-05,7310,1776857496.113051,i6j0o3mw,2,dagformer-1b,finished,2026-04-21T23:57:59Z
1.0015715181577962,91752.8168375502,,3.26171875,1,,3.838312448,0.10696104467195627,0,3.26171875,0.01,,0.19133276298656626,0.0001128421052631579,42050.276693291,5.642105263157895e-05,7320,1776857712.945181,i6j0o3mw,2,dagformer-1b,finished,2026-04-21T23:57:59Z
0.9959551515972973,91404.15579777437,,3.3662109375,1,,3.843555328,0.11741728563581316,0,3.3662109375,0.01,,0.1721927606956047,0.00011242105263157893,42267.553726104,5.6210526315789466e-05,7330,1776857929.8772206,i6j0o3mw,2,dagformer-1b,finished,2026-04-21T23:57:59Z
0.9903546163118719,91058.33000266034,,3.4580078125,1,,3.848798208,0.11271142991669925,0,3.4580078125,0.01,,0.31345567993021095,0.00011200000000000001,42485.099126202,5.6000000000000006e-05,7340,1776858147.15424,i6j0o3mw,2,dagformer-1b,finished,2026-04-21T23:57:59Z
0.9847699675765447,90715.46886819114,,3.3671875,1,,3.854041088,0.11256054838006685,0,3.3671875,0.01,,0.23923507613792283,0.00011157894736842105,42702.135508586,5.5789473684210526e-05,7350,1776858364.699665,i6j0o3mw,2,dagformer-1b,finished,2026-04-21T23:57:59Z
0.9792012605095413,90377.17803679752,,3.30224609375,1,,3.859283968,0.10957420630402726,0,3.30224609375,0.01,,0.16694925671978375,0.00011115789473684213,42918.874439064,5.5578947368421066e-05,7360,1776858581.7361352,i6j0o3mw,2,dagformer-1b,finished,2026-04-21T23:57:59Z
0.9736485500717542,90042.93300816676,,3.419921875,1,,3.864526848,0.10784701739737385,0,3.419921875,0.01,,0.31394486863368903,0.00011073684210526316,43135.614350586,5.536842105263158e-05,7370,1776858798.4749722,i6j0o3mw,2,dagformer-1b,finished,2026-04-21T23:57:59Z
0.9681118910661939,89712.04469022615,,3.16650390625,1,,3.869769728,0.11767072139995803,0,3.16650390625,0.01,,0.2172373087579885,0.0001103157894736842,43352.625749308,5.51578947368421e-05,7380,1776859015.2148614,i6j0o3mw,2,dagformer-1b,finished,2026-04-21T23:57:59Z
0.9625913381374487,89383.90527536732,,3.33251953125,1,,3.875012608,0.11367145630228272,0,3.33251953125,0.01,,0.2063424936125643,0.00010989473684210528,43569.870943434,5.494736842105264e-05,7390,1776859232.2262533,i6j0o3mw,2,dagformer-1b,finished,2026-04-21T23:57:59Z
0.9570869457711471,89058.55670644886,,3.3251953125,1,,3.880255488,0.1132329477162556,0,3.3251953125,0.01,,0.22797378075940883,0.0001094736842105263,43786.98931875,5.473684210526315e-05,7400,1776859449.471458,i6j0o3mw,2,dagformer-1b,finished,2026-04-21T23:57:59Z
0.9515987682934204,88736.69328664371,,3.41015625,1,,3.885498368,0.10893137677293299,0,3.41015625,0.01,,0.17378453640921748,0.00010905263157894738,44003.755577311,5.452631578947369e-05,7410,1776859666.5898626,i6j0o3mw,2,dagformer-1b,finished,2026-04-21T23:57:59Z
0.9461268598703643,88418.71402075916,,3.39111328125,1,,3.890741248,0.11083079594602203,0,3.39111328125,0.01,,0.17802469691788303,0.00010863157894736842,44220.465548882,5.431578947368421e-05,7420,1776859883.3561091,i6j0o3mw,2,dagformer-1b,finished,2026-04-21T23:57:59Z
0.9406712745075048,88103.96405574968,,3.33642578125,1,,3.895984128,0.11024227392819369,0,3.33642578125,0.01,,0.22108839859187265,0.00010821052631578949,44437.346491317,5.4105263157894745e-05,7430,1776860100.0661116,i6j0o3mw,2,dagformer-1b,finished,2026-04-21T23:57:59Z
0.9352320660492683,87791.94637094747,,3.44287109375,1,,3.901227008,0.10815711178082227,0,3.44287109375,0.01,,0.2015070834443589,0.00010778947368421053,44654.71798001,5.3894736842105265e-05,7440,1776860316.9470124,i6j0o3mw,2,dagformer-1b,finished,2026-04-21T23:57:59Z
0.9298092881784465,87481.9983349946,,3.345703125,1,,3.906469888,0.11194924456087435,0,3.345703125,0.01,,0.20337435595697334,0.00010736842105263157,44871.910438243,5.3684210526315784e-05,7450,1776860534.3185587,i6j0o3mw,2,dagformer-1b,finished,2026-04-21T23:57:59Z
0.924402994415666,87175.40109631974,,3.3818359375,1,,3.911712768,0.10793669383764713,0,3.3818359375,0.01,,0.2849705245841764,0.00010694736842105264,45088.58322381,5.347368421052632e-05,7460,1776860751.511084,i6j0o3mw,2,dagformer-1b,finished,2026-04-21T23:57:59Z
0.9190132381188647,86872.75930045682,,3.34716796875,1,,3.916955648,0.11339933563048786,0,3.34716796875,0.01,,0.24647619510090876,0.00010652631578947368,45305.253679081,5.326315789473684e-05,7470,1776860968.1837723,i6j0o3mw,2,dagformer-1b,finished,2026-04-21T23:57:59Z
0.9136400724827622,86573.01633767804,,3.29248046875,1,,3.922198528,0.11172142672207655,0,3.29248046875,0.01,,0.235084723969884,0.00010610526315789476,45522.302233233,5.305263157894738e-05,7480,1776861184.854239,i6j0o3mw,2,dagformer-1b,finished,2026-04-21T23:57:59Z
0.9082835505383324,86275.40988923228,,2.994873046875,1,,3.927441408,0.15773979530244767,0,2.994873046875,0.01,,0.22382500448812204,0.00010568421052631578,45739.628700942,5.284210526315789e-05,7490,1776861401.9028592,i6j0o3mw,2,dagformer-1b,finished,2026-04-21T23:57:59Z
0.902943725152286,85980.10625333384,0.0,3.33447265625,1,0.0,3.932684288,0.10776804832680299,0,3.33447265625,0.01,0.0,0.26671291570373223,0.00010526315789473686,45962.887010833,5.263157894736843e-05,7500,1776861619.230871,i6j0o3mw,2,dagformer-1b,finished,2026-04-21T23:57:59Z
0.8976206490265433,85676.53617678345,,3.055908203125,1,,3.937927168,0.17339214041842224,0,3.055908203125,0.01,,0.4647595774661213,0.0001048421052631579,46179.911713895,5.242105263157895e-05,7510,1776861842.4875906,i6j0o3mw,2,dagformer-1b,finished,2026-04-21T23:57:59Z
0.8923143746977151,85387.42577127527,,3.31201171875,1,,3.943170048,0.11555243741510046,0,3.31201171875,0.01,,0.22691427401799005,0.00010442105263157893,46396.610732985,5.2210526315789463e-05,7520,1776862059.5122335,i6j0o3mw,2,dagformer-1b,finished,2026-04-21T23:57:59Z
0.8870249545365891,85101.6175504549,,3.38818359375,1,,3.948412928,0.10932135088080232,0,3.38818359375,0.01,,0.32665991424009777,0.00010400000000000001,46613.476393938,5.2000000000000004e-05,7530,1776862276.2112455,i6j0o3mw,2,dagformer-1b,finished,2026-04-21T23:57:59Z
0.8817524407476052,84818.16338683545,,3.36572265625,1,,3.953655808,0.10736070783729765,0,3.36572265625,0.01,,0.16527839472314249,0.00010357894736842105,46830.609089797,5.178947368421052e-05,7540,1776862493.0769022,i6j0o3mw,2,dagformer-1b,finished,2026-04-21T23:57:59Z
0.876496885368347,84536.85240272204,,3.25244140625,1,,3.958898688,0.11142769582254387,0,3.25244140625,0.01,,0.2208523350256727,0.00010315789473684211,47048.085349838,5.157894736842106e-05,7550,1776862710.2095995,i6j0o3mw,2,dagformer-1b,finished,2026-04-21T23:57:59Z
0.8712583402690242,84257.52275012576,,3.37841796875,1,,3.964141568,0.10849271099196389,0,3.37841796875,0.01,,0.28914349178363397,0.00010273684210526315,47265.1041024,5.1368421052631576e-05,7560,1776862927.6858673,i6j0o3mw,2,dagformer-1b,finished,2026-04-21T23:57:59Z
0.8660368571519605,83981.57682462958,,3.3818359375,1,,3.969384448,0.10791673326872522,0,3.3818359375,0.01,,0.22279146892566237,0.00010231578947368423,47481.878060786,5.1157894736842117e-05,7570,1776863144.7046142,i6j0o3mw,2,dagformer-1b,finished,2026-04-21T23:57:59Z
0.860832487551088,83708.58438603714,,3.36279296875,1,,3.974627328,0.11188800515708569,0,3.36279296875,0.01,,0.21200022335433627,0.00010189473684210526,47698.798560862,5.094736842105263e-05,7580,1776863361.4785643,i6j0o3mw,2,dagformer-1b,finished,2026-04-21T23:57:59Z
0.8556452828314334,83437.81737817117,,3.3486328125,1,,3.979870208,0.10976241903571372,0,3.3486328125,0.01,,0.38405492527394025,0.0001014736842105263,47915.793790826,5.073684210526315e-05,7590,1776863578.399066,i6j0o3mw,2,dagformer-1b,finished,2026-04-21T23:57:59Z
0.850475294188612,83169.37207251535,,3.2890625,1,,3.985113088,0.12361249248768809,0,3.2890625,0.01,,0.4417168500963275,0.00010105263157894738,48133.052172039,5.052631578947369e-05,7600,1776863795.3942978,i6j0o3mw,2,dagformer-1b,finished,2026-04-21T23:57:59Z
0.8453225726483262,82902.89412195847,,3.3984375,1,,3.990355968,0.11879663887126415,0,3.3984375,0.01,,0.19482167231518976,0.0001006315789473684,48350.440552891,5.03157894736842e-05,7610,1776864012.65264,i6j0o3mw,2,dagformer-1b,finished,2026-04-21T23:57:59Z
0.8401871690658564,82638.58830209186,,3.44775390625,1,,3.995598848,0.10831869725947094,0,3.44775390625,0.01,,0.16809080551255895,0.00010021052631578949,48567.450308814,5.010526315789474e-05,7620,1776864230.041068,i6j0o3mw,2,dagformer-1b,finished,2026-04-21T23:57:59Z
0.8350691341255618,82377.2909614522,,3.294921875,1,,4.000841728,0.11131129790629347,0,3.294921875,0.01,,0.2088481638129709,9.978947368421052e-05,48784.210937828,4.989473684210526e-05,7630,1776864447.0508242,i6j0o3mw,2,dagformer-1b,finished,2026-04-21T23:57:59Z
0.8299685183403829,82118.73799930682,,3.3564453125,1,,4.006084608,0.10838479829541063,0,3.3564453125,0.01,,0.4054823986644445,9.93684210526316e-05,49001.30028242,4.96842105263158e-05,7640,1776864663.811446,i6j0o3mw,2,dagformer-1b,finished,2026-04-21T23:57:59Z
0.8248853720513374,81861.92293260721,,3.44091796875,1,,4.011327488,0.11009597724521034,0,3.44091796875,0.01,,0.26881472960845865,9.894736842105263e-05,49218.4525933,4.9473684210526315e-05,7650,1776864880.9007838,i6j0o3mw,2,dagformer-1b,finished,2026-04-21T23:57:59Z
0.8198197454270262,81607.26918259267,,3.4267578125,1,,4.016570368,0.11020815948847339,0,3.4267578125,0.01,,0.18184128842850664,9.852631578947371e-05,49435.833360424,4.9263157894736855e-05,7660,1776865098.0531027,i6j0o3mw,2,dagformer-1b,finished,2026-04-21T23:57:59Z
0.8147716884631402,81354.47628491551,,3.326171875,1,,4.021813248,0.10998405205697069,0,3.326171875,0.01,,0.14987302563405142,9.810526315789475e-05,49652.847497201,4.9052631578947375e-05,7670,1776865315.4338868,i6j0o3mw,2,dagformer-1b,finished,2026-04-21T23:57:59Z
0.809741250981963,81104.49636682092,,3.3515625,1,,4.027056128,0.10994736135333931,0,3.3515625,0.01,,0.19083971374418474,9.768421052631578e-05,49869.539398914,4.884210526315789e-05,7680,1776865532.4480038,i6j0o3mw,2,dagformer-1b,finished,2026-04-21T23:57:59Z
0.8047284826318817,80857.21392319941,,3.3291015625,1,,4.032299008,0.10768717468888135,0,3.3291015625,0.01,,0.22435929756919418,9.726315789473686e-05,50086.439277018,4.863157894736843e-05,7690,1776865749.1399252,i6j0o3mw,2,dagformer-1b,finished,2026-04-21T23:57:59Z
0.799733432886897,80611.736638513,,3.31201171875,1,,4.037541888,0.10928339619865539,0,3.31201171875,0.01,,0.22644730408707836,9.68421052631579e-05,50303.617560316,4.842105263157895e-05,7700,1776865966.0398583,i6j0o3mw,2,dagformer-1b,finished,2026-04-21T23:57:59Z
0.794756151046133,80367.93201241031,,3.32568359375,1,,4.042784768,0.1087876265265057,0,3.32568359375,0.01,,0.16990799031127637,9.642105263157896e-05,50521.108000028,4.821052631578948e-05,7710,1776866183.218032,i6j0o3mw,2,dagformer-1b,finished,2026-04-21T23:57:59Z
0.7897966862333508,80125.72775954107,,3.3525390625,1,,4.048027648,0.11529410723205727,0,3.3525390625,0.01,,0.28799936587381314,9.6e-05,50738.372646053,4.8e-05,7720,1776866400.7085197,i6j0o3mw,2,dagformer-1b,finished,2026-04-21T23:57:59Z
0.7848550873964677,79885.9556439034,,3.35693359375,1,,4.053270528,0.10716876208220888,0,3.35693359375,0.01,,0.22516564277794016,9.557894736842108e-05,50955.129734473,4.778947368421054e-05,7730,1776866617.9731693,i6j0o3mw,2,dagformer-1b,finished,2026-04-21T23:57:59Z
0.7799314033070675,79649.02175277215,,3.31103515625,1,,4.058513408,0.10718375174853968,0,3.31103515625,0.01,,0.18256457455418557,9.515789473684211e-05,51171.935489785,4.7578947368421054e-05,7740,1776866834.7302334,i6j0o3mw,2,dagformer-1b,finished,2026-04-21T23:57:59Z
0.7750256825599258,79414.01926788966,,3.25048828125,1,,4.063756288,0.1271072366871145,0,3.25048828125,0.01,,0.20222921540112712,9.473684210526315e-05,51388.92187903,4.7368421052631574e-05,7750,1776867051.5360007,i6j0o3mw,2,dagformer-1b,finished,2026-04-21T23:57:59Z
0.7701379735725256,79180.72136555392,,3.37841796875,1,,4.068999168,0.11124849960507151,0,3.37841796875,0.01,,0.2184009844054355,9.431578947368423e-05,51606.247153877,4.7157894736842114e-05,7760,1776867268.5223472,i6j0o3mw,2,dagformer-1b,finished,2026-04-21T23:57:59Z
0.7652683245845804,78948.86710958774,,3.266845703125,1,,4.074242048,0.10931026151174178,0,3.266845703125,0.01,,0.43300086277922994,9.389473684210525e-05,51823.726631682,4.694736842105263e-05,7770,1776867485.8476675,i6j0o3mw,2,dagformer-1b,finished,2026-04-21T23:57:59Z
0.7604167836575606,78718.72345369819,,3.2431640625,1,,4.079484928,0.10894409783352729,0,3.2431640625,0.01,,0.2364377483243268,9.347368421052633e-05,52040.701408931,4.673684210526317e-05,7780,1776867703.3271682,i6j0o3mw,2,dagformer-1b,finished,2026-04-21T23:57:59Z
0.7555833986742162,78491.26390354888,,3.37158203125,1,,4.084727808,0.1104297126177604,0,3.37158203125,0.01,,0.18776067399655144,9.305263157894737e-05,52257.365573256,4.652631578947369e-05,7790,1776867920.301932,i6j0o3mw,2,dagformer-1b,finished,2026-04-21T23:57:59Z
0.7507682173381056,78266.15886665673,,3.35546875,1,,4.089970688,0.11256141321262671,0,3.35546875,0.01,,0.24652621517631887,9.263157894736844e-05,52474.197474531,4.631578947368422e-05,7800,1776868136.9660892,i6j0o3mw,2,dagformer-1b,finished,2026-04-21T23:57:59Z
0.7459712871731252,78042.66337247347,,3.33984375,1,,4.095213568,0.111640035747131,0,3.33984375,0.01,,0.20193652533701226,9.221052631578948e-05,52691.324267148,4.610526315789474e-05,7810,1776868353.7979815,i6j0o3mw,2,dagformer-1b,finished,2026-04-21T23:57:59Z
0.741192655523039,77820.57169360142,,3.44189453125,1,,4.100456448,0.11232240464504463,0,3.44189453125,0.01,,0.2611736244482541,9.178947368421052e-05,52908.776315505,4.589473684210526e-05,7820,1776868570.9247909,i6j0o3mw,2,dagformer-1b,finished,2026-04-21T23:57:59Z
0.7364323695510111,77599.82577264169,,3.18115234375,1,,4.105699328,0.11122889985508502,0,3.18115234375,0.01,,0.21146856681149492,9.136842105263159e-05,53126.017792502,4.568421052631579e-05,7830,1776868788.3768218,i6j0o3mw,2,dagformer-1b,finished,2026-04-21T23:57:59Z
0.7316904762391441,77381.19370316001,,3.380859375,1,,4.110942208,0.11160751602348402,0,3.380859375,0.01,,0.41565050414377475,9.094736842105263e-05,53342.797714982,4.547368421052631e-05,7840,1776869005.6183002,i6j0o3mw,2,dagformer-1b,finished,2026-04-21T23:57:59Z
0.7269670223880089,77165.00963457428,,3.31396484375,1,,4.116185088,0.10718297209852154,0,3.31396484375,0.01,,0.1782509686084429,9.05263157894737e-05,53559.557422398,4.526315789473685e-05,7850,1776869222.3982131,i6j0o3mw,2,dagformer-1b,finished,2026-04-21T23:57:59Z
0.7222620546161886,76950.60517797647,,3.33837890625,1,,4.121427968,0.11072300195304699,0,3.33837890625,0.01,,0.21030326835508129,9.010526315789473e-05,53776.630467386,4.5052631578947366e-05,7860,1776869439.1579392,i6j0o3mw,2,dagformer-1b,finished,2026-04-21T23:57:59Z
0.7175756193598162,76737.48175352706,,3.39404296875,1,,4.126670848,0.11200895250169356,0,3.39404296875,0.01,,0.21545856769478186,8.968421052631581e-05,53993.950277953,4.4842105263157906e-05,7870,1776869656.2309895,i6j0o3mw,2,dagformer-1b,finished,2026-04-21T23:57:59Z
0.7129077628721154,76525.72234745552,,3.37744140625,1,,4.131913728,0.10725960062473902,0,3.37744140625,0.01,,0.3086525684391865,8.926315789473685e-05,54211.578932873,4.4631578947368426e-05,7880,1776869873.5508032,i6j0o3mw,2,dagformer-1b,finished,2026-04-21T23:57:59Z
0.7082585312229441,76315.22574345536,,3.232421875,1,,4.137156608,0.12616388692914482,0,3.232421875,0.01,,0.1974440677226518,8.884210526315788e-05,54428.566133852,4.442105263157894e-05,7890,1776870091.1794412,i6j0o3mw,2,dagformer-1b,finished,2026-04-21T23:57:59Z
0.703627970298343,76107.30963359182,,3.2607421875,1,,4.142399488,0.11313494797371325,0,3.2607421875,0.01,,0.2971402459214444,8.842105263157896e-05,54645.296677777,4.421052631578948e-05,7900,1776870308.1666584,i6j0o3mw,2,dagformer-1b,finished,2026-04-21T23:57:59Z
0.6990161258000791,75901.4011411437,,3.35498046875,1,,4.147642368,0.11218951769855978,0,3.35498046875,0.01,,0.21336283017905666,8.8e-05,54862.105293347,4.4e-05,7910,1776870524.8972394,i6j0o3mw,2,dagformer-1b,finished,2026-04-21T23:57:59Z
0.694423043245195,75697.01170322965,,3.5751953125,1,,4.152885248,0.11200052242300501,0,3.5751953125,0.01,,0.17516557417732417,8.757894736842108e-05,55079.030187817,4.378947368421054e-05,7920,1776870741.7058053,i6j0o3mw,2,dagformer-1b,finished,2026-04-21T23:57:59Z
0.689848767965562,75494.07207504849,,3.31494140625,1,,4.158128128,0.11304104200222548,0,3.31494140625,0.01,,0.20352647402167065,8.71578947368421e-05,55296.46065322,4.357894736842105e-05,7930,1776870958.6306968,i6j0o3mw,2,dagformer-1b,finished,2026-04-21T23:57:59Z
0.6852933451074299,75292.03639732618,,3.2861328125,1,,4.163371008,0.10587886152092438,0,3.2861328125,0.01,,0.3373310622770663,8.673684210526318e-05,55513.678022015,4.336842105263159e-05,7940,1776871176.061169,i6j0o3mw,2,dagformer-1b,finished,2026-04-21T23:57:59Z
0.6807568196309826,75091.87154045171,,3.34033203125,1,,4.168613888,0.11113028107241352,0,3.34033203125,0.01,,0.21703138206205022,8.631578947368421e-05,55730.403945595,4.3157894736842105e-05,7950,1776871393.2785206,i6j0o3mw,2,dagformer-1b,finished,2026-04-21T23:57:59Z
0.6762392363098966,74893.92724658457,,3.3212890625,1,,4.173856768,0.10534176729208121,0,3.3212890625,0.01,,0.31735001902839594,8.589473684210525e-05,55947.126338303,4.2947368421052625e-05,7960,1776871610.0044594,i6j0o3mw,2,dagformer-1b,finished,2026-04-21T23:57:59Z
0.6717406397308937,74697.52144632603,,3.20361328125,1,,4.179099648,0.11309801152946233,0,3.20361328125,0.01,,0.20032135772324128,8.547368421052633e-05,56164.095219419,4.2736842105263165e-05,7970,1776871826.7267985,i6j0o3mw,2,dagformer-1b,finished,2026-04-21T23:57:59Z
0.6672610742933074,74502.30433125756,,3.4521484375,1,,4.184342528,0.1110743424447106,0,3.4521484375,0.01,,0.18042364968743926,8.505263157894736e-05,56381.483529606,4.252631578947368e-05,7980,1776872043.6957939,i6j0o3mw,2,dagformer-1b,finished,2026-04-21T23:57:59Z
0.6628005842086397,74308.03686919218,,3.3388671875,1,,4.189585408,0.11032174162006606,0,3.3388671875,0.01,,0.2253599829713665,8.463157894736844e-05,56598.290034017,4.231578947368422e-05,7990,1776872261.084209,i6j0o3mw,2,dagformer-1b,finished,2026-04-21T23:57:59Z
0.6583592135001264,74116.02381415528,0.0,3.156982421875,1,0.0,4.194828288,0.11126981199634714,0,3.156982421875,0.01,0.0,0.20449359030742975,8.421052631578948e-05,56820.429654547,4.210526315789474e-05,8000,1776872477.892198,i6j0o3mw,2,dagformer-1b,finished,2026-04-21T23:57:59Z
0.6539370060023035,73918.53767568576,,3.3935546875,1,,4.200071168,0.1112221979609169,0,3.3935546875,0.01,,0.3740842965141551,8.378947368421056e-05,57036.308048875,4.189473684210528e-05,8010,1776872700.0301707,i6j0o3mw,2,dagformer-1b,finished,2026-04-21T23:57:59Z
0.6495340053605745,73730.68238165714,,3.390625,1,,4.205314048,0.11162446472630742,0,3.390625,0.01,,0.2105782432848659,8.336842105263158e-05,57252.408138429,4.168421052631579e-05,8020,1776872915.9085586,i6j0o3mw,2,dagformer-1b,finished,2026-04-21T23:57:59Z
0.6451502550307773,73543.95929594194,,3.38720703125,1,,4.210556928,0.10951259512859526,0,3.38720703125,0.01,,0.3112033787633999,8.294736842105262e-05,57468.841670646,4.147368421052631e-05,8030,1776873132.0086572,i6j0o3mw,2,dagformer-1b,finished,2026-04-21T23:57:59Z
0.6407857982787586,73358.21426024979,,3.44091796875,1,,4.215799808,0.10801301435082426,0,3.44091796875,0.01,,0.2825627850298382,8.25263157894737e-05,57685.420395038,4.126315789473685e-05,8040,1776873348.4421763,i6j0o3mw,2,dagformer-1b,finished,2026-04-21T23:57:59Z
0.6364406781799441,73173.67939778401,,3.2958984375,1,,4.221042688,0.10664803595129647,0,3.2958984375,0.01,,0.216807781150961,8.210526315789473e-05,57902.039781755,4.1052631578947364e-05,8050,1776873565.0209084,i6j0o3mw,2,dagformer-1b,finished,2026-04-21T23:57:59Z
0.6321149376189144,72990.47359737448,,3.31396484375,1,,4.226285568,0.1114513457612801,0,3.31396484375,0.01,,0.37466730071406923,8.168421052631581e-05,58118.86204094,4.0842105263157904e-05,8060,1776873781.6402943,i6j0o3mw,2,dagformer-1b,finished,2026-04-21T23:57:59Z
0.6278086192889837,72808.37954329817,,3.33935546875,1,,4.231528448,0.10900653627941993,0,3.33935546875,0.01,,0.14728453568919395,8.126315789473685e-05,58335.818153144,4.0631578947368424e-05,8070,1776873998.46257,i6j0o3mw,2,dagformer-1b,finished,2026-04-21T23:57:59Z
0.6235217656917746,72627.47241265004,,3.45654296875,1,,4.236771328,0.1096245854661713,0,3.45654296875,0.01,,0.2522939096670886,8.084210526315791e-05,58552.992924249,4.042105263157896e-05,8080,1776874215.41867,i6j0o3mw,2,dagformer-1b,finished,2026-04-21T23:57:59Z
0.619254419136801,72447.6350524941,,3.3857421875,1,,4.242014208,0.10800138794892739,0,3.3857421875,0.01,,0.21128582312430833,8.042105263157895e-05,58770.225498581,4.021052631578948e-05,8090,1776874432.5934396,i6j0o3mw,2,dagformer-1b,finished,2026-04-21T23:57:59Z
0.6150066217410519,72269.05593090181,,3.3505859375,1,,4.247257088,0.10725380864402743,0,3.3505859375,0.01,,0.15003780000342504,7.999999999999998e-05,58987.077670114,3.999999999999999e-05,8100,1776874649.8260217,i6j0o3mw,2,dagformer-1b,finished,2026-04-21T23:57:59Z
0.610778415428572,72092.25713127502,,3.4580078125,1,,4.252499968,0.10891007271940968,0,3.4580078125,0.01,,0.24283325402567446,7.957894736842106e-05,59203.745192442,3.978947368421053e-05,8110,1776874866.6781812,i6j0o3mw,2,dagformer-1b,finished,2026-04-21T23:57:59Z
0.6065698419300494,71916.97773171923,,3.3759765625,1,,4.257742848,0.10897075646868916,0,3.3759765625,0.01,,0.20933714172560938,7.91578947368421e-05,59420.796468869,3.957894736842105e-05,8120,1776875083.3457034,i6j0o3mw,2,dagformer-1b,finished,2026-04-21T23:57:59Z
0.6023809427824076,71742.51314316031,,3.3720703125,1,,4.262985728,0.10840847077786113,0,3.3720703125,0.01,,0.1682630938233914,7.873684210526318e-05,59637.741745043,3.936842105263159e-05,8130,1776875300.396984,i6j0o3mw,2,dagformer-1b,finished,2026-04-21T23:57:59Z
0.5982117593283893,71569.44585763544,,3.2548828125,1,,4.268228608,0.10602499051898111,0,3.2548828125,0.01,,0.16463129318611733,7.83157894736842e-05,59855.005139331,3.91578947368421e-05,8140,1776875517.3422544,i6j0o3mw,2,dagformer-1b,finished,2026-04-21T23:57:59Z
0.5940623327161514,71397.25353216134,,3.39013671875,1,,4.273471488,0.11089537753704888,0,3.39013671875,0.01,,0.1731043238300708,7.789473684210529e-05,60071.823521897,3.894736842105264e-05,8150,1776875734.6056612,i6j0o3mw,2,dagformer-1b,finished,2026-04-21T23:57:59Z
0.58993270389886,71226.8343830281,,3.34619140625,1,,4.278714368,0.10842385995866316,0,3.34619140625,0.01,,0.1751949131838716,7.747368421052633e-05,60288.348660638,3.873684210526316e-05,8160,1776875951.4240246,i6j0o3mw,2,dagformer-1b,finished,2026-04-21T23:57:59Z
0.5858229136342843,71057.98686540514,,3.23974609375,1,,4.283957248,0.10760580468026111,0,3.23974609375,0.01,,0.2944711970462232,7.705263157894735e-05,60505.199804703,3.8526315789473676e-05,8170,1776876167.949195,i6j0o3mw,2,dagformer-1b,finished,2026-04-21T23:57:59Z
0.5817330024843943,70889.96573858208,,3.31591796875,1,,4.289200128,0.10934583422290753,0,3.31591796875,0.01,,0.19140472650101986,7.663157894736843e-05,60722.384299074,3.8315789473684216e-05,8180,1776876384.8002708,i6j0o3mw,2,dagformer-1b,finished,2026-04-21T23:57:59Z
0.5776630108149631,70722.75639619931,,3.32568359375,1,,4.294443008,0.1115520174727732,0,3.32568359375,0.01,,0.31417260358972554,7.621052631578947e-05,60939.868286698,3.8105263157894735e-05,8190,1776876601.9848092,i6j0o3mw,2,dagformer-1b,finished,2026-04-21T23:57:59Z
0.5736129787951638,70556.3921406367,,3.3857421875,1,,4.299685888,0.11214827403895976,0,3.3857421875,0.01,,0.3201574021315952,7.578947368421054e-05,61156.997142795,3.789473684210527e-05,8200,1776876819.4688072,i6j0o3mw,2,dagformer-1b,finished,2026-04-21T23:57:59Z
0.569582946397179,70391.6199489618,,3.34326171875,1,,4.304928768,0.10731296128625736,0,3.34326171875,0.01,,0.24391225812571174,7.536842105263158e-05,61373.742484991,3.768421052631579e-05,8210,1776877036.5976489,i6j0o3mw,2,dagformer-1b,finished,2026-04-21T23:57:59Z
0.5655729533958007,70228.45226552317,,3.353515625,1,,4.310171648,0.1424748460876134,0,3.353515625,0.01,,0.2671657866244282,7.494736842105266e-05,61590.44898506,3.747368421052633e-05,8220,1776877253.3430011,i6j0o3mw,2,dagformer-1b,finished,2026-04-21T23:57:59Z
0.5615830393680404,70066.4773549927,,3.31201171875,1,,4.315414528,0.1098071552726153,0,3.31201171875,0.01,,0.19959350008074056,7.452631578947368e-05,61807.415381402,3.726315789473684e-05,8230,1776877470.0494664,i6j0o3mw,2,dagformer-1b,finished,2026-04-21T23:57:59Z
0.5576132436927393,69905.344505412,,3.29736328125,1,,4.320657408,0.10997458761157987,0,3.29736328125,0.01,,0.16161244543825012,7.410526315789472e-05,62024.693292112,3.705263157894736e-05,8240,1776877687.0158942,i6j0o3mw,2,dagformer-1b,finished,2026-04-21T23:57:59Z
0.5536636055501788,69744.98832053368,,3.31884765625,1,,4.325900288,0.1112865050903644,0,3.31884765625,0.01,,0.17362536054499492,7.36842105263158e-05,62242.014237789,3.68421052631579e-05,8250,1776877904.2937965,i6j0o3mw,2,dagformer-1b,finished,2026-04-21T23:57:59Z
0.5497341639216914,69585.70380396507,,3.30078125,1,,4.331143168,0.10663054921332517,0,3.30078125,0.01,,0.22854412788345063,7.326315789473683e-05,62458.698723009,3.6631578947368414e-05,8260,1776878121.6148746,i6j0o3mw,2,dagformer-1b,finished,2026-04-21T23:57:59Z
0.5458249575892808,69428.2351420116,,3.3134765625,1,,4.336386048,0.11369412784506988,0,3.3134765625,0.01,,0.23703060436861634,7.284210526315791e-05,62675.280944439,3.6421052631578955e-05,8270,1776878338.2992637,i6j0o3mw,2,dagformer-1b,finished,2026-04-21T23:57:59Z
0.541936025135235,69271.96829007698,,3.3759765625,1,,4.341628928,0.10836545872964305,0,3.3759765625,0.01,,0.2718501118649511,7.242105263157895e-05,62892.045596631,3.6210526315789474e-05,8280,1776878554.8814607,i6j0o3mw,2,dagformer-1b,finished,2026-04-21T23:57:59Z
0.5380674049417461,69116.57735934263,,3.13916015625,1,,4.346871808,0.10982842404112167,0,3.13916015625,0.01,,0.17197998617702437,7.200000000000003e-05,63109.372586438,3.6000000000000014e-05,8290,1776878771.6460972,i6j0o3mw,2,dagformer-1b,finished,2026-04-21T23:57:59Z
0.5342191351905355,68961.6391766821,,3.28857421875,1,,4.352114688,0.1059183648359521,0,3.28857421875,0.01,,0.1986796258377173,7.157894736842105e-05,63326.750765222,3.578947368421053e-05,8300,1776878988.9730973,i6j0o3mw,2,dagformer-1b,finished,2026-04-21T23:57:59Z
0.530391253862471,68807.70887309268,,3.2861328125,1,,4.357357568,0.11008820516724438,0,3.2861328125,0.01,,0.16729938098378386,7.11578947368421e-05,63543.77350846,3.557894736842105e-05,8310,1776879206.3512893,i6j0o3mw,2,dagformer-1b,finished,2026-04-21T23:57:59Z
0.5265837987371953,68655.21600172954,,3.3798828125,1,,4.362600448,0.11202290473829886,0,3.3798828125,0.01,,0.16756162463825433,7.073684210526317e-05,63760.432865571,3.536842105263159e-05,8320,1776879423.37401,i6j0o3mw,2,dagformer-1b,finished,2026-04-21T23:57:59Z
0.5227968073927549,68504.15137235261,,2.895263671875,1,,4.367843328,0.10943432511102015,0,2.895263671875,0.01,,0.1586881841852864,7.03157894736842e-05,63977.142830252,3.51578947368421e-05,8330,1776879640.0333931,i6j0o3mw,2,dagformer-1b,finished,2026-04-21T23:57:59Z
0.519030317205224,68354.05609195867,,3.43212890625,1,,4.373086208,0.10659509339062062,0,3.43212890625,0.01,,0.21190164990979635,6.989473684210528e-05,64194.167506912,3.494736842105264e-05,8340,1776879856.743335,i6j0o3mw,2,dagformer-1b,finished,2026-04-21T23:57:59Z
0.5152843653483409,68204.63974957234,,3.18798828125,1,,4.378329088,0.10824760977635049,0,3.18798828125,0.01,,0.15792529426322463,6.947368421052631e-05,64411.478170864,3.4736842105263153e-05,8350,1776880073.7680182,i6j0o3mw,2,dagformer-1b,finished,2026-04-21T23:57:59Z
0.5115589887931383,68055.92802846519,,3.361328125,1,,4.383571968,0.10579102281987543,0,3.361328125,0.01,,0.1954757674867148,6.905263157894739e-05,64628.698502365,3.4526315789473694e-05,8360,1776880291.078696,i6j0o3mw,2,dagformer-1b,finished,2026-04-21T23:57:59Z
0.507854224307579,67908.31134500999,,3.2978515625,1,,4.388814848,0.1111792138773782,0,3.2978515625,0.01,,0.2484826188730931,6.863157894736843e-05,64845.530461789,3.431578947368421e-05,8370,1776880508.2990177,i6j0o3mw,2,dagformer-1b,finished,2026-04-21T23:57:59Z
0.5041701084561916,67762.08948233478,,3.30810546875,1,,4.394057728,0.10729819227311511,0,3.30810546875,0.01,,0.24447625464386627,6.821052631578945e-05,65062.168302177,3.4105263157894726e-05,8380,1776880725.130979,i6j0o3mw,2,dagformer-1b,finished,2026-04-21T23:57:59Z
0.5005066775997136,67617.0439142028,,3.2822265625,1,,4.399300608,0.10807619227827368,0,3.2822265625,0.01,,0.29406845211478383,6.778947368421053e-05,65278.974555991,3.3894736842105266e-05,8390,1776880941.768804,i6j0o3mw,2,dagformer-1b,finished,2026-04-21T23:57:59Z
0.4968639678947274,67472.78694531601,,3.38037109375,1,,4.404543488,0.10820185932736208,0,3.38037109375,0.01,,0.17919251537905487,6.736842105263157e-05,65496.025619006,3.3684210526315786e-05,8400,1776881158.5750773,i6j0o3mw,2,dagformer-1b,finished,2026-04-21T23:57:59Z
0.4932420152933082,67329.23351867168,,3.1767578125,1,,4.409786368,0.1292196050667863,0,3.1767578125,0.01,,0.19106221376896584,6.694736842105265e-05,65713.318854961,3.3473684210526326e-05,8410,1776881375.6261363,i6j0o3mw,2,dagformer-1b,finished,2026-04-21T23:57:59Z
0.48964085554266534,67186.38075021555,,3.32177734375,1,,4.415029248,0.11152383884511625,0,3.32177734375,0.01,,0.1725660813522898,6.652631578947368e-05,65930.181471798,3.326315789473684e-05,8420,1776881592.9193642,i6j0o3mw,2,dagformer-1b,finished,2026-04-21T23:57:59Z
0.4860605241847914,67044.90753997574,,3.37744140625,1,,4.420272128,0.10719288151877755,0,3.37744140625,0.01,,0.1437854643675034,6.610526315789476e-05,66146.880491309,3.305263157894738e-05,8430,1776881809.7819998,i6j0o3mw,2,dagformer-1b,finished,2026-04-21T23:57:59Z
0.4825010565561124,66904.52737501389,,3.4501953125,1,,4.425515008,0.1083196296782135,0,3.4501953125,0.01,,0.13154835931384512,6.56842105263158e-05,66363.680195378,3.28421052631579e-05,8440,1776882026.4809575,i6j0o3mw,2,dagformer-1b,finished,2026-04-21T23:57:59Z
0.4789624877871357,66764.96269978878,,3.26318359375,1,,4.430757888,0.10753591919218893,0,3.26318359375,0.01,,0.182082592545746,6.526315789473682e-05,66580.658013984,3.263157894736841e-05,8450,1776882243.2807052,i6j0o3mw,2,dagformer-1b,finished,2026-04-21T23:57:59Z
0.47544485280210713,66626.12889511063,,3.267578125,1,,4.436000768,0.11163605949979284,0,3.267578125,0.01,,0.36600493290925773,6.48421052631579e-05,66797.843115878,3.242105263157895e-05,8460,1776882460.2585175,i6j0o3mw,2,dagformer-1b,finished,2026-04-21T23:57:59Z
0.4719481863186643,66487.99031714544,,3.31591796875,1,,4.441243648,0.10832980407489495,0,3.31591796875,0.01,,0.13790105393020033,6.442105263157894e-05,67014.870036614,3.221052631578947e-05,8470,1776882677.4436162,i6j0o3mw,2,dagformer-1b,finished,2026-04-21T23:57:59Z
0.46847252284749324,66350.90407113652,,3.4345703125,1,,4.446486528,0.10666575958074997,0,3.4345703125,0.01,,0.16253467882421974,6.400000000000001e-05,67231.692746951,3.2000000000000005e-05,8480,1776882894.470521,i6j0o3mw,2,dagformer-1b,finished,2026-04-21T23:57:59Z
0.4650178966919888,66214.9036740956,,3.3955078125,1,,4.451729408,0.10788025353376533,0,3.3955078125,0.01,,0.16072555938563432,6.357894736842105e-05,67448.237050856,3.1789473684210525e-05,8490,1776883111.2932596,i6j0o3mw,2,dagformer-1b,finished,2026-04-21T23:57:59Z
0.4615843419479173,66080.050633463,0.0,3.32275390625,1,0.0,4.456972288,0.10691728409747431,0,3.32275390625,0.01,0.0,0.18489905289070868,6.315789473684213e-05,67670.940379088,3.1578947368421065e-05,8500,1776883327.83921,i6j0o3mw,2,dagformer-1b,finished,2026-04-21T23:57:59Z
0.4581718925030773,65940.05860693927,,3.2919921875,1,,4.462215168,0.10738331565345806,0,3.2919921875,0.01,,0.16500679061790555,6.273684210526316e-05,67888.186913823,3.136842105263158e-05,8510,1776883550.5409098,i6j0o3mw,2,dagformer-1b,finished,2026-04-21T23:57:59Z
0.4547805820369669,65806.27421244925,,3.27587890625,1,,4.467458048,0.10500753740292591,0,3.27587890625,0.01,,0.1690552635772548,6.23157894736842e-05,68105.646150651,3.11578947368421e-05,8520,1776883767.7874262,i6j0o3mw,2,dagformer-1b,finished,2026-04-21T23:57:59Z
0.4514104440204522,65673.13804716105,,3.41943359375,1,,4.472700928,0.13073515480253114,0,3.41943359375,0.01,,0.21390014693284887,6.189473684210528e-05,68322.456220941,3.094736842105264e-05,8530,1776883985.2466686,i6j0o3mw,2,dagformer-1b,finished,2026-04-21T23:57:59Z
0.4480615117154344,65541.47221169552,,3.36181640625,1,,4.477943808,0.1054422920734389,0,3.36181640625,0.01,,0.2194336603671833,6.14736842105263e-05,68539.047396056,3.073684210526315e-05,8540,1776884202.0567253,i6j0o3mw,2,dagformer-1b,finished,2026-04-21T23:57:59Z
0.44473381817452273,65410.848127743506,,3.35888671875,1,,4.483186688,0.10628801285125365,0,3.35888671875,0.01,,0.1868404473969982,6.105263157894738e-05,68755.810779545,3.052631578947369e-05,8550,1776884418.6479,i6j0o3mw,2,dagformer-1b,finished,2026-04-21T23:57:59Z
0.4414273962407094,65280.883487939296,,3.30517578125,1,,4.488429568,0.10662560943284745,0,3.30517578125,0.01,,0.19733485255924138,6.0631578947368415e-05,68972.923517461,3.0315789473684208e-05,8560,1776884635.4112897,i6j0o3mw,2,dagformer-1b,finished,2026-04-21T23:57:59Z
0.4381422785470447,65151.405655431896,,3.2744140625,1,,4.493672448,0.10625651155916149,0,3.2744140625,0.01,,0.17724609773128644,6.0210526315789495e-05,69190.188041344,3.0105263157894748e-05,8570,1776884852.5241606,i6j0o3mw,2,dagformer-1b,finished,2026-04-21T23:57:59Z
0.4348784975163132,65022.59810574494,,3.328125,1,,4.498915328,0.1113523017687286,0,3.328125,0.01,,0.2688202115531665,5.978947368421053e-05,69407.358389274,2.9894736842105264e-05,8580,1776885069.7885895,i6j0o3mw,2,dagformer-1b,finished,2026-04-21T23:57:59Z
0.4316360853607164,64894.684690524045,,3.326171875,1,,4.504158208,0.10801246386092905,0,3.326171875,0.01,,0.22709934775855783,5.936842105263156e-05,69624.122536134,2.968421052631578e-05,8590,1776885286.9590428,i6j0o3mw,2,dagformer-1b,finished,2026-04-21T23:57:59Z
0.42841507408155355,64767.947503287214,,3.168212890625,1,,4.509401088,0.11191760482947248,0,3.168212890625,0.01,,0.2803408631053197,5.894736842105264e-05,69840.682097646,2.947368421052632e-05,8600,1776885503.7230685,i6j0o3mw,2,dagformer-1b,finished,2026-04-21T23:57:59Z
0.4252154954689045,64642.186181602185,,3.32373046875,1,,4.514643968,0.10633136667214642,0,3.32373046875,0.01,,0.2676874090646434,5.8526315789473674e-05,70057.573613681,2.9263157894736837e-05,8610,1776885720.28261,i6j0o3mw,2,dagformer-1b,finished,2026-04-21T23:57:59Z
0.4220373811013195,64516.8966081925,,3.34716796875,1,,4.519886848,0.10639934541572893,0,3.34716796875,0.01,,0.19078516271003057,5.8105263157894754e-05,70274.612348476,2.9052631578947377e-05,8620,1776885937.1741164,i6j0o3mw,2,dagformer-1b,finished,2026-04-21T23:57:59Z
0.41888076234550364,64392.245468922054,,3.353515625,1,,4.525129728,0.10856795232307043,0,3.353515625,0.01,,0.18696836064878025,5.768421052631579e-05,70491.897420753,2.8842105263157893e-05,8630,1776886154.2128687,i6j0o3mw,2,dagformer-1b,finished,2026-04-21T23:57:59Z
0.4157456703560104,64268.137417312115,,3.3125,1,,4.530372608,0.10717783090792034,0,3.3125,0.01,,0.18201163099314768,5.726315789473686e-05,70708.815456863,2.863157894736843e-05,8640,1776886371.4979312,i6j0o3mw,2,dagformer-1b,finished,2026-04-21T23:57:59Z
0.4126321360749319,64145.12522429304,,3.25244140625,1,,4.535615488,0.10684779431142367,0,3.25244140625,0.01,,0.1654003587498942,5.68421052631579e-05,70925.445701742,2.842105263157895e-05,8650,1776886588.415932,i6j0o3mw,2,dagformer-1b,finished,2026-04-21T23:57:59Z
0.4095401902315934,64023.12512800649,,3.35986328125,1,,4.540858368,0.10476691517168173,0,3.35986328125,0.01,,0.16080779876978646,5.642105263157893e-05,71142.164408478,2.8210526315789466e-05,8660,1776886805.0462081,i6j0o3mw,2,dagformer-1b,finished,2026-04-21T23:57:59Z
0.4064698633422531,63901.7884076344,,3.3154296875,1,,4.546101248,0.10683861845222851,0,3.3154296875,0.01,,0.2140128474729743,5.6000000000000006e-05,71359.158258899,2.8000000000000003e-05,8670,1776887021.764925,i6j0o3mw,2,dagformer-1b,finished,2026-04-21T23:57:59Z
0.4034211857097979,63780.942881816714,,3.283203125,1,,4.551344128,0.10884830160716417,0,3.283203125,0.01,,0.2114755903132152,5.557894736842104e-05,71576.405776775,2.778947368421052e-05,8680,1776887238.7587698,i6j0o3mw,2,dagformer-1b,finished,2026-04-21T23:57:59Z
0.4003941874234448,63660.60431206461,,3.38232421875,1,,4.556587008,0.1335772467488477,0,3.38232421875,0.01,,0.2238918600873392,5.515789473684212e-05,71793.525193127,2.757894736842106e-05,8690,1776887456.0062778,i6j0o3mw,2,dagformer-1b,finished,2026-04-21T23:57:59Z
0.39738889835844526,63541.107575757596,,3.39013671875,1,,4.561829888,0.10639878817972151,0,3.39013671875,0.01,,0.1712534470107453,5.473684210526315e-05,72010.410031646,2.7368421052631576e-05,8700,1776887673.1257098,i6j0o3mw,2,dagformer-1b,finished,2026-04-21T23:57:59Z
0.3944053481757891,63422.53816222192,,3.2021484375,1,,4.567072768,0.10744124029156489,0,3.2021484375,0.01,,0.24313959736260293,5.431578947368423e-05,72227.045243488,2.7157894736842116e-05,8710,1776887890.0105462,i6j0o3mw,2,dagformer-1b,finished,2026-04-21T23:57:59Z
0.39144356632191113,63304.89945582806,,3.359375,1,,4.572315648,0.1067612910317875,0,3.359375,0.01,,0.21813883568051967,5.3894736842105265e-05,72443.936606873,2.6947368421052632e-05,8720,1776888106.6457503,i6j0o3mw,2,dagformer-1b,finished,2026-04-21T23:57:59Z
0.38850358202840396,63187.74103930452,,3.3154296875,1,,4.577558528,0.1064565949936083,0,3.3154296875,0.01,,0.16071887412605945,5.34736842105263e-05,72661.131864937,2.673684210526315e-05,8730,1776888323.537115,i6j0o3mw,2,dagformer-1b,finished,2026-04-21T23:57:59Z
0.3855854243117248,63071.01791823816,,3.501953125,1,,4.582801408,0.11606890695552527,0,3.501953125,0.01,,0.2486264161115187,5.305263157894738e-05,72878.509839189,2.652631578947369e-05,8740,1776888540.7323885,i6j0o3mw,2,dagformer-1b,finished,2026-04-21T23:57:59Z
0.3826891219729118,62954.8329580182,,3.32421875,1,,4.588044288,0.10676071550450174,0,3.32421875,0.01,,0.264681331920241,5.263157894736841e-05,73095.674562163,2.6315789473684205e-05,8750,1776888758.1103406,i6j0o3mw,2,dagformer-1b,finished,2026-04-21T23:57:59Z
0.37981470359730096,62839.522478035295,,3.29541015625,1,,4.593287168,0.10567345040954022,0,3.29541015625,0.01,,0.15338889440602865,5.221052631578949e-05,73312.324407966,2.6105263157894745e-05,8760,1776888975.2750807,i6j0o3mw,2,dagformer-1b,finished,2026-04-21T23:57:59Z
0.37696219755424015,62725.335453025895,,3.36083984375,1,,4.598530048,0.10577064404838477,0,3.36083984375,0.01,,0.18304910390172074,5.178947368421052e-05,73528.811563152,2.589473684210526e-05,8770,1776889191.9249308,i6j0o3mw,2,dagformer-1b,finished,2026-04-21T23:57:59Z
0.3741316319968127,62611.9600841295,,3.328125,1,,4.603772928,0.10667845957217742,0,3.328125,0.01,,0.20296510629000994,5.13684210526316e-05,73745.786927756,2.56842105263158e-05,8780,1776889408.4120724,i6j0o3mw,2,dagformer-1b,finished,2026-04-21T23:57:59Z
0.3713230348615584,62498.836266657185,,3.25,1,,4.609015808,0.10625520429787112,0,3.25,0.01,,0.18417687207055394,5.094736842105263e-05,73962.942107645,2.5473684210526315e-05,8790,1776889625.3874445,i6j0o3mw,2,dagformer-1b,finished,2026-04-21T23:57:59Z
0.3685364338681968,62386.22470200278,,3.18310546875,1,,4.614258688,0.10756502593697297,0,3.18310546875,0.01,,0.14268739673256642,5.052631578947367e-05,74180.237168952,2.5263157894736835e-05,8800,1776889842.5426195,i6j0o3mw,2,dagformer-1b,finished,2026-04-21T23:57:59Z
0.3657718565193542,62274.15499577437,,3.3388671875,1,,4.619501568,0.10756178571631157,0,3.3388671875,0.01,,0.17046175908812483,5.010526315789474e-05,74397.254584305,2.505263157894737e-05,8810,1776890059.8376782,i6j0o3mw,2,dagformer-1b,finished,2026-04-21T23:57:59Z
0.3630293301002937,62162.97206613485,,3.3017578125,1,,4.624744448,0.10825577200672643,0,3.3017578125,0.01,,0.18949840806754065,4.9684210526315775e-05,74613.829763504,2.4842105263157888e-05,8820,1776890276.8551013,i6j0o3mw,2,dagformer-1b,finished,2026-04-21T23:57:59Z
0.36030888167864383,62052.803559760214,,3.326171875,1,,4.629987328,0.11589494646297997,0,3.326171875,0.01,,0.23337104861421173,4.9263157894736855e-05,74830.476342125,2.4631578947368428e-05,8830,1776890493.4302666,i6j0o3mw,2,dagformer-1b,finished,2026-04-21T23:57:59Z
0.3576105381041311,61943.213582425014,,3.41064453125,1,,4.635230208,0.11002739612051955,0,3.41064453125,0.01,,0.15852697465591056,4.884210526315789e-05,75047.335111962,2.4421052631578944e-05,8840,1776890710.07684,i6j0o3mw,2,dagformer-1b,finished,2026-04-21T23:57:59Z
0.35493432600831853,61834.081558366976,,3.39208984375,1,,4.640473088,0.10608216717812144,0,3.39208984375,0.01,,0.1361728897832267,4.842105263157897e-05,75264.404768975,2.4210526315789484e-05,8850,1776890926.9356225,i6j0o3mw,2,dagformer-1b,finished,2026-04-21T23:57:59Z
0.3522802718043385,61725.40562285728,,3.33203125,1,,4.645715968,0.1078657488732521,0,3.33203125,0.01,,0.12627348564848045,4.8e-05,75481.936400712,2.4e-05,8860,1776891144.0052752,i6j0o3mw,2,dagformer-1b,finished,2026-04-21T23:57:59Z
0.3496484016866347,61616.97736978755,,3.33349609375,1,,4.650958848,0.10567024394269611,0,3.33349609375,0.01,,0.18003814444707877,4.7578947368421034e-05,75698.899349037,2.3789473684210517e-05,8870,1776891361.5369117,i6j0o3mw,2,dagformer-1b,finished,2026-04-21T23:57:59Z
0.34703874163070225,61509.63448934871,,3.31787109375,1,,4.656201728,0.10508066563518584,0,3.31787109375,0.01,,0.2840357838252792,4.7157894736842114e-05,75915.779713916,2.3578947368421057e-05,8880,1776891578.4998581,i6j0o3mw,2,dagformer-1b,finished,2026-04-21T23:57:59Z
0.34445131739283286,61402.971872404625,,3.31103515625,1,,4.661444608,0.10513642522663887,0,3.31103515625,0.01,,0.12362005189790201,4.673684210526315e-05,76132.470992356,2.3368421052631573e-05,8890,1776891795.3802323,i6j0o3mw,2,dagformer-1b,finished,2026-04-21T23:57:59Z
0.34188615450985893,61297.069341870476,,3.21142578125,1,,4.666687488,0.10615312251235455,0,3.21142578125,0.01,,0.1728018478871058,4.631578947368422e-05,76349.255090777,2.315789473684211e-05,8900,1776892012.0715086,i6j0o3mw,2,dagformer-1b,finished,2026-04-21T23:57:59Z
0.33934327829890276,61191.69349292881,,3.4111328125,1,,4.671930368,0.10593517784155693,0,3.4111328125,0.01,,0.17723413535405,4.589473684210526e-05,76566.38558164,2.294736842105263e-05,8910,1776892228.8555777,i6j0o3mw,2,dagformer-1b,finished,2026-04-21T23:57:59Z
0.33682271385712514,61086.638015636556,,3.447265625,1,,4.677173248,0.10531149393218861,0,3.447265625,0.01,,0.15205093372668288,4.547368421052633e-05,76783.828079709,2.2736842105263167e-05,8920,1776892445.9860845,i6j0o3mw,2,dagformer-1b,finished,2026-04-21T23:57:59Z
0.3343244860614808,60981.92885659631,,3.30322265625,1,,4.682416128,0.10904084071543026,0,3.30322265625,0.01,,0.14016978890676085,4.5052631578947366e-05,77000.833594475,2.2526315789473683e-05,8930,1776892663.4286108,i6j0o3mw,2,dagformer-1b,finished,2026-04-21T23:57:59Z
0.33184861956846873,60878.15659981601,,3.33935546875,1,,4.687659008,0.1213420701844417,0,3.33935546875,0.01,,0.14414246747524398,4.46315789473684e-05,77217.467457652,2.23157894736842e-05,8940,1776892880.4341624,i6j0o3mw,2,dagformer-1b,finished,2026-04-21T23:57:59Z
0.32939513881389126,60775.26020298827,,3.26171875,1,,4.692901888,0.10617019474454036,0,3.26171875,0.01,,0.15943841237037754,4.421052631578948e-05,77434.111038336,2.210526315789474e-05,8950,1776893097.0679684,i6j0o3mw,2,dagformer-1b,finished,2026-04-21T23:57:59Z
0.32696406801261385,60672.9317896162,,3.34619140625,1,,4.698144768,0.11181818247443769,0,3.34619140625,0.01,,0.26195375697298456,4.378947368421051e-05,77650.866409181,2.1894736842105256e-05,8960,1776893313.7115438,i6j0o3mw,2,dagformer-1b,finished,2026-04-21T23:57:59Z
0.3245554311583234,60571.08705814414,,3.25390625,1,,4.703387648,0.10490974336062972,0,3.25390625,0.01,,0.2282989285168208,4.336842105263159e-05,77867.845174067,2.1684210526315796e-05,8970,1776893530.4669478,i6j0o3mw,2,dagformer-1b,finished,2026-04-21T23:57:59Z
0.3221692520232932,60469.63602387298,,3.3017578125,1,,4.708630528,0.10727082618267886,0,3.3017578125,0.01,,0.15457218189379507,4.2947368421052625e-05,78085.164516312,2.1473684210526312e-05,8980,1776893747.445684,i6j0o3mw,2,dagformer-1b,finished,2026-04-21T23:57:59Z
0.31980555415814765,60368.48553072674,,3.26611328125,1,,4.713873408,0.10437535149650089,0,3.26611328125,0.01,,0.1403691115457309,4.2526315789473705e-05,78302.228819949,2.1263157894736853e-05,8990,1776893964.7650306,i6j0o3mw,2,dagformer-1b,finished,2026-04-21T23:57:59Z
0.31746436089163155,60268.092682902854,0.0,3.29443359375,1,0.0,4.719116288,0.10651520190723454,0,3.29443359375,0.01,0.0,0.15200179637337738,4.210526315789474e-05,78524.881273236,2.105263157894737e-05,9000,1776894181.8309832,i6j0o3mw,2,dagformer-1b,finished,2026-04-21T23:57:59Z
0.31514569533037606,60163.973189114135,,3.40087890625,1,,4.724359168,0.107680546142421,0,3.40087890625,0.01,,0.16352398457749875,4.168421052631577e-05,78741.675530522,2.0842105263157885e-05,9010,1776894404.4817874,i6j0o3mw,2,dagformer-1b,finished,2026-04-21T23:57:59Z
0.312849580358675,60064.91078706677,,3.37158203125,1,,4.729602048,0.10564163843280372,0,3.37158203125,0.01,,0.15097127228632182,4.126315789473685e-05,78958.444331756,2.0631578947368425e-05,9020,1776894621.276035,i6j0o3mw,2,dagformer-1b,finished,2026-04-21T23:57:59Z
0.3105760386382557,59966.41159689045,,3.283203125,1,,4.734844928,0.1064953947417187,0,3.283203125,0.01,,0.17965561051521844,4.0842105263157884e-05,79175.668163252,2.0421052631578942e-05,9030,1776894838.0448532,i6j0o3mw,2,dagformer-1b,finished,2026-04-21T23:57:59Z
0.3083250926080569,59868.10793838241,,3.3564453125,1,,4.740087808,0.10781508308939794,0,3.3564453125,0.01,,0.1919745986180744,4.042105263157896e-05,79392.866696269,2.021052631578948e-05,9040,1776895055.268659,i6j0o3mw,2,dagformer-1b,finished,2026-04-21T23:57:59Z
0.3060967644840077,59770.3610818017,,3.291015625,1,,4.745330688,0.1050518578306015,0,3.291015625,0.01,,0.19755677944098538,3.999999999999999e-05,79609.643274042,1.9999999999999995e-05,9050,1776895272.4672067,i6j0o3mw,2,dagformer-1b,finished,2026-04-21T23:57:59Z
0.3038910762588067,59673.4639584233,,3.35546875,1,,4.750573568,0.10651994395390554,0,3.35546875,0.01,,0.15064432718955056,3.957894736842107e-05,79826.316297624,1.9789473684210535e-05,9060,1776895489.2437968,i6j0o3mw,2,dagformer-1b,finished,2026-04-21T23:57:59Z
0.30170804970170667,59577.17021191325,,3.35400390625,1,,4.755816448,0.10767301945613414,0,3.35400390625,0.01,,0.1776673222638417,3.91578947368421e-05,80043.040898411,1.957894736842105e-05,9070,1776895705.9168246,i6j0o3mw,2,dagformer-1b,finished,2026-04-21T23:57:59Z
0.29954770635829797,59481.359538553574,,3.3505859375,1,,4.761059328,0.10737215468548521,0,3.3505859375,0.01,,0.15828332048688756,3.8736842105263135e-05,80260.082601844,1.9368421052631568e-05,9080,1776895922.641477,i6j0o3mw,2,dagformer-1b,finished,2026-04-21T23:57:59Z
0.29741006755029736,59385.83181384829,,3.35888671875,1,,4.766302208,0.10513947489605377,0,3.35888671875,0.01,,0.13633030396102322,3.8315789473684216e-05,80477.355382127,1.9157894736842108e-05,9090,1776896139.6831162,i6j0o3mw,2,dagformer-1b,finished,2026-04-21T23:57:59Z
0.29529515437533665,59290.64885933067,,3.3447265625,1,,4.771545088,0.10683745609256018,0,3.3447265625,0.01,,0.20854038029360422,3.789473684210525e-05,80694.691123333,1.8947368421052624e-05,9100,1776896356.956047,i6j0o3mw,2,dagformer-1b,finished,2026-04-21T23:57:59Z
0.29320298770675546,59195.93246689212,,3.361328125,1,,4.776787968,0.10691371740031977,0,3.361328125,0.01,,0.1812796124271897,3.747368421052633e-05,80911.415209519,1.8736842105263164e-05,9110,1776896574.2916732,i6j0o3mw,2,dagformer-1b,finished,2026-04-21T23:57:59Z
0.29113358819339374,59102.17188707849,,3.30712890625,1,,4.782030848,0.10529036210079927,0,3.30712890625,0.01,,0.14234471323381584,3.705263157894736e-05,81128.039597438,1.852631578947368e-05,9120,1776896791.0157013,i6j0o3mw,2,dagformer-1b,finished,2026-04-21T23:57:59Z
0.28908697625938967,59008.984508961425,,3.54052734375,1,,4.787273728,0.10604316356132898,0,3.54052734375,0.01,,0.1515044702855004,3.663157894736844e-05,81344.916494611,1.831578947368422e-05,9130,1776897007.6401203,i6j0o3mw,2,dagformer-1b,finished,2026-04-21T23:57:59Z
0.2870631721039767,58916.1105037177,,3.322265625,1,,4.792516608,0.10820468556916873,0,3.322265625,0.01,,0.22105801142852424,3.6210526315789474e-05,81562.032593287,1.8105263157894737e-05,9140,1776897224.517008,i6j0o3mw,2,dagformer-1b,finished,2026-04-21T23:57:59Z
0.2850621957012846,58823.558030976885,,3.376953125,1,,4.797759488,0.11593581768257562,0,3.376953125,0.01,,0.18335211498603057,3.578947368421051e-05,81779.413966437,1.7894736842105254e-05,9150,1776897441.6331072,i6j0o3mw,2,dagformer-1b,finished,2026-04-21T23:57:59Z
0.2830840668001427,58731.306385202566,,3.2080078125,1,,4.803002368,0.10711051836034743,0,3.2080078125,0.01,,0.18570354200566444,3.536842105263159e-05,81996.295633263,1.7684210526315794e-05,9160,1776897659.014477,i6j0o3mw,2,dagformer-1b,finished,2026-04-21T23:57:59Z
0.2811288049238848,58639.90123910505,,3.3427734375,1,,4.808245248,0.10488559099554974,0,3.3427734375,0.01,,0.16240912358482146,3.494736842105262e-05,82212.987391534,1.747368421052631e-05,9170,1776897875.8961606,i6j0o3mw,2,dagformer-1b,finished,2026-04-21T23:57:59Z
0.279196429370156,58549.11359127816,,3.135986328125,1,,4.813488128,0.10929092795426802,0,3.135986328125,0.01,,0.14348146716928067,3.4526315789473694e-05,82429.802082519,1.7263157894736847e-05,9180,1776898092.5879164,i6j0o3mw,2,dagformer-1b,finished,2026-04-21T23:57:59Z
0.27728695921072316,58458.71642265089,,3.35546875,1,,4.818731008,0.1062982843715016,0,3.35546875,0.01,,0.13244909698255086,3.4105263157894726e-05,82646.718155869,1.7052631578947363e-05,9190,1776898309.4025788,i6j0o3mw,2,dagformer-1b,finished,2026-04-21T23:57:59Z
0.2754004132912857,58368.721552864205,,3.31103515625,1,,4.823973888,0.10674147390048425,0,3.31103515625,0.01,,0.1617343480025875,3.3684210526315806e-05,82863.853011543,1.6842105263157903e-05,9200,1776898526.3186748,i6j0o3mw,2,dagformer-1b,finished,2026-04-21T23:57:59Z
0.2735368102312895,58279.04416496745,,3.28955078125,1,,4.829216768,0.1264097450632977,0,3.28955078125,0.01,,0.15904905884038997,3.326315789473684e-05,83081.133346986,1.663157894736842e-05,9210,1776898743.4535308,i6j0o3mw,2,dagformer-1b,finished,2026-04-21T23:57:59Z
0.2716961684237461,58189.73353548238,,3.408203125,1,,4.834459648,0.10590180363845816,0,3.408203125,0.01,,0.17387703518133338,3.284210526315792e-05,83297.900929664,1.642105263157896e-05,9220,1776898960.7338667,i6j0o3mw,2,dagformer-1b,finished,2026-04-21T23:57:59Z
0.2698785060350456,58101.24652993879,,3.18408203125,1,,4.839702528,0.11467717952642721,0,3.18408203125,0.01,,0.16244139977081784,3.242105263157895e-05,83514.589804997,1.6210526315789476e-05,9230,1776899177.5014336,i6j0o3mw,2,dagformer-1b,finished,2026-04-21T23:57:59Z
0.26808384100478244,58013.27354188576,,3.30078125,1,,4.844945408,0.10695113394862674,0,3.30078125,0.01,,0.2229172343334558,3.1999999999999985e-05,83731.312539918,1.5999999999999992e-05,9240,1776899394.190303,i6j0o3mw,2,dagformer-1b,finished,2026-04-21T23:57:59Z
0.26631219104557624,57925.73252110881,,3.3984375,1,,4.850188288,0.10458074605384385,0,3.3984375,0.01,,0.16375310677146923,3.1578947368421065e-05,83948.365577407,1.5789473684210533e-05,9250,1776899610.9130394,i6j0o3mw,2,dagformer-1b,finished,2026-04-21T23:57:59Z
0.26456357364289634,57838.415912703225,,3.3515625,1,,4.855431168,0.10638341936190639,0,3.3515625,0.01,,0.15066079002121913,3.11578947368421e-05,84165.517617637,1.557894736842105e-05,9260,1776899827.9660869,i6j0o3mw,2,dagformer-1b,finished,2026-04-21T23:57:59Z
0.2628380060548907,57751.481633351344,,3.3330078125,1,,4.860674048,0.10676545070141534,0,3.3330078125,0.01,,0.14488351375264052,3.073684210526318e-05,84382.499994661,1.536842105263159e-05,9270,1776900045.1181293,i6j0o3mw,2,dagformer-1b,finished,2026-04-21T23:57:59Z
0.2611355053122149,57665.11080377831,,3.4287109375,1,,4.865916928,0.10659330283638653,0,3.4287109375,0.01,,0.19158295041435927,3.0315789473684208e-05,84599.147269337,1.5157894736842104e-05,9280,1776900262.1005013,i6j0o3mw,2,dagformer-1b,finished,2026-04-21T23:57:59Z
0.2594560882178639,57579.41100397969,,3.3388671875,1,,4.871159808,0.10633452686909414,0,3.3388671875,0.01,,0.16560252309112353,2.9894736842105288e-05,84815.826190013,1.4947368421052644e-05,9290,1776900478.7477875,i6j0o3mw,2,dagformer-1b,finished,2026-04-21T23:57:59Z
0.25779977134700643,57494.127754653775,,3.32861328125,1,,4.876402688,0.10810323020219635,0,3.32861328125,0.01,,0.16433715849028435,2.947368421052632e-05,85032.532133052,1.473684210526316e-05,9300,1776900695.4267087,i6j0o3mw,2,dagformer-1b,finished,2026-04-21T23:57:59Z
0.2561665710468213,57409.26075087803,,3.3671875,1,,4.881645568,0.10605039521898715,0,3.3671875,0.01,,0.13809569987302261,2.9052631578947353e-05,85249.561525563,1.4526315789473677e-05,9310,1776900912.1326323,i6j0o3mw,2,dagformer-1b,finished,2026-04-21T23:57:59Z
0.2545565034363357,57324.60768500725,,3.236328125,1,,4.886888448,0.10700416540505,0,3.236328125,0.01,,0.1893397438027184,2.863157894736843e-05,85466.744653383,1.4315789473684215e-05,9320,1776901129.1620347,i6j0o3mw,2,dagformer-1b,finished,2026-04-21T23:57:59Z
0.2529695844062676,57240.28174647322,,3.3056640625,1,,4.892131328,0.11235313316408543,0,3.3056640625,0.01,,0.15855716852257784,2.8210526315789466e-05,85683.584446635,1.4105263157894733e-05,9330,1776901346.34512,i6j0o3mw,2,dagformer-1b,finished,2026-04-21T23:57:59Z
0.25140582961886704,57156.61231171903,,3.19140625,1,,4.897374208,0.10951137496112658,0,3.19140625,0.01,,0.14527683792671725,2.7789473684210543e-05,85900.091134316,1.3894736842105272e-05,9340,1776901563.1849654,i6j0o3mw,2,dagformer-1b,finished,2026-04-21T23:57:59Z
0.24986525450776195,57073.5863796984,,3.42236328125,1,,4.902617088,0.10670731235448332,0,3.42236328125,0.01,,0.1460075126146287,2.7368421052631576e-05,86116.887410398,1.3684210526315788e-05,9350,1776901779.6916475,i6j0o3mw,2,dagformer-1b,finished,2026-04-21T23:57:59Z
0.24834787427780755,56990.786431728746,,3.3515625,1,,4.907859968,0.10503538829404885,0,3.3515625,0.01,,0.15891397957870654,2.6947368421052656e-05,86333.92566012,1.3473684210526328e-05,9360,1776901996.48793,i6j0o3mw,2,dagformer-1b,finished,2026-04-21T23:57:59Z
0.24685370390493366,56908.2428101144,,3.30078125,1,,4.913102848,0.10555283448767415,0,3.30078125,0.01,,0.1708810773018384,2.652631578947369e-05,86551.39267986,1.3263157894736844e-05,9370,1776902213.5261652,i6j0o3mw,2,dagformer-1b,finished,2026-04-21T23:57:59Z
0.2453827581359982,56825.83166195841,,3.29345703125,1,,4.918345728,0.11486920393536665,0,3.29345703125,0.01,,0.1678189070761602,2.610526315789472e-05,86768.553333808,1.305263157894736e-05,9380,1776902430.993197,i6j0o3mw,2,dagformer-1b,finished,2026-04-21T23:57:59Z
0.2439350514886429,56744.03394013952,,3.2900390625,1,,4.923588608,0.10580773525167843,0,3.2900390625,0.01,,0.2728839721972573,2.56842105263158e-05,86985.363726698,1.28421052631579e-05,9390,1776902648.153874,i6j0o3mw,2,dagformer-1b,finished,2026-04-21T23:57:59Z
0.24251059825114735,56662.87293004432,,3.236083984375,1,,4.928831488,0.10531385852701529,0,3.236083984375,0.01,,0.1450073437610278,2.5263157894736835e-05,87202.064599126,1.2631578947368417e-05,9400,1776902864.9642406,i6j0o3mw,2,dagformer-1b,finished,2026-04-21T23:57:59Z
0.24110941248229,56582.186526049285,,3.29833984375,1,,4.934074368,0.10397308458408552,0,3.29833984375,0.01,,0.13640364439792516,2.484210526315791e-05,87419.012494028,1.2421052631578956e-05,9410,1776903081.6651304,i6j0o3mw,2,dagformer-1b,finished,2026-04-21T23:57:59Z
0.23973150801120893,56501.740339462915,,3.27880859375,1,,4.939317248,0.10871476903605813,0,3.27880859375,0.01,,0.15707478188722832,2.4421052631578944e-05,87636.073850118,1.2210526315789472e-05,9420,1776903298.6130073,i6j0o3mw,2,dagformer-1b,finished,2026-04-21T23:57:59Z
0.23837689843726473,56421.61939768801,,3.30322265625,1,,4.944560128,0.10651063223352064,0,3.30322265625,0.01,,0.1700988612454588,2.400000000000002e-05,87853.382758996,1.200000000000001e-05,9430,1776903515.6743598,i6j0o3mw,2,dagformer-1b,finished,2026-04-21T23:57:59Z
0.23704559712990694,56341.73574528854,,3.3720703125,1,,4.949803008,0.10632947651220508,0,3.3720703125,0.01,,0.15843206889224695,2.3578947368421057e-05,88070.256560293,1.1789473684210529e-05,9440,1776903732.9832823,i6j0o3mw,2,dagformer-1b,finished,2026-04-21T23:57:59Z
0.23573761722854272,56262.52416051438,,3.3671875,1,,4.955045888,0.10505742962458617,0,3.3671875,0.01,,0.12856044821345894,2.315789473684209e-05,88286.973625078,1.1578947368421045e-05,9450,1776903949.8570845,i6j0o3mw,2,dagformer-1b,finished,2026-04-21T23:57:59Z
0.2344529716424047,56183.80160631072,,3.36474609375,1,,4.960288768,0.10578633753759478,0,3.36474609375,0.01,,0.21177850368814788,2.2736842105263167e-05,88503.798792586,1.1368421052631583e-05,9460,1776904166.5741227,i6j0o3mw,2,dagformer-1b,finished,2026-04-21T23:57:59Z
0.23319167305042676,56105.3960267429,,3.34033203125,1,,4.965531648,0.1036982339076329,0,3.34033203125,0.01,,0.13063656909808646,2.23157894736842e-05,88720.83991924,1.11578947368421e-05,9470,1776904383.399304,i6j0o3mw,2,dagformer-1b,finished,2026-04-21T23:57:59Z
0.23195373390111673,56027.23720894436,,3.498046875,1,,4.970774528,0.10518112351163313,0,3.498046875,0.01,,0.14655750461564565,2.189473684210528e-05,88938.223643246,1.094736842105264e-05,9480,1776904600.4404378,i6j0o3mw,2,dagformer-1b,finished,2026-04-21T23:57:59Z
0.23073916641243405,55949.24434149808,,3.28271484375,1,,4.976017408,0.10621042072578755,0,3.28271484375,0.01,,0.20228482417707297,2.1473684210526312e-05,89155.332702517,1.0736842105263156e-05,9490,1776904817.824172,i6j0o3mw,2,dagformer-1b,finished,2026-04-21T23:57:59Z
0.22954798257166964,55871.80406573922,0.0,3.2939453125,1,0.0,4.981260288,0.10508078060978415,0,3.2939453125,0.01,0.0,0.16403506552084868,2.105263157894739e-05,89377.780186134,1.0526315789473695e-05,9500,1776905034.9348557,i6j0o3mw,2,dagformer-1b,finished,2026-04-21T23:57:59Z
0.22838019413532695,55791.407391269306,,3.35498046875,1,,4.986503168,0.1055155045899456,0,3.35498046875,0.01,,0.1888843419386949,2.0631578947368425e-05,89594.544177982,1.0315789473684213e-05,9510,1776905257.3807015,i6j0o3mw,2,dagformer-1b,finished,2026-04-21T23:57:59Z
0.22723581262900652,55714.94400431346,,3.37646484375,1,,4.991746048,0.10543474578902133,0,3.37646484375,0.01,,0.14405167129403523,2.0210526315789458e-05,89811.626555883,1.0105263157894729e-05,9520,1776905474.144756,i6j0o3mw,2,dagformer-1b,finished,2026-04-21T23:57:59Z
0.22611484934729173,55638.65249313566,,3.2705078125,1,,4.996988928,0.10664063884451001,0,3.2705078125,0.01,,0.13011962294175114,1.9789473684210535e-05,90028.933298623,9.894736842105267e-06,9530,1776905691.2270575,i6j0o3mw,2,dagformer-1b,finished,2026-04-21T23:57:59Z
0.22501731535363778,55562.59045799433,,3.36865234375,1,,5.002231808,0.10828866496176116,0,3.36865234375,0.01,,0.1791317085256789,1.9368421052631568e-05,90246.108005045,9.684210526315784e-06,9540,1776905908.5337446,i6j0o3mw,2,dagformer-1b,finished,2026-04-21T23:57:59Z
0.2239432214802619,55486.97586881879,,3.375,1,,5.007474688,0.10921657747860217,0,3.375,0.01,,0.1696712184861834,1.8947368421052648e-05,90462.86659363,9.473684210526324e-06,9550,1776906125.7085223,i6j0o3mw,2,dagformer-1b,finished,2026-04-21T23:57:59Z
0.22289257832803716,55411.979247679,,3.294189453125,1,,5.012717568,0.10815902563767935,0,3.294189453125,0.01,,0.1526450444561845,1.852631578947368e-05,90679.278892708,9.26315789473684e-06,9560,1776906342.4670973,i6j0o3mw,2,dagformer-1b,finished,2026-04-21T23:57:59Z
0.2218653962663872,55337.55242688977,,3.29345703125,1,,5.017960448,0.10660059314212629,0,3.29345703125,0.01,,0.2141139166100802,1.8105263157894758e-05,90896.125134903,9.052631578947379e-06,9570,1776906558.8794043,i6j0o3mw,2,dagformer-1b,finished,2026-04-21T23:57:59Z
0.22086168543318419,55263.21624218586,,3.4052734375,1,,5.023203328,0.1097524046609139,0,3.4052734375,0.01,,0.19322977354279025,1.7684210526315794e-05,91113.310941368,8.842105263157897e-06,9580,1776906775.7256439,i6j0o3mw,2,dagformer-1b,finished,2026-04-21T23:57:59Z
0.21988145573464932,55189.028160472684,,3.28466796875,1,,5.028446208,0.10506983640739917,0,3.28466796875,0.01,,0.12119257940575552,1.7263157894736826e-05,91330.77815731,8.631578947368413e-06,9590,1776906992.911563,i6j0o3mw,2,dagformer-1b,finished,2026-04-21T23:57:59Z
0.2189247168452534,55115.02323642607,,3.328125,1,,5.033689088,0.105284809286538,0,3.328125,0.01,,0.1466346380951934,1.6842105263157903e-05,91548.056392083,8.421052631578952e-06,9600,1776907210.378702,i6j0o3mw,2,dagformer-1b,finished,2026-04-21T23:57:59Z
0.21799147820762307,55041.483435427646,,3.26806640625,1,,5.038931968,0.10577589937993517,0,3.26806640625,0.01,,0.12882580186548614,1.6421052631578936e-05,91764.829940713,8.210526315789468e-06,9610,1776907427.6569085,i6j0o3mw,2,dagformer-1b,finished,2026-04-21T23:57:59Z
0.2170817490324474,54968.594179160325,,3.29296875,1,,5.044174848,0.10403291217105265,0,3.29296875,0.01,,0.12312456836933075,1.6000000000000016e-05,91981.6165998,8.000000000000008e-06,9620,1776907644.4304504,i6j0o3mw,2,dagformer-1b,finished,2026-04-21T23:57:59Z
0.21619553829838553,54896.04063212823,,3.24267578125,1,,5.049417728,0.10353639257544275,0,3.24267578125,0.01,,0.1262227386037756,1.557894736842105e-05,92198.607795277,7.789473684210524e-06,9630,1776907861.2171156,i6j0o3mw,2,dagformer-1b,finished,2026-04-21T23:57:59Z
0.21533285475197986,54823.70674363622,,3.27099609375,1,,5.054660608,0.10496186326794456,0,3.27099609375,0.01,,0.13403333251876678,1.5157894736842126e-05,92415.76088432,7.578947368421063e-06,9640,1776908078.2083254,i6j0o3mw,2,dagformer-1b,finished,2026-04-21T23:57:59Z
0.21449370690756872,54751.61648688854,,3.3076171875,1,,5.059903488,0.10560456429971156,0,3.3076171875,0.01,,0.11618738105669035,1.473684210526316e-05,92633.059068054,7.36842105263158e-06,9650,1776908295.3613918,i6j0o3mw,2,dagformer-1b,finished,2026-04-21T23:57:59Z
0.21367810304720258,54679.778560121485,,3.23681640625,1,,5.065146368,0.10446596571903981,0,3.23681640625,0.01,,0.13105626330614717,1.4315789473684193e-05,92849.916675135,7.1578947368420965e-06,9660,1776908512.6596935,i6j0o3mw,2,dagformer-1b,finished,2026-04-21T23:57:59Z
0.21288605122056242,54608.536184934026,,3.22998046875,1,,5.070389248,0.10763381296141039,0,3.22998046875,0.01,,0.17525019157915123,1.3894736842105272e-05,93066.695252466,6.947368421052636e-06,9670,1776908729.5172143,i6j0o3mw,2,dagformer-1b,finished,2026-04-21T23:57:59Z
0.2121175592448796,54537.672089575375,,3.3466796875,1,,5.075632128,0.1130739222932478,0,3.3466796875,0.01,,0.1552401237554135,1.3473684210526304e-05,93283.437699658,6.736842105263152e-06,9680,1776908946.2957597,i6j0o3mw,2,dagformer-1b,finished,2026-04-21T23:57:59Z
0.21137263470486004,54467.15834904792,,3.2724609375,1,,5.080875008,0.1037512957068996,0,3.2724609375,0.01,,0.11032804984457613,1.3052631578947383e-05,93500.180415412,6.526315789473691e-06,9690,1776909163.0382044,i6j0o3mw,2,dagformer-1b,finished,2026-04-21T23:57:59Z
0.21065128495260801,54396.97141133509,,3.27978515625,1,,5.086117888,0.10448797707336335,0,3.27978515625,0.01,,0.13524855726907814,1.2631578947368417e-05,93717.205535282,6.315789473684209e-06,9700,1776909379.7809234,i6j0o3mw,2,dagformer-1b,finished,2026-04-21T23:57:59Z
0.20995351710755444,54326.945424322264,,3.19287109375,1,,5.091360768,0.10396346638249147,0,3.19287109375,0.01,,0.12909907790846034,1.2210526315789494e-05,93934.45949252,6.105263157894747e-06,9710,1776909596.8060436,i6j0o3mw,2,dagformer-1b,finished,2026-04-21T23:57:59Z
0.20927933805638627,54257.11083729287,,3.2734375,1,,5.096603648,0.10781970237260172,0,3.2734375,0.01,,0.153405969261085,1.1789473684210529e-05,94151.365353544,5.894736842105264e-06,9720,1776909814.0600061,i6j0o3mw,2,dagformer-1b,finished,2026-04-21T23:57:59Z
0.20862875445297827,54187.798861016374,,3.328125,1,,5.101846528,0.10371502130223498,0,3.328125,0.01,,0.14791956820501798,1.1368421052631561e-05,94367.91020584,5.684210526315781e-06,9730,1776910030.9658785,i6j0o3mw,2,dagformer-1b,finished,2026-04-21T23:57:59Z
0.20800177271832831,54119.012526364,,3.30810546875,1,,5.107089408,0.1052432676577381,0,3.30810546875,0.01,,0.13275529904600492,1.094736842105264e-05,94584.682495576,5.47368421052632e-06,9740,1776910247.5107222,i6j0o3mw,2,dagformer-1b,finished,2026-04-21T23:57:59Z
0.2073983990404929,54050.41116940877,,3.27587890625,1,,5.112332288,0.1059118447039518,0,3.27587890625,0.01,,0.13088419371711785,1.0526315789473673e-05,94801.79845116,5.263157894736836e-06,9750,1776910464.283003,i6j0o3mw,2,dagformer-1b,finished,2026-04-21T23:57:59Z
0.20681863937452657,53981.92794357687,,3.35400390625,1,,5.117575168,0.10799349341204799,0,3.35400390625,0.01,,0.19946159469338967,1.0105263157894751e-05,95019.039494808,5.0526315789473755e-06,9760,1776910681.3989508,i6j0o3mw,2,dagformer-1b,finished,2026-04-21T23:57:59Z
0.20626249944242314,53913.68671000842,,3.29150390625,1,,5.122818048,0.10384900851576921,0,3.29150390625,0.01,,0.15049428664702574,9.684210526315784e-06,95236.304983354,4.842105263157892e-06,9770,1776910898.640014,i6j0o3mw,2,dagformer-1b,finished,2026-04-21T23:57:59Z
0.20572998473305948,53845.74289254989,,3.29638671875,1,,5.128060928,0.10839542522532804,0,3.29638671875,0.01,,0.131855165431064,9.263157894736862e-06,95453.135937756,4.631578947368431e-06,9780,1776911115.905505,i6j0o3mw,2,dagformer-1b,finished,2026-04-21T23:57:59Z
0.20522110050214046,53778.35322997957,,3.271484375,1,,5.133303808,0.11181873796154744,0,3.271484375,0.01,,0.187659287914953,8.842105263157897e-06,95669.609202822,4.421052631578948e-06,9790,1776911332.736448,i6j0o3mw,2,dagformer-1b,finished,2026-04-21T23:57:59Z
0.20473585177214826,53711.46991864418,,3.34912109375,1,,5.138546688,0.10689404615047932,0,3.34912109375,0.01,,0.12616688355758623,8.42105263157893e-06,95886.546127666,4.210526315789465e-06,9800,1776911549.2096753,i6j0o3mw,2,dagformer-1b,finished,2026-04-21T23:57:59Z
0.2042742433322917,53644.62905260202,,3.26171875,1,,5.143789568,0.10568781825367876,0,3.26171875,0.01,,0.1404705745328859,8.000000000000008e-06,96103.549630649,4.000000000000004e-06,9810,1776911766.1466396,i6j0o3mw,2,dagformer-1b,finished,2026-04-21T23:57:59Z
0.20383627973845997,53578.05289168594,,3.3310546875,1,,5.149032448,0.10369486731241226,0,3.3310546875,0.01,,0.1239843650483918,7.578947368421041e-06,96320.74976824,3.7894736842105204e-06,9820,1776911983.15025,i6j0o3mw,2,dagformer-1b,finished,2026-04-21T23:57:59Z
0.20342196531317677,53511.66749824018,,3.33740234375,1,,5.154275328,0.10406574560810614,0,3.33740234375,0.01,,0.16480698537986516,7.157894736842119e-06,96538.099473027,3.5789473684210597e-06,9830,1776912200.350271,i6j0o3mw,2,dagformer-1b,finished,2026-04-21T23:57:59Z
0.2030313041455581,53445.498005223904,,3.287109375,1,,5.159518208,0.1039733222683082,0,3.287109375,0.01,,0.15025491601269025,6.736842105263152e-06,96754.925885507,3.368421052631576e-06,9840,1776912417.6999924,i6j0o3mw,2,dagformer-1b,finished,2026-04-21T23:57:59Z
0.20266430009127223,53379.91455659538,,3.46728515625,1,,5.164761088,0.10750528843466703,0,3.46728515625,0.01,,0.17693881882916812,6.315789473684231e-06,96971.584382923,3.1578947368421153e-06,9850,1776912634.5263982,i6j0o3mw,2,dagformer-1b,finished,2026-04-21T23:57:59Z
0.20232095677250073,53314.71678127986,,3.37646484375,1,,5.170003968,0.10517899143926883,0,3.37646484375,0.01,,0.14991942893521612,5.894736842105264e-06,97188.617648145,2.947368421052632e-06,9860,1776912851.184899,i6j0o3mw,2,dagformer-1b,finished,2026-04-21T23:57:59Z
0.2020012775779038,53249.60419176585,,3.147216796875,1,,5.175246848,0.12109558535156305,0,3.147216796875,0.01,,0.17866079520972963,5.473684210526298e-06,97405.796622089,2.736842105263149e-06,9870,1776913068.218155,i6j0o3mw,2,dagformer-1b,finished,2026-04-21T23:57:59Z
0.20170526566258593,53184.70220387529,,3.25146484375,1,,5.180489728,0.10536971316136122,0,3.25146484375,0.01,,0.13297451958238424,5.0526315789473755e-06,97623.07317577,2.5263157894736878e-06,9880,1776913285.3971424,i6j0o3mw,2,dagformer-1b,finished,2026-04-21T23:57:59Z
0.20143292394806506,53120.03593170818,,3.31640625,1,,5.185732608,0.10427416919061161,0,3.31640625,0.01,,0.14140512816296932,4.631578947368409e-06,97839.971385126,2.3157894736842046e-06,9890,1776913502.6736796,i6j0o3mw,2,dagformer-1b,finished,2026-04-21T23:57:59Z
0.20118425512224417,53055.8620272891,,3.35400390625,1,,5.190975488,0.1060314679291085,0,3.35400390625,0.01,,0.1282358305526616,4.210526315789487e-06,98056.447680067,2.1052631578947434e-06,9900,1776913719.5718892,i6j0o3mw,2,dagformer-1b,finished,2026-04-21T23:57:59Z
0.20095926163938432,52992.20015896007,,3.20556640625,1,,5.196218368,0.10542236111221327,0,3.20556640625,0.01,,0.1379441954549917,3.7894736842105204e-06,98273.074715196,1.8947368421052602e-06,9910,1776913936.0481994,i6j0o3mw,2,dagformer-1b,finished,2026-04-21T23:57:59Z
0.20075794572008016,52928.73747342368,,3.33251953125,1,,5.201461248,0.10424135654277131,0,3.33251953125,0.01,,0.11479510761305393,3.3684210526315985e-06,98489.949401967,1.6842105263157993e-06,9920,1776914152.6752315,i6j0o3mw,2,dagformer-1b,finished,2026-04-21T23:57:59Z
0.2005803093512383,52865.421000882816,,3.30126953125,1,,5.206704128,0.10432186136142034,0,3.30126953125,0.01,,0.1628380752706835,2.947368421052632e-06,98707.174674858,1.473684210526316e-06,9930,1776914369.5499327,i6j0o3mw,2,dagformer-1b,finished,2026-04-21T23:57:59Z
0.20042635428605848,52802.19524751447,,3.2841796875,1,,5.211947008,0.10392687098513578,0,3.2841796875,0.01,,0.1332877579435772,2.5263157894736658e-06,98924.574163799,1.2631578947368329e-06,9940,1776914586.7751882,i6j0o3mw,2,dagformer-1b,finished,2026-04-21T23:57:59Z
0.2002960820440146,52739.15418545838,,3.3583984375,1,,5.217189888,0.10652238887400262,0,3.3583984375,0.01,,0.13349326095683575,2.1052631578947434e-06,99141.542949628,1.0526315789473717e-06,9950,1776914804.1746728,i6j0o3mw,2,dagformer-1b,finished,2026-04-21T23:57:59Z
0.20018949391084134,52676.618523804565,,3.26953125,1,,5.222432768,0.104958882432611,0,3.26953125,0.01,,0.13322655163555686,1.684210526315777e-06,99358.174842563,8.421052631578885e-07,9960,1776915021.1434608,i6j0o3mw,2,dagformer-1b,finished,2026-04-21T23:57:59Z
0.20010659093852043,52614.53447159332,,3.28125,1,,5.227675648,0.10405566076772123,0,3.28125,0.01,,0.11257300791498091,1.263157894736855e-06,99574.916559833,6.315789473684274e-07,9970,1776915237.7753544,i6j0o3mw,2,dagformer-1b,finished,2026-04-21T23:57:59Z
0.20004737394527095,52552.66262836113,,3.3291015625,1,,5.232918528,0.1064744631611488,0,3.3291015625,0.01,,0.13087083207675662,8.421052631578885e-07,99792.024490001,4.2105263157894426e-07,9980,1776915454.5170643,i6j0o3mw,2,dagformer-1b,finished,2026-04-21T23:57:59Z
0.2000118435155403,52490.866791090375,,3.220703125,1,,5.238161408,0.1057973667258803,0,3.220703125,0.01,,0.11795271059533458,4.2105263157896644e-07,99993.741339768,2.1052631578948322e-07,9990,1776915671.624992,i6j0o3mw,2,dagformer-1b,finished,2026-04-21T23:57:59Z
