step,loss,tokens,run_id,run_name,created_at,tokens_B
1.0,11.950813293457031,2097152.0,gfm5tift,peteish1-20241104_062203,2024-11-04T06:22:43Z,0.002097152
2.0,11.942741394042969,4194304.0,gfm5tift,peteish1-20241104_062203,2024-11-04T06:22:43Z,0.004194304
3.0,11.911705017089844,6291456.0,gfm5tift,peteish1-20241104_062203,2024-11-04T06:22:43Z,0.006291456
4.0,11.917457580566406,8388608.0,gfm5tift,peteish1-20241104_062203,2024-11-04T06:22:43Z,0.008388608
5.0,11.900247573852539,10485760.0,gfm5tift,peteish1-20241104_062203,2024-11-04T06:22:43Z,0.01048576
6.0,11.872620582580566,12582912.0,gfm5tift,peteish1-20241104_062203,2024-11-04T06:22:43Z,0.012582912
7.0,11.83939266204834,14680064.0,gfm5tift,peteish1-20241104_062203,2024-11-04T06:22:43Z,0.014680064
8.0,11.798163414001465,16777216.0,gfm5tift,peteish1-20241104_062203,2024-11-04T06:22:43Z,0.016777216
9.0,11.754619598388672,18874368.0,gfm5tift,peteish1-20241104_062203,2024-11-04T06:22:43Z,0.018874368
10.0,11.706809997558594,20971520.0,gfm5tift,peteish1-20241104_062203,2024-11-04T06:22:43Z,0.02097152
11.0,11.605834007263184,23068672.0,gfm5tift,peteish1-20241104_062203,2024-11-04T06:22:43Z,0.023068672
12.0,11.588994979858398,25165824.0,gfm5tift,peteish1-20241104_062203,2024-11-04T06:22:43Z,0.025165824
13.0,11.498412132263184,27262976.0,gfm5tift,peteish1-20241104_062203,2024-11-04T06:22:43Z,0.027262976
14.0,11.460663795471191,29360128.0,gfm5tift,peteish1-20241104_062203,2024-11-04T06:22:43Z,0.029360128
15.0,11.38122844696045,31457280.0,gfm5tift,peteish1-20241104_062203,2024-11-04T06:22:43Z,0.03145728
16.0,11.28508186340332,33554432.0,gfm5tift,peteish1-20241104_062203,2024-11-04T06:22:43Z,0.033554432
17.0,11.22413444519043,35651584.0,gfm5tift,peteish1-20241104_062203,2024-11-04T06:22:43Z,0.035651584
18.0,11.167823791503906,37748736.0,gfm5tift,peteish1-20241104_062203,2024-11-04T06:22:43Z,0.037748736
19.0,11.066145896911621,39845888.0,gfm5tift,peteish1-20241104_062203,2024-11-04T06:22:43Z,0.039845888
20.0,10.957311630249023,41943040.0,gfm5tift,peteish1-20241104_062203,2024-11-04T06:22:43Z,0.04194304
21.0,10.900758743286133,44040192.0,gfm5tift,peteish1-20241104_062203,2024-11-04T06:22:43Z,0.044040192
22.0,10.83414363861084,46137344.0,gfm5tift,peteish1-20241104_062203,2024-11-04T06:22:43Z,0.046137344
23.0,10.721443176269531,48234496.0,gfm5tift,peteish1-20241104_062203,2024-11-04T06:22:43Z,0.048234496
24.0,10.644254684448242,50331648.0,gfm5tift,peteish1-20241104_062203,2024-11-04T06:22:43Z,0.050331648
25.0,10.554956436157227,52428800.0,gfm5tift,peteish1-20241104_062203,2024-11-04T06:22:43Z,0.0524288
26.0,10.522802352905273,54525952.0,gfm5tift,peteish1-20241104_062203,2024-11-04T06:22:43Z,0.054525952
27.0,10.45595645904541,56623104.0,gfm5tift,peteish1-20241104_062203,2024-11-04T06:22:43Z,0.056623104
28.0,10.394157409667969,58720256.0,gfm5tift,peteish1-20241104_062203,2024-11-04T06:22:43Z,0.058720256
29.0,10.335491180419922,60817408.0,gfm5tift,peteish1-20241104_062203,2024-11-04T06:22:43Z,0.060817408
30.0,10.285335540771484,62914560.0,gfm5tift,peteish1-20241104_062203,2024-11-04T06:22:43Z,0.06291456
31.0,10.234977722167969,65011712.0,gfm5tift,peteish1-20241104_062203,2024-11-04T06:22:43Z,0.065011712
32.0,10.167009353637695,67108864.0,gfm5tift,peteish1-20241104_062203,2024-11-04T06:22:43Z,0.067108864
33.0,10.145044326782227,69206016.0,gfm5tift,peteish1-20241104_062203,2024-11-04T06:22:43Z,0.069206016
34.0,10.024304389953613,71303168.0,gfm5tift,peteish1-20241104_062203,2024-11-04T06:22:43Z,0.071303168
35.0,10.017251014709473,73400320.0,gfm5tift,peteish1-20241104_062203,2024-11-04T06:22:43Z,0.07340032
36.0,9.952123641967773,75497472.0,gfm5tift,peteish1-20241104_062203,2024-11-04T06:22:43Z,0.075497472
37.0,9.957206726074219,77594624.0,gfm5tift,peteish1-20241104_062203,2024-11-04T06:22:43Z,0.077594624
38.0,9.897522926330566,79691776.0,gfm5tift,peteish1-20241104_062203,2024-11-04T06:22:43Z,0.079691776
39.0,9.856212615966797,81788928.0,gfm5tift,peteish1-20241104_062203,2024-11-04T06:22:43Z,0.081788928
40.0,9.798872947692871,83886080.0,gfm5tift,peteish1-20241104_062203,2024-11-04T06:22:43Z,0.08388608
41.0,9.769425392150879,85983232.0,gfm5tift,peteish1-20241104_062203,2024-11-04T06:22:43Z,0.085983232
42.0,9.752891540527344,88080384.0,gfm5tift,peteish1-20241104_062203,2024-11-04T06:22:43Z,0.088080384
43.0,9.689051628112793,90177536.0,gfm5tift,peteish1-20241104_062203,2024-11-04T06:22:43Z,0.090177536
44.0,9.674330711364746,92274688.0,gfm5tift,peteish1-20241104_062203,2024-11-04T06:22:43Z,0.092274688
45.0,9.619073867797852,94371840.0,gfm5tift,peteish1-20241104_062203,2024-11-04T06:22:43Z,0.09437184
46.0,9.58967113494873,96468992.0,gfm5tift,peteish1-20241104_062203,2024-11-04T06:22:43Z,0.096468992
47.0,9.573681831359863,98566144.0,gfm5tift,peteish1-20241104_062203,2024-11-04T06:22:43Z,0.098566144
48.0,9.5558443069458,100663296.0,gfm5tift,peteish1-20241104_062203,2024-11-04T06:22:43Z,0.100663296
49.0,9.528095245361328,102760448.0,gfm5tift,peteish1-20241104_062203,2024-11-04T06:22:43Z,0.102760448
50.0,9.546272277832031,104857600.0,gfm5tift,peteish1-20241104_062203,2024-11-04T06:22:43Z,0.1048576
51.0,9.47067928314209,106954752.0,gfm5tift,peteish1-20241104_062203,2024-11-04T06:22:43Z,0.106954752
52.0,9.41787052154541,109051904.0,gfm5tift,peteish1-20241104_062203,2024-11-04T06:22:43Z,0.109051904
53.0,9.416640281677246,111149056.0,gfm5tift,peteish1-20241104_062203,2024-11-04T06:22:43Z,0.111149056
54.0,9.378716468811035,113246208.0,gfm5tift,peteish1-20241104_062203,2024-11-04T06:22:43Z,0.113246208
55.0,9.404685974121094,115343360.0,gfm5tift,peteish1-20241104_062203,2024-11-04T06:22:43Z,0.11534336
56.0,9.387600898742676,117440512.0,gfm5tift,peteish1-20241104_062203,2024-11-04T06:22:43Z,0.117440512
57.0,9.331591606140137,119537664.0,gfm5tift,peteish1-20241104_062203,2024-11-04T06:22:43Z,0.119537664
58.0,9.295086860656738,121634816.0,gfm5tift,peteish1-20241104_062203,2024-11-04T06:22:43Z,0.121634816
59.0,9.346105575561523,123731968.0,gfm5tift,peteish1-20241104_062203,2024-11-04T06:22:43Z,0.123731968
60.0,9.252201080322266,125829120.0,gfm5tift,peteish1-20241104_062203,2024-11-04T06:22:43Z,0.12582912
61.0,9.192643165588379,127926272.0,gfm5tift,peteish1-20241104_062203,2024-11-04T06:22:43Z,0.127926272
62.0,9.238654136657715,130023424.0,gfm5tift,peteish1-20241104_062203,2024-11-04T06:22:43Z,0.130023424
63.0,9.194451332092285,132120576.0,gfm5tift,peteish1-20241104_062203,2024-11-04T06:22:43Z,0.132120576
64.0,9.17879581451416,134217728.0,gfm5tift,peteish1-20241104_062203,2024-11-04T06:22:43Z,0.134217728
65.0,9.16691780090332,136314880.0,gfm5tift,peteish1-20241104_062203,2024-11-04T06:22:43Z,0.13631488
66.0,9.150324821472168,138412032.0,gfm5tift,peteish1-20241104_062203,2024-11-04T06:22:43Z,0.138412032
67.0,9.118510246276855,140509184.0,gfm5tift,peteish1-20241104_062203,2024-11-04T06:22:43Z,0.140509184
68.0,9.104927062988281,142606336.0,gfm5tift,peteish1-20241104_062203,2024-11-04T06:22:43Z,0.142606336
69.0,9.07955265045166,144703488.0,gfm5tift,peteish1-20241104_062203,2024-11-04T06:22:43Z,0.144703488
70.0,9.090044975280762,146800640.0,gfm5tift,peteish1-20241104_062203,2024-11-04T06:22:43Z,0.14680064
71.0,9.039295196533203,148897792.0,gfm5tift,peteish1-20241104_062203,2024-11-04T06:22:43Z,0.148897792
72.0,9.032817840576172,150994944.0,gfm5tift,peteish1-20241104_062203,2024-11-04T06:22:43Z,0.150994944
73.0,8.995201110839844,153092096.0,gfm5tift,peteish1-20241104_062203,2024-11-04T06:22:43Z,0.153092096
74.0,8.997663497924805,155189248.0,gfm5tift,peteish1-20241104_062203,2024-11-04T06:22:43Z,0.155189248
75.0,8.936933517456055,157286400.0,gfm5tift,peteish1-20241104_062203,2024-11-04T06:22:43Z,0.1572864
76.0,8.953733444213867,159383552.0,gfm5tift,peteish1-20241104_062203,2024-11-04T06:22:43Z,0.159383552
77.0,8.911999702453613,161480704.0,gfm5tift,peteish1-20241104_062203,2024-11-04T06:22:43Z,0.161480704
78.0,8.868867874145508,163577856.0,gfm5tift,peteish1-20241104_062203,2024-11-04T06:22:43Z,0.163577856
79.0,8.866965293884277,165675008.0,gfm5tift,peteish1-20241104_062203,2024-11-04T06:22:43Z,0.165675008
80.0,8.83936882019043,167772160.0,gfm5tift,peteish1-20241104_062203,2024-11-04T06:22:43Z,0.16777216
81.0,8.83117389678955,169869312.0,gfm5tift,peteish1-20241104_062203,2024-11-04T06:22:43Z,0.169869312
82.0,8.782861709594727,171966464.0,gfm5tift,peteish1-20241104_062203,2024-11-04T06:22:43Z,0.171966464
83.0,8.759771347045898,174063616.0,gfm5tift,peteish1-20241104_062203,2024-11-04T06:22:43Z,0.174063616
84.0,8.751561164855957,176160768.0,gfm5tift,peteish1-20241104_062203,2024-11-04T06:22:43Z,0.176160768
85.0,8.730213165283203,178257920.0,gfm5tift,peteish1-20241104_062203,2024-11-04T06:22:43Z,0.17825792
86.0,8.712315559387207,180355072.0,gfm5tift,peteish1-20241104_062203,2024-11-04T06:22:43Z,0.180355072
87.0,8.676326751708984,182452224.0,gfm5tift,peteish1-20241104_062203,2024-11-04T06:22:43Z,0.182452224
88.0,8.640644073486328,184549376.0,gfm5tift,peteish1-20241104_062203,2024-11-04T06:22:43Z,0.184549376
89.0,8.618240356445312,186646528.0,gfm5tift,peteish1-20241104_062203,2024-11-04T06:22:43Z,0.186646528
90.0,8.59048843383789,188743680.0,gfm5tift,peteish1-20241104_062203,2024-11-04T06:22:43Z,0.18874368
91.0,8.556459426879883,190840832.0,gfm5tift,peteish1-20241104_062203,2024-11-04T06:22:43Z,0.190840832
92.0,8.582592964172363,192937984.0,gfm5tift,peteish1-20241104_062203,2024-11-04T06:22:43Z,0.192937984
93.0,8.544601440429688,195035136.0,gfm5tift,peteish1-20241104_062203,2024-11-04T06:22:43Z,0.195035136
94.0,8.487770080566406,197132288.0,gfm5tift,peteish1-20241104_062203,2024-11-04T06:22:43Z,0.197132288
95.0,8.470877647399902,199229440.0,gfm5tift,peteish1-20241104_062203,2024-11-04T06:22:43Z,0.19922944
96.0,8.42042064666748,201326592.0,gfm5tift,peteish1-20241104_062203,2024-11-04T06:22:43Z,0.201326592
97.0,8.41934871673584,203423744.0,gfm5tift,peteish1-20241104_062203,2024-11-04T06:22:43Z,0.203423744
98.0,8.415297508239746,205520896.0,gfm5tift,peteish1-20241104_062203,2024-11-04T06:22:43Z,0.205520896
99.0,8.393868446350098,207618048.0,gfm5tift,peteish1-20241104_062203,2024-11-04T06:22:43Z,0.207618048
100.0,8.388399124145508,209715200.0,gfm5tift,peteish1-20241104_062203,2024-11-04T06:22:43Z,0.2097152
101.0,8.332789421081543,211812352.0,gfm5tift,peteish1-20241104_062203,2024-11-04T06:22:43Z,0.211812352
102.0,8.30876636505127,213909504.0,gfm5tift,peteish1-20241104_062203,2024-11-04T06:22:43Z,0.213909504
103.0,8.287487030029297,216006656.0,gfm5tift,peteish1-20241104_062203,2024-11-04T06:22:43Z,0.216006656
104.0,8.242241859436035,218103808.0,gfm5tift,peteish1-20241104_062203,2024-11-04T06:22:43Z,0.218103808
105.0,8.229401588439941,220200960.0,gfm5tift,peteish1-20241104_062203,2024-11-04T06:22:43Z,0.22020096
106.0,8.20659351348877,222298112.0,gfm5tift,peteish1-20241104_062203,2024-11-04T06:22:43Z,0.222298112
107.0,8.208767890930176,224395264.0,gfm5tift,peteish1-20241104_062203,2024-11-04T06:22:43Z,0.224395264
108.0,8.1966552734375,226492416.0,gfm5tift,peteish1-20241104_062203,2024-11-04T06:22:43Z,0.226492416
109.0,8.138375282287598,228589568.0,gfm5tift,peteish1-20241104_062203,2024-11-04T06:22:43Z,0.228589568
110.0,8.10818099975586,230686720.0,gfm5tift,peteish1-20241104_062203,2024-11-04T06:22:43Z,0.23068672
111.0,8.11091136932373,232783872.0,gfm5tift,peteish1-20241104_062203,2024-11-04T06:22:43Z,0.232783872
112.0,8.060103416442871,234881024.0,gfm5tift,peteish1-20241104_062203,2024-11-04T06:22:43Z,0.234881024
113.0,8.079178810119629,236978176.0,gfm5tift,peteish1-20241104_062203,2024-11-04T06:22:43Z,0.236978176
114.0,8.038361549377441,239075328.0,gfm5tift,peteish1-20241104_062203,2024-11-04T06:22:43Z,0.239075328
115.0,7.984035968780518,241172480.0,gfm5tift,peteish1-20241104_062203,2024-11-04T06:22:43Z,0.24117248
116.0,8.000969886779785,243269632.0,gfm5tift,peteish1-20241104_062203,2024-11-04T06:22:43Z,0.243269632
117.0,8.0136137008667,245366784.0,gfm5tift,peteish1-20241104_062203,2024-11-04T06:22:43Z,0.245366784
118.0,7.966882705688477,247463936.0,gfm5tift,peteish1-20241104_062203,2024-11-04T06:22:43Z,0.247463936
119.0,7.926599025726318,249561088.0,gfm5tift,peteish1-20241104_062203,2024-11-04T06:22:43Z,0.249561088
120.0,7.8633928298950195,251658240.0,gfm5tift,peteish1-20241104_062203,2024-11-04T06:22:43Z,0.25165824
121.0,7.866811752319336,253755392.0,gfm5tift,peteish1-20241104_062203,2024-11-04T06:22:43Z,0.253755392
122.0,7.823693752288818,255852544.0,gfm5tift,peteish1-20241104_062203,2024-11-04T06:22:43Z,0.255852544
123.0,7.838873386383057,257949696.0,gfm5tift,peteish1-20241104_062203,2024-11-04T06:22:43Z,0.257949696
124.0,7.827312469482422,260046848.0,gfm5tift,peteish1-20241104_062203,2024-11-04T06:22:43Z,0.260046848
125.0,7.788520336151123,262144000.0,gfm5tift,peteish1-20241104_062203,2024-11-04T06:22:43Z,0.262144
126.0,7.78522253036499,264241152.0,gfm5tift,peteish1-20241104_062203,2024-11-04T06:22:43Z,0.264241152
127.0,7.768869876861572,266338304.0,gfm5tift,peteish1-20241104_062203,2024-11-04T06:22:43Z,0.266338304
128.0,7.7400431632995605,268435456.0,gfm5tift,peteish1-20241104_062203,2024-11-04T06:22:43Z,0.268435456
129.0,7.707566261291504,270532608.0,gfm5tift,peteish1-20241104_062203,2024-11-04T06:22:43Z,0.270532608
130.0,7.712210655212402,272629760.0,gfm5tift,peteish1-20241104_062203,2024-11-04T06:22:43Z,0.27262976
131.0,7.691262245178223,274726912.0,gfm5tift,peteish1-20241104_062203,2024-11-04T06:22:43Z,0.274726912
132.0,7.672295093536377,276824064.0,gfm5tift,peteish1-20241104_062203,2024-11-04T06:22:43Z,0.276824064
133.0,7.702735900878906,278921216.0,gfm5tift,peteish1-20241104_062203,2024-11-04T06:22:43Z,0.278921216
134.0,7.619986534118652,281018368.0,gfm5tift,peteish1-20241104_062203,2024-11-04T06:22:43Z,0.281018368
135.0,7.64030647277832,283115520.0,gfm5tift,peteish1-20241104_062203,2024-11-04T06:22:43Z,0.28311552
136.0,7.6100006103515625,285212672.0,gfm5tift,peteish1-20241104_062203,2024-11-04T06:22:43Z,0.285212672
137.0,7.585165023803711,287309824.0,gfm5tift,peteish1-20241104_062203,2024-11-04T06:22:43Z,0.287309824
138.0,7.577131271362305,289406976.0,gfm5tift,peteish1-20241104_062203,2024-11-04T06:22:43Z,0.289406976
139.0,7.553363800048828,291504128.0,gfm5tift,peteish1-20241104_062203,2024-11-04T06:22:43Z,0.291504128
140.0,7.5244879722595215,293601280.0,gfm5tift,peteish1-20241104_062203,2024-11-04T06:22:43Z,0.29360128
141.0,7.565915107727051,295698432.0,gfm5tift,peteish1-20241104_062203,2024-11-04T06:22:43Z,0.295698432
142.0,7.497598171234131,297795584.0,gfm5tift,peteish1-20241104_062203,2024-11-04T06:22:43Z,0.297795584
143.0,7.535024642944336,299892736.0,gfm5tift,peteish1-20241104_062203,2024-11-04T06:22:43Z,0.299892736
144.0,7.444236755371094,301989888.0,gfm5tift,peteish1-20241104_062203,2024-11-04T06:22:43Z,0.301989888
145.0,7.501518249511719,304087040.0,gfm5tift,peteish1-20241104_062203,2024-11-04T06:22:43Z,0.30408704
146.0,7.456798076629639,306184192.0,gfm5tift,peteish1-20241104_062203,2024-11-04T06:22:43Z,0.306184192
147.0,7.457528114318848,308281344.0,gfm5tift,peteish1-20241104_062203,2024-11-04T06:22:43Z,0.308281344
148.0,7.4364094734191895,310378496.0,gfm5tift,peteish1-20241104_062203,2024-11-04T06:22:43Z,0.310378496
149.0,7.376467704772949,312475648.0,gfm5tift,peteish1-20241104_062203,2024-11-04T06:22:43Z,0.312475648
150.0,7.342541217803955,314572800.0,gfm5tift,peteish1-20241104_062203,2024-11-04T06:22:43Z,0.3145728
151.0,7.366148471832275,316669952.0,gfm5tift,peteish1-20241104_062203,2024-11-04T06:22:43Z,0.316669952
152.0,7.353292942047119,318767104.0,gfm5tift,peteish1-20241104_062203,2024-11-04T06:22:43Z,0.318767104
153.0,7.3660712242126465,320864256.0,gfm5tift,peteish1-20241104_062203,2024-11-04T06:22:43Z,0.320864256
154.0,7.359264373779297,322961408.0,gfm5tift,peteish1-20241104_062203,2024-11-04T06:22:43Z,0.322961408
155.0,7.294510841369629,325058560.0,gfm5tift,peteish1-20241104_062203,2024-11-04T06:22:43Z,0.32505856
156.0,7.274787425994873,327155712.0,gfm5tift,peteish1-20241104_062203,2024-11-04T06:22:43Z,0.327155712
157.0,7.271848201751709,329252864.0,gfm5tift,peteish1-20241104_062203,2024-11-04T06:22:43Z,0.329252864
158.0,7.265054225921631,331350016.0,gfm5tift,peteish1-20241104_062203,2024-11-04T06:22:43Z,0.331350016
159.0,7.244124889373779,333447168.0,gfm5tift,peteish1-20241104_062203,2024-11-04T06:22:43Z,0.333447168
160.0,7.267321586608887,335544320.0,gfm5tift,peteish1-20241104_062203,2024-11-04T06:22:43Z,0.33554432
161.0,7.26051139831543,337641472.0,gfm5tift,peteish1-20241104_062203,2024-11-04T06:22:43Z,0.337641472
162.0,7.225648880004883,339738624.0,gfm5tift,peteish1-20241104_062203,2024-11-04T06:22:43Z,0.339738624
163.0,7.198835372924805,341835776.0,gfm5tift,peteish1-20241104_062203,2024-11-04T06:22:43Z,0.341835776
164.0,7.237009525299072,343932928.0,gfm5tift,peteish1-20241104_062203,2024-11-04T06:22:43Z,0.343932928
165.0,7.169919013977051,346030080.0,gfm5tift,peteish1-20241104_062203,2024-11-04T06:22:43Z,0.34603008
166.0,7.18104362487793,348127232.0,gfm5tift,peteish1-20241104_062203,2024-11-04T06:22:43Z,0.348127232
167.0,7.176760673522949,350224384.0,gfm5tift,peteish1-20241104_062203,2024-11-04T06:22:43Z,0.350224384
168.0,7.189111709594727,352321536.0,gfm5tift,peteish1-20241104_062203,2024-11-04T06:22:43Z,0.352321536
169.0,7.168191909790039,354418688.0,gfm5tift,peteish1-20241104_062203,2024-11-04T06:22:43Z,0.354418688
170.0,7.146005630493164,356515840.0,gfm5tift,peteish1-20241104_062203,2024-11-04T06:22:43Z,0.35651584
171.0,7.123190402984619,358612992.0,gfm5tift,peteish1-20241104_062203,2024-11-04T06:22:43Z,0.358612992
172.0,7.1480712890625,360710144.0,gfm5tift,peteish1-20241104_062203,2024-11-04T06:22:43Z,0.360710144
173.0,7.1247334480285645,362807296.0,gfm5tift,peteish1-20241104_062203,2024-11-04T06:22:43Z,0.362807296
174.0,7.068040370941162,364904448.0,gfm5tift,peteish1-20241104_062203,2024-11-04T06:22:43Z,0.364904448
175.0,7.0997233390808105,367001600.0,gfm5tift,peteish1-20241104_062203,2024-11-04T06:22:43Z,0.3670016
176.0,7.108874320983887,369098752.0,gfm5tift,peteish1-20241104_062203,2024-11-04T06:22:43Z,0.369098752
177.0,7.0756707191467285,371195904.0,gfm5tift,peteish1-20241104_062203,2024-11-04T06:22:43Z,0.371195904
178.0,7.029547691345215,373293056.0,gfm5tift,peteish1-20241104_062203,2024-11-04T06:22:43Z,0.373293056
179.0,7.035411834716797,375390208.0,gfm5tift,peteish1-20241104_062203,2024-11-04T06:22:43Z,0.375390208
180.0,7.011972427368164,377487360.0,gfm5tift,peteish1-20241104_062203,2024-11-04T06:22:43Z,0.37748736
181.0,7.055499076843262,379584512.0,gfm5tift,peteish1-20241104_062203,2024-11-04T06:22:43Z,0.379584512
182.0,7.049205780029297,381681664.0,gfm5tift,peteish1-20241104_062203,2024-11-04T06:22:43Z,0.381681664
183.0,6.99777889251709,383778816.0,gfm5tift,peteish1-20241104_062203,2024-11-04T06:22:43Z,0.383778816
184.0,7.074172496795654,385875968.0,gfm5tift,peteish1-20241104_062203,2024-11-04T06:22:43Z,0.385875968
185.0,7.018320560455322,387973120.0,gfm5tift,peteish1-20241104_062203,2024-11-04T06:22:43Z,0.38797312
186.0,7.0185227394104,390070272.0,gfm5tift,peteish1-20241104_062203,2024-11-04T06:22:43Z,0.390070272
187.0,7.032378673553467,392167424.0,gfm5tift,peteish1-20241104_062203,2024-11-04T06:22:43Z,0.392167424
188.0,6.9644012451171875,394264576.0,gfm5tift,peteish1-20241104_062203,2024-11-04T06:22:43Z,0.394264576
189.0,6.961942672729492,396361728.0,gfm5tift,peteish1-20241104_062203,2024-11-04T06:22:43Z,0.396361728
190.0,6.950631141662598,398458880.0,gfm5tift,peteish1-20241104_062203,2024-11-04T06:22:43Z,0.39845888
191.0,6.9595866203308105,400556032.0,gfm5tift,peteish1-20241104_062203,2024-11-04T06:22:43Z,0.400556032
192.0,6.9709062576293945,402653184.0,gfm5tift,peteish1-20241104_062203,2024-11-04T06:22:43Z,0.402653184
193.0,6.941152572631836,404750336.0,gfm5tift,peteish1-20241104_062203,2024-11-04T06:22:43Z,0.404750336
194.0,6.907262802124023,406847488.0,gfm5tift,peteish1-20241104_062203,2024-11-04T06:22:43Z,0.406847488
195.0,6.934099197387695,408944640.0,gfm5tift,peteish1-20241104_062203,2024-11-04T06:22:43Z,0.40894464
196.0,6.885921955108643,411041792.0,gfm5tift,peteish1-20241104_062203,2024-11-04T06:22:43Z,0.411041792
197.0,6.945582866668701,413138944.0,gfm5tift,peteish1-20241104_062203,2024-11-04T06:22:43Z,0.413138944
198.0,6.905619144439697,415236096.0,gfm5tift,peteish1-20241104_062203,2024-11-04T06:22:43Z,0.415236096
199.0,6.848656177520752,417333248.0,gfm5tift,peteish1-20241104_062203,2024-11-04T06:22:43Z,0.417333248
200.0,6.896209716796875,419430400.0,gfm5tift,peteish1-20241104_062203,2024-11-04T06:22:43Z,0.4194304
201.0,6.8399739265441895,421527552.0,gfm5tift,peteish1-20241104_062203,2024-11-04T06:22:43Z,0.421527552
202.0,6.886882781982422,423624704.0,gfm5tift,peteish1-20241104_062203,2024-11-04T06:22:43Z,0.423624704
203.0,6.865183353424072,425721856.0,gfm5tift,peteish1-20241104_062203,2024-11-04T06:22:43Z,0.425721856
204.0,6.835241317749023,427819008.0,gfm5tift,peteish1-20241104_062203,2024-11-04T06:22:43Z,0.427819008
205.0,6.823444366455078,429916160.0,gfm5tift,peteish1-20241104_062203,2024-11-04T06:22:43Z,0.42991616
206.0,6.847114562988281,432013312.0,gfm5tift,peteish1-20241104_062203,2024-11-04T06:22:43Z,0.432013312
207.0,6.8048095703125,434110464.0,gfm5tift,peteish1-20241104_062203,2024-11-04T06:22:43Z,0.434110464
208.0,6.867916107177734,436207616.0,gfm5tift,peteish1-20241104_062203,2024-11-04T06:22:43Z,0.436207616
209.0,6.819133281707764,438304768.0,gfm5tift,peteish1-20241104_062203,2024-11-04T06:22:43Z,0.438304768
210.0,6.824155807495117,440401920.0,gfm5tift,peteish1-20241104_062203,2024-11-04T06:22:43Z,0.44040192
211.0,6.806608200073242,442499072.0,gfm5tift,peteish1-20241104_062203,2024-11-04T06:22:43Z,0.442499072
212.0,6.792507648468018,444596224.0,gfm5tift,peteish1-20241104_062203,2024-11-04T06:22:43Z,0.444596224
213.0,6.770905017852783,446693376.0,gfm5tift,peteish1-20241104_062203,2024-11-04T06:22:43Z,0.446693376
214.0,6.768619537353516,448790528.0,gfm5tift,peteish1-20241104_062203,2024-11-04T06:22:43Z,0.448790528
215.0,6.753967761993408,450887680.0,gfm5tift,peteish1-20241104_062203,2024-11-04T06:22:43Z,0.45088768
216.0,6.774118900299072,452984832.0,gfm5tift,peteish1-20241104_062203,2024-11-04T06:22:43Z,0.452984832
217.0,6.793859958648682,455081984.0,gfm5tift,peteish1-20241104_062203,2024-11-04T06:22:43Z,0.455081984
218.0,6.762020587921143,457179136.0,gfm5tift,peteish1-20241104_062203,2024-11-04T06:22:43Z,0.457179136
219.0,6.756000518798828,459276288.0,gfm5tift,peteish1-20241104_062203,2024-11-04T06:22:43Z,0.459276288
220.0,6.709272384643555,461373440.0,gfm5tift,peteish1-20241104_062203,2024-11-04T06:22:43Z,0.46137344
221.0,6.71701192855835,463470592.0,gfm5tift,peteish1-20241104_062203,2024-11-04T06:22:43Z,0.463470592
222.0,6.748601913452148,465567744.0,gfm5tift,peteish1-20241104_062203,2024-11-04T06:22:43Z,0.465567744
223.0,6.647540092468262,467664896.0,gfm5tift,peteish1-20241104_062203,2024-11-04T06:22:43Z,0.467664896
224.0,6.70145845413208,469762048.0,gfm5tift,peteish1-20241104_062203,2024-11-04T06:22:43Z,0.469762048
225.0,6.735503196716309,471859200.0,gfm5tift,peteish1-20241104_062203,2024-11-04T06:22:43Z,0.4718592
226.0,6.684909343719482,473956352.0,gfm5tift,peteish1-20241104_062203,2024-11-04T06:22:43Z,0.473956352
227.0,6.6786789894104,476053504.0,gfm5tift,peteish1-20241104_062203,2024-11-04T06:22:43Z,0.476053504
228.0,6.681697368621826,478150656.0,gfm5tift,peteish1-20241104_062203,2024-11-04T06:22:43Z,0.478150656
229.0,6.66492223739624,480247808.0,gfm5tift,peteish1-20241104_062203,2024-11-04T06:22:43Z,0.480247808
230.0,6.708792209625244,482344960.0,gfm5tift,peteish1-20241104_062203,2024-11-04T06:22:43Z,0.48234496
231.0,6.664124488830566,484442112.0,gfm5tift,peteish1-20241104_062203,2024-11-04T06:22:43Z,0.484442112
232.0,6.7007527351379395,486539264.0,gfm5tift,peteish1-20241104_062203,2024-11-04T06:22:43Z,0.486539264
233.0,6.663573741912842,488636416.0,gfm5tift,peteish1-20241104_062203,2024-11-04T06:22:43Z,0.488636416
234.0,6.615449905395508,490733568.0,gfm5tift,peteish1-20241104_062203,2024-11-04T06:22:43Z,0.490733568
235.0,6.636044025421143,492830720.0,gfm5tift,peteish1-20241104_062203,2024-11-04T06:22:43Z,0.49283072
236.0,6.6306233406066895,494927872.0,gfm5tift,peteish1-20241104_062203,2024-11-04T06:22:43Z,0.494927872
237.0,6.653019905090332,497025024.0,gfm5tift,peteish1-20241104_062203,2024-11-04T06:22:43Z,0.497025024
238.0,6.631734848022461,499122176.0,gfm5tift,peteish1-20241104_062203,2024-11-04T06:22:43Z,0.499122176
239.0,6.580420970916748,501219328.0,gfm5tift,peteish1-20241104_062203,2024-11-04T06:22:43Z,0.501219328
240.0,6.639284610748291,503316480.0,gfm5tift,peteish1-20241104_062203,2024-11-04T06:22:43Z,0.50331648
241.0,6.603792190551758,505413632.0,gfm5tift,peteish1-20241104_062203,2024-11-04T06:22:43Z,0.505413632
242.0,6.609652996063232,507510784.0,gfm5tift,peteish1-20241104_062203,2024-11-04T06:22:43Z,0.507510784
243.0,6.597919464111328,509607936.0,gfm5tift,peteish1-20241104_062203,2024-11-04T06:22:43Z,0.509607936
244.0,6.607634544372559,511705088.0,gfm5tift,peteish1-20241104_062203,2024-11-04T06:22:43Z,0.511705088
245.0,6.588457107543945,513802240.0,gfm5tift,peteish1-20241104_062203,2024-11-04T06:22:43Z,0.51380224
246.0,6.598404407501221,515899392.0,gfm5tift,peteish1-20241104_062203,2024-11-04T06:22:43Z,0.515899392
247.0,6.559957027435303,517996544.0,gfm5tift,peteish1-20241104_062203,2024-11-04T06:22:43Z,0.517996544
248.0,6.585933208465576,520093696.0,gfm5tift,peteish1-20241104_062203,2024-11-04T06:22:43Z,0.520093696
249.0,6.536508083343506,522190848.0,gfm5tift,peteish1-20241104_062203,2024-11-04T06:22:43Z,0.522190848
250.0,6.569714069366455,524288000.0,gfm5tift,peteish1-20241104_062203,2024-11-04T06:22:43Z,0.524288
251.0,6.536079406738281,526385152.0,gfm5tift,peteish1-20241104_062203,2024-11-04T06:22:43Z,0.526385152
252.0,6.529796600341797,528482304.0,gfm5tift,peteish1-20241104_062203,2024-11-04T06:22:43Z,0.528482304
253.0,6.540197372436523,530579456.0,gfm5tift,peteish1-20241104_062203,2024-11-04T06:22:43Z,0.530579456
254.0,6.568070888519287,532676608.0,gfm5tift,peteish1-20241104_062203,2024-11-04T06:22:43Z,0.532676608
255.0,6.518746852874756,534773760.0,gfm5tift,peteish1-20241104_062203,2024-11-04T06:22:43Z,0.53477376
256.0,6.518298625946045,536870912.0,gfm5tift,peteish1-20241104_062203,2024-11-04T06:22:43Z,0.536870912
257.0,6.511805534362793,538968064.0,gfm5tift,peteish1-20241104_062203,2024-11-04T06:22:43Z,0.538968064
258.0,6.520719528198242,541065216.0,gfm5tift,peteish1-20241104_062203,2024-11-04T06:22:43Z,0.541065216
259.0,6.53054141998291,543162368.0,gfm5tift,peteish1-20241104_062203,2024-11-04T06:22:43Z,0.543162368
260.0,6.509308338165283,545259520.0,gfm5tift,peteish1-20241104_062203,2024-11-04T06:22:43Z,0.54525952
261.0,6.470425605773926,547356672.0,gfm5tift,peteish1-20241104_062203,2024-11-04T06:22:43Z,0.547356672
262.0,6.462380886077881,549453824.0,gfm5tift,peteish1-20241104_062203,2024-11-04T06:22:43Z,0.549453824
263.0,6.490695476531982,551550976.0,gfm5tift,peteish1-20241104_062203,2024-11-04T06:22:43Z,0.551550976
264.0,6.475497722625732,553648128.0,gfm5tift,peteish1-20241104_062203,2024-11-04T06:22:43Z,0.553648128
265.0,6.489171981811523,555745280.0,gfm5tift,peteish1-20241104_062203,2024-11-04T06:22:43Z,0.55574528
266.0,6.471680164337158,557842432.0,gfm5tift,peteish1-20241104_062203,2024-11-04T06:22:43Z,0.557842432
267.0,6.464869499206543,559939584.0,gfm5tift,peteish1-20241104_062203,2024-11-04T06:22:43Z,0.559939584
268.0,6.433568000793457,562036736.0,gfm5tift,peteish1-20241104_062203,2024-11-04T06:22:43Z,0.562036736
269.0,6.447421073913574,564133888.0,gfm5tift,peteish1-20241104_062203,2024-11-04T06:22:43Z,0.564133888
270.0,6.439670562744141,566231040.0,gfm5tift,peteish1-20241104_062203,2024-11-04T06:22:43Z,0.56623104
271.0,6.4349260330200195,568328192.0,gfm5tift,peteish1-20241104_062203,2024-11-04T06:22:43Z,0.568328192
272.0,6.455912113189697,570425344.0,gfm5tift,peteish1-20241104_062203,2024-11-04T06:22:43Z,0.570425344
273.0,6.47317361831665,572522496.0,gfm5tift,peteish1-20241104_062203,2024-11-04T06:22:43Z,0.572522496
274.0,6.408926486968994,574619648.0,gfm5tift,peteish1-20241104_062203,2024-11-04T06:22:43Z,0.574619648
275.0,6.42378044128418,576716800.0,gfm5tift,peteish1-20241104_062203,2024-11-04T06:22:43Z,0.5767168
276.0,6.391024112701416,578813952.0,gfm5tift,peteish1-20241104_062203,2024-11-04T06:22:43Z,0.578813952
277.0,6.3857316970825195,580911104.0,gfm5tift,peteish1-20241104_062203,2024-11-04T06:22:43Z,0.580911104
278.0,6.387034893035889,583008256.0,gfm5tift,peteish1-20241104_062203,2024-11-04T06:22:43Z,0.583008256
279.0,6.4224467277526855,585105408.0,gfm5tift,peteish1-20241104_062203,2024-11-04T06:22:43Z,0.585105408
280.0,6.410709381103516,587202560.0,gfm5tift,peteish1-20241104_062203,2024-11-04T06:22:43Z,0.58720256
281.0,6.38217830657959,589299712.0,gfm5tift,peteish1-20241104_062203,2024-11-04T06:22:43Z,0.589299712
282.0,6.388608932495117,591396864.0,gfm5tift,peteish1-20241104_062203,2024-11-04T06:22:43Z,0.591396864
283.0,6.344882488250732,593494016.0,gfm5tift,peteish1-20241104_062203,2024-11-04T06:22:43Z,0.593494016
284.0,6.335361480712891,595591168.0,gfm5tift,peteish1-20241104_062203,2024-11-04T06:22:43Z,0.595591168
285.0,6.359612941741943,597688320.0,gfm5tift,peteish1-20241104_062203,2024-11-04T06:22:43Z,0.59768832
286.0,6.375914573669434,599785472.0,gfm5tift,peteish1-20241104_062203,2024-11-04T06:22:43Z,0.599785472
287.0,6.329813003540039,601882624.0,gfm5tift,peteish1-20241104_062203,2024-11-04T06:22:43Z,0.601882624
288.0,6.352888584136963,603979776.0,gfm5tift,peteish1-20241104_062203,2024-11-04T06:22:43Z,0.603979776
289.0,6.359260082244873,606076928.0,gfm5tift,peteish1-20241104_062203,2024-11-04T06:22:43Z,0.606076928
290.0,6.364190101623535,608174080.0,gfm5tift,peteish1-20241104_062203,2024-11-04T06:22:43Z,0.60817408
291.0,6.3385090827941895,610271232.0,gfm5tift,peteish1-20241104_062203,2024-11-04T06:22:43Z,0.610271232
292.0,6.352839469909668,612368384.0,gfm5tift,peteish1-20241104_062203,2024-11-04T06:22:43Z,0.612368384
293.0,6.3313703536987305,614465536.0,gfm5tift,peteish1-20241104_062203,2024-11-04T06:22:43Z,0.614465536
294.0,6.311519622802734,616562688.0,gfm5tift,peteish1-20241104_062203,2024-11-04T06:22:43Z,0.616562688
295.0,6.336356163024902,618659840.0,gfm5tift,peteish1-20241104_062203,2024-11-04T06:22:43Z,0.61865984
296.0,6.2941460609436035,620756992.0,gfm5tift,peteish1-20241104_062203,2024-11-04T06:22:43Z,0.620756992
297.0,6.288671016693115,622854144.0,gfm5tift,peteish1-20241104_062203,2024-11-04T06:22:43Z,0.622854144
298.0,6.301879405975342,624951296.0,gfm5tift,peteish1-20241104_062203,2024-11-04T06:22:43Z,0.624951296
299.0,6.299216270446777,627048448.0,gfm5tift,peteish1-20241104_062203,2024-11-04T06:22:43Z,0.627048448
300.0,6.312156677246094,629145600.0,gfm5tift,peteish1-20241104_062203,2024-11-04T06:22:43Z,0.6291456
301.0,6.290762424468994,631242752.0,y8brg36d,peteish1-20241104_064220,2024-11-04T06:42:41Z,0.631242752
302.0,6.247165203094482,633339904.0,y8brg36d,peteish1-20241104_064220,2024-11-04T06:42:41Z,0.633339904
303.0,6.260082721710205,635437056.0,y8brg36d,peteish1-20241104_064220,2024-11-04T06:42:41Z,0.635437056
304.0,6.262310981750488,637534208.0,y8brg36d,peteish1-20241104_064220,2024-11-04T06:42:41Z,0.637534208
305.0,6.305413246154785,639631360.0,y8brg36d,peteish1-20241104_064220,2024-11-04T06:42:41Z,0.63963136
306.0,6.307652473449707,641728512.0,y8brg36d,peteish1-20241104_064220,2024-11-04T06:42:41Z,0.641728512
307.0,6.289463043212891,643825664.0,y8brg36d,peteish1-20241104_064220,2024-11-04T06:42:41Z,0.643825664
308.0,6.2394280433654785,645922816.0,y8brg36d,peteish1-20241104_064220,2024-11-04T06:42:41Z,0.645922816
309.0,6.2576003074646,648019968.0,y8brg36d,peteish1-20241104_064220,2024-11-04T06:42:41Z,0.648019968
310.0,6.221120357513428,650117120.0,y8brg36d,peteish1-20241104_064220,2024-11-04T06:42:41Z,0.65011712
311.0,6.239558696746826,652214272.0,y8brg36d,peteish1-20241104_064220,2024-11-04T06:42:41Z,0.652214272
312.0,6.211639404296875,654311424.0,y8brg36d,peteish1-20241104_064220,2024-11-04T06:42:41Z,0.654311424
313.0,6.244154453277588,656408576.0,y8brg36d,peteish1-20241104_064220,2024-11-04T06:42:41Z,0.656408576
314.0,6.268026828765869,658505728.0,y8brg36d,peteish1-20241104_064220,2024-11-04T06:42:41Z,0.658505728
315.0,6.241308212280273,660602880.0,y8brg36d,peteish1-20241104_064220,2024-11-04T06:42:41Z,0.66060288
316.0,6.235438346862793,662700032.0,y8brg36d,peteish1-20241104_064220,2024-11-04T06:42:41Z,0.662700032
317.0,6.198751449584961,664797184.0,y8brg36d,peteish1-20241104_064220,2024-11-04T06:42:41Z,0.664797184
318.0,6.27158260345459,666894336.0,y8brg36d,peteish1-20241104_064220,2024-11-04T06:42:41Z,0.666894336
319.0,6.220128536224365,668991488.0,y8brg36d,peteish1-20241104_064220,2024-11-04T06:42:41Z,0.668991488
320.0,6.2497429847717285,671088640.0,y8brg36d,peteish1-20241104_064220,2024-11-04T06:42:41Z,0.67108864
321.0,6.21980619430542,673185792.0,y8brg36d,peteish1-20241104_064220,2024-11-04T06:42:41Z,0.673185792
322.0,6.184458255767822,675282944.0,y8brg36d,peteish1-20241104_064220,2024-11-04T06:42:41Z,0.675282944
323.0,6.187554359436035,677380096.0,y8brg36d,peteish1-20241104_064220,2024-11-04T06:42:41Z,0.677380096
324.0,6.190110206604004,679477248.0,y8brg36d,peteish1-20241104_064220,2024-11-04T06:42:41Z,0.679477248
325.0,6.171534061431885,681574400.0,y8brg36d,peteish1-20241104_064220,2024-11-04T06:42:41Z,0.6815744
326.0,6.141327381134033,683671552.0,y8brg36d,peteish1-20241104_064220,2024-11-04T06:42:41Z,0.683671552
327.0,6.131209850311279,685768704.0,y8brg36d,peteish1-20241104_064220,2024-11-04T06:42:41Z,0.685768704
328.0,6.163585186004639,687865856.0,y8brg36d,peteish1-20241104_064220,2024-11-04T06:42:41Z,0.687865856
329.0,6.156397342681885,689963008.0,y8brg36d,peteish1-20241104_064220,2024-11-04T06:42:41Z,0.689963008
330.0,6.163386821746826,692060160.0,y8brg36d,peteish1-20241104_064220,2024-11-04T06:42:41Z,0.69206016
331.0,6.197744846343994,694157312.0,y8brg36d,peteish1-20241104_064220,2024-11-04T06:42:41Z,0.694157312
332.0,6.1288371086120605,696254464.0,y8brg36d,peteish1-20241104_064220,2024-11-04T06:42:41Z,0.696254464
333.0,6.145031929016113,698351616.0,y8brg36d,peteish1-20241104_064220,2024-11-04T06:42:41Z,0.698351616
334.0,6.156722545623779,700448768.0,y8brg36d,peteish1-20241104_064220,2024-11-04T06:42:41Z,0.700448768
335.0,6.1460137367248535,702545920.0,y8brg36d,peteish1-20241104_064220,2024-11-04T06:42:41Z,0.70254592
336.0,6.146127223968506,704643072.0,y8brg36d,peteish1-20241104_064220,2024-11-04T06:42:41Z,0.704643072
337.0,6.130466461181641,706740224.0,y8brg36d,peteish1-20241104_064220,2024-11-04T06:42:41Z,0.706740224
338.0,6.126394748687744,708837376.0,y8brg36d,peteish1-20241104_064220,2024-11-04T06:42:41Z,0.708837376
339.0,6.134188175201416,710934528.0,y8brg36d,peteish1-20241104_064220,2024-11-04T06:42:41Z,0.710934528
340.0,6.124325752258301,713031680.0,y8brg36d,peteish1-20241104_064220,2024-11-04T06:42:41Z,0.71303168
341.0,6.129077911376953,715128832.0,y8brg36d,peteish1-20241104_064220,2024-11-04T06:42:41Z,0.715128832
342.0,6.157261371612549,717225984.0,y8brg36d,peteish1-20241104_064220,2024-11-04T06:42:41Z,0.717225984
343.0,6.129080772399902,719323136.0,y8brg36d,peteish1-20241104_064220,2024-11-04T06:42:41Z,0.719323136
344.0,6.122710227966309,721420288.0,y8brg36d,peteish1-20241104_064220,2024-11-04T06:42:41Z,0.721420288
345.0,6.101512908935547,723517440.0,y8brg36d,peteish1-20241104_064220,2024-11-04T06:42:41Z,0.72351744
346.0,6.141846656799316,725614592.0,y8brg36d,peteish1-20241104_064220,2024-11-04T06:42:41Z,0.725614592
347.0,6.120723724365234,727711744.0,y8brg36d,peteish1-20241104_064220,2024-11-04T06:42:41Z,0.727711744
348.0,6.133066177368164,729808896.0,y8brg36d,peteish1-20241104_064220,2024-11-04T06:42:41Z,0.729808896
349.0,6.098574161529541,731906048.0,y8brg36d,peteish1-20241104_064220,2024-11-04T06:42:41Z,0.731906048
350.0,6.12644100189209,734003200.0,y8brg36d,peteish1-20241104_064220,2024-11-04T06:42:41Z,0.7340032
351.0,6.120902061462402,736100352.0,y8brg36d,peteish1-20241104_064220,2024-11-04T06:42:41Z,0.736100352
352.0,6.085712909698486,738197504.0,y8brg36d,peteish1-20241104_064220,2024-11-04T06:42:41Z,0.738197504
353.0,6.111141204833984,740294656.0,y8brg36d,peteish1-20241104_064220,2024-11-04T06:42:41Z,0.740294656
354.0,6.018479824066162,742391808.0,y8brg36d,peteish1-20241104_064220,2024-11-04T06:42:41Z,0.742391808
355.0,6.115153789520264,744488960.0,y8brg36d,peteish1-20241104_064220,2024-11-04T06:42:41Z,0.74448896
356.0,6.024695873260498,746586112.0,y8brg36d,peteish1-20241104_064220,2024-11-04T06:42:41Z,0.746586112
357.0,6.049283981323242,748683264.0,y8brg36d,peteish1-20241104_064220,2024-11-04T06:42:41Z,0.748683264
358.0,6.0641865730285645,750780416.0,y8brg36d,peteish1-20241104_064220,2024-11-04T06:42:41Z,0.750780416
359.0,6.073313236236572,752877568.0,y8brg36d,peteish1-20241104_064220,2024-11-04T06:42:41Z,0.752877568
360.0,6.073942184448242,754974720.0,y8brg36d,peteish1-20241104_064220,2024-11-04T06:42:41Z,0.75497472
361.0,6.082447052001953,757071872.0,y8brg36d,peteish1-20241104_064220,2024-11-04T06:42:41Z,0.757071872
362.0,6.132555961608887,759169024.0,y8brg36d,peteish1-20241104_064220,2024-11-04T06:42:41Z,0.759169024
363.0,6.084083557128906,761266176.0,y8brg36d,peteish1-20241104_064220,2024-11-04T06:42:41Z,0.761266176
364.0,6.066686630249023,763363328.0,y8brg36d,peteish1-20241104_064220,2024-11-04T06:42:41Z,0.763363328
365.0,6.086602687835693,765460480.0,y8brg36d,peteish1-20241104_064220,2024-11-04T06:42:41Z,0.76546048
366.0,6.085440158843994,767557632.0,y8brg36d,peteish1-20241104_064220,2024-11-04T06:42:41Z,0.767557632
367.0,6.044224739074707,769654784.0,y8brg36d,peteish1-20241104_064220,2024-11-04T06:42:41Z,0.769654784
368.0,6.057671070098877,771751936.0,y8brg36d,peteish1-20241104_064220,2024-11-04T06:42:41Z,0.771751936
369.0,6.035172462463379,773849088.0,y8brg36d,peteish1-20241104_064220,2024-11-04T06:42:41Z,0.773849088
370.0,6.072962284088135,775946240.0,y8brg36d,peteish1-20241104_064220,2024-11-04T06:42:41Z,0.77594624
371.0,6.045191764831543,778043392.0,y8brg36d,peteish1-20241104_064220,2024-11-04T06:42:41Z,0.778043392
372.0,6.007266044616699,780140544.0,y8brg36d,peteish1-20241104_064220,2024-11-04T06:42:41Z,0.780140544
373.0,6.015552997589111,782237696.0,y8brg36d,peteish1-20241104_064220,2024-11-04T06:42:41Z,0.782237696
374.0,6.028393745422363,784334848.0,y8brg36d,peteish1-20241104_064220,2024-11-04T06:42:41Z,0.784334848
375.0,6.057633876800537,786432000.0,y8brg36d,peteish1-20241104_064220,2024-11-04T06:42:41Z,0.786432
376.0,5.9935736656188965,788529152.0,y8brg36d,peteish1-20241104_064220,2024-11-04T06:42:41Z,0.788529152
377.0,5.983653545379639,790626304.0,y8brg36d,peteish1-20241104_064220,2024-11-04T06:42:41Z,0.790626304
378.0,6.030620574951172,792723456.0,y8brg36d,peteish1-20241104_064220,2024-11-04T06:42:41Z,0.792723456
379.0,5.994058132171631,794820608.0,y8brg36d,peteish1-20241104_064220,2024-11-04T06:42:41Z,0.794820608
380.0,6.014614105224609,796917760.0,y8brg36d,peteish1-20241104_064220,2024-11-04T06:42:41Z,0.79691776
381.0,5.994156837463379,799014912.0,y8brg36d,peteish1-20241104_064220,2024-11-04T06:42:41Z,0.799014912
382.0,5.991064071655273,801112064.0,y8brg36d,peteish1-20241104_064220,2024-11-04T06:42:41Z,0.801112064
383.0,5.985172271728516,803209216.0,y8brg36d,peteish1-20241104_064220,2024-11-04T06:42:41Z,0.803209216
384.0,5.957853317260742,805306368.0,y8brg36d,peteish1-20241104_064220,2024-11-04T06:42:41Z,0.805306368
385.0,5.9509758949279785,807403520.0,y8brg36d,peteish1-20241104_064220,2024-11-04T06:42:41Z,0.80740352
386.0,6.0054216384887695,809500672.0,y8brg36d,peteish1-20241104_064220,2024-11-04T06:42:41Z,0.809500672
387.0,5.938486099243164,811597824.0,y8brg36d,peteish1-20241104_064220,2024-11-04T06:42:41Z,0.811597824
388.0,5.9566473960876465,813694976.0,y8brg36d,peteish1-20241104_064220,2024-11-04T06:42:41Z,0.813694976
389.0,5.9789137840271,815792128.0,y8brg36d,peteish1-20241104_064220,2024-11-04T06:42:41Z,0.815792128
390.0,5.972970008850098,817889280.0,y8brg36d,peteish1-20241104_064220,2024-11-04T06:42:41Z,0.81788928
391.0,5.978814125061035,819986432.0,y8brg36d,peteish1-20241104_064220,2024-11-04T06:42:41Z,0.819986432
392.0,5.955672740936279,822083584.0,y8brg36d,peteish1-20241104_064220,2024-11-04T06:42:41Z,0.822083584
393.0,5.9903998374938965,824180736.0,y8brg36d,peteish1-20241104_064220,2024-11-04T06:42:41Z,0.824180736
394.0,5.947926998138428,826277888.0,y8brg36d,peteish1-20241104_064220,2024-11-04T06:42:41Z,0.826277888
395.0,5.923772811889648,828375040.0,y8brg36d,peteish1-20241104_064220,2024-11-04T06:42:41Z,0.82837504
396.0,5.954949378967285,830472192.0,y8brg36d,peteish1-20241104_064220,2024-11-04T06:42:41Z,0.830472192
397.0,5.920202732086182,832569344.0,y8brg36d,peteish1-20241104_064220,2024-11-04T06:42:41Z,0.832569344
398.0,5.897436141967773,834666496.0,y8brg36d,peteish1-20241104_064220,2024-11-04T06:42:41Z,0.834666496
399.0,5.979532718658447,836763648.0,y8brg36d,peteish1-20241104_064220,2024-11-04T06:42:41Z,0.836763648
400.0,5.906773567199707,838860800.0,y8brg36d,peteish1-20241104_064220,2024-11-04T06:42:41Z,0.8388608
401.0,5.975440502166748,840957952.0,y8brg36d,peteish1-20241104_064220,2024-11-04T06:42:41Z,0.840957952
402.0,5.914496421813965,843055104.0,y8brg36d,peteish1-20241104_064220,2024-11-04T06:42:41Z,0.843055104
403.0,5.952681541442871,845152256.0,y8brg36d,peteish1-20241104_064220,2024-11-04T06:42:41Z,0.845152256
404.0,5.908331394195557,847249408.0,y8brg36d,peteish1-20241104_064220,2024-11-04T06:42:41Z,0.847249408
405.0,5.9061150550842285,849346560.0,y8brg36d,peteish1-20241104_064220,2024-11-04T06:42:41Z,0.84934656
406.0,5.900712013244629,851443712.0,y8brg36d,peteish1-20241104_064220,2024-11-04T06:42:41Z,0.851443712
407.0,5.898525238037109,853540864.0,y8brg36d,peteish1-20241104_064220,2024-11-04T06:42:41Z,0.853540864
408.0,5.954995632171631,855638016.0,y8brg36d,peteish1-20241104_064220,2024-11-04T06:42:41Z,0.855638016
409.0,5.937012672424316,857735168.0,y8brg36d,peteish1-20241104_064220,2024-11-04T06:42:41Z,0.857735168
410.0,5.91300106048584,859832320.0,y8brg36d,peteish1-20241104_064220,2024-11-04T06:42:41Z,0.85983232
411.0,5.922076225280762,861929472.0,y8brg36d,peteish1-20241104_064220,2024-11-04T06:42:41Z,0.861929472
412.0,5.88745641708374,864026624.0,y8brg36d,peteish1-20241104_064220,2024-11-04T06:42:41Z,0.864026624
413.0,5.9026899337768555,866123776.0,y8brg36d,peteish1-20241104_064220,2024-11-04T06:42:41Z,0.866123776
414.0,5.883326053619385,868220928.0,y8brg36d,peteish1-20241104_064220,2024-11-04T06:42:41Z,0.868220928
415.0,5.901187896728516,870318080.0,y8brg36d,peteish1-20241104_064220,2024-11-04T06:42:41Z,0.87031808
416.0,5.856193542480469,872415232.0,y8brg36d,peteish1-20241104_064220,2024-11-04T06:42:41Z,0.872415232
417.0,5.900569915771484,874512384.0,y8brg36d,peteish1-20241104_064220,2024-11-04T06:42:41Z,0.874512384
418.0,5.919223785400391,876609536.0,y8brg36d,peteish1-20241104_064220,2024-11-04T06:42:41Z,0.876609536
419.0,5.910479545593262,878706688.0,y8brg36d,peteish1-20241104_064220,2024-11-04T06:42:41Z,0.878706688
420.0,5.870666027069092,880803840.0,y8brg36d,peteish1-20241104_064220,2024-11-04T06:42:41Z,0.88080384
421.0,5.893063545227051,882900992.0,y8brg36d,peteish1-20241104_064220,2024-11-04T06:42:41Z,0.882900992
422.0,5.869165897369385,884998144.0,y8brg36d,peteish1-20241104_064220,2024-11-04T06:42:41Z,0.884998144
423.0,5.911896705627441,887095296.0,y8brg36d,peteish1-20241104_064220,2024-11-04T06:42:41Z,0.887095296
424.0,5.87631368637085,889192448.0,y8brg36d,peteish1-20241104_064220,2024-11-04T06:42:41Z,0.889192448
425.0,5.809328079223633,891289600.0,y8brg36d,peteish1-20241104_064220,2024-11-04T06:42:41Z,0.8912896
426.0,5.850823879241943,893386752.0,y8brg36d,peteish1-20241104_064220,2024-11-04T06:42:41Z,0.893386752
427.0,5.865755558013916,895483904.0,y8brg36d,peteish1-20241104_064220,2024-11-04T06:42:41Z,0.895483904
428.0,5.832979202270508,897581056.0,y8brg36d,peteish1-20241104_064220,2024-11-04T06:42:41Z,0.897581056
429.0,5.833927154541016,899678208.0,y8brg36d,peteish1-20241104_064220,2024-11-04T06:42:41Z,0.899678208
430.0,5.869016647338867,901775360.0,y8brg36d,peteish1-20241104_064220,2024-11-04T06:42:41Z,0.90177536
431.0,5.821521759033203,903872512.0,y8brg36d,peteish1-20241104_064220,2024-11-04T06:42:41Z,0.903872512
432.0,5.84072208404541,905969664.0,y8brg36d,peteish1-20241104_064220,2024-11-04T06:42:41Z,0.905969664
433.0,5.845974445343018,908066816.0,y8brg36d,peteish1-20241104_064220,2024-11-04T06:42:41Z,0.908066816
434.0,5.837488174438477,910163968.0,y8brg36d,peteish1-20241104_064220,2024-11-04T06:42:41Z,0.910163968
435.0,5.81207799911499,912261120.0,y8brg36d,peteish1-20241104_064220,2024-11-04T06:42:41Z,0.91226112
436.0,5.859033107757568,914358272.0,y8brg36d,peteish1-20241104_064220,2024-11-04T06:42:41Z,0.914358272
437.0,5.805156707763672,916455424.0,y8brg36d,peteish1-20241104_064220,2024-11-04T06:42:41Z,0.916455424
438.0,5.842236042022705,918552576.0,y8brg36d,peteish1-20241104_064220,2024-11-04T06:42:41Z,0.918552576
439.0,5.842595100402832,920649728.0,y8brg36d,peteish1-20241104_064220,2024-11-04T06:42:41Z,0.920649728
440.0,5.805016994476318,922746880.0,y8brg36d,peteish1-20241104_064220,2024-11-04T06:42:41Z,0.92274688
441.0,5.811860084533691,924844032.0,y8brg36d,peteish1-20241104_064220,2024-11-04T06:42:41Z,0.924844032
442.0,5.814877033233643,926941184.0,y8brg36d,peteish1-20241104_064220,2024-11-04T06:42:41Z,0.926941184
443.0,5.8428874015808105,929038336.0,y8brg36d,peteish1-20241104_064220,2024-11-04T06:42:41Z,0.929038336
444.0,5.791260719299316,931135488.0,y8brg36d,peteish1-20241104_064220,2024-11-04T06:42:41Z,0.931135488
445.0,5.824899196624756,933232640.0,y8brg36d,peteish1-20241104_064220,2024-11-04T06:42:41Z,0.93323264
446.0,5.751011848449707,935329792.0,y8brg36d,peteish1-20241104_064220,2024-11-04T06:42:41Z,0.935329792
447.0,5.777476787567139,937426944.0,y8brg36d,peteish1-20241104_064220,2024-11-04T06:42:41Z,0.937426944
448.0,5.819566249847412,939524096.0,y8brg36d,peteish1-20241104_064220,2024-11-04T06:42:41Z,0.939524096
449.0,5.796125888824463,941621248.0,y8brg36d,peteish1-20241104_064220,2024-11-04T06:42:41Z,0.941621248
450.0,5.755409240722656,943718400.0,y8brg36d,peteish1-20241104_064220,2024-11-04T06:42:41Z,0.9437184
451.0,5.774761199951172,945815552.0,y8brg36d,peteish1-20241104_064220,2024-11-04T06:42:41Z,0.945815552
452.0,5.81186056137085,947912704.0,y8brg36d,peteish1-20241104_064220,2024-11-04T06:42:41Z,0.947912704
453.0,5.777499198913574,950009856.0,y8brg36d,peteish1-20241104_064220,2024-11-04T06:42:41Z,0.950009856
454.0,5.785025119781494,952107008.0,y8brg36d,peteish1-20241104_064220,2024-11-04T06:42:41Z,0.952107008
455.0,5.782753944396973,954204160.0,y8brg36d,peteish1-20241104_064220,2024-11-04T06:42:41Z,0.95420416
456.0,5.803354263305664,956301312.0,y8brg36d,peteish1-20241104_064220,2024-11-04T06:42:41Z,0.956301312
457.0,5.780871868133545,958398464.0,y8brg36d,peteish1-20241104_064220,2024-11-04T06:42:41Z,0.958398464
458.0,5.781162261962891,960495616.0,y8brg36d,peteish1-20241104_064220,2024-11-04T06:42:41Z,0.960495616
459.0,5.8277106285095215,962592768.0,y8brg36d,peteish1-20241104_064220,2024-11-04T06:42:41Z,0.962592768
460.0,5.789486408233643,964689920.0,y8brg36d,peteish1-20241104_064220,2024-11-04T06:42:41Z,0.96468992
461.0,5.771384239196777,966787072.0,y8brg36d,peteish1-20241104_064220,2024-11-04T06:42:41Z,0.966787072
462.0,5.764484882354736,968884224.0,y8brg36d,peteish1-20241104_064220,2024-11-04T06:42:41Z,0.968884224
463.0,5.765851020812988,970981376.0,y8brg36d,peteish1-20241104_064220,2024-11-04T06:42:41Z,0.970981376
464.0,5.747034072875977,973078528.0,y8brg36d,peteish1-20241104_064220,2024-11-04T06:42:41Z,0.973078528
465.0,5.752367973327637,975175680.0,y8brg36d,peteish1-20241104_064220,2024-11-04T06:42:41Z,0.97517568
466.0,5.780937671661377,977272832.0,y8brg36d,peteish1-20241104_064220,2024-11-04T06:42:41Z,0.977272832
467.0,5.765496253967285,979369984.0,y8brg36d,peteish1-20241104_064220,2024-11-04T06:42:41Z,0.979369984
468.0,5.770224571228027,981467136.0,y8brg36d,peteish1-20241104_064220,2024-11-04T06:42:41Z,0.981467136
469.0,5.75554084777832,983564288.0,y8brg36d,peteish1-20241104_064220,2024-11-04T06:42:41Z,0.983564288
470.0,5.7374043464660645,985661440.0,y8brg36d,peteish1-20241104_064220,2024-11-04T06:42:41Z,0.98566144
471.0,5.740527629852295,987758592.0,y8brg36d,peteish1-20241104_064220,2024-11-04T06:42:41Z,0.987758592
472.0,5.751642227172852,989855744.0,y8brg36d,peteish1-20241104_064220,2024-11-04T06:42:41Z,0.989855744
473.0,5.739087104797363,991952896.0,y8brg36d,peteish1-20241104_064220,2024-11-04T06:42:41Z,0.991952896
474.0,5.72773551940918,994050048.0,y8brg36d,peteish1-20241104_064220,2024-11-04T06:42:41Z,0.994050048
475.0,5.717166423797607,996147200.0,y8brg36d,peteish1-20241104_064220,2024-11-04T06:42:41Z,0.9961472
476.0,5.703197002410889,998244352.0,y8brg36d,peteish1-20241104_064220,2024-11-04T06:42:41Z,0.998244352
477.0,5.697991847991943,1000341504.0,y8brg36d,peteish1-20241104_064220,2024-11-04T06:42:41Z,1.000341504
478.0,5.728786468505859,1002438656.0,y8brg36d,peteish1-20241104_064220,2024-11-04T06:42:41Z,1.002438656
479.0,5.7350382804870605,1004535808.0,y8brg36d,peteish1-20241104_064220,2024-11-04T06:42:41Z,1.004535808
480.0,5.7201433181762695,1006632960.0,y8brg36d,peteish1-20241104_064220,2024-11-04T06:42:41Z,1.00663296
481.0,5.764523506164551,1008730112.0,y8brg36d,peteish1-20241104_064220,2024-11-04T06:42:41Z,1.008730112
482.0,5.74040412902832,1010827264.0,y8brg36d,peteish1-20241104_064220,2024-11-04T06:42:41Z,1.010827264
483.0,5.712801933288574,1012924416.0,y8brg36d,peteish1-20241104_064220,2024-11-04T06:42:41Z,1.012924416
484.0,5.714118480682373,1015021568.0,y8brg36d,peteish1-20241104_064220,2024-11-04T06:42:41Z,1.015021568
485.0,5.683811187744141,1017118720.0,y8brg36d,peteish1-20241104_064220,2024-11-04T06:42:41Z,1.01711872
486.0,5.725268840789795,1019215872.0,y8brg36d,peteish1-20241104_064220,2024-11-04T06:42:41Z,1.019215872
487.0,5.696121692657471,1021313024.0,y8brg36d,peteish1-20241104_064220,2024-11-04T06:42:41Z,1.021313024
488.0,5.694926738739014,1023410176.0,y8brg36d,peteish1-20241104_064220,2024-11-04T06:42:41Z,1.023410176
489.0,5.703802585601807,1025507328.0,y8brg36d,peteish1-20241104_064220,2024-11-04T06:42:41Z,1.025507328
490.0,5.670986175537109,1027604480.0,y8brg36d,peteish1-20241104_064220,2024-11-04T06:42:41Z,1.02760448
491.0,5.689232349395752,1029701632.0,y8brg36d,peteish1-20241104_064220,2024-11-04T06:42:41Z,1.029701632
492.0,5.6812591552734375,1031798784.0,y8brg36d,peteish1-20241104_064220,2024-11-04T06:42:41Z,1.031798784
493.0,5.6796064376831055,1033895936.0,y8brg36d,peteish1-20241104_064220,2024-11-04T06:42:41Z,1.033895936
494.0,5.723665714263916,1035993088.0,y8brg36d,peteish1-20241104_064220,2024-11-04T06:42:41Z,1.035993088
495.0,5.69139289855957,1038090240.0,y8brg36d,peteish1-20241104_064220,2024-11-04T06:42:41Z,1.03809024
496.0,5.667358875274658,1040187392.0,y8brg36d,peteish1-20241104_064220,2024-11-04T06:42:41Z,1.040187392
497.0,5.66740083694458,1042284544.0,y8brg36d,peteish1-20241104_064220,2024-11-04T06:42:41Z,1.042284544
498.0,5.666303634643555,1044381696.0,y8brg36d,peteish1-20241104_064220,2024-11-04T06:42:41Z,1.044381696
499.0,5.686058044433594,1046478848.0,y8brg36d,peteish1-20241104_064220,2024-11-04T06:42:41Z,1.046478848
500.0,5.66883659362793,1048576000.0,y8brg36d,peteish1-20241104_064220,2024-11-04T06:42:41Z,1.048576
501.0,5.744916915893555,1050673152.0,y8brg36d,peteish1-20241104_064220,2024-11-04T06:42:41Z,1.050673152
502.0,5.670560359954834,1052770304.0,y8brg36d,peteish1-20241104_064220,2024-11-04T06:42:41Z,1.052770304
503.0,5.656439304351807,1054867456.0,y8brg36d,peteish1-20241104_064220,2024-11-04T06:42:41Z,1.054867456
504.0,5.664647102355957,1056964608.0,y8brg36d,peteish1-20241104_064220,2024-11-04T06:42:41Z,1.056964608
505.0,5.67958927154541,1059061760.0,y8brg36d,peteish1-20241104_064220,2024-11-04T06:42:41Z,1.05906176
506.0,5.637417793273926,1061158912.0,y8brg36d,peteish1-20241104_064220,2024-11-04T06:42:41Z,1.061158912
507.0,5.672691345214844,1063256064.0,y8brg36d,peteish1-20241104_064220,2024-11-04T06:42:41Z,1.063256064
508.0,5.668874740600586,1065353216.0,y8brg36d,peteish1-20241104_064220,2024-11-04T06:42:41Z,1.065353216
509.0,5.641664981842041,1067450368.0,y8brg36d,peteish1-20241104_064220,2024-11-04T06:42:41Z,1.067450368
510.0,5.620693683624268,1069547520.0,y8brg36d,peteish1-20241104_064220,2024-11-04T06:42:41Z,1.06954752
511.0,5.645784854888916,1071644672.0,y8brg36d,peteish1-20241104_064220,2024-11-04T06:42:41Z,1.071644672
512.0,5.647168159484863,1073741824.0,y8brg36d,peteish1-20241104_064220,2024-11-04T06:42:41Z,1.073741824
513.0,5.641963005065918,1075838976.0,y8brg36d,peteish1-20241104_064220,2024-11-04T06:42:41Z,1.075838976
514.0,5.626908779144287,1077936128.0,y8brg36d,peteish1-20241104_064220,2024-11-04T06:42:41Z,1.077936128
515.0,5.671920299530029,1080033280.0,y8brg36d,peteish1-20241104_064220,2024-11-04T06:42:41Z,1.08003328
516.0,5.621952056884766,1082130432.0,y8brg36d,peteish1-20241104_064220,2024-11-04T06:42:41Z,1.082130432
517.0,5.604231834411621,1084227584.0,y8brg36d,peteish1-20241104_064220,2024-11-04T06:42:41Z,1.084227584
518.0,5.65348482131958,1086324736.0,y8brg36d,peteish1-20241104_064220,2024-11-04T06:42:41Z,1.086324736
519.0,5.621199607849121,1088421888.0,y8brg36d,peteish1-20241104_064220,2024-11-04T06:42:41Z,1.088421888
520.0,5.60704231262207,1090519040.0,y8brg36d,peteish1-20241104_064220,2024-11-04T06:42:41Z,1.09051904
521.0,5.6137542724609375,1092616192.0,y8brg36d,peteish1-20241104_064220,2024-11-04T06:42:41Z,1.092616192
522.0,5.60413932800293,1094713344.0,y8brg36d,peteish1-20241104_064220,2024-11-04T06:42:41Z,1.094713344
523.0,5.601486682891846,1096810496.0,y8brg36d,peteish1-20241104_064220,2024-11-04T06:42:41Z,1.096810496
524.0,5.605891704559326,1098907648.0,y8brg36d,peteish1-20241104_064220,2024-11-04T06:42:41Z,1.098907648
525.0,5.5991716384887695,1101004800.0,y8brg36d,peteish1-20241104_064220,2024-11-04T06:42:41Z,1.1010048
526.0,5.618574619293213,1103101952.0,y8brg36d,peteish1-20241104_064220,2024-11-04T06:42:41Z,1.103101952
527.0,5.602209091186523,1105199104.0,y8brg36d,peteish1-20241104_064220,2024-11-04T06:42:41Z,1.105199104
528.0,5.61888313293457,1107296256.0,y8brg36d,peteish1-20241104_064220,2024-11-04T06:42:41Z,1.107296256
529.0,5.5846357345581055,1109393408.0,y8brg36d,peteish1-20241104_064220,2024-11-04T06:42:41Z,1.109393408
530.0,5.612004280090332,1111490560.0,y8brg36d,peteish1-20241104_064220,2024-11-04T06:42:41Z,1.11149056
531.0,5.622756004333496,1113587712.0,y8brg36d,peteish1-20241104_064220,2024-11-04T06:42:41Z,1.113587712
532.0,5.576816558837891,1115684864.0,y8brg36d,peteish1-20241104_064220,2024-11-04T06:42:41Z,1.115684864
533.0,5.614171028137207,1117782016.0,y8brg36d,peteish1-20241104_064220,2024-11-04T06:42:41Z,1.117782016
534.0,5.590501308441162,1119879168.0,y8brg36d,peteish1-20241104_064220,2024-11-04T06:42:41Z,1.119879168
535.0,5.582669734954834,1121976320.0,y8brg36d,peteish1-20241104_064220,2024-11-04T06:42:41Z,1.12197632
536.0,5.583307266235352,1124073472.0,y8brg36d,peteish1-20241104_064220,2024-11-04T06:42:41Z,1.124073472
537.0,5.604936599731445,1126170624.0,y8brg36d,peteish1-20241104_064220,2024-11-04T06:42:41Z,1.126170624
538.0,5.595958709716797,1128267776.0,y8brg36d,peteish1-20241104_064220,2024-11-04T06:42:41Z,1.128267776
539.0,5.58565616607666,1130364928.0,y8brg36d,peteish1-20241104_064220,2024-11-04T06:42:41Z,1.130364928
540.0,5.549490928649902,1132462080.0,y8brg36d,peteish1-20241104_064220,2024-11-04T06:42:41Z,1.13246208
541.0,5.560616493225098,1134559232.0,y8brg36d,peteish1-20241104_064220,2024-11-04T06:42:41Z,1.134559232
542.0,5.597285270690918,1136656384.0,y8brg36d,peteish1-20241104_064220,2024-11-04T06:42:41Z,1.136656384
543.0,5.557949542999268,1138753536.0,y8brg36d,peteish1-20241104_064220,2024-11-04T06:42:41Z,1.138753536
544.0,5.577132701873779,1140850688.0,y8brg36d,peteish1-20241104_064220,2024-11-04T06:42:41Z,1.140850688
545.0,5.575251579284668,1142947840.0,y8brg36d,peteish1-20241104_064220,2024-11-04T06:42:41Z,1.14294784
546.0,5.574860095977783,1145044992.0,y8brg36d,peteish1-20241104_064220,2024-11-04T06:42:41Z,1.145044992
547.0,5.5678911209106445,1147142144.0,y8brg36d,peteish1-20241104_064220,2024-11-04T06:42:41Z,1.147142144
548.0,5.551327228546143,1149239296.0,y8brg36d,peteish1-20241104_064220,2024-11-04T06:42:41Z,1.149239296
549.0,5.576070308685303,1151336448.0,y8brg36d,peteish1-20241104_064220,2024-11-04T06:42:41Z,1.151336448
550.0,5.513573169708252,1153433600.0,y8brg36d,peteish1-20241104_064220,2024-11-04T06:42:41Z,1.1534336
551.0,5.5682172775268555,1155530752.0,y8brg36d,peteish1-20241104_064220,2024-11-04T06:42:41Z,1.155530752
552.0,5.526014804840088,1157627904.0,y8brg36d,peteish1-20241104_064220,2024-11-04T06:42:41Z,1.157627904
553.0,5.515322685241699,1159725056.0,y8brg36d,peteish1-20241104_064220,2024-11-04T06:42:41Z,1.159725056
554.0,5.557186603546143,1161822208.0,y8brg36d,peteish1-20241104_064220,2024-11-04T06:42:41Z,1.161822208
555.0,5.511569499969482,1163919360.0,y8brg36d,peteish1-20241104_064220,2024-11-04T06:42:41Z,1.16391936
556.0,5.558566093444824,1166016512.0,y8brg36d,peteish1-20241104_064220,2024-11-04T06:42:41Z,1.166016512
557.0,5.504019260406494,1168113664.0,y8brg36d,peteish1-20241104_064220,2024-11-04T06:42:41Z,1.168113664
558.0,5.56831169128418,1170210816.0,y8brg36d,peteish1-20241104_064220,2024-11-04T06:42:41Z,1.170210816
559.0,5.511046886444092,1172307968.0,y8brg36d,peteish1-20241104_064220,2024-11-04T06:42:41Z,1.172307968
560.0,5.560303688049316,1174405120.0,y8brg36d,peteish1-20241104_064220,2024-11-04T06:42:41Z,1.17440512
561.0,5.530484199523926,1176502272.0,y8brg36d,peteish1-20241104_064220,2024-11-04T06:42:41Z,1.176502272
562.0,5.527247905731201,1178599424.0,y8brg36d,peteish1-20241104_064220,2024-11-04T06:42:41Z,1.178599424
563.0,5.532175064086914,1180696576.0,y8brg36d,peteish1-20241104_064220,2024-11-04T06:42:41Z,1.180696576
564.0,5.556394577026367,1182793728.0,y8brg36d,peteish1-20241104_064220,2024-11-04T06:42:41Z,1.182793728
565.0,5.5014190673828125,1184890880.0,y8brg36d,peteish1-20241104_064220,2024-11-04T06:42:41Z,1.18489088
566.0,5.5397257804870605,1186988032.0,y8brg36d,peteish1-20241104_064220,2024-11-04T06:42:41Z,1.186988032
567.0,5.504267692565918,1189085184.0,y8brg36d,peteish1-20241104_064220,2024-11-04T06:42:41Z,1.189085184
568.0,5.516758441925049,1191182336.0,y8brg36d,peteish1-20241104_064220,2024-11-04T06:42:41Z,1.191182336
569.0,5.484816074371338,1193279488.0,y8brg36d,peteish1-20241104_064220,2024-11-04T06:42:41Z,1.193279488
570.0,5.499610900878906,1195376640.0,y8brg36d,peteish1-20241104_064220,2024-11-04T06:42:41Z,1.19537664
571.0,5.507639408111572,1197473792.0,y8brg36d,peteish1-20241104_064220,2024-11-04T06:42:41Z,1.197473792
572.0,5.509896278381348,1199570944.0,y8brg36d,peteish1-20241104_064220,2024-11-04T06:42:41Z,1.199570944
573.0,5.520905494689941,1201668096.0,y8brg36d,peteish1-20241104_064220,2024-11-04T06:42:41Z,1.201668096
574.0,5.514557838439941,1203765248.0,y8brg36d,peteish1-20241104_064220,2024-11-04T06:42:41Z,1.203765248
575.0,5.518911361694336,1205862400.0,y8brg36d,peteish1-20241104_064220,2024-11-04T06:42:41Z,1.2058624
576.0,5.51215124130249,1207959552.0,y8brg36d,peteish1-20241104_064220,2024-11-04T06:42:41Z,1.207959552
577.0,5.501117706298828,1210056704.0,y8brg36d,peteish1-20241104_064220,2024-11-04T06:42:41Z,1.210056704
578.0,5.476208686828613,1212153856.0,y8brg36d,peteish1-20241104_064220,2024-11-04T06:42:41Z,1.212153856
579.0,5.520816802978516,1214251008.0,y8brg36d,peteish1-20241104_064220,2024-11-04T06:42:41Z,1.214251008
580.0,5.488326549530029,1216348160.0,y8brg36d,peteish1-20241104_064220,2024-11-04T06:42:41Z,1.21634816
581.0,5.456760883331299,1218445312.0,y8brg36d,peteish1-20241104_064220,2024-11-04T06:42:41Z,1.218445312
582.0,5.484707355499268,1220542464.0,y8brg36d,peteish1-20241104_064220,2024-11-04T06:42:41Z,1.220542464
583.0,5.472634792327881,1222639616.0,y8brg36d,peteish1-20241104_064220,2024-11-04T06:42:41Z,1.222639616
584.0,5.493908405303955,1224736768.0,y8brg36d,peteish1-20241104_064220,2024-11-04T06:42:41Z,1.224736768
585.0,5.461735248565674,1226833920.0,y8brg36d,peteish1-20241104_064220,2024-11-04T06:42:41Z,1.22683392
586.0,5.491998195648193,1228931072.0,y8brg36d,peteish1-20241104_064220,2024-11-04T06:42:41Z,1.228931072
587.0,5.460824489593506,1231028224.0,y8brg36d,peteish1-20241104_064220,2024-11-04T06:42:41Z,1.231028224
588.0,5.471753120422363,1233125376.0,y8brg36d,peteish1-20241104_064220,2024-11-04T06:42:41Z,1.233125376
589.0,5.475194931030273,1235222528.0,y8brg36d,peteish1-20241104_064220,2024-11-04T06:42:41Z,1.235222528
590.0,5.546419143676758,1237319680.0,y8brg36d,peteish1-20241104_064220,2024-11-04T06:42:41Z,1.23731968
591.0,5.464021682739258,1239416832.0,y8brg36d,peteish1-20241104_064220,2024-11-04T06:42:41Z,1.239416832
592.0,5.474801063537598,1241513984.0,y8brg36d,peteish1-20241104_064220,2024-11-04T06:42:41Z,1.241513984
593.0,5.475106716156006,1243611136.0,y8brg36d,peteish1-20241104_064220,2024-11-04T06:42:41Z,1.243611136
594.0,5.484793186187744,1245708288.0,y8brg36d,peteish1-20241104_064220,2024-11-04T06:42:41Z,1.245708288
595.0,5.443818092346191,1247805440.0,y8brg36d,peteish1-20241104_064220,2024-11-04T06:42:41Z,1.24780544
596.0,5.454327583312988,1249902592.0,y8brg36d,peteish1-20241104_064220,2024-11-04T06:42:41Z,1.249902592
597.0,5.438836097717285,1251999744.0,y8brg36d,peteish1-20241104_064220,2024-11-04T06:42:41Z,1.251999744
598.0,5.449950218200684,1254096896.0,y8brg36d,peteish1-20241104_064220,2024-11-04T06:42:41Z,1.254096896
599.0,5.445377349853516,1256194048.0,y8brg36d,peteish1-20241104_064220,2024-11-04T06:42:41Z,1.256194048
600.0,5.433732509613037,1258291200.0,y8brg36d,peteish1-20241104_064220,2024-11-04T06:42:41Z,1.2582912
601.0,5.448911666870117,1260388352.0,y8brg36d,peteish1-20241104_064220,2024-11-04T06:42:41Z,1.260388352
602.0,5.4241838455200195,1262485504.0,y8brg36d,peteish1-20241104_064220,2024-11-04T06:42:41Z,1.262485504
603.0,5.439453601837158,1264582656.0,y8brg36d,peteish1-20241104_064220,2024-11-04T06:42:41Z,1.264582656
604.0,5.434372901916504,1266679808.0,y8brg36d,peteish1-20241104_064220,2024-11-04T06:42:41Z,1.266679808
605.0,5.445774078369141,1268776960.0,y8brg36d,peteish1-20241104_064220,2024-11-04T06:42:41Z,1.26877696
606.0,5.4625654220581055,1270874112.0,y8brg36d,peteish1-20241104_064220,2024-11-04T06:42:41Z,1.270874112
607.0,5.421219348907471,1272971264.0,y8brg36d,peteish1-20241104_064220,2024-11-04T06:42:41Z,1.272971264
608.0,5.436129093170166,1275068416.0,y8brg36d,peteish1-20241104_064220,2024-11-04T06:42:41Z,1.275068416
609.0,5.404919624328613,1277165568.0,y8brg36d,peteish1-20241104_064220,2024-11-04T06:42:41Z,1.277165568
610.0,5.418643474578857,1279262720.0,y8brg36d,peteish1-20241104_064220,2024-11-04T06:42:41Z,1.27926272
611.0,5.433988094329834,1281359872.0,y8brg36d,peteish1-20241104_064220,2024-11-04T06:42:41Z,1.281359872
612.0,5.416565895080566,1283457024.0,y8brg36d,peteish1-20241104_064220,2024-11-04T06:42:41Z,1.283457024
613.0,5.427295207977295,1285554176.0,y8brg36d,peteish1-20241104_064220,2024-11-04T06:42:41Z,1.285554176
614.0,5.410425662994385,1287651328.0,y8brg36d,peteish1-20241104_064220,2024-11-04T06:42:41Z,1.287651328
615.0,5.419328212738037,1289748480.0,y8brg36d,peteish1-20241104_064220,2024-11-04T06:42:41Z,1.28974848
616.0,5.419059753417969,1291845632.0,y8brg36d,peteish1-20241104_064220,2024-11-04T06:42:41Z,1.291845632
617.0,5.388558864593506,1293942784.0,y8brg36d,peteish1-20241104_064220,2024-11-04T06:42:41Z,1.293942784
618.0,5.418258190155029,1296039936.0,y8brg36d,peteish1-20241104_064220,2024-11-04T06:42:41Z,1.296039936
619.0,5.390020370483398,1298137088.0,y8brg36d,peteish1-20241104_064220,2024-11-04T06:42:41Z,1.298137088
620.0,5.4111328125,1300234240.0,y8brg36d,peteish1-20241104_064220,2024-11-04T06:42:41Z,1.30023424
621.0,5.403226852416992,1302331392.0,y8brg36d,peteish1-20241104_064220,2024-11-04T06:42:41Z,1.302331392
622.0,5.394618988037109,1304428544.0,y8brg36d,peteish1-20241104_064220,2024-11-04T06:42:41Z,1.304428544
623.0,5.345025539398193,1306525696.0,y8brg36d,peteish1-20241104_064220,2024-11-04T06:42:41Z,1.306525696
624.0,5.409552574157715,1308622848.0,y8brg36d,peteish1-20241104_064220,2024-11-04T06:42:41Z,1.308622848
625.0,5.3800740242004395,1310720000.0,y8brg36d,peteish1-20241104_064220,2024-11-04T06:42:41Z,1.31072
626.0,5.394774913787842,1312817152.0,y8brg36d,peteish1-20241104_064220,2024-11-04T06:42:41Z,1.312817152
627.0,5.402946472167969,1314914304.0,y8brg36d,peteish1-20241104_064220,2024-11-04T06:42:41Z,1.314914304
628.0,5.3836469650268555,1317011456.0,y8brg36d,peteish1-20241104_064220,2024-11-04T06:42:41Z,1.317011456
629.0,5.378195285797119,1319108608.0,y8brg36d,peteish1-20241104_064220,2024-11-04T06:42:41Z,1.319108608
630.0,5.368954658508301,1321205760.0,y8brg36d,peteish1-20241104_064220,2024-11-04T06:42:41Z,1.32120576
631.0,5.403950214385986,1323302912.0,y8brg36d,peteish1-20241104_064220,2024-11-04T06:42:41Z,1.323302912
632.0,5.413781642913818,1325400064.0,y8brg36d,peteish1-20241104_064220,2024-11-04T06:42:41Z,1.325400064
633.0,5.342825412750244,1327497216.0,y8brg36d,peteish1-20241104_064220,2024-11-04T06:42:41Z,1.327497216
634.0,5.410401821136475,1329594368.0,y8brg36d,peteish1-20241104_064220,2024-11-04T06:42:41Z,1.329594368
635.0,5.385276794433594,1331691520.0,y8brg36d,peteish1-20241104_064220,2024-11-04T06:42:41Z,1.33169152
636.0,5.36616325378418,1333788672.0,y8brg36d,peteish1-20241104_064220,2024-11-04T06:42:41Z,1.333788672
637.0,5.35453462600708,1335885824.0,y8brg36d,peteish1-20241104_064220,2024-11-04T06:42:41Z,1.335885824
638.0,5.38361120223999,1337982976.0,y8brg36d,peteish1-20241104_064220,2024-11-04T06:42:41Z,1.337982976
639.0,5.354374408721924,1340080128.0,y8brg36d,peteish1-20241104_064220,2024-11-04T06:42:41Z,1.340080128
640.0,5.358822345733643,1342177280.0,y8brg36d,peteish1-20241104_064220,2024-11-04T06:42:41Z,1.34217728
641.0,5.3590779304504395,1344274432.0,y8brg36d,peteish1-20241104_064220,2024-11-04T06:42:41Z,1.344274432
642.0,5.359655380249023,1346371584.0,y8brg36d,peteish1-20241104_064220,2024-11-04T06:42:41Z,1.346371584
643.0,5.349196910858154,1348468736.0,y8brg36d,peteish1-20241104_064220,2024-11-04T06:42:41Z,1.348468736
644.0,5.395169734954834,1350565888.0,y8brg36d,peteish1-20241104_064220,2024-11-04T06:42:41Z,1.350565888
645.0,5.349400997161865,1352663040.0,y8brg36d,peteish1-20241104_064220,2024-11-04T06:42:41Z,1.35266304
646.0,5.319063663482666,1354760192.0,y8brg36d,peteish1-20241104_064220,2024-11-04T06:42:41Z,1.354760192
647.0,5.370171070098877,1356857344.0,y8brg36d,peteish1-20241104_064220,2024-11-04T06:42:41Z,1.356857344
648.0,5.350534915924072,1358954496.0,y8brg36d,peteish1-20241104_064220,2024-11-04T06:42:41Z,1.358954496
649.0,5.329521179199219,1361051648.0,y8brg36d,peteish1-20241104_064220,2024-11-04T06:42:41Z,1.361051648
650.0,5.345530986785889,1363148800.0,y8brg36d,peteish1-20241104_064220,2024-11-04T06:42:41Z,1.3631488
651.0,5.340380668640137,1365245952.0,y8brg36d,peteish1-20241104_064220,2024-11-04T06:42:41Z,1.365245952
652.0,5.399271011352539,1367343104.0,y8brg36d,peteish1-20241104_064220,2024-11-04T06:42:41Z,1.367343104
653.0,5.350653648376465,1369440256.0,y8brg36d,peteish1-20241104_064220,2024-11-04T06:42:41Z,1.369440256
654.0,5.372274875640869,1371537408.0,y8brg36d,peteish1-20241104_064220,2024-11-04T06:42:41Z,1.371537408
655.0,5.316187858581543,1373634560.0,y8brg36d,peteish1-20241104_064220,2024-11-04T06:42:41Z,1.37363456
656.0,5.319726943969727,1375731712.0,y8brg36d,peteish1-20241104_064220,2024-11-04T06:42:41Z,1.375731712
657.0,5.330763816833496,1377828864.0,y8brg36d,peteish1-20241104_064220,2024-11-04T06:42:41Z,1.377828864
658.0,5.349246025085449,1379926016.0,y8brg36d,peteish1-20241104_064220,2024-11-04T06:42:41Z,1.379926016
659.0,5.364354133605957,1382023168.0,y8brg36d,peteish1-20241104_064220,2024-11-04T06:42:41Z,1.382023168
660.0,5.334824562072754,1384120320.0,y8brg36d,peteish1-20241104_064220,2024-11-04T06:42:41Z,1.38412032
661.0,5.333008766174316,1386217472.0,y8brg36d,peteish1-20241104_064220,2024-11-04T06:42:41Z,1.386217472
662.0,5.310655117034912,1388314624.0,y8brg36d,peteish1-20241104_064220,2024-11-04T06:42:41Z,1.388314624
663.0,5.301261901855469,1390411776.0,y8brg36d,peteish1-20241104_064220,2024-11-04T06:42:41Z,1.390411776
664.0,5.302601337432861,1392508928.0,y8brg36d,peteish1-20241104_064220,2024-11-04T06:42:41Z,1.392508928
665.0,5.30448055267334,1394606080.0,y8brg36d,peteish1-20241104_064220,2024-11-04T06:42:41Z,1.39460608
666.0,5.286289215087891,1396703232.0,y8brg36d,peteish1-20241104_064220,2024-11-04T06:42:41Z,1.396703232
667.0,5.301450252532959,1398800384.0,y8brg36d,peteish1-20241104_064220,2024-11-04T06:42:41Z,1.398800384
668.0,5.29514217376709,1400897536.0,y8brg36d,peteish1-20241104_064220,2024-11-04T06:42:41Z,1.400897536
669.0,5.2909955978393555,1402994688.0,y8brg36d,peteish1-20241104_064220,2024-11-04T06:42:41Z,1.402994688
670.0,5.325860977172852,1405091840.0,y8brg36d,peteish1-20241104_064220,2024-11-04T06:42:41Z,1.40509184
671.0,5.285463809967041,1407188992.0,y8brg36d,peteish1-20241104_064220,2024-11-04T06:42:41Z,1.407188992
672.0,5.295502662658691,1409286144.0,y8brg36d,peteish1-20241104_064220,2024-11-04T06:42:41Z,1.409286144
673.0,5.278931140899658,1411383296.0,y8brg36d,peteish1-20241104_064220,2024-11-04T06:42:41Z,1.411383296
674.0,5.330029010772705,1413480448.0,y8brg36d,peteish1-20241104_064220,2024-11-04T06:42:41Z,1.413480448
675.0,5.312888145446777,1415577600.0,y8brg36d,peteish1-20241104_064220,2024-11-04T06:42:41Z,1.4155776
676.0,5.3035359382629395,1417674752.0,y8brg36d,peteish1-20241104_064220,2024-11-04T06:42:41Z,1.417674752
677.0,5.302766799926758,1419771904.0,y8brg36d,peteish1-20241104_064220,2024-11-04T06:42:41Z,1.419771904
678.0,5.3227972984313965,1421869056.0,y8brg36d,peteish1-20241104_064220,2024-11-04T06:42:41Z,1.421869056
679.0,5.293297290802002,1423966208.0,y8brg36d,peteish1-20241104_064220,2024-11-04T06:42:41Z,1.423966208
680.0,5.287595272064209,1426063360.0,y8brg36d,peteish1-20241104_064220,2024-11-04T06:42:41Z,1.42606336
681.0,5.285155773162842,1428160512.0,y8brg36d,peteish1-20241104_064220,2024-11-04T06:42:41Z,1.428160512
682.0,5.249678134918213,1430257664.0,y8brg36d,peteish1-20241104_064220,2024-11-04T06:42:41Z,1.430257664
683.0,5.307150840759277,1432354816.0,y8brg36d,peteish1-20241104_064220,2024-11-04T06:42:41Z,1.432354816
684.0,5.312145709991455,1434451968.0,y8brg36d,peteish1-20241104_064220,2024-11-04T06:42:41Z,1.434451968
685.0,5.249499320983887,1436549120.0,y8brg36d,peteish1-20241104_064220,2024-11-04T06:42:41Z,1.43654912
686.0,5.30033016204834,1438646272.0,y8brg36d,peteish1-20241104_064220,2024-11-04T06:42:41Z,1.438646272
687.0,5.271399974822998,1440743424.0,y8brg36d,peteish1-20241104_064220,2024-11-04T06:42:41Z,1.440743424
688.0,5.277567386627197,1442840576.0,y8brg36d,peteish1-20241104_064220,2024-11-04T06:42:41Z,1.442840576
689.0,5.259581089019775,1444937728.0,y8brg36d,peteish1-20241104_064220,2024-11-04T06:42:41Z,1.444937728
690.0,5.254942417144775,1447034880.0,y8brg36d,peteish1-20241104_064220,2024-11-04T06:42:41Z,1.44703488
691.0,5.261250972747803,1449132032.0,y8brg36d,peteish1-20241104_064220,2024-11-04T06:42:41Z,1.449132032
692.0,5.26033353805542,1451229184.0,y8brg36d,peteish1-20241104_064220,2024-11-04T06:42:41Z,1.451229184
693.0,5.287318706512451,1453326336.0,y8brg36d,peteish1-20241104_064220,2024-11-04T06:42:41Z,1.453326336
694.0,5.257550239562988,1455423488.0,y8brg36d,peteish1-20241104_064220,2024-11-04T06:42:41Z,1.455423488
695.0,5.27930212020874,1457520640.0,y8brg36d,peteish1-20241104_064220,2024-11-04T06:42:41Z,1.45752064
696.0,5.247382164001465,1459617792.0,y8brg36d,peteish1-20241104_064220,2024-11-04T06:42:41Z,1.459617792
697.0,5.245008945465088,1461714944.0,y8brg36d,peteish1-20241104_064220,2024-11-04T06:42:41Z,1.461714944
698.0,5.265731334686279,1463812096.0,y8brg36d,peteish1-20241104_064220,2024-11-04T06:42:41Z,1.463812096
699.0,5.239931106567383,1465909248.0,y8brg36d,peteish1-20241104_064220,2024-11-04T06:42:41Z,1.465909248
700.0,5.282136917114258,1468006400.0,y8brg36d,peteish1-20241104_064220,2024-11-04T06:42:41Z,1.4680064
701.0,5.267032146453857,1470103552.0,y8brg36d,peteish1-20241104_064220,2024-11-04T06:42:41Z,1.470103552
702.0,5.249222278594971,1472200704.0,y8brg36d,peteish1-20241104_064220,2024-11-04T06:42:41Z,1.472200704
703.0,5.263753890991211,1474297856.0,y8brg36d,peteish1-20241104_064220,2024-11-04T06:42:41Z,1.474297856
704.0,5.226665019989014,1476395008.0,y8brg36d,peteish1-20241104_064220,2024-11-04T06:42:41Z,1.476395008
705.0,5.2502899169921875,1478492160.0,y8brg36d,peteish1-20241104_064220,2024-11-04T06:42:41Z,1.47849216
706.0,5.2334160804748535,1480589312.0,y8brg36d,peteish1-20241104_064220,2024-11-04T06:42:41Z,1.480589312
707.0,5.234328746795654,1482686464.0,y8brg36d,peteish1-20241104_064220,2024-11-04T06:42:41Z,1.482686464
708.0,5.218629837036133,1484783616.0,y8brg36d,peteish1-20241104_064220,2024-11-04T06:42:41Z,1.484783616
709.0,5.244735240936279,1486880768.0,y8brg36d,peteish1-20241104_064220,2024-11-04T06:42:41Z,1.486880768
710.0,5.233071804046631,1488977920.0,y8brg36d,peteish1-20241104_064220,2024-11-04T06:42:41Z,1.48897792
711.0,5.222689628601074,1491075072.0,y8brg36d,peteish1-20241104_064220,2024-11-04T06:42:41Z,1.491075072
712.0,5.232931137084961,1493172224.0,y8brg36d,peteish1-20241104_064220,2024-11-04T06:42:41Z,1.493172224
713.0,5.240395545959473,1495269376.0,y8brg36d,peteish1-20241104_064220,2024-11-04T06:42:41Z,1.495269376
714.0,5.175611972808838,1497366528.0,y8brg36d,peteish1-20241104_064220,2024-11-04T06:42:41Z,1.497366528
715.0,5.235732078552246,1499463680.0,y8brg36d,peteish1-20241104_064220,2024-11-04T06:42:41Z,1.49946368
716.0,5.231757164001465,1501560832.0,y8brg36d,peteish1-20241104_064220,2024-11-04T06:42:41Z,1.501560832
717.0,5.230296611785889,1503657984.0,y8brg36d,peteish1-20241104_064220,2024-11-04T06:42:41Z,1.503657984
718.0,5.204632759094238,1505755136.0,y8brg36d,peteish1-20241104_064220,2024-11-04T06:42:41Z,1.505755136
719.0,5.263031959533691,1507852288.0,y8brg36d,peteish1-20241104_064220,2024-11-04T06:42:41Z,1.507852288
720.0,5.224583625793457,1509949440.0,y8brg36d,peteish1-20241104_064220,2024-11-04T06:42:41Z,1.50994944
721.0,5.215303421020508,1512046592.0,y8brg36d,peteish1-20241104_064220,2024-11-04T06:42:41Z,1.512046592
722.0,5.196997165679932,1514143744.0,y8brg36d,peteish1-20241104_064220,2024-11-04T06:42:41Z,1.514143744
723.0,5.23062801361084,1516240896.0,y8brg36d,peteish1-20241104_064220,2024-11-04T06:42:41Z,1.516240896
724.0,5.2209954261779785,1518338048.0,y8brg36d,peteish1-20241104_064220,2024-11-04T06:42:41Z,1.518338048
725.0,5.202004432678223,1520435200.0,y8brg36d,peteish1-20241104_064220,2024-11-04T06:42:41Z,1.5204352
726.0,5.175540924072266,1522532352.0,y8brg36d,peteish1-20241104_064220,2024-11-04T06:42:41Z,1.522532352
727.0,5.233822345733643,1524629504.0,y8brg36d,peteish1-20241104_064220,2024-11-04T06:42:41Z,1.524629504
728.0,5.2256646156311035,1526726656.0,y8brg36d,peteish1-20241104_064220,2024-11-04T06:42:41Z,1.526726656
729.0,5.222816467285156,1528823808.0,y8brg36d,peteish1-20241104_064220,2024-11-04T06:42:41Z,1.528823808
730.0,5.208372592926025,1530920960.0,y8brg36d,peteish1-20241104_064220,2024-11-04T06:42:41Z,1.53092096
731.0,5.180842876434326,1533018112.0,y8brg36d,peteish1-20241104_064220,2024-11-04T06:42:41Z,1.533018112
732.0,5.190570831298828,1535115264.0,y8brg36d,peteish1-20241104_064220,2024-11-04T06:42:41Z,1.535115264
733.0,5.209284782409668,1537212416.0,y8brg36d,peteish1-20241104_064220,2024-11-04T06:42:41Z,1.537212416
734.0,5.209540843963623,1539309568.0,y8brg36d,peteish1-20241104_064220,2024-11-04T06:42:41Z,1.539309568
735.0,5.160984039306641,1541406720.0,y8brg36d,peteish1-20241104_064220,2024-11-04T06:42:41Z,1.54140672
736.0,5.201461315155029,1543503872.0,y8brg36d,peteish1-20241104_064220,2024-11-04T06:42:41Z,1.543503872
737.0,5.208414554595947,1545601024.0,y8brg36d,peteish1-20241104_064220,2024-11-04T06:42:41Z,1.545601024
738.0,5.181878566741943,1547698176.0,y8brg36d,peteish1-20241104_064220,2024-11-04T06:42:41Z,1.547698176
739.0,5.193323612213135,1549795328.0,y8brg36d,peteish1-20241104_064220,2024-11-04T06:42:41Z,1.549795328
740.0,5.1836042404174805,1551892480.0,y8brg36d,peteish1-20241104_064220,2024-11-04T06:42:41Z,1.55189248
741.0,5.16819429397583,1553989632.0,y8brg36d,peteish1-20241104_064220,2024-11-04T06:42:41Z,1.553989632
742.0,5.210855007171631,1556086784.0,y8brg36d,peteish1-20241104_064220,2024-11-04T06:42:41Z,1.556086784
743.0,5.191205978393555,1558183936.0,y8brg36d,peteish1-20241104_064220,2024-11-04T06:42:41Z,1.558183936
744.0,5.148969650268555,1560281088.0,y8brg36d,peteish1-20241104_064220,2024-11-04T06:42:41Z,1.560281088
745.0,5.18791389465332,1562378240.0,y8brg36d,peteish1-20241104_064220,2024-11-04T06:42:41Z,1.56237824
746.0,5.154831886291504,1564475392.0,y8brg36d,peteish1-20241104_064220,2024-11-04T06:42:41Z,1.564475392
747.0,5.179207801818848,1566572544.0,y8brg36d,peteish1-20241104_064220,2024-11-04T06:42:41Z,1.566572544
748.0,5.182118892669678,1568669696.0,y8brg36d,peteish1-20241104_064220,2024-11-04T06:42:41Z,1.568669696
749.0,5.150862693786621,1570766848.0,y8brg36d,peteish1-20241104_064220,2024-11-04T06:42:41Z,1.570766848
750.0,5.177678108215332,1572864000.0,y8brg36d,peteish1-20241104_064220,2024-11-04T06:42:41Z,1.572864
751.0,5.162637710571289,1574961152.0,y8brg36d,peteish1-20241104_064220,2024-11-04T06:42:41Z,1.574961152
752.0,5.174592971801758,1577058304.0,y8brg36d,peteish1-20241104_064220,2024-11-04T06:42:41Z,1.577058304
753.0,5.143712997436523,1579155456.0,y8brg36d,peteish1-20241104_064220,2024-11-04T06:42:41Z,1.579155456
754.0,5.174059867858887,1581252608.0,y8brg36d,peteish1-20241104_064220,2024-11-04T06:42:41Z,1.581252608
755.0,5.128669261932373,1583349760.0,y8brg36d,peteish1-20241104_064220,2024-11-04T06:42:41Z,1.58334976
756.0,5.182329177856445,1585446912.0,y8brg36d,peteish1-20241104_064220,2024-11-04T06:42:41Z,1.585446912
757.0,5.1894330978393555,1587544064.0,y8brg36d,peteish1-20241104_064220,2024-11-04T06:42:41Z,1.587544064
758.0,5.169035911560059,1589641216.0,y8brg36d,peteish1-20241104_064220,2024-11-04T06:42:41Z,1.589641216
759.0,5.157404899597168,1591738368.0,y8brg36d,peteish1-20241104_064220,2024-11-04T06:42:41Z,1.591738368
760.0,5.154974937438965,1593835520.0,y8brg36d,peteish1-20241104_064220,2024-11-04T06:42:41Z,1.59383552
761.0,5.172501564025879,1595932672.0,y8brg36d,peteish1-20241104_064220,2024-11-04T06:42:41Z,1.595932672
762.0,5.168410301208496,1598029824.0,y8brg36d,peteish1-20241104_064220,2024-11-04T06:42:41Z,1.598029824
763.0,5.138042449951172,1600126976.0,y8brg36d,peteish1-20241104_064220,2024-11-04T06:42:41Z,1.600126976
764.0,5.167863845825195,1602224128.0,y8brg36d,peteish1-20241104_064220,2024-11-04T06:42:41Z,1.602224128
765.0,5.120625972747803,1604321280.0,y8brg36d,peteish1-20241104_064220,2024-11-04T06:42:41Z,1.60432128
766.0,5.125175952911377,1606418432.0,y8brg36d,peteish1-20241104_064220,2024-11-04T06:42:41Z,1.606418432
767.0,5.149195194244385,1608515584.0,y8brg36d,peteish1-20241104_064220,2024-11-04T06:42:41Z,1.608515584
768.0,5.12334680557251,1610612736.0,y8brg36d,peteish1-20241104_064220,2024-11-04T06:42:41Z,1.610612736
769.0,5.1194868087768555,1612709888.0,y8brg36d,peteish1-20241104_064220,2024-11-04T06:42:41Z,1.612709888
770.0,5.133435249328613,1614807040.0,y8brg36d,peteish1-20241104_064220,2024-11-04T06:42:41Z,1.61480704
771.0,5.1278886795043945,1616904192.0,y8brg36d,peteish1-20241104_064220,2024-11-04T06:42:41Z,1.616904192
772.0,5.113859176635742,1619001344.0,y8brg36d,peteish1-20241104_064220,2024-11-04T06:42:41Z,1.619001344
773.0,5.104297161102295,1621098496.0,y8brg36d,peteish1-20241104_064220,2024-11-04T06:42:41Z,1.621098496
774.0,5.117822170257568,1623195648.0,y8brg36d,peteish1-20241104_064220,2024-11-04T06:42:41Z,1.623195648
775.0,5.145031452178955,1625292800.0,y8brg36d,peteish1-20241104_064220,2024-11-04T06:42:41Z,1.6252928
776.0,5.108636379241943,1627389952.0,y8brg36d,peteish1-20241104_064220,2024-11-04T06:42:41Z,1.627389952
777.0,5.1168060302734375,1629487104.0,y8brg36d,peteish1-20241104_064220,2024-11-04T06:42:41Z,1.629487104
778.0,5.135390758514404,1631584256.0,y8brg36d,peteish1-20241104_064220,2024-11-04T06:42:41Z,1.631584256
779.0,5.137903213500977,1633681408.0,y8brg36d,peteish1-20241104_064220,2024-11-04T06:42:41Z,1.633681408
780.0,5.103321552276611,1635778560.0,y8brg36d,peteish1-20241104_064220,2024-11-04T06:42:41Z,1.63577856
781.0,5.155704975128174,1637875712.0,y8brg36d,peteish1-20241104_064220,2024-11-04T06:42:41Z,1.637875712
782.0,5.092119216918945,1639972864.0,y8brg36d,peteish1-20241104_064220,2024-11-04T06:42:41Z,1.639972864
783.0,5.10723876953125,1642070016.0,y8brg36d,peteish1-20241104_064220,2024-11-04T06:42:41Z,1.642070016
784.0,5.096439361572266,1644167168.0,y8brg36d,peteish1-20241104_064220,2024-11-04T06:42:41Z,1.644167168
785.0,5.116449356079102,1646264320.0,y8brg36d,peteish1-20241104_064220,2024-11-04T06:42:41Z,1.64626432
786.0,5.092105388641357,1648361472.0,y8brg36d,peteish1-20241104_064220,2024-11-04T06:42:41Z,1.648361472
787.0,5.072893142700195,1650458624.0,y8brg36d,peteish1-20241104_064220,2024-11-04T06:42:41Z,1.650458624
788.0,5.08043098449707,1652555776.0,y8brg36d,peteish1-20241104_064220,2024-11-04T06:42:41Z,1.652555776
789.0,5.0838093757629395,1654652928.0,y8brg36d,peteish1-20241104_064220,2024-11-04T06:42:41Z,1.654652928
790.0,5.109134674072266,1656750080.0,y8brg36d,peteish1-20241104_064220,2024-11-04T06:42:41Z,1.65675008
791.0,5.09712553024292,1658847232.0,y8brg36d,peteish1-20241104_064220,2024-11-04T06:42:41Z,1.658847232
792.0,5.1208343505859375,1660944384.0,y8brg36d,peteish1-20241104_064220,2024-11-04T06:42:41Z,1.660944384
793.0,5.1135430335998535,1663041536.0,y8brg36d,peteish1-20241104_064220,2024-11-04T06:42:41Z,1.663041536
794.0,5.087251663208008,1665138688.0,y8brg36d,peteish1-20241104_064220,2024-11-04T06:42:41Z,1.665138688
795.0,5.0765156745910645,1667235840.0,y8brg36d,peteish1-20241104_064220,2024-11-04T06:42:41Z,1.66723584
796.0,5.079100131988525,1669332992.0,y8brg36d,peteish1-20241104_064220,2024-11-04T06:42:41Z,1.669332992
797.0,5.106741905212402,1671430144.0,y8brg36d,peteish1-20241104_064220,2024-11-04T06:42:41Z,1.671430144
798.0,5.093600273132324,1673527296.0,y8brg36d,peteish1-20241104_064220,2024-11-04T06:42:41Z,1.673527296
799.0,5.077670574188232,1675624448.0,y8brg36d,peteish1-20241104_064220,2024-11-04T06:42:41Z,1.675624448
800.0,5.089087009429932,1677721600.0,y8brg36d,peteish1-20241104_064220,2024-11-04T06:42:41Z,1.6777216
801.0,5.083610534667969,1679818752.0,y8brg36d,peteish1-20241104_064220,2024-11-04T06:42:41Z,1.679818752
802.0,5.089152812957764,1681915904.0,y8brg36d,peteish1-20241104_064220,2024-11-04T06:42:41Z,1.681915904
803.0,5.090803146362305,1684013056.0,y8brg36d,peteish1-20241104_064220,2024-11-04T06:42:41Z,1.684013056
804.0,5.085491180419922,1686110208.0,y8brg36d,peteish1-20241104_064220,2024-11-04T06:42:41Z,1.686110208
805.0,5.064537525177002,1688207360.0,y8brg36d,peteish1-20241104_064220,2024-11-04T06:42:41Z,1.68820736
806.0,5.0894598960876465,1690304512.0,y8brg36d,peteish1-20241104_064220,2024-11-04T06:42:41Z,1.690304512
807.0,5.0603766441345215,1692401664.0,y8brg36d,peteish1-20241104_064220,2024-11-04T06:42:41Z,1.692401664
808.0,5.067245960235596,1694498816.0,y8brg36d,peteish1-20241104_064220,2024-11-04T06:42:41Z,1.694498816
809.0,5.065560340881348,1696595968.0,y8brg36d,peteish1-20241104_064220,2024-11-04T06:42:41Z,1.696595968
810.0,5.061919212341309,1698693120.0,y8brg36d,peteish1-20241104_064220,2024-11-04T06:42:41Z,1.69869312
811.0,5.05478572845459,1700790272.0,y8brg36d,peteish1-20241104_064220,2024-11-04T06:42:41Z,1.700790272
812.0,5.030842304229736,1702887424.0,y8brg36d,peteish1-20241104_064220,2024-11-04T06:42:41Z,1.702887424
813.0,5.053563594818115,1704984576.0,y8brg36d,peteish1-20241104_064220,2024-11-04T06:42:41Z,1.704984576
814.0,5.065933704376221,1707081728.0,y8brg36d,peteish1-20241104_064220,2024-11-04T06:42:41Z,1.707081728
815.0,5.060915470123291,1709178880.0,y8brg36d,peteish1-20241104_064220,2024-11-04T06:42:41Z,1.70917888
816.0,5.065961837768555,1711276032.0,y8brg36d,peteish1-20241104_064220,2024-11-04T06:42:41Z,1.711276032
817.0,5.046308517456055,1713373184.0,y8brg36d,peteish1-20241104_064220,2024-11-04T06:42:41Z,1.713373184
818.0,5.062344074249268,1715470336.0,y8brg36d,peteish1-20241104_064220,2024-11-04T06:42:41Z,1.715470336
819.0,5.019734859466553,1717567488.0,y8brg36d,peteish1-20241104_064220,2024-11-04T06:42:41Z,1.717567488
820.0,5.050468921661377,1719664640.0,y8brg36d,peteish1-20241104_064220,2024-11-04T06:42:41Z,1.71966464
821.0,5.0341105461120605,1721761792.0,y8brg36d,peteish1-20241104_064220,2024-11-04T06:42:41Z,1.721761792
822.0,5.081323623657227,1723858944.0,y8brg36d,peteish1-20241104_064220,2024-11-04T06:42:41Z,1.723858944
823.0,5.020185470581055,1725956096.0,y8brg36d,peteish1-20241104_064220,2024-11-04T06:42:41Z,1.725956096
824.0,5.043867111206055,1728053248.0,y8brg36d,peteish1-20241104_064220,2024-11-04T06:42:41Z,1.728053248
825.0,5.051582336425781,1730150400.0,y8brg36d,peteish1-20241104_064220,2024-11-04T06:42:41Z,1.7301504
826.0,5.0310444831848145,1732247552.0,y8brg36d,peteish1-20241104_064220,2024-11-04T06:42:41Z,1.732247552
827.0,5.052948951721191,1734344704.0,y8brg36d,peteish1-20241104_064220,2024-11-04T06:42:41Z,1.734344704
828.0,5.051238536834717,1736441856.0,y8brg36d,peteish1-20241104_064220,2024-11-04T06:42:41Z,1.736441856
829.0,5.052847862243652,1738539008.0,y8brg36d,peteish1-20241104_064220,2024-11-04T06:42:41Z,1.738539008
830.0,5.022596836090088,1740636160.0,y8brg36d,peteish1-20241104_064220,2024-11-04T06:42:41Z,1.74063616
831.0,5.025262355804443,1742733312.0,y8brg36d,peteish1-20241104_064220,2024-11-04T06:42:41Z,1.742733312
832.0,5.030357360839844,1744830464.0,y8brg36d,peteish1-20241104_064220,2024-11-04T06:42:41Z,1.744830464
833.0,5.008642673492432,1746927616.0,y8brg36d,peteish1-20241104_064220,2024-11-04T06:42:41Z,1.746927616
834.0,5.038387298583984,1749024768.0,y8brg36d,peteish1-20241104_064220,2024-11-04T06:42:41Z,1.749024768
835.0,4.99163293838501,1751121920.0,y8brg36d,peteish1-20241104_064220,2024-11-04T06:42:41Z,1.75112192
836.0,5.028791904449463,1753219072.0,y8brg36d,peteish1-20241104_064220,2024-11-04T06:42:41Z,1.753219072
837.0,4.986405372619629,1755316224.0,y8brg36d,peteish1-20241104_064220,2024-11-04T06:42:41Z,1.755316224
838.0,5.039572238922119,1757413376.0,y8brg36d,peteish1-20241104_064220,2024-11-04T06:42:41Z,1.757413376
839.0,5.0269246101379395,1759510528.0,y8brg36d,peteish1-20241104_064220,2024-11-04T06:42:41Z,1.759510528
840.0,4.991974353790283,1761607680.0,y8brg36d,peteish1-20241104_064220,2024-11-04T06:42:41Z,1.76160768
841.0,5.024439334869385,1763704832.0,y8brg36d,peteish1-20241104_064220,2024-11-04T06:42:41Z,1.763704832
842.0,4.998472213745117,1765801984.0,y8brg36d,peteish1-20241104_064220,2024-11-04T06:42:41Z,1.765801984
843.0,5.030072212219238,1767899136.0,y8brg36d,peteish1-20241104_064220,2024-11-04T06:42:41Z,1.767899136
844.0,5.016096115112305,1769996288.0,y8brg36d,peteish1-20241104_064220,2024-11-04T06:42:41Z,1.769996288
845.0,5.0120530128479,1772093440.0,y8brg36d,peteish1-20241104_064220,2024-11-04T06:42:41Z,1.77209344
846.0,5.01816463470459,1774190592.0,y8brg36d,peteish1-20241104_064220,2024-11-04T06:42:41Z,1.774190592
847.0,5.005842685699463,1776287744.0,y8brg36d,peteish1-20241104_064220,2024-11-04T06:42:41Z,1.776287744
848.0,4.970934867858887,1778384896.0,y8brg36d,peteish1-20241104_064220,2024-11-04T06:42:41Z,1.778384896
849.0,5.000537872314453,1780482048.0,y8brg36d,peteish1-20241104_064220,2024-11-04T06:42:41Z,1.780482048
850.0,4.9956207275390625,1782579200.0,y8brg36d,peteish1-20241104_064220,2024-11-04T06:42:41Z,1.7825792
851.0,5.012823104858398,1784676352.0,y8brg36d,peteish1-20241104_064220,2024-11-04T06:42:41Z,1.784676352
852.0,5.024618148803711,1786773504.0,y8brg36d,peteish1-20241104_064220,2024-11-04T06:42:41Z,1.786773504
853.0,4.985336780548096,1788870656.0,y8brg36d,peteish1-20241104_064220,2024-11-04T06:42:41Z,1.788870656
854.0,5.006846904754639,1790967808.0,y8brg36d,peteish1-20241104_064220,2024-11-04T06:42:41Z,1.790967808
855.0,4.986705780029297,1793064960.0,y8brg36d,peteish1-20241104_064220,2024-11-04T06:42:41Z,1.79306496
856.0,4.978440761566162,1795162112.0,y8brg36d,peteish1-20241104_064220,2024-11-04T06:42:41Z,1.795162112
857.0,5.006627082824707,1797259264.0,y8brg36d,peteish1-20241104_064220,2024-11-04T06:42:41Z,1.797259264
858.0,5.001070022583008,1799356416.0,y8brg36d,peteish1-20241104_064220,2024-11-04T06:42:41Z,1.799356416
859.0,4.9692816734313965,1801453568.0,y8brg36d,peteish1-20241104_064220,2024-11-04T06:42:41Z,1.801453568
860.0,4.977839469909668,1803550720.0,y8brg36d,peteish1-20241104_064220,2024-11-04T06:42:41Z,1.80355072
861.0,4.97145414352417,1805647872.0,y8brg36d,peteish1-20241104_064220,2024-11-04T06:42:41Z,1.805647872
862.0,4.98269510269165,1807745024.0,y8brg36d,peteish1-20241104_064220,2024-11-04T06:42:41Z,1.807745024
863.0,4.996407985687256,1809842176.0,y8brg36d,peteish1-20241104_064220,2024-11-04T06:42:41Z,1.809842176
864.0,5.000818252563477,1811939328.0,y8brg36d,peteish1-20241104_064220,2024-11-04T06:42:41Z,1.811939328
865.0,4.982381820678711,1814036480.0,y8brg36d,peteish1-20241104_064220,2024-11-04T06:42:41Z,1.81403648
866.0,4.965001583099365,1816133632.0,y8brg36d,peteish1-20241104_064220,2024-11-04T06:42:41Z,1.816133632
867.0,4.993391990661621,1818230784.0,y8brg36d,peteish1-20241104_064220,2024-11-04T06:42:41Z,1.818230784
868.0,4.976770877838135,1820327936.0,y8brg36d,peteish1-20241104_064220,2024-11-04T06:42:41Z,1.820327936
869.0,4.97593355178833,1822425088.0,y8brg36d,peteish1-20241104_064220,2024-11-04T06:42:41Z,1.822425088
870.0,4.975170135498047,1824522240.0,y8brg36d,peteish1-20241104_064220,2024-11-04T06:42:41Z,1.82452224
871.0,4.959228992462158,1826619392.0,y8brg36d,peteish1-20241104_064220,2024-11-04T06:42:41Z,1.826619392
872.0,4.98661470413208,1828716544.0,y8brg36d,peteish1-20241104_064220,2024-11-04T06:42:41Z,1.828716544
873.0,4.934792518615723,1830813696.0,y8brg36d,peteish1-20241104_064220,2024-11-04T06:42:41Z,1.830813696
874.0,4.959962368011475,1832910848.0,y8brg36d,peteish1-20241104_064220,2024-11-04T06:42:41Z,1.832910848
875.0,4.935841083526611,1835008000.0,y8brg36d,peteish1-20241104_064220,2024-11-04T06:42:41Z,1.835008
876.0,4.958280086517334,1837105152.0,y8brg36d,peteish1-20241104_064220,2024-11-04T06:42:41Z,1.837105152
877.0,4.957091331481934,1839202304.0,y8brg36d,peteish1-20241104_064220,2024-11-04T06:42:41Z,1.839202304
878.0,4.999385356903076,1841299456.0,y8brg36d,peteish1-20241104_064220,2024-11-04T06:42:41Z,1.841299456
879.0,4.991504192352295,1843396608.0,y8brg36d,peteish1-20241104_064220,2024-11-04T06:42:41Z,1.843396608
880.0,4.9889702796936035,1845493760.0,y8brg36d,peteish1-20241104_064220,2024-11-04T06:42:41Z,1.84549376
881.0,4.968263626098633,1847590912.0,y8brg36d,peteish1-20241104_064220,2024-11-04T06:42:41Z,1.847590912
882.0,4.956507205963135,1849688064.0,y8brg36d,peteish1-20241104_064220,2024-11-04T06:42:41Z,1.849688064
883.0,4.981729984283447,1851785216.0,y8brg36d,peteish1-20241104_064220,2024-11-04T06:42:41Z,1.851785216
884.0,4.904775142669678,1853882368.0,y8brg36d,peteish1-20241104_064220,2024-11-04T06:42:41Z,1.853882368
885.0,4.959630489349365,1855979520.0,y8brg36d,peteish1-20241104_064220,2024-11-04T06:42:41Z,1.85597952
886.0,4.9443840980529785,1858076672.0,y8brg36d,peteish1-20241104_064220,2024-11-04T06:42:41Z,1.858076672
887.0,4.9405198097229,1860173824.0,y8brg36d,peteish1-20241104_064220,2024-11-04T06:42:41Z,1.860173824
888.0,4.965231895446777,1862270976.0,y8brg36d,peteish1-20241104_064220,2024-11-04T06:42:41Z,1.862270976
889.0,4.962066650390625,1864368128.0,y8brg36d,peteish1-20241104_064220,2024-11-04T06:42:41Z,1.864368128
890.0,4.978342533111572,1866465280.0,y8brg36d,peteish1-20241104_064220,2024-11-04T06:42:41Z,1.86646528
891.0,4.940930366516113,1868562432.0,y8brg36d,peteish1-20241104_064220,2024-11-04T06:42:41Z,1.868562432
892.0,4.940513610839844,1870659584.0,y8brg36d,peteish1-20241104_064220,2024-11-04T06:42:41Z,1.870659584
893.0,4.98307466506958,1872756736.0,y8brg36d,peteish1-20241104_064220,2024-11-04T06:42:41Z,1.872756736
894.0,4.915217399597168,1874853888.0,y8brg36d,peteish1-20241104_064220,2024-11-04T06:42:41Z,1.874853888
895.0,4.920268535614014,1876951040.0,y8brg36d,peteish1-20241104_064220,2024-11-04T06:42:41Z,1.87695104
896.0,4.939609050750732,1879048192.0,y8brg36d,peteish1-20241104_064220,2024-11-04T06:42:41Z,1.879048192
897.0,4.910738468170166,1881145344.0,y8brg36d,peteish1-20241104_064220,2024-11-04T06:42:41Z,1.881145344
898.0,4.90333890914917,1883242496.0,y8brg36d,peteish1-20241104_064220,2024-11-04T06:42:41Z,1.883242496
899.0,4.9190850257873535,1885339648.0,y8brg36d,peteish1-20241104_064220,2024-11-04T06:42:41Z,1.885339648
900.0,4.940194129943848,1887436800.0,y8brg36d,peteish1-20241104_064220,2024-11-04T06:42:41Z,1.8874368
901.0,4.9538140296936035,1889533952.0,y8brg36d,peteish1-20241104_064220,2024-11-04T06:42:41Z,1.889533952
902.0,4.930143356323242,1891631104.0,y8brg36d,peteish1-20241104_064220,2024-11-04T06:42:41Z,1.891631104
903.0,4.917072296142578,1893728256.0,y8brg36d,peteish1-20241104_064220,2024-11-04T06:42:41Z,1.893728256
904.0,4.922529697418213,1895825408.0,y8brg36d,peteish1-20241104_064220,2024-11-04T06:42:41Z,1.895825408
905.0,4.899619102478027,1897922560.0,y8brg36d,peteish1-20241104_064220,2024-11-04T06:42:41Z,1.89792256
906.0,4.92703104019165,1900019712.0,y8brg36d,peteish1-20241104_064220,2024-11-04T06:42:41Z,1.900019712
907.0,4.906429290771484,1902116864.0,y8brg36d,peteish1-20241104_064220,2024-11-04T06:42:41Z,1.902116864
908.0,4.933191776275635,1904214016.0,y8brg36d,peteish1-20241104_064220,2024-11-04T06:42:41Z,1.904214016
909.0,4.903557777404785,1906311168.0,y8brg36d,peteish1-20241104_064220,2024-11-04T06:42:41Z,1.906311168
910.0,4.914921760559082,1908408320.0,y8brg36d,peteish1-20241104_064220,2024-11-04T06:42:41Z,1.90840832
911.0,4.897812366485596,1910505472.0,y8brg36d,peteish1-20241104_064220,2024-11-04T06:42:41Z,1.910505472
912.0,4.909163951873779,1912602624.0,y8brg36d,peteish1-20241104_064220,2024-11-04T06:42:41Z,1.912602624
913.0,4.9008307456970215,1914699776.0,y8brg36d,peteish1-20241104_064220,2024-11-04T06:42:41Z,1.914699776
914.0,4.893420219421387,1916796928.0,y8brg36d,peteish1-20241104_064220,2024-11-04T06:42:41Z,1.916796928
915.0,4.902835845947266,1918894080.0,y8brg36d,peteish1-20241104_064220,2024-11-04T06:42:41Z,1.91889408
916.0,4.8996686935424805,1920991232.0,y8brg36d,peteish1-20241104_064220,2024-11-04T06:42:41Z,1.920991232
917.0,4.9052205085754395,1923088384.0,y8brg36d,peteish1-20241104_064220,2024-11-04T06:42:41Z,1.923088384
918.0,4.914916515350342,1925185536.0,y8brg36d,peteish1-20241104_064220,2024-11-04T06:42:41Z,1.925185536
919.0,4.908272743225098,1927282688.0,y8brg36d,peteish1-20241104_064220,2024-11-04T06:42:41Z,1.927282688
920.0,4.881479263305664,1929379840.0,y8brg36d,peteish1-20241104_064220,2024-11-04T06:42:41Z,1.92937984
921.0,4.901166915893555,1931476992.0,y8brg36d,peteish1-20241104_064220,2024-11-04T06:42:41Z,1.931476992
922.0,4.886502742767334,1933574144.0,y8brg36d,peteish1-20241104_064220,2024-11-04T06:42:41Z,1.933574144
923.0,4.912353515625,1935671296.0,y8brg36d,peteish1-20241104_064220,2024-11-04T06:42:41Z,1.935671296
924.0,4.865664482116699,1937768448.0,y8brg36d,peteish1-20241104_064220,2024-11-04T06:42:41Z,1.937768448
925.0,4.867173671722412,1939865600.0,y8brg36d,peteish1-20241104_064220,2024-11-04T06:42:41Z,1.9398656
926.0,4.8958916664123535,1941962752.0,y8brg36d,peteish1-20241104_064220,2024-11-04T06:42:41Z,1.941962752
927.0,4.881656169891357,1944059904.0,y8brg36d,peteish1-20241104_064220,2024-11-04T06:42:41Z,1.944059904
928.0,4.904586315155029,1946157056.0,y8brg36d,peteish1-20241104_064220,2024-11-04T06:42:41Z,1.946157056
929.0,4.863590717315674,1948254208.0,y8brg36d,peteish1-20241104_064220,2024-11-04T06:42:41Z,1.948254208
930.0,4.874792575836182,1950351360.0,y8brg36d,peteish1-20241104_064220,2024-11-04T06:42:41Z,1.95035136
931.0,4.876612663269043,1952448512.0,y8brg36d,peteish1-20241104_064220,2024-11-04T06:42:41Z,1.952448512
932.0,4.90110969543457,1954545664.0,y8brg36d,peteish1-20241104_064220,2024-11-04T06:42:41Z,1.954545664
933.0,4.903952598571777,1956642816.0,y8brg36d,peteish1-20241104_064220,2024-11-04T06:42:41Z,1.956642816
934.0,4.893630504608154,1958739968.0,y8brg36d,peteish1-20241104_064220,2024-11-04T06:42:41Z,1.958739968
935.0,4.874818801879883,1960837120.0,y8brg36d,peteish1-20241104_064220,2024-11-04T06:42:41Z,1.96083712
936.0,4.882667541503906,1962934272.0,y8brg36d,peteish1-20241104_064220,2024-11-04T06:42:41Z,1.962934272
937.0,4.888455390930176,1965031424.0,y8brg36d,peteish1-20241104_064220,2024-11-04T06:42:41Z,1.965031424
938.0,4.870530128479004,1967128576.0,y8brg36d,peteish1-20241104_064220,2024-11-04T06:42:41Z,1.967128576
939.0,4.895938873291016,1969225728.0,y8brg36d,peteish1-20241104_064220,2024-11-04T06:42:41Z,1.969225728
940.0,4.850006103515625,1971322880.0,y8brg36d,peteish1-20241104_064220,2024-11-04T06:42:41Z,1.97132288
941.0,4.869952201843262,1973420032.0,y8brg36d,peteish1-20241104_064220,2024-11-04T06:42:41Z,1.973420032
942.0,4.90492057800293,1975517184.0,y8brg36d,peteish1-20241104_064220,2024-11-04T06:42:41Z,1.975517184
943.0,4.836781978607178,1977614336.0,y8brg36d,peteish1-20241104_064220,2024-11-04T06:42:41Z,1.977614336
944.0,4.839449882507324,1979711488.0,y8brg36d,peteish1-20241104_064220,2024-11-04T06:42:41Z,1.979711488
945.0,4.868039131164551,1981808640.0,y8brg36d,peteish1-20241104_064220,2024-11-04T06:42:41Z,1.98180864
946.0,4.871340751647949,1983905792.0,y8brg36d,peteish1-20241104_064220,2024-11-04T06:42:41Z,1.983905792
947.0,4.873050212860107,1986002944.0,y8brg36d,peteish1-20241104_064220,2024-11-04T06:42:41Z,1.986002944
948.0,4.886775016784668,1988100096.0,y8brg36d,peteish1-20241104_064220,2024-11-04T06:42:41Z,1.988100096
949.0,4.8696417808532715,1990197248.0,y8brg36d,peteish1-20241104_064220,2024-11-04T06:42:41Z,1.990197248
950.0,4.847020626068115,1992294400.0,y8brg36d,peteish1-20241104_064220,2024-11-04T06:42:41Z,1.9922944
951.0,4.899457931518555,1994391552.0,y8brg36d,peteish1-20241104_064220,2024-11-04T06:42:41Z,1.994391552
952.0,4.847296714782715,1996488704.0,y8brg36d,peteish1-20241104_064220,2024-11-04T06:42:41Z,1.996488704
953.0,4.883096218109131,1998585856.0,y8brg36d,peteish1-20241104_064220,2024-11-04T06:42:41Z,1.998585856
954.0,4.844143390655518,2000683008.0,y8brg36d,peteish1-20241104_064220,2024-11-04T06:42:41Z,2.000683008
955.0,4.858046531677246,2002780160.0,y8brg36d,peteish1-20241104_064220,2024-11-04T06:42:41Z,2.00278016
956.0,4.8477325439453125,2004877312.0,y8brg36d,peteish1-20241104_064220,2024-11-04T06:42:41Z,2.004877312
957.0,4.841829299926758,2006974464.0,y8brg36d,peteish1-20241104_064220,2024-11-04T06:42:41Z,2.006974464
958.0,4.860782623291016,2009071616.0,y8brg36d,peteish1-20241104_064220,2024-11-04T06:42:41Z,2.009071616
959.0,4.825069904327393,2011168768.0,y8brg36d,peteish1-20241104_064220,2024-11-04T06:42:41Z,2.011168768
960.0,4.815275192260742,2013265920.0,y8brg36d,peteish1-20241104_064220,2024-11-04T06:42:41Z,2.01326592
961.0,4.848888397216797,2015363072.0,y8brg36d,peteish1-20241104_064220,2024-11-04T06:42:41Z,2.015363072
962.0,4.818868637084961,2017460224.0,y8brg36d,peteish1-20241104_064220,2024-11-04T06:42:41Z,2.017460224
963.0,4.833467483520508,2019557376.0,y8brg36d,peteish1-20241104_064220,2024-11-04T06:42:41Z,2.019557376
964.0,4.830781936645508,2021654528.0,y8brg36d,peteish1-20241104_064220,2024-11-04T06:42:41Z,2.021654528
965.0,4.817211627960205,2023751680.0,y8brg36d,peteish1-20241104_064220,2024-11-04T06:42:41Z,2.02375168
966.0,4.838416576385498,2025848832.0,y8brg36d,peteish1-20241104_064220,2024-11-04T06:42:41Z,2.025848832
967.0,4.837055206298828,2027945984.0,y8brg36d,peteish1-20241104_064220,2024-11-04T06:42:41Z,2.027945984
968.0,4.841050148010254,2030043136.0,y8brg36d,peteish1-20241104_064220,2024-11-04T06:42:41Z,2.030043136
969.0,4.84378719329834,2032140288.0,y8brg36d,peteish1-20241104_064220,2024-11-04T06:42:41Z,2.032140288
970.0,4.806138515472412,2034237440.0,y8brg36d,peteish1-20241104_064220,2024-11-04T06:42:41Z,2.03423744
971.0,4.868433475494385,2036334592.0,y8brg36d,peteish1-20241104_064220,2024-11-04T06:42:41Z,2.036334592
972.0,4.82655668258667,2038431744.0,y8brg36d,peteish1-20241104_064220,2024-11-04T06:42:41Z,2.038431744
973.0,4.800952911376953,2040528896.0,y8brg36d,peteish1-20241104_064220,2024-11-04T06:42:41Z,2.040528896
974.0,4.785050868988037,2042626048.0,y8brg36d,peteish1-20241104_064220,2024-11-04T06:42:41Z,2.042626048
975.0,4.8498215675354,2044723200.0,y8brg36d,peteish1-20241104_064220,2024-11-04T06:42:41Z,2.0447232
976.0,4.835796356201172,2046820352.0,y8brg36d,peteish1-20241104_064220,2024-11-04T06:42:41Z,2.046820352
977.0,4.866703033447266,2048917504.0,y8brg36d,peteish1-20241104_064220,2024-11-04T06:42:41Z,2.048917504
978.0,4.814675807952881,2051014656.0,y8brg36d,peteish1-20241104_064220,2024-11-04T06:42:41Z,2.051014656
979.0,4.8265228271484375,2053111808.0,y8brg36d,peteish1-20241104_064220,2024-11-04T06:42:41Z,2.053111808
980.0,4.806579113006592,2055208960.0,y8brg36d,peteish1-20241104_064220,2024-11-04T06:42:41Z,2.05520896
981.0,4.8280534744262695,2057306112.0,y8brg36d,peteish1-20241104_064220,2024-11-04T06:42:41Z,2.057306112
982.0,4.771299362182617,2059403264.0,y8brg36d,peteish1-20241104_064220,2024-11-04T06:42:41Z,2.059403264
983.0,4.7726922035217285,2061500416.0,y8brg36d,peteish1-20241104_064220,2024-11-04T06:42:41Z,2.061500416
984.0,4.797309398651123,2063597568.0,y8brg36d,peteish1-20241104_064220,2024-11-04T06:42:41Z,2.063597568
985.0,4.812283992767334,2065694720.0,y8brg36d,peteish1-20241104_064220,2024-11-04T06:42:41Z,2.06569472
986.0,4.799644470214844,2067791872.0,y8brg36d,peteish1-20241104_064220,2024-11-04T06:42:41Z,2.067791872
987.0,4.806865215301514,2069889024.0,y8brg36d,peteish1-20241104_064220,2024-11-04T06:42:41Z,2.069889024
988.0,4.791813850402832,2071986176.0,y8brg36d,peteish1-20241104_064220,2024-11-04T06:42:41Z,2.071986176
989.0,4.816920757293701,2074083328.0,y8brg36d,peteish1-20241104_064220,2024-11-04T06:42:41Z,2.074083328
990.0,4.80867338180542,2076180480.0,y8brg36d,peteish1-20241104_064220,2024-11-04T06:42:41Z,2.07618048
991.0,4.81956148147583,2078277632.0,y8brg36d,peteish1-20241104_064220,2024-11-04T06:42:41Z,2.078277632
992.0,4.793498992919922,2080374784.0,y8brg36d,peteish1-20241104_064220,2024-11-04T06:42:41Z,2.080374784
993.0,4.804524898529053,2082471936.0,y8brg36d,peteish1-20241104_064220,2024-11-04T06:42:41Z,2.082471936
994.0,4.787959575653076,2084569088.0,y8brg36d,peteish1-20241104_064220,2024-11-04T06:42:41Z,2.084569088
995.0,4.792022705078125,2086666240.0,y8brg36d,peteish1-20241104_064220,2024-11-04T06:42:41Z,2.08666624
996.0,4.787831783294678,2088763392.0,y8brg36d,peteish1-20241104_064220,2024-11-04T06:42:41Z,2.088763392
997.0,4.758265018463135,2090860544.0,y8brg36d,peteish1-20241104_064220,2024-11-04T06:42:41Z,2.090860544
998.0,4.763942241668701,2092957696.0,y8brg36d,peteish1-20241104_064220,2024-11-04T06:42:41Z,2.092957696
999.0,4.846752166748047,2095054848.0,y8brg36d,peteish1-20241104_064220,2024-11-04T06:42:41Z,2.095054848
1000.0,4.78773307800293,2097152000.0,y8brg36d,peteish1-20241104_064220,2024-11-04T06:42:41Z,2.097152
1001.0,4.808645725250244,2099249152.0,y8brg36d,peteish1-20241104_064220,2024-11-04T06:42:41Z,2.099249152
1002.0,4.7935004234313965,2101346304.0,y8brg36d,peteish1-20241104_064220,2024-11-04T06:42:41Z,2.101346304
1003.0,4.773674011230469,2103443456.0,y8brg36d,peteish1-20241104_064220,2024-11-04T06:42:41Z,2.103443456
1004.0,4.778747081756592,2105540608.0,y8brg36d,peteish1-20241104_064220,2024-11-04T06:42:41Z,2.105540608
1005.0,4.772721290588379,2107637760.0,y8brg36d,peteish1-20241104_064220,2024-11-04T06:42:41Z,2.10763776
1006.0,4.775979995727539,2109734912.0,y8brg36d,peteish1-20241104_064220,2024-11-04T06:42:41Z,2.109734912
1007.0,4.7674455642700195,2111832064.0,y8brg36d,peteish1-20241104_064220,2024-11-04T06:42:41Z,2.111832064
1008.0,4.802143096923828,2113929216.0,y8brg36d,peteish1-20241104_064220,2024-11-04T06:42:41Z,2.113929216
1009.0,4.770632743835449,2116026368.0,y8brg36d,peteish1-20241104_064220,2024-11-04T06:42:41Z,2.116026368
1010.0,4.774394512176514,2118123520.0,y8brg36d,peteish1-20241104_064220,2024-11-04T06:42:41Z,2.11812352
1011.0,4.764072418212891,2120220672.0,y8brg36d,peteish1-20241104_064220,2024-11-04T06:42:41Z,2.120220672
1012.0,4.763675212860107,2122317824.0,y8brg36d,peteish1-20241104_064220,2024-11-04T06:42:41Z,2.122317824
1013.0,4.746361255645752,2124414976.0,y8brg36d,peteish1-20241104_064220,2024-11-04T06:42:41Z,2.124414976
1014.0,4.786273956298828,2126512128.0,y8brg36d,peteish1-20241104_064220,2024-11-04T06:42:41Z,2.126512128
1015.0,4.800625324249268,2128609280.0,y8brg36d,peteish1-20241104_064220,2024-11-04T06:42:41Z,2.12860928
1016.0,4.7932448387146,2130706432.0,y8brg36d,peteish1-20241104_064220,2024-11-04T06:42:41Z,2.130706432
1017.0,4.787341117858887,2132803584.0,y8brg36d,peteish1-20241104_064220,2024-11-04T06:42:41Z,2.132803584
1018.0,4.760650634765625,2134900736.0,y8brg36d,peteish1-20241104_064220,2024-11-04T06:42:41Z,2.134900736
1019.0,4.743570804595947,2136997888.0,y8brg36d,peteish1-20241104_064220,2024-11-04T06:42:41Z,2.136997888
1020.0,4.75725793838501,2139095040.0,y8brg36d,peteish1-20241104_064220,2024-11-04T06:42:41Z,2.13909504
1021.0,4.752728462219238,2141192192.0,y8brg36d,peteish1-20241104_064220,2024-11-04T06:42:41Z,2.141192192
1022.0,4.738784313201904,2143289344.0,y8brg36d,peteish1-20241104_064220,2024-11-04T06:42:41Z,2.143289344
1023.0,4.748726844787598,2145386496.0,y8brg36d,peteish1-20241104_064220,2024-11-04T06:42:41Z,2.145386496
1024.0,4.747242450714111,2147483648.0,y8brg36d,peteish1-20241104_064220,2024-11-04T06:42:41Z,2.147483648
1025.0,4.709611892700195,2149580800.0,y8brg36d,peteish1-20241104_064220,2024-11-04T06:42:41Z,2.1495808
1026.0,4.764435291290283,2151677952.0,y8brg36d,peteish1-20241104_064220,2024-11-04T06:42:41Z,2.151677952
1027.0,4.75893497467041,2153775104.0,y8brg36d,peteish1-20241104_064220,2024-11-04T06:42:41Z,2.153775104
1028.0,4.773896217346191,2155872256.0,y8brg36d,peteish1-20241104_064220,2024-11-04T06:42:41Z,2.155872256
1029.0,4.762850761413574,2157969408.0,y8brg36d,peteish1-20241104_064220,2024-11-04T06:42:41Z,2.157969408
1030.0,4.7194695472717285,2160066560.0,y8brg36d,peteish1-20241104_064220,2024-11-04T06:42:41Z,2.16006656
1031.0,4.740135669708252,2162163712.0,y8brg36d,peteish1-20241104_064220,2024-11-04T06:42:41Z,2.162163712
1032.0,4.734752655029297,2164260864.0,y8brg36d,peteish1-20241104_064220,2024-11-04T06:42:41Z,2.164260864
1033.0,4.734731674194336,2166358016.0,y8brg36d,peteish1-20241104_064220,2024-11-04T06:42:41Z,2.166358016
1034.0,4.695853233337402,2168455168.0,y8brg36d,peteish1-20241104_064220,2024-11-04T06:42:41Z,2.168455168
1035.0,4.759916305541992,2170552320.0,y8brg36d,peteish1-20241104_064220,2024-11-04T06:42:41Z,2.17055232
1036.0,4.7187299728393555,2172649472.0,y8brg36d,peteish1-20241104_064220,2024-11-04T06:42:41Z,2.172649472
1037.0,4.715507507324219,2174746624.0,y8brg36d,peteish1-20241104_064220,2024-11-04T06:42:41Z,2.174746624
1038.0,4.706490516662598,2176843776.0,y8brg36d,peteish1-20241104_064220,2024-11-04T06:42:41Z,2.176843776
1039.0,4.706242561340332,2178940928.0,y8brg36d,peteish1-20241104_064220,2024-11-04T06:42:41Z,2.178940928
1040.0,4.708881378173828,2181038080.0,y8brg36d,peteish1-20241104_064220,2024-11-04T06:42:41Z,2.18103808
1041.0,4.72281551361084,2183135232.0,y8brg36d,peteish1-20241104_064220,2024-11-04T06:42:41Z,2.183135232
1042.0,4.723079681396484,2185232384.0,y8brg36d,peteish1-20241104_064220,2024-11-04T06:42:41Z,2.185232384
1043.0,4.743827819824219,2187329536.0,y8brg36d,peteish1-20241104_064220,2024-11-04T06:42:41Z,2.187329536
1044.0,4.69911527633667,2189426688.0,y8brg36d,peteish1-20241104_064220,2024-11-04T06:42:41Z,2.189426688
1045.0,4.739533424377441,2191523840.0,y8brg36d,peteish1-20241104_064220,2024-11-04T06:42:41Z,2.19152384
1046.0,4.706214427947998,2193620992.0,y8brg36d,peteish1-20241104_064220,2024-11-04T06:42:41Z,2.193620992
1047.0,4.674156188964844,2195718144.0,y8brg36d,peteish1-20241104_064220,2024-11-04T06:42:41Z,2.195718144
1048.0,4.702081203460693,2197815296.0,y8brg36d,peteish1-20241104_064220,2024-11-04T06:42:41Z,2.197815296
1049.0,4.697729587554932,2199912448.0,y8brg36d,peteish1-20241104_064220,2024-11-04T06:42:41Z,2.199912448
1050.0,4.695432186126709,2202009600.0,y8brg36d,peteish1-20241104_064220,2024-11-04T06:42:41Z,2.2020096
1051.0,4.688033103942871,2204106752.0,y8brg36d,peteish1-20241104_064220,2024-11-04T06:42:41Z,2.204106752
1052.0,4.722996234893799,2206203904.0,y8brg36d,peteish1-20241104_064220,2024-11-04T06:42:41Z,2.206203904
1053.0,4.691093921661377,2208301056.0,y8brg36d,peteish1-20241104_064220,2024-11-04T06:42:41Z,2.208301056
1054.0,4.713327407836914,2210398208.0,y8brg36d,peteish1-20241104_064220,2024-11-04T06:42:41Z,2.210398208
1055.0,4.704601764678955,2212495360.0,y8brg36d,peteish1-20241104_064220,2024-11-04T06:42:41Z,2.21249536
1056.0,4.6824951171875,2214592512.0,y8brg36d,peteish1-20241104_064220,2024-11-04T06:42:41Z,2.214592512
1057.0,4.68577241897583,2216689664.0,y8brg36d,peteish1-20241104_064220,2024-11-04T06:42:41Z,2.216689664
1058.0,4.688240051269531,2218786816.0,y8brg36d,peteish1-20241104_064220,2024-11-04T06:42:41Z,2.218786816
1059.0,4.668015003204346,2220883968.0,y8brg36d,peteish1-20241104_064220,2024-11-04T06:42:41Z,2.220883968
1060.0,4.704646110534668,2222981120.0,y8brg36d,peteish1-20241104_064220,2024-11-04T06:42:41Z,2.22298112
1061.0,4.706185340881348,2225078272.0,y8brg36d,peteish1-20241104_064220,2024-11-04T06:42:41Z,2.225078272
1062.0,4.693962574005127,2227175424.0,y8brg36d,peteish1-20241104_064220,2024-11-04T06:42:41Z,2.227175424
1063.0,4.663393020629883,2229272576.0,y8brg36d,peteish1-20241104_064220,2024-11-04T06:42:41Z,2.229272576
1064.0,4.685901165008545,2231369728.0,y8brg36d,peteish1-20241104_064220,2024-11-04T06:42:41Z,2.231369728
1065.0,4.695051193237305,2233466880.0,y8brg36d,peteish1-20241104_064220,2024-11-04T06:42:41Z,2.23346688
1066.0,4.6871418952941895,2235564032.0,y8brg36d,peteish1-20241104_064220,2024-11-04T06:42:41Z,2.235564032
1067.0,4.7042717933654785,2237661184.0,y8brg36d,peteish1-20241104_064220,2024-11-04T06:42:41Z,2.237661184
1068.0,4.697386741638184,2239758336.0,y8brg36d,peteish1-20241104_064220,2024-11-04T06:42:41Z,2.239758336
1069.0,4.682514667510986,2241855488.0,y8brg36d,peteish1-20241104_064220,2024-11-04T06:42:41Z,2.241855488
1070.0,4.647440433502197,2243952640.0,y8brg36d,peteish1-20241104_064220,2024-11-04T06:42:41Z,2.24395264
1071.0,4.666934967041016,2246049792.0,y8brg36d,peteish1-20241104_064220,2024-11-04T06:42:41Z,2.246049792
1072.0,4.650907039642334,2248146944.0,y8brg36d,peteish1-20241104_064220,2024-11-04T06:42:41Z,2.248146944
1073.0,4.650154113769531,2250244096.0,y8brg36d,peteish1-20241104_064220,2024-11-04T06:42:41Z,2.250244096
1074.0,4.638522148132324,2252341248.0,y8brg36d,peteish1-20241104_064220,2024-11-04T06:42:41Z,2.252341248
1075.0,4.658570766448975,2254438400.0,y8brg36d,peteish1-20241104_064220,2024-11-04T06:42:41Z,2.2544384
1076.0,4.652537822723389,2256535552.0,y8brg36d,peteish1-20241104_064220,2024-11-04T06:42:41Z,2.256535552
1077.0,4.647266864776611,2258632704.0,y8brg36d,peteish1-20241104_064220,2024-11-04T06:42:41Z,2.258632704
1078.0,4.6705851554870605,2260729856.0,y8brg36d,peteish1-20241104_064220,2024-11-04T06:42:41Z,2.260729856
1079.0,4.679807186126709,2262827008.0,y8brg36d,peteish1-20241104_064220,2024-11-04T06:42:41Z,2.262827008
1080.0,4.651586532592773,2264924160.0,y8brg36d,peteish1-20241104_064220,2024-11-04T06:42:41Z,2.26492416
1081.0,4.66731595993042,2267021312.0,y8brg36d,peteish1-20241104_064220,2024-11-04T06:42:41Z,2.267021312
1082.0,4.634203910827637,2269118464.0,y8brg36d,peteish1-20241104_064220,2024-11-04T06:42:41Z,2.269118464
1083.0,4.654135227203369,2271215616.0,y8brg36d,peteish1-20241104_064220,2024-11-04T06:42:41Z,2.271215616
1084.0,4.649518966674805,2273312768.0,y8brg36d,peteish1-20241104_064220,2024-11-04T06:42:41Z,2.273312768
1085.0,4.6887359619140625,2275409920.0,y8brg36d,peteish1-20241104_064220,2024-11-04T06:42:41Z,2.27540992
1086.0,4.655181884765625,2277507072.0,y8brg36d,peteish1-20241104_064220,2024-11-04T06:42:41Z,2.277507072
1087.0,4.646065711975098,2279604224.0,y8brg36d,peteish1-20241104_064220,2024-11-04T06:42:41Z,2.279604224
1088.0,4.620301723480225,2281701376.0,y8brg36d,peteish1-20241104_064220,2024-11-04T06:42:41Z,2.281701376
1089.0,4.648514747619629,2283798528.0,y8brg36d,peteish1-20241104_064220,2024-11-04T06:42:41Z,2.283798528
1090.0,4.644550323486328,2285895680.0,y8brg36d,peteish1-20241104_064220,2024-11-04T06:42:41Z,2.28589568
1091.0,4.646842956542969,2287992832.0,y8brg36d,peteish1-20241104_064220,2024-11-04T06:42:41Z,2.287992832
1092.0,4.669768333435059,2290089984.0,y8brg36d,peteish1-20241104_064220,2024-11-04T06:42:41Z,2.290089984
1093.0,4.628726959228516,2292187136.0,y8brg36d,peteish1-20241104_064220,2024-11-04T06:42:41Z,2.292187136
1094.0,4.624528884887695,2294284288.0,y8brg36d,peteish1-20241104_064220,2024-11-04T06:42:41Z,2.294284288
1095.0,4.619503498077393,2296381440.0,y8brg36d,peteish1-20241104_064220,2024-11-04T06:42:41Z,2.29638144
1096.0,4.622012615203857,2298478592.0,y8brg36d,peteish1-20241104_064220,2024-11-04T06:42:41Z,2.298478592
1097.0,4.642207622528076,2300575744.0,y8brg36d,peteish1-20241104_064220,2024-11-04T06:42:41Z,2.300575744
1098.0,4.656815052032471,2302672896.0,y8brg36d,peteish1-20241104_064220,2024-11-04T06:42:41Z,2.302672896
1099.0,4.610386371612549,2304770048.0,y8brg36d,peteish1-20241104_064220,2024-11-04T06:42:41Z,2.304770048
1100.0,4.636970520019531,2306867200.0,y8brg36d,peteish1-20241104_064220,2024-11-04T06:42:41Z,2.3068672
1101.0,4.627188682556152,2308964352.0,y8brg36d,peteish1-20241104_064220,2024-11-04T06:42:41Z,2.308964352
1102.0,4.618193626403809,2311061504.0,y8brg36d,peteish1-20241104_064220,2024-11-04T06:42:41Z,2.311061504
1103.0,4.639461040496826,2313158656.0,y8brg36d,peteish1-20241104_064220,2024-11-04T06:42:41Z,2.313158656
1104.0,4.634156703948975,2315255808.0,y8brg36d,peteish1-20241104_064220,2024-11-04T06:42:41Z,2.315255808
1105.0,4.644275188446045,2317352960.0,y8brg36d,peteish1-20241104_064220,2024-11-04T06:42:41Z,2.31735296
1106.0,4.631897926330566,2319450112.0,y8brg36d,peteish1-20241104_064220,2024-11-04T06:42:41Z,2.319450112
1107.0,4.615654468536377,2321547264.0,y8brg36d,peteish1-20241104_064220,2024-11-04T06:42:41Z,2.321547264
1108.0,4.626869201660156,2323644416.0,y8brg36d,peteish1-20241104_064220,2024-11-04T06:42:41Z,2.323644416
1109.0,4.631731986999512,2325741568.0,y8brg36d,peteish1-20241104_064220,2024-11-04T06:42:41Z,2.325741568
1110.0,4.642903804779053,2327838720.0,y8brg36d,peteish1-20241104_064220,2024-11-04T06:42:41Z,2.32783872
1111.0,4.635785102844238,2329935872.0,y8brg36d,peteish1-20241104_064220,2024-11-04T06:42:41Z,2.329935872
1112.0,4.603382587432861,2332033024.0,y8brg36d,peteish1-20241104_064220,2024-11-04T06:42:41Z,2.332033024
1113.0,4.622051239013672,2334130176.0,y8brg36d,peteish1-20241104_064220,2024-11-04T06:42:41Z,2.334130176
1114.0,4.61185359954834,2336227328.0,y8brg36d,peteish1-20241104_064220,2024-11-04T06:42:41Z,2.336227328
1115.0,4.612096309661865,2338324480.0,y8brg36d,peteish1-20241104_064220,2024-11-04T06:42:41Z,2.33832448
1116.0,4.582413196563721,2340421632.0,y8brg36d,peteish1-20241104_064220,2024-11-04T06:42:41Z,2.340421632
1117.0,4.5892109870910645,2342518784.0,y8brg36d,peteish1-20241104_064220,2024-11-04T06:42:41Z,2.342518784
1118.0,4.599222183227539,2344615936.0,y8brg36d,peteish1-20241104_064220,2024-11-04T06:42:41Z,2.344615936
1119.0,4.5779242515563965,2346713088.0,y8brg36d,peteish1-20241104_064220,2024-11-04T06:42:41Z,2.346713088
1120.0,4.6129069328308105,2348810240.0,y8brg36d,peteish1-20241104_064220,2024-11-04T06:42:41Z,2.34881024
1121.0,4.614269256591797,2350907392.0,y8brg36d,peteish1-20241104_064220,2024-11-04T06:42:41Z,2.350907392
1122.0,4.569124698638916,2353004544.0,y8brg36d,peteish1-20241104_064220,2024-11-04T06:42:41Z,2.353004544
1123.0,4.602232456207275,2355101696.0,y8brg36d,peteish1-20241104_064220,2024-11-04T06:42:41Z,2.355101696
1124.0,4.584170818328857,2357198848.0,y8brg36d,peteish1-20241104_064220,2024-11-04T06:42:41Z,2.357198848
1125.0,4.612421989440918,2359296000.0,y8brg36d,peteish1-20241104_064220,2024-11-04T06:42:41Z,2.359296
1126.0,4.596931457519531,2361393152.0,y8brg36d,peteish1-20241104_064220,2024-11-04T06:42:41Z,2.361393152
1127.0,4.589097499847412,2363490304.0,y8brg36d,peteish1-20241104_064220,2024-11-04T06:42:41Z,2.363490304
1128.0,4.563226699829102,2365587456.0,y8brg36d,peteish1-20241104_064220,2024-11-04T06:42:41Z,2.365587456
1129.0,4.574413299560547,2367684608.0,y8brg36d,peteish1-20241104_064220,2024-11-04T06:42:41Z,2.367684608
1130.0,4.603682041168213,2369781760.0,y8brg36d,peteish1-20241104_064220,2024-11-04T06:42:41Z,2.36978176
1131.0,4.576204776763916,2371878912.0,y8brg36d,peteish1-20241104_064220,2024-11-04T06:42:41Z,2.371878912
1132.0,4.602743148803711,2373976064.0,y8brg36d,peteish1-20241104_064220,2024-11-04T06:42:41Z,2.373976064
1133.0,4.574848175048828,2376073216.0,y8brg36d,peteish1-20241104_064220,2024-11-04T06:42:41Z,2.376073216
1134.0,4.558657646179199,2378170368.0,y8brg36d,peteish1-20241104_064220,2024-11-04T06:42:41Z,2.378170368
1135.0,4.566230297088623,2380267520.0,y8brg36d,peteish1-20241104_064220,2024-11-04T06:42:41Z,2.38026752
1136.0,4.591291427612305,2382364672.0,y8brg36d,peteish1-20241104_064220,2024-11-04T06:42:41Z,2.382364672
1137.0,4.584620475769043,2384461824.0,y8brg36d,peteish1-20241104_064220,2024-11-04T06:42:41Z,2.384461824
1138.0,4.567363739013672,2386558976.0,y8brg36d,peteish1-20241104_064220,2024-11-04T06:42:41Z,2.386558976
1139.0,4.56740665435791,2388656128.0,y8brg36d,peteish1-20241104_064220,2024-11-04T06:42:41Z,2.388656128
1140.0,4.583003044128418,2390753280.0,y8brg36d,peteish1-20241104_064220,2024-11-04T06:42:41Z,2.39075328
1141.0,4.555601119995117,2392850432.0,y8brg36d,peteish1-20241104_064220,2024-11-04T06:42:41Z,2.392850432
1142.0,4.5993523597717285,2394947584.0,y8brg36d,peteish1-20241104_064220,2024-11-04T06:42:41Z,2.394947584
1143.0,4.581781387329102,2397044736.0,y8brg36d,peteish1-20241104_064220,2024-11-04T06:42:41Z,2.397044736
1144.0,4.571035861968994,2399141888.0,y8brg36d,peteish1-20241104_064220,2024-11-04T06:42:41Z,2.399141888
1145.0,4.575335502624512,2401239040.0,y8brg36d,peteish1-20241104_064220,2024-11-04T06:42:41Z,2.40123904
1146.0,4.563625812530518,2403336192.0,y8brg36d,peteish1-20241104_064220,2024-11-04T06:42:41Z,2.403336192
1147.0,4.567187309265137,2405433344.0,y8brg36d,peteish1-20241104_064220,2024-11-04T06:42:41Z,2.405433344
1148.0,4.5567216873168945,2407530496.0,y8brg36d,peteish1-20241104_064220,2024-11-04T06:42:41Z,2.407530496
1149.0,4.606543064117432,2409627648.0,y8brg36d,peteish1-20241104_064220,2024-11-04T06:42:41Z,2.409627648
1150.0,4.554525375366211,2411724800.0,y8brg36d,peteish1-20241104_064220,2024-11-04T06:42:41Z,2.4117248
1151.0,4.549655437469482,2413821952.0,y8brg36d,peteish1-20241104_064220,2024-11-04T06:42:41Z,2.413821952
1152.0,4.533508777618408,2415919104.0,y8brg36d,peteish1-20241104_064220,2024-11-04T06:42:41Z,2.415919104
1153.0,4.546070575714111,2418016256.0,y8brg36d,peteish1-20241104_064220,2024-11-04T06:42:41Z,2.418016256
1154.0,4.541414737701416,2420113408.0,y8brg36d,peteish1-20241104_064220,2024-11-04T06:42:41Z,2.420113408
1155.0,4.52510929107666,2422210560.0,y8brg36d,peteish1-20241104_064220,2024-11-04T06:42:41Z,2.42221056
1156.0,4.529775619506836,2424307712.0,y8brg36d,peteish1-20241104_064220,2024-11-04T06:42:41Z,2.424307712
1157.0,4.52287483215332,2426404864.0,y8brg36d,peteish1-20241104_064220,2024-11-04T06:42:41Z,2.426404864
1158.0,4.535853385925293,2428502016.0,y8brg36d,peteish1-20241104_064220,2024-11-04T06:42:41Z,2.428502016
1159.0,4.507140636444092,2430599168.0,y8brg36d,peteish1-20241104_064220,2024-11-04T06:42:41Z,2.430599168
1160.0,4.5404181480407715,2432696320.0,y8brg36d,peteish1-20241104_064220,2024-11-04T06:42:41Z,2.43269632
1161.0,4.549159526824951,2434793472.0,y8brg36d,peteish1-20241104_064220,2024-11-04T06:42:41Z,2.434793472
1162.0,4.545093059539795,2436890624.0,y8brg36d,peteish1-20241104_064220,2024-11-04T06:42:41Z,2.436890624
1163.0,4.543381214141846,2438987776.0,y8brg36d,peteish1-20241104_064220,2024-11-04T06:42:41Z,2.438987776
1164.0,4.559840679168701,2441084928.0,y8brg36d,peteish1-20241104_064220,2024-11-04T06:42:41Z,2.441084928
1165.0,4.567869663238525,2443182080.0,y8brg36d,peteish1-20241104_064220,2024-11-04T06:42:41Z,2.44318208
1166.0,4.554378509521484,2445279232.0,y8brg36d,peteish1-20241104_064220,2024-11-04T06:42:41Z,2.445279232
1167.0,4.562932968139648,2447376384.0,y8brg36d,peteish1-20241104_064220,2024-11-04T06:42:41Z,2.447376384
1168.0,4.537140846252441,2449473536.0,y8brg36d,peteish1-20241104_064220,2024-11-04T06:42:41Z,2.449473536
1169.0,4.563127040863037,2451570688.0,y8brg36d,peteish1-20241104_064220,2024-11-04T06:42:41Z,2.451570688
1170.0,4.5246782302856445,2453667840.0,y8brg36d,peteish1-20241104_064220,2024-11-04T06:42:41Z,2.45366784
1171.0,4.539669513702393,2455764992.0,y8brg36d,peteish1-20241104_064220,2024-11-04T06:42:41Z,2.455764992
1172.0,4.531424045562744,2457862144.0,y8brg36d,peteish1-20241104_064220,2024-11-04T06:42:41Z,2.457862144
1173.0,4.5223212242126465,2459959296.0,y8brg36d,peteish1-20241104_064220,2024-11-04T06:42:41Z,2.459959296
1174.0,4.500514984130859,2462056448.0,y8brg36d,peteish1-20241104_064220,2024-11-04T06:42:41Z,2.462056448
1175.0,4.48267936706543,2464153600.0,y8brg36d,peteish1-20241104_064220,2024-11-04T06:42:41Z,2.4641536
1176.0,4.5037150382995605,2466250752.0,y8brg36d,peteish1-20241104_064220,2024-11-04T06:42:41Z,2.466250752
1177.0,4.492481708526611,2468347904.0,y8brg36d,peteish1-20241104_064220,2024-11-04T06:42:41Z,2.468347904
1178.0,4.521701812744141,2470445056.0,y8brg36d,peteish1-20241104_064220,2024-11-04T06:42:41Z,2.470445056
1179.0,4.543388843536377,2472542208.0,y8brg36d,peteish1-20241104_064220,2024-11-04T06:42:41Z,2.472542208
1180.0,4.533588886260986,2474639360.0,y8brg36d,peteish1-20241104_064220,2024-11-04T06:42:41Z,2.47463936
1181.0,4.51301908493042,2476736512.0,y8brg36d,peteish1-20241104_064220,2024-11-04T06:42:41Z,2.476736512
1182.0,4.51835298538208,2478833664.0,y8brg36d,peteish1-20241104_064220,2024-11-04T06:42:41Z,2.478833664
1183.0,4.537736892700195,2480930816.0,y8brg36d,peteish1-20241104_064220,2024-11-04T06:42:41Z,2.480930816
1184.0,4.519519805908203,2483027968.0,y8brg36d,peteish1-20241104_064220,2024-11-04T06:42:41Z,2.483027968
1185.0,4.516451358795166,2485125120.0,y8brg36d,peteish1-20241104_064220,2024-11-04T06:42:41Z,2.48512512
1186.0,4.527810096740723,2487222272.0,y8brg36d,peteish1-20241104_064220,2024-11-04T06:42:41Z,2.487222272
1187.0,4.508630752563477,2489319424.0,y8brg36d,peteish1-20241104_064220,2024-11-04T06:42:41Z,2.489319424
1188.0,4.501758098602295,2491416576.0,y8brg36d,peteish1-20241104_064220,2024-11-04T06:42:41Z,2.491416576
1189.0,4.512271881103516,2493513728.0,y8brg36d,peteish1-20241104_064220,2024-11-04T06:42:41Z,2.493513728
1190.0,4.4912824630737305,2495610880.0,y8brg36d,peteish1-20241104_064220,2024-11-04T06:42:41Z,2.49561088
1191.0,4.522777080535889,2497708032.0,y8brg36d,peteish1-20241104_064220,2024-11-04T06:42:41Z,2.497708032
1192.0,4.516795635223389,2499805184.0,y8brg36d,peteish1-20241104_064220,2024-11-04T06:42:41Z,2.499805184
1193.0,4.498447895050049,2501902336.0,y8brg36d,peteish1-20241104_064220,2024-11-04T06:42:41Z,2.501902336
1194.0,4.475565433502197,2503999488.0,y8brg36d,peteish1-20241104_064220,2024-11-04T06:42:41Z,2.503999488
1195.0,4.473649501800537,2506096640.0,y8brg36d,peteish1-20241104_064220,2024-11-04T06:42:41Z,2.50609664
1196.0,4.485631942749023,2508193792.0,y8brg36d,peteish1-20241104_064220,2024-11-04T06:42:41Z,2.508193792
1197.0,4.51737642288208,2510290944.0,y8brg36d,peteish1-20241104_064220,2024-11-04T06:42:41Z,2.510290944
1198.0,4.471838474273682,2512388096.0,y8brg36d,peteish1-20241104_064220,2024-11-04T06:42:41Z,2.512388096
1199.0,4.480787754058838,2514485248.0,y8brg36d,peteish1-20241104_064220,2024-11-04T06:42:41Z,2.514485248
1200.0,4.474233150482178,2516582400.0,y8brg36d,peteish1-20241104_064220,2024-11-04T06:42:41Z,2.5165824
1201.0,4.469888210296631,2518679552.0,y8brg36d,peteish1-20241104_064220,2024-11-04T06:42:41Z,2.518679552
1202.0,4.47090482711792,2520776704.0,y8brg36d,peteish1-20241104_064220,2024-11-04T06:42:41Z,2.520776704
1203.0,4.479950428009033,2522873856.0,y8brg36d,peteish1-20241104_064220,2024-11-04T06:42:41Z,2.522873856
1204.0,4.494475364685059,2524971008.0,y8brg36d,peteish1-20241104_064220,2024-11-04T06:42:41Z,2.524971008
1205.0,4.502463340759277,2527068160.0,y8brg36d,peteish1-20241104_064220,2024-11-04T06:42:41Z,2.52706816
1206.0,4.488420009613037,2529165312.0,y8brg36d,peteish1-20241104_064220,2024-11-04T06:42:41Z,2.529165312
1207.0,4.514811992645264,2531262464.0,y8brg36d,peteish1-20241104_064220,2024-11-04T06:42:41Z,2.531262464
1208.0,4.491552352905273,2533359616.0,y8brg36d,peteish1-20241104_064220,2024-11-04T06:42:41Z,2.533359616
1209.0,4.497843265533447,2535456768.0,y8brg36d,peteish1-20241104_064220,2024-11-04T06:42:41Z,2.535456768
1210.0,4.461246490478516,2537553920.0,y8brg36d,peteish1-20241104_064220,2024-11-04T06:42:41Z,2.53755392
1211.0,4.483365058898926,2539651072.0,y8brg36d,peteish1-20241104_064220,2024-11-04T06:42:41Z,2.539651072
1212.0,4.466437816619873,2541748224.0,y8brg36d,peteish1-20241104_064220,2024-11-04T06:42:41Z,2.541748224
1213.0,4.468361854553223,2543845376.0,y8brg36d,peteish1-20241104_064220,2024-11-04T06:42:41Z,2.543845376
1214.0,4.472650051116943,2545942528.0,y8brg36d,peteish1-20241104_064220,2024-11-04T06:42:41Z,2.545942528
1215.0,4.503848552703857,2548039680.0,y8brg36d,peteish1-20241104_064220,2024-11-04T06:42:41Z,2.54803968
1216.0,4.484668254852295,2550136832.0,y8brg36d,peteish1-20241104_064220,2024-11-04T06:42:41Z,2.550136832
1217.0,4.468232154846191,2552233984.0,y8brg36d,peteish1-20241104_064220,2024-11-04T06:42:41Z,2.552233984
1218.0,4.472005844116211,2554331136.0,y8brg36d,peteish1-20241104_064220,2024-11-04T06:42:41Z,2.554331136
1219.0,4.463758945465088,2556428288.0,y8brg36d,peteish1-20241104_064220,2024-11-04T06:42:41Z,2.556428288
1220.0,4.453339576721191,2558525440.0,y8brg36d,peteish1-20241104_064220,2024-11-04T06:42:41Z,2.55852544
1221.0,4.44947624206543,2560622592.0,y8brg36d,peteish1-20241104_064220,2024-11-04T06:42:41Z,2.560622592
1222.0,4.475532531738281,2562719744.0,y8brg36d,peteish1-20241104_064220,2024-11-04T06:42:41Z,2.562719744
1223.0,4.44049596786499,2564816896.0,y8brg36d,peteish1-20241104_064220,2024-11-04T06:42:41Z,2.564816896
1224.0,4.470381259918213,2566914048.0,y8brg36d,peteish1-20241104_064220,2024-11-04T06:42:41Z,2.566914048
1225.0,4.459628582000732,2569011200.0,y8brg36d,peteish1-20241104_064220,2024-11-04T06:42:41Z,2.5690112
1226.0,4.468822956085205,2571108352.0,y8brg36d,peteish1-20241104_064220,2024-11-04T06:42:41Z,2.571108352
1227.0,4.459081172943115,2573205504.0,y8brg36d,peteish1-20241104_064220,2024-11-04T06:42:41Z,2.573205504
1228.0,4.449481010437012,2575302656.0,y8brg36d,peteish1-20241104_064220,2024-11-04T06:42:41Z,2.575302656
1229.0,4.455484867095947,2577399808.0,y8brg36d,peteish1-20241104_064220,2024-11-04T06:42:41Z,2.577399808
1230.0,4.464756011962891,2579496960.0,y8brg36d,peteish1-20241104_064220,2024-11-04T06:42:41Z,2.57949696
1231.0,4.459200382232666,2581594112.0,y8brg36d,peteish1-20241104_064220,2024-11-04T06:42:41Z,2.581594112
1232.0,4.466392517089844,2583691264.0,y8brg36d,peteish1-20241104_064220,2024-11-04T06:42:41Z,2.583691264
1233.0,4.448935508728027,2585788416.0,y8brg36d,peteish1-20241104_064220,2024-11-04T06:42:41Z,2.585788416
1234.0,4.43548059463501,2587885568.0,y8brg36d,peteish1-20241104_064220,2024-11-04T06:42:41Z,2.587885568
1235.0,4.434614658355713,2589982720.0,y8brg36d,peteish1-20241104_064220,2024-11-04T06:42:41Z,2.58998272
1236.0,4.480691432952881,2592079872.0,y8brg36d,peteish1-20241104_064220,2024-11-04T06:42:41Z,2.592079872
1237.0,4.441237926483154,2594177024.0,y8brg36d,peteish1-20241104_064220,2024-11-04T06:42:41Z,2.594177024
1238.0,4.446258544921875,2596274176.0,y8brg36d,peteish1-20241104_064220,2024-11-04T06:42:41Z,2.596274176
1239.0,4.433093070983887,2598371328.0,y8brg36d,peteish1-20241104_064220,2024-11-04T06:42:41Z,2.598371328
1240.0,4.431462287902832,2600468480.0,y8brg36d,peteish1-20241104_064220,2024-11-04T06:42:41Z,2.60046848
1241.0,4.451849937438965,2602565632.0,y8brg36d,peteish1-20241104_064220,2024-11-04T06:42:41Z,2.602565632
1242.0,4.409900188446045,2604662784.0,y8brg36d,peteish1-20241104_064220,2024-11-04T06:42:41Z,2.604662784
1243.0,4.483880043029785,2606759936.0,y8brg36d,peteish1-20241104_064220,2024-11-04T06:42:41Z,2.606759936
1244.0,4.445514678955078,2608857088.0,y8brg36d,peteish1-20241104_064220,2024-11-04T06:42:41Z,2.608857088
1245.0,4.445749759674072,2610954240.0,y8brg36d,peteish1-20241104_064220,2024-11-04T06:42:41Z,2.61095424
1246.0,4.447507858276367,2613051392.0,y8brg36d,peteish1-20241104_064220,2024-11-04T06:42:41Z,2.613051392
1247.0,4.414550304412842,2615148544.0,y8brg36d,peteish1-20241104_064220,2024-11-04T06:42:41Z,2.615148544
1248.0,4.439957141876221,2617245696.0,y8brg36d,peteish1-20241104_064220,2024-11-04T06:42:41Z,2.617245696
1249.0,4.402548313140869,2619342848.0,y8brg36d,peteish1-20241104_064220,2024-11-04T06:42:41Z,2.619342848
1250.0,4.428341388702393,2621440000.0,y8brg36d,peteish1-20241104_064220,2024-11-04T06:42:41Z,2.62144
1251.0,4.423984527587891,2623537152.0,y8brg36d,peteish1-20241104_064220,2024-11-04T06:42:41Z,2.623537152
1252.0,4.396329879760742,2625634304.0,y8brg36d,peteish1-20241104_064220,2024-11-04T06:42:41Z,2.625634304
1253.0,4.433162689208984,2627731456.0,y8brg36d,peteish1-20241104_064220,2024-11-04T06:42:41Z,2.627731456
1254.0,4.443593978881836,2629828608.0,y8brg36d,peteish1-20241104_064220,2024-11-04T06:42:41Z,2.629828608
1255.0,4.44188928604126,2631925760.0,y8brg36d,peteish1-20241104_064220,2024-11-04T06:42:41Z,2.63192576
1256.0,4.438441276550293,2634022912.0,y8brg36d,peteish1-20241104_064220,2024-11-04T06:42:41Z,2.634022912
1257.0,4.410633563995361,2636120064.0,y8brg36d,peteish1-20241104_064220,2024-11-04T06:42:41Z,2.636120064
1258.0,4.432415008544922,2638217216.0,y8brg36d,peteish1-20241104_064220,2024-11-04T06:42:41Z,2.638217216
1259.0,4.451903343200684,2640314368.0,y8brg36d,peteish1-20241104_064220,2024-11-04T06:42:41Z,2.640314368
1260.0,4.419698715209961,2642411520.0,y8brg36d,peteish1-20241104_064220,2024-11-04T06:42:41Z,2.64241152
1261.0,4.3889851570129395,2644508672.0,y8brg36d,peteish1-20241104_064220,2024-11-04T06:42:41Z,2.644508672
1262.0,4.4104390144348145,2646605824.0,y8brg36d,peteish1-20241104_064220,2024-11-04T06:42:41Z,2.646605824
1263.0,4.418483257293701,2648702976.0,y8brg36d,peteish1-20241104_064220,2024-11-04T06:42:41Z,2.648702976
1264.0,4.403964519500732,2650800128.0,y8brg36d,peteish1-20241104_064220,2024-11-04T06:42:41Z,2.650800128
1265.0,4.395904064178467,2652897280.0,y8brg36d,peteish1-20241104_064220,2024-11-04T06:42:41Z,2.65289728
1266.0,4.401054859161377,2654994432.0,y8brg36d,peteish1-20241104_064220,2024-11-04T06:42:41Z,2.654994432
1267.0,4.410375118255615,2657091584.0,y8brg36d,peteish1-20241104_064220,2024-11-04T06:42:41Z,2.657091584
1268.0,4.423553466796875,2659188736.0,y8brg36d,peteish1-20241104_064220,2024-11-04T06:42:41Z,2.659188736
1269.0,4.396773338317871,2661285888.0,y8brg36d,peteish1-20241104_064220,2024-11-04T06:42:41Z,2.661285888
1270.0,4.418976783752441,2663383040.0,y8brg36d,peteish1-20241104_064220,2024-11-04T06:42:41Z,2.66338304
1271.0,4.3951191902160645,2665480192.0,y8brg36d,peteish1-20241104_064220,2024-11-04T06:42:41Z,2.665480192
1272.0,4.422379970550537,2667577344.0,y8brg36d,peteish1-20241104_064220,2024-11-04T06:42:41Z,2.667577344
1273.0,4.405811786651611,2669674496.0,y8brg36d,peteish1-20241104_064220,2024-11-04T06:42:41Z,2.669674496
1274.0,4.385974884033203,2671771648.0,y8brg36d,peteish1-20241104_064220,2024-11-04T06:42:41Z,2.671771648
1275.0,4.371292591094971,2673868800.0,y8brg36d,peteish1-20241104_064220,2024-11-04T06:42:41Z,2.6738688
1276.0,4.384584426879883,2675965952.0,y8brg36d,peteish1-20241104_064220,2024-11-04T06:42:41Z,2.675965952
1277.0,4.406556129455566,2678063104.0,y8brg36d,peteish1-20241104_064220,2024-11-04T06:42:41Z,2.678063104
1278.0,4.414348125457764,2680160256.0,y8brg36d,peteish1-20241104_064220,2024-11-04T06:42:41Z,2.680160256
1279.0,4.410709857940674,2682257408.0,y8brg36d,peteish1-20241104_064220,2024-11-04T06:42:41Z,2.682257408
1280.0,4.385204315185547,2684354560.0,y8brg36d,peteish1-20241104_064220,2024-11-04T06:42:41Z,2.68435456
1281.0,4.3809404373168945,2686451712.0,y8brg36d,peteish1-20241104_064220,2024-11-04T06:42:41Z,2.686451712
1282.0,4.403706073760986,2688548864.0,y8brg36d,peteish1-20241104_064220,2024-11-04T06:42:41Z,2.688548864
1283.0,4.391053199768066,2690646016.0,y8brg36d,peteish1-20241104_064220,2024-11-04T06:42:41Z,2.690646016
1284.0,4.3638224601745605,2692743168.0,y8brg36d,peteish1-20241104_064220,2024-11-04T06:42:41Z,2.692743168
1285.0,4.372749328613281,2694840320.0,y8brg36d,peteish1-20241104_064220,2024-11-04T06:42:41Z,2.69484032
1286.0,4.407358646392822,2696937472.0,y8brg36d,peteish1-20241104_064220,2024-11-04T06:42:41Z,2.696937472
1287.0,4.403169631958008,2699034624.0,y8brg36d,peteish1-20241104_064220,2024-11-04T06:42:41Z,2.699034624
1288.0,4.416062831878662,2701131776.0,y8brg36d,peteish1-20241104_064220,2024-11-04T06:42:41Z,2.701131776
1289.0,4.413066387176514,2703228928.0,y8brg36d,peteish1-20241104_064220,2024-11-04T06:42:41Z,2.703228928
1290.0,4.409372806549072,2705326080.0,y8brg36d,peteish1-20241104_064220,2024-11-04T06:42:41Z,2.70532608
1291.0,4.388997554779053,2707423232.0,y8brg36d,peteish1-20241104_064220,2024-11-04T06:42:41Z,2.707423232
1292.0,4.375104904174805,2709520384.0,y8brg36d,peteish1-20241104_064220,2024-11-04T06:42:41Z,2.709520384
1293.0,4.369823455810547,2711617536.0,y8brg36d,peteish1-20241104_064220,2024-11-04T06:42:41Z,2.711617536
1294.0,4.354798793792725,2713714688.0,y8brg36d,peteish1-20241104_064220,2024-11-04T06:42:41Z,2.713714688
1295.0,4.363772392272949,2715811840.0,y8brg36d,peteish1-20241104_064220,2024-11-04T06:42:41Z,2.71581184
1296.0,4.395448684692383,2717908992.0,y8brg36d,peteish1-20241104_064220,2024-11-04T06:42:41Z,2.717908992
1297.0,4.37027645111084,2720006144.0,y8brg36d,peteish1-20241104_064220,2024-11-04T06:42:41Z,2.720006144
1298.0,4.3573503494262695,2722103296.0,y8brg36d,peteish1-20241104_064220,2024-11-04T06:42:41Z,2.722103296
1299.0,4.382961750030518,2724200448.0,y8brg36d,peteish1-20241104_064220,2024-11-04T06:42:41Z,2.724200448
1300.0,4.366312503814697,2726297600.0,y8brg36d,peteish1-20241104_064220,2024-11-04T06:42:41Z,2.7262976
1301.0,4.403040409088135,2728394752.0,y8brg36d,peteish1-20241104_064220,2024-11-04T06:42:41Z,2.728394752
1302.0,4.4004106521606445,2730491904.0,y8brg36d,peteish1-20241104_064220,2024-11-04T06:42:41Z,2.730491904
1303.0,4.369953632354736,2732589056.0,y8brg36d,peteish1-20241104_064220,2024-11-04T06:42:41Z,2.732589056
1304.0,4.415377616882324,2734686208.0,y8brg36d,peteish1-20241104_064220,2024-11-04T06:42:41Z,2.734686208
1305.0,4.413150310516357,2736783360.0,y8brg36d,peteish1-20241104_064220,2024-11-04T06:42:41Z,2.73678336
1306.0,4.385406494140625,2738880512.0,y8brg36d,peteish1-20241104_064220,2024-11-04T06:42:41Z,2.738880512
1307.0,4.383872985839844,2740977664.0,y8brg36d,peteish1-20241104_064220,2024-11-04T06:42:41Z,2.740977664
1308.0,4.367340564727783,2743074816.0,y8brg36d,peteish1-20241104_064220,2024-11-04T06:42:41Z,2.743074816
1309.0,4.362161159515381,2745171968.0,y8brg36d,peteish1-20241104_064220,2024-11-04T06:42:41Z,2.745171968
1310.0,4.390909671783447,2747269120.0,y8brg36d,peteish1-20241104_064220,2024-11-04T06:42:41Z,2.74726912
1311.0,4.378197193145752,2749366272.0,y8brg36d,peteish1-20241104_064220,2024-11-04T06:42:41Z,2.749366272
1312.0,4.373520851135254,2751463424.0,y8brg36d,peteish1-20241104_064220,2024-11-04T06:42:41Z,2.751463424
1313.0,4.351936340332031,2753560576.0,y8brg36d,peteish1-20241104_064220,2024-11-04T06:42:41Z,2.753560576
1314.0,4.344644069671631,2755657728.0,y8brg36d,peteish1-20241104_064220,2024-11-04T06:42:41Z,2.755657728
1315.0,4.340824127197266,2757754880.0,y8brg36d,peteish1-20241104_064220,2024-11-04T06:42:41Z,2.75775488
1316.0,4.346704483032227,2759852032.0,y8brg36d,peteish1-20241104_064220,2024-11-04T06:42:41Z,2.759852032
1317.0,4.353921413421631,2761949184.0,y8brg36d,peteish1-20241104_064220,2024-11-04T06:42:41Z,2.761949184
1318.0,4.358794689178467,2764046336.0,y8brg36d,peteish1-20241104_064220,2024-11-04T06:42:41Z,2.764046336
1319.0,4.350803852081299,2766143488.0,y8brg36d,peteish1-20241104_064220,2024-11-04T06:42:41Z,2.766143488
1320.0,4.355102062225342,2768240640.0,y8brg36d,peteish1-20241104_064220,2024-11-04T06:42:41Z,2.76824064
1321.0,4.343069553375244,2770337792.0,y8brg36d,peteish1-20241104_064220,2024-11-04T06:42:41Z,2.770337792
1322.0,4.350052356719971,2772434944.0,y8brg36d,peteish1-20241104_064220,2024-11-04T06:42:41Z,2.772434944
1323.0,4.28325080871582,2774532096.0,y8brg36d,peteish1-20241104_064220,2024-11-04T06:42:41Z,2.774532096
1324.0,4.305660247802734,2776629248.0,y8brg36d,peteish1-20241104_064220,2024-11-04T06:42:41Z,2.776629248
1325.0,4.359962463378906,2778726400.0,y8brg36d,peteish1-20241104_064220,2024-11-04T06:42:41Z,2.7787264
1326.0,4.342538833618164,2780823552.0,y8brg36d,peteish1-20241104_064220,2024-11-04T06:42:41Z,2.780823552
1327.0,4.347448825836182,2782920704.0,y8brg36d,peteish1-20241104_064220,2024-11-04T06:42:41Z,2.782920704
1328.0,4.335245609283447,2785017856.0,y8brg36d,peteish1-20241104_064220,2024-11-04T06:42:41Z,2.785017856
1329.0,4.349731922149658,2787115008.0,y8brg36d,peteish1-20241104_064220,2024-11-04T06:42:41Z,2.787115008
1330.0,4.342370986938477,2789212160.0,y8brg36d,peteish1-20241104_064220,2024-11-04T06:42:41Z,2.78921216
1331.0,4.357897758483887,2791309312.0,y8brg36d,peteish1-20241104_064220,2024-11-04T06:42:41Z,2.791309312
1332.0,4.347255706787109,2793406464.0,y8brg36d,peteish1-20241104_064220,2024-11-04T06:42:41Z,2.793406464
1333.0,4.347306728363037,2795503616.0,y8brg36d,peteish1-20241104_064220,2024-11-04T06:42:41Z,2.795503616
1334.0,4.2896952629089355,2797600768.0,y8brg36d,peteish1-20241104_064220,2024-11-04T06:42:41Z,2.797600768
1335.0,4.356391429901123,2799697920.0,y8brg36d,peteish1-20241104_064220,2024-11-04T06:42:41Z,2.79969792
1336.0,4.3194499015808105,2801795072.0,y8brg36d,peteish1-20241104_064220,2024-11-04T06:42:41Z,2.801795072
1337.0,4.312078475952148,2803892224.0,y8brg36d,peteish1-20241104_064220,2024-11-04T06:42:41Z,2.803892224
1338.0,4.3268046379089355,2805989376.0,y8brg36d,peteish1-20241104_064220,2024-11-04T06:42:41Z,2.805989376
1339.0,4.307643890380859,2808086528.0,y8brg36d,peteish1-20241104_064220,2024-11-04T06:42:41Z,2.808086528
1340.0,4.290592193603516,2810183680.0,y8brg36d,peteish1-20241104_064220,2024-11-04T06:42:41Z,2.81018368
1341.0,4.325963973999023,2812280832.0,y8brg36d,peteish1-20241104_064220,2024-11-04T06:42:41Z,2.812280832
1342.0,4.32084321975708,2814377984.0,y8brg36d,peteish1-20241104_064220,2024-11-04T06:42:41Z,2.814377984
1343.0,4.33596134185791,2816475136.0,y8brg36d,peteish1-20241104_064220,2024-11-04T06:42:41Z,2.816475136
1344.0,4.322309494018555,2818572288.0,y8brg36d,peteish1-20241104_064220,2024-11-04T06:42:41Z,2.818572288
1345.0,4.357028007507324,2820669440.0,y8brg36d,peteish1-20241104_064220,2024-11-04T06:42:41Z,2.82066944
1346.0,4.339325428009033,2822766592.0,y8brg36d,peteish1-20241104_064220,2024-11-04T06:42:41Z,2.822766592
1347.0,4.3103485107421875,2824863744.0,y8brg36d,peteish1-20241104_064220,2024-11-04T06:42:41Z,2.824863744
1348.0,4.299283981323242,2826960896.0,y8brg36d,peteish1-20241104_064220,2024-11-04T06:42:41Z,2.826960896
1349.0,4.331965923309326,2829058048.0,y8brg36d,peteish1-20241104_064220,2024-11-04T06:42:41Z,2.829058048
1350.0,4.287444114685059,2831155200.0,y8brg36d,peteish1-20241104_064220,2024-11-04T06:42:41Z,2.8311552
1351.0,4.318575859069824,2833252352.0,y8brg36d,peteish1-20241104_064220,2024-11-04T06:42:41Z,2.833252352
1352.0,4.341831207275391,2835349504.0,y8brg36d,peteish1-20241104_064220,2024-11-04T06:42:41Z,2.835349504
1353.0,4.359698295593262,2837446656.0,y8brg36d,peteish1-20241104_064220,2024-11-04T06:42:41Z,2.837446656
1354.0,4.316084384918213,2839543808.0,y8brg36d,peteish1-20241104_064220,2024-11-04T06:42:41Z,2.839543808
1355.0,4.324594020843506,2841640960.0,y8brg36d,peteish1-20241104_064220,2024-11-04T06:42:41Z,2.84164096
1356.0,4.283146858215332,2843738112.0,y8brg36d,peteish1-20241104_064220,2024-11-04T06:42:41Z,2.843738112
1357.0,4.289789199829102,2845835264.0,y8brg36d,peteish1-20241104_064220,2024-11-04T06:42:41Z,2.845835264
1358.0,4.335366249084473,2847932416.0,y8brg36d,peteish1-20241104_064220,2024-11-04T06:42:41Z,2.847932416
1359.0,4.305330753326416,2850029568.0,y8brg36d,peteish1-20241104_064220,2024-11-04T06:42:41Z,2.850029568
1360.0,4.326153755187988,2852126720.0,y8brg36d,peteish1-20241104_064220,2024-11-04T06:42:41Z,2.85212672
1361.0,4.309541702270508,2854223872.0,y8brg36d,peteish1-20241104_064220,2024-11-04T06:42:41Z,2.854223872
1362.0,4.307156085968018,2856321024.0,y8brg36d,peteish1-20241104_064220,2024-11-04T06:42:41Z,2.856321024
1363.0,4.330029487609863,2858418176.0,y8brg36d,peteish1-20241104_064220,2024-11-04T06:42:41Z,2.858418176
1364.0,4.321633815765381,2860515328.0,y8brg36d,peteish1-20241104_064220,2024-11-04T06:42:41Z,2.860515328
1365.0,4.3030500411987305,2862612480.0,y8brg36d,peteish1-20241104_064220,2024-11-04T06:42:41Z,2.86261248
1366.0,4.287456512451172,2864709632.0,y8brg36d,peteish1-20241104_064220,2024-11-04T06:42:41Z,2.864709632
1367.0,4.276667594909668,2866806784.0,y8brg36d,peteish1-20241104_064220,2024-11-04T06:42:41Z,2.866806784
1368.0,4.306240558624268,2868903936.0,y8brg36d,peteish1-20241104_064220,2024-11-04T06:42:41Z,2.868903936
1369.0,4.320980072021484,2871001088.0,y8brg36d,peteish1-20241104_064220,2024-11-04T06:42:41Z,2.871001088
1370.0,4.30601692199707,2873098240.0,y8brg36d,peteish1-20241104_064220,2024-11-04T06:42:41Z,2.87309824
1371.0,4.324235439300537,2875195392.0,y8brg36d,peteish1-20241104_064220,2024-11-04T06:42:41Z,2.875195392
1372.0,4.307000160217285,2877292544.0,y8brg36d,peteish1-20241104_064220,2024-11-04T06:42:41Z,2.877292544
1373.0,4.3106689453125,2879389696.0,y8brg36d,peteish1-20241104_064220,2024-11-04T06:42:41Z,2.879389696
1374.0,4.31925106048584,2881486848.0,y8brg36d,peteish1-20241104_064220,2024-11-04T06:42:41Z,2.881486848
1375.0,4.310546875,2883584000.0,y8brg36d,peteish1-20241104_064220,2024-11-04T06:42:41Z,2.883584
1376.0,4.299252033233643,2885681152.0,y8brg36d,peteish1-20241104_064220,2024-11-04T06:42:41Z,2.885681152
1377.0,4.26948356628418,2887778304.0,y8brg36d,peteish1-20241104_064220,2024-11-04T06:42:41Z,2.887778304
1378.0,4.311619758605957,2889875456.0,y8brg36d,peteish1-20241104_064220,2024-11-04T06:42:41Z,2.889875456
1379.0,4.291027069091797,2891972608.0,y8brg36d,peteish1-20241104_064220,2024-11-04T06:42:41Z,2.891972608
1380.0,4.303462505340576,2894069760.0,y8brg36d,peteish1-20241104_064220,2024-11-04T06:42:41Z,2.89406976
1381.0,4.293035984039307,2896166912.0,y8brg36d,peteish1-20241104_064220,2024-11-04T06:42:41Z,2.896166912
1382.0,4.293819427490234,2898264064.0,y8brg36d,peteish1-20241104_064220,2024-11-04T06:42:41Z,2.898264064
1383.0,4.27858829498291,2900361216.0,y8brg36d,peteish1-20241104_064220,2024-11-04T06:42:41Z,2.900361216
1384.0,4.275736331939697,2902458368.0,y8brg36d,peteish1-20241104_064220,2024-11-04T06:42:41Z,2.902458368
1385.0,4.308711528778076,2904555520.0,y8brg36d,peteish1-20241104_064220,2024-11-04T06:42:41Z,2.90455552
1386.0,4.285183429718018,2906652672.0,y8brg36d,peteish1-20241104_064220,2024-11-04T06:42:41Z,2.906652672
1387.0,4.305345058441162,2908749824.0,y8brg36d,peteish1-20241104_064220,2024-11-04T06:42:41Z,2.908749824
1388.0,4.280097961425781,2910846976.0,y8brg36d,peteish1-20241104_064220,2024-11-04T06:42:41Z,2.910846976
1389.0,4.271522045135498,2912944128.0,y8brg36d,peteish1-20241104_064220,2024-11-04T06:42:41Z,2.912944128
1390.0,4.274358749389648,2915041280.0,y8brg36d,peteish1-20241104_064220,2024-11-04T06:42:41Z,2.91504128
1391.0,4.283379077911377,2917138432.0,y8brg36d,peteish1-20241104_064220,2024-11-04T06:42:41Z,2.917138432
1392.0,4.286022663116455,2919235584.0,y8brg36d,peteish1-20241104_064220,2024-11-04T06:42:41Z,2.919235584
1393.0,4.260110855102539,2921332736.0,y8brg36d,peteish1-20241104_064220,2024-11-04T06:42:41Z,2.921332736
1394.0,4.293246746063232,2923429888.0,y8brg36d,peteish1-20241104_064220,2024-11-04T06:42:41Z,2.923429888
1395.0,4.295871734619141,2925527040.0,y8brg36d,peteish1-20241104_064220,2024-11-04T06:42:41Z,2.92552704
1396.0,4.214688301086426,2927624192.0,y8brg36d,peteish1-20241104_064220,2024-11-04T06:42:41Z,2.927624192
1397.0,4.236428260803223,2929721344.0,y8brg36d,peteish1-20241104_064220,2024-11-04T06:42:41Z,2.929721344
1398.0,4.226751327514648,2931818496.0,y8brg36d,peteish1-20241104_064220,2024-11-04T06:42:41Z,2.931818496
1399.0,4.247875213623047,2933915648.0,y8brg36d,peteish1-20241104_064220,2024-11-04T06:42:41Z,2.933915648
1400.0,4.246769428253174,2936012800.0,y8brg36d,peteish1-20241104_064220,2024-11-04T06:42:41Z,2.9360128
1401.0,4.289941310882568,2938109952.0,y8brg36d,peteish1-20241104_064220,2024-11-04T06:42:41Z,2.938109952
1402.0,4.28079080581665,2940207104.0,y8brg36d,peteish1-20241104_064220,2024-11-04T06:42:41Z,2.940207104
1403.0,4.232937812805176,2942304256.0,y8brg36d,peteish1-20241104_064220,2024-11-04T06:42:41Z,2.942304256
1404.0,4.256012916564941,2944401408.0,y8brg36d,peteish1-20241104_064220,2024-11-04T06:42:41Z,2.944401408
1405.0,4.250424861907959,2946498560.0,y8brg36d,peteish1-20241104_064220,2024-11-04T06:42:41Z,2.94649856
1406.0,4.270325660705566,2948595712.0,y8brg36d,peteish1-20241104_064220,2024-11-04T06:42:41Z,2.948595712
1407.0,4.2959699630737305,2950692864.0,y8brg36d,peteish1-20241104_064220,2024-11-04T06:42:41Z,2.950692864
1408.0,4.27351188659668,2952790016.0,y8brg36d,peteish1-20241104_064220,2024-11-04T06:42:41Z,2.952790016
1409.0,4.249766826629639,2954887168.0,y8brg36d,peteish1-20241104_064220,2024-11-04T06:42:41Z,2.954887168
1410.0,4.2892165184021,2956984320.0,y8brg36d,peteish1-20241104_064220,2024-11-04T06:42:41Z,2.95698432
1411.0,4.264842987060547,2959081472.0,y8brg36d,peteish1-20241104_064220,2024-11-04T06:42:41Z,2.959081472
1412.0,4.244323253631592,2961178624.0,y8brg36d,peteish1-20241104_064220,2024-11-04T06:42:41Z,2.961178624
1413.0,4.310274124145508,2963275776.0,y8brg36d,peteish1-20241104_064220,2024-11-04T06:42:41Z,2.963275776
1414.0,4.258456707000732,2965372928.0,y8brg36d,peteish1-20241104_064220,2024-11-04T06:42:41Z,2.965372928
1415.0,4.2677412033081055,2967470080.0,y8brg36d,peteish1-20241104_064220,2024-11-04T06:42:41Z,2.96747008
1416.0,4.275557518005371,2969567232.0,y8brg36d,peteish1-20241104_064220,2024-11-04T06:42:41Z,2.969567232
1417.0,4.263542175292969,2971664384.0,y8brg36d,peteish1-20241104_064220,2024-11-04T06:42:41Z,2.971664384
1418.0,4.24560022354126,2973761536.0,y8brg36d,peteish1-20241104_064220,2024-11-04T06:42:41Z,2.973761536
1419.0,4.259065628051758,2975858688.0,y8brg36d,peteish1-20241104_064220,2024-11-04T06:42:41Z,2.975858688
1420.0,4.2348713874816895,2977955840.0,y8brg36d,peteish1-20241104_064220,2024-11-04T06:42:41Z,2.97795584
1421.0,4.23817777633667,2980052992.0,y8brg36d,peteish1-20241104_064220,2024-11-04T06:42:41Z,2.980052992
1422.0,4.233114242553711,2982150144.0,y8brg36d,peteish1-20241104_064220,2024-11-04T06:42:41Z,2.982150144
1423.0,4.215012550354004,2984247296.0,y8brg36d,peteish1-20241104_064220,2024-11-04T06:42:41Z,2.984247296
1424.0,4.253786087036133,2986344448.0,y8brg36d,peteish1-20241104_064220,2024-11-04T06:42:41Z,2.986344448
1425.0,4.221510887145996,2988441600.0,y8brg36d,peteish1-20241104_064220,2024-11-04T06:42:41Z,2.9884416
1426.0,4.274376392364502,2990538752.0,y8brg36d,peteish1-20241104_064220,2024-11-04T06:42:41Z,2.990538752
1427.0,4.264543056488037,2992635904.0,y8brg36d,peteish1-20241104_064220,2024-11-04T06:42:41Z,2.992635904
1428.0,4.244121074676514,2994733056.0,y8brg36d,peteish1-20241104_064220,2024-11-04T06:42:41Z,2.994733056
1429.0,4.252957820892334,2996830208.0,y8brg36d,peteish1-20241104_064220,2024-11-04T06:42:41Z,2.996830208
1430.0,4.269567489624023,2998927360.0,y8brg36d,peteish1-20241104_064220,2024-11-04T06:42:41Z,2.99892736
1431.0,4.242433071136475,3001024512.0,y8brg36d,peteish1-20241104_064220,2024-11-04T06:42:41Z,3.001024512
1432.0,4.2278151512146,3003121664.0,y8brg36d,peteish1-20241104_064220,2024-11-04T06:42:41Z,3.003121664
1433.0,4.2150559425354,3005218816.0,y8brg36d,peteish1-20241104_064220,2024-11-04T06:42:41Z,3.005218816
1434.0,4.232400894165039,3007315968.0,y8brg36d,peteish1-20241104_064220,2024-11-04T06:42:41Z,3.007315968
1435.0,4.237539291381836,3009413120.0,y8brg36d,peteish1-20241104_064220,2024-11-04T06:42:41Z,3.00941312
1436.0,4.231748580932617,3011510272.0,y8brg36d,peteish1-20241104_064220,2024-11-04T06:42:41Z,3.011510272
1437.0,4.221480846405029,3013607424.0,y8brg36d,peteish1-20241104_064220,2024-11-04T06:42:41Z,3.013607424
1438.0,4.23599910736084,3015704576.0,y8brg36d,peteish1-20241104_064220,2024-11-04T06:42:41Z,3.015704576
1439.0,4.215855598449707,3017801728.0,y8brg36d,peteish1-20241104_064220,2024-11-04T06:42:41Z,3.017801728
1440.0,4.239415645599365,3019898880.0,y8brg36d,peteish1-20241104_064220,2024-11-04T06:42:41Z,3.01989888
1441.0,4.2179155349731445,3021996032.0,y8brg36d,peteish1-20241104_064220,2024-11-04T06:42:41Z,3.021996032
1442.0,4.241741180419922,3024093184.0,y8brg36d,peteish1-20241104_064220,2024-11-04T06:42:41Z,3.024093184
1443.0,4.19658088684082,3026190336.0,y8brg36d,peteish1-20241104_064220,2024-11-04T06:42:41Z,3.026190336
1444.0,4.2228312492370605,3028287488.0,y8brg36d,peteish1-20241104_064220,2024-11-04T06:42:41Z,3.028287488
1445.0,4.217954158782959,3030384640.0,y8brg36d,peteish1-20241104_064220,2024-11-04T06:42:41Z,3.03038464
1446.0,4.2460150718688965,3032481792.0,y8brg36d,peteish1-20241104_064220,2024-11-04T06:42:41Z,3.032481792
1447.0,4.243649959564209,3034578944.0,y8brg36d,peteish1-20241104_064220,2024-11-04T06:42:41Z,3.034578944
1448.0,4.232270240783691,3036676096.0,y8brg36d,peteish1-20241104_064220,2024-11-04T06:42:41Z,3.036676096
1449.0,4.255245208740234,3038773248.0,y8brg36d,peteish1-20241104_064220,2024-11-04T06:42:41Z,3.038773248
1450.0,4.22150993347168,3040870400.0,y8brg36d,peteish1-20241104_064220,2024-11-04T06:42:41Z,3.0408704
1451.0,4.244953632354736,3042967552.0,y8brg36d,peteish1-20241104_064220,2024-11-04T06:42:41Z,3.042967552
1452.0,4.259109973907471,3045064704.0,y8brg36d,peteish1-20241104_064220,2024-11-04T06:42:41Z,3.045064704
1453.0,4.2428131103515625,3047161856.0,y8brg36d,peteish1-20241104_064220,2024-11-04T06:42:41Z,3.047161856
1454.0,4.224778652191162,3049259008.0,y8brg36d,peteish1-20241104_064220,2024-11-04T06:42:41Z,3.049259008
1455.0,4.21513032913208,3051356160.0,y8brg36d,peteish1-20241104_064220,2024-11-04T06:42:41Z,3.05135616
1456.0,4.214222431182861,3053453312.0,y8brg36d,peteish1-20241104_064220,2024-11-04T06:42:41Z,3.053453312
1457.0,4.224038600921631,3055550464.0,y8brg36d,peteish1-20241104_064220,2024-11-04T06:42:41Z,3.055550464
1458.0,4.209768772125244,3057647616.0,y8brg36d,peteish1-20241104_064220,2024-11-04T06:42:41Z,3.057647616
1459.0,4.229546070098877,3059744768.0,y8brg36d,peteish1-20241104_064220,2024-11-04T06:42:41Z,3.059744768
1460.0,4.225435733795166,3061841920.0,y8brg36d,peteish1-20241104_064220,2024-11-04T06:42:41Z,3.06184192
1461.0,4.199033260345459,3063939072.0,y8brg36d,peteish1-20241104_064220,2024-11-04T06:42:41Z,3.063939072
1462.0,4.221365928649902,3066036224.0,y8brg36d,peteish1-20241104_064220,2024-11-04T06:42:41Z,3.066036224
1463.0,4.199592113494873,3068133376.0,y8brg36d,peteish1-20241104_064220,2024-11-04T06:42:41Z,3.068133376
1464.0,4.22464656829834,3070230528.0,y8brg36d,peteish1-20241104_064220,2024-11-04T06:42:41Z,3.070230528
1465.0,4.24898624420166,3072327680.0,y8brg36d,peteish1-20241104_064220,2024-11-04T06:42:41Z,3.07232768
1466.0,4.227074146270752,3074424832.0,y8brg36d,peteish1-20241104_064220,2024-11-04T06:42:41Z,3.074424832
1467.0,4.17988920211792,3076521984.0,y8brg36d,peteish1-20241104_064220,2024-11-04T06:42:41Z,3.076521984
1468.0,4.199592590332031,3078619136.0,y8brg36d,peteish1-20241104_064220,2024-11-04T06:42:41Z,3.078619136
1469.0,4.205193996429443,3080716288.0,y8brg36d,peteish1-20241104_064220,2024-11-04T06:42:41Z,3.080716288
1470.0,4.206767559051514,3082813440.0,y8brg36d,peteish1-20241104_064220,2024-11-04T06:42:41Z,3.08281344
1471.0,4.193417072296143,3084910592.0,y8brg36d,peteish1-20241104_064220,2024-11-04T06:42:41Z,3.084910592
1472.0,4.20983362197876,3087007744.0,y8brg36d,peteish1-20241104_064220,2024-11-04T06:42:41Z,3.087007744
1473.0,4.217453956604004,3089104896.0,y8brg36d,peteish1-20241104_064220,2024-11-04T06:42:41Z,3.089104896
1474.0,4.204352855682373,3091202048.0,y8brg36d,peteish1-20241104_064220,2024-11-04T06:42:41Z,3.091202048
1475.0,4.159535884857178,3093299200.0,y8brg36d,peteish1-20241104_064220,2024-11-04T06:42:41Z,3.0932992
1476.0,4.204339027404785,3095396352.0,y8brg36d,peteish1-20241104_064220,2024-11-04T06:42:41Z,3.095396352
1477.0,4.203113555908203,3097493504.0,y8brg36d,peteish1-20241104_064220,2024-11-04T06:42:41Z,3.097493504
1478.0,4.199180603027344,3099590656.0,y8brg36d,peteish1-20241104_064220,2024-11-04T06:42:41Z,3.099590656
1479.0,4.2104411125183105,3101687808.0,y8brg36d,peteish1-20241104_064220,2024-11-04T06:42:41Z,3.101687808
1480.0,4.204493045806885,3103784960.0,y8brg36d,peteish1-20241104_064220,2024-11-04T06:42:41Z,3.10378496
1481.0,4.182134628295898,3105882112.0,y8brg36d,peteish1-20241104_064220,2024-11-04T06:42:41Z,3.105882112
1482.0,4.196950912475586,3107979264.0,y8brg36d,peteish1-20241104_064220,2024-11-04T06:42:41Z,3.107979264
1483.0,4.186081409454346,3110076416.0,y8brg36d,peteish1-20241104_064220,2024-11-04T06:42:41Z,3.110076416
1484.0,4.216118335723877,3112173568.0,y8brg36d,peteish1-20241104_064220,2024-11-04T06:42:41Z,3.112173568
1485.0,4.191591262817383,3114270720.0,y8brg36d,peteish1-20241104_064220,2024-11-04T06:42:41Z,3.11427072
1486.0,4.201858043670654,3116367872.0,y8brg36d,peteish1-20241104_064220,2024-11-04T06:42:41Z,3.116367872
1487.0,4.218941688537598,3118465024.0,y8brg36d,peteish1-20241104_064220,2024-11-04T06:42:41Z,3.118465024
1488.0,4.198263645172119,3120562176.0,y8brg36d,peteish1-20241104_064220,2024-11-04T06:42:41Z,3.120562176
1489.0,4.179818630218506,3122659328.0,y8brg36d,peteish1-20241104_064220,2024-11-04T06:42:41Z,3.122659328
1490.0,4.196638584136963,3124756480.0,y8brg36d,peteish1-20241104_064220,2024-11-04T06:42:41Z,3.12475648
1491.0,4.184962272644043,3126853632.0,y8brg36d,peteish1-20241104_064220,2024-11-04T06:42:41Z,3.126853632
1492.0,4.1989312171936035,3128950784.0,y8brg36d,peteish1-20241104_064220,2024-11-04T06:42:41Z,3.128950784
1493.0,4.165846347808838,3131047936.0,y8brg36d,peteish1-20241104_064220,2024-11-04T06:42:41Z,3.131047936
1494.0,4.189634323120117,3133145088.0,y8brg36d,peteish1-20241104_064220,2024-11-04T06:42:41Z,3.133145088
1495.0,4.184072017669678,3135242240.0,y8brg36d,peteish1-20241104_064220,2024-11-04T06:42:41Z,3.13524224
1496.0,4.2123236656188965,3137339392.0,y8brg36d,peteish1-20241104_064220,2024-11-04T06:42:41Z,3.137339392
1497.0,4.2184319496154785,3139436544.0,y8brg36d,peteish1-20241104_064220,2024-11-04T06:42:41Z,3.139436544
1498.0,4.1828532218933105,3141533696.0,y8brg36d,peteish1-20241104_064220,2024-11-04T06:42:41Z,3.141533696
1499.0,4.174501419067383,3143630848.0,y8brg36d,peteish1-20241104_064220,2024-11-04T06:42:41Z,3.143630848
1500.0,4.185641288757324,3145728000.0,y8brg36d,peteish1-20241104_064220,2024-11-04T06:42:41Z,3.145728
1501.0,4.20332145690918,3147825152.0,y8brg36d,peteish1-20241104_064220,2024-11-04T06:42:41Z,3.147825152
1502.0,4.215689659118652,3149922304.0,y8brg36d,peteish1-20241104_064220,2024-11-04T06:42:41Z,3.149922304
1503.0,4.201438903808594,3152019456.0,y8brg36d,peteish1-20241104_064220,2024-11-04T06:42:41Z,3.152019456
1504.0,4.230893135070801,3154116608.0,y8brg36d,peteish1-20241104_064220,2024-11-04T06:42:41Z,3.154116608
1505.0,4.176682949066162,3156213760.0,y8brg36d,peteish1-20241104_064220,2024-11-04T06:42:41Z,3.15621376
1506.0,4.181756496429443,3158310912.0,y8brg36d,peteish1-20241104_064220,2024-11-04T06:42:41Z,3.158310912
1507.0,4.174757480621338,3160408064.0,y8brg36d,peteish1-20241104_064220,2024-11-04T06:42:41Z,3.160408064
1508.0,4.174907207489014,3162505216.0,y8brg36d,peteish1-20241104_064220,2024-11-04T06:42:41Z,3.162505216
1509.0,4.1945319175720215,3164602368.0,y8brg36d,peteish1-20241104_064220,2024-11-04T06:42:41Z,3.164602368
1510.0,4.196855068206787,3166699520.0,y8brg36d,peteish1-20241104_064220,2024-11-04T06:42:41Z,3.16669952
1511.0,4.198821544647217,3168796672.0,y8brg36d,peteish1-20241104_064220,2024-11-04T06:42:41Z,3.168796672
1512.0,4.159100532531738,3170893824.0,y8brg36d,peteish1-20241104_064220,2024-11-04T06:42:41Z,3.170893824
1513.0,4.2064619064331055,3172990976.0,y8brg36d,peteish1-20241104_064220,2024-11-04T06:42:41Z,3.172990976
1514.0,4.177257061004639,3175088128.0,y8brg36d,peteish1-20241104_064220,2024-11-04T06:42:41Z,3.175088128
1515.0,4.1853461265563965,3177185280.0,y8brg36d,peteish1-20241104_064220,2024-11-04T06:42:41Z,3.17718528
1516.0,4.205520153045654,3179282432.0,y8brg36d,peteish1-20241104_064220,2024-11-04T06:42:41Z,3.179282432
1517.0,4.1717424392700195,3181379584.0,y8brg36d,peteish1-20241104_064220,2024-11-04T06:42:41Z,3.181379584
1518.0,4.178707599639893,3183476736.0,y8brg36d,peteish1-20241104_064220,2024-11-04T06:42:41Z,3.183476736
1519.0,4.158065319061279,3185573888.0,y8brg36d,peteish1-20241104_064220,2024-11-04T06:42:41Z,3.185573888
1520.0,4.197049140930176,3187671040.0,y8brg36d,peteish1-20241104_064220,2024-11-04T06:42:41Z,3.18767104
1521.0,4.165521621704102,3189768192.0,y8brg36d,peteish1-20241104_064220,2024-11-04T06:42:41Z,3.189768192
1522.0,4.165299415588379,3191865344.0,y8brg36d,peteish1-20241104_064220,2024-11-04T06:42:41Z,3.191865344
1523.0,4.1664652824401855,3193962496.0,y8brg36d,peteish1-20241104_064220,2024-11-04T06:42:41Z,3.193962496
1524.0,4.158077716827393,3196059648.0,y8brg36d,peteish1-20241104_064220,2024-11-04T06:42:41Z,3.196059648
1525.0,4.175782203674316,3198156800.0,y8brg36d,peteish1-20241104_064220,2024-11-04T06:42:41Z,3.1981568
1526.0,4.174957275390625,3200253952.0,y8brg36d,peteish1-20241104_064220,2024-11-04T06:42:41Z,3.200253952
1527.0,4.188596248626709,3202351104.0,y8brg36d,peteish1-20241104_064220,2024-11-04T06:42:41Z,3.202351104
1528.0,4.163559436798096,3204448256.0,y8brg36d,peteish1-20241104_064220,2024-11-04T06:42:41Z,3.204448256
1529.0,4.220820426940918,3206545408.0,y8brg36d,peteish1-20241104_064220,2024-11-04T06:42:41Z,3.206545408
1530.0,4.192882061004639,3208642560.0,y8brg36d,peteish1-20241104_064220,2024-11-04T06:42:41Z,3.20864256
1531.0,4.156945705413818,3210739712.0,y8brg36d,peteish1-20241104_064220,2024-11-04T06:42:41Z,3.210739712
1532.0,4.159084320068359,3212836864.0,y8brg36d,peteish1-20241104_064220,2024-11-04T06:42:41Z,3.212836864
1533.0,4.141197681427002,3214934016.0,y8brg36d,peteish1-20241104_064220,2024-11-04T06:42:41Z,3.214934016
1534.0,4.140299320220947,3217031168.0,y8brg36d,peteish1-20241104_064220,2024-11-04T06:42:41Z,3.217031168
1535.0,4.156955718994141,3219128320.0,y8brg36d,peteish1-20241104_064220,2024-11-04T06:42:41Z,3.21912832
1536.0,4.168956756591797,3221225472.0,y8brg36d,peteish1-20241104_064220,2024-11-04T06:42:41Z,3.221225472
1537.0,4.127667427062988,3223322624.0,y8brg36d,peteish1-20241104_064220,2024-11-04T06:42:41Z,3.223322624
1538.0,4.121826171875,3225419776.0,y8brg36d,peteish1-20241104_064220,2024-11-04T06:42:41Z,3.225419776
1539.0,4.132134914398193,3227516928.0,y8brg36d,peteish1-20241104_064220,2024-11-04T06:42:41Z,3.227516928
1540.0,4.144498825073242,3229614080.0,y8brg36d,peteish1-20241104_064220,2024-11-04T06:42:41Z,3.22961408
1541.0,4.144998073577881,3231711232.0,y8brg36d,peteish1-20241104_064220,2024-11-04T06:42:41Z,3.231711232
1542.0,4.154935359954834,3233808384.0,y8brg36d,peteish1-20241104_064220,2024-11-04T06:42:41Z,3.233808384
1543.0,4.146792888641357,3235905536.0,y8brg36d,peteish1-20241104_064220,2024-11-04T06:42:41Z,3.235905536
1544.0,4.1448845863342285,3238002688.0,y8brg36d,peteish1-20241104_064220,2024-11-04T06:42:41Z,3.238002688
1545.0,4.147558689117432,3240099840.0,y8brg36d,peteish1-20241104_064220,2024-11-04T06:42:41Z,3.24009984
1546.0,4.14853048324585,3242196992.0,y8brg36d,peteish1-20241104_064220,2024-11-04T06:42:41Z,3.242196992
1547.0,4.123057842254639,3244294144.0,y8brg36d,peteish1-20241104_064220,2024-11-04T06:42:41Z,3.244294144
1548.0,4.166008949279785,3246391296.0,y8brg36d,peteish1-20241104_064220,2024-11-04T06:42:41Z,3.246391296
1549.0,4.166092395782471,3248488448.0,y8brg36d,peteish1-20241104_064220,2024-11-04T06:42:41Z,3.248488448
1550.0,4.1692118644714355,3250585600.0,y8brg36d,peteish1-20241104_064220,2024-11-04T06:42:41Z,3.2505856
1551.0,4.163007736206055,3252682752.0,y8brg36d,peteish1-20241104_064220,2024-11-04T06:42:41Z,3.252682752
1552.0,4.153334140777588,3254779904.0,y8brg36d,peteish1-20241104_064220,2024-11-04T06:42:41Z,3.254779904
1553.0,4.130770683288574,3256877056.0,y8brg36d,peteish1-20241104_064220,2024-11-04T06:42:41Z,3.256877056
1554.0,4.142049312591553,3258974208.0,y8brg36d,peteish1-20241104_064220,2024-11-04T06:42:41Z,3.258974208
1555.0,4.142797946929932,3261071360.0,y8brg36d,peteish1-20241104_064220,2024-11-04T06:42:41Z,3.26107136
1556.0,4.141849994659424,3263168512.0,y8brg36d,peteish1-20241104_064220,2024-11-04T06:42:41Z,3.263168512
1557.0,4.110806941986084,3265265664.0,y8brg36d,peteish1-20241104_064220,2024-11-04T06:42:41Z,3.265265664
1558.0,4.143107891082764,3267362816.0,y8brg36d,peteish1-20241104_064220,2024-11-04T06:42:41Z,3.267362816
1559.0,4.122468948364258,3269459968.0,y8brg36d,peteish1-20241104_064220,2024-11-04T06:42:41Z,3.269459968
1560.0,4.125140190124512,3271557120.0,y8brg36d,peteish1-20241104_064220,2024-11-04T06:42:41Z,3.27155712
1561.0,4.115869522094727,3273654272.0,y8brg36d,peteish1-20241104_064220,2024-11-04T06:42:41Z,3.273654272
1562.0,4.110820293426514,3275751424.0,y8brg36d,peteish1-20241104_064220,2024-11-04T06:42:41Z,3.275751424
1563.0,4.116781711578369,3277848576.0,y8brg36d,peteish1-20241104_064220,2024-11-04T06:42:41Z,3.277848576
1564.0,4.099365711212158,3279945728.0,y8brg36d,peteish1-20241104_064220,2024-11-04T06:42:41Z,3.279945728
1565.0,4.132391452789307,3282042880.0,y8brg36d,peteish1-20241104_064220,2024-11-04T06:42:41Z,3.28204288
1566.0,4.140581130981445,3284140032.0,y8brg36d,peteish1-20241104_064220,2024-11-04T06:42:41Z,3.284140032
1567.0,4.120598793029785,3286237184.0,y8brg36d,peteish1-20241104_064220,2024-11-04T06:42:41Z,3.286237184
1568.0,4.146362781524658,3288334336.0,y8brg36d,peteish1-20241104_064220,2024-11-04T06:42:41Z,3.288334336
1569.0,4.143697261810303,3290431488.0,y8brg36d,peteish1-20241104_064220,2024-11-04T06:42:41Z,3.290431488
1570.0,4.139595031738281,3292528640.0,y8brg36d,peteish1-20241104_064220,2024-11-04T06:42:41Z,3.29252864
1571.0,4.127312183380127,3294625792.0,y8brg36d,peteish1-20241104_064220,2024-11-04T06:42:41Z,3.294625792
1572.0,4.124176979064941,3296722944.0,y8brg36d,peteish1-20241104_064220,2024-11-04T06:42:41Z,3.296722944
1573.0,4.123001575469971,3298820096.0,y8brg36d,peteish1-20241104_064220,2024-11-04T06:42:41Z,3.298820096
1574.0,4.141035079956055,3300917248.0,y8brg36d,peteish1-20241104_064220,2024-11-04T06:42:41Z,3.300917248
1575.0,4.162258148193359,3303014400.0,y8brg36d,peteish1-20241104_064220,2024-11-04T06:42:41Z,3.3030144
1576.0,4.104142189025879,3305111552.0,y8brg36d,peteish1-20241104_064220,2024-11-04T06:42:41Z,3.305111552
1577.0,4.128363609313965,3307208704.0,y8brg36d,peteish1-20241104_064220,2024-11-04T06:42:41Z,3.307208704
1578.0,4.137880802154541,3309305856.0,y8brg36d,peteish1-20241104_064220,2024-11-04T06:42:41Z,3.309305856
1579.0,4.112480163574219,3311403008.0,y8brg36d,peteish1-20241104_064220,2024-11-04T06:42:41Z,3.311403008
1580.0,4.17634391784668,3313500160.0,y8brg36d,peteish1-20241104_064220,2024-11-04T06:42:41Z,3.31350016
1581.0,4.116652965545654,3315597312.0,y8brg36d,peteish1-20241104_064220,2024-11-04T06:42:41Z,3.315597312
1582.0,4.13399600982666,3317694464.0,y8brg36d,peteish1-20241104_064220,2024-11-04T06:42:41Z,3.317694464
1583.0,4.1083598136901855,3319791616.0,y8brg36d,peteish1-20241104_064220,2024-11-04T06:42:41Z,3.319791616
1584.0,4.130380153656006,3321888768.0,y8brg36d,peteish1-20241104_064220,2024-11-04T06:42:41Z,3.321888768
1585.0,4.118470668792725,3323985920.0,y8brg36d,peteish1-20241104_064220,2024-11-04T06:42:41Z,3.32398592
1586.0,4.127858638763428,3326083072.0,y8brg36d,peteish1-20241104_064220,2024-11-04T06:42:41Z,3.326083072
1587.0,4.086418151855469,3328180224.0,y8brg36d,peteish1-20241104_064220,2024-11-04T06:42:41Z,3.328180224
1588.0,4.1154375076293945,3330277376.0,y8brg36d,peteish1-20241104_064220,2024-11-04T06:42:41Z,3.330277376
1589.0,4.085400104522705,3332374528.0,y8brg36d,peteish1-20241104_064220,2024-11-04T06:42:41Z,3.332374528
1590.0,4.104589462280273,3334471680.0,y8brg36d,peteish1-20241104_064220,2024-11-04T06:42:41Z,3.33447168
1591.0,4.130620002746582,3336568832.0,y8brg36d,peteish1-20241104_064220,2024-11-04T06:42:41Z,3.336568832
1592.0,4.116635322570801,3338665984.0,y8brg36d,peteish1-20241104_064220,2024-11-04T06:42:41Z,3.338665984
1593.0,4.117690563201904,3340763136.0,y8brg36d,peteish1-20241104_064220,2024-11-04T06:42:41Z,3.340763136
1594.0,4.128189563751221,3342860288.0,y8brg36d,peteish1-20241104_064220,2024-11-04T06:42:41Z,3.342860288
1595.0,4.101930141448975,3344957440.0,y8brg36d,peteish1-20241104_064220,2024-11-04T06:42:41Z,3.34495744
1596.0,4.11317253112793,3347054592.0,y8brg36d,peteish1-20241104_064220,2024-11-04T06:42:41Z,3.347054592
1597.0,4.09881067276001,3349151744.0,y8brg36d,peteish1-20241104_064220,2024-11-04T06:42:41Z,3.349151744
1598.0,4.109076976776123,3351248896.0,y8brg36d,peteish1-20241104_064220,2024-11-04T06:42:41Z,3.351248896
1599.0,4.120812892913818,3353346048.0,y8brg36d,peteish1-20241104_064220,2024-11-04T06:42:41Z,3.353346048
1600.0,4.124777793884277,3355443200.0,y8brg36d,peteish1-20241104_064220,2024-11-04T06:42:41Z,3.3554432
1601.0,4.094058036804199,3357540352.0,y8brg36d,peteish1-20241104_064220,2024-11-04T06:42:41Z,3.357540352
1602.0,4.105282783508301,3359637504.0,y8brg36d,peteish1-20241104_064220,2024-11-04T06:42:41Z,3.359637504
1603.0,4.112652778625488,3361734656.0,y8brg36d,peteish1-20241104_064220,2024-11-04T06:42:41Z,3.361734656
1604.0,4.082160472869873,3363831808.0,y8brg36d,peteish1-20241104_064220,2024-11-04T06:42:41Z,3.363831808
1605.0,4.105604648590088,3365928960.0,y8brg36d,peteish1-20241104_064220,2024-11-04T06:42:41Z,3.36592896
1606.0,4.058606147766113,3368026112.0,y8brg36d,peteish1-20241104_064220,2024-11-04T06:42:41Z,3.368026112
1607.0,4.09208345413208,3370123264.0,y8brg36d,peteish1-20241104_064220,2024-11-04T06:42:41Z,3.370123264
1608.0,4.088382720947266,3372220416.0,y8brg36d,peteish1-20241104_064220,2024-11-04T06:42:41Z,3.372220416
1609.0,4.0681586265563965,3374317568.0,y8brg36d,peteish1-20241104_064220,2024-11-04T06:42:41Z,3.374317568
1610.0,4.0706706047058105,3376414720.0,y8brg36d,peteish1-20241104_064220,2024-11-04T06:42:41Z,3.37641472
1611.0,4.125622272491455,3378511872.0,y8brg36d,peteish1-20241104_064220,2024-11-04T06:42:41Z,3.378511872
1612.0,4.107234477996826,3380609024.0,y8brg36d,peteish1-20241104_064220,2024-11-04T06:42:41Z,3.380609024
1613.0,4.094987392425537,3382706176.0,y8brg36d,peteish1-20241104_064220,2024-11-04T06:42:41Z,3.382706176
1614.0,4.113412857055664,3384803328.0,y8brg36d,peteish1-20241104_064220,2024-11-04T06:42:41Z,3.384803328
1615.0,4.083865642547607,3386900480.0,y8brg36d,peteish1-20241104_064220,2024-11-04T06:42:41Z,3.38690048
1616.0,4.067201137542725,3388997632.0,y8brg36d,peteish1-20241104_064220,2024-11-04T06:42:41Z,3.388997632
1617.0,4.104655742645264,3391094784.0,y8brg36d,peteish1-20241104_064220,2024-11-04T06:42:41Z,3.391094784
1618.0,4.096609115600586,3393191936.0,y8brg36d,peteish1-20241104_064220,2024-11-04T06:42:41Z,3.393191936
1619.0,4.0695390701293945,3395289088.0,y8brg36d,peteish1-20241104_064220,2024-11-04T06:42:41Z,3.395289088
1620.0,4.049003601074219,3397386240.0,y8brg36d,peteish1-20241104_064220,2024-11-04T06:42:41Z,3.39738624
1621.0,4.063629150390625,3399483392.0,y8brg36d,peteish1-20241104_064220,2024-11-04T06:42:41Z,3.399483392
1622.0,4.0884480476379395,3401580544.0,y8brg36d,peteish1-20241104_064220,2024-11-04T06:42:41Z,3.401580544
1623.0,4.060572624206543,3403677696.0,y8brg36d,peteish1-20241104_064220,2024-11-04T06:42:41Z,3.403677696
1624.0,4.107913017272949,3405774848.0,y8brg36d,peteish1-20241104_064220,2024-11-04T06:42:41Z,3.405774848
1625.0,4.10150146484375,3407872000.0,y8brg36d,peteish1-20241104_064220,2024-11-04T06:42:41Z,3.407872
1626.0,4.10844087600708,3409969152.0,y8brg36d,peteish1-20241104_064220,2024-11-04T06:42:41Z,3.409969152
1627.0,4.086015224456787,3412066304.0,y8brg36d,peteish1-20241104_064220,2024-11-04T06:42:41Z,3.412066304
1628.0,4.076152324676514,3414163456.0,y8brg36d,peteish1-20241104_064220,2024-11-04T06:42:41Z,3.414163456
1629.0,4.0904412269592285,3416260608.0,y8brg36d,peteish1-20241104_064220,2024-11-04T06:42:41Z,3.416260608
1630.0,4.084240436553955,3418357760.0,y8brg36d,peteish1-20241104_064220,2024-11-04T06:42:41Z,3.41835776
1631.0,4.0767083168029785,3420454912.0,y8brg36d,peteish1-20241104_064220,2024-11-04T06:42:41Z,3.420454912
1632.0,4.099327564239502,3422552064.0,y8brg36d,peteish1-20241104_064220,2024-11-04T06:42:41Z,3.422552064
1633.0,4.066249847412109,3424649216.0,y8brg36d,peteish1-20241104_064220,2024-11-04T06:42:41Z,3.424649216
1634.0,4.09038782119751,3426746368.0,y8brg36d,peteish1-20241104_064220,2024-11-04T06:42:41Z,3.426746368
1635.0,4.084113597869873,3428843520.0,y8brg36d,peteish1-20241104_064220,2024-11-04T06:42:41Z,3.42884352
1636.0,4.06264591217041,3430940672.0,y8brg36d,peteish1-20241104_064220,2024-11-04T06:42:41Z,3.430940672
1637.0,4.077783584594727,3433037824.0,y8brg36d,peteish1-20241104_064220,2024-11-04T06:42:41Z,3.433037824
1638.0,4.045823097229004,3435134976.0,y8brg36d,peteish1-20241104_064220,2024-11-04T06:42:41Z,3.435134976
1639.0,4.054605007171631,3437232128.0,y8brg36d,peteish1-20241104_064220,2024-11-04T06:42:41Z,3.437232128
1640.0,4.03197717666626,3439329280.0,y8brg36d,peteish1-20241104_064220,2024-11-04T06:42:41Z,3.43932928
1641.0,4.087866306304932,3441426432.0,y8brg36d,peteish1-20241104_064220,2024-11-04T06:42:41Z,3.441426432
1642.0,4.058402061462402,3443523584.0,y8brg36d,peteish1-20241104_064220,2024-11-04T06:42:41Z,3.443523584
1643.0,4.084357738494873,3445620736.0,y8brg36d,peteish1-20241104_064220,2024-11-04T06:42:41Z,3.445620736
1644.0,4.089000225067139,3447717888.0,y8brg36d,peteish1-20241104_064220,2024-11-04T06:42:41Z,3.447717888
1645.0,4.093877792358398,3449815040.0,y8brg36d,peteish1-20241104_064220,2024-11-04T06:42:41Z,3.44981504
1646.0,4.085611820220947,3451912192.0,y8brg36d,peteish1-20241104_064220,2024-11-04T06:42:41Z,3.451912192
1647.0,4.074735641479492,3454009344.0,y8brg36d,peteish1-20241104_064220,2024-11-04T06:42:41Z,3.454009344
1648.0,4.062989234924316,3456106496.0,y8brg36d,peteish1-20241104_064220,2024-11-04T06:42:41Z,3.456106496
1649.0,4.081600189208984,3458203648.0,y8brg36d,peteish1-20241104_064220,2024-11-04T06:42:41Z,3.458203648
1650.0,4.0749831199646,3460300800.0,y8brg36d,peteish1-20241104_064220,2024-11-04T06:42:41Z,3.4603008
1651.0,4.083872318267822,3462397952.0,y8brg36d,peteish1-20241104_064220,2024-11-04T06:42:41Z,3.462397952
1652.0,4.087764263153076,3464495104.0,y8brg36d,peteish1-20241104_064220,2024-11-04T06:42:41Z,3.464495104
1653.0,4.083714962005615,3466592256.0,y8brg36d,peteish1-20241104_064220,2024-11-04T06:42:41Z,3.466592256
1654.0,4.101527690887451,3468689408.0,y8brg36d,peteish1-20241104_064220,2024-11-04T06:42:41Z,3.468689408
1655.0,4.039705276489258,3470786560.0,y8brg36d,peteish1-20241104_064220,2024-11-04T06:42:41Z,3.47078656
1656.0,4.0739264488220215,3472883712.0,y8brg36d,peteish1-20241104_064220,2024-11-04T06:42:41Z,3.472883712
1657.0,4.053802490234375,3474980864.0,y8brg36d,peteish1-20241104_064220,2024-11-04T06:42:41Z,3.474980864
1658.0,4.054962158203125,3477078016.0,y8brg36d,peteish1-20241104_064220,2024-11-04T06:42:41Z,3.477078016
1659.0,4.0721869468688965,3479175168.0,y8brg36d,peteish1-20241104_064220,2024-11-04T06:42:41Z,3.479175168
1660.0,4.053528785705566,3481272320.0,y8brg36d,peteish1-20241104_064220,2024-11-04T06:42:41Z,3.48127232
1661.0,4.026978015899658,3483369472.0,y8brg36d,peteish1-20241104_064220,2024-11-04T06:42:41Z,3.483369472
1662.0,4.031883239746094,3485466624.0,y8brg36d,peteish1-20241104_064220,2024-11-04T06:42:41Z,3.485466624
1663.0,4.061415672302246,3487563776.0,y8brg36d,peteish1-20241104_064220,2024-11-04T06:42:41Z,3.487563776
1664.0,4.033535003662109,3489660928.0,y8brg36d,peteish1-20241104_064220,2024-11-04T06:42:41Z,3.489660928
1665.0,4.063967227935791,3491758080.0,y8brg36d,peteish1-20241104_064220,2024-11-04T06:42:41Z,3.49175808
1666.0,4.058757781982422,3493855232.0,y8brg36d,peteish1-20241104_064220,2024-11-04T06:42:41Z,3.493855232
1667.0,4.059542655944824,3495952384.0,y8brg36d,peteish1-20241104_064220,2024-11-04T06:42:41Z,3.495952384
1668.0,4.050200462341309,3498049536.0,y8brg36d,peteish1-20241104_064220,2024-11-04T06:42:41Z,3.498049536
1669.0,4.021658897399902,3500146688.0,y8brg36d,peteish1-20241104_064220,2024-11-04T06:42:41Z,3.500146688
1670.0,4.051400661468506,3502243840.0,y8brg36d,peteish1-20241104_064220,2024-11-04T06:42:41Z,3.50224384
1671.0,4.04684591293335,3504340992.0,y8brg36d,peteish1-20241104_064220,2024-11-04T06:42:41Z,3.504340992
1672.0,4.03391695022583,3506438144.0,y8brg36d,peteish1-20241104_064220,2024-11-04T06:42:41Z,3.506438144
1673.0,4.026052474975586,3508535296.0,y8brg36d,peteish1-20241104_064220,2024-11-04T06:42:41Z,3.508535296
1674.0,4.02670955657959,3510632448.0,y8brg36d,peteish1-20241104_064220,2024-11-04T06:42:41Z,3.510632448
1675.0,4.054683208465576,3512729600.0,y8brg36d,peteish1-20241104_064220,2024-11-04T06:42:41Z,3.5127296
1676.0,4.068362236022949,3514826752.0,y8brg36d,peteish1-20241104_064220,2024-11-04T06:42:41Z,3.514826752
1677.0,4.0431928634643555,3516923904.0,y8brg36d,peteish1-20241104_064220,2024-11-04T06:42:41Z,3.516923904
1678.0,4.036628246307373,3519021056.0,y8brg36d,peteish1-20241104_064220,2024-11-04T06:42:41Z,3.519021056
1679.0,4.033764839172363,3521118208.0,y8brg36d,peteish1-20241104_064220,2024-11-04T06:42:41Z,3.521118208
1680.0,4.065330982208252,3523215360.0,y8brg36d,peteish1-20241104_064220,2024-11-04T06:42:41Z,3.52321536
1681.0,4.070486068725586,3525312512.0,y8brg36d,peteish1-20241104_064220,2024-11-04T06:42:41Z,3.525312512
1682.0,4.029003620147705,3527409664.0,y8brg36d,peteish1-20241104_064220,2024-11-04T06:42:41Z,3.527409664
1683.0,4.054322719573975,3529506816.0,y8brg36d,peteish1-20241104_064220,2024-11-04T06:42:41Z,3.529506816
1684.0,4.062924861907959,3531603968.0,y8brg36d,peteish1-20241104_064220,2024-11-04T06:42:41Z,3.531603968
1685.0,4.073460102081299,3533701120.0,y8brg36d,peteish1-20241104_064220,2024-11-04T06:42:41Z,3.53370112
1686.0,4.0712103843688965,3535798272.0,y8brg36d,peteish1-20241104_064220,2024-11-04T06:42:41Z,3.535798272
1687.0,4.078539848327637,3537895424.0,y8brg36d,peteish1-20241104_064220,2024-11-04T06:42:41Z,3.537895424
1688.0,4.070193290710449,3539992576.0,y8brg36d,peteish1-20241104_064220,2024-11-04T06:42:41Z,3.539992576
1689.0,4.071636199951172,3542089728.0,y8brg36d,peteish1-20241104_064220,2024-11-04T06:42:41Z,3.542089728
1690.0,4.068760871887207,3544186880.0,y8brg36d,peteish1-20241104_064220,2024-11-04T06:42:41Z,3.54418688
1691.0,4.061409950256348,3546284032.0,y8brg36d,peteish1-20241104_064220,2024-11-04T06:42:41Z,3.546284032
1692.0,4.057034492492676,3548381184.0,y8brg36d,peteish1-20241104_064220,2024-11-04T06:42:41Z,3.548381184
1693.0,4.039809226989746,3550478336.0,y8brg36d,peteish1-20241104_064220,2024-11-04T06:42:41Z,3.550478336
1694.0,4.049337863922119,3552575488.0,y8brg36d,peteish1-20241104_064220,2024-11-04T06:42:41Z,3.552575488
1695.0,4.0334553718566895,3554672640.0,y8brg36d,peteish1-20241104_064220,2024-11-04T06:42:41Z,3.55467264
1696.0,4.0556440353393555,3556769792.0,y8brg36d,peteish1-20241104_064220,2024-11-04T06:42:41Z,3.556769792
1697.0,4.0589118003845215,3558866944.0,y8brg36d,peteish1-20241104_064220,2024-11-04T06:42:41Z,3.558866944
1698.0,4.07270622253418,3560964096.0,y8brg36d,peteish1-20241104_064220,2024-11-04T06:42:41Z,3.560964096
1699.0,4.03066349029541,3563061248.0,y8brg36d,peteish1-20241104_064220,2024-11-04T06:42:41Z,3.563061248
1700.0,4.022496700286865,3565158400.0,y8brg36d,peteish1-20241104_064220,2024-11-04T06:42:41Z,3.5651584
1701.0,4.0496602058410645,3567255552.0,y8brg36d,peteish1-20241104_064220,2024-11-04T06:42:41Z,3.567255552
1702.0,4.053799629211426,3569352704.0,y8brg36d,peteish1-20241104_064220,2024-11-04T06:42:41Z,3.569352704
1703.0,4.009106636047363,3571449856.0,y8brg36d,peteish1-20241104_064220,2024-11-04T06:42:41Z,3.571449856
1704.0,4.01969051361084,3573547008.0,y8brg36d,peteish1-20241104_064220,2024-11-04T06:42:41Z,3.573547008
1705.0,4.036569118499756,3575644160.0,y8brg36d,peteish1-20241104_064220,2024-11-04T06:42:41Z,3.57564416
1706.0,4.012762069702148,3577741312.0,y8brg36d,peteish1-20241104_064220,2024-11-04T06:42:41Z,3.577741312
1707.0,3.996147871017456,3579838464.0,y8brg36d,peteish1-20241104_064220,2024-11-04T06:42:41Z,3.579838464
1708.0,4.035256385803223,3581935616.0,y8brg36d,peteish1-20241104_064220,2024-11-04T06:42:41Z,3.581935616
1709.0,4.029879093170166,3584032768.0,y8brg36d,peteish1-20241104_064220,2024-11-04T06:42:41Z,3.584032768
1710.0,4.051198482513428,3586129920.0,y8brg36d,peteish1-20241104_064220,2024-11-04T06:42:41Z,3.58612992
1711.0,4.006553649902344,3588227072.0,y8brg36d,peteish1-20241104_064220,2024-11-04T06:42:41Z,3.588227072
1712.0,4.035533905029297,3590324224.0,y8brg36d,peteish1-20241104_064220,2024-11-04T06:42:41Z,3.590324224
1713.0,4.029975891113281,3592421376.0,y8brg36d,peteish1-20241104_064220,2024-11-04T06:42:41Z,3.592421376
1714.0,4.049739837646484,3594518528.0,y8brg36d,peteish1-20241104_064220,2024-11-04T06:42:41Z,3.594518528
1715.0,4.004703521728516,3596615680.0,y8brg36d,peteish1-20241104_064220,2024-11-04T06:42:41Z,3.59661568
1716.0,4.013186931610107,3598712832.0,y8brg36d,peteish1-20241104_064220,2024-11-04T06:42:41Z,3.598712832
1717.0,4.032467842102051,3600809984.0,y8brg36d,peteish1-20241104_064220,2024-11-04T06:42:41Z,3.600809984
1718.0,4.02085542678833,3602907136.0,y8brg36d,peteish1-20241104_064220,2024-11-04T06:42:41Z,3.602907136
1719.0,4.035567283630371,3605004288.0,y8brg36d,peteish1-20241104_064220,2024-11-04T06:42:41Z,3.605004288
1720.0,4.023698329925537,3607101440.0,y8brg36d,peteish1-20241104_064220,2024-11-04T06:42:41Z,3.60710144
1721.0,4.0175323486328125,3609198592.0,y8brg36d,peteish1-20241104_064220,2024-11-04T06:42:41Z,3.609198592
1722.0,4.040998935699463,3611295744.0,y8brg36d,peteish1-20241104_064220,2024-11-04T06:42:41Z,3.611295744
1723.0,4.022231578826904,3613392896.0,y8brg36d,peteish1-20241104_064220,2024-11-04T06:42:41Z,3.613392896
1724.0,4.0252180099487305,3615490048.0,y8brg36d,peteish1-20241104_064220,2024-11-04T06:42:41Z,3.615490048
1725.0,4.006989479064941,3617587200.0,y8brg36d,peteish1-20241104_064220,2024-11-04T06:42:41Z,3.6175872
1726.0,4.017232894897461,3619684352.0,y8brg36d,peteish1-20241104_064220,2024-11-04T06:42:41Z,3.619684352
1727.0,4.018057823181152,3621781504.0,y8brg36d,peteish1-20241104_064220,2024-11-04T06:42:41Z,3.621781504
1728.0,4.009161472320557,3623878656.0,y8brg36d,peteish1-20241104_064220,2024-11-04T06:42:41Z,3.623878656
1729.0,4.000870227813721,3625975808.0,y8brg36d,peteish1-20241104_064220,2024-11-04T06:42:41Z,3.625975808
1730.0,3.979776382446289,3628072960.0,y8brg36d,peteish1-20241104_064220,2024-11-04T06:42:41Z,3.62807296
1731.0,3.992694854736328,3630170112.0,y8brg36d,peteish1-20241104_064220,2024-11-04T06:42:41Z,3.630170112
1732.0,3.9991402626037598,3632267264.0,y8brg36d,peteish1-20241104_064220,2024-11-04T06:42:41Z,3.632267264
1733.0,3.9896771907806396,3634364416.0,y8brg36d,peteish1-20241104_064220,2024-11-04T06:42:41Z,3.634364416
1734.0,3.9937803745269775,3636461568.0,y8brg36d,peteish1-20241104_064220,2024-11-04T06:42:41Z,3.636461568
1735.0,3.9983229637145996,3638558720.0,y8brg36d,peteish1-20241104_064220,2024-11-04T06:42:41Z,3.63855872
1736.0,4.008882522583008,3640655872.0,y8brg36d,peteish1-20241104_064220,2024-11-04T06:42:41Z,3.640655872
1737.0,4.0187859535217285,3642753024.0,y8brg36d,peteish1-20241104_064220,2024-11-04T06:42:41Z,3.642753024
1738.0,4.019466400146484,3644850176.0,y8brg36d,peteish1-20241104_064220,2024-11-04T06:42:41Z,3.644850176
1739.0,4.009857177734375,3646947328.0,y8brg36d,peteish1-20241104_064220,2024-11-04T06:42:41Z,3.646947328
1740.0,4.002810955047607,3649044480.0,y8brg36d,peteish1-20241104_064220,2024-11-04T06:42:41Z,3.64904448
1741.0,4.0434393882751465,3651141632.0,y8brg36d,peteish1-20241104_064220,2024-11-04T06:42:41Z,3.651141632
1742.0,4.003180503845215,3653238784.0,y8brg36d,peteish1-20241104_064220,2024-11-04T06:42:41Z,3.653238784
1743.0,3.966974973678589,3655335936.0,y8brg36d,peteish1-20241104_064220,2024-11-04T06:42:41Z,3.655335936
1744.0,4.006667613983154,3657433088.0,y8brg36d,peteish1-20241104_064220,2024-11-04T06:42:41Z,3.657433088
1745.0,4.004282474517822,3659530240.0,y8brg36d,peteish1-20241104_064220,2024-11-04T06:42:41Z,3.65953024
1746.0,4.013509750366211,3661627392.0,y8brg36d,peteish1-20241104_064220,2024-11-04T06:42:41Z,3.661627392
1747.0,4.000899791717529,3663724544.0,y8brg36d,peteish1-20241104_064220,2024-11-04T06:42:41Z,3.663724544
1748.0,4.0159687995910645,3665821696.0,y8brg36d,peteish1-20241104_064220,2024-11-04T06:42:41Z,3.665821696
1749.0,4.01828145980835,3667918848.0,y8brg36d,peteish1-20241104_064220,2024-11-04T06:42:41Z,3.667918848
1750.0,3.9887945652008057,3670016000.0,y8brg36d,peteish1-20241104_064220,2024-11-04T06:42:41Z,3.670016
1751.0,3.999544620513916,3672113152.0,y8brg36d,peteish1-20241104_064220,2024-11-04T06:42:41Z,3.672113152
1752.0,3.9937477111816406,3674210304.0,y8brg36d,peteish1-20241104_064220,2024-11-04T06:42:41Z,3.674210304
1753.0,3.9895503520965576,3676307456.0,y8brg36d,peteish1-20241104_064220,2024-11-04T06:42:41Z,3.676307456
1754.0,3.984286308288574,3678404608.0,y8brg36d,peteish1-20241104_064220,2024-11-04T06:42:41Z,3.678404608
1755.0,4.017126560211182,3680501760.0,y8brg36d,peteish1-20241104_064220,2024-11-04T06:42:41Z,3.68050176
1756.0,4.0167155265808105,3682598912.0,y8brg36d,peteish1-20241104_064220,2024-11-04T06:42:41Z,3.682598912
1757.0,4.008883476257324,3684696064.0,y8brg36d,peteish1-20241104_064220,2024-11-04T06:42:41Z,3.684696064
1758.0,3.9979541301727295,3686793216.0,y8brg36d,peteish1-20241104_064220,2024-11-04T06:42:41Z,3.686793216
1759.0,3.991999387741089,3688890368.0,y8brg36d,peteish1-20241104_064220,2024-11-04T06:42:41Z,3.688890368
1760.0,3.970982074737549,3690987520.0,y8brg36d,peteish1-20241104_064220,2024-11-04T06:42:41Z,3.69098752
1761.0,3.990168571472168,3693084672.0,y8brg36d,peteish1-20241104_064220,2024-11-04T06:42:41Z,3.693084672
1762.0,3.986729383468628,3695181824.0,y8brg36d,peteish1-20241104_064220,2024-11-04T06:42:41Z,3.695181824
1763.0,4.007524013519287,3697278976.0,y8brg36d,peteish1-20241104_064220,2024-11-04T06:42:41Z,3.697278976
1764.0,3.976109266281128,3699376128.0,y8brg36d,peteish1-20241104_064220,2024-11-04T06:42:41Z,3.699376128
1765.0,3.970635414123535,3701473280.0,y8brg36d,peteish1-20241104_064220,2024-11-04T06:42:41Z,3.70147328
1766.0,3.9912185668945312,3703570432.0,y8brg36d,peteish1-20241104_064220,2024-11-04T06:42:41Z,3.703570432
1767.0,3.9896631240844727,3705667584.0,y8brg36d,peteish1-20241104_064220,2024-11-04T06:42:41Z,3.705667584
1768.0,4.005692005157471,3707764736.0,y8brg36d,peteish1-20241104_064220,2024-11-04T06:42:41Z,3.707764736
1769.0,3.9941437244415283,3709861888.0,y8brg36d,peteish1-20241104_064220,2024-11-04T06:42:41Z,3.709861888
1770.0,3.9775421619415283,3711959040.0,y8brg36d,peteish1-20241104_064220,2024-11-04T06:42:41Z,3.71195904
1771.0,4.00191593170166,3714056192.0,y8brg36d,peteish1-20241104_064220,2024-11-04T06:42:41Z,3.714056192
1772.0,3.9813385009765625,3716153344.0,y8brg36d,peteish1-20241104_064220,2024-11-04T06:42:41Z,3.716153344
1773.0,3.9723398685455322,3718250496.0,y8brg36d,peteish1-20241104_064220,2024-11-04T06:42:41Z,3.718250496
1774.0,3.9720489978790283,3720347648.0,y8brg36d,peteish1-20241104_064220,2024-11-04T06:42:41Z,3.720347648
1775.0,3.9699456691741943,3722444800.0,y8brg36d,peteish1-20241104_064220,2024-11-04T06:42:41Z,3.7224448
1776.0,3.951162576675415,3724541952.0,y8brg36d,peteish1-20241104_064220,2024-11-04T06:42:41Z,3.724541952
1777.0,3.980363368988037,3726639104.0,y8brg36d,peteish1-20241104_064220,2024-11-04T06:42:41Z,3.726639104
1778.0,3.96008038520813,3728736256.0,y8brg36d,peteish1-20241104_064220,2024-11-04T06:42:41Z,3.728736256
1779.0,4.010347366333008,3730833408.0,y8brg36d,peteish1-20241104_064220,2024-11-04T06:42:41Z,3.730833408
1780.0,3.954688787460327,3732930560.0,y8brg36d,peteish1-20241104_064220,2024-11-04T06:42:41Z,3.73293056
1781.0,4.007724761962891,3735027712.0,y8brg36d,peteish1-20241104_064220,2024-11-04T06:42:41Z,3.735027712
1782.0,3.9856371879577637,3737124864.0,y8brg36d,peteish1-20241104_064220,2024-11-04T06:42:41Z,3.737124864
1783.0,3.9792332649230957,3739222016.0,y8brg36d,peteish1-20241104_064220,2024-11-04T06:42:41Z,3.739222016
1784.0,3.971865177154541,3741319168.0,y8brg36d,peteish1-20241104_064220,2024-11-04T06:42:41Z,3.741319168
1785.0,4.000065803527832,3743416320.0,y8brg36d,peteish1-20241104_064220,2024-11-04T06:42:41Z,3.74341632
1786.0,3.994516372680664,3745513472.0,y8brg36d,peteish1-20241104_064220,2024-11-04T06:42:41Z,3.745513472
1787.0,4.003007411956787,3747610624.0,y8brg36d,peteish1-20241104_064220,2024-11-04T06:42:41Z,3.747610624
1788.0,3.9876604080200195,3749707776.0,y8brg36d,peteish1-20241104_064220,2024-11-04T06:42:41Z,3.749707776
1789.0,4.034542560577393,3751804928.0,y8brg36d,peteish1-20241104_064220,2024-11-04T06:42:41Z,3.751804928
1790.0,4.003401279449463,3753902080.0,y8brg36d,peteish1-20241104_064220,2024-11-04T06:42:41Z,3.75390208
1791.0,3.974032402038574,3755999232.0,y8brg36d,peteish1-20241104_064220,2024-11-04T06:42:41Z,3.755999232
1792.0,4.013304710388184,3758096384.0,y8brg36d,peteish1-20241104_064220,2024-11-04T06:42:41Z,3.758096384
1793.0,3.9689459800720215,3760193536.0,y8brg36d,peteish1-20241104_064220,2024-11-04T06:42:41Z,3.760193536
1794.0,3.964113712310791,3762290688.0,y8brg36d,peteish1-20241104_064220,2024-11-04T06:42:41Z,3.762290688
1795.0,3.991276502609253,3764387840.0,y8brg36d,peteish1-20241104_064220,2024-11-04T06:42:41Z,3.76438784
1796.0,3.9762017726898193,3766484992.0,y8brg36d,peteish1-20241104_064220,2024-11-04T06:42:41Z,3.766484992
1797.0,3.991039752960205,3768582144.0,y8brg36d,peteish1-20241104_064220,2024-11-04T06:42:41Z,3.768582144
1798.0,3.9592132568359375,3770679296.0,y8brg36d,peteish1-20241104_064220,2024-11-04T06:42:41Z,3.770679296
1799.0,3.9568400382995605,3772776448.0,y8brg36d,peteish1-20241104_064220,2024-11-04T06:42:41Z,3.772776448
1800.0,3.990114212036133,3774873600.0,y8brg36d,peteish1-20241104_064220,2024-11-04T06:42:41Z,3.7748736
1801.0,3.969536066055298,3776970752.0,y8brg36d,peteish1-20241104_064220,2024-11-04T06:42:41Z,3.776970752
1802.0,3.968135356903076,3779067904.0,y8brg36d,peteish1-20241104_064220,2024-11-04T06:42:41Z,3.779067904
1803.0,3.995378017425537,3781165056.0,y8brg36d,peteish1-20241104_064220,2024-11-04T06:42:41Z,3.781165056
1804.0,3.9601387977600098,3783262208.0,y8brg36d,peteish1-20241104_064220,2024-11-04T06:42:41Z,3.783262208
1805.0,3.969630479812622,3785359360.0,y8brg36d,peteish1-20241104_064220,2024-11-04T06:42:41Z,3.78535936
1806.0,3.975034475326538,3787456512.0,y8brg36d,peteish1-20241104_064220,2024-11-04T06:42:41Z,3.787456512
1807.0,3.971601724624634,3789553664.0,y8brg36d,peteish1-20241104_064220,2024-11-04T06:42:41Z,3.789553664
1808.0,3.9590835571289062,3791650816.0,y8brg36d,peteish1-20241104_064220,2024-11-04T06:42:41Z,3.791650816
1809.0,3.9497334957122803,3793747968.0,y8brg36d,peteish1-20241104_064220,2024-11-04T06:42:41Z,3.793747968
1810.0,3.955195665359497,3795845120.0,y8brg36d,peteish1-20241104_064220,2024-11-04T06:42:41Z,3.79584512
1811.0,3.9530460834503174,3797942272.0,y8brg36d,peteish1-20241104_064220,2024-11-04T06:42:41Z,3.797942272
1812.0,3.9271039962768555,3800039424.0,y8brg36d,peteish1-20241104_064220,2024-11-04T06:42:41Z,3.800039424
1813.0,3.9554245471954346,3802136576.0,y8brg36d,peteish1-20241104_064220,2024-11-04T06:42:41Z,3.802136576
1814.0,3.9443016052246094,3804233728.0,y8brg36d,peteish1-20241104_064220,2024-11-04T06:42:41Z,3.804233728
1815.0,3.957050085067749,3806330880.0,y8brg36d,peteish1-20241104_064220,2024-11-04T06:42:41Z,3.80633088
1816.0,3.967683792114258,3808428032.0,y8brg36d,peteish1-20241104_064220,2024-11-04T06:42:41Z,3.808428032
1817.0,3.9615960121154785,3810525184.0,y8brg36d,peteish1-20241104_064220,2024-11-04T06:42:41Z,3.810525184
1818.0,3.932429790496826,3812622336.0,y8brg36d,peteish1-20241104_064220,2024-11-04T06:42:41Z,3.812622336
1819.0,3.9754762649536133,3814719488.0,y8brg36d,peteish1-20241104_064220,2024-11-04T06:42:41Z,3.814719488
1820.0,3.9423437118530273,3816816640.0,y8brg36d,peteish1-20241104_064220,2024-11-04T06:42:41Z,3.81681664
1821.0,3.9630279541015625,3818913792.0,y8brg36d,peteish1-20241104_064220,2024-11-04T06:42:41Z,3.818913792
1822.0,3.9419500827789307,3821010944.0,y8brg36d,peteish1-20241104_064220,2024-11-04T06:42:41Z,3.821010944
1823.0,3.961768388748169,3823108096.0,y8brg36d,peteish1-20241104_064220,2024-11-04T06:42:41Z,3.823108096
1824.0,3.9402623176574707,3825205248.0,y8brg36d,peteish1-20241104_064220,2024-11-04T06:42:41Z,3.825205248
1825.0,3.964839220046997,3827302400.0,y8brg36d,peteish1-20241104_064220,2024-11-04T06:42:41Z,3.8273024
1826.0,3.943668842315674,3829399552.0,y8brg36d,peteish1-20241104_064220,2024-11-04T06:42:41Z,3.829399552
1827.0,3.9484448432922363,3831496704.0,y8brg36d,peteish1-20241104_064220,2024-11-04T06:42:41Z,3.831496704
1828.0,3.941159725189209,3833593856.0,y8brg36d,peteish1-20241104_064220,2024-11-04T06:42:41Z,3.833593856
1829.0,3.974088668823242,3835691008.0,y8brg36d,peteish1-20241104_064220,2024-11-04T06:42:41Z,3.835691008
1830.0,3.9484009742736816,3837788160.0,y8brg36d,peteish1-20241104_064220,2024-11-04T06:42:41Z,3.83778816
1831.0,3.9504854679107666,3839885312.0,y8brg36d,peteish1-20241104_064220,2024-11-04T06:42:41Z,3.839885312
1832.0,3.9538767337799072,3841982464.0,y8brg36d,peteish1-20241104_064220,2024-11-04T06:42:41Z,3.841982464
1833.0,3.958592653274536,3844079616.0,y8brg36d,peteish1-20241104_064220,2024-11-04T06:42:41Z,3.844079616
1834.0,3.935307502746582,3846176768.0,y8brg36d,peteish1-20241104_064220,2024-11-04T06:42:41Z,3.846176768
1835.0,3.965683698654175,3848273920.0,y8brg36d,peteish1-20241104_064220,2024-11-04T06:42:41Z,3.84827392
1836.0,3.93986439704895,3850371072.0,y8brg36d,peteish1-20241104_064220,2024-11-04T06:42:41Z,3.850371072
1837.0,3.969822645187378,3852468224.0,y8brg36d,peteish1-20241104_064220,2024-11-04T06:42:41Z,3.852468224
1838.0,3.96045184135437,3854565376.0,y8brg36d,peteish1-20241104_064220,2024-11-04T06:42:41Z,3.854565376
1839.0,3.9512670040130615,3856662528.0,y8brg36d,peteish1-20241104_064220,2024-11-04T06:42:41Z,3.856662528
1840.0,3.93312406539917,3858759680.0,y8brg36d,peteish1-20241104_064220,2024-11-04T06:42:41Z,3.85875968
1841.0,3.949497699737549,3860856832.0,y8brg36d,peteish1-20241104_064220,2024-11-04T06:42:41Z,3.860856832
1842.0,3.956908702850342,3862953984.0,y8brg36d,peteish1-20241104_064220,2024-11-04T06:42:41Z,3.862953984
1843.0,3.9567787647247314,3865051136.0,y8brg36d,peteish1-20241104_064220,2024-11-04T06:42:41Z,3.865051136
1844.0,3.958312511444092,3867148288.0,y8brg36d,peteish1-20241104_064220,2024-11-04T06:42:41Z,3.867148288
1845.0,3.9601354598999023,3869245440.0,y8brg36d,peteish1-20241104_064220,2024-11-04T06:42:41Z,3.86924544
1846.0,3.936119556427002,3871342592.0,y8brg36d,peteish1-20241104_064220,2024-11-04T06:42:41Z,3.871342592
1847.0,3.9406261444091797,3873439744.0,y8brg36d,peteish1-20241104_064220,2024-11-04T06:42:41Z,3.873439744
1848.0,3.9320549964904785,3875536896.0,y8brg36d,peteish1-20241104_064220,2024-11-04T06:42:41Z,3.875536896
1849.0,3.963552236557007,3877634048.0,y8brg36d,peteish1-20241104_064220,2024-11-04T06:42:41Z,3.877634048
1850.0,3.9458138942718506,3879731200.0,y8brg36d,peteish1-20241104_064220,2024-11-04T06:42:41Z,3.8797312
1851.0,3.9458963871002197,3881828352.0,y8brg36d,peteish1-20241104_064220,2024-11-04T06:42:41Z,3.881828352
1852.0,3.9521431922912598,3883925504.0,y8brg36d,peteish1-20241104_064220,2024-11-04T06:42:41Z,3.883925504
1853.0,3.944998264312744,3886022656.0,y8brg36d,peteish1-20241104_064220,2024-11-04T06:42:41Z,3.886022656
1854.0,3.9468917846679688,3888119808.0,y8brg36d,peteish1-20241104_064220,2024-11-04T06:42:41Z,3.888119808
1855.0,3.946080446243286,3890216960.0,y8brg36d,peteish1-20241104_064220,2024-11-04T06:42:41Z,3.89021696
1856.0,3.946230173110962,3892314112.0,y8brg36d,peteish1-20241104_064220,2024-11-04T06:42:41Z,3.892314112
1857.0,3.971964120864868,3894411264.0,y8brg36d,peteish1-20241104_064220,2024-11-04T06:42:41Z,3.894411264
1858.0,3.917217254638672,3896508416.0,y8brg36d,peteish1-20241104_064220,2024-11-04T06:42:41Z,3.896508416
1859.0,3.9364006519317627,3898605568.0,y8brg36d,peteish1-20241104_064220,2024-11-04T06:42:41Z,3.898605568
1860.0,3.944406747817993,3900702720.0,y8brg36d,peteish1-20241104_064220,2024-11-04T06:42:41Z,3.90070272
1861.0,3.943349599838257,3902799872.0,y8brg36d,peteish1-20241104_064220,2024-11-04T06:42:41Z,3.902799872
1862.0,3.914907693862915,3904897024.0,y8brg36d,peteish1-20241104_064220,2024-11-04T06:42:41Z,3.904897024
1863.0,3.9527626037597656,3906994176.0,y8brg36d,peteish1-20241104_064220,2024-11-04T06:42:41Z,3.906994176
1864.0,3.9318289756774902,3909091328.0,y8brg36d,peteish1-20241104_064220,2024-11-04T06:42:41Z,3.909091328
1865.0,3.946850061416626,3911188480.0,y8brg36d,peteish1-20241104_064220,2024-11-04T06:42:41Z,3.91118848
1866.0,3.9650559425354004,3913285632.0,y8brg36d,peteish1-20241104_064220,2024-11-04T06:42:41Z,3.913285632
1867.0,3.956817150115967,3915382784.0,y8brg36d,peteish1-20241104_064220,2024-11-04T06:42:41Z,3.915382784
1868.0,3.9680745601654053,3917479936.0,y8brg36d,peteish1-20241104_064220,2024-11-04T06:42:41Z,3.917479936
1869.0,3.9467580318450928,3919577088.0,y8brg36d,peteish1-20241104_064220,2024-11-04T06:42:41Z,3.919577088
1870.0,3.943220376968384,3921674240.0,y8brg36d,peteish1-20241104_064220,2024-11-04T06:42:41Z,3.92167424
1871.0,3.9563355445861816,3923771392.0,y8brg36d,peteish1-20241104_064220,2024-11-04T06:42:41Z,3.923771392
1872.0,3.945174217224121,3925868544.0,y8brg36d,peteish1-20241104_064220,2024-11-04T06:42:41Z,3.925868544
1873.0,3.908324718475342,3927965696.0,y8brg36d,peteish1-20241104_064220,2024-11-04T06:42:41Z,3.927965696
1874.0,3.9294164180755615,3930062848.0,y8brg36d,peteish1-20241104_064220,2024-11-04T06:42:41Z,3.930062848
1875.0,3.9022436141967773,3932160000.0,y8brg36d,peteish1-20241104_064220,2024-11-04T06:42:41Z,3.93216
1876.0,3.9225308895111084,3934257152.0,y8brg36d,peteish1-20241104_064220,2024-11-04T06:42:41Z,3.934257152
1877.0,3.9473259449005127,3936354304.0,y8brg36d,peteish1-20241104_064220,2024-11-04T06:42:41Z,3.936354304
1878.0,3.929661273956299,3938451456.0,y8brg36d,peteish1-20241104_064220,2024-11-04T06:42:41Z,3.938451456
1879.0,3.90171480178833,3940548608.0,y8brg36d,peteish1-20241104_064220,2024-11-04T06:42:41Z,3.940548608
1880.0,3.9219508171081543,3942645760.0,y8brg36d,peteish1-20241104_064220,2024-11-04T06:42:41Z,3.94264576
1881.0,3.9340052604675293,3944742912.0,y8brg36d,peteish1-20241104_064220,2024-11-04T06:42:41Z,3.944742912
1882.0,3.9219439029693604,3946840064.0,y8brg36d,peteish1-20241104_064220,2024-11-04T06:42:41Z,3.946840064
1883.0,3.920074224472046,3948937216.0,y8brg36d,peteish1-20241104_064220,2024-11-04T06:42:41Z,3.948937216
1884.0,3.9241044521331787,3951034368.0,y8brg36d,peteish1-20241104_064220,2024-11-04T06:42:41Z,3.951034368
1885.0,3.947995185852051,3953131520.0,y8brg36d,peteish1-20241104_064220,2024-11-04T06:42:41Z,3.95313152
1886.0,3.9107842445373535,3955228672.0,y8brg36d,peteish1-20241104_064220,2024-11-04T06:42:41Z,3.955228672
1887.0,3.907303810119629,3957325824.0,y8brg36d,peteish1-20241104_064220,2024-11-04T06:42:41Z,3.957325824
1888.0,3.909410238265991,3959422976.0,y8brg36d,peteish1-20241104_064220,2024-11-04T06:42:41Z,3.959422976
1889.0,3.895385265350342,3961520128.0,y8brg36d,peteish1-20241104_064220,2024-11-04T06:42:41Z,3.961520128
1890.0,3.9074466228485107,3963617280.0,y8brg36d,peteish1-20241104_064220,2024-11-04T06:42:41Z,3.96361728
1891.0,3.8912954330444336,3965714432.0,y8brg36d,peteish1-20241104_064220,2024-11-04T06:42:41Z,3.965714432
1892.0,3.891812562942505,3967811584.0,y8brg36d,peteish1-20241104_064220,2024-11-04T06:42:41Z,3.967811584
1893.0,3.8875200748443604,3969908736.0,y8brg36d,peteish1-20241104_064220,2024-11-04T06:42:41Z,3.969908736
1894.0,3.912562847137451,3972005888.0,y8brg36d,peteish1-20241104_064220,2024-11-04T06:42:41Z,3.972005888
1895.0,3.902250051498413,3974103040.0,y8brg36d,peteish1-20241104_064220,2024-11-04T06:42:41Z,3.97410304
1896.0,3.9126245975494385,3976200192.0,y8brg36d,peteish1-20241104_064220,2024-11-04T06:42:41Z,3.976200192
1897.0,3.932429313659668,3978297344.0,y8brg36d,peteish1-20241104_064220,2024-11-04T06:42:41Z,3.978297344
1898.0,3.9152934551239014,3980394496.0,y8brg36d,peteish1-20241104_064220,2024-11-04T06:42:41Z,3.980394496
1899.0,3.9344534873962402,3982491648.0,y8brg36d,peteish1-20241104_064220,2024-11-04T06:42:41Z,3.982491648
1900.0,3.9136056900024414,3984588800.0,y8brg36d,peteish1-20241104_064220,2024-11-04T06:42:41Z,3.9845888
1901.0,3.935040235519409,3986685952.0,y8brg36d,peteish1-20241104_064220,2024-11-04T06:42:41Z,3.986685952
1902.0,3.9282851219177246,3988783104.0,y8brg36d,peteish1-20241104_064220,2024-11-04T06:42:41Z,3.988783104
1903.0,3.9254424571990967,3990880256.0,y8brg36d,peteish1-20241104_064220,2024-11-04T06:42:41Z,3.990880256
1904.0,3.937765598297119,3992977408.0,y8brg36d,peteish1-20241104_064220,2024-11-04T06:42:41Z,3.992977408
1905.0,3.904149055480957,3995074560.0,y8brg36d,peteish1-20241104_064220,2024-11-04T06:42:41Z,3.99507456
1906.0,3.9241302013397217,3997171712.0,y8brg36d,peteish1-20241104_064220,2024-11-04T06:42:41Z,3.997171712
1907.0,3.8799092769622803,3999268864.0,y8brg36d,peteish1-20241104_064220,2024-11-04T06:42:41Z,3.999268864
1908.0,3.903749465942383,4001366016.0,y8brg36d,peteish1-20241104_064220,2024-11-04T06:42:41Z,4.001366016
1909.0,3.9013936519622803,4003463168.0,y8brg36d,peteish1-20241104_064220,2024-11-04T06:42:41Z,4.003463168
1910.0,3.918173313140869,4005560320.0,y8brg36d,peteish1-20241104_064220,2024-11-04T06:42:41Z,4.00556032
1911.0,3.9337236881256104,4007657472.0,y8brg36d,peteish1-20241104_064220,2024-11-04T06:42:41Z,4.007657472
1912.0,3.907327175140381,4009754624.0,y8brg36d,peteish1-20241104_064220,2024-11-04T06:42:41Z,4.009754624
1913.0,3.921407461166382,4011851776.0,y8brg36d,peteish1-20241104_064220,2024-11-04T06:42:41Z,4.011851776
1914.0,3.9367685317993164,4013948928.0,y8brg36d,peteish1-20241104_064220,2024-11-04T06:42:41Z,4.013948928
1915.0,3.9101603031158447,4016046080.0,y8brg36d,peteish1-20241104_064220,2024-11-04T06:42:41Z,4.01604608
1916.0,3.9140725135803223,4018143232.0,y8brg36d,peteish1-20241104_064220,2024-11-04T06:42:41Z,4.018143232
1917.0,3.936335325241089,4020240384.0,y8brg36d,peteish1-20241104_064220,2024-11-04T06:42:41Z,4.020240384
1918.0,3.9131124019622803,4022337536.0,y8brg36d,peteish1-20241104_064220,2024-11-04T06:42:41Z,4.022337536
1919.0,3.946019411087036,4024434688.0,y8brg36d,peteish1-20241104_064220,2024-11-04T06:42:41Z,4.024434688
1920.0,3.902148962020874,4026531840.0,y8brg36d,peteish1-20241104_064220,2024-11-04T06:42:41Z,4.02653184
1921.0,3.9031126499176025,4028628992.0,y8brg36d,peteish1-20241104_064220,2024-11-04T06:42:41Z,4.028628992
1922.0,3.9165968894958496,4030726144.0,y8brg36d,peteish1-20241104_064220,2024-11-04T06:42:41Z,4.030726144
1923.0,3.9183690547943115,4032823296.0,y8brg36d,peteish1-20241104_064220,2024-11-04T06:42:41Z,4.032823296
1924.0,3.928978204727173,4034920448.0,y8brg36d,peteish1-20241104_064220,2024-11-04T06:42:41Z,4.034920448
1925.0,3.8910841941833496,4037017600.0,y8brg36d,peteish1-20241104_064220,2024-11-04T06:42:41Z,4.0370176
1926.0,3.894458532333374,4039114752.0,y8brg36d,peteish1-20241104_064220,2024-11-04T06:42:41Z,4.039114752
1927.0,3.8878936767578125,4041211904.0,y8brg36d,peteish1-20241104_064220,2024-11-04T06:42:41Z,4.041211904
1928.0,3.8789491653442383,4043309056.0,y8brg36d,peteish1-20241104_064220,2024-11-04T06:42:41Z,4.043309056
1929.0,3.8979814052581787,4045406208.0,y8brg36d,peteish1-20241104_064220,2024-11-04T06:42:41Z,4.045406208
1930.0,3.8887686729431152,4047503360.0,y8brg36d,peteish1-20241104_064220,2024-11-04T06:42:41Z,4.04750336
1931.0,3.8864803314208984,4049600512.0,y8brg36d,peteish1-20241104_064220,2024-11-04T06:42:41Z,4.049600512
1932.0,3.9014456272125244,4051697664.0,y8brg36d,peteish1-20241104_064220,2024-11-04T06:42:41Z,4.051697664
1933.0,3.8893067836761475,4053794816.0,y8brg36d,peteish1-20241104_064220,2024-11-04T06:42:41Z,4.053794816
1934.0,3.871769905090332,4055891968.0,y8brg36d,peteish1-20241104_064220,2024-11-04T06:42:41Z,4.055891968
1935.0,3.8632194995880127,4057989120.0,y8brg36d,peteish1-20241104_064220,2024-11-04T06:42:41Z,4.05798912
1936.0,3.8944132328033447,4060086272.0,y8brg36d,peteish1-20241104_064220,2024-11-04T06:42:41Z,4.060086272
1937.0,3.8484559059143066,4062183424.0,y8brg36d,peteish1-20241104_064220,2024-11-04T06:42:41Z,4.062183424
1938.0,3.8770852088928223,4064280576.0,y8brg36d,peteish1-20241104_064220,2024-11-04T06:42:41Z,4.064280576
1939.0,3.8767144680023193,4066377728.0,y8brg36d,peteish1-20241104_064220,2024-11-04T06:42:41Z,4.066377728
1940.0,3.8517704010009766,4068474880.0,y8brg36d,peteish1-20241104_064220,2024-11-04T06:42:41Z,4.06847488
1941.0,3.8707022666931152,4070572032.0,y8brg36d,peteish1-20241104_064220,2024-11-04T06:42:41Z,4.070572032
1942.0,3.895712375640869,4072669184.0,y8brg36d,peteish1-20241104_064220,2024-11-04T06:42:41Z,4.072669184
1943.0,3.9247632026672363,4074766336.0,y8brg36d,peteish1-20241104_064220,2024-11-04T06:42:41Z,4.074766336
1944.0,3.8786747455596924,4076863488.0,y8brg36d,peteish1-20241104_064220,2024-11-04T06:42:41Z,4.076863488
1945.0,3.8426764011383057,4078960640.0,y8brg36d,peteish1-20241104_064220,2024-11-04T06:42:41Z,4.07896064
1946.0,3.873080253601074,4081057792.0,y8brg36d,peteish1-20241104_064220,2024-11-04T06:42:41Z,4.081057792
1947.0,3.9080264568328857,4083154944.0,y8brg36d,peteish1-20241104_064220,2024-11-04T06:42:41Z,4.083154944
1948.0,3.897216558456421,4085252096.0,y8brg36d,peteish1-20241104_064220,2024-11-04T06:42:41Z,4.085252096
1949.0,3.933685064315796,4087349248.0,y8brg36d,peteish1-20241104_064220,2024-11-04T06:42:41Z,4.087349248
1950.0,3.896634340286255,4089446400.0,y8brg36d,peteish1-20241104_064220,2024-11-04T06:42:41Z,4.0894464
1951.0,3.8832690715789795,4091543552.0,y8brg36d,peteish1-20241104_064220,2024-11-04T06:42:41Z,4.091543552
1952.0,3.9127092361450195,4093640704.0,y8brg36d,peteish1-20241104_064220,2024-11-04T06:42:41Z,4.093640704
1953.0,3.8843226432800293,4095737856.0,y8brg36d,peteish1-20241104_064220,2024-11-04T06:42:41Z,4.095737856
1954.0,3.8900461196899414,4097835008.0,y8brg36d,peteish1-20241104_064220,2024-11-04T06:42:41Z,4.097835008
1955.0,3.8739237785339355,4099932160.0,y8brg36d,peteish1-20241104_064220,2024-11-04T06:42:41Z,4.09993216
1956.0,3.8580949306488037,4102029312.0,y8brg36d,peteish1-20241104_064220,2024-11-04T06:42:41Z,4.102029312
1957.0,3.8754289150238037,4104126464.0,y8brg36d,peteish1-20241104_064220,2024-11-04T06:42:41Z,4.104126464
1958.0,3.8749845027923584,4106223616.0,y8brg36d,peteish1-20241104_064220,2024-11-04T06:42:41Z,4.106223616
1959.0,3.880035400390625,4108320768.0,y8brg36d,peteish1-20241104_064220,2024-11-04T06:42:41Z,4.108320768
1960.0,3.892848253250122,4110417920.0,y8brg36d,peteish1-20241104_064220,2024-11-04T06:42:41Z,4.11041792
1961.0,3.8879220485687256,4112515072.0,y8brg36d,peteish1-20241104_064220,2024-11-04T06:42:41Z,4.112515072
1962.0,3.8958866596221924,4114612224.0,y8brg36d,peteish1-20241104_064220,2024-11-04T06:42:41Z,4.114612224
1963.0,3.873053789138794,4116709376.0,y8brg36d,peteish1-20241104_064220,2024-11-04T06:42:41Z,4.116709376
1964.0,3.8658225536346436,4118806528.0,y8brg36d,peteish1-20241104_064220,2024-11-04T06:42:41Z,4.118806528
1965.0,3.8937795162200928,4120903680.0,y8brg36d,peteish1-20241104_064220,2024-11-04T06:42:41Z,4.12090368
1966.0,3.899679660797119,4123000832.0,y8brg36d,peteish1-20241104_064220,2024-11-04T06:42:41Z,4.123000832
1967.0,3.8967604637145996,4125097984.0,y8brg36d,peteish1-20241104_064220,2024-11-04T06:42:41Z,4.125097984
1968.0,3.8855390548706055,4127195136.0,y8brg36d,peteish1-20241104_064220,2024-11-04T06:42:41Z,4.127195136
1969.0,3.8758111000061035,4129292288.0,y8brg36d,peteish1-20241104_064220,2024-11-04T06:42:41Z,4.129292288
1970.0,3.878166437149048,4131389440.0,y8brg36d,peteish1-20241104_064220,2024-11-04T06:42:41Z,4.13138944
1971.0,3.870441198348999,4133486592.0,y8brg36d,peteish1-20241104_064220,2024-11-04T06:42:41Z,4.133486592
1972.0,3.873215436935425,4135583744.0,y8brg36d,peteish1-20241104_064220,2024-11-04T06:42:41Z,4.135583744
1973.0,3.9082865715026855,4137680896.0,y8brg36d,peteish1-20241104_064220,2024-11-04T06:42:41Z,4.137680896
1974.0,3.880584955215454,4139778048.0,y8brg36d,peteish1-20241104_064220,2024-11-04T06:42:41Z,4.139778048
1975.0,3.8802311420440674,4141875200.0,y8brg36d,peteish1-20241104_064220,2024-11-04T06:42:41Z,4.1418752
1976.0,3.8614799976348877,4143972352.0,y8brg36d,peteish1-20241104_064220,2024-11-04T06:42:41Z,4.143972352
1977.0,3.8654303550720215,4146069504.0,y8brg36d,peteish1-20241104_064220,2024-11-04T06:42:41Z,4.146069504
1978.0,3.8450253009796143,4148166656.0,y8brg36d,peteish1-20241104_064220,2024-11-04T06:42:41Z,4.148166656
1979.0,3.882481575012207,4150263808.0,y8brg36d,peteish1-20241104_064220,2024-11-04T06:42:41Z,4.150263808
1980.0,3.8513200283050537,4152360960.0,y8brg36d,peteish1-20241104_064220,2024-11-04T06:42:41Z,4.15236096
1981.0,3.8659026622772217,4154458112.0,y8brg36d,peteish1-20241104_064220,2024-11-04T06:42:41Z,4.154458112
1982.0,3.8879542350769043,4156555264.0,y8brg36d,peteish1-20241104_064220,2024-11-04T06:42:41Z,4.156555264
1983.0,3.8811144828796387,4158652416.0,y8brg36d,peteish1-20241104_064220,2024-11-04T06:42:41Z,4.158652416
1984.0,3.8747127056121826,4160749568.0,y8brg36d,peteish1-20241104_064220,2024-11-04T06:42:41Z,4.160749568
1985.0,3.8563060760498047,4162846720.0,y8brg36d,peteish1-20241104_064220,2024-11-04T06:42:41Z,4.16284672
1986.0,3.8506717681884766,4164943872.0,y8brg36d,peteish1-20241104_064220,2024-11-04T06:42:41Z,4.164943872
1987.0,3.865236282348633,4167041024.0,y8brg36d,peteish1-20241104_064220,2024-11-04T06:42:41Z,4.167041024
1988.0,3.8673524856567383,4169138176.0,y8brg36d,peteish1-20241104_064220,2024-11-04T06:42:41Z,4.169138176
1989.0,3.898833751678467,4171235328.0,y8brg36d,peteish1-20241104_064220,2024-11-04T06:42:41Z,4.171235328
1990.0,3.8857791423797607,4173332480.0,y8brg36d,peteish1-20241104_064220,2024-11-04T06:42:41Z,4.17333248
1991.0,3.8827853202819824,4175429632.0,y8brg36d,peteish1-20241104_064220,2024-11-04T06:42:41Z,4.175429632
1992.0,3.855620861053467,4177526784.0,y8brg36d,peteish1-20241104_064220,2024-11-04T06:42:41Z,4.177526784
1993.0,3.8731255531311035,4179623936.0,y8brg36d,peteish1-20241104_064220,2024-11-04T06:42:41Z,4.179623936
1994.0,3.9015142917633057,4181721088.0,y8brg36d,peteish1-20241104_064220,2024-11-04T06:42:41Z,4.181721088
1995.0,3.8603718280792236,4183818240.0,y8brg36d,peteish1-20241104_064220,2024-11-04T06:42:41Z,4.18381824
1996.0,3.9019196033477783,4185915392.0,y8brg36d,peteish1-20241104_064220,2024-11-04T06:42:41Z,4.185915392
1997.0,3.8760793209075928,4188012544.0,y8brg36d,peteish1-20241104_064220,2024-11-04T06:42:41Z,4.188012544
1998.0,3.880735397338867,4190109696.0,y8brg36d,peteish1-20241104_064220,2024-11-04T06:42:41Z,4.190109696
1999.0,3.8829727172851562,4192206848.0,y8brg36d,peteish1-20241104_064220,2024-11-04T06:42:41Z,4.192206848
2000.0,3.876749277114868,4194304000.0,y8brg36d,peteish1-20241104_064220,2024-11-04T06:42:41Z,4.194304
2001.0,3.8723185062408447,4196401152.0,y8brg36d,peteish1-20241104_064220,2024-11-04T06:42:41Z,4.196401152
2002.0,3.883291721343994,4198498304.0,y8brg36d,peteish1-20241104_064220,2024-11-04T06:42:41Z,4.198498304
2003.0,3.8781533241271973,4200595456.0,y8brg36d,peteish1-20241104_064220,2024-11-04T06:42:41Z,4.200595456
2004.0,3.8557493686676025,4202692608.0,y8brg36d,peteish1-20241104_064220,2024-11-04T06:42:41Z,4.202692608
2005.0,3.8714964389801025,4204789760.0,y8brg36d,peteish1-20241104_064220,2024-11-04T06:42:41Z,4.20478976
2006.0,3.859805107116699,4206886912.0,y8brg36d,peteish1-20241104_064220,2024-11-04T06:42:41Z,4.206886912
2007.0,3.860666513442993,4208984064.0,y8brg36d,peteish1-20241104_064220,2024-11-04T06:42:41Z,4.208984064
2008.0,3.8250529766082764,4211081216.0,y8brg36d,peteish1-20241104_064220,2024-11-04T06:42:41Z,4.211081216
2009.0,3.8556134700775146,4213178368.0,y8brg36d,peteish1-20241104_064220,2024-11-04T06:42:41Z,4.213178368
2010.0,3.846754550933838,4215275520.0,y8brg36d,peteish1-20241104_064220,2024-11-04T06:42:41Z,4.21527552
2011.0,3.8692283630371094,4217372672.0,y8brg36d,peteish1-20241104_064220,2024-11-04T06:42:41Z,4.217372672
2012.0,3.8929738998413086,4219469824.0,y8brg36d,peteish1-20241104_064220,2024-11-04T06:42:41Z,4.219469824
2013.0,3.8657479286193848,4221566976.0,y8brg36d,peteish1-20241104_064220,2024-11-04T06:42:41Z,4.221566976
2014.0,3.8584718704223633,4223664128.0,y8brg36d,peteish1-20241104_064220,2024-11-04T06:42:41Z,4.223664128
2015.0,3.895439624786377,4225761280.0,y8brg36d,peteish1-20241104_064220,2024-11-04T06:42:41Z,4.22576128
2016.0,3.8805618286132812,4227858432.0,y8brg36d,peteish1-20241104_064220,2024-11-04T06:42:41Z,4.227858432
2017.0,3.8750574588775635,4229955584.0,y8brg36d,peteish1-20241104_064220,2024-11-04T06:42:41Z,4.229955584
2018.0,3.8633267879486084,4232052736.0,y8brg36d,peteish1-20241104_064220,2024-11-04T06:42:41Z,4.232052736
2019.0,3.8759799003601074,4234149888.0,y8brg36d,peteish1-20241104_064220,2024-11-04T06:42:41Z,4.234149888
2020.0,3.8684520721435547,4236247040.0,y8brg36d,peteish1-20241104_064220,2024-11-04T06:42:41Z,4.23624704
2021.0,3.8703837394714355,4238344192.0,y8brg36d,peteish1-20241104_064220,2024-11-04T06:42:41Z,4.238344192
2022.0,3.888528823852539,4240441344.0,y8brg36d,peteish1-20241104_064220,2024-11-04T06:42:41Z,4.240441344
2023.0,3.861727714538574,4242538496.0,y8brg36d,peteish1-20241104_064220,2024-11-04T06:42:41Z,4.242538496
2024.0,3.8736326694488525,4244635648.0,y8brg36d,peteish1-20241104_064220,2024-11-04T06:42:41Z,4.244635648
2025.0,3.856801986694336,4246732800.0,y8brg36d,peteish1-20241104_064220,2024-11-04T06:42:41Z,4.2467328
2026.0,3.858661651611328,4248829952.0,y8brg36d,peteish1-20241104_064220,2024-11-04T06:42:41Z,4.248829952
2027.0,3.8434252738952637,4250927104.0,y8brg36d,peteish1-20241104_064220,2024-11-04T06:42:41Z,4.250927104
2028.0,3.839719295501709,4253024256.0,y8brg36d,peteish1-20241104_064220,2024-11-04T06:42:41Z,4.253024256
2029.0,3.8901028633117676,4255121408.0,y8brg36d,peteish1-20241104_064220,2024-11-04T06:42:41Z,4.255121408
2030.0,3.8254523277282715,4257218560.0,y8brg36d,peteish1-20241104_064220,2024-11-04T06:42:41Z,4.25721856
2031.0,3.863004207611084,4259315712.0,y8brg36d,peteish1-20241104_064220,2024-11-04T06:42:41Z,4.259315712
2032.0,3.8474984169006348,4261412864.0,y8brg36d,peteish1-20241104_064220,2024-11-04T06:42:41Z,4.261412864
2033.0,3.8475444316864014,4263510016.0,y8brg36d,peteish1-20241104_064220,2024-11-04T06:42:41Z,4.263510016
2034.0,3.8339433670043945,4265607168.0,y8brg36d,peteish1-20241104_064220,2024-11-04T06:42:41Z,4.265607168
2035.0,3.8552639484405518,4267704320.0,y8brg36d,peteish1-20241104_064220,2024-11-04T06:42:41Z,4.26770432
2036.0,3.8485307693481445,4269801472.0,y8brg36d,peteish1-20241104_064220,2024-11-04T06:42:41Z,4.269801472
2037.0,3.84696626663208,4271898624.0,y8brg36d,peteish1-20241104_064220,2024-11-04T06:42:41Z,4.271898624
2038.0,3.8529908657073975,4273995776.0,y8brg36d,peteish1-20241104_064220,2024-11-04T06:42:41Z,4.273995776
2039.0,3.8619062900543213,4276092928.0,y8brg36d,peteish1-20241104_064220,2024-11-04T06:42:41Z,4.276092928
2040.0,3.8810365200042725,4278190080.0,y8brg36d,peteish1-20241104_064220,2024-11-04T06:42:41Z,4.27819008
2041.0,3.8263309001922607,4280287232.0,y8brg36d,peteish1-20241104_064220,2024-11-04T06:42:41Z,4.280287232
2042.0,3.817128896713257,4282384384.0,y8brg36d,peteish1-20241104_064220,2024-11-04T06:42:41Z,4.282384384
2043.0,3.8576276302337646,4284481536.0,y8brg36d,peteish1-20241104_064220,2024-11-04T06:42:41Z,4.284481536
2044.0,3.815251350402832,4286578688.0,y8brg36d,peteish1-20241104_064220,2024-11-04T06:42:41Z,4.286578688
2045.0,3.829148530960083,4288675840.0,y8brg36d,peteish1-20241104_064220,2024-11-04T06:42:41Z,4.28867584
2046.0,3.8288917541503906,4290772992.0,y8brg36d,peteish1-20241104_064220,2024-11-04T06:42:41Z,4.290772992
2047.0,3.836970806121826,4292870144.0,y8brg36d,peteish1-20241104_064220,2024-11-04T06:42:41Z,4.292870144
2048.0,3.8435628414154053,4294967296.0,y8brg36d,peteish1-20241104_064220,2024-11-04T06:42:41Z,4.294967296
2049.0,3.8156204223632812,4297064448.0,y8brg36d,peteish1-20241104_064220,2024-11-04T06:42:41Z,4.297064448
2050.0,3.849802017211914,4299161600.0,y8brg36d,peteish1-20241104_064220,2024-11-04T06:42:41Z,4.2991616
2051.0,3.8498401641845703,4301258752.0,y8brg36d,peteish1-20241104_064220,2024-11-04T06:42:41Z,4.301258752
2052.0,3.8245925903320312,4303355904.0,y8brg36d,peteish1-20241104_064220,2024-11-04T06:42:41Z,4.303355904
2053.0,3.8371007442474365,4305453056.0,y8brg36d,peteish1-20241104_064220,2024-11-04T06:42:41Z,4.305453056
2054.0,3.868823766708374,4307550208.0,y8brg36d,peteish1-20241104_064220,2024-11-04T06:42:41Z,4.307550208
2055.0,3.8261184692382812,4309647360.0,y8brg36d,peteish1-20241104_064220,2024-11-04T06:42:41Z,4.30964736
2056.0,3.8236021995544434,4311744512.0,y8brg36d,peteish1-20241104_064220,2024-11-04T06:42:41Z,4.311744512
2057.0,3.8496620655059814,4313841664.0,y8brg36d,peteish1-20241104_064220,2024-11-04T06:42:41Z,4.313841664
2058.0,3.8269705772399902,4315938816.0,y8brg36d,peteish1-20241104_064220,2024-11-04T06:42:41Z,4.315938816
2059.0,3.8148515224456787,4318035968.0,y8brg36d,peteish1-20241104_064220,2024-11-04T06:42:41Z,4.318035968
2060.0,3.83503794670105,4320133120.0,y8brg36d,peteish1-20241104_064220,2024-11-04T06:42:41Z,4.32013312
2061.0,3.8397393226623535,4322230272.0,y8brg36d,peteish1-20241104_064220,2024-11-04T06:42:41Z,4.322230272
2062.0,3.8603224754333496,4324327424.0,y8brg36d,peteish1-20241104_064220,2024-11-04T06:42:41Z,4.324327424
2063.0,3.8522167205810547,4326424576.0,y8brg36d,peteish1-20241104_064220,2024-11-04T06:42:41Z,4.326424576
2064.0,3.826080322265625,4328521728.0,y8brg36d,peteish1-20241104_064220,2024-11-04T06:42:41Z,4.328521728
2065.0,3.839599609375,4330618880.0,y8brg36d,peteish1-20241104_064220,2024-11-04T06:42:41Z,4.33061888
2066.0,3.823657512664795,4332716032.0,y8brg36d,peteish1-20241104_064220,2024-11-04T06:42:41Z,4.332716032
2067.0,3.8244926929473877,4334813184.0,y8brg36d,peteish1-20241104_064220,2024-11-04T06:42:41Z,4.334813184
2068.0,3.8523495197296143,4336910336.0,y8brg36d,peteish1-20241104_064220,2024-11-04T06:42:41Z,4.336910336
2069.0,3.8100669384002686,4339007488.0,y8brg36d,peteish1-20241104_064220,2024-11-04T06:42:41Z,4.339007488
2070.0,3.828735589981079,4341104640.0,y8brg36d,peteish1-20241104_064220,2024-11-04T06:42:41Z,4.34110464
2071.0,3.8109209537506104,4343201792.0,y8brg36d,peteish1-20241104_064220,2024-11-04T06:42:41Z,4.343201792
2072.0,3.8094935417175293,4345298944.0,y8brg36d,peteish1-20241104_064220,2024-11-04T06:42:41Z,4.345298944
2073.0,3.8328065872192383,4347396096.0,y8brg36d,peteish1-20241104_064220,2024-11-04T06:42:41Z,4.347396096
2074.0,3.801327705383301,4349493248.0,y8brg36d,peteish1-20241104_064220,2024-11-04T06:42:41Z,4.349493248
2075.0,3.8274686336517334,4351590400.0,y8brg36d,peteish1-20241104_064220,2024-11-04T06:42:41Z,4.3515904
2076.0,3.8316078186035156,4353687552.0,y8brg36d,peteish1-20241104_064220,2024-11-04T06:42:41Z,4.353687552
2077.0,3.8178181648254395,4355784704.0,y8brg36d,peteish1-20241104_064220,2024-11-04T06:42:41Z,4.355784704
2078.0,3.8355963230133057,4357881856.0,y8brg36d,peteish1-20241104_064220,2024-11-04T06:42:41Z,4.357881856
2079.0,3.7986652851104736,4359979008.0,y8brg36d,peteish1-20241104_064220,2024-11-04T06:42:41Z,4.359979008
2080.0,3.773670196533203,4362076160.0,y8brg36d,peteish1-20241104_064220,2024-11-04T06:42:41Z,4.36207616
2081.0,3.821840286254883,4364173312.0,y8brg36d,peteish1-20241104_064220,2024-11-04T06:42:41Z,4.364173312
2082.0,3.8255245685577393,4366270464.0,y8brg36d,peteish1-20241104_064220,2024-11-04T06:42:41Z,4.366270464
2083.0,3.8052990436553955,4368367616.0,y8brg36d,peteish1-20241104_064220,2024-11-04T06:42:41Z,4.368367616
2084.0,3.8321549892425537,4370464768.0,y8brg36d,peteish1-20241104_064220,2024-11-04T06:42:41Z,4.370464768
2085.0,3.806230068206787,4372561920.0,y8brg36d,peteish1-20241104_064220,2024-11-04T06:42:41Z,4.37256192
2086.0,3.804671287536621,4374659072.0,y8brg36d,peteish1-20241104_064220,2024-11-04T06:42:41Z,4.374659072
2087.0,3.843606472015381,4376756224.0,y8brg36d,peteish1-20241104_064220,2024-11-04T06:42:41Z,4.376756224
2088.0,3.785259962081909,4378853376.0,y8brg36d,peteish1-20241104_064220,2024-11-04T06:42:41Z,4.378853376
2089.0,3.815316915512085,4380950528.0,y8brg36d,peteish1-20241104_064220,2024-11-04T06:42:41Z,4.380950528
2090.0,3.810575246810913,4383047680.0,y8brg36d,peteish1-20241104_064220,2024-11-04T06:42:41Z,4.38304768
2091.0,3.790955066680908,4385144832.0,y8brg36d,peteish1-20241104_064220,2024-11-04T06:42:41Z,4.385144832
2092.0,3.8036484718322754,4387241984.0,y8brg36d,peteish1-20241104_064220,2024-11-04T06:42:41Z,4.387241984
2093.0,3.8203673362731934,4389339136.0,y8brg36d,peteish1-20241104_064220,2024-11-04T06:42:41Z,4.389339136
2094.0,3.8327255249023438,4391436288.0,y8brg36d,peteish1-20241104_064220,2024-11-04T06:42:41Z,4.391436288
2095.0,3.8175346851348877,4393533440.0,y8brg36d,peteish1-20241104_064220,2024-11-04T06:42:41Z,4.39353344
2096.0,3.829087495803833,4395630592.0,y8brg36d,peteish1-20241104_064220,2024-11-04T06:42:41Z,4.395630592
2097.0,3.78802227973938,4397727744.0,y8brg36d,peteish1-20241104_064220,2024-11-04T06:42:41Z,4.397727744
2098.0,3.791987419128418,4399824896.0,y8brg36d,peteish1-20241104_064220,2024-11-04T06:42:41Z,4.399824896
2099.0,3.823596954345703,4401922048.0,y8brg36d,peteish1-20241104_064220,2024-11-04T06:42:41Z,4.401922048
2100.0,3.842897653579712,4404019200.0,y8brg36d,peteish1-20241104_064220,2024-11-04T06:42:41Z,4.4040192
2101.0,3.816833972930908,4406116352.0,y8brg36d,peteish1-20241104_064220,2024-11-04T06:42:41Z,4.406116352
2102.0,3.830928087234497,4408213504.0,y8brg36d,peteish1-20241104_064220,2024-11-04T06:42:41Z,4.408213504
2103.0,3.8031625747680664,4410310656.0,y8brg36d,peteish1-20241104_064220,2024-11-04T06:42:41Z,4.410310656
2104.0,3.839834690093994,4412407808.0,y8brg36d,peteish1-20241104_064220,2024-11-04T06:42:41Z,4.412407808
2105.0,3.795248031616211,4414504960.0,y8brg36d,peteish1-20241104_064220,2024-11-04T06:42:41Z,4.41450496
2106.0,3.8062472343444824,4416602112.0,y8brg36d,peteish1-20241104_064220,2024-11-04T06:42:41Z,4.416602112
2107.0,3.8399410247802734,4418699264.0,y8brg36d,peteish1-20241104_064220,2024-11-04T06:42:41Z,4.418699264
2108.0,3.8000357151031494,4420796416.0,y8brg36d,peteish1-20241104_064220,2024-11-04T06:42:41Z,4.420796416
2109.0,3.823207139968872,4422893568.0,y8brg36d,peteish1-20241104_064220,2024-11-04T06:42:41Z,4.422893568
2110.0,3.8243393898010254,4424990720.0,y8brg36d,peteish1-20241104_064220,2024-11-04T06:42:41Z,4.42499072
2111.0,3.8359270095825195,4427087872.0,y8brg36d,peteish1-20241104_064220,2024-11-04T06:42:41Z,4.427087872
2112.0,3.831655502319336,4429185024.0,y8brg36d,peteish1-20241104_064220,2024-11-04T06:42:41Z,4.429185024
2113.0,3.8400931358337402,4431282176.0,y8brg36d,peteish1-20241104_064220,2024-11-04T06:42:41Z,4.431282176
2114.0,3.8292064666748047,4433379328.0,y8brg36d,peteish1-20241104_064220,2024-11-04T06:42:41Z,4.433379328
2115.0,3.8014464378356934,4435476480.0,y8brg36d,peteish1-20241104_064220,2024-11-04T06:42:41Z,4.43547648
2116.0,3.7899043560028076,4437573632.0,y8brg36d,peteish1-20241104_064220,2024-11-04T06:42:41Z,4.437573632
2117.0,3.8330471515655518,4439670784.0,y8brg36d,peteish1-20241104_064220,2024-11-04T06:42:41Z,4.439670784
2118.0,3.813215970993042,4441767936.0,y8brg36d,peteish1-20241104_064220,2024-11-04T06:42:41Z,4.441767936
2119.0,3.795624256134033,4443865088.0,y8brg36d,peteish1-20241104_064220,2024-11-04T06:42:41Z,4.443865088
2120.0,3.8373336791992188,4445962240.0,y8brg36d,peteish1-20241104_064220,2024-11-04T06:42:41Z,4.44596224
2121.0,3.860262155532837,4448059392.0,y8brg36d,peteish1-20241104_064220,2024-11-04T06:42:41Z,4.448059392
2122.0,3.799537181854248,4450156544.0,y8brg36d,peteish1-20241104_064220,2024-11-04T06:42:41Z,4.450156544
2123.0,3.7912986278533936,4452253696.0,y8brg36d,peteish1-20241104_064220,2024-11-04T06:42:41Z,4.452253696
2124.0,3.7897655963897705,4454350848.0,y8brg36d,peteish1-20241104_064220,2024-11-04T06:42:41Z,4.454350848
2125.0,3.834932327270508,4456448000.0,y8brg36d,peteish1-20241104_064220,2024-11-04T06:42:41Z,4.456448
2126.0,3.794121503829956,4458545152.0,y8brg36d,peteish1-20241104_064220,2024-11-04T06:42:41Z,4.458545152
2127.0,3.8307437896728516,4460642304.0,y8brg36d,peteish1-20241104_064220,2024-11-04T06:42:41Z,4.460642304
2128.0,3.793306589126587,4462739456.0,y8brg36d,peteish1-20241104_064220,2024-11-04T06:42:41Z,4.462739456
2129.0,3.811249017715454,4464836608.0,y8brg36d,peteish1-20241104_064220,2024-11-04T06:42:41Z,4.464836608
2130.0,3.8054139614105225,4466933760.0,y8brg36d,peteish1-20241104_064220,2024-11-04T06:42:41Z,4.46693376
2131.0,3.827026605606079,4469030912.0,y8brg36d,peteish1-20241104_064220,2024-11-04T06:42:41Z,4.469030912
2132.0,3.787724018096924,4471128064.0,y8brg36d,peteish1-20241104_064220,2024-11-04T06:42:41Z,4.471128064
2133.0,3.810781955718994,4473225216.0,y8brg36d,peteish1-20241104_064220,2024-11-04T06:42:41Z,4.473225216
2134.0,3.803199529647827,4475322368.0,y8brg36d,peteish1-20241104_064220,2024-11-04T06:42:41Z,4.475322368
2135.0,3.814519166946411,4477419520.0,y8brg36d,peteish1-20241104_064220,2024-11-04T06:42:41Z,4.47741952
2136.0,3.804286479949951,4479516672.0,y8brg36d,peteish1-20241104_064220,2024-11-04T06:42:41Z,4.479516672
2137.0,3.805842876434326,4481613824.0,y8brg36d,peteish1-20241104_064220,2024-11-04T06:42:41Z,4.481613824
2138.0,3.8036248683929443,4483710976.0,y8brg36d,peteish1-20241104_064220,2024-11-04T06:42:41Z,4.483710976
2139.0,3.8118324279785156,4485808128.0,y8brg36d,peteish1-20241104_064220,2024-11-04T06:42:41Z,4.485808128
2140.0,3.7798280715942383,4487905280.0,y8brg36d,peteish1-20241104_064220,2024-11-04T06:42:41Z,4.48790528
2141.0,3.7712008953094482,4490002432.0,y8brg36d,peteish1-20241104_064220,2024-11-04T06:42:41Z,4.490002432
2142.0,3.7926089763641357,4492099584.0,y8brg36d,peteish1-20241104_064220,2024-11-04T06:42:41Z,4.492099584
2143.0,3.8055546283721924,4494196736.0,y8brg36d,peteish1-20241104_064220,2024-11-04T06:42:41Z,4.494196736
2144.0,3.7904860973358154,4496293888.0,y8brg36d,peteish1-20241104_064220,2024-11-04T06:42:41Z,4.496293888
2145.0,3.786332368850708,4498391040.0,y8brg36d,peteish1-20241104_064220,2024-11-04T06:42:41Z,4.49839104
2146.0,3.7780187129974365,4500488192.0,y8brg36d,peteish1-20241104_064220,2024-11-04T06:42:41Z,4.500488192
2147.0,3.7902839183807373,4502585344.0,y8brg36d,peteish1-20241104_064220,2024-11-04T06:42:41Z,4.502585344
2148.0,3.7844772338867188,4504682496.0,y8brg36d,peteish1-20241104_064220,2024-11-04T06:42:41Z,4.504682496
2149.0,3.7781410217285156,4506779648.0,y8brg36d,peteish1-20241104_064220,2024-11-04T06:42:41Z,4.506779648
2150.0,3.800201416015625,4508876800.0,y8brg36d,peteish1-20241104_064220,2024-11-04T06:42:41Z,4.5088768
2151.0,3.7853598594665527,4510973952.0,y8brg36d,peteish1-20241104_064220,2024-11-04T06:42:41Z,4.510973952
2152.0,3.78938889503479,4513071104.0,y8brg36d,peteish1-20241104_064220,2024-11-04T06:42:41Z,4.513071104
2153.0,3.79263973236084,4515168256.0,y8brg36d,peteish1-20241104_064220,2024-11-04T06:42:41Z,4.515168256
2154.0,3.7995002269744873,4517265408.0,y8brg36d,peteish1-20241104_064220,2024-11-04T06:42:41Z,4.517265408
2155.0,3.8089847564697266,4519362560.0,y8brg36d,peteish1-20241104_064220,2024-11-04T06:42:41Z,4.51936256
2156.0,3.806363105773926,4521459712.0,y8brg36d,peteish1-20241104_064220,2024-11-04T06:42:41Z,4.521459712
2157.0,3.7953603267669678,4523556864.0,y8brg36d,peteish1-20241104_064220,2024-11-04T06:42:41Z,4.523556864
2158.0,3.8083484172821045,4525654016.0,y8brg36d,peteish1-20241104_064220,2024-11-04T06:42:41Z,4.525654016
2159.0,3.789604902267456,4527751168.0,y8brg36d,peteish1-20241104_064220,2024-11-04T06:42:41Z,4.527751168
2160.0,3.773585081100464,4529848320.0,y8brg36d,peteish1-20241104_064220,2024-11-04T06:42:41Z,4.52984832
2161.0,3.798713445663452,4531945472.0,y8brg36d,peteish1-20241104_064220,2024-11-04T06:42:41Z,4.531945472
2162.0,3.8030202388763428,4534042624.0,y8brg36d,peteish1-20241104_064220,2024-11-04T06:42:41Z,4.534042624
2163.0,3.797022819519043,4536139776.0,y8brg36d,peteish1-20241104_064220,2024-11-04T06:42:41Z,4.536139776
2164.0,3.8106701374053955,4538236928.0,y8brg36d,peteish1-20241104_064220,2024-11-04T06:42:41Z,4.538236928
2165.0,3.7593836784362793,4540334080.0,y8brg36d,peteish1-20241104_064220,2024-11-04T06:42:41Z,4.54033408
2166.0,3.7985775470733643,4542431232.0,y8brg36d,peteish1-20241104_064220,2024-11-04T06:42:41Z,4.542431232
2167.0,3.783931255340576,4544528384.0,y8brg36d,peteish1-20241104_064220,2024-11-04T06:42:41Z,4.544528384
2168.0,3.7918739318847656,4546625536.0,y8brg36d,peteish1-20241104_064220,2024-11-04T06:42:41Z,4.546625536
2169.0,3.7538843154907227,4548722688.0,y8brg36d,peteish1-20241104_064220,2024-11-04T06:42:41Z,4.548722688
2170.0,3.796863555908203,4550819840.0,y8brg36d,peteish1-20241104_064220,2024-11-04T06:42:41Z,4.55081984
2171.0,3.7764906883239746,4552916992.0,y8brg36d,peteish1-20241104_064220,2024-11-04T06:42:41Z,4.552916992
2172.0,3.804328441619873,4555014144.0,y8brg36d,peteish1-20241104_064220,2024-11-04T06:42:41Z,4.555014144
2173.0,3.7741661071777344,4557111296.0,y8brg36d,peteish1-20241104_064220,2024-11-04T06:42:41Z,4.557111296
2174.0,3.7610061168670654,4559208448.0,y8brg36d,peteish1-20241104_064220,2024-11-04T06:42:41Z,4.559208448
2175.0,3.797926187515259,4561305600.0,y8brg36d,peteish1-20241104_064220,2024-11-04T06:42:41Z,4.5613056
2176.0,3.7736196517944336,4563402752.0,y8brg36d,peteish1-20241104_064220,2024-11-04T06:42:41Z,4.563402752
2177.0,3.7894585132598877,4565499904.0,y8brg36d,peteish1-20241104_064220,2024-11-04T06:42:41Z,4.565499904
2178.0,3.7992660999298096,4567597056.0,y8brg36d,peteish1-20241104_064220,2024-11-04T06:42:41Z,4.567597056
2179.0,3.7560460567474365,4569694208.0,y8brg36d,peteish1-20241104_064220,2024-11-04T06:42:41Z,4.569694208
2180.0,3.8054234981536865,4571791360.0,y8brg36d,peteish1-20241104_064220,2024-11-04T06:42:41Z,4.57179136
2181.0,3.774479389190674,4573888512.0,y8brg36d,peteish1-20241104_064220,2024-11-04T06:42:41Z,4.573888512
2182.0,3.7727739810943604,4575985664.0,y8brg36d,peteish1-20241104_064220,2024-11-04T06:42:41Z,4.575985664
2183.0,3.783942699432373,4578082816.0,y8brg36d,peteish1-20241104_064220,2024-11-04T06:42:41Z,4.578082816
2184.0,3.837007999420166,4580179968.0,y8brg36d,peteish1-20241104_064220,2024-11-04T06:42:41Z,4.580179968
2185.0,3.7910828590393066,4582277120.0,y8brg36d,peteish1-20241104_064220,2024-11-04T06:42:41Z,4.58227712
2186.0,3.801386833190918,4584374272.0,y8brg36d,peteish1-20241104_064220,2024-11-04T06:42:41Z,4.584374272
2187.0,3.7935633659362793,4586471424.0,y8brg36d,peteish1-20241104_064220,2024-11-04T06:42:41Z,4.586471424
2188.0,3.745090961456299,4588568576.0,y8brg36d,peteish1-20241104_064220,2024-11-04T06:42:41Z,4.588568576
2189.0,3.757491111755371,4590665728.0,y8brg36d,peteish1-20241104_064220,2024-11-04T06:42:41Z,4.590665728
2190.0,3.7677628993988037,4592762880.0,y8brg36d,peteish1-20241104_064220,2024-11-04T06:42:41Z,4.59276288
2191.0,3.7896928787231445,4594860032.0,y8brg36d,peteish1-20241104_064220,2024-11-04T06:42:41Z,4.594860032
2192.0,3.788191556930542,4596957184.0,y8brg36d,peteish1-20241104_064220,2024-11-04T06:42:41Z,4.596957184
2193.0,3.7650973796844482,4599054336.0,y8brg36d,peteish1-20241104_064220,2024-11-04T06:42:41Z,4.599054336
2194.0,3.8108909130096436,4601151488.0,y8brg36d,peteish1-20241104_064220,2024-11-04T06:42:41Z,4.601151488
2195.0,3.764404773712158,4603248640.0,y8brg36d,peteish1-20241104_064220,2024-11-04T06:42:41Z,4.60324864
2196.0,3.7518980503082275,4605345792.0,y8brg36d,peteish1-20241104_064220,2024-11-04T06:42:41Z,4.605345792
2197.0,3.741032361984253,4607442944.0,y8brg36d,peteish1-20241104_064220,2024-11-04T06:42:41Z,4.607442944
2198.0,3.7621569633483887,4609540096.0,y8brg36d,peteish1-20241104_064220,2024-11-04T06:42:41Z,4.609540096
2199.0,3.733049154281616,4611637248.0,y8brg36d,peteish1-20241104_064220,2024-11-04T06:42:41Z,4.611637248
2200.0,3.7792491912841797,4613734400.0,y8brg36d,peteish1-20241104_064220,2024-11-04T06:42:41Z,4.6137344
2201.0,3.764508008956909,4615831552.0,y8brg36d,peteish1-20241104_064220,2024-11-04T06:42:41Z,4.615831552
2202.0,3.7677624225616455,4617928704.0,y8brg36d,peteish1-20241104_064220,2024-11-04T06:42:41Z,4.617928704
2203.0,3.770128011703491,4620025856.0,y8brg36d,peteish1-20241104_064220,2024-11-04T06:42:41Z,4.620025856
2204.0,3.775691270828247,4622123008.0,y8brg36d,peteish1-20241104_064220,2024-11-04T06:42:41Z,4.622123008
2205.0,3.7523601055145264,4624220160.0,y8brg36d,peteish1-20241104_064220,2024-11-04T06:42:41Z,4.62422016
2206.0,3.7432875633239746,4626317312.0,y8brg36d,peteish1-20241104_064220,2024-11-04T06:42:41Z,4.626317312
2207.0,3.780606746673584,4628414464.0,y8brg36d,peteish1-20241104_064220,2024-11-04T06:42:41Z,4.628414464
2208.0,3.761988878250122,4630511616.0,y8brg36d,peteish1-20241104_064220,2024-11-04T06:42:41Z,4.630511616
2209.0,3.7558605670928955,4632608768.0,y8brg36d,peteish1-20241104_064220,2024-11-04T06:42:41Z,4.632608768
2210.0,3.7562334537506104,4634705920.0,y8brg36d,peteish1-20241104_064220,2024-11-04T06:42:41Z,4.63470592
2211.0,3.760584831237793,4636803072.0,y8brg36d,peteish1-20241104_064220,2024-11-04T06:42:41Z,4.636803072
2212.0,3.7525599002838135,4638900224.0,y8brg36d,peteish1-20241104_064220,2024-11-04T06:42:41Z,4.638900224
2213.0,3.755976438522339,4640997376.0,y8brg36d,peteish1-20241104_064220,2024-11-04T06:42:41Z,4.640997376
2214.0,3.81476092338562,4643094528.0,y8brg36d,peteish1-20241104_064220,2024-11-04T06:42:41Z,4.643094528
2215.0,3.7670841217041016,4645191680.0,y8brg36d,peteish1-20241104_064220,2024-11-04T06:42:41Z,4.64519168
2216.0,3.7750000953674316,4647288832.0,y8brg36d,peteish1-20241104_064220,2024-11-04T06:42:41Z,4.647288832
2217.0,3.7311863899230957,4649385984.0,y8brg36d,peteish1-20241104_064220,2024-11-04T06:42:41Z,4.649385984
2218.0,3.7477428913116455,4651483136.0,y8brg36d,peteish1-20241104_064220,2024-11-04T06:42:41Z,4.651483136
2219.0,3.77580189704895,4653580288.0,y8brg36d,peteish1-20241104_064220,2024-11-04T06:42:41Z,4.653580288
2220.0,3.739854574203491,4655677440.0,y8brg36d,peteish1-20241104_064220,2024-11-04T06:42:41Z,4.65567744
2221.0,3.7641611099243164,4657774592.0,y8brg36d,peteish1-20241104_064220,2024-11-04T06:42:41Z,4.657774592
2222.0,3.742231607437134,4659871744.0,y8brg36d,peteish1-20241104_064220,2024-11-04T06:42:41Z,4.659871744
2223.0,3.7664194107055664,4661968896.0,y8brg36d,peteish1-20241104_064220,2024-11-04T06:42:41Z,4.661968896
2224.0,3.742325782775879,4664066048.0,y8brg36d,peteish1-20241104_064220,2024-11-04T06:42:41Z,4.664066048
2225.0,3.7567813396453857,4666163200.0,y8brg36d,peteish1-20241104_064220,2024-11-04T06:42:41Z,4.6661632
2226.0,3.760251998901367,4668260352.0,y8brg36d,peteish1-20241104_064220,2024-11-04T06:42:41Z,4.668260352
2227.0,3.7712631225585938,4670357504.0,y8brg36d,peteish1-20241104_064220,2024-11-04T06:42:41Z,4.670357504
2228.0,3.7648260593414307,4672454656.0,y8brg36d,peteish1-20241104_064220,2024-11-04T06:42:41Z,4.672454656
2229.0,3.790121555328369,4674551808.0,y8brg36d,peteish1-20241104_064220,2024-11-04T06:42:41Z,4.674551808
2230.0,3.7653648853302,4676648960.0,y8brg36d,peteish1-20241104_064220,2024-11-04T06:42:41Z,4.67664896
2231.0,3.7665042877197266,4678746112.0,y8brg36d,peteish1-20241104_064220,2024-11-04T06:42:41Z,4.678746112
2232.0,3.7556850910186768,4680843264.0,y8brg36d,peteish1-20241104_064220,2024-11-04T06:42:41Z,4.680843264
2233.0,3.7814371585845947,4682940416.0,y8brg36d,peteish1-20241104_064220,2024-11-04T06:42:41Z,4.682940416
2234.0,3.760904312133789,4685037568.0,y8brg36d,peteish1-20241104_064220,2024-11-04T06:42:41Z,4.685037568
2235.0,3.7425990104675293,4687134720.0,y8brg36d,peteish1-20241104_064220,2024-11-04T06:42:41Z,4.68713472
2236.0,3.741797685623169,4689231872.0,y8brg36d,peteish1-20241104_064220,2024-11-04T06:42:41Z,4.689231872
2237.0,3.7182259559631348,4691329024.0,y8brg36d,peteish1-20241104_064220,2024-11-04T06:42:41Z,4.691329024
2238.0,3.7440712451934814,4693426176.0,y8brg36d,peteish1-20241104_064220,2024-11-04T06:42:41Z,4.693426176
2239.0,3.7561306953430176,4695523328.0,y8brg36d,peteish1-20241104_064220,2024-11-04T06:42:41Z,4.695523328
2240.0,3.7498116493225098,4697620480.0,y8brg36d,peteish1-20241104_064220,2024-11-04T06:42:41Z,4.69762048
2241.0,3.7639100551605225,4699717632.0,y8brg36d,peteish1-20241104_064220,2024-11-04T06:42:41Z,4.699717632
2242.0,3.7553603649139404,4701814784.0,y8brg36d,peteish1-20241104_064220,2024-11-04T06:42:41Z,4.701814784
2243.0,3.783057928085327,4703911936.0,y8brg36d,peteish1-20241104_064220,2024-11-04T06:42:41Z,4.703911936
2244.0,3.7577874660491943,4706009088.0,y8brg36d,peteish1-20241104_064220,2024-11-04T06:42:41Z,4.706009088
2245.0,3.7666468620300293,4708106240.0,y8brg36d,peteish1-20241104_064220,2024-11-04T06:42:41Z,4.70810624
2246.0,3.74918794631958,4710203392.0,y8brg36d,peteish1-20241104_064220,2024-11-04T06:42:41Z,4.710203392
2247.0,3.7876386642456055,4712300544.0,y8brg36d,peteish1-20241104_064220,2024-11-04T06:42:41Z,4.712300544
2248.0,3.778700590133667,4714397696.0,y8brg36d,peteish1-20241104_064220,2024-11-04T06:42:41Z,4.714397696
2249.0,3.7437901496887207,4716494848.0,y8brg36d,peteish1-20241104_064220,2024-11-04T06:42:41Z,4.716494848
2250.0,3.7792179584503174,4718592000.0,y8brg36d,peteish1-20241104_064220,2024-11-04T06:42:41Z,4.718592
2251.0,3.7576019763946533,4720689152.0,y8brg36d,peteish1-20241104_064220,2024-11-04T06:42:41Z,4.720689152
2252.0,3.7666678428649902,4722786304.0,y8brg36d,peteish1-20241104_064220,2024-11-04T06:42:41Z,4.722786304
2253.0,3.7421443462371826,4724883456.0,y8brg36d,peteish1-20241104_064220,2024-11-04T06:42:41Z,4.724883456
2254.0,3.7594542503356934,4726980608.0,y8brg36d,peteish1-20241104_064220,2024-11-04T06:42:41Z,4.726980608
2255.0,3.785238027572632,4729077760.0,y8brg36d,peteish1-20241104_064220,2024-11-04T06:42:41Z,4.72907776
2256.0,3.7980902194976807,4731174912.0,y8brg36d,peteish1-20241104_064220,2024-11-04T06:42:41Z,4.731174912
2257.0,3.744058609008789,4733272064.0,y8brg36d,peteish1-20241104_064220,2024-11-04T06:42:41Z,4.733272064
2258.0,3.754657745361328,4735369216.0,y8brg36d,peteish1-20241104_064220,2024-11-04T06:42:41Z,4.735369216
2259.0,3.741382360458374,4737466368.0,y8brg36d,peteish1-20241104_064220,2024-11-04T06:42:41Z,4.737466368
2260.0,3.7274093627929688,4739563520.0,y8brg36d,peteish1-20241104_064220,2024-11-04T06:42:41Z,4.73956352
2261.0,3.779501438140869,4741660672.0,y8brg36d,peteish1-20241104_064220,2024-11-04T06:42:41Z,4.741660672
2262.0,3.752638816833496,4743757824.0,y8brg36d,peteish1-20241104_064220,2024-11-04T06:42:41Z,4.743757824
2263.0,3.763422727584839,4745854976.0,y8brg36d,peteish1-20241104_064220,2024-11-04T06:42:41Z,4.745854976
2264.0,3.7437450885772705,4747952128.0,y8brg36d,peteish1-20241104_064220,2024-11-04T06:42:41Z,4.747952128
2265.0,3.7314679622650146,4750049280.0,y8brg36d,peteish1-20241104_064220,2024-11-04T06:42:41Z,4.75004928
2266.0,3.723337173461914,4752146432.0,y8brg36d,peteish1-20241104_064220,2024-11-04T06:42:41Z,4.752146432
2267.0,3.7443976402282715,4754243584.0,y8brg36d,peteish1-20241104_064220,2024-11-04T06:42:41Z,4.754243584
2268.0,3.7406351566314697,4756340736.0,y8brg36d,peteish1-20241104_064220,2024-11-04T06:42:41Z,4.756340736
2269.0,3.728821039199829,4758437888.0,y8brg36d,peteish1-20241104_064220,2024-11-04T06:42:41Z,4.758437888
2270.0,3.768040895462036,4760535040.0,y8brg36d,peteish1-20241104_064220,2024-11-04T06:42:41Z,4.76053504
2271.0,3.7315192222595215,4762632192.0,y8brg36d,peteish1-20241104_064220,2024-11-04T06:42:41Z,4.762632192
2272.0,3.7204692363739014,4764729344.0,y8brg36d,peteish1-20241104_064220,2024-11-04T06:42:41Z,4.764729344
2273.0,3.733383893966675,4766826496.0,y8brg36d,peteish1-20241104_064220,2024-11-04T06:42:41Z,4.766826496
2274.0,3.7138283252716064,4768923648.0,y8brg36d,peteish1-20241104_064220,2024-11-04T06:42:41Z,4.768923648
2275.0,3.7358779907226562,4771020800.0,y8brg36d,peteish1-20241104_064220,2024-11-04T06:42:41Z,4.7710208
2276.0,3.738877296447754,4773117952.0,y8brg36d,peteish1-20241104_064220,2024-11-04T06:42:41Z,4.773117952
2277.0,3.7320680618286133,4775215104.0,y8brg36d,peteish1-20241104_064220,2024-11-04T06:42:41Z,4.775215104
2278.0,3.7446277141571045,4777312256.0,y8brg36d,peteish1-20241104_064220,2024-11-04T06:42:41Z,4.777312256
2279.0,3.754507541656494,4779409408.0,y8brg36d,peteish1-20241104_064220,2024-11-04T06:42:41Z,4.779409408
2280.0,3.723459005355835,4781506560.0,y8brg36d,peteish1-20241104_064220,2024-11-04T06:42:41Z,4.78150656
2281.0,3.7198030948638916,4783603712.0,y8brg36d,peteish1-20241104_064220,2024-11-04T06:42:41Z,4.783603712
2282.0,3.7544455528259277,4785700864.0,y8brg36d,peteish1-20241104_064220,2024-11-04T06:42:41Z,4.785700864
2283.0,3.739396810531616,4787798016.0,y8brg36d,peteish1-20241104_064220,2024-11-04T06:42:41Z,4.787798016
2284.0,3.7678534984588623,4789895168.0,y8brg36d,peteish1-20241104_064220,2024-11-04T06:42:41Z,4.789895168
2285.0,3.7500622272491455,4791992320.0,y8brg36d,peteish1-20241104_064220,2024-11-04T06:42:41Z,4.79199232
2286.0,3.7336597442626953,4794089472.0,y8brg36d,peteish1-20241104_064220,2024-11-04T06:42:41Z,4.794089472
2287.0,3.748558521270752,4796186624.0,y8brg36d,peteish1-20241104_064220,2024-11-04T06:42:41Z,4.796186624
2288.0,3.749688148498535,4798283776.0,y8brg36d,peteish1-20241104_064220,2024-11-04T06:42:41Z,4.798283776
2289.0,3.706000804901123,4800380928.0,y8brg36d,peteish1-20241104_064220,2024-11-04T06:42:41Z,4.800380928
2290.0,3.7601330280303955,4802478080.0,y8brg36d,peteish1-20241104_064220,2024-11-04T06:42:41Z,4.80247808
2291.0,3.732865571975708,4804575232.0,y8brg36d,peteish1-20241104_064220,2024-11-04T06:42:41Z,4.804575232
2292.0,3.7761428356170654,4806672384.0,y8brg36d,peteish1-20241104_064220,2024-11-04T06:42:41Z,4.806672384
2293.0,3.757068395614624,4808769536.0,y8brg36d,peteish1-20241104_064220,2024-11-04T06:42:41Z,4.808769536
2294.0,3.704202651977539,4810866688.0,y8brg36d,peteish1-20241104_064220,2024-11-04T06:42:41Z,4.810866688
2295.0,3.7359914779663086,4812963840.0,y8brg36d,peteish1-20241104_064220,2024-11-04T06:42:41Z,4.81296384
2296.0,3.7296767234802246,4815060992.0,y8brg36d,peteish1-20241104_064220,2024-11-04T06:42:41Z,4.815060992
2297.0,3.7285726070404053,4817158144.0,y8brg36d,peteish1-20241104_064220,2024-11-04T06:42:41Z,4.817158144
2298.0,3.710211753845215,4819255296.0,y8brg36d,peteish1-20241104_064220,2024-11-04T06:42:41Z,4.819255296
2299.0,3.7402758598327637,4821352448.0,y8brg36d,peteish1-20241104_064220,2024-11-04T06:42:41Z,4.821352448
2300.0,3.7193052768707275,4823449600.0,y8brg36d,peteish1-20241104_064220,2024-11-04T06:42:41Z,4.8234496
2301.0,3.72367525100708,4825546752.0,y8brg36d,peteish1-20241104_064220,2024-11-04T06:42:41Z,4.825546752
2302.0,3.729703187942505,4827643904.0,y8brg36d,peteish1-20241104_064220,2024-11-04T06:42:41Z,4.827643904
2303.0,3.7203030586242676,4829741056.0,y8brg36d,peteish1-20241104_064220,2024-11-04T06:42:41Z,4.829741056
2304.0,3.720449209213257,4831838208.0,y8brg36d,peteish1-20241104_064220,2024-11-04T06:42:41Z,4.831838208
2305.0,3.7265732288360596,4833935360.0,y8brg36d,peteish1-20241104_064220,2024-11-04T06:42:41Z,4.83393536
2306.0,3.718100070953369,4836032512.0,y8brg36d,peteish1-20241104_064220,2024-11-04T06:42:41Z,4.836032512
2307.0,3.7335617542266846,4838129664.0,y8brg36d,peteish1-20241104_064220,2024-11-04T06:42:41Z,4.838129664
2308.0,3.730665922164917,4840226816.0,y8brg36d,peteish1-20241104_064220,2024-11-04T06:42:41Z,4.840226816
2309.0,3.6898982524871826,4842323968.0,y8brg36d,peteish1-20241104_064220,2024-11-04T06:42:41Z,4.842323968
2310.0,3.739619731903076,4844421120.0,y8brg36d,peteish1-20241104_064220,2024-11-04T06:42:41Z,4.84442112
2311.0,3.7270851135253906,4846518272.0,y8brg36d,peteish1-20241104_064220,2024-11-04T06:42:41Z,4.846518272
2312.0,3.742795705795288,4848615424.0,y8brg36d,peteish1-20241104_064220,2024-11-04T06:42:41Z,4.848615424
2313.0,3.6937754154205322,4850712576.0,y8brg36d,peteish1-20241104_064220,2024-11-04T06:42:41Z,4.850712576
2314.0,3.7327520847320557,4852809728.0,y8brg36d,peteish1-20241104_064220,2024-11-04T06:42:41Z,4.852809728
2315.0,3.711862802505493,4854906880.0,y8brg36d,peteish1-20241104_064220,2024-11-04T06:42:41Z,4.85490688
2316.0,3.7567532062530518,4857004032.0,y8brg36d,peteish1-20241104_064220,2024-11-04T06:42:41Z,4.857004032
2317.0,3.7213845252990723,4859101184.0,y8brg36d,peteish1-20241104_064220,2024-11-04T06:42:41Z,4.859101184
2318.0,3.715611457824707,4861198336.0,y8brg36d,peteish1-20241104_064220,2024-11-04T06:42:41Z,4.861198336
2319.0,3.7274532318115234,4863295488.0,y8brg36d,peteish1-20241104_064220,2024-11-04T06:42:41Z,4.863295488
2320.0,3.705740213394165,4865392640.0,y8brg36d,peteish1-20241104_064220,2024-11-04T06:42:41Z,4.86539264
2321.0,3.7158608436584473,4867489792.0,y8brg36d,peteish1-20241104_064220,2024-11-04T06:42:41Z,4.867489792
2322.0,3.741213083267212,4869586944.0,y8brg36d,peteish1-20241104_064220,2024-11-04T06:42:41Z,4.869586944
2323.0,3.6869332790374756,4871684096.0,y8brg36d,peteish1-20241104_064220,2024-11-04T06:42:41Z,4.871684096
2324.0,3.7456278800964355,4873781248.0,y8brg36d,peteish1-20241104_064220,2024-11-04T06:42:41Z,4.873781248
2325.0,3.734023094177246,4875878400.0,y8brg36d,peteish1-20241104_064220,2024-11-04T06:42:41Z,4.8758784
2326.0,3.7066197395324707,4877975552.0,y8brg36d,peteish1-20241104_064220,2024-11-04T06:42:41Z,4.877975552
2327.0,3.731969118118286,4880072704.0,y8brg36d,peteish1-20241104_064220,2024-11-04T06:42:41Z,4.880072704
2328.0,3.6986043453216553,4882169856.0,y8brg36d,peteish1-20241104_064220,2024-11-04T06:42:41Z,4.882169856
2329.0,3.6913087368011475,4884267008.0,y8brg36d,peteish1-20241104_064220,2024-11-04T06:42:41Z,4.884267008
2330.0,3.71954083442688,4886364160.0,y8brg36d,peteish1-20241104_064220,2024-11-04T06:42:41Z,4.88636416
2331.0,3.72282338142395,4888461312.0,y8brg36d,peteish1-20241104_064220,2024-11-04T06:42:41Z,4.888461312
2332.0,3.705998659133911,4890558464.0,y8brg36d,peteish1-20241104_064220,2024-11-04T06:42:41Z,4.890558464
2333.0,3.7085773944854736,4892655616.0,y8brg36d,peteish1-20241104_064220,2024-11-04T06:42:41Z,4.892655616
2334.0,3.720398187637329,4894752768.0,y8brg36d,peteish1-20241104_064220,2024-11-04T06:42:41Z,4.894752768
2335.0,3.7165234088897705,4896849920.0,y8brg36d,peteish1-20241104_064220,2024-11-04T06:42:41Z,4.89684992
2336.0,3.7013583183288574,4898947072.0,y8brg36d,peteish1-20241104_064220,2024-11-04T06:42:41Z,4.898947072
2337.0,3.7315211296081543,4901044224.0,y8brg36d,peteish1-20241104_064220,2024-11-04T06:42:41Z,4.901044224
2338.0,3.723667621612549,4903141376.0,y8brg36d,peteish1-20241104_064220,2024-11-04T06:42:41Z,4.903141376
2339.0,3.711998462677002,4905238528.0,y8brg36d,peteish1-20241104_064220,2024-11-04T06:42:41Z,4.905238528
2340.0,3.7256057262420654,4907335680.0,y8brg36d,peteish1-20241104_064220,2024-11-04T06:42:41Z,4.90733568
2341.0,3.7397310733795166,4909432832.0,y8brg36d,peteish1-20241104_064220,2024-11-04T06:42:41Z,4.909432832
2342.0,3.734980583190918,4911529984.0,y8brg36d,peteish1-20241104_064220,2024-11-04T06:42:41Z,4.911529984
2343.0,3.7227344512939453,4913627136.0,y8brg36d,peteish1-20241104_064220,2024-11-04T06:42:41Z,4.913627136
2344.0,3.7104172706604004,4915724288.0,y8brg36d,peteish1-20241104_064220,2024-11-04T06:42:41Z,4.915724288
2345.0,3.7105937004089355,4917821440.0,y8brg36d,peteish1-20241104_064220,2024-11-04T06:42:41Z,4.91782144
2346.0,3.7230896949768066,4919918592.0,y8brg36d,peteish1-20241104_064220,2024-11-04T06:42:41Z,4.919918592
2347.0,3.7154080867767334,4922015744.0,y8brg36d,peteish1-20241104_064220,2024-11-04T06:42:41Z,4.922015744
2348.0,3.687040328979492,4924112896.0,y8brg36d,peteish1-20241104_064220,2024-11-04T06:42:41Z,4.924112896
2349.0,3.720720052719116,4926210048.0,y8brg36d,peteish1-20241104_064220,2024-11-04T06:42:41Z,4.926210048
2350.0,3.7376675605773926,4928307200.0,y8brg36d,peteish1-20241104_064220,2024-11-04T06:42:41Z,4.9283072
2351.0,3.6921284198760986,4930404352.0,y8brg36d,peteish1-20241104_064220,2024-11-04T06:42:41Z,4.930404352
2352.0,3.6942615509033203,4932501504.0,y8brg36d,peteish1-20241104_064220,2024-11-04T06:42:41Z,4.932501504
2353.0,3.695213556289673,4934598656.0,y8brg36d,peteish1-20241104_064220,2024-11-04T06:42:41Z,4.934598656
2354.0,3.7081422805786133,4936695808.0,y8brg36d,peteish1-20241104_064220,2024-11-04T06:42:41Z,4.936695808
2355.0,3.6853883266448975,4938792960.0,y8brg36d,peteish1-20241104_064220,2024-11-04T06:42:41Z,4.93879296
2356.0,3.70762300491333,4940890112.0,y8brg36d,peteish1-20241104_064220,2024-11-04T06:42:41Z,4.940890112
2357.0,3.6981277465820312,4942987264.0,y8brg36d,peteish1-20241104_064220,2024-11-04T06:42:41Z,4.942987264
2358.0,3.6752960681915283,4945084416.0,y8brg36d,peteish1-20241104_064220,2024-11-04T06:42:41Z,4.945084416
2359.0,3.720968246459961,4947181568.0,y8brg36d,peteish1-20241104_064220,2024-11-04T06:42:41Z,4.947181568
2360.0,3.7142491340637207,4949278720.0,y8brg36d,peteish1-20241104_064220,2024-11-04T06:42:41Z,4.94927872
2361.0,3.706183433532715,4951375872.0,y8brg36d,peteish1-20241104_064220,2024-11-04T06:42:41Z,4.951375872
2362.0,3.6990816593170166,4953473024.0,y8brg36d,peteish1-20241104_064220,2024-11-04T06:42:41Z,4.953473024
2363.0,3.7307488918304443,4955570176.0,y8brg36d,peteish1-20241104_064220,2024-11-04T06:42:41Z,4.955570176
2364.0,3.7107324600219727,4957667328.0,y8brg36d,peteish1-20241104_064220,2024-11-04T06:42:41Z,4.957667328
2365.0,3.728869915008545,4959764480.0,y8brg36d,peteish1-20241104_064220,2024-11-04T06:42:41Z,4.95976448
2366.0,3.701265573501587,4961861632.0,y8brg36d,peteish1-20241104_064220,2024-11-04T06:42:41Z,4.961861632
2367.0,3.7218198776245117,4963958784.0,y8brg36d,peteish1-20241104_064220,2024-11-04T06:42:41Z,4.963958784
2368.0,3.6815080642700195,4966055936.0,y8brg36d,peteish1-20241104_064220,2024-11-04T06:42:41Z,4.966055936
2369.0,3.708807945251465,4968153088.0,y8brg36d,peteish1-20241104_064220,2024-11-04T06:42:41Z,4.968153088
2370.0,3.7046315670013428,4970250240.0,y8brg36d,peteish1-20241104_064220,2024-11-04T06:42:41Z,4.97025024
2371.0,3.725364923477173,4972347392.0,y8brg36d,peteish1-20241104_064220,2024-11-04T06:42:41Z,4.972347392
2372.0,3.6886072158813477,4974444544.0,y8brg36d,peteish1-20241104_064220,2024-11-04T06:42:41Z,4.974444544
2373.0,3.691434860229492,4976541696.0,y8brg36d,peteish1-20241104_064220,2024-11-04T06:42:41Z,4.976541696
2374.0,3.726635694503784,4978638848.0,y8brg36d,peteish1-20241104_064220,2024-11-04T06:42:41Z,4.978638848
2375.0,3.7010397911071777,4980736000.0,y8brg36d,peteish1-20241104_064220,2024-11-04T06:42:41Z,4.980736
2376.0,3.696014881134033,4982833152.0,y8brg36d,peteish1-20241104_064220,2024-11-04T06:42:41Z,4.982833152
2377.0,3.7039599418640137,4984930304.0,y8brg36d,peteish1-20241104_064220,2024-11-04T06:42:41Z,4.984930304
2378.0,3.7271714210510254,4987027456.0,y8brg36d,peteish1-20241104_064220,2024-11-04T06:42:41Z,4.987027456
2379.0,3.7028722763061523,4989124608.0,y8brg36d,peteish1-20241104_064220,2024-11-04T06:42:41Z,4.989124608
2380.0,3.704758882522583,4991221760.0,y8brg36d,peteish1-20241104_064220,2024-11-04T06:42:41Z,4.99122176
2381.0,3.673407554626465,4993318912.0,y8brg36d,peteish1-20241104_064220,2024-11-04T06:42:41Z,4.993318912
2382.0,3.6719396114349365,4995416064.0,y8brg36d,peteish1-20241104_064220,2024-11-04T06:42:41Z,4.995416064
2383.0,3.6964588165283203,4997513216.0,y8brg36d,peteish1-20241104_064220,2024-11-04T06:42:41Z,4.997513216
2384.0,3.6910603046417236,4999610368.0,y8brg36d,peteish1-20241104_064220,2024-11-04T06:42:41Z,4.999610368
2385.0,3.714895725250244,5001707520.0,y8brg36d,peteish1-20241104_064220,2024-11-04T06:42:41Z,5.00170752
2386.0,3.703295946121216,5003804672.0,y8brg36d,peteish1-20241104_064220,2024-11-04T06:42:41Z,5.003804672
2387.0,3.7124087810516357,5005901824.0,y8brg36d,peteish1-20241104_064220,2024-11-04T06:42:41Z,5.005901824
2388.0,3.666576623916626,5007998976.0,y8brg36d,peteish1-20241104_064220,2024-11-04T06:42:41Z,5.007998976
2389.0,3.698586940765381,5010096128.0,y8brg36d,peteish1-20241104_064220,2024-11-04T06:42:41Z,5.010096128
2390.0,3.699023485183716,5012193280.0,y8brg36d,peteish1-20241104_064220,2024-11-04T06:42:41Z,5.01219328
2391.0,3.704371929168701,5014290432.0,y8brg36d,peteish1-20241104_064220,2024-11-04T06:42:41Z,5.014290432
2392.0,3.6693499088287354,5016387584.0,y8brg36d,peteish1-20241104_064220,2024-11-04T06:42:41Z,5.016387584
2393.0,3.7016942501068115,5018484736.0,y8brg36d,peteish1-20241104_064220,2024-11-04T06:42:41Z,5.018484736
2394.0,3.6981396675109863,5020581888.0,y8brg36d,peteish1-20241104_064220,2024-11-04T06:42:41Z,5.020581888
2395.0,3.683089256286621,5022679040.0,y8brg36d,peteish1-20241104_064220,2024-11-04T06:42:41Z,5.02267904
2396.0,3.7125115394592285,5024776192.0,y8brg36d,peteish1-20241104_064220,2024-11-04T06:42:41Z,5.024776192
2397.0,3.7137815952301025,5026873344.0,y8brg36d,peteish1-20241104_064220,2024-11-04T06:42:41Z,5.026873344
2398.0,3.679534435272217,5028970496.0,y8brg36d,peteish1-20241104_064220,2024-11-04T06:42:41Z,5.028970496
2399.0,3.6957321166992188,5031067648.0,y8brg36d,peteish1-20241104_064220,2024-11-04T06:42:41Z,5.031067648
2400.0,3.7165136337280273,5033164800.0,y8brg36d,peteish1-20241104_064220,2024-11-04T06:42:41Z,5.0331648
2401.0,3.697809934616089,5035261952.0,y8brg36d,peteish1-20241104_064220,2024-11-04T06:42:41Z,5.035261952
2402.0,3.694946050643921,5037359104.0,y8brg36d,peteish1-20241104_064220,2024-11-04T06:42:41Z,5.037359104
2403.0,3.6881134510040283,5039456256.0,y8brg36d,peteish1-20241104_064220,2024-11-04T06:42:41Z,5.039456256
2404.0,3.694965124130249,5041553408.0,y8brg36d,peteish1-20241104_064220,2024-11-04T06:42:41Z,5.041553408
2405.0,3.702320098876953,5043650560.0,y8brg36d,peteish1-20241104_064220,2024-11-04T06:42:41Z,5.04365056
2406.0,3.708584785461426,5045747712.0,y8brg36d,peteish1-20241104_064220,2024-11-04T06:42:41Z,5.045747712
2407.0,3.698801040649414,5047844864.0,y8brg36d,peteish1-20241104_064220,2024-11-04T06:42:41Z,5.047844864
2408.0,3.6835882663726807,5049942016.0,y8brg36d,peteish1-20241104_064220,2024-11-04T06:42:41Z,5.049942016
2409.0,3.6725594997406006,5052039168.0,y8brg36d,peteish1-20241104_064220,2024-11-04T06:42:41Z,5.052039168
2410.0,3.6978566646575928,5054136320.0,y8brg36d,peteish1-20241104_064220,2024-11-04T06:42:41Z,5.05413632
2411.0,3.6524319648742676,5056233472.0,y8brg36d,peteish1-20241104_064220,2024-11-04T06:42:41Z,5.056233472
2412.0,3.70005464553833,5058330624.0,y8brg36d,peteish1-20241104_064220,2024-11-04T06:42:41Z,5.058330624
2413.0,3.69711971282959,5060427776.0,y8brg36d,peteish1-20241104_064220,2024-11-04T06:42:41Z,5.060427776
2414.0,3.68015193939209,5062524928.0,y8brg36d,peteish1-20241104_064220,2024-11-04T06:42:41Z,5.062524928
2415.0,3.6771748065948486,5064622080.0,y8brg36d,peteish1-20241104_064220,2024-11-04T06:42:41Z,5.06462208
2416.0,3.6644363403320312,5066719232.0,y8brg36d,peteish1-20241104_064220,2024-11-04T06:42:41Z,5.066719232
2417.0,3.6796798706054688,5068816384.0,y8brg36d,peteish1-20241104_064220,2024-11-04T06:42:41Z,5.068816384
2418.0,3.677959442138672,5070913536.0,y8brg36d,peteish1-20241104_064220,2024-11-04T06:42:41Z,5.070913536
2419.0,3.7035908699035645,5073010688.0,y8brg36d,peteish1-20241104_064220,2024-11-04T06:42:41Z,5.073010688
2420.0,3.706754446029663,5075107840.0,y8brg36d,peteish1-20241104_064220,2024-11-04T06:42:41Z,5.07510784
2421.0,3.6935842037200928,5077204992.0,y8brg36d,peteish1-20241104_064220,2024-11-04T06:42:41Z,5.077204992
2422.0,3.712265968322754,5079302144.0,y8brg36d,peteish1-20241104_064220,2024-11-04T06:42:41Z,5.079302144
2423.0,3.707641363143921,5081399296.0,y8brg36d,peteish1-20241104_064220,2024-11-04T06:42:41Z,5.081399296
2424.0,3.668792247772217,5083496448.0,y8brg36d,peteish1-20241104_064220,2024-11-04T06:42:41Z,5.083496448
2425.0,3.6989526748657227,5085593600.0,y8brg36d,peteish1-20241104_064220,2024-11-04T06:42:41Z,5.0855936
2426.0,3.697445869445801,5087690752.0,y8brg36d,peteish1-20241104_064220,2024-11-04T06:42:41Z,5.087690752
2427.0,3.680715322494507,5089787904.0,y8brg36d,peteish1-20241104_064220,2024-11-04T06:42:41Z,5.089787904
2428.0,3.6873385906219482,5091885056.0,y8brg36d,peteish1-20241104_064220,2024-11-04T06:42:41Z,5.091885056
2429.0,3.6895883083343506,5093982208.0,y8brg36d,peteish1-20241104_064220,2024-11-04T06:42:41Z,5.093982208
2430.0,3.702565908432007,5096079360.0,y8brg36d,peteish1-20241104_064220,2024-11-04T06:42:41Z,5.09607936
2431.0,3.654585838317871,5098176512.0,y8brg36d,peteish1-20241104_064220,2024-11-04T06:42:41Z,5.098176512
2432.0,3.7195582389831543,5100273664.0,y8brg36d,peteish1-20241104_064220,2024-11-04T06:42:41Z,5.100273664
2433.0,3.7051234245300293,5102370816.0,y8brg36d,peteish1-20241104_064220,2024-11-04T06:42:41Z,5.102370816
2434.0,3.7087888717651367,5104467968.0,y8brg36d,peteish1-20241104_064220,2024-11-04T06:42:41Z,5.104467968
2435.0,3.7076096534729004,5106565120.0,y8brg36d,peteish1-20241104_064220,2024-11-04T06:42:41Z,5.10656512
2436.0,3.6800124645233154,5108662272.0,y8brg36d,peteish1-20241104_064220,2024-11-04T06:42:41Z,5.108662272
2437.0,3.6858720779418945,5110759424.0,y8brg36d,peteish1-20241104_064220,2024-11-04T06:42:41Z,5.110759424
2438.0,3.6903040409088135,5112856576.0,y8brg36d,peteish1-20241104_064220,2024-11-04T06:42:41Z,5.112856576
2439.0,3.6742703914642334,5114953728.0,y8brg36d,peteish1-20241104_064220,2024-11-04T06:42:41Z,5.114953728
2440.0,3.700223445892334,5117050880.0,y8brg36d,peteish1-20241104_064220,2024-11-04T06:42:41Z,5.11705088
2441.0,3.6633617877960205,5119148032.0,y8brg36d,peteish1-20241104_064220,2024-11-04T06:42:41Z,5.119148032
2442.0,3.6574723720550537,5121245184.0,y8brg36d,peteish1-20241104_064220,2024-11-04T06:42:41Z,5.121245184
2443.0,3.6961007118225098,5123342336.0,y8brg36d,peteish1-20241104_064220,2024-11-04T06:42:41Z,5.123342336
2444.0,3.646996259689331,5125439488.0,y8brg36d,peteish1-20241104_064220,2024-11-04T06:42:41Z,5.125439488
2445.0,3.642063617706299,5127536640.0,y8brg36d,peteish1-20241104_064220,2024-11-04T06:42:41Z,5.12753664
2446.0,3.644315481185913,5129633792.0,y8brg36d,peteish1-20241104_064220,2024-11-04T06:42:41Z,5.129633792
2447.0,3.6771233081817627,5131730944.0,y8brg36d,peteish1-20241104_064220,2024-11-04T06:42:41Z,5.131730944
2448.0,3.694986581802368,5133828096.0,y8brg36d,peteish1-20241104_064220,2024-11-04T06:42:41Z,5.133828096
2449.0,3.65564227104187,5135925248.0,y8brg36d,peteish1-20241104_064220,2024-11-04T06:42:41Z,5.135925248
2450.0,3.669485569000244,5138022400.0,y8brg36d,peteish1-20241104_064220,2024-11-04T06:42:41Z,5.1380224
2451.0,3.6719632148742676,5140119552.0,y8brg36d,peteish1-20241104_064220,2024-11-04T06:42:41Z,5.140119552
2452.0,3.6711833477020264,5142216704.0,y8brg36d,peteish1-20241104_064220,2024-11-04T06:42:41Z,5.142216704
2453.0,3.6633758544921875,5144313856.0,y8brg36d,peteish1-20241104_064220,2024-11-04T06:42:41Z,5.144313856
2454.0,3.6610145568847656,5146411008.0,y8brg36d,peteish1-20241104_064220,2024-11-04T06:42:41Z,5.146411008
2455.0,3.6569788455963135,5148508160.0,y8brg36d,peteish1-20241104_064220,2024-11-04T06:42:41Z,5.14850816
2456.0,3.687725305557251,5150605312.0,y8brg36d,peteish1-20241104_064220,2024-11-04T06:42:41Z,5.150605312
2457.0,3.650766372680664,5152702464.0,y8brg36d,peteish1-20241104_064220,2024-11-04T06:42:41Z,5.152702464
2458.0,3.6932578086853027,5154799616.0,y8brg36d,peteish1-20241104_064220,2024-11-04T06:42:41Z,5.154799616
2459.0,3.673515558242798,5156896768.0,y8brg36d,peteish1-20241104_064220,2024-11-04T06:42:41Z,5.156896768
2460.0,3.660446882247925,5158993920.0,y8brg36d,peteish1-20241104_064220,2024-11-04T06:42:41Z,5.15899392
2461.0,3.661954879760742,5161091072.0,y8brg36d,peteish1-20241104_064220,2024-11-04T06:42:41Z,5.161091072
2462.0,3.664623260498047,5163188224.0,y8brg36d,peteish1-20241104_064220,2024-11-04T06:42:41Z,5.163188224
2463.0,3.683917999267578,5165285376.0,y8brg36d,peteish1-20241104_064220,2024-11-04T06:42:41Z,5.165285376
2464.0,3.6773173809051514,5167382528.0,y8brg36d,peteish1-20241104_064220,2024-11-04T06:42:41Z,5.167382528
2465.0,3.707850694656372,5169479680.0,y8brg36d,peteish1-20241104_064220,2024-11-04T06:42:41Z,5.16947968
2466.0,3.6953272819519043,5171576832.0,y8brg36d,peteish1-20241104_064220,2024-11-04T06:42:41Z,5.171576832
2467.0,3.6731317043304443,5173673984.0,y8brg36d,peteish1-20241104_064220,2024-11-04T06:42:41Z,5.173673984
2468.0,3.6674234867095947,5175771136.0,y8brg36d,peteish1-20241104_064220,2024-11-04T06:42:41Z,5.175771136
2469.0,3.685337781906128,5177868288.0,y8brg36d,peteish1-20241104_064220,2024-11-04T06:42:41Z,5.177868288
2470.0,3.6674435138702393,5179965440.0,y8brg36d,peteish1-20241104_064220,2024-11-04T06:42:41Z,5.17996544
2471.0,3.6837708950042725,5182062592.0,y8brg36d,peteish1-20241104_064220,2024-11-04T06:42:41Z,5.182062592
2472.0,3.662160873413086,5184159744.0,y8brg36d,peteish1-20241104_064220,2024-11-04T06:42:41Z,5.184159744
2473.0,3.652729034423828,5186256896.0,y8brg36d,peteish1-20241104_064220,2024-11-04T06:42:41Z,5.186256896
2474.0,3.663435459136963,5188354048.0,y8brg36d,peteish1-20241104_064220,2024-11-04T06:42:41Z,5.188354048
2475.0,3.678562879562378,5190451200.0,y8brg36d,peteish1-20241104_064220,2024-11-04T06:42:41Z,5.1904512
2476.0,3.6595988273620605,5192548352.0,y8brg36d,peteish1-20241104_064220,2024-11-04T06:42:41Z,5.192548352
2477.0,3.661790609359741,5194645504.0,y8brg36d,peteish1-20241104_064220,2024-11-04T06:42:41Z,5.194645504
2478.0,3.706663131713867,5196742656.0,y8brg36d,peteish1-20241104_064220,2024-11-04T06:42:41Z,5.196742656
2479.0,3.675323724746704,5198839808.0,y8brg36d,peteish1-20241104_064220,2024-11-04T06:42:41Z,5.198839808
2480.0,3.6839916706085205,5200936960.0,y8brg36d,peteish1-20241104_064220,2024-11-04T06:42:41Z,5.20093696
2481.0,3.6660208702087402,5203034112.0,y8brg36d,peteish1-20241104_064220,2024-11-04T06:42:41Z,5.203034112
2482.0,3.679384469985962,5205131264.0,y8brg36d,peteish1-20241104_064220,2024-11-04T06:42:41Z,5.205131264
2483.0,3.678762197494507,5207228416.0,y8brg36d,peteish1-20241104_064220,2024-11-04T06:42:41Z,5.207228416
2484.0,3.6758790016174316,5209325568.0,y8brg36d,peteish1-20241104_064220,2024-11-04T06:42:41Z,5.209325568
2485.0,3.6626856327056885,5211422720.0,y8brg36d,peteish1-20241104_064220,2024-11-04T06:42:41Z,5.21142272
2486.0,3.67972469329834,5213519872.0,y8brg36d,peteish1-20241104_064220,2024-11-04T06:42:41Z,5.213519872
2487.0,3.6323812007904053,5215617024.0,y8brg36d,peteish1-20241104_064220,2024-11-04T06:42:41Z,5.215617024
2488.0,3.6600265502929688,5217714176.0,y8brg36d,peteish1-20241104_064220,2024-11-04T06:42:41Z,5.217714176
2489.0,3.6759443283081055,5219811328.0,y8brg36d,peteish1-20241104_064220,2024-11-04T06:42:41Z,5.219811328
2490.0,3.6491239070892334,5221908480.0,y8brg36d,peteish1-20241104_064220,2024-11-04T06:42:41Z,5.22190848
2491.0,3.657271146774292,5224005632.0,y8brg36d,peteish1-20241104_064220,2024-11-04T06:42:41Z,5.224005632
2492.0,3.632427930831909,5226102784.0,y8brg36d,peteish1-20241104_064220,2024-11-04T06:42:41Z,5.226102784
2493.0,3.6499574184417725,5228199936.0,y8brg36d,peteish1-20241104_064220,2024-11-04T06:42:41Z,5.228199936
2494.0,3.653285026550293,5230297088.0,y8brg36d,peteish1-20241104_064220,2024-11-04T06:42:41Z,5.230297088
2495.0,3.6622917652130127,5232394240.0,y8brg36d,peteish1-20241104_064220,2024-11-04T06:42:41Z,5.23239424
2496.0,3.670116901397705,5234491392.0,y8brg36d,peteish1-20241104_064220,2024-11-04T06:42:41Z,5.234491392
2497.0,3.6312918663024902,5236588544.0,y8brg36d,peteish1-20241104_064220,2024-11-04T06:42:41Z,5.236588544
