step,train/nll,train/sparsity_loss,train/total_loss,train/lr,train/predictor_lr,train/tokens_per_sec,train/tokens_seen_B,grad/base_norm,grad/predictor_norm,schedule/tau,schedule/lambda,train/use_dagformer,eval/nll_soft,eval/nll_hard,eval/nll_baseline
0,11.703125,0.0,11.703125,0.0,0.0,29447.097497009792,0.000524288,0.9976771659515238,0.05571816546886475,5.0,0.0,1.0,,,
10,11.66796875,0.0,11.66796875,1e-05,2e-06,32862.45784977809,0.005767168,1.0012318069793067,0.05117900932602973,4.999997039119288,2.5e-05,1.0,,,
20,11.583984375,0.0,11.583984375,2e-05,4e-06,32738.151330657613,0.011010048,0.9979405920868907,0.06270479416848203,4.99998815648446,5e-05,1.0,,,
30,10.83984375,0.0,10.83984375,2.9999999999999997e-05,6e-06,32753.629336256603,0.016252928,0.9427733794443514,0.33061255195232386,4.999973352117431,7.5e-05,1.0,,,
40,9.673828125,0.0,9.673828125,4e-05,8e-06,32629.545914693386,0.021495808,0.9113329703951059,0.4048416926618551,4.9999526260547285,0.0001,1.0,,,
50,9.26171875,0.0,9.26171875,5e-05,1e-05,32614.458705311306,0.026738688,0.9569022399927906,0.27506831600382775,4.999925978347496,0.000125,1.0,,,
60,9.427734375,0.0,9.427734375,5.9999999999999995e-05,1.2e-05,32673.10886032167,0.031981568,0.9938738928260024,0.13189581617580237,4.99989340906148,0.00015,1.0,,,
70,8.85546875,0.0,8.85546875,7.000000000000001e-05,1.4e-05,32665.2333694717,0.037224448,0.9911516491408461,0.13166034070823676,4.999854918277044,0.00017500000000000003,1.0,,,
80,8.25,0.0,8.25,8e-05,1.6e-05,32698.799420100502,0.042467328,0.95622077866146,0.29934210146688667,4.999810506089159,0.0002,1.0,,,
90,7.80859375,0.0,7.80859375,8.999999999999999e-05,1.8e-05,32724.681317438775,0.047710208,0.9353891695916731,0.35512699328309794,4.999760172607409,0.000225,1.0,,,
100,7.396484375,0.0,7.396484375,0.0001,2e-05,32745.75319706513,0.052953088,0.899139385662264,0.44460642519163324,4.999703917955985,0.00025,1.0,,,
110,7.490234375,0.0,7.490234375,0.00011,2.2000000000000003e-05,32765.327419219982,0.058195968,0.8512134279287736,0.2931868310545701,4.999641742273693,0.000275,1.0,,,
120,7.4775390625,0.0,7.4775390625,0.00011999999999999999,2.4e-05,32726.898122188086,0.063438848,0.8287426038298871,0.3206245348997052,4.999573645713942,0.0003,1.0,,,
130,6.7275390625,0.0,6.7275390625,0.00013000000000000002,2.6000000000000002e-05,32742.509784182195,0.068681728,0.9317684717632604,0.36249241869789894,4.999499628444755,0.000325,1.0,,,
140,6.814453125,0.0,6.814453125,0.00014000000000000001,2.8e-05,32761.53694377632,0.073924608,0.9667897897936198,0.26028490632451246,4.999419690648762,0.00035000000000000005,1.0,,,
150,6.5654296875,0.0,6.5654296875,0.00015,3e-05,32761.098502202636,0.079167488,0.8187002225906246,0.5759278331792803,4.9993338325232015,0.000375,1.0,,,
160,6.3193359375,0.0,6.3193359375,0.00016,3.2e-05,32754.7600465617,0.084410368,0.9127825317463099,0.3537004779326375,4.99924205427992,0.0004,1.0,,,
170,6.123046875,0.0,6.123046875,0.00017,3.4e-05,32762.97718119849,0.089653248,0.7411551677417147,0.6691546864262005,4.999144356145371,0.000425,1.0,,,
180,7.5859375,0.0,7.5859375,0.00017999999999999998,3.6e-05,32758.452276677377,0.094896128,0.6367604937095929,0.7693705994475999,4.999040738360615,0.00045,1.0,,,
190,6.677734375,0.0,6.677734375,0.00019,3.8e-05,32759.247959024146,0.100139008,0.81593638711806,0.5798589812302293,4.99893120118132,0.00047500000000000005,1.0,,,
200,6.24609375,0.0,6.24609375,0.0002,4e-05,32768.838227870685,0.105381888,0.8216701567614347,0.5696639866755555,4.9988157448777555,0.0005,1.0,,,
210,6.1787109375,0.0,6.1787109375,0.00020999999999999998,4.2000000000000004e-05,32762.280364832128,0.110624768,0.8628544462161755,0.19236966899775185,4.9986943697348005,0.0005250000000000001,1.0,,,
220,6.328125,0.0,6.328125,0.00022,4.4000000000000006e-05,32768.88845955605,0.115867648,0.8447238050695358,0.5322590280023716,4.998567076051935,0.00055,1.0,,,
230,6.0205078125,0.0,6.0205078125,0.00023,4.6e-05,32770.319741117,0.121110528,0.5820590594074606,0.813323798201594,4.9984338641432435,0.0005750000000000001,1.0,,,
240,6.173828125,0.0,6.173828125,0.00023999999999999998,4.8e-05,32780.96917446518,0.126353408,0.9732895551952817,0.2433788653922944,4.9982947343374144,0.0006,1.0,,,
250,5.8603515625,0.0,5.8603515625,0.00025,5e-05,32785.98067312679,0.131596288,0.924163527500551,0.2146290066791897,4.998149686977735,0.000625,1.0,,,
260,6.0615234375,0.0,6.0615234375,0.00026000000000000003,5.2000000000000004e-05,32788.71104373123,0.136839168,0.8821249771546007,0.4709726672050915,4.997998722422096,0.00065,1.0,,,
270,6.24609375,0.0,6.24609375,0.00027,5.4e-05,32795.01245324483,0.142082048,0.8592330128978276,0.5149734405493872,4.997841841042988,0.000675,1.0,,,
280,5.9609375,0.0,5.9609375,0.00028000000000000003,5.6e-05,32800.12792851024,0.147324928,0.4144849136459939,0.9094148948101374,4.9976790432275,0.0007000000000000001,1.0,,,
290,5.67578125,0.0,5.67578125,0.00029,5.8e-05,32807.33127013786,0.152567808,0.32036994623164416,0.9475553061115135,4.9975103293773175,0.000725,1.0,,,
300,5.7470703125,0.0,5.7470703125,0.0003,6e-05,32807.46221877826,0.157810688,0.784676397460324,0.2700624674879944,4.997335699908728,0.00075,1.0,,,
310,5.771484375,0.0,5.771484375,0.00031,6.2e-05,32808.31306349271,0.163053568,0.4516510406304016,0.8919636090730241,4.997155155252611,0.000775,1.0,,,
320,5.6025390625,0.0,5.6025390625,0.00032,6.4e-05,32810.730925166,0.168296448,0.8064751671759359,0.3288008269172171,4.996968695854442,0.0008,1.0,,,
330,5.935546875,0.0,5.935546875,0.00033,6.6e-05,32803.73360481007,0.173539328,0.9462200156947019,0.31407329958183966,4.996776322174291,0.0008250000000000001,1.0,,,
340,5.873046875,0.0,5.873046875,0.00034,6.8e-05,32808.678547714786,0.178782208,0.9319500757310231,0.36022490246097494,4.996578034686824,0.00085,1.0,,,
350,5.572265625,0.0,5.572265625,0.00035000000000000005,7.000000000000001e-05,32811.610236714354,0.184025088,0.4126136018375896,0.9106218481373165,4.996373833881291,0.000875,1.0,,,
360,6.201171875,0.0,6.201171875,0.00035999999999999997,7.2e-05,32817.50137210655,0.189267968,0.8430155971011105,0.5368396576831223,4.99616372026154,0.0009,1.0,,,
370,5.7587890625,0.0,5.7587890625,0.00037,7.400000000000001e-05,32815.98061722684,0.194510848,0.7966479737319317,0.603539157285787,4.995947694346005,0.000925,1.0,,,
380,5.49609375,0.0,5.49609375,0.00038,7.6e-05,32820.26396765878,0.199753728,0.6774072130585397,0.7372050723486319,4.995725756667708,0.0009500000000000001,1.0,,,
390,5.927734375,0.0,5.927734375,0.00039,7.8e-05,32823.82865598826,0.204996608,0.7062243370829905,0.7109436014314677,4.995497907774259,0.000975,1.0,,,
400,5.4306640625,0.0,5.4306640625,0.0004,8e-05,32822.24851636175,0.210239488,0.7924091571042197,0.30019933331704224,4.995264148227852,0.001,1.0,,,
410,5.423828125,0.0,5.423828125,0.00041000000000000005,8.2e-05,32826.72116712574,0.215482368,0.5681370580351454,0.8237790569527597,4.995024478605265,0.0010249999999999999,1.0,,,
420,5.291015625,0.0,5.291015625,0.00041999999999999996,8.400000000000001e-05,32825.28511566051,0.220725248,0.5656873375448574,0.8247528009219695,4.9947788994978595,0.0010500000000000002,1.0,,,
430,5.646484375,0.0,5.646484375,0.00043,8.6e-05,32829.96340535388,0.225968128,0.8942086934660142,0.4403644175742139,4.994527411511577,0.001075,1.0,,,
440,5.6064453125,0.0,5.6064453125,0.00044,8.800000000000001e-05,32828.891691945355,0.231211008,0.5492505136811955,0.8357322448502605,4.99427001526694,0.0011,1.0,,,
450,5.4072265625,0.0,5.4072265625,0.00045,9e-05,32831.99503390355,0.236453888,0.688024651262879,0.6808712538290992,4.994006711399049,0.001125,1.0,,,
460,5.2109375,0.0,5.2109375,0.00046,9.2e-05,32834.956743100345,0.241696768,0.4664569655005738,0.8848730758059141,4.993737500557577,0.0011500000000000002,1.0,,,
470,5.4287109375,0.0,5.4287109375,0.00047000000000000004,9.4e-05,32833.97623901042,0.246939648,0.6822776613355177,0.7304467394466936,4.993462383406777,0.001175,1.0,,,
480,5.1904296875,0.0,5.1904296875,0.00047999999999999996,9.6e-05,32835.78396447986,0.252182528,0.5020487799744117,0.864276552273437,4.993181360625473,0.0012,1.0,,,
490,5.009765625,0.0,5.009765625,0.00049,9.800000000000001e-05,32833.34680010393,0.257425408,0.8205080013854091,0.5738954456399672,4.992894432907062,0.0012250000000000002,1.0,,,
500,5.1513671875,0.0,5.1513671875,0.0005,0.0001,32835.135276744404,0.262668288,0.40594221827936416,0.9140437172444952,4.992601600959508,0.00125,1.0,,,
510,5.25,0.0,5.25,0.0004997435897435898,9.994871794871795e-05,32833.80578926148,0.267911168,0.641976639723024,0.6177111122897856,4.992302865505343,0.001275,1.0,,,
520,5.3369140625,0.0,5.3369140625,0.0004994871794871795,9.98974358974359e-05,32824.40145751025,0.273154048,0.6930580390910308,0.34901648759041193,4.991998227281671,0.0013,1.0,,,
530,5.392578125,0.0,5.392578125,0.0004992307692307693,9.984615384615385e-05,32828.46433237679,0.278396928,0.6765117796130958,0.39756095369186667,4.991687687040155,0.001325,1.0,,,
540,5.0185546875,0.0,5.0185546875,0.000498974358974359,9.979487179487181e-05,32829.05147112011,0.283639808,0.4284193721836947,0.9036209374403359,4.991371245547022,0.00135,1.0,,,
550,5.2822265625,0.0,5.2822265625,0.0004987179487179487,9.974358974358975e-05,32828.40220507166,0.288882688,0.8123962725568282,0.5794006705851922,4.991048903583059,0.001375,1.0,,,
560,5.265625,0.0,5.265625,0.0004984615384615384,9.96923076923077e-05,32828.53984989048,0.294125568,0.6865202918560755,0.4372637608901537,4.990720661943614,0.0014000000000000002,1.0,,,
570,6.24609375,0.0,6.24609375,0.0004982051282051282,9.964102564102564e-05,32827.65963004916,0.299368448,0.8279314917351309,0.5619714040743421,4.99038652143859,0.001425,1.0,,,
580,5.44921875,0.0,5.44921875,0.000497948717948718,9.958974358974358e-05,32828.38444124412,0.304611328,0.19649404372706317,0.9805602987984273,4.990046482892446,0.00145,1.0,,,
590,5.35546875,0.0,5.35546875,0.0004976923076923077,9.953846153846155e-05,32828.78624364272,0.309854208,0.8118418801065189,0.5863367388377998,4.989700547144192,0.0014750000000000002,1.0,,,
600,5.0341796875,0.0,5.0341796875,0.0004974358974358975,9.948717948717949e-05,32829.15376465662,0.315097088,0.5883200584608016,0.5297370701825421,4.989348715047392,0.0015,1.0,,,
610,5.28515625,0.0,5.28515625,0.0004971794871794872,9.943589743589745e-05,32825.60845096064,0.320339968,0.6494859752027787,0.7584356388187652,4.988990987470156,0.001525,1.0,,,
620,4.8076171875,0.0,4.8076171875,0.0004969230769230769,9.938461538461539e-05,32827.35967639328,0.325582848,0.693186905254815,0.7196973212896497,4.98862736529514,0.00155,1.0,,,
630,4.626953125,0.0,4.626953125,0.0004966666666666666,9.933333333333334e-05,32821.90563556041,0.330825728,0.4468657586305311,0.6067478091325227,4.988257849419547,0.001575,1.0,,,
640,5.7568359375,0.0,5.7568359375,0.0004964102564102565,9.92820512820513e-05,32821.80070542705,0.336068608,0.6744072215953003,0.7390491461175425,4.98788244075512,0.0016,1.0,,,
650,5.681640625,0.0,5.681640625,0.0004961538461538461,9.923076923076923e-05,32821.26779315917,0.341311488,0.7425354191632683,0.6726988092921348,4.987501140228144,0.001625,1.0,,,
660,4.869140625,0.0,4.869140625,0.0004958974358974359,9.917948717948719e-05,32822.24005623788,0.346554368,0.7125423723572382,0.45790112833967345,4.987113948779437,0.0016500000000000002,1.0,,,
670,5.6181640625,0.0,5.6181640625,0.0004956410256410257,9.912820512820513e-05,32814.79029242303,0.351797248,0.9020052065370949,0.4184317886725661,4.986720867364359,0.001675,1.0,,,
680,5.18359375,0.0,5.18359375,0.0004953846153846154,9.907692307692308e-05,32818.20787567902,0.357040128,0.5260726567834569,0.8492733921604886,4.986321896952798,0.0017,1.0,,,
690,5.5908203125,0.0,5.5908203125,0.0004951282051282051,9.902564102564102e-05,32821.04189905899,0.362283008,0.6382177592599058,0.6569467913655902,4.985917038529172,0.0017250000000000002,1.0,,,
700,5.1923828125,0.0,5.1923828125,0.0004948717948717949,9.897435897435898e-05,32821.7597458128,0.367525888,0.5082511460610633,0.8614786582586191,4.985506293092431,0.00175,1.0,,,
710,4.8544921875,0.0,4.8544921875,0.0004946153846153847,9.892307692307693e-05,32821.26956507929,0.372768768,0.5376332695054425,0.5118797842846129,4.9850896616560485,0.001775,1.0,,,
720,4.6416015625,0.0,4.6416015625,0.0004943589743589743,9.887179487179487e-05,32821.22489385047,0.378011648,0.5475141559853045,0.48428254209294985,4.98466714524802,0.0018,1.0,,,
730,5.5068359375,0.0,5.5068359375,0.0004941025641025641,9.882051282051283e-05,32819.6996915609,0.383254528,0.4226592199232013,0.9059678086305311,4.984238744910863,0.001825,1.0,,,
740,4.5244140625,0.0,4.5244140625,0.0004938461538461538,9.876923076923077e-05,32815.7153133962,0.388497408,0.7020162989051615,0.711203480514042,4.983804461701615,0.00185,1.0,,,
750,5.1640625,0.0,5.1640625,0.0004935897435897436,9.871794871794872e-05,32816.07325286465,0.393740288,0.5697843673260135,0.4124571590738262,4.983364296691823,0.001875,1.0,,,
760,5.0771484375,0.0,5.0771484375,0.0004933333333333334,9.866666666666668e-05,32816.266594297325,0.398983168,0.5887192363263757,0.8092382985860715,4.982918250967552,0.0019000000000000002,1.0,,,
770,4.8662109375,0.0,4.8662109375,0.0004930769230769231,9.861538461538462e-05,32818.82801923718,0.404226048,0.42913252214091785,0.31218008617271037,4.982466325629376,0.001925,1.0,,,
780,4.96875,0.0,4.96875,0.0004928205128205129,9.856410256410257e-05,32818.719015789684,0.409468928,0.4552650604486173,0.47794073634423123,4.982008521792377,0.00195,1.0,,,
790,4.9638671875,0.0,4.9638671875,0.0004925641025641025,9.851282051282051e-05,32820.33793704205,0.414711808,0.5857247544665012,0.8125296041750739,4.981544840586138,0.001975,1.0,,,
800,5.080078125,0.0,5.080078125,0.0004923076923076924,9.846153846153848e-05,32820.65615620555,0.419954688,0.671460354527423,0.6752343392252298,4.981075283154747,0.002,1.0,,,
810,4.76171875,0.0,4.76171875,0.000492051282051282,9.841025641025642e-05,32821.22162286041,0.425197568,0.6724414992070675,0.7206783243195398,4.98059985065679,0.002025,1.0,,,
820,5.0322265625,0.0,5.0322265625,0.0004917948717948718,9.835897435897436e-05,32822.95186016633,0.430440448,0.6196013625968453,0.6304450534955783,4.980118544265351,0.0020499999999999997,1.0,,,
830,4.810546875,0.0,4.810546875,0.0004915384615384616,9.830769230769231e-05,32822.94480735568,0.435683328,0.6642907409778789,0.3986779490464364,4.979631365168004,0.002075,1.0,,,
840,4.771484375,0.0,4.771484375,0.0004912820512820513,9.825641025641025e-05,32823.64363997337,0.440926208,0.6872705176629834,0.5490872501411741,4.979138314566816,0.0021000000000000003,1.0,,,
850,4.5439453125,0.0,4.5439453125,0.0004910256410256411,9.820512820512821e-05,32822.94445677698,0.446169088,0.6063066701897617,0.7081905257042934,4.97863939367834,0.002125,1.0,,,
860,5.015625,0.0,5.015625,0.0004907692307692308,9.815384615384616e-05,32822.58008782955,0.451411968,0.5198100520129326,0.8542743263282714,4.978134603733613,0.00215,1.0,,,
870,4.3701171875,0.0,4.3701171875,0.0004905128205128206,9.810256410256412e-05,32824.9415878505,0.456654848,0.6150114266081307,0.7885831656547475,4.977623945978155,0.0021750000000000003,1.0,,,
880,4.6611328125,0.0,4.6611328125,0.0004902564102564102,9.805128205128206e-05,32823.52382700322,0.461897728,0.48978521477765996,0.6084719307320443,4.977107421671962,0.0022,1.0,,,
890,5.21484375,0.0,5.21484375,0.00049,9.8e-05,32824.42019747704,0.467140608,0.43136169174587136,0.28189107568134,4.97658503208951,0.002225,1.0,,,
900,4.828125,0.0,4.828125,0.0004897435897435897,9.794871794871795e-05,32823.295981676674,0.472383488,0.4931366127127543,0.2546020147619442,4.976056778519738,0.00225,1.0,,,
910,4.5283203125,0.0,4.5283203125,0.0004894871794871795,9.78974358974359e-05,32824.66150789687,0.477626368,0.6205206129349371,0.6089240222166222,4.975522662266062,0.002275,1.0,,,
920,4.76171875,0.0,4.76171875,0.0004892307692307693,9.784615384615386e-05,32825.01321344057,0.482869248,0.4966437375642054,0.4053841970632432,4.974982684646362,0.0023000000000000004,1.0,,,
930,4.55859375,0.0,4.55859375,0.000488974358974359,9.77948717948718e-05,32825.84175547403,0.488112128,0.38038944410649794,0.39967226645456894,4.974436846992978,0.0023250000000000002,1.0,,,
940,4.68359375,0.0,4.68359375,0.0004887179487179488,9.774358974358975e-05,32827.85744412821,0.493355008,0.3463477049497358,0.38564376180564747,4.973885150652708,0.00235,1.0,,,
950,4.5166015625,0.0,4.5166015625,0.0004884615384615384,9.76923076923077e-05,32828.29362572699,0.498597888,0.4003226706107082,0.3710089846909763,4.973327596986811,0.002375,1.0,,,
960,4.673828125,0.0,4.673828125,0.0004882051282051282,9.764102564102563e-05,32828.83972570059,0.503840768,0.4577759972343527,0.3509011966701186,4.972764187370993,0.0024,1.0,,,
970,4.36376953125,0.0,4.36376953125,0.000487948717948718,9.75897435897436e-05,32822.7659149726,0.509083648,0.3729800645615293,0.9278675480740336,4.9721949231954135,0.002425,1.0,,,
980,4.59765625,0.0,4.59765625,0.0004876923076923077,9.753846153846154e-05,32823.83043415086,0.514326528,0.410613763739844,0.7642454454750278,4.971619805864673,0.0024500000000000004,1.0,,,
990,4.44921875,0.0,4.44921875,0.00048743589743589744,9.74871794871795e-05,32824.44010585565,0.519569408,0.6753491941578967,0.43501394252530023,4.971038836797818,0.002475,1.0,,,
1000,4.3359375,0.0,4.3359375,0.0004871794871794872,9.743589743589744e-05,32823.885975430196,0.524812288,0.5342819354619445,0.7247280526915565,4.970452017428331,0.0025,1.0,,,
1000,,,,,,,,,,,,,6.730769230769231,6.730769230769231,7.0673076923076925
1010,4.13037109375,0.0,4.13037109375,0.0004869230769230769,9.738461538461539e-05,32810.34078491393,0.530055168,0.36584824455213005,0.7322820634405375,4.96985934920413,0.002525,1.0,,,
1020,4.4453125,0.0,4.4453125,0.0004866666666666667,9.733333333333335e-05,32810.18850521377,0.535298048,0.4454097491622437,0.31555891101516453,4.969260833587566,0.00255,1.0,,,
1030,4.2294921875,0.0,4.2294921875,0.0004864102564102564,9.728205128205129e-05,32810.90122611527,0.540540928,0.43067463234510533,0.5136029509354971,4.968656472055416,0.002575,1.0,,,
1040,4.873046875,0.0,4.873046875,0.0004861538461538462,9.723076923076924e-05,32812.32351114589,0.545783808,0.5175700949128058,0.7487595649564501,4.968046266098883,0.0026,1.0,,,
1050,4.32861328125,0.0,4.32861328125,0.0004858974358974359,9.717948717948718e-05,32813.581903947226,0.551026688,0.3994246074234636,0.5673576086226182,4.967430217223589,0.002625,1.0,,,
1060,4.5244140625,0.0,4.5244140625,0.00048564102564102563,9.712820512820513e-05,32815.95249124416,0.556269568,0.28894476188277407,0.9575436363207472,4.9668083269495735,0.00265,1.0,,,
1070,4.4970703125,0.0,4.4970703125,0.0004853846153846154,9.707692307692308e-05,32816.08750583843,0.561512448,0.40822415584752886,0.3486977537268781,4.966180596811288,0.0026750000000000003,1.0,,,
1080,4.9970703125,0.0,4.9970703125,0.00048512820512820515,9.702564102564103e-05,32817.56689636296,0.566755328,0.46271882463544517,0.5968927067927348,4.965547028357595,0.0027,1.0,,,
1090,4.03466796875,0.0,4.03466796875,0.0004848717948717949,9.697435897435898e-05,32818.57903311013,0.571998208,0.3398156816259816,0.39120374209234515,4.9649076231517615,0.002725,1.0,,,
1100,4.23974609375,0.0,4.23974609375,0.0004846153846153846,9.692307692307692e-05,32817.52896934649,0.577241088,0.35660057886588437,0.43607801598193213,4.964262382771457,0.00275,1.0,,,
1110,4.30224609375,0.0,4.30224609375,0.00048435897435897436,9.687179487179488e-05,32819.892084507774,0.582483968,0.3623880481948505,0.27730567127863914,4.963611308808748,0.002775,1.0,,,
1120,4.3017578125,0.0,4.3017578125,0.00048410256410256407,9.682051282051282e-05,32821.435985095086,0.587726848,0.4148775651165581,0.2962533313546374,4.962954402870093,0.0028000000000000004,1.0,,,
1130,4.3271484375,0.0,4.3271484375,0.0004838461538461539,9.676923076923077e-05,32822.295316350195,0.592969728,0.3802028837824963,0.2820014604113064,4.962291666576344,0.0028250000000000003,1.0,,,
1140,4.279296875,0.0,4.279296875,0.00048358974358974363,9.671794871794873e-05,32822.69559345826,0.598212608,0.32593480627776117,0.39368701650344395,4.9616231015627354,0.00285,1.0,,,
1150,4.03466796875,0.0,4.03466796875,0.00048333333333333334,9.666666666666667e-05,32821.63618103624,0.603455488,0.4864375689853009,0.5421101432971775,4.960948709478886,0.002875,1.0,,,
1160,4.33203125,0.0,4.33203125,0.0004830769230769231,9.661538461538462e-05,32824.001775715464,0.608698368,0.3787624996879488,0.4094553919566151,4.960268491988791,0.0029,1.0,,,
1170,4.7060546875,0.0,4.7060546875,0.0004828205128205128,9.656410256410256e-05,32824.08947119366,0.613941248,0.3178920533390463,0.32388365663853513,4.959582450770819,0.002925,1.0,,,
1180,4.375,0.0,4.375,0.00048256410256410255,9.651282051282052e-05,32818.16838021579,0.619184128,0.5543081768831358,0.8254319872196035,4.958890587517709,0.0029500000000000004,1.0,,,
1190,4.7783203125,0.0,4.7783203125,0.0004823076923076923,9.646153846153847e-05,32819.632881285674,0.624427008,0.3190068719794023,0.9474405865394968,4.958192903936566,0.002975,1.0,,,
1200,4.6806640625,0.0,4.6806640625,0.00048205128205128207,9.641025641025641e-05,32821.00387487733,0.629669888,0.4829951929668317,0.448035190691216,4.9574894017488536,0.003,1.0,,,
1210,4.5439453125,0.0,4.5439453125,0.0004817948717948718,9.635897435897436e-05,32821.57905016269,0.634912768,0.49542540148597336,0.8070830974735548,4.956780082690392,0.003025,1.0,,,
1220,4.5625,0.0,4.5625,0.0004815384615384615,9.63076923076923e-05,32821.71199188455,0.640155648,0.3597448099367387,0.933397537892767,4.956064948511357,0.00305,1.0,,,
1230,4.794921875,0.0,4.794921875,0.0004812820512820513,9.625641025641026e-05,32822.32067285735,0.645398528,0.36373181821140116,0.9318493954813182,4.955344000976272,0.003075,1.0,,,
1240,3.970703125,0.0,3.970703125,0.00048102564102564104,9.620512820512821e-05,32823.859631645486,0.650641408,0.383141785139451,0.24155354727701722,4.9546172418640015,0.0031,1.0,,,
1250,4.6669921875,0.0,4.6669921875,0.0004807692307692308,9.615384615384617e-05,32823.895221844876,0.655884288,0.6833645366192178,0.7316526305814219,4.953884672967753,0.003125,1.0,,,
1260,4.6591796875,0.0,4.6591796875,0.0004805128205128205,9.610256410256411e-05,32824.251314590685,0.661127168,0.3460497243604023,0.938162738911243,4.953146296095067,0.00315,1.0,,,
1270,4.3681640625,0.0,4.3681640625,0.00048025641025641026,9.605128205128205e-05,32824.78788421967,0.666370048,0.4050105433249858,0.8238341362400163,4.952402113067814,0.0031750000000000003,1.0,,,
1280,4.43359375,0.0,4.43359375,0.00048,9.6e-05,32824.15174596075,0.671612928,0.4641325145529398,0.5481705123996932,4.951652125722193,0.0032,1.0,,,
1290,4.2568359375,0.0,4.2568359375,0.00047974358974358977,9.594871794871796e-05,32824.9515372474,0.676855808,0.49580181096935827,0.47855251249984027,4.9508963359087215,0.003225,1.0,,,
1300,5.3515625,0.0,5.3515625,0.0004794871794871795,9.589743589743591e-05,32826.21225383829,0.682098688,0.4379216217218153,0.8995805773640319,4.950134745492238,0.00325,1.0,,,
1310,4.5478515625,0.0,4.5478515625,0.00047923076923076923,9.584615384615385e-05,32825.30838312289,0.687341568,0.41866392767250554,0.9081900939441255,4.94936735635189,0.0032749999999999997,1.0,,,
1320,3.8876953125,0.0,3.8876953125,0.000478974358974359,9.57948717948718e-05,32824.84162427538,0.692584448,0.3871063898823615,0.41141181634656226,4.948594170381133,0.0033000000000000004,1.0,,,
1330,4.6806640625,0.0,4.6806640625,0.0004787179487179487,9.574358974358975e-05,32825.451869205484,0.697827328,0.42633779430201546,0.5249348755489107,4.947815189487728,0.0033250000000000003,1.0,,,
1340,5.0888671875,0.0,5.0888671875,0.00047846153846153844,9.569230769230769e-05,32825.20011496702,0.703070208,0.36122547170308017,0.9315835760071369,4.947030415593733,0.00335,1.0,,,
1350,4.02587890625,0.0,4.02587890625,0.00047820512820512826,9.564102564102565e-05,32824.822486246274,0.708313088,0.7039258703360579,0.6162183255518633,4.946239850635498,0.003375,1.0,,,
1360,4.974609375,0.0,4.974609375,0.00047794871794871796,9.55897435897436e-05,32825.40440714961,0.713555968,0.6612581984047056,0.7477769213225514,4.945443496563664,0.0034,1.0,,,
1370,4.3046875,0.0,4.3046875,0.0004776923076923077,9.553846153846155e-05,32824.51245183452,0.718798848,0.40813213782358687,0.6108585106057459,4.9446413553431565,0.003425,1.0,,,
1380,4.3525390625,0.0,4.3525390625,0.0004774358974358974,9.548717948717949e-05,32824.52442767515,0.724041728,0.5604236108536199,0.8273210009101563,4.943833428953179,0.0034500000000000004,1.0,,,
1390,4.3544921875,0.0,4.3544921875,0.0004771794871794872,9.543589743589744e-05,32824.78708962491,0.729284608,0.36152155357815213,0.9322275100049854,4.943019719387209,0.0034750000000000002,1.0,,,
1400,4.25,0.0,4.25,0.0004769230769230769,9.538461538461538e-05,32825.182672312614,0.734527488,0.37551430905780286,0.9270729364628819,4.942200228652994,0.0035,1.0,,,
1410,4.7685546875,0.0,4.7685546875,0.0004766666666666667,9.533333333333334e-05,32824.91417833916,0.739770368,0.4438906096333953,0.8384742882717628,4.9413749587725455,0.003525,1.0,,,
1420,4.544921875,0.0,4.544921875,0.00047641025641025644,9.528205128205129e-05,32825.798208775544,0.745013248,0.3941297911916895,0.5802905933870611,4.940543911782136,0.00355,1.0,,,
1430,4.6337890625,0.0,4.6337890625,0.00047615384615384615,9.523076923076923e-05,32825.76883242093,0.750256128,0.41706611953070466,0.9079600636586392,4.939707089732291,0.003575,1.0,,,
1440,4.34912109375,0.0,4.34912109375,0.0004758974358974359,9.517948717948719e-05,32825.92988532315,0.755499008,0.4617558517508262,0.4812212203200608,4.9388644946877855,0.0036,1.0,,,
1450,4.26611328125,0.0,4.26611328125,0.0004756410256410256,9.512820512820513e-05,32825.21447450701,0.760741888,0.4179426559509753,0.9086775281758722,4.9380161287276385,0.003625,1.0,,,
1460,3.96435546875,0.0,3.96435546875,0.0004753846153846154,9.507692307692308e-05,32825.47927531754,0.765984768,0.5692053999702849,0.6128554543477623,4.937161993945109,0.00365,1.0,,,
1470,4.0849609375,0.0,4.0849609375,0.0004751282051282052,9.502564102564103e-05,32826.317724709195,0.771227648,0.37988316355817137,0.5056722974805059,4.93630209244769,0.0036750000000000003,1.0,,,
1480,4.3818359375,0.0,4.3818359375,0.0004748717948717949,9.497435897435898e-05,32826.675572443724,0.776470528,0.3274184150523017,0.42917381075832745,4.935436426357104,0.0037,1.0,,,
1490,4.74951171875,0.0,4.74951171875,0.00047461538461538463,9.492307692307693e-05,32827.414644376906,0.781713408,0.3838405313754014,0.4674297764663375,4.934564997809294,0.003725,1.0,,,
1500,4.568359375,0.0,4.568359375,0.00047435897435897434,9.487179487179487e-05,32827.202417106484,0.786956288,0.2929502439179841,0.9559259702064803,4.933687808954423,0.00375,1.0,,,
1510,4.38671875,0.0,4.38671875,0.00047410256410256415,9.482051282051282e-05,32826.71727725155,0.792199168,0.35867826772918326,0.9341022445796998,4.93280486195687,0.0037749999999999997,1.0,,,
1520,4.14697265625,0.0,4.14697265625,0.00047384615384615385,9.476923076923078e-05,32827.79711072535,0.797442048,0.43441451767922556,0.8327387013561989,4.931916158995217,0.0038000000000000004,1.0,,,
1530,4.23876953125,0.0,4.23876953125,0.0004735897435897436,9.471794871794872e-05,32819.04894269427,0.802684928,0.2055764070307904,0.9785660998009108,4.931021702262251,0.0038250000000000003,1.0,,,
1540,4.1630859375,0.0,4.1630859375,0.00047333333333333336,9.466666666666667e-05,32820.44017890161,0.807927808,0.35164436353302125,0.9362270721258001,4.930121493964954,0.00385,1.0,,,
1550,4.46484375,0.0,4.46484375,0.00047307692307692307,9.461538461538461e-05,32821.798882347524,0.813170688,0.3560732416441367,0.9340474879898795,4.929215536324502,0.003875,1.0,,,
1560,4.412109375,0.0,4.412109375,0.0004728205128205128,9.456410256410257e-05,32822.21289007108,0.818413568,0.3692710366370985,0.8449017277095778,4.928303831576254,0.0039,1.0,,,
1570,4.3193359375,0.0,4.3193359375,0.0004725641025641026,9.451282051282052e-05,32822.35551684267,0.823656448,0.45836171796880903,0.813842055806522,4.927386381969752,0.0039250000000000005,1.0,,,
1580,4.2509765625,0.0,4.2509765625,0.00047230769230769234,9.446153846153846e-05,32822.47409615535,0.828899328,0.3555077874915658,0.42595253748820494,4.92646318976871,0.00395,1.0,,,
1590,4.283203125,0.0,4.283203125,0.00047205128205128204,9.441025641025642e-05,32823.11502898172,0.834142208,0.4016020493138435,0.916455898851777,4.925534257251015,0.003975,1.0,,,
1600,3.76318359375,0.0,3.76318359375,0.0004717948717948718,9.435897435897436e-05,32823.106496011125,0.839385088,0.3610816712872398,0.932281714092538,4.924599586708714,0.004,1.0,,,
1610,3.97802734375,0.0,3.97802734375,0.00047153846153846155,9.430769230769231e-05,32824.03151699564,0.844627968,0.3178739171412729,0.9480054491185447,4.923659180448015,0.004025,1.0,,,
1620,4.099609375,0.0,4.099609375,0.0004712820512820513,9.425641025641026e-05,32824.44125494416,0.849870848,0.3598606982952851,0.9328358827441657,4.922713040789277,0.00405,1.0,,,
1630,4.150390625,0.0,4.150390625,0.00047102564102564107,9.420512820512822e-05,32823.767307864095,0.855113728,0.4403235270107416,0.7422527345345863,4.921761170067004,0.0040750000000000005,1.0,,,
1640,4.4892578125,0.0,4.4892578125,0.00047076923076923077,9.415384615384616e-05,32823.42816486103,0.860356608,0.13796141261612133,0.9904109968093259,4.920803570629844,0.0040999999999999995,1.0,,,
1650,4.09716796875,0.0,4.09716796875,0.0004705128205128205,9.41025641025641e-05,32823.825010138644,0.865599488,0.2879760072468309,0.3691255845810412,4.919840244840578,0.004125,1.0,,,
1660,4.10986328125,0.0,4.10986328125,0.00047025641025641023,9.405128205128205e-05,32823.33078121754,0.870842368,0.3667456989473025,0.9309799513628073,4.9188711950761155,0.00415,1.0,,,
1670,4.296875,0.0,4.296875,0.00047,9.4e-05,32824.074099039375,0.876085248,0.31663190268448643,0.6076788730306008,4.917896423727492,0.004175,1.0,,,
1680,4.30029296875,0.0,4.30029296875,0.0004697435897435898,9.394871794871796e-05,32824.29214575912,0.881328128,0.5279287100933152,0.8507786035251625,4.916915933199857,0.004200000000000001,1.0,,,
1690,4.07421875,0.0,4.07421875,0.0004694871794871795,9.38974358974359e-05,32824.910327673664,0.886571008,0.28670831524636403,0.5137959211413832,4.915929725912475,0.004225,1.0,,,
1700,3.95751953125,0.0,3.95751953125,0.00046923076923076926,9.384615384615386e-05,32825.83004512145,0.891813888,0.4485936428338955,0.34564702151687765,4.914937804298716,0.00425,1.0,,,
1710,3.935546875,0.0,3.935546875,0.00046897435897435896,9.37948717948718e-05,32825.666395362816,0.897056768,0.3621578490537893,0.43320716189163216,4.913940170806044,0.004275,1.0,,,
1720,4.1650390625,0.0,4.1650390625,0.0004687179487179487,9.374358974358974e-05,32826.08608901166,0.902299648,0.1434807882700028,0.9896666014498031,4.912936827896024,0.0043,1.0,,,
1730,3.994140625,0.0,3.994140625,0.00046846153846153847,9.36923076923077e-05,32826.17182692018,0.907542528,0.24786743957825527,0.9687908748613058,4.911927778044302,0.004325,1.0,,,
1740,3.94677734375,0.0,3.94677734375,0.00046820512820512823,9.364102564102565e-05,32826.49036243199,0.912785408,0.3527856698154139,0.9357210599159553,4.91091302374061,0.004350000000000001,1.0,,,
1750,3.884765625,0.0,3.884765625,0.000467948717948718,9.35897435897436e-05,32827.3687281483,0.918028288,0.3094046846560328,0.950810636659906,4.909892567488753,0.004375,1.0,,,
1760,4.08056640625,0.0,4.08056640625,0.0004676923076923077,9.353846153846154e-05,32827.9611583178,0.923271168,0.35589703150700647,0.5375030112937398,4.908866411806606,0.0044,1.0,,,
1770,3.97265625,0.0,3.97265625,0.00046743589743589745,9.34871794871795e-05,32828.16085607454,0.928514048,0.6423847883054206,0.7654464628585823,4.907834559226105,0.004425,1.0,,,
1780,4.18017578125,0.0,4.18017578125,0.0004671794871794872,9.343589743589745e-05,32829.144136026276,0.933756928,0.4136274470049477,0.9101153584013665,4.906797012293245,0.00445,1.0,,,
1790,3.80908203125,0.0,3.80908203125,0.00046692307692307696,9.338461538461539e-05,32828.91269399931,0.938999808,0.31010703433921927,0.37635585624120144,4.905753773568068,0.004475000000000001,1.0,,,
1800,3.6552734375,0.0,3.6552734375,0.00046666666666666666,9.333333333333334e-05,32829.37022866893,0.944242688,0.37804180582769625,0.6293021900071255,4.904704845624663,0.0045,1.0,,,
1810,4.14306640625,0.0,4.14306640625,0.0004664102564102564,9.328205128205128e-05,32829.3535714362,0.949485568,0.2502598631167635,0.9680189988279361,4.903650231051156,0.004525,1.0,,,
1820,3.72998046875,0.0,3.72998046875,0.0004661538461538462,9.323076923076924e-05,32830.188708696434,0.954728448,0.511860533085241,0.6499186586891391,4.902589932449703,0.00455,1.0,,,
1830,4.09521484375,0.0,4.09521484375,0.0004658974358974359,9.317948717948718e-05,32830.78629186697,0.959971328,0.30862415234127816,0.605909250806548,4.901523952436485,0.004575,1.0,,,
1840,3.8623046875,0.0,3.8623046875,0.0004656410256410257,9.312820512820513e-05,32831.22072650705,0.965214208,0.3823023869977705,0.5038473016608477,4.900452293641702,0.004600000000000001,1.0,,,
1850,4.03857421875,0.0,4.03857421875,0.0004653846153846154,9.307692307692309e-05,32832.078648428615,0.970457088,0.27354733679070925,0.9617915762079822,4.899374958709567,0.004625,1.0,,,
1860,4.28564453125,0.0,4.28564453125,0.00046512820512820515,9.302564102564103e-05,32798.679177786486,0.975699968,0.43702426035295966,0.8992797717096416,4.898291950298293,0.0046500000000000005,1.0,,,
1870,3.34033203125,0.0,3.34033203125,0.00046487179487179485,9.297435897435898e-05,32799.43656823008,0.980942848,0.353875091213937,0.9356001739633893,4.8972032710801,0.0046749999999999995,1.0,,,
1880,4.19970703125,0.0,4.19970703125,0.0004646153846153846,9.292307692307692e-05,32798.34719243523,0.986185728,0.5265043882749318,0.8497150142658807,4.896108923741194,0.0047,1.0,,,
1890,3.73046875,0.0,3.73046875,0.00046435897435897436,9.287179487179488e-05,32798.462592527336,0.991428608,0.6301819092016296,0.775877266474313,4.895008910981766,0.004725000000000001,1.0,,,
1900,3.4501953125,0.0,3.4501953125,0.0004641025641025641,9.282051282051283e-05,32797.34293782188,0.996671488,0.4594057824621702,0.8127466238360843,4.893903235515992,0.00475,1.0,,,
1910,4.01513671875,0.0,4.01513671875,0.0004638461538461539,9.276923076923077e-05,32796.24906436492,1.001914368,0.2950785582049423,0.9551268737514763,4.892791900072015,0.004775000000000001,1.0,,,
1920,4.15234375,0.0,4.15234375,0.0004635897435897436,9.271794871794872e-05,32796.39256952187,1.007157248,0.5887437238237778,0.8033573057675436,4.891674907391943,0.0048,1.0,,,
1930,3.47998046875,0.0,3.47998046875,0.00046333333333333334,9.266666666666666e-05,32796.6130535398,1.012400128,0.22119295763471422,0.9749661755446142,4.890552260231846,0.004825,1.0,,,
1940,4.00341796875,0.0,4.00341796875,0.00046307692307692304,9.261538461538462e-05,32796.080370661104,1.017643008,0.4444348688213144,0.6588022830770404,4.889423961361745,0.00485,1.0,,,
1950,3.92529296875,0.0,3.92529296875,0.00046282051282051285,9.256410256410257e-05,32796.15557960568,1.022885888,0.4714536622683429,0.864150962765091,4.888290013565602,0.004875,1.0,,,
1960,4.0888671875,0.0,4.0888671875,0.0004625641025641026,9.251282051282051e-05,32797.20739740718,1.028128768,0.3246001983481272,0.38348401464081455,4.887150419641325,0.004900000000000001,1.0,,,
1970,4.59765625,0.0,4.59765625,0.0004623076923076923,9.246153846153847e-05,32794.35797552083,1.033371648,0.28117530334594676,0.9596870086059108,4.886005182400746,0.004925,1.0,,,
1980,3.8984375,0.0,3.8984375,0.00046205128205128207,9.241025641025641e-05,32795.27475643742,1.038614528,0.330993125991343,0.943705476567103,4.884854304669624,0.00495,1.0,,,
1990,4.041015625,0.0,4.041015625,0.00046179487179487177,9.235897435897436e-05,32796.184431625916,1.043857408,0.39196867361324733,0.7638309169952532,4.883697789287636,0.004975,1.0,,,
2000,3.8828125,0.0,3.8828125,0.0004615384615384616,9.230769230769232e-05,32796.43549930656,1.049100288,0.3903498048141555,0.692984708305779,4.882535639108369,0.005,1.0,,,
2000,,,,,,,,,,,,,5.956730769230769,5.956730769230769,6.8125
2010,3.96484375,0.0,3.96484375,0.0004612820512820513,9.225641025641027e-05,32789.23930368148,1.054343168,0.31892006474501644,0.8663794300488019,4.881367856999312,0.005025,1.0,,,
2020,3.62744140625,0.0,3.62744140625,0.00046102564102564104,9.220512820512821e-05,32790.43149407431,1.059586048,0.4291871900640696,0.9030730454361184,4.880194445841852,0.00505,1.0,,,
2030,3.5615234375,0.0,3.5615234375,0.0004607692307692308,9.215384615384615e-05,32791.26054966828,1.064828928,0.3834685729191336,0.46003469391381,4.879015408531265,0.0050750000000000005,1.0,,,
2040,4.03076171875,0.0,4.03076171875,0.0004605128205128205,9.21025641025641e-05,32790.77614025052,1.070071808,0.3421298774364683,0.9390984671767266,4.877830747976707,0.0051,1.0,,,
2050,4.72265625,0.0,4.72265625,0.0004602564102564103,9.205128205128206e-05,32791.41176507422,1.075314688,0.45622728450499983,0.8906774449601192,4.876640467101211,0.005125,1.0,,,
2060,3.81982421875,0.0,3.81982421875,0.00046,9.200000000000001e-05,32791.54273501124,1.080557568,0.31828800576213734,0.41653255325205146,4.875444568841677,0.00515,1.0,,,
2070,4.150390625,0.0,4.150390625,0.00045974358974358977,9.194871794871795e-05,32792.133426636305,1.085800448,0.33540395895057945,0.863795844048465,4.874243056148864,0.005175,1.0,,,
2080,4.1298828125,0.0,4.1298828125,0.0004594871794871795,9.189743589743591e-05,32792.441788136,1.091043328,0.40063389806955707,0.6105445338678551,4.873035931987387,0.0052,1.0,,,
2090,4.19384765625,0.0,4.19384765625,0.00045923076923076923,9.184615384615385e-05,32793.586864027144,1.096286208,0.20573857308273805,0.978424933020882,4.871823199335702,0.0052250000000000005,1.0,,,
2100,4.2236328125,0.0,4.2236328125,0.000458974358974359,9.179487179487179e-05,32793.93825141833,1.101529088,0.3007416544521081,0.9533318078821406,4.870604861186108,0.00525,1.0,,,
2110,3.8525390625,0.0,3.8525390625,0.0004587179487179487,9.174358974358974e-05,32794.39212160767,1.106771968,0.2837105622321643,0.9585766619914329,4.869380920544734,0.005275,1.0,,,
2120,4.04150390625,0.0,4.04150390625,0.0004584615384615385,9.16923076923077e-05,32794.52059837648,1.112014848,0.48163672811848646,0.7912500117696748,4.868151380431532,0.0053,1.0,,,
2130,4.4365234375,0.0,4.4365234375,0.0004582051282051282,9.164102564102565e-05,32795.83984426928,1.117257728,0.5986104794846325,0.7459415418109764,4.866916243880268,0.005325,1.0,,,
2140,4.16015625,0.0,4.16015625,0.00045794871794871796,9.158974358974359e-05,32796.73758476117,1.122500608,0.3867672138743051,0.9223104194276264,4.86567551393852,0.005350000000000001,1.0,,,
2150,3.9140625,0.0,3.9140625,0.00045769230769230766,9.153846153846155e-05,32797.452449363125,1.127743488,0.27800754368993613,0.9605070642390453,4.8644291936676645,0.005375,1.0,,,
2160,3.84814453125,0.0,3.84814453125,0.0004574358974358974,9.148717948717949e-05,32798.05931307496,1.132986368,0.29498282158173667,0.36761505024286656,4.863177286142875,0.0054,1.0,,,
2170,3.88623046875,0.0,3.88623046875,0.00045717948717948723,9.143589743589744e-05,32798.10817602613,1.138229248,0.20081150668204295,0.9797982776991794,4.861919794453107,0.005425,1.0,,,
2180,3.9052734375,0.0,3.9052734375,0.00045692307692307693,9.13846153846154e-05,32799.07241705046,1.143472128,0.3077267604732256,0.6206711866927699,4.860656721701098,0.00545,1.0,,,
2190,3.6494140625,0.0,3.6494140625,0.0004566666666666667,9.133333333333334e-05,32798.9581678557,1.148715008,0.4402807773910573,0.6544673954516415,4.859388071003353,0.005475000000000001,1.0,,,
2200,4.16455078125,0.0,4.16455078125,0.0004564102564102564,9.128205128205129e-05,32799.05902897277,1.153957888,0.2847530903446188,0.9582786599595987,4.858113845490141,0.0055,1.0,,,
2210,3.91943359375,0.0,3.91943359375,0.00045615384615384615,9.123076923076923e-05,32800.550413863675,1.159200768,0.30326052841346435,0.9528073813955728,4.856834048305489,0.005525,1.0,,,
2220,4.19384765625,0.0,4.19384765625,0.0004558974358974359,9.117948717948718e-05,32801.021795718,1.164443648,0.3375343365055793,0.9414271920021426,4.855548682607167,0.00555,1.0,,,
2230,3.6533203125,0.0,3.6533203125,0.00045564102564102566,9.112820512820514e-05,32801.24497406838,1.169686528,0.15665581282511465,0.987731073211008,4.854257751566689,0.005575,1.0,,,
2240,4.35791015625,0.0,4.35791015625,0.0004553846153846154,9.107692307692308e-05,32802.592183562025,1.174929408,0.5532821630660892,0.7696067749813316,4.852961258369298,0.005600000000000001,1.0,,,
2250,3.8837890625,0.0,3.8837890625,0.0004551282051282051,9.102564102564103e-05,32802.32270080052,1.180172288,0.2553244001542713,0.9666514831875137,4.851659206213962,0.005625,1.0,,,
2260,3.94970703125,0.0,3.94970703125,0.0004548717948717949,9.097435897435897e-05,32803.3212890014,1.185415168,0.48648815915168514,0.4483801786053916,4.850351598313365,0.0056500000000000005,1.0,,,
2270,3.990234375,0.0,3.990234375,0.00045461538461538464,9.092307692307693e-05,32803.87330828122,1.190658048,0.41323381384570934,0.9102588816547091,4.849038437893901,0.0056749999999999995,1.0,,,
2280,3.78564453125,0.0,3.78564453125,0.0004543589743589744,9.087179487179488e-05,32804.30969929587,1.195900928,0.1824288431409781,0.983227690449643,4.847719728195662,0.0057,1.0,,,
2290,3.92724609375,0.0,3.92724609375,0.0004541025641025641,9.082051282051282e-05,32805.32672856055,1.201143808,0.46039941596507467,0.3523593863924043,4.846395472472432,0.005725000000000001,1.0,,,
2300,3.86865234375,0.0,3.86865234375,0.00045384615384615385,9.076923076923078e-05,32805.660408141586,1.206386688,0.17400219378527632,0.9846599792698504,4.845065673991682,0.00575,1.0,,,
2310,4.08056640625,0.0,4.08056640625,0.0004535897435897436,9.071794871794872e-05,32806.71955938246,1.211629568,0.37335339603919143,0.8347459860629578,4.843730336034556,0.005775000000000001,1.0,,,
2320,4.34130859375,0.0,4.34130859375,0.0004533333333333333,9.066666666666667e-05,32807.01650146392,1.216872448,0.3420966194948451,0.9392774089899011,4.842389461895869,0.0058,1.0,,,
2330,3.94873046875,0.0,3.94873046875,0.0004530769230769231,9.061538461538462e-05,32806.96349377212,1.222115328,0.23694145844189587,0.9718971210326083,4.841043054884094,0.005825,1.0,,,
2340,3.97509765625,0.0,3.97509765625,0.0004528205128205128,9.056410256410257e-05,32807.949095315475,1.227358208,0.30507970190963846,0.9526375973928659,4.8396911183213565,0.00585,1.0,,,
2350,3.7919921875,0.0,3.7919921875,0.0004525641025641026,9.051282051282052e-05,32808.541135389954,1.232601088,0.1875423195859974,0.9823905406228455,4.838333655543426,0.005875,1.0,,,
2360,3.62646484375,0.0,3.62646484375,0.0004523076923076923,9.046153846153846e-05,32808.91407758548,1.237843968,0.26902884387682324,0.9628773009096805,4.836970669899706,0.005900000000000001,1.0,,,
2370,3.77978515625,0.0,3.77978515625,0.00045205128205128204,9.041025641025641e-05,32809.662017102055,1.243086848,0.2930385982675542,0.956050611493603,4.8356021647532295,0.005925,1.0,,,
2380,4.05517578125,0.0,4.05517578125,0.0004517948717948718,9.035897435897435e-05,32809.809081759704,1.248329728,0.4692311788818395,0.882415632790785,4.834228143480646,0.00595,1.0,,,
2390,3.896484375,0.0,3.896484375,0.00045153846153846156,9.030769230769232e-05,32809.68567224543,1.253572608,0.4000085604952636,0.9171510018395049,4.832848609472216,0.005975,1.0,,,
2400,4.3701171875,0.0,4.3701171875,0.0004512820512820513,9.025641025641026e-05,32810.28060400047,1.258815488,0.2615514638419165,0.9650347327393601,4.831463566131803,0.006,1.0,,,
2410,3.8193359375,0.0,3.8193359375,0.000451025641025641,9.02051282051282e-05,32810.65649017444,1.264058368,0.3988224210616069,0.41887430854229074,4.830073016876865,0.006025,1.0,,,
2420,4.9150390625,0.0,4.9150390625,0.00045076923076923077,9.015384615384616e-05,32810.82646774341,1.269301248,0.5061182820649733,0.8620912627743181,4.828676965138442,0.00605,1.0,,,
2430,4.3037109375,0.0,4.3037109375,0.0004505128205128205,9.01025641025641e-05,32810.68424524946,1.274544128,0.3631641803124689,0.36471852055918214,4.827275414361154,0.0060750000000000005,1.0,,,
2440,3.84326171875,0.0,3.84326171875,0.0004502564102564103,9.005128205128207e-05,32811.3837496159,1.279787008,0.318625584702167,0.9178999735508278,4.825868368003187,0.0061,1.0,,,
2450,3.92626953125,0.0,3.92626953125,0.00045000000000000004,9e-05,32811.68682565227,1.285029888,0.334792318939137,0.45671384826399486,4.82445582953629,0.006125,1.0,,,
2460,3.98046875,0.0,3.98046875,0.00044974358974358974,8.994871794871796e-05,32811.95853852793,1.290272768,0.2766727173849466,0.8320118989945567,4.82303780244576,0.00615,1.0,,,
2470,3.8603515625,0.0,3.8603515625,0.0004494871794871795,8.98974358974359e-05,32811.960099880045,1.295515648,0.4678563007598831,0.7841768273831309,4.821614290230438,0.006175,1.0,,,
2480,3.84619140625,0.0,3.84619140625,0.0004492307692307692,8.984615384615384e-05,32810.33931947796,1.300758528,0.5054055411812147,0.6779018151512287,4.820185296402699,0.0062,1.0,,,
2490,3.83447265625,0.0,3.83447265625,0.000448974358974359,8.979487179487181e-05,32810.73409403557,1.306001408,0.30388902967278475,0.9526128274532764,4.818750824488444,0.0062250000000000005,1.0,,,
2500,4.1201171875,0.0,4.1201171875,0.0004487179487179487,8.974358974358975e-05,32810.6238217783,1.311244288,0.39557738878731835,0.5721180009913749,4.817310878027088,0.00625,1.0,,,
2510,3.45849609375,0.0,3.45849609375,0.0004484615384615385,8.96923076923077e-05,32811.25618084947,1.316487168,0.5581519388601363,0.829183068262342,4.815865460571557,0.006275,1.0,,,
2520,3.79443359375,0.0,3.79443359375,0.00044820512820512823,8.964102564102564e-05,32811.707614329025,1.321730048,0.43855745047294015,0.8987489848863454,4.814414575688276,0.0063,1.0,,,
2530,4.8388671875,0.0,4.8388671875,0.00044794871794871793,8.95897435897436e-05,32810.87805064068,1.326972928,0.5047508085684878,0.8631934868570061,4.812958226957156,0.006325,1.0,,,
2540,4.076171875,0.0,4.076171875,0.00044769230769230774,8.953846153846155e-05,32810.99170294561,1.332215808,0.30091437023042195,0.6711804910430189,4.811496417971596,0.006350000000000001,1.0,,,
2550,3.8916015625,0.0,3.8916015625,0.00044743589743589745,8.948717948717949e-05,32811.7152826976,1.337458688,0.29477580528253217,0.42966544067363904,4.810029152338464,0.006375,1.0,,,
2560,4.42431640625,0.0,4.42431640625,0.0004471794871794872,8.943589743589745e-05,32812.18829964349,1.342701568,0.27798036741044974,0.9603257476675091,4.808556433678089,0.0064,1.0,,,
2570,3.87548828125,0.0,3.87548828125,0.0004469230769230769,8.938461538461539e-05,32812.79759676485,1.347944448,0.39832269918667396,0.6021729859618355,4.807078265624261,0.006425,1.0,,,
2580,3.8662109375,0.0,3.8662109375,0.00044666666666666666,8.933333333333334e-05,32813.187118319125,1.353187328,0.315735560976294,0.6092090471894294,4.805594651824211,0.00645,1.0,,,
2590,3.767578125,0.0,3.767578125,0.0004464102564102564,8.928205128205128e-05,32813.66033966946,1.358430208,0.3907528749164103,0.5089963527156289,4.80410559593861,0.006475000000000001,1.0,,,
2600,3.564453125,0.0,3.564453125,0.0004461538461538461,8.923076923076924e-05,32812.85926216933,1.363673088,0.3168946800262351,0.948769417970491,4.8026111016415545,0.0065,1.0,,,
2610,3.6728515625,0.0,3.6728515625,0.00044589743589743593,8.917948717948719e-05,32812.99135095984,1.368915968,0.32904644242965864,0.47331256552721374,4.801111172620561,0.006525,1.0,,,
2620,3.83251953125,0.0,3.83251953125,0.00044564102564102564,8.912820512820513e-05,32813.979690773056,1.374158848,0.31164892428625174,0.4306640291421648,4.799605812576555,0.006549999999999999,1.0,,,
2630,3.498046875,0.0,3.498046875,0.0004453846153846154,8.907692307692308e-05,32814.543464962546,1.379401728,0.39961671524677417,0.8259976673060003,4.798095025223863,0.006575,1.0,,,
2640,3.77392578125,0.0,3.77392578125,0.0004451282051282051,8.902564102564102e-05,32815.32101800994,1.384644608,0.21741114040594578,0.9761351707259972,4.796578814290202,0.006600000000000001,1.0,,,
2650,3.80615234375,0.0,3.80615234375,0.00044487179487179485,8.897435897435898e-05,32815.759946905644,1.389887488,0.35751062500767233,0.9341053153540759,4.795057183516673,0.006625,1.0,,,
2660,3.72412109375,0.0,3.72412109375,0.00044461538461538466,8.892307692307693e-05,32815.68504159179,1.395130368,0.346802007203615,0.9380163931037304,4.793530136657747,0.0066500000000000005,1.0,,,
2670,4.14501953125,0.0,4.14501953125,0.00044435897435897437,8.887179487179487e-05,32816.64720031004,1.400373248,0.26644040230500443,0.5205740148617225,4.791997677481261,0.0066749999999999995,1.0,,,
2680,4.04296875,0.0,4.04296875,0.0004441025641025641,8.882051282051283e-05,32816.84029550552,1.405616128,0.35103304186213924,0.9368469295877475,4.790459809768407,0.0067,1.0,,,
2690,3.54052734375,0.0,3.54052734375,0.0004438461538461538,8.876923076923077e-05,32817.14589231678,1.410859008,0.17220898251114208,0.9849629284364093,4.788916537313719,0.006725000000000001,1.0,,,
2700,4.044921875,0.0,4.044921875,0.0004435897435897436,8.871794871794872e-05,32818.01242986554,1.416101888,0.19915380997969656,0.9800841463394095,4.787367863925068,0.00675,1.0,,,
2710,4.20361328125,0.0,4.20361328125,0.00044333333333333334,8.866666666666668e-05,32818.20280760665,1.421344768,0.3908736075785515,0.8685886388591973,4.785813793423654,0.006775000000000001,1.0,,,
2720,3.35205078125,0.0,3.35205078125,0.0004430769230769231,8.861538461538462e-05,32818.70608435355,1.426587648,0.4638764682268008,0.749397329855382,4.784254329643989,0.0068,1.0,,,
2730,3.814453125,0.0,3.814453125,0.00044282051282051285,8.856410256410257e-05,32818.25980989222,1.431830528,0.304786213264734,0.9524837002513892,4.782689476433897,0.006825,1.0,,,
2740,3.72216796875,0.0,3.72216796875,0.00044256410256410256,8.851282051282051e-05,32818.76885733763,1.437073408,0.3238270004645722,0.5599051327206006,4.781119237654496,0.00685,1.0,,,
2750,3.6025390625,0.0,3.6025390625,0.0004423076923076923,8.846153846153847e-05,32819.243563457254,1.442316288,0.3019270682462275,0.9536601366482476,4.779543617180195,0.006875,1.0,,,
2760,3.53759765625,0.0,3.53759765625,0.00044205128205128207,8.841025641025642e-05,32819.04661601292,1.447559168,0.28708391676426065,0.9582549498750006,4.77796261889868,0.006900000000000001,1.0,,,
2770,3.98046875,0.0,3.98046875,0.0004417948717948718,8.835897435897437e-05,32819.31521685639,1.452802048,0.2533975450960239,0.9672287795182372,4.776376246710909,0.006925,1.0,,,
2780,3.5107421875,0.0,3.5107421875,0.00044153846153846153,8.830769230769231e-05,32819.56608668432,1.458044928,0.33165983089301143,0.3898681324404554,4.774784504531096,0.0069500000000000004,1.0,,,
2790,3.814453125,0.0,3.814453125,0.0004412820512820513,8.825641025641025e-05,32819.96846169388,1.463287808,0.23587100062929606,0.7638226330255053,4.773187396286707,0.006975,1.0,,,
2800,3.69873046875,0.0,3.69873046875,0.00044102564102564104,8.820512820512821e-05,32820.64786510065,1.468530688,0.20584131996203966,0.3227662469608614,4.771584925918447,0.007,1.0,,,
2810,3.689453125,0.0,3.689453125,0.00044076923076923075,8.815384615384615e-05,32820.93911959443,1.473773568,0.3941802440497895,0.7003790793155276,4.769977097380254,0.007025,1.0,,,
2820,3.654296875,0.0,3.654296875,0.00044051282051282056,8.810256410256412e-05,32820.3676431771,1.479016448,0.3130351169423219,0.6161661594810401,4.768363914639284,0.00705,1.0,,,
2830,3.75,0.0,3.75,0.00044025641025641026,8.805128205128206e-05,32818.53215758028,1.484259328,0.270260936508706,0.4934555710543853,4.7667453816759044,0.0070750000000000006,1.0,,,
2840,3.93115234375,0.0,3.93115234375,0.00044,8.800000000000001e-05,32818.69356164477,1.489502208,0.3288185998129081,0.9445161736202687,4.765121502483686,0.0071,1.0,,,
2850,3.744140625,0.0,3.744140625,0.0004397435897435897,8.794871794871795e-05,32818.964359482496,1.494745088,0.13504569516611648,0.9907690579194944,4.763492281069389,0.007125,1.0,,,
2860,3.44775390625,0.0,3.44775390625,0.0004394871794871795,8.789743589743589e-05,32818.48415165667,1.499987968,0.14581827871500233,0.989306306766698,4.761857721452955,0.00715,1.0,,,
2870,3.57861328125,0.0,3.57861328125,0.00043923076923076923,8.784615384615385e-05,32819.077558137,1.505230848,0.3460584612723875,0.9384505848612962,4.760217827667497,0.007175,1.0,,,
2880,3.71630859375,0.0,3.71630859375,0.000438974358974359,8.77948717948718e-05,32819.565799945085,1.510473728,0.2922184889112121,0.8623409796904408,4.758572603759291,0.0072,1.0,,,
2890,3.640625,0.0,3.640625,0.00043871794871794875,8.774358974358975e-05,32819.98911828987,1.515716608,0.2616644816283326,0.9651341147688216,4.756922053787761,0.0072250000000000005,1.0,,,
2900,3.91015625,0.0,3.91015625,0.00043846153846153845,8.76923076923077e-05,32820.30418189846,1.520959488,0.2601411813709625,0.9656288659585387,4.755266181825477,0.00725,1.0,,,
2910,3.5986328125,0.0,3.5986328125,0.0004382051282051282,8.764102564102565e-05,32821.04520219045,1.526202368,0.24353194700020983,0.5431843059485049,4.753604991958139,0.007275,1.0,,,
2920,3.71337890625,0.0,3.71337890625,0.0004379487179487179,8.758974358974359e-05,32821.13128488854,1.531445248,0.45008793427439137,0.5670134820737883,4.7519384882845666,0.0073,1.0,,,
2930,3.90283203125,0.0,3.90283203125,0.0004376923076923077,8.753846153846154e-05,32821.66625093982,1.536688128,0.37712066014852125,0.6264646109726792,4.750266674916691,0.007325,1.0,,,
2940,4.20751953125,0.0,4.20751953125,0.0004374358974358975,8.74871794871795e-05,32821.949317905484,1.541931008,0.35695911500018235,0.5320540505835951,4.748589555979548,0.007350000000000001,1.0,,,
2950,3.8759765625,0.0,3.8759765625,0.0004371794871794872,8.743589743589744e-05,32821.86261916625,1.547173888,0.2599772415896439,0.6999226025918477,4.74690713561126,0.007375,1.0,,,
2960,3.84423828125,0.0,3.84423828125,0.00043692307692307693,8.738461538461539e-05,32822.38101266414,1.552416768,0.22554614897118563,0.9742833681384201,4.745219417963033,0.0074,1.0,,,
2970,3.44921875,0.0,3.44921875,0.00043666666666666664,8.733333333333333e-05,32822.85318844898,1.557659648,0.4015043846753252,0.7932542355058013,4.743526407199142,0.007425,1.0,,,
2980,4.0791015625,0.0,4.0791015625,0.00043641025641025645,8.728205128205129e-05,32823.02709312618,1.562902528,0.25564662644718394,0.9669410743020522,4.741828107496923,0.00745,1.0,,,
2990,3.89013671875,0.0,3.89013671875,0.0004361538461538462,8.723076923076924e-05,32823.3832334203,1.568145408,0.2635276133014895,0.3656626863536523,4.740124523046761,0.007475000000000001,1.0,,,
3000,3.59375,0.0,3.59375,0.0004358974358974359,8.717948717948718e-05,32823.899329130574,1.573388288,0.21311758582253867,0.9771232551479818,4.738415658052083,0.0075,1.0,,,
3000,,,,,,,,,,,,,5.658653846153846,5.658653846153846,6.899038461538462
3010,3.69970703125,0.0,3.69970703125,0.00043564102564102566,8.712820512820514e-05,32794.75123887164,1.578631168,0.30445049556142084,0.45260478528115067,4.736701516729342,0.0075250000000000004,1.0,,,
3020,3.92333984375,0.0,3.92333984375,0.00043538461538461537,8.707692307692308e-05,32795.78376559346,1.583874048,0.3086089315284661,0.9515349175819193,4.7349821033080115,0.007549999999999999,1.0,,,
3030,3.828125,0.0,3.828125,0.0004351282051282052,8.702564102564103e-05,32796.13233542975,1.589116928,0.17752201878554041,0.984040822632645,4.733257422030572,0.007575,1.0,,,
3040,3.48291015625,0.0,3.48291015625,0.0004348717948717949,8.697435897435898e-05,32793.95705273076,1.594359808,0.14695266787292696,0.9890861840280163,4.731527477152507,0.007600000000000001,1.0,,,
3050,3.61376953125,0.0,3.61376953125,0.00043461538461538464,8.692307692307692e-05,32794.6264899614,1.599602688,0.41418657015505433,0.8428521733683073,4.72979227294228,0.007625,1.0,,,
3060,3.8828125,0.0,3.8828125,0.0004343589743589744,8.687179487179488e-05,32794.84050337465,1.604845568,0.13680047724790023,0.9905667636411538,4.728051813681336,0.0076500000000000005,1.0,,,
3070,3.98681640625,0.0,3.98681640625,0.0004341025641025641,8.682051282051282e-05,32795.3201030224,1.610088448,0.26222493215033954,0.964788050660642,4.7263061036640845,0.0076749999999999995,1.0,,,
3080,3.671875,0.0,3.671875,0.00043384615384615385,8.676923076923077e-05,32795.72473824836,1.615331328,0.2946737379725171,0.9554096849544922,4.724555147197893,0.0077,1.0,,,
3090,3.8818359375,0.0,3.8818359375,0.00043358974358974356,8.671794871794871e-05,32796.07050228363,1.620574208,0.24302978149805943,0.7948276510151594,4.722798948603071,0.007725000000000001,1.0,,,
3100,3.29345703125,0.0,3.29345703125,0.00043333333333333337,8.666666666666667e-05,32796.82415688586,1.625817088,0.47363363561177746,0.8818698586724117,4.721037512212865,0.00775,1.0,,,
3110,3.67333984375,0.0,3.67333984375,0.00043307692307692307,8.661538461538462e-05,32796.796836898466,1.631059968,0.3104975072835427,0.9507456240257919,4.719270842373443,0.007775000000000001,1.0,,,
3120,3.61376953125,0.0,3.61376953125,0.0004328205128205128,8.656410256410256e-05,32797.50707433184,1.636302848,0.36742360411315494,0.9300958887655172,4.717498943443888,0.0078,1.0,,,
3130,3.7373046875,0.0,3.7373046875,0.0004325641025641026,8.651282051282052e-05,32797.48315604609,1.641545728,0.42938000391422687,0.6291502713292876,4.715721819796184,0.007825,1.0,,,
3140,3.84375,0.0,3.84375,0.0004323076923076923,8.646153846153846e-05,32797.903561747946,1.646788608,0.3972650375357545,0.9181768032472573,4.7139394758152084,0.007850000000000001,1.0,,,
3150,3.828125,0.0,3.828125,0.0004320512820512821,8.641025641025642e-05,32798.476645665134,1.652031488,0.1241336343928752,0.9923213203592637,4.712151915898717,0.007875,1.0,,,
3160,3.45166015625,0.0,3.45166015625,0.0004317948717948718,8.635897435897437e-05,32798.57762017806,1.657274368,0.2408764367969366,0.9707018457967168,4.7103591444573345,0.0079,1.0,,,
3170,3.52197265625,0.0,3.52197265625,0.00043153846153846156,8.63076923076923e-05,32798.93371859313,1.662517248,0.2886744994850788,0.9570580617444473,4.708561165914549,0.007925,1.0,,,
3180,4.3779296875,0.0,4.3779296875,0.00043128205128205126,8.625641025641026e-05,32797.830966987436,1.667760128,0.32225364471784346,0.9465756415689455,4.706757984706693,0.00795,1.0,,,
3190,3.69384765625,0.0,3.69384765625,0.000431025641025641,8.62051282051282e-05,32798.169035623854,1.673003008,0.27134179150858434,0.9625075307146862,4.704949605282935,0.007975000000000001,1.0,,,
3200,3.91015625,0.0,3.91015625,0.00043076923076923083,8.615384615384617e-05,32797.94980547475,1.678245888,0.2812949322076624,0.7389109009541576,4.703136032105272,0.008,1.0,,,
3210,3.99462890625,0.0,3.99462890625,0.00043051282051282053,8.610256410256411e-05,32797.9013840143,1.683488768,0.366006651523641,0.905716704077781,4.701317269648518,0.008025000000000001,1.0,,,
3220,3.8056640625,0.0,3.8056640625,0.0004302564102564103,8.605128205128206e-05,32797.89586126113,1.688731648,0.33290143829738716,0.942850043250074,4.699493322400286,0.00805,1.0,,,
3230,3.80859375,0.0,3.80859375,0.00043,8.6e-05,32798.3935665831,1.693974528,0.4584707231784339,0.6760444002286764,4.6976641948609865,0.008074999999999999,1.0,,,
3240,4.18408203125,0.0,4.18408203125,0.00042974358974358975,8.594871794871794e-05,32798.38575944531,1.699217408,0.12627215429948516,0.9920512425176704,4.695829891543808,0.0081,1.0,,,
3250,3.78466796875,0.0,3.78466796875,0.0004294871794871795,8.589743589743591e-05,32798.81424267911,1.704460288,0.35369984988232106,0.9353171658627322,4.693990416974713,0.008125,1.0,,,
3260,3.79541015625,0.0,3.79541015625,0.00042923076923076926,8.584615384615385e-05,32798.99997865133,1.709703168,0.3641177321077781,0.5128509680740168,4.692145775692421,0.008150000000000001,1.0,,,
3270,3.99853515625,0.0,3.99853515625,0.000428974358974359,8.57948717948718e-05,32799.39609658484,1.714946048,0.45672626566567465,0.88933240314816,4.690295972248402,0.008175,1.0,,,
3280,3.71240234375,0.0,3.71240234375,0.0004287179487179487,8.574358974358975e-05,32799.728522701545,1.720188928,0.3242028034858862,0.4929698970559936,4.688441011206861,0.008199999999999999,1.0,,,
3290,3.6982421875,0.0,3.6982421875,0.0004284615384615385,8.56923076923077e-05,32800.31209999269,1.725431808,0.348897150949629,0.8592123805349099,4.686580897144732,0.008225,1.0,,,
3300,3.67724609375,0.0,3.67724609375,0.00042820512820512823,8.564102564102565e-05,32800.228364678274,1.730674688,0.23538619431594918,0.9719992831833796,4.684715634651659,0.00825,1.0,,,
3310,3.50732421875,0.0,3.50732421875,0.00042794871794871794,8.558974358974358e-05,32800.40444089561,1.735917568,0.44211624924695564,0.6304949891063379,4.6828452283299935,0.008275000000000001,1.0,,,
3320,3.62890625,0.0,3.62890625,0.0004276923076923077,8.553846153846155e-05,32800.695074679876,1.741160448,0.3059630754342125,0.7475750066291893,4.680969682794776,0.0083,1.0,,,
3330,3.53662109375,0.0,3.53662109375,0.00042743589743589745,8.548717948717949e-05,32801.158168869,1.746403328,0.268554669591513,0.42673615980864876,4.67908900267373,0.008324999999999999,1.0,,,
3340,3.88671875,0.0,3.88671875,0.0004271794871794872,8.543589743589744e-05,32801.57361661601,1.751646208,0.2740103739069502,0.7991510471684433,4.677203192607245,0.00835,1.0,,,
3350,3.3896484375,0.0,3.3896484375,0.0004269230769230769,8.538461538461538e-05,32801.787339350616,1.756889088,0.3625788638488429,0.7407926547100296,4.675312257248372,0.008375,1.0,,,
3360,4.0380859375,0.0,4.0380859375,0.00042666666666666667,8.533333333333334e-05,32802.267422315905,1.762131968,0.34781228696216343,0.7905750964129734,4.673416201262804,0.008400000000000001,1.0,,,
3370,3.78369140625,0.0,3.78369140625,0.0004264102564102564,8.528205128205129e-05,32802.227368801556,1.767374848,0.25156485250808824,0.3976868135809437,4.671515029328873,0.008425,1.0,,,
3380,3.46484375,0.0,3.46484375,0.0004261538461538462,8.523076923076923e-05,32802.57107082419,1.772617728,0.17588072450504963,0.9843534086816247,4.66960874613753,0.00845,1.0,,,
3390,3.9140625,0.0,3.9140625,0.0004258974358974359,8.517948717948719e-05,32802.94690082118,1.777860608,0.44257667753263513,0.7872999978392984,4.667697356392338,0.008475,1.0,,,
3400,3.6005859375,0.0,3.6005859375,0.00042564102564102564,8.512820512820513e-05,32803.306696087326,1.783103488,0.23852989504182648,0.6875741151030321,4.665780864809465,0.0085,1.0,,,
3410,3.89453125,0.0,3.89453125,0.0004253846153846154,8.507692307692308e-05,32803.9635493243,1.788346368,0.20529739654372417,0.9786483746400998,4.66385927611766,0.008525,1.0,,,
3420,3.609375,0.0,3.609375,0.00042512820512820515,8.502564102564104e-05,32804.119726255565,1.793589248,0.28298996958534045,0.4288852951124168,4.6619325950582535,0.00855,1.0,,,
3430,3.849609375,0.0,3.849609375,0.0004248717948717949,8.497435897435898e-05,32804.475020842765,1.798832128,0.3002557111127669,0.9043883441030423,4.66000082638514,0.008575000000000001,1.0,,,
3440,3.5703125,0.0,3.5703125,0.0004246153846153846,8.492307692307693e-05,32804.970879936875,1.804075008,0.28550924616217505,0.7721294833185594,4.658063974864765,0.0086,1.0,,,
3450,3.8466796875,0.0,3.8466796875,0.00042435897435897437,8.487179487179487e-05,32805.19307846901,1.809317888,0.3204028749685008,0.8086725448112185,4.65612204527612,0.008625,1.0,,,
3460,3.66552734375,0.0,3.66552734375,0.00042410256410256407,8.482051282051283e-05,32805.69569205656,1.814560768,0.3017611780760649,0.9010240087345486,4.654175042410719,0.00865,1.0,,,
3470,3.6181640625,0.0,3.6181640625,0.0004238461538461539,8.476923076923078e-05,32805.93561539905,1.819803648,0.2393677606730948,0.5583889058029308,4.652222971072602,0.008675,1.0,,,
3480,3.60107421875,0.0,3.60107421875,0.00042358974358974364,8.471794871794872e-05,32806.249141706336,1.825046528,0.2470737221478087,0.9689546980031449,4.650265836078308,0.008700000000000001,1.0,,,
3490,4.5732421875,0.0,4.5732421875,0.00042333333333333334,8.466666666666667e-05,32806.3232094232,1.830289408,0.17411934387164776,0.9847329488584851,4.6483036422568755,0.008725,1.0,,,
3500,3.37109375,0.0,3.37109375,0.0004230769230769231,8.461538461538461e-05,32806.53590581033,1.835532288,0.31984697524971295,0.6805566610601029,4.646336394449821,0.00875,1.0,,,
3510,3.78515625,0.0,3.78515625,0.0004228205128205128,8.456410256410257e-05,32806.76947375842,1.840775168,0.2772514208558128,0.9608791297896908,4.644364097511134,0.008775,1.0,,,
3520,3.87255859375,0.0,3.87255859375,0.0004225641025641026,8.451282051282052e-05,32806.75124191259,1.846018048,0.25038437987219586,0.9680565866438064,4.6423867563072605,0.0088,1.0,,,
3530,3.83837890625,0.0,3.83837890625,0.0004223076923076923,8.446153846153848e-05,32805.931069311555,1.851260928,0.29440011860012466,0.3708474832246643,4.640404375717093,0.008825000000000001,1.0,,,
3540,4.00439453125,0.0,4.00439453125,0.00042205128205128207,8.441025641025642e-05,32806.339560642366,1.856503808,0.371525904117529,0.6951388447645734,4.638416960631959,0.00885,1.0,,,
3550,3.80908203125,0.0,3.80908203125,0.00042179487179487183,8.435897435897436e-05,32806.664231688366,1.861746688,0.31197894770236495,0.6512663028145265,4.636424515955609,0.008875,1.0,,,
3560,3.8310546875,0.0,3.8310546875,0.00042153846153846153,8.430769230769231e-05,32807.102047329055,1.866989568,0.28248131295176643,0.9589791941157426,4.6344270466042,0.0089,1.0,,,
3570,3.607421875,0.0,3.607421875,0.0004212820512820513,8.425641025641025e-05,32807.00544277395,1.872232448,0.4143751964513112,0.5471875651719329,4.6324245575062895,0.008925,1.0,,,
3580,4.046875,0.0,4.046875,0.000421025641025641,8.42051282051282e-05,32807.011753381135,1.877475328,0.33441744692108544,0.9430263550497049,4.630417053602821,0.008950000000000001,1.0,,,
3590,3.724609375,0.0,3.724609375,0.0004207692307692308,8.415384615384616e-05,32807.13077489911,1.882718208,0.16811144724539767,0.9858315646226237,4.628404539847111,0.008975,1.0,,,
3600,3.61474609375,0.0,3.61474609375,0.0004205128205128205,8.410256410256411e-05,32807.81208027205,1.887961088,0.34942348154280073,0.4244116970712775,4.626387021204836,0.009,1.0,,,
3610,3.74169921875,0.0,3.74169921875,0.00042025641025641026,8.405128205128205e-05,32807.57689283859,1.893203968,0.2824551129956126,0.47844864194925124,4.624364502654024,0.009025,1.0,,,
3620,3.71044921875,0.0,3.71044921875,0.00042,8.4e-05,32807.48768241476,1.898446848,0.27961033563907356,0.6121452685273624,4.622336989185038,0.00905,1.0,,,
3630,3.83642578125,0.0,3.83642578125,0.0004197435897435897,8.394871794871795e-05,32808.08359746432,1.903689728,0.3251229162112801,0.8500464170077359,4.620304485800565,0.009075000000000001,1.0,,,
3640,3.6650390625,0.0,3.6650390625,0.00041948717948717953,8.38974358974359e-05,32807.71112641219,1.908932608,0.20081492331283157,0.9794503258904036,4.618266997515606,0.0091,1.0,,,
3650,3.81982421875,0.0,3.81982421875,0.00041923076923076923,8.384615384615386e-05,32807.92604183652,1.914175488,0.12338963577071416,0.9923927776243844,4.61622452935746,0.009125,1.0,,,
3660,3.57470703125,0.0,3.57470703125,0.000418974358974359,8.37948717948718e-05,32808.21916159331,1.919418368,0.31457490705556285,0.9492750737079669,4.614177086365716,0.00915,1.0,,,
3670,3.75390625,0.0,3.75390625,0.0004187179487179487,8.374358974358975e-05,32808.53808608754,1.924661248,0.31355698013489997,0.8769423660139148,4.612124673592234,0.009175,1.0,,,
3680,3.84765625,0.0,3.84765625,0.00041846153846153845,8.369230769230769e-05,32809.202306095656,1.929904128,0.2744319635202527,0.9614320078671691,4.610067296101141,0.009200000000000002,1.0,,,
3690,3.3896484375,0.0,3.3896484375,0.00041820512820512826,8.364102564102565e-05,32809.33294615204,1.935147008,0.34152461836401443,0.4120316258269096,4.608004958968808,0.009224999999999999,1.0,,,
3700,3.84765625,0.0,3.84765625,0.00041794871794871796,8.35897435897436e-05,32809.73075070107,1.940389888,0.2823203676701611,0.4796555427943896,4.605937667283849,0.00925,1.0,,,
3710,3.56201171875,0.0,3.56201171875,0.0004176923076923077,8.353846153846154e-05,32810.00331210493,1.945632768,0.2591967093979044,0.8910465550215216,4.603865426147101,0.009275,1.0,,,
3720,3.5888671875,0.0,3.5888671875,0.0004174358974358974,8.34871794871795e-05,32810.40487665349,1.950875648,0.28357909115517393,0.9584277656091351,4.601788240671611,0.009300000000000001,1.0,,,
3730,3.64208984375,0.0,3.64208984375,0.0004171794871794872,8.343589743589744e-05,32810.992965248515,1.956118528,0.3711632241850677,0.4864965198473564,4.59970611598263,0.009325000000000002,1.0,,,
3740,3.44091796875,0.0,3.44091796875,0.00041692307692307694,8.338461538461539e-05,32811.03730996273,1.961361408,0.31084879379693375,0.9506336959451659,4.597619057217592,0.009349999999999999,1.0,,,
3750,3.96484375,0.0,3.96484375,0.0004166666666666667,8.333333333333334e-05,32810.98787770688,1.966604288,0.2373155333428707,0.9711616620077343,4.595527069526109,0.009375,1.0,,,
3760,3.54833984375,0.0,3.54833984375,0.00041641025641025645,8.328205128205128e-05,32811.0537659068,1.971847168,0.24186624602706716,0.5967923357611323,4.593430158069951,0.0094,1.0,,,
3770,3.703125,0.0,3.703125,0.00041615384615384615,8.323076923076924e-05,32794.51350410713,1.977090048,0.32054427974295485,0.6494939241577037,4.591328328023038,0.009425000000000001,1.0,,,
3780,3.8642578125,0.0,3.8642578125,0.0004158974358974359,8.317948717948718e-05,32794.16643544836,1.982332928,0.2906005240659392,0.2817238437253356,4.589221584571429,0.009450000000000002,1.0,,,
3790,3.72900390625,0.0,3.72900390625,0.00041564102564102567,8.312820512820513e-05,32794.967854542236,1.987575808,0.36791829166754425,0.8101735897685072,4.587109932913302,0.009474999999999999,1.0,,,
3800,3.6865234375,0.0,3.6865234375,0.00041538461538461537,8.307692307692307e-05,32795.1983682603,1.992818688,0.3396875567455226,0.6607256165202917,4.5849933782589485,0.0095,1.0,,,
3810,3.73779296875,0.0,3.73779296875,0.0004151282051282051,8.302564102564103e-05,32795.90358866107,1.998061568,0.2768877237852585,0.5243450891337731,4.582871925830757,0.009525,1.0,,,
3820,3.6015625,0.0,3.6015625,0.0004148717948717949,8.297435897435898e-05,32795.988821781575,2.003304448,0.15650378773692714,0.9876307180371718,4.5807455808632,0.009550000000000001,1.0,,,
3830,3.5244140625,0.0,3.5244140625,0.00041461538461538464,8.292307692307692e-05,32796.40157211408,2.008547328,0.18950606168921333,0.9818314519665828,4.578614348602821,0.009575000000000002,1.0,,,
3840,3.64892578125,0.0,3.64892578125,0.00041435897435897434,8.287179487179488e-05,32796.80965942621,2.013790208,0.336275468032397,0.7148174815521421,4.576478234308226,0.0096,1.0,,,
3850,3.4560546875,0.0,3.4560546875,0.0004141025641025641,8.282051282051282e-05,32796.99570745681,2.019033088,0.64877818285933,0.76044710901067,4.5743372432500635,0.009625,1.0,,,
3860,3.73779296875,0.0,3.73779296875,0.00041384615384615386,8.276923076923077e-05,32797.67638178654,2.024275968,0.25192104345034894,0.8749701700403499,4.572191380711017,0.00965,1.0,,,
3870,3.62890625,0.0,3.62890625,0.0004135897435897436,8.271794871794873e-05,32798.027219420896,2.029518848,0.4182838812562041,0.5210388866477728,4.570040651985787,0.009675000000000001,1.0,,,
3880,3.90478515625,0.0,3.90478515625,0.0004133333333333333,8.266666666666667e-05,32798.37009473968,2.034761728,0.24982271143561152,0.9681979528505119,4.567885062381086,0.0097,1.0,,,
3890,3.4208984375,0.0,3.4208984375,0.00041307692307692307,8.261538461538462e-05,32798.23443082145,2.040004608,0.2903766581402368,0.3935952332786532,4.565724617215614,0.009725,1.0,,,
3900,3.609375,0.0,3.609375,0.00041282051282051283,8.256410256410256e-05,32798.522997452164,2.045247488,0.2944210180628398,0.9553882321592155,4.5635593218200565,0.00975,1.0,,,
3910,3.67578125,0.0,3.67578125,0.0004125641025641026,8.251282051282051e-05,32798.83934140566,2.050490368,0.3897400913069629,0.7846462319062645,4.561389181537064,0.009775,1.0,,,
3920,4.06396484375,0.0,4.06396484375,0.00041230769230769234,8.246153846153847e-05,32798.99605372667,2.055733248,0.33646832846850117,0.6184345239267676,4.559214201721241,0.009800000000000001,1.0,,,
3930,3.59423828125,0.0,3.59423828125,0.00041205128205128205,8.241025641025641e-05,32798.380994480394,2.060976128,0.34696522531740814,0.9378292811389674,4.557034387739137,0.009825,1.0,,,
3940,3.61083984375,0.0,3.61083984375,0.0004117948717948718,8.235897435897436e-05,32798.72998391611,2.066219008,0.1916135542997707,0.9815609262189872,4.554849744969223,0.00985,1.0,,,
3950,3.482421875,0.0,3.482421875,0.0004115384615384615,8.23076923076923e-05,32799.05626562588,2.071461888,0.33396939065308184,0.400726247100293,4.5526602788018895,0.009875,1.0,,,
3960,3.72021484375,0.0,3.72021484375,0.0004112820512820513,8.225641025641027e-05,32799.14856128616,2.076704768,0.24135344169288894,0.9705849657791239,4.550465994639425,0.0099,1.0,,,
3970,3.3681640625,0.0,3.3681640625,0.00041102564102564107,8.220512820512821e-05,32798.92005983775,2.081947648,0.3137401754972863,0.9494796633133326,4.548266897896011,0.009925000000000002,1.0,,,
3980,3.55810546875,0.0,3.55810546875,0.0004107692307692308,8.215384615384615e-05,32799.37226395022,2.087190528,0.27996545845422144,0.837034716725134,4.546062993997697,0.00995,1.0,,,
3990,3.66943359375,0.0,3.66943359375,0.00041051282051282053,8.21025641025641e-05,32799.51676119246,2.092433408,0.29872465412513566,0.7982960444604214,4.543854288382397,0.009975,1.0,,,
4000,3.75537109375,0.0,3.75537109375,0.00041025641025641023,8.205128205128205e-05,32800.09904034612,2.097676288,0.31566282937824586,0.6201768735960077,4.541640786499874,0.01,1.0,,,
4000,,,,,,,,,,,,,5.543269230769231,5.543269230769231,6.8798076923076925
4010,3.6748046875,0.0,3.6748046875,0.00041000000000000005,8.200000000000001e-05,32797.34703186686,2.102919168,0.36357110994162994,0.6739445966693463,4.539422493811723,0.01,1.0,,,
4020,3.7890625,0.0,3.7890625,0.0004097435897435897,8.194871794871794e-05,32797.5201245806,2.108162048,0.35029731046034757,0.9371498584859059,4.537199415791361,0.01,1.0,,,
4030,4.07421875,0.0,4.07421875,0.0004094871794871795,8.189743589743591e-05,32797.75293915693,2.113404928,0.2253608661561017,0.9743113719621784,4.5349715579240115,0.01,1.0,,,
4040,3.61083984375,0.0,3.61083984375,0.00040923076923076926,8.184615384615385e-05,32797.87225170944,2.118647808,0.24067616374174633,0.9707250839897529,4.532738925706693,0.01,1.0,,,
4050,4.1005859375,0.0,4.1005859375,0.00040897435897435896,8.179487179487179e-05,32798.05482138171,2.123890688,0.3515099521208205,0.9361084532622893,4.530501524648202,0.01,1.0,,,
4060,3.65576171875,0.0,3.65576171875,0.0004087179487179487,8.174358974358974e-05,32798.40594671483,2.129133568,0.23547798802089234,0.9718026210951477,4.528259360269106,0.01,1.0,,,
4070,3.71875,0.0,3.71875,0.0004084615384615384,8.169230769230768e-05,32798.62586876478,2.134376448,0.4050051045888583,0.8248161389202515,4.526012438101721,0.01,1.0,,,
4080,4.13671875,0.0,4.13671875,0.00040820512820512823,8.164102564102565e-05,32799.28315505259,2.139619328,0.38807631386356023,0.9216426850420135,4.523760763690104,0.01,1.0,,,
4090,3.609375,0.0,3.609375,0.00040794871794871794,8.158974358974359e-05,32799.05404940491,2.144862208,0.20047203006069902,0.9796574450728631,4.521504342590037,0.01,1.0,,,
4100,3.76318359375,0.0,3.76318359375,0.0004076923076923077,8.153846153846155e-05,32799.65948555602,2.150105088,0.3279631387667284,0.9449875166856776,4.519243180369018,0.01,1.0,,,
4110,3.75341796875,0.0,3.75341796875,0.00040743589743589745,8.148717948717949e-05,32799.63466665671,2.155347968,0.33367573888242885,0.9427335423158253,4.516977282606236,0.01,1.0,,,
4120,3.61962890625,0.0,3.61962890625,0.00040717948717948715,8.143589743589743e-05,32799.867985886325,2.160590848,0.4123610191604046,0.5910028873504276,4.514706654892571,0.01,1.0,,,
4130,3.716796875,0.0,3.716796875,0.00040692307692307696,8.13846153846154e-05,32800.20944359577,2.165833728,0.34913786601079533,0.9371566626369012,4.51243130283057,0.01,1.0,,,
4140,3.71142578125,0.0,3.71142578125,0.00040666666666666667,8.133333333333334e-05,32800.342671258615,2.171076608,0.30012773866311393,0.2717403722567235,4.510151232034438,0.01,1.0,,,
4150,3.60107421875,0.0,3.60107421875,0.0004064102564102564,8.128205128205129e-05,32801.18832872942,2.176319488,0.2902465593455363,0.9567780846717437,4.507866448130024,0.01,1.0,,,
4160,3.58056640625,0.0,3.58056640625,0.0004061538461538461,8.123076923076923e-05,32801.63776957422,2.181562368,0.2467338828581309,0.9690101883892368,4.505576956754805,0.01,1.0,,,
4170,3.50146484375,0.0,3.50146484375,0.0004058974358974359,8.117948717948718e-05,32801.83183180466,2.186805248,0.27561997715225056,0.5054823565424209,4.5032827635578725,0.01,1.0,,,
4180,3.6943359375,0.0,3.6943359375,0.0004056410256410257,8.112820512820514e-05,32801.87006489989,2.192048128,0.19710362378024282,0.9804826368312936,4.500983874199921,0.01,1.0,,,
4190,3.27099609375,0.0,3.27099609375,0.0004053846153846154,8.107692307692308e-05,32802.036009854586,2.197291008,0.28375613840865727,0.9592662009907922,4.498680294353231,0.01,1.0,,,
4200,3.65283203125,0.0,3.65283203125,0.00040512820512820515,8.102564102564103e-05,32802.213843673766,2.202533888,0.35487774617851353,0.661460513077421,4.496372029701656,0.01,1.0,,,
4210,3.55224609375,0.0,3.55224609375,0.00040487179487179486,8.097435897435897e-05,32802.530774669074,2.207776768,0.2895363446803223,0.8996182344152687,4.494059085940613,0.01,1.0,,,
4220,3.5029296875,0.0,3.5029296875,0.0004046153846153846,8.092307692307693e-05,32802.70526728997,2.213019648,0.24185402990998003,0.5396550156169599,4.4917414687770565,0.01,1.0,,,
4230,3.97509765625,0.0,3.97509765625,0.00040435897435897437,8.087179487179488e-05,32803.22115925941,2.218262528,0.43149381456042285,0.7241397623303442,4.489419183929478,0.01,1.0,,,
4240,4.37451171875,0.0,4.37451171875,0.0004041025641025641,8.082051282051282e-05,32803.33387401707,2.223505408,0.09510582465834057,0.9954775685025191,4.487092237127885,0.01,1.0,,,
4250,3.56103515625,0.0,3.56103515625,0.0004038461538461539,8.076923076923078e-05,32803.69027812043,2.228748288,0.18871891750250303,0.982071912957419,4.484760634113788,0.01,1.0,,,
4260,3.6552734375,0.0,3.6552734375,0.0004035897435897436,8.071794871794872e-05,32803.706596193784,2.233991168,0.2013827960749616,0.9794007801493053,4.482424380640184,0.01,1.0,,,
4270,3.75341796875,0.0,3.75341796875,0.00040333333333333334,8.066666666666667e-05,32802.51626709517,2.239234048,0.3555056992238913,0.9349474353566103,4.480083482471548,0.01,1.0,,,
4280,2.87646484375,0.0,2.87646484375,0.0004030769230769231,8.061538461538463e-05,32803.1653396493,2.244476928,0.3443034496587172,0.9384706415210836,4.4777379453838115,0.01,1.0,,,
4290,3.62109375,0.0,3.62109375,0.0004028205128205128,8.056410256410257e-05,32803.235154755195,2.249719808,0.31892518430936195,0.948096882571067,4.475387775164355,0.01,1.0,,,
4300,3.57861328125,0.0,3.57861328125,0.00040256410256410256,8.051282051282052e-05,32803.38675780031,2.254962688,0.38669148395894226,0.5524921670156826,4.473032977611991,0.01,1.0,,,
4310,3.62744140625,0.0,3.62744140625,0.0004023076923076923,8.046153846153846e-05,32803.97051555744,2.260205568,0.35030591094334057,0.5696737615126456,4.470673558536948,0.01,1.0,,,
4320,3.8173828125,0.0,3.8173828125,0.0004020512820512821,8.041025641025641e-05,32804.15347100005,2.265448448,0.19401569328006252,0.9809153916519273,4.4683095237608565,0.01,1.0,,,
4330,3.7353515625,0.0,3.7353515625,0.0004017948717948718,8.035897435897436e-05,32804.221575576536,2.270691328,0.29190721094398053,0.6088560113973301,4.465940879116738,0.01,1.0,,,
4340,3.70849609375,0.0,3.70849609375,0.00040153846153846153,8.030769230769231e-05,32804.40341645041,2.275934208,0.3033885295637594,0.35028471179603304,4.463567630448988,0.01,1.0,,,
4350,3.8154296875,0.0,3.8154296875,0.0004012820512820513,8.025641025641026e-05,32804.64282307078,2.281177088,0.2545288857118749,0.8998751546238639,4.461189783613363,0.01,1.0,,,
4360,3.57568359375,0.0,3.57568359375,0.00040102564102564105,8.02051282051282e-05,32805.09239981397,2.286419968,0.1658125995819346,0.98611960977333,4.458807344476961,0.01,1.0,,,
4370,3.77587890625,0.0,3.77587890625,0.00040076923076923075,8.015384615384616e-05,32805.35408266001,2.291662848,0.3978372847375391,0.43857124926126817,4.456420318918216,0.01,1.0,,,
4380,3.55029296875,0.0,3.55029296875,0.0004005128205128205,8.01025641025641e-05,32805.653088320076,2.296905728,0.19830407004389608,0.9801074500867563,4.454028712826874,0.01,1.0,,,
4390,3.46044921875,0.0,3.46044921875,0.00040025641025641026,8.005128205128205e-05,32805.93617593066,2.302148608,0.3525331141518694,0.9066196849817213,4.451632532103988,0.01,1.0,,,
4400,3.67041015625,0.0,3.67041015625,0.0004,8e-05,32805.98841488086,2.307391488,0.37699598654476596,0.7138765388348036,4.449231782661895,0.01,1.0,,,
4410,3.91943359375,0.0,3.91943359375,0.0003997435897435898,7.994871794871796e-05,32805.55548567719,2.312634368,0.17882889412926742,0.9838875178051306,4.446826470424203,0.01,1.0,,,
4420,3.44873046875,0.0,3.44873046875,0.0003994871794871795,7.98974358974359e-05,32805.570715917594,2.317877248,0.46166402256924466,0.8758545550448713,4.444416601325784,0.01,1.0,,,
4430,3.61669921875,0.0,3.61669921875,0.00039923076923076924,7.984615384615384e-05,32805.692923069386,2.323120128,0.38551932558002033,0.46887992676261603,4.442002181312748,0.01,1.0,,,
4440,3.4482421875,0.0,3.4482421875,0.00039897435897435894,7.97948717948718e-05,32806.151951805376,2.328363008,0.13719433413407606,0.9905618919496463,4.43958321634244,0.01,1.0,,,
4450,3.61181640625,0.0,3.61181640625,0.00039871794871794875,7.974358974358975e-05,32806.22790369647,2.333605888,0.23676567833179912,0.2995987494391009,4.437159712383412,0.01,1.0,,,
4460,3.72119140625,0.0,3.72119140625,0.0003984615384615385,7.96923076923077e-05,32806.42760410004,2.338848768,0.29117960756267003,0.6943062772047427,4.43473167541542,0.01,1.0,,,
4470,3.42822265625,0.0,3.42822265625,0.0003982051282051282,7.964102564102564e-05,32806.339278939144,2.344091648,0.3381666404499626,0.43909266051153345,4.432299111429405,0.01,1.0,,,
4480,3.6474609375,0.0,3.6474609375,0.00039794871794871797,7.95897435897436e-05,32806.882118165355,2.349334528,0.21076939435732514,0.9774751135733725,4.429862026427475,0.01,1.0,,,
4490,3.44970703125,0.0,3.44970703125,0.00039769230769230767,7.953846153846154e-05,32807.48912611893,2.354577408,0.35179974456680563,0.8270236069174327,4.427420426422897,0.01,1.0,,,
4500,3.4599609375,0.0,3.4599609375,0.0003974358974358975,7.948717948717949e-05,32807.54109291195,2.359820288,0.23965186532670446,0.9709188884483573,4.424974317440075,0.01,1.0,,,
4510,3.84814453125,0.0,3.84814453125,0.00039717948717948713,7.943589743589743e-05,32807.91110085693,2.365063168,0.3784990454158018,0.8694567293377838,4.422523705514539,0.01,1.0,,,
4520,3.69873046875,0.0,3.69873046875,0.00039692307692307694,7.938461538461539e-05,32808.072335765006,2.370306048,0.24219704526743407,0.5177921419916919,4.420068596692933,0.01,1.0,,,
4530,3.73681640625,0.0,3.73681640625,0.0003966666666666667,7.933333333333334e-05,32808.10906834045,2.375548928,0.2301169954699127,0.9731760109659269,4.417608997032991,0.01,1.0,,,
4540,3.51416015625,0.0,3.51416015625,0.0003964102564102564,7.928205128205128e-05,32808.60960006557,2.380791808,0.3045792930122053,0.3309606277699285,4.415144912603533,0.01,1.0,,,
4550,3.7275390625,0.0,3.7275390625,0.00039615384615384615,7.923076923076924e-05,32808.24037742601,2.386034688,0.3617476298287691,0.5996986978185382,4.412676349484441,0.01,1.0,,,
4560,3.64404296875,0.0,3.64404296875,0.00039589743589743586,7.917948717948718e-05,32808.33659429713,2.391277568,0.26737712128731933,0.9637735933672191,4.410203313766649,0.01,1.0,,,
4570,3.7685546875,0.0,3.7685546875,0.00039564102564102567,7.912820512820513e-05,32808.66001629111,2.396520448,0.34490057986522665,0.7757983702996578,4.407725811552128,0.01,1.0,,,
4580,3.30126953125,0.0,3.30126953125,0.0003953846153846154,7.907692307692309e-05,32807.25936514398,2.401763328,0.19516841717598107,0.980890617604559,4.405243848953868,0.01,1.0,,,
4590,3.79052734375,0.0,3.79052734375,0.00039512820512820513,7.902564102564103e-05,32807.78942837589,2.407006208,0.404863085829904,0.5758109535117445,4.402757432095863,0.01,1.0,,,
4600,3.740234375,0.0,3.740234375,0.0003948717948717949,7.897435897435898e-05,32807.083143564596,2.412249088,0.37279101038249185,0.9281827657454061,4.400266567113103,0.01,1.0,,,
4610,3.62890625,0.0,3.62890625,0.0003946153846153846,7.892307692307692e-05,32807.347400082144,2.417491968,0.33044195678542854,0.6221849487708381,4.397771260151547,0.01,1.0,,,
4620,3.720703125,0.0,3.720703125,0.0003943589743589744,7.887179487179487e-05,32807.45223539805,2.422734848,0.26113035414902036,0.7350536495572784,4.395271517368117,0.01,1.0,,,
4630,3.3505859375,0.0,3.3505859375,0.0003941025641025641,7.882051282051283e-05,32807.51946709908,2.427977728,0.30778351901058115,0.7937452318645568,4.392767344930682,0.01,1.0,,,
4640,3.57373046875,0.0,3.57373046875,0.00039384615384615386,7.876923076923077e-05,32807.971411423554,2.433220608,0.34192689876931304,0.7810216061699736,4.390258749018037,0.01,1.0,,,
4650,3.3896484375,0.0,3.3896484375,0.0003935897435897436,7.871794871794872e-05,32808.352942800186,2.438463488,0.164224385176639,0.986390728505073,4.387745735819893,0.01,1.0,,,
4660,3.45166015625,0.0,3.45166015625,0.0003933333333333333,7.866666666666666e-05,32808.505922963115,2.443706368,0.1893256322636773,0.9819067494119852,4.38522831153686,0.01,1.0,,,
4670,3.56494140625,0.0,3.56494140625,0.00039307692307692313,7.861538461538462e-05,32808.919270898645,2.448949248,0.16538145420127212,0.9861932020831045,4.382706482380433,0.01,1.0,,,
4680,3.54052734375,0.0,3.54052734375,0.00039282051282051283,7.856410256410257e-05,32809.02561264899,2.454192128,0.11747786913578635,0.9930885646765244,4.380180254572974,0.01,1.0,,,
4690,3.845703125,0.0,3.845703125,0.0003925641025641026,7.851282051282051e-05,32809.36590291007,2.459435008,0.27055929335242446,0.9626837022431999,4.3776496343477,0.01,1.0,,,
4700,3.83544921875,0.0,3.83544921875,0.0003923076923076923,7.846153846153847e-05,32809.707956594095,2.464677888,0.2625394529986064,0.3777151103970071,4.375114627948664,0.01,1.0,,,
4710,3.828125,0.0,3.828125,0.00039205128205128205,7.84102564102564e-05,32809.98133713474,2.469920768,0.2538614954615166,0.8914084947169266,4.3725752416307415,0.01,1.0,,,
4720,3.16650390625,0.0,3.16650390625,0.00039179487179487186,7.835897435897437e-05,32810.234727354364,2.475163648,0.3206148577048319,0.4445144519262151,4.370031481659617,0.01,1.0,,,
4730,3.74755859375,0.0,3.74755859375,0.00039153846153846156,7.830769230769231e-05,32810.572034460056,2.480406528,0.31861642127645357,0.5050081357060351,4.367483354311766,0.01,1.0,,,
4740,3.39599609375,0.0,3.39599609375,0.0003912820512820513,7.825641025641026e-05,32810.75279195092,2.485649408,0.3640744652551454,0.804138591736486,4.364930865874438,0.01,1.0,,,
4750,3.8212890625,0.0,3.8212890625,0.000391025641025641,7.820512820512821e-05,32811.1665231445,2.490892288,0.3329903430084848,0.8462415333646544,4.362374022645645,0.01,1.0,,,
4760,3.5869140625,0.0,3.5869140625,0.0003907692307692308,7.815384615384615e-05,32811.3793968396,2.496135168,0.31163815700575426,0.4527985206906697,4.359812830934144,0.01,1.0,,,
4770,3.6201171875,0.0,3.6201171875,0.00039051282051282053,7.810256410256412e-05,32811.55570319509,2.501378048,0.2775120484056413,0.36703747263540726,4.357247297059421,0.01,1.0,,,
4780,3.77978515625,0.0,3.77978515625,0.00039025641025641024,7.805128205128204e-05,32811.69769950012,2.506620928,0.3028947481360762,0.8335841034059756,4.354677427351674,0.01,1.0,,,
4790,3.7431640625,0.0,3.7431640625,0.00039000000000000005,7.800000000000001e-05,32812.09767756545,2.511863808,0.20520025836541095,0.9787110374791567,4.352103228151803,0.01,1.0,,,
4800,3.39892578125,0.0,3.39892578125,0.00038974358974358975,7.794871794871795e-05,32812.42528119518,2.517106688,0.23542772308910534,0.6646220049493313,4.349524705811388,0.01,1.0,,,
4810,3.54248046875,0.0,3.54248046875,0.0003894871794871795,7.789743589743589e-05,32812.570100637095,2.522349568,0.2637878416545487,0.9645781427447713,4.346941866692676,0.01,1.0,,,
4820,3.7421875,0.0,3.7421875,0.0003892307692307692,7.784615384615385e-05,32812.73694482257,2.527592448,0.27631638446272694,0.9463077565939682,4.344354717168567,0.01,1.0,,,
4830,3.8046875,0.0,3.8046875,0.00038897435897435897,7.779487179487179e-05,32812.91863982605,2.532835328,0.18272620375981516,0.9831291744396284,4.341763263622594,0.01,1.0,,,
4840,3.45751953125,0.0,3.45751953125,0.0003887179487179487,7.774358974358976e-05,32813.127141104684,2.538078208,0.3059297007850651,0.8643277434087874,4.339167512448912,0.01,1.0,,,
4850,3.68359375,0.0,3.68359375,0.0003884615384615385,7.76923076923077e-05,32813.55213000484,2.543321088,0.6488078324482187,0.7256460448287232,4.3365674700522785,0.01,1.0,,,
4860,2.70849609375,0.0,2.70849609375,0.00038820512820512824,7.764102564102565e-05,32813.69888231798,2.548563968,0.33155604953336665,0.9430670445801994,4.33396314284804,0.01,1.0,,,
4870,3.68896484375,0.0,3.68896484375,0.00038794871794871794,7.758974358974359e-05,32813.79456407801,2.553806848,0.4041607236009699,0.8750014028542707,4.331354537262114,0.01,1.0,,,
4880,3.28564453125,0.0,3.28564453125,0.0003876923076923077,7.753846153846153e-05,32814.11598382947,2.559049728,0.3378789519349846,0.7801562221014983,4.3287416597309765,0.01,1.0,,,
4890,3.69873046875,0.0,3.69873046875,0.00038743589743589745,7.74871794871795e-05,32813.679251008216,2.564292608,0.13967074956820424,0.9901944276020203,4.326124516701643,0.01,1.0,,,
4900,3.392578125,0.0,3.392578125,0.0003871794871794872,7.743589743589744e-05,32813.58194523152,2.569535488,0.4259056600061967,0.9046484681783729,4.323503114631653,0.01,1.0,,,
4910,3.55712890625,0.0,3.55712890625,0.0003869230769230769,7.73846153846154e-05,32813.81982721487,2.574778368,0.3126540043253298,0.6394282089893576,4.320877459989057,0.01,1.0,,,
4920,3.47509765625,0.0,3.47509765625,0.00038666666666666667,7.733333333333333e-05,32813.89502172493,2.580021248,0.3123548263907696,0.9501136792574607,4.318247559252395,0.01,1.0,,,
4930,3.39404296875,0.0,3.39404296875,0.0003864102564102564,7.728205128205129e-05,32814.235648330745,2.585264128,0.23140217249628098,0.9728042177398999,4.3156134189106865,0.01,1.0,,,
4940,3.37353515625,0.0,3.37353515625,0.0003861538461538462,7.723076923076924e-05,32814.52102349283,2.590507008,0.23064223251687543,0.28449882098311113,4.3129750454634115,0.01,1.0,,,
4950,3.46435546875,0.0,3.46435546875,0.00038589743589743594,7.717948717948718e-05,32814.839448707346,2.595749888,0.33147097243552315,0.7273850951689469,4.310332445420493,0.01,1.0,,,
4960,3.466796875,0.0,3.466796875,0.00038564102564102564,7.712820512820514e-05,32814.555492640065,2.600992768,0.2504728880808409,0.7590864168129893,4.307685625302286,0.01,1.0,,,
4970,3.3447265625,0.0,3.3447265625,0.0003853846153846154,7.707692307692308e-05,32815.07642132741,2.606235648,0.22043468159513258,0.9753659208611783,4.3050345916395525,0.01,1.0,,,
4980,3.2041015625,0.0,3.2041015625,0.0003851282051282051,7.702564102564103e-05,32815.314064615864,2.611478528,0.3727471542677567,0.8678633753232511,4.302379350973457,0.01,1.0,,,
4990,3.3232421875,0.0,3.3232421875,0.0003848717948717949,7.697435897435899e-05,32815.30933400581,2.616721408,0.31638721731035685,0.5841427353226467,4.2997199098555425,0.01,1.0,,,
5000,3.5419921875,0.0,3.5419921875,0.0003846153846153846,7.692307692307693e-05,32815.529250916115,2.621964288,0.3139002326423792,0.6642041916084778,4.297056274847714,0.01,1.0,,,
5000,,,,,,,,,,,,,5.497596153846154,5.497596153846154,6.908653846153846
5010,3.447265625,0.0,3.447265625,0.00038435897435897437,7.687179487179488e-05,32813.41631315694,2.627207168,0.2446474806378832,0.4251473298536296,4.294388452522227,0.01,1.0,,,
5020,3.52001953125,0.0,3.52001953125,0.00038410256410256413,7.682051282051282e-05,32813.522338914845,2.632450048,0.32677388948746583,0.9453205575888125,4.291716449461667,0.01,1.0,,,
5030,3.318359375,0.0,3.318359375,0.00038384615384615383,7.676923076923077e-05,32813.82231313854,2.637692928,0.27239597378436886,0.7439663669957308,4.289040272258937,0.01,1.0,,,
5040,3.29052734375,0.0,3.29052734375,0.0003835897435897436,7.671794871794871e-05,32814.15032445669,2.642935808,0.3076454778749008,0.7345519200435768,4.286359927517238,0.01,1.0,,,
5050,3.4150390625,0.0,3.4150390625,0.0003833333333333333,7.666666666666667e-05,32814.500068541965,2.648178688,0.21145188837390186,0.9773686516758783,4.283675421850053,0.01,1.0,,,
5060,3.3779296875,0.0,3.3779296875,0.0003830769230769231,7.661538461538462e-05,32814.46854802703,2.653421568,0.3320599791381609,0.5906279408573426,4.2809867618811355,0.01,1.0,,,
5070,3.533203125,0.0,3.533203125,0.00038282051282051286,7.656410256410256e-05,32814.69361903419,2.658664448,0.2710328152476119,0.9528344408248836,4.278293954244484,0.01,1.0,,,
5080,3.67138671875,0.0,3.67138671875,0.00038256410256410256,7.651282051282052e-05,32814.812516376536,2.663907328,0.18994482621766012,0.9819454087865396,4.275597005584334,0.01,1.0,,,
5090,3.3037109375,0.0,3.3037109375,0.0003823076923076923,7.646153846153846e-05,32815.22641971838,2.669150208,0.3284130258775578,0.9444331555244082,4.27289592255514,0.01,1.0,,,
5100,3.53125,0.0,3.53125,0.000382051282051282,7.641025641025641e-05,32815.39647597542,2.674393088,0.1900831189051659,0.9817571579222445,4.270190711821554,0.01,1.0,,,
5110,3.4658203125,0.0,3.4658203125,0.00038179487179487183,7.635897435897437e-05,32815.525108041016,2.679635968,0.2608454347563888,0.8660923144732018,4.267481380058416,0.01,1.0,,,
5120,3.830078125,0.0,3.830078125,0.00038153846153846153,7.630769230769231e-05,32815.89953070613,2.684878848,0.2671635988705709,0.4592409386538902,4.264767933950732,0.01,1.0,,,
5130,1.70458984375,0.0,1.70458984375,0.0003812820512820513,7.625641025641026e-05,32816.14867439612,2.690121728,0.7011687074376525,0.7118427445741006,4.26205038019366,0.01,1.0,,,
5140,3.55029296875,0.0,3.55029296875,0.00038102564102564105,7.62051282051282e-05,32816.61598913302,2.695364608,0.3083388022216921,0.43776075340989334,4.259328725492495,0.01,1.0,,,
5150,3.6611328125,0.0,3.6611328125,0.00038076923076923075,7.615384615384616e-05,32816.579083023236,2.700607488,0.28760524124581105,0.6351259442989231,4.256602976562649,0.01,1.0,,,
5160,3.72216796875,0.0,3.72216796875,0.00038051282051282056,7.610256410256411e-05,32817.07657560161,2.705850368,0.4149623699540505,0.9097736374780617,4.253873140129636,0.01,1.0,,,
5170,3.541015625,0.0,3.541015625,0.00038025641025641026,7.605128205128206e-05,32817.31074542078,2.711093248,0.27092846800425135,0.6120564827857541,4.251139222929057,0.01,1.0,,,
5180,3.44091796875,0.0,3.44091796875,0.00038,7.6e-05,32817.48462806871,2.716336128,0.12582104573994654,0.9920578618242515,4.2484012317065805,0.01,1.0,,,
5190,3.74560546875,0.0,3.74560546875,0.0003797435897435897,7.594871794871794e-05,32817.815432190735,2.721579008,0.2771058075848116,0.9607896973733238,4.245659173217927,0.01,1.0,,,
5200,3.62451171875,0.0,3.62451171875,0.0003794871794871795,7.58974358974359e-05,32818.19670375329,2.726821888,0.21026708219620543,0.9776044633910129,4.242913054228853,0.01,1.0,,,
5210,3.7021484375,0.0,3.7021484375,0.0003792307692307693,7.584615384615385e-05,32818.48981696176,2.732064768,0.29665149035155614,0.43412819984400913,4.240162881515135,0.01,1.0,,,
5220,3.71630859375,0.0,3.71630859375,0.000378974358974359,7.579487179487181e-05,32818.046693403056,2.737307648,0.4934976227375524,0.8695812150117367,4.237408661862552,0.01,1.0,,,
5230,3.802734375,0.0,3.802734375,0.00037871794871794875,7.574358974358975e-05,32818.44697311821,2.742550528,0.3817110125203463,0.923725443569733,4.2346504020668645,0.01,1.0,,,
5240,3.14990234375,0.0,3.14990234375,0.00037846153846153845,7.56923076923077e-05,32818.713412809535,2.747793408,0.3213132693227308,0.4074306106212638,4.2318881089338065,0.01,1.0,,,
5250,3.6064453125,0.0,3.6064453125,0.0003782051282051282,7.564102564102564e-05,32818.999458725746,2.753036288,0.2932867148666847,0.3656268509647075,4.229121789279061,0.01,1.0,,,
5260,3.73193359375,0.0,3.73193359375,0.00037794871794871797,7.55897435897436e-05,32819.41624708996,2.758279168,0.2740602968890392,0.6961688665651377,4.226351449928246,0.01,1.0,,,
5270,3.2578125,0.0,3.2578125,0.00037769230769230767,7.553846153846154e-05,32819.84352659736,2.763522048,0.29464437415708983,0.5841368415715993,4.223577097716899,0.01,1.0,,,
5280,3.44775390625,0.0,3.44775390625,0.0003774358974358975,7.548717948717949e-05,32819.91887068178,2.768764928,0.341133014870984,0.8274833483792366,4.2207987394904585,0.01,1.0,,,
5290,3.8974609375,0.0,3.8974609375,0.0003771794871794872,7.543589743589744e-05,32820.227222081245,2.774007808,0.322939211439205,0.6128891167149576,4.218016382104247,0.01,1.0,,,
5300,3.365234375,0.0,3.365234375,0.00037692307692307694,7.538461538461539e-05,32820.57302428635,2.779250688,0.2717646920848174,0.7398444188249573,4.215230032423456,0.01,1.0,,,
5310,3.82666015625,0.0,3.82666015625,0.00037666666666666664,7.533333333333334e-05,32820.85719248346,2.784493568,0.32095907086905184,0.51644830117555,4.212439697323124,0.01,1.0,,,
5320,3.2666015625,0.0,3.2666015625,0.0003764102564102564,7.528205128205128e-05,32820.54515899106,2.789736448,0.08282111069463043,0.9965573364102522,4.2096453836881285,0.01,1.0,,,
5330,3.98681640625,0.0,3.98681640625,0.00037615384615384616,7.523076923076923e-05,32820.92292766401,2.794979328,0.3380190819361315,0.9411572500927353,4.206847098413157,0.01,1.0,,,
5340,3.521484375,0.0,3.521484375,0.0003758974358974359,7.517948717948719e-05,32821.15682283722,2.800222208,0.2595961244219112,0.46935541109519374,4.204044848402703,0.01,1.0,,,
5350,3.59814453125,0.0,3.59814453125,0.00037564102564102567,7.512820512820513e-05,32821.50228838746,2.805465088,0.2599173152572613,0.7344284305983648,4.20123864057104,0.01,1.0,,,
5360,3.63134765625,0.0,3.63134765625,0.00037538461538461537,7.507692307692308e-05,32821.60492889415,2.810707968,0.28496680147453085,0.8524401292299566,4.198428481842204,0.01,1.0,,,
5370,3.4169921875,0.0,3.4169921875,0.00037512820512820513,7.502564102564102e-05,32821.69620747089,2.815950848,0.32125449472477735,0.7999660169095687,4.195614379149985,0.01,1.0,,,
5380,3.45556640625,0.0,3.45556640625,0.0003748717948717949,7.497435897435898e-05,32821.95842276823,2.821193728,0.27261125078969045,0.9621823761095538,4.1927963394379,0.01,1.0,,,
5390,3.4423828125,0.0,3.4423828125,0.00037461538461538464,7.492307692307693e-05,32821.99449989773,2.826436608,0.26226342871606834,0.435506727169306,4.189974369659184,0.01,1.0,,,
5400,3.40185546875,0.0,3.40185546875,0.00037435897435897435,7.487179487179487e-05,32822.15173465336,2.831679488,0.28234334864250427,0.34143749774217363,4.187148476776764,0.01,1.0,,,
5410,3.94091796875,0.0,3.94091796875,0.0003741025641025641,7.482051282051283e-05,32822.350540845604,2.836922368,0.4673958694591803,0.7293203187103346,4.184318667763253,0.01,1.0,,,
5420,3.4248046875,0.0,3.4248046875,0.00037384615384615386,7.476923076923077e-05,32822.5909024884,2.842165248,0.3344679447306885,0.6062289967463899,4.181484949600921,0.01,1.0,,,
5430,3.2578125,0.0,3.2578125,0.0003735897435897436,7.471794871794872e-05,32822.92888643548,2.847408128,0.19203913172480525,0.9812994774877698,4.178647329281686,0.01,1.0,,,
5440,3.3447265625,0.0,3.3447265625,0.0003733333333333333,7.466666666666666e-05,32822.94152800461,2.852651008,0.2080709472057188,0.9779044096006413,4.175805813807095,0.01,1.0,,,
5450,3.626953125,0.0,3.626953125,0.0003730769230769231,7.461538461538462e-05,32823.109012741945,2.857893888,0.2855606767049502,0.6606743022009541,4.172960410188305,0.01,1.0,,,
5460,3.8349609375,0.0,3.8349609375,0.00037282051282051283,7.456410256410257e-05,32823.194656572006,2.863136768,0.36725731028258385,0.930243476299267,4.170111125446066,0.01,1.0,,,
5470,3.3837890625,0.0,3.3837890625,0.00037256410256410253,7.451282051282051e-05,32823.52436521834,2.868379648,0.11851809439660999,0.9929534940394308,4.167257966610706,0.01,1.0,,,
5480,3.646484375,0.0,3.646484375,0.00037230769230769235,7.446153846153848e-05,32823.828965428256,2.873622528,0.1844190389645364,0.9829888899152249,4.164400940722109,0.01,1.0,,,
5490,3.248046875,0.0,3.248046875,0.00037205128205128205,7.44102564102564e-05,32824.015473222185,2.878865408,0.2905078945541933,0.8844288882878858,4.161540054829704,0.01,1.0,,,
5500,3.56201171875,0.0,3.56201171875,0.0003717948717948718,7.435897435897436e-05,32824.283768023604,2.884108288,0.2625470690543487,0.9193475338948139,4.158675315992441,0.01,1.0,,,
5510,3.61376953125,0.0,3.61376953125,0.00037153846153846156,7.430769230769231e-05,32824.478023269985,2.889351168,0.29267320303844163,0.9559659156299818,4.155806731278779,0.01,1.0,,,
5520,3.58544921875,0.0,3.58544921875,0.00037128205128205126,7.425641025641025e-05,32824.72007177068,2.894594048,0.2542316590141811,0.4971131228968175,4.1529343077666665,0.01,1.0,,,
5530,3.4091796875,0.0,3.4091796875,0.0003710256410256411,7.420512820512822e-05,32825.03556301674,2.899836928,0.30046430902676413,0.42630291551874244,4.150058052543521,0.01,1.0,,,
5540,3.5859375,0.0,3.5859375,0.0003707692307692307,7.415384615384615e-05,32825.3406375207,2.905079808,0.24090536361919493,0.9704608653234631,4.147177972706219,0.01,1.0,,,
5550,3.73779296875,0.0,3.73779296875,0.00037051282051282054,7.410256410256412e-05,32825.41909260821,2.910322688,0.3634052514818421,0.9313325030529385,4.14429407536107,0.01,1.0,,,
5560,3.6123046875,0.0,3.6123046875,0.0003702564102564103,7.405128205128206e-05,32825.573832568094,2.915565568,0.26402089369523996,0.9643392580880331,4.141406367623802,0.01,1.0,,,
5570,3.3642578125,0.0,3.3642578125,0.00037,7.4e-05,32825.76457365329,2.920808448,0.31686962979412625,0.6978382197542641,4.13851485661955,0.01,1.0,,,
5580,3.58203125,0.0,3.58203125,0.0003697435897435898,7.394871794871796e-05,32826.1591921086,2.926051328,0.2260808251943216,0.8064688864936809,4.135619549482828,0.01,1.0,,,
5590,3.626953125,0.0,3.626953125,0.00036948717948717945,7.389743589743589e-05,32826.43134978454,2.931294208,0.2052949821869692,0.31770149224132266,4.1327204533575195,0.01,1.0,,,
5600,3.39404296875,0.0,3.39404296875,0.00036923076923076927,7.384615384615386e-05,32826.60375320851,2.936537088,0.2863876945392983,0.46777658830279767,4.129817575396856,0.01,1.0,,,
5610,3.7275390625,0.0,3.7275390625,0.00036897435897435897,7.37948717948718e-05,32826.70924581685,2.941779968,0.2014691565051013,0.9793187219078601,4.126910922763399,0.01,1.0,,,
5620,3.5478515625,0.0,3.5478515625,0.0003687179487179487,7.374358974358975e-05,32826.69056409315,2.947022848,0.28519753317926166,0.9586449605508067,4.124000502629026,0.01,1.0,,,
5630,3.40771484375,0.0,3.40771484375,0.0003684615384615385,7.36923076923077e-05,32826.95145140974,2.952265728,0.23388026417941304,0.9722100023130674,4.121086322174909,0.01,1.0,,,
5640,3.77685546875,0.0,3.77685546875,0.0003682051282051282,7.364102564102563e-05,32827.08281667052,2.957508608,0.2995992143621554,0.954197863767733,4.118168388591498,0.01,1.0,,,
5650,3.4345703125,0.0,3.4345703125,0.000367948717948718,7.35897435897436e-05,32827.273243108815,2.962751488,0.281686756328919,0.9596216835186995,4.115246709078506,0.01,1.0,,,
5660,3.2900390625,0.0,3.2900390625,0.00036769230769230764,7.353846153846153e-05,32827.48798262623,2.967994368,0.08531423697946308,0.9963433989292786,4.112321290844886,0.01,1.0,,,
5670,3.59423828125,0.0,3.59423828125,0.00036743589743589745,7.34871794871795e-05,32827.625148329185,2.973237248,0.25513728759821147,0.943111484522012,4.109392141108815,0.01,1.0,,,
5680,3.79833984375,0.0,3.79833984375,0.00036717948717948716,7.343589743589744e-05,32827.853762523584,2.978480128,0.3189414037121229,0.9476833879372468,4.106459267097681,0.01,1.0,,,
5690,3.17431640625,0.0,3.17431640625,0.0003669230769230769,7.338461538461539e-05,32828.269182494776,2.983723008,0.3542823910619493,0.6439829477277506,4.103522676048057,0.01,1.0,,,
5700,3.49072265625,0.0,3.49072265625,0.0003666666666666667,7.333333333333334e-05,32828.43291495342,2.988965888,0.2496841354901292,0.9684519445642249,4.1005823752056925,0.01,1.0,,,
5710,3.4599609375,0.0,3.4599609375,0.0003664102564102564,7.328205128205127e-05,32828.546613732986,2.994208768,0.2454955032466592,0.9695403304506769,4.097638371825485,0.01,1.0,,,
5720,3.41845703125,0.0,3.41845703125,0.0003661538461538462,7.323076923076924e-05,32828.0269544707,2.999451648,0.3240130461393054,0.9457635439365949,4.09469067317147,0.01,1.0,,,
5730,3.7109375,0.0,3.7109375,0.0003658974358974359,7.317948717948718e-05,32828.03158179582,3.004694528,0.3389686766128684,0.5623294291654419,4.091739286516802,0.01,1.0,,,
5740,3.4775390625,0.0,3.4775390625,0.00036564102564102564,7.312820512820513e-05,32828.40812950699,3.009937408,0.2966818827929433,0.9325218577812965,4.088784219143735,0.01,1.0,,,
5750,3.576171875,0.0,3.576171875,0.0003653846153846154,7.307692307692309e-05,32827.92292617901,3.015180288,0.2625728973961561,0.7512875299864836,4.085825478343601,0.01,1.0,,,
5760,3.36865234375,0.0,3.36865234375,0.0003651282051282051,7.302564102564103e-05,32828.01647007638,3.020423168,0.290383970184082,0.8711153938029759,4.082863071416802,0.01,1.0,,,
5770,2.8720703125,0.0,2.8720703125,0.0003648717948717949,7.297435897435898e-05,32827.66099593559,3.025666048,0.30826098843641764,0.6891196607638983,4.079897005672781,0.01,1.0,,,
5780,3.6015625,0.0,3.6015625,0.0003646153846153846,7.292307692307692e-05,32827.37357611283,3.030908928,0.2402435619353791,0.9709461776554685,4.076927288430012,0.01,1.0,,,
5790,3.4619140625,0.0,3.4619140625,0.0003643589743589744,7.287179487179488e-05,32827.696685610834,3.036151808,0.2905717843165295,0.9569438072934519,4.073953927015975,0.01,1.0,,,
5800,3.71728515625,0.0,3.71728515625,0.00036410256410256413,7.282051282051283e-05,32827.967701506655,3.041394688,0.3640549627995304,0.9310549849913498,4.070976928767144,0.01,1.0,,,
5810,3.86328125,0.0,3.86328125,0.00036384615384615383,7.276923076923077e-05,32827.894952951065,3.046637568,0.322714803713383,0.9019434195118339,4.067996301028967,0.01,1.0,,,
5820,3.2431640625,0.0,3.2431640625,0.0003635897435897436,7.271794871794873e-05,32828.15009840478,3.051880448,0.27676254218068946,0.6716237163167862,4.065012051155846,0.01,1.0,,,
5830,3.64697265625,0.0,3.64697265625,0.00036333333333333335,7.266666666666667e-05,32828.26843497252,3.057123328,0.19396187584547822,0.9810067494341045,4.062024186511121,0.01,1.0,,,
5840,3.39697265625,0.0,3.39697265625,0.0003630769230769231,7.261538461538462e-05,32828.57236712603,3.062366208,0.2668004839353822,0.8964157192670127,4.059032714467053,0.01,1.0,,,
5850,3.4716796875,0.0,3.4716796875,0.0003628205128205128,7.256410256410256e-05,32828.42342304799,3.067609088,0.30258893194169667,0.3989565320477271,4.056037642404799,0.01,1.0,,,
5860,3.4951171875,0.0,3.4951171875,0.00036256410256410256,7.251282051282052e-05,32828.76337497094,3.072851968,0.17329617258907434,0.9849314411847641,4.053038977714404,0.01,1.0,,,
5870,3.46630859375,0.0,3.46630859375,0.0003623076923076923,7.246153846153847e-05,32829.011375538226,3.078094848,0.26588811744542273,0.9639369049037261,4.0500367277947715,0.01,1.0,,,
5880,3.6142578125,0.0,3.6142578125,0.0003620512820512821,7.241025641025641e-05,32829.3492369479,3.083337728,0.30616866738837417,0.7976017292955018,4.0470309000536595,0.01,1.0,,,
5890,3.140625,0.0,3.140625,0.0003617948717948718,7.235897435897436e-05,32829.29972526091,3.088580608,0.25639390416139707,0.5034758196444952,4.044021501907645,0.01,1.0,,,
5900,3.51220703125,0.0,3.51220703125,0.00036153846153846154,7.23076923076923e-05,32829.39486446611,3.093823488,0.7158342789192349,0.6590211125384364,4.041008540782122,0.01,1.0,,,
5910,3.78857421875,0.0,3.78857421875,0.0003612820512820513,7.225641025641026e-05,32829.69349551285,3.099066368,0.2147178960998179,0.9766036436332062,4.03799202411127,0.01,1.0,,,
5920,3.67041015625,0.0,3.67041015625,0.00036102564102564105,7.220512820512821e-05,32829.66358475847,3.104309248,0.33040333990917153,0.8691801639577794,4.034971959338046,0.01,1.0,,,
5930,3.96533203125,0.0,3.96533203125,0.00036076923076923075,7.215384615384615e-05,32829.89791683184,3.109552128,0.3540681256218635,0.9352297536614756,4.031948353914157,0.01,1.0,,,
5940,3.4990234375,0.0,3.4990234375,0.0003605128205128205,7.210256410256411e-05,32830.10432011193,3.114795008,0.24327405940221147,0.27215362682265515,4.028921215300051,0.01,1.0,,,
5950,3.65185546875,0.0,3.65185546875,0.00036025641025641027,7.205128205128205e-05,32830.40570566475,3.120037888,0.25560512387238293,0.5878890109596481,4.025890550964893,0.01,1.0,,,
5960,3.9228515625,0.0,3.9228515625,0.00035999999999999997,7.2e-05,32830.66565845795,3.125280768,0.30184483738066925,0.9530514265198009,4.022856368386543,0.01,1.0,,,
5970,3.6240234375,0.0,3.6240234375,0.0003597435897435898,7.194871794871796e-05,32830.946930076694,3.130523648,0.3381118089021774,0.7970815602155796,4.019818675051544,0.01,1.0,,,
5980,3.60546875,0.0,3.60546875,0.0003594871794871795,7.18974358974359e-05,32831.034709962434,3.135766528,0.2779471184647441,0.7099878872801285,4.016777478455107,0.01,1.0,,,
5990,3.77880859375,0.0,3.77880859375,0.00035923076923076924,7.184615384615385e-05,32831.29167716527,3.141009408,0.3270477305831994,0.9444587794580644,4.0137327861010785,0.01,1.0,,,
6000,3.86376953125,0.0,3.86376953125,0.000358974358974359,7.17948717948718e-05,32831.30108344212,3.146252288,0.3360713668887383,0.7995794941323602,4.010684605501935,0.01,1.0,,,
6000,,,,,,,,,,,,,5.3701923076923075,5.3701923076923075,6.954326923076923
6010,3.7255859375,0.0,3.7255859375,0.0003587179487179487,7.174358974358975e-05,32828.95544406611,3.151495168,0.30037761538061114,0.9535712516068618,4.00763294417876,0.01,1.0,,,
6020,3.47998046875,0.0,3.47998046875,0.0003584615384615385,7.16923076923077e-05,32829.256859395624,3.156738048,0.24173202305578903,0.9704677976624666,4.004577809661225,0.01,1.0,,,
6030,3.73974609375,0.0,3.73974609375,0.00035820512820512816,7.164102564102564e-05,32829.40463769539,3.161980928,0.3063287285105331,0.5386453997166453,4.001519209487568,0.01,1.0,,,
6040,3.99365234375,0.0,3.99365234375,0.00035794871794871797,7.15897435897436e-05,32829.83972959979,3.167223808,0.44429869892023893,0.7379558779096156,3.998457151204583,0.01,1.0,,,
6050,3.55419921875,0.0,3.55419921875,0.0003576923076923077,7.153846153846155e-05,32830.171482933874,3.172466688,0.2774353301140895,0.3753896224784338,3.995391642367593,0.01,1.0,,,
6060,3.12939453125,0.0,3.12939453125,0.00035743589743589743,7.148717948717949e-05,32830.18795794923,3.177709568,0.23972214726815144,0.9706995897696906,3.992322690540438,0.01,1.0,,,
6070,3.2802734375,0.0,3.2802734375,0.00035717948717948724,7.143589743589744e-05,32830.275003936695,3.182952448,0.45145729891541947,0.48321594380576555,3.989250303295451,0.01,1.0,,,
6080,3.26904296875,0.0,3.26904296875,0.0003569230769230769,7.138461538461538e-05,32830.11932685352,3.188195328,0.3854234302095673,0.4567381865869079,3.9861744882134422,0.01,1.0,,,
6090,3.66796875,0.0,3.66796875,0.0003566666666666667,7.133333333333334e-05,32830.186933611316,3.193438208,0.18052797752964425,0.9835900739344635,3.9830952528836785,0.01,1.0,,,
6100,3.08203125,0.0,3.08203125,0.0003564102564102564,7.128205128205129e-05,32829.31651049168,3.198681088,0.24535007973675654,0.4705553295578384,3.9800126049038687,0.01,1.0,,,
6110,3.119140625,0.0,3.119140625,0.00035615384615384616,7.123076923076923e-05,32828.809678168975,3.203923968,0.2950240616045005,0.7135427738787987,3.9769265518801387,0.01,1.0,,,
6120,3.509765625,0.0,3.509765625,0.0003558974358974359,7.117948717948719e-05,32829.14308806364,3.209166848,0.2029687345295198,0.9790624527847389,3.9738371014270184,0.01,1.0,,,
6130,3.318359375,0.0,3.318359375,0.0003556410256410256,7.112820512820513e-05,32829.27124492718,3.214409728,0.22090618612964408,0.9753008360514277,3.970744261167419,0.01,1.0,,,
6140,3.4677734375,0.0,3.4677734375,0.00035538461538461543,7.107692307692308e-05,32829.22159777463,3.219652608,0.32307267613117874,0.5390931657214222,3.967648038732617,0.01,1.0,,,
6150,3.4404296875,0.0,3.4404296875,0.0003551282051282051,7.102564102564102e-05,32829.57135187498,3.224895488,0.2823796418627984,0.4309168960794763,3.964548441762234,0.01,1.0,,,
6160,3.16748046875,0.0,3.16748046875,0.0003548717948717949,7.097435897435897e-05,32829.6668530512,3.230138368,0.2265538157403028,0.46923075353154736,3.961445477904215,0.01,1.0,,,
6170,3.53857421875,0.0,3.53857421875,0.0003546153846153846,7.092307692307693e-05,32829.97971100384,3.235381248,0.22172449306122982,0.7164509237079326,3.9583391548148184,0.01,1.0,,,
6180,3.5146484375,0.0,3.5146484375,0.00035435897435897435,7.087179487179487e-05,32830.167595344006,3.240624128,0.22308755250763979,0.9745742505296462,3.955229480158585,0.01,1.0,,,
6190,3.69189453125,0.0,3.69189453125,0.00035410256410256416,7.082051282051282e-05,32830.43611423099,3.245867008,0.17045718592682482,0.9853456046867812,3.9521164616083286,0.01,1.0,,,
6200,3.50146484375,0.0,3.50146484375,0.0003538461538461538,7.076923076923076e-05,32830.71841205159,3.251109888,0.25474650257691595,0.4015141052088563,3.9490001068451135,0.01,1.0,,,
6210,3.40576171875,0.0,3.40576171875,0.0003535897435897436,7.071794871794872e-05,32830.87319676134,3.256352768,0.33794487829174225,0.7646286366327015,3.9458804235582345,0.01,1.0,,,
6220,3.35546875,0.0,3.35546875,0.0003533333333333333,7.066666666666667e-05,32830.97018237381,3.261595648,0.41058781190100724,0.8354753773011656,3.9427574194452006,0.01,1.0,,,
6230,3.7744140625,0.0,3.7744140625,0.0003530769230769231,7.061538461538461e-05,32830.92333511273,3.266838528,0.3819980719573339,0.759586320918915,3.939631102211714,0.01,1.0,,,
6240,3.58642578125,0.0,3.58642578125,0.0003528205128205129,7.056410256410258e-05,32831.27784630868,3.272081408,0.26604874835561504,0.9640635102167131,3.9365014795716515,0.01,1.0,,,
6250,3.357421875,0.0,3.357421875,0.00035256410256410254,7.051282051282051e-05,32831.27381991693,3.277324288,0.5528324783990262,0.834209087023589,3.9333685592470458,0.01,1.0,,,
6260,3.69140625,0.0,3.69140625,0.00035230769230769235,7.046153846153846e-05,32831.38257367237,3.282567168,0.34884247353360953,0.937084170392236,3.930232348968066,0.01,1.0,,,
6270,3.37060546875,0.0,3.37060546875,0.00035205128205128205,7.041025641025642e-05,32831.297636631025,3.287810048,0.3782286660210086,0.64020991492252,3.927092856473,0.01,1.0,,,
6280,3.76953125,0.0,3.76953125,0.0003517948717948718,7.035897435897436e-05,32831.55129491693,3.293052928,0.31351046222458034,0.949111269122512,3.923950089508233,0.01,1.0,,,
6290,3.4873046875,0.0,3.4873046875,0.00035153846153846156,7.030769230769232e-05,32831.64690183731,3.298295808,0.4095190769614084,0.7099233778450914,3.9208040558282296,0.01,1.0,,,
6300,3.73876953125,0.0,3.73876953125,0.00035128205128205127,7.025641025641025e-05,32831.7199302013,3.303538688,0.38698177455153093,0.8766245732870124,3.9176547631955163,0.01,1.0,,,
6310,3.77490234375,0.0,3.77490234375,0.0003510256410256411,7.020512820512822e-05,32831.90647165077,3.308781568,0.2570457576603213,0.9662516946563405,3.9145022193806587,0.01,1.0,,,
6320,3.4345703125,0.0,3.4345703125,0.0003507692307692308,7.015384615384616e-05,32832.29264993244,3.314024448,0.2613486585513835,0.965438836250494,3.911346432162246,0.01,1.0,,,
6330,3.3974609375,0.0,3.3974609375,0.00035051282051282054,7.01025641025641e-05,32832.34520678349,3.319267328,0.3175887165971649,0.6821785605293103,3.9081874093268687,0.01,1.0,,,
6340,3.5625,0.0,3.5625,0.00035025641025641024,7.005128205128205e-05,32832.54547452261,3.324510208,0.4014979636207341,0.6391309869981058,3.905025158669102,0.01,1.0,,,
6350,3.58056640625,0.0,3.58056640625,0.00035,7e-05,32832.738455982224,3.329753088,0.2790152887775365,0.6564351499056597,3.9018596879914855,0.01,1.0,,,
6360,3.5546875,0.0,3.5546875,0.00034974358974358975,6.994871794871796e-05,32832.99851895293,3.334995968,0.25366622112277487,0.3985683445964239,3.898691005104502,0.01,1.0,,,
6370,3.2138671875,0.0,3.2138671875,0.0003494871794871795,6.98974358974359e-05,32832.96447269434,3.340238848,0.15116669445937334,0.9885596155668108,3.895519117826563,0.01,1.0,,,
6380,3.58447265625,0.0,3.58447265625,0.00034923076923076927,6.984615384615386e-05,32833.074034884514,3.345481728,0.30548283202923043,0.8020571980494804,3.892344033983984,0.01,1.0,,,
6390,3.27490234375,0.0,3.27490234375,0.00034897435897435897,6.97948717948718e-05,32833.06450275242,3.350724608,0.144519769099164,0.9894904397874205,3.889165761410971,0.01,1.0,,,
6400,3.529296875,0.0,3.529296875,0.0003487179487179487,6.974358974358974e-05,32833.228652406695,3.355967488,0.21811085727726812,0.9758419334493162,3.8859843079495917,0.01,1.0,,,
6410,3.439453125,0.0,3.439453125,0.0003484615384615385,6.96923076923077e-05,32833.43925744806,3.361210368,0.2329496144938208,0.5401725116999037,3.8827996814497694,0.01,1.0,,,
6420,3.49853515625,0.0,3.49853515625,0.0003482051282051282,6.964102564102563e-05,32833.404079942695,3.366453248,0.2612700007676674,0.862748353430283,3.8796118897692526,0.01,1.0,,,
6430,3.54345703125,0.0,3.54345703125,0.00034794871794871794,6.95897435897436e-05,32833.65241114331,3.371696128,0.1986749090152136,0.9801386706729516,3.8764209407736,0.01,1.0,,,
6440,3.82958984375,0.0,3.82958984375,0.0003476923076923077,6.953846153846154e-05,32833.78701263395,3.376939008,0.20667732687420431,0.9784396521900766,3.8732268423361615,0.01,1.0,,,
6450,3.56982421875,0.0,3.56982421875,0.00034743589743589746,6.94871794871795e-05,32833.88731575659,3.382181888,0.28159396254102925,0.959584855059473,3.8700296023380574,0.01,1.0,,,
6460,3.41064453125,0.0,3.41064453125,0.0003471794871794872,6.943589743589745e-05,32834.164434381164,3.387424768,0.26055290940081255,0.5372142536422458,3.8668292286681596,0.01,1.0,,,
6470,4.1259765625,0.0,4.1259765625,0.0003469230769230769,6.938461538461537e-05,32834.1544624511,3.392667648,0.31478967442305966,0.7856774789901269,3.863625729223072,0.01,1.0,,,
6480,4.24267578125,0.0,4.24267578125,0.00034666666666666667,6.933333333333334e-05,32834.268850342094,3.397910528,0.2842204140894317,0.9591027501088526,3.86041911190711,0.01,1.0,,,
6490,3.62158203125,0.0,3.62158203125,0.00034641025641025643,6.928205128205128e-05,32832.245527508996,3.403153408,0.37397473663428027,0.7778938681964328,3.8572093846322835,0.01,1.0,,,
6500,3.5546875,0.0,3.5546875,0.00034615384615384613,6.923076923076924e-05,32832.3604406666,3.408396288,0.2590726696849965,0.6122616119324096,3.853996555318277,0.01,1.0,,,
6510,3.95361328125,0.0,3.95361328125,0.00034589743589743594,6.917948717948719e-05,32832.770023092016,3.413639168,0.2597816138740397,0.9654996432729378,3.850780631892426,0.01,1.0,,,
6520,3.53759765625,0.0,3.53759765625,0.00034564102564102565,6.912820512820513e-05,32833.05175035702,3.418882048,0.2561033293391097,0.676173579253176,3.847561622289702,0.01,1.0,,,
6530,4.1865234375,0.0,4.1865234375,0.0003453846153846154,6.907692307692309e-05,32833.17052399739,3.424124928,0.3121139587108576,0.9495455402690824,3.8443395344526925,0.01,1.0,,,
6540,3.52685546875,0.0,3.52685546875,0.00034512820512820516,6.902564102564103e-05,32833.303922129286,3.429367808,0.24705298966830855,0.9690967622341607,3.841114376331577,0.01,1.0,,,
6550,3.298828125,0.0,3.298828125,0.00034487179487179486,6.897435897435898e-05,32833.25221096023,3.434610688,0.26568083179644497,0.6712090432731618,3.8378861558841137,0.01,1.0,,,
6560,3.4208984375,0.0,3.4208984375,0.00034461538461538467,6.892307692307693e-05,32833.41987845365,3.439853568,0.1542598352270353,0.9880848153200916,3.834654881075616,0.01,1.0,,,
6570,3.62109375,0.0,3.62109375,0.0003443589743589743,6.887179487179488e-05,32833.14670116274,3.445096448,0.2957044019797603,0.9553945985912028,3.8314205598789317,0.01,1.0,,,
6580,3.49658203125,0.0,3.49658203125,0.00034410256410256413,6.882051282051283e-05,32833.47224769938,3.450339328,0.37812126733613877,0.8581247904371236,3.8281832002744283,0.01,1.0,,,
6590,3.45166015625,0.0,3.45166015625,0.0003438461538461539,6.876923076923077e-05,32833.51956414094,3.455582208,0.39748664532715006,0.566231468141238,3.8249428102499676,0.01,1.0,,,
6600,3.494140625,0.0,3.494140625,0.0003435897435897436,6.871794871794872e-05,32833.59984656262,3.460825088,0.2341948813930703,0.7924719105689297,3.821699397800891,0.01,1.0,,,
6610,3.3212890625,0.0,3.3212890625,0.00034333333333333335,6.866666666666666e-05,32834.0296090215,3.466067968,0.30725220052735247,0.37611333797337165,3.818452970929996,0.01,1.0,,,
6620,3.28759765625,0.0,3.28759765625,0.00034307692307692305,6.861538461538462e-05,32833.90171989595,3.471310848,0.29182023136511637,0.8766586415614541,3.8152035376475184,0.01,1.0,,,
6630,3.98291015625,0.0,3.98291015625,0.00034282051282051286,6.856410256410257e-05,32834.2034277993,3.476553728,0.3846969934579653,0.656226394571681,3.8119511059711106,0.01,1.0,,,
6640,3.513671875,0.0,3.513671875,0.0003425641025641025,6.851282051282051e-05,32834.28856278629,3.481796608,0.31947606992350236,0.7929886888370664,3.8086956839258264,0.01,1.0,,,
6650,3.50927734375,0.0,3.50927734375,0.0003423076923076923,6.846153846153847e-05,32834.366790914355,3.487039488,0.28127402417951014,0.42801581643414915,3.805437279544094,0.01,1.0,,,
6660,3.3486328125,0.0,3.3486328125,0.0003420512820512821,6.841025641025641e-05,32834.65910392932,3.492282368,0.22213349569414842,0.6988020300660946,3.802175900865704,0.01,1.0,,,
