step,train/nll,train/sparsity_loss,train/total_loss,train/lr,train/predictor_lr,train/tokens_per_sec,train/tokens_seen_B,grad/base_norm,grad/predictor_norm,schedule/tau,schedule/lambda,train/use_dagformer,eval/nll_soft,eval/nll_hard,eval/nll_baseline
0,11.703125,0.0,11.703125,0.0,0.0,30559.05434570866,0.000524288,0.9976771659515238,0.07029277748654536,5.0,0.0,1.0,,,
10,11.478515625,0.0,11.478515625,2.5e-05,1.4999999999999999e-05,32198.895422872723,0.005767168,0.9973377944194542,0.09484806286257397,4.9999526260547285,0.0001,1.0,,,
20,10.70703125,0.0,10.70703125,5e-05,2.9999999999999997e-05,29415.57074701595,0.011010048,0.9820030761478648,0.1959164818539772,4.999810506089159,0.0002,1.0,,,
30,9.994140625,0.0,9.994140625,7.5e-05,4.4999999999999996e-05,30001.834851476404,0.016252928,0.9562093636440376,0.298802710814635,4.999573645713942,0.0003,1.0,,,
40,8.63671875,0.0,8.63671875,0.0001,5.9999999999999995e-05,30339.541301229463,0.021495808,0.859499576614904,0.504326639516796,4.99924205427992,0.0004,1.0,,,
50,7.8095703125,0.0,7.8095703125,0.000125,7.5e-05,30591.08660495515,0.026738688,0.7319703869517413,0.6804253495158911,4.9988157448777555,0.0005,1.0,,,
60,7.65625,0.0,7.65625,0.00015,8.999999999999999e-05,30813.52079811511,0.031981568,0.8549667940780197,0.5108366648644589,4.9982947343374144,0.0006,1.0,,,
70,7.5224609375,0.0,7.5224609375,0.00017500000000000003,0.00010499999999999999,30925.510129922346,0.037224448,0.7433707692811578,0.6674340656520605,4.9976790432275,0.0007000000000000001,1.0,,,
80,7.017578125,0.0,7.017578125,0.0002,0.00011999999999999999,31044.112038458068,0.042467328,0.6037598690071899,0.7953908381103433,4.996968695854442,0.0008,1.0,,,
90,6.8876953125,0.0,6.8876953125,0.000225,0.00013499999999999997,31136.448609669103,0.047710208,0.6727799358686251,0.7367795602963224,4.99616372026154,0.0009,1.0,,,
100,6.7138671875,0.0,6.7138671875,0.00025,0.00015,31207.924572313445,0.052953088,0.6184338922929871,0.7861144851227255,4.995264148227852,0.001,1.0,,,
110,6.9599609375,0.0,6.9599609375,0.000275,0.00016499999999999997,31271.708730903483,0.058195968,0.7644056870346133,0.6414127465282174,4.99427001526694,0.0011,1.0,,,
120,6.8232421875,0.0,6.8232421875,0.0003,0.00017999999999999998,31281.797452067964,0.063438848,0.8225291809748042,0.566674717275154,4.993181360625473,0.0012,1.0,,,
130,6.0791015625,0.0,6.0791015625,0.000325,0.000195,31330.946770765702,0.068681728,0.608143325417592,0.7948223285106834,4.991998227281671,0.0013,1.0,,,
140,6.1708984375,0.0,6.1708984375,0.00035000000000000005,0.00020999999999999998,31373.594199766037,0.073924608,0.9113149344745833,0.40429897629251677,4.990720661943614,0.0014000000000000002,1.0,,,
150,5.9326171875,0.0,5.9326171875,0.000375,0.000225,31406.729668319873,0.079167488,0.7809739184751594,0.6066396615020972,4.989348715047392,0.0015,1.0,,,
160,5.8193359375,0.0,5.8193359375,0.0004,0.00023999999999999998,31424.85857010222,0.084410368,0.893680917765809,0.2748997497560253,4.98788244075512,0.0016,1.0,,,
170,5.62109375,0.0,5.62109375,0.00042500000000000003,0.00025499999999999996,31452.11209124636,0.089653248,0.8673356064715575,0.5024589086038425,4.986321896952798,0.0017,1.0,,,
180,6.3447265625,0.0,6.3447265625,0.00045,0.00026999999999999995,31470.00084590478,0.094896128,0.8972584385830592,0.4460536442047096,4.98466714524802,0.0018,1.0,,,
190,6.443359375,0.0,6.443359375,0.000475,0.000285,31485.25210645735,0.100139008,0.6652717783582971,0.7463108910173754,4.982918250967552,0.0019000000000000002,1.0,,,
200,5.978515625,0.0,5.978515625,0.0005,0.0003,31513.067936635067,0.105381888,0.6060621228823528,0.7940125978252354,4.981075283154747,0.002,1.0,,,
210,5.890625,0.0,5.890625,0.0004989583333333334,0.000299375,31523.62600342388,0.110624768,0.8727446181508719,0.48460994267637997,4.979138314566816,0.0021000000000000003,1.0,,,
220,6.009765625,0.0,6.009765625,0.0004979166666666667,0.00029874999999999997,31539.19417956809,0.115867648,0.5601187549440206,0.8280291131775311,4.977107421671962,0.0022,1.0,,,
230,5.7236328125,0.0,5.7236328125,0.000496875,0.000298125,31551.462153713954,0.121110528,0.757357880217128,0.2650820672393524,4.974982684646362,0.0023000000000000004,1.0,,,
240,5.9306640625,0.0,5.9306640625,0.0004958333333333334,0.00029749999999999997,31568.909933957435,0.126353408,0.8760819369239986,0.48656292399345097,4.972764187370993,0.0024,1.0,,,
250,5.5751953125,0.0,5.5751953125,0.0004947916666666667,0.000296875,31586.457124320284,0.131596288,0.933749542615453,0.3598680533921031,4.970452017428331,0.0025,1.0,,,
260,5.7744140625,0.0,5.7744140625,0.00049375,0.00029624999999999996,31596.8350092445,0.136839168,0.9283563812251197,0.36338529443067047,4.968046266098883,0.0026,1.0,,,
270,5.923828125,0.0,5.923828125,0.0004927083333333334,0.000295625,31611.41371773551,0.142082048,0.9115117284550102,0.4068637812210591,4.965547028357595,0.0027,1.0,,,
280,5.6708984375,0.0,5.6708984375,0.0004916666666666666,0.00029499999999999996,31623.692537564562,0.147324928,0.7380718599691752,0.540876613440228,4.962954402870093,0.0028000000000000004,1.0,,,
290,5.412109375,0.0,5.412109375,0.000490625,0.000294375,31637.29726135084,0.152567808,0.5884016492171611,0.41688765547647644,4.960268491988791,0.0029,1.0,,,
300,5.4736328125,0.0,5.4736328125,0.0004895833333333333,0.00029374999999999996,31646.771185017427,0.157810688,0.5607411446221633,0.40482251197542485,4.9574894017488536,0.003,1.0,,,
310,5.490234375,0.0,5.490234375,0.0004885416666666666,0.000293125,31654.287563393238,0.163053568,0.737416865862952,0.6225288615033905,4.9546172418640015,0.0031,1.0,,,
320,5.298828125,0.0,5.298828125,0.0004875,0.00029249999999999995,31663.64652181843,0.168296448,0.5943019280696725,0.5669805783869558,4.951652125722193,0.0032,1.0,,,
330,5.728515625,0.0,5.728515625,0.0004864583333333333,0.000291875,31661.727980221473,0.173539328,0.8868437997391122,0.4678755027204326,4.948594170381133,0.0033000000000000004,1.0,,,
340,5.578125,0.0,5.578125,0.00048541666666666666,0.00029124999999999995,31671.822143759702,0.178782208,0.741950798727042,0.43337351786063116,4.945443496563664,0.0034,1.0,,,
350,5.33984375,0.0,5.33984375,0.000484375,0.000290625,31679.48575756227,0.184025088,0.8042171258402885,0.44560383935698195,4.942200228652994,0.0035,1.0,,,
360,5.9755859375,0.0,5.9755859375,0.00048333333333333334,0.00029,31689.518540579884,0.189267968,0.6807905731802446,0.6039855661879582,4.9388644946877855,0.0036,1.0,,,
370,5.4541015625,0.0,5.4541015625,0.0004822916666666667,0.000289375,31693.98101366749,0.194510848,0.7363425965611466,0.6761992560635689,4.935436426357104,0.0037,1.0,,,
380,5.2646484375,0.0,5.2646484375,0.00048125,0.00028875,31701.274737738135,0.199753728,0.5721110866898497,0.3536218834216931,4.931916158995217,0.0038000000000000004,1.0,,,
390,5.671875,0.0,5.671875,0.00048020833333333336,0.00028812499999999997,31709.08151364668,0.204996608,0.8235387172637801,0.5707777817311598,4.928303831576254,0.0039,1.0,,,
400,5.189453125,0.0,5.189453125,0.0004791666666666667,0.0002875,31711.728344719046,0.210239488,0.5347120887094257,0.8460113196641023,4.924599586708714,0.004,1.0,,,
410,5.126953125,0.0,5.126953125,0.00047812500000000003,0.00028687499999999997,31718.797112714557,0.215482368,0.545993120161363,0.7285150961672086,4.920803570629844,0.0040999999999999995,1.0,,,
420,5.037109375,0.0,5.037109375,0.0004770833333333334,0.00028625,31722.671235943075,0.220725248,0.5369141775055887,0.43520235218646297,4.916915933199857,0.004200000000000001,1.0,,,
430,5.4091796875,0.0,5.4091796875,0.00047604166666666666,0.00028562499999999996,31729.6611180426,0.225968128,0.8015943651505073,0.5998519437105175,4.912936827896024,0.0043,1.0,,,
440,5.3720703125,0.0,5.3720703125,0.000475,0.000285,31733.220361155094,0.231211008,0.537227057716679,0.5993164325915915,4.908866411806606,0.0044,1.0,,,
450,5.2109375,0.0,5.2109375,0.00047395833333333334,0.00028437499999999996,31739.887913687136,0.236453888,0.5275324114733058,0.3065790450822039,4.904704845624663,0.0045,1.0,,,
460,4.99609375,0.0,4.99609375,0.0004729166666666667,0.00028375,31745.89743163801,0.241696768,0.4302519381678552,0.2831822149589565,4.900452293641702,0.004600000000000001,1.0,,,
470,5.2744140625,0.0,5.2744140625,0.000471875,0.00028312499999999996,31749.859431739475,0.246939648,0.6574409171770634,0.7529795254196484,4.896108923741194,0.0047,1.0,,,
480,5.03125,0.0,5.03125,0.00047083333333333336,0.0002825,31754.08252247288,0.252182528,0.5987580547206677,0.42603288389801924,4.891674907391943,0.0048,1.0,,,
490,4.8955078125,0.0,4.8955078125,0.0004697916666666667,0.00028187499999999995,31755.932840633173,0.257425408,0.5367517175370072,0.8451039183317992,4.887150419641325,0.004900000000000001,1.0,,,
500,4.98046875,0.0,4.98046875,0.00046875,0.00028125,31759.558002366262,0.262668288,0.6288910605240317,0.6324996418206213,4.882535639108369,0.005,1.0,,,
500,,,,,,,,,,,,,7.168269230769231,7.168269230769231,8.447115384615385
510,5.064453125,0.0,5.064453125,0.0004677083333333333,0.000280625,31752.81695819068,0.267911168,0.5615382470876452,0.624523711366189,4.877830747976707,0.0051,1.0,,,
520,5.1787109375,0.0,5.1787109375,0.00046666666666666666,0.00028,31757.03900453801,0.273154048,0.7032470388179617,0.7096999870923487,4.873035931987387,0.0052,1.0,,,
530,5.23046875,0.0,5.23046875,0.000465625,0.000279375,31763.44264936022,0.278396928,0.5645980299211633,0.5157796729227532,4.868151380431532,0.0053,1.0,,,
540,4.9072265625,0.0,4.9072265625,0.00046458333333333334,0.00027874999999999997,31766.498230662633,0.283639808,0.6567282555788776,0.3931861525997862,4.863177286142875,0.0054,1.0,,,
550,5.134765625,0.0,5.134765625,0.0004635416666666667,0.000278125,31769.10344489859,0.288882688,0.8297964424854067,0.5513410528274391,4.858113845490141,0.0055,1.0,,,
560,5.072265625,0.0,5.072265625,0.0004625,0.00027749999999999997,31773.592087249992,0.294125568,0.5740883965354749,0.7541625251594607,4.852961258369298,0.005600000000000001,1.0,,,
570,6.0390625,0.0,6.0390625,0.0004614583333333333,0.00027687499999999994,31774.219419747296,0.299368448,0.544166131975702,0.8388119488849143,4.847719728195662,0.0057,1.0,,,
580,5.2109375,0.0,5.2109375,0.0004604166666666667,0.00027625,31776.67127718521,0.304611328,0.3415552381143624,0.9396315159210897,4.842389461895869,0.0058,1.0,,,
590,5.16015625,0.0,5.16015625,0.000459375,0.00027562499999999994,31778.904435007167,0.309854208,0.7494825708236813,0.6610495766037703,4.836970669899706,0.005900000000000001,1.0,,,
600,4.8876953125,0.0,4.8876953125,0.0004583333333333333,0.00027499999999999996,31781.153072885925,0.315097088,0.3965930341380305,0.3235647952428284,4.831463566131803,0.006,1.0,,,
610,5.11328125,0.0,5.11328125,0.00045729166666666666,0.000274375,31782.037466541155,0.320339968,0.39994635628637387,0.9161040002154325,4.825868368003187,0.0061,1.0,,,
620,4.6845703125,0.0,4.6845703125,0.00045625,0.00027374999999999996,31785.261157151912,0.325582848,0.5506161837897174,0.8337309119353096,4.820185296402699,0.0062,1.0,,,
630,4.5224609375,0.0,4.5224609375,0.00045520833333333334,0.000273125,31781.69140233758,0.330825728,0.3715355526561495,0.8226632848456742,4.814414575688276,0.0063,1.0,,,
640,5.45703125,0.0,5.45703125,0.0004541666666666667,0.00027249999999999996,31783.438642938152,0.336068608,0.43440129460653254,0.9009682627929602,4.808556433678089,0.0064,1.0,,,
650,5.58203125,0.0,5.58203125,0.000453125,0.000271875,31784.692866318044,0.341311488,0.7370759208395334,0.6758181003743606,4.8026111016415545,0.0065,1.0,,,
660,4.7490234375,0.0,4.7490234375,0.00045208333333333336,0.00027124999999999995,31786.768744874083,0.346554368,0.7288082196409086,0.6565870012133196,4.796578814290202,0.006600000000000001,1.0,,,
670,5.4912109375,0.0,5.4912109375,0.0004510416666666667,0.000270625,31783.637704506258,0.351797248,0.854909288183926,0.5185374249477119,4.790459809768407,0.0067,1.0,,,
680,5.0478515625,0.0,5.0478515625,0.00045000000000000004,0.00027,31787.176703030946,0.357040128,0.6497472773851206,0.7580136396532355,4.784254329643989,0.0068,1.0,,,
690,5.470703125,0.0,5.470703125,0.0004489583333333334,0.000269375,31790.750360369922,0.362283008,0.5580122883623579,0.7309903003422713,4.77796261889868,0.006900000000000001,1.0,,,
700,5.0419921875,0.0,5.0419921875,0.0004479166666666667,0.00026875,31793.29752559454,0.367525888,0.7762734277907933,0.6228656644537023,4.771584925918447,0.007,1.0,,,
710,4.7587890625,0.0,4.7587890625,0.000446875,0.00026812499999999997,31795.62832444256,0.372768768,0.5680348240768085,0.45091574379585136,4.765121502483686,0.0071,1.0,,,
720,4.53759765625,0.0,4.53759765625,0.0004458333333333333,0.00026749999999999994,31798.63982085179,0.378011648,0.5436118335361911,0.7416939271089594,4.758572603759291,0.0072,1.0,,,
730,5.3916015625,0.0,5.3916015625,0.0004447916666666667,0.00026687499999999997,31799.416871986155,0.383254528,0.48761651851859356,0.3365315544216476,4.7519384882845666,0.0073,1.0,,,
740,4.431640625,0.0,4.431640625,0.00044374999999999997,0.00026624999999999994,31796.824887057177,0.388497408,0.6550987376367802,0.7544739521361489,4.745219417963033,0.0074,1.0,,,
750,5.0693359375,0.0,5.0693359375,0.0004427083333333333,0.00026562499999999996,31798.97799341569,0.393740288,0.5417825266713155,0.49486791516154194,4.738415658052083,0.0075,1.0,,,
760,4.95703125,0.0,4.95703125,0.00044166666666666665,0.000265,31800.19169812478,0.398983168,0.47392524147407733,0.6853001833407887,4.731527477152507,0.007600000000000001,1.0,,,
770,4.7734375,0.0,4.7734375,0.000440625,0.00026437499999999996,31803.797136890546,0.404226048,0.395610762931641,0.6674497791647904,4.724555147197893,0.0077,1.0,,,
780,4.876953125,0.0,4.876953125,0.00043958333333333333,0.00026375,31804.767268440773,0.409468928,0.41569444164730407,0.6940139020492353,4.717498943443888,0.0078,1.0,,,
790,4.8603515625,0.0,4.8603515625,0.00043854166666666667,0.00026312499999999996,31807.501645053486,0.414711808,0.5936480473216288,0.5762548420359436,4.7103591444573345,0.0079,1.0,,,
800,4.982421875,0.0,4.982421875,0.0004375,0.0002625,31810.05581544078,0.419954688,0.5953107747666612,0.8040679631656482,4.703136032105272,0.008,1.0,,,
810,4.6708984375,0.0,4.6708984375,0.00043645833333333335,0.00026187499999999996,31811.256708400022,0.425197568,0.5057340837699409,0.591220178868832,4.695829891543808,0.0081,1.0,,,
820,4.953125,0.0,4.953125,0.0004354166666666667,0.00026125,31813.07071409935,0.430440448,0.5705717989901679,0.5861164503348097,4.688441011206861,0.008199999999999999,1.0,,,
830,4.7158203125,0.0,4.7158203125,0.00043437500000000003,0.000260625,31815.265951259065,0.435683328,0.6054544032729386,0.5264025724380974,4.680969682794776,0.0083,1.0,,,
840,4.65234375,0.0,4.65234375,0.00043333333333333337,0.00026,31816.119245002712,0.440926208,0.5923036520958711,0.6070685841229305,4.673416201262804,0.008400000000000001,1.0,,,
850,4.4580078125,0.0,4.4580078125,0.0004322916666666667,0.000259375,31816.12808399491,0.446169088,0.4883237825496863,0.8718956350740974,4.665780864809465,0.0085,1.0,,,
860,4.8798828125,0.0,4.8798828125,0.00043125000000000005,0.00025875,31817.572276880543,0.451411968,0.70705733010152,0.7074871198351356,4.658063974864765,0.0086,1.0,,,
870,4.3017578125,0.0,4.3017578125,0.00043020833333333333,0.00025812499999999995,31820.330515753456,0.456654848,0.6131474831103714,0.789137578552959,4.650265836078308,0.008700000000000001,1.0,,,
880,4.5888671875,0.0,4.5888671875,0.0004291666666666667,0.00025749999999999997,31821.63487728485,0.461897728,0.3785461276056882,0.9250404305098865,4.6423867563072605,0.0088,1.0,,,
890,5.142578125,0.0,5.142578125,0.000428125,0.00025687499999999994,31823.512268158513,0.467140608,0.4235527276363397,0.3965401592652965,4.6344270466042,0.0089,1.0,,,
900,4.765625,0.0,4.765625,0.0004270833333333333,0.00025624999999999997,31823.741276511962,0.472383488,0.45201548516757156,0.3874222261816302,4.626387021204836,0.009,1.0,,,
910,4.4794921875,0.0,4.4794921875,0.00042604166666666664,0.000255625,31825.852129859843,0.477626368,0.6667304909550225,0.7019432668436064,4.618266997515606,0.0091,1.0,,,
920,4.7109375,0.0,4.7109375,0.000425,0.00025499999999999996,31826.410502606224,0.482869248,0.5343296520805122,0.5303561410914344,4.610067296101141,0.009200000000000002,1.0,,,
930,4.49951171875,0.0,4.49951171875,0.0004239583333333333,0.000254375,31827.610432254056,0.488112128,0.4020625163893712,0.5153331952898061,4.601788240671611,0.009300000000000001,1.0,,,
940,4.63671875,0.0,4.63671875,0.00042291666666666666,0.00025374999999999996,31829.71811006659,0.493355008,0.3351420120328769,0.36769137239652544,4.593430158069951,0.0094,1.0,,,
950,4.44970703125,0.0,4.44970703125,0.000421875,0.000253125,31830.820223512004,0.498597888,0.39382495573999976,0.40168364422961167,4.5849933782589485,0.0095,1.0,,,
960,4.6337890625,0.0,4.6337890625,0.00042083333333333333,0.00025249999999999996,31767.958946937724,0.503840768,0.47089130917024685,0.39693979725067796,4.576478234308226,0.0096,1.0,,,
970,4.31396484375,0.0,4.31396484375,0.0004197916666666667,0.000251875,31764.279450374434,0.509083648,0.38103463208056976,0.5906539462924135,4.567885062381086,0.0097,1.0,,,
980,4.517578125,0.0,4.517578125,0.00041875,0.00025125,31766.08152243648,0.514326528,0.3778954821018919,0.36235894001605135,4.559214201721241,0.009800000000000001,1.0,,,
990,4.4599609375,0.0,4.4599609375,0.00041770833333333335,0.000250625,31768.64691935288,0.519569408,0.6135571723789262,0.7904251189647583,4.550465994639425,0.0099,1.0,,,
1000,4.2890625,0.0,4.2890625,0.0004166666666666667,0.00025,31769.434033466223,0.524812288,0.49364533209691414,0.7343086046478283,4.541640786499874,0.01,1.0,,,
1000,,,,,,,,,,,,,6.6826923076923075,6.6826923076923075,7.533653846153846
1010,4.10595703125,0.0,4.10595703125,0.00041562500000000003,0.000249375,31758.6179319804,0.530055168,0.36186444517040006,0.30793184378819916,4.532738925706693,0.01,1.0,,,
1020,4.3818359375,0.0,4.3818359375,0.0004145833333333333,0.00024874999999999995,31759.69557875299,0.535298048,0.4477719165589195,0.7877248730028253,4.523760763690104,0.01,1.0,,,
1030,4.1904296875,0.0,4.1904296875,0.0004135416666666667,0.000248125,31761.326814301203,0.540540928,0.4088392258002783,0.6894285946704584,4.514706654892571,0.01,1.0,,,
1040,4.8212890625,0.0,4.8212890625,0.0004125,0.00024749999999999994,31763.694950841575,0.545783808,0.48930388705565153,0.6148489611310408,4.505576956754805,0.01,1.0,,,
1050,4.27294921875,0.0,4.27294921875,0.00041145833333333334,0.00024687499999999997,31765.084390103086,0.551026688,0.37810810710613535,0.31454321852175754,4.496372029701656,0.01,1.0,,,
1060,4.4892578125,0.0,4.4892578125,0.0004104166666666667,0.00024625,31767.534283992092,0.556269568,0.28552253253099774,0.9580652232142419,4.487092237127885,0.01,1.0,,,
1070,4.462890625,0.0,4.462890625,0.000409375,0.00024562499999999997,31769.250094171864,0.561512448,0.37589334163896454,0.6929252250047381,4.4777379453838115,0.01,1.0,,,
1080,4.9609375,0.0,4.9609375,0.00040833333333333336,0.000245,31771.524299380588,0.566755328,0.4071530982669637,0.8866220440879157,4.4683095237608565,0.01,1.0,,,
1090,4.0107421875,0.0,4.0107421875,0.0004072916666666667,0.00024437499999999996,31772.408194183394,0.571998208,0.3581984704430632,0.5823803658309292,4.458807344476961,0.01,1.0,,,
1100,4.22265625,0.0,4.22265625,0.00040625000000000004,0.00024375,31772.5915341524,0.577241088,0.3301604645683658,0.944163431646309,4.449231782661895,0.01,1.0,,,
1110,4.28125,0.0,4.28125,0.0004052083333333333,0.000243125,31775.085816943134,0.582483968,0.321415944693008,0.6979586889582087,4.43958321634244,0.01,1.0,,,
1120,4.2705078125,0.0,4.2705078125,0.00040416666666666666,0.00024249999999999999,31777.491233112098,0.587726848,0.3802508871122211,0.4516632567038802,4.429862026427475,0.01,1.0,,,
1130,4.30859375,0.0,4.30859375,0.000403125,0.00024187499999999998,31779.538540856018,0.592969728,0.35983905586417636,0.5610825915327615,4.420068596692933,0.01,1.0,,,
1140,4.2587890625,0.0,4.2587890625,0.00040208333333333334,0.00024124999999999998,31780.823984707276,0.598212608,0.36117277388559904,0.39814502759176,4.410203313766649,0.01,1.0,,,
1150,4.02197265625,0.0,4.02197265625,0.0004010416666666667,0.00024062499999999998,31781.27837705519,0.603455488,0.4825177959932808,0.3778203344816674,4.400266567113103,0.01,1.0,,,
1160,4.314453125,0.0,4.314453125,0.0004,0.00023999999999999998,31783.060074871453,0.608698368,0.3831353377428561,0.4751254752426972,4.390258749018037,0.01,1.0,,,
1170,4.6953125,0.0,4.6953125,0.0003989583333333333,0.00023937499999999995,31784.71610711383,0.613941248,0.3522907749749334,0.3988624458053334,4.380180254572974,0.01,1.0,,,
1180,4.4091796875,0.0,4.4091796875,0.0003979166666666667,0.00023875,31780.35838979848,0.619184128,0.546493695713383,0.652833853286551,4.370031481659617,0.01,1.0,,,
1190,4.716796875,0.0,4.716796875,0.000396875,0.00023812499999999997,31782.647742151585,0.624427008,0.5267302669869512,0.726003179421796,4.359812830934144,0.01,1.0,,,
1200,4.646484375,0.0,4.646484375,0.0003958333333333333,0.00023749999999999997,31784.215466012436,0.629669888,0.4777630292138726,0.4880330861056332,4.349524705811388,0.01,1.0,,,
1210,4.5361328125,0.0,4.5361328125,0.00039479166666666666,0.00023687499999999997,31784.679203162555,0.634912768,0.43476032863524616,0.9007310738579913,4.339167512448912,0.01,1.0,,,
1220,4.53125,0.0,4.53125,0.00039375,0.00023624999999999997,31785.784232592807,0.640155648,0.4090938552812891,0.5362219319032765,4.3287416597309765,0.01,1.0,,,
1230,4.751953125,0.0,4.751953125,0.00039270833333333334,0.00023562499999999997,31787.650097332928,0.645398528,0.39369365042858007,0.8651491319778616,4.318247559252395,0.01,1.0,,,
1240,3.9716796875,0.0,3.9716796875,0.0003916666666666667,0.00023499999999999997,31789.170124283064,0.650641408,0.4342740695335504,0.7856548458628319,4.307685625302286,0.01,1.0,,,
1250,4.625,0.0,4.625,0.000390625,0.000234375,31790.015942628845,0.655884288,0.6154847266025908,0.7012002483132639,4.297056274847714,0.01,1.0,,,
1260,4.63671875,0.0,4.63671875,0.00038958333333333336,0.00023375,31790.115631956785,0.661127168,0.430483356954265,0.751698638444316,4.286359927517238,0.01,1.0,,,
1270,4.349609375,0.0,4.349609375,0.0003885416666666667,0.000233125,31791.98058485466,0.666370048,0.44059269071411017,0.4817057746183273,4.275597005584334,0.01,1.0,,,
1280,4.4169921875,0.0,4.4169921875,0.00038750000000000004,0.00023249999999999999,31793.367897643817,0.671612928,0.4766421488655841,0.5027911586764837,4.264767933950732,0.01,1.0,,,
1290,4.2236328125,0.0,4.2236328125,0.0003864583333333334,0.00023187499999999998,31794.662468725415,0.676855808,0.48133750802798814,0.45575667905189327,4.253873140129636,0.01,1.0,,,
1300,5.3076171875,0.0,5.3076171875,0.0003854166666666667,0.00023124999999999998,31796.529645320643,0.682098688,0.5775288057498184,0.8165025152556997,4.242913054228853,0.01,1.0,,,
1310,4.5009765625,0.0,4.5009765625,0.000384375,0.00023062499999999998,31796.776211298882,0.687341568,0.38288144161003507,0.9245871802907547,4.2318881089338065,0.01,1.0,,,
1320,3.91015625,0.0,3.91015625,0.0003833333333333333,0.00022999999999999995,31797.001655656215,0.692584448,0.43826669711616295,0.6778164470188333,4.2207987394904585,0.01,1.0,,,
1330,4.6533203125,0.0,4.6533203125,0.0003822916666666667,0.000229375,31798.312801074197,0.697827328,0.37540534261298314,0.5070827772038007,4.2096453836881285,0.01,1.0,,,
1340,5.046875,0.0,5.046875,0.00038124999999999997,0.00022874999999999998,31799.284866372403,0.703070208,0.5303318079840578,0.8482497135821977,4.198428481842204,0.01,1.0,,,
1350,4.01611328125,0.0,4.01611328125,0.0003802083333333333,0.00022812499999999997,31799.006917148992,0.708313088,0.6648262751069921,0.5817793034277672,4.187148476776764,0.01,1.0,,,
1360,5.0009765625,0.0,5.0009765625,0.00037916666666666665,0.00022749999999999997,31799.622257970925,0.713555968,0.7478024982475383,0.6625613966991392,4.175805813807095,0.01,1.0,,,
1370,4.3134765625,0.0,4.3134765625,0.000378125,0.00022687499999999997,31800.31409051508,0.718798848,0.43326020474108456,0.7757882604246978,4.164400940722109,0.01,1.0,,,
1380,4.3232421875,0.0,4.3232421875,0.00037708333333333333,0.00022624999999999997,31800.83977935776,0.724041728,0.49347967772000867,0.7673713780069433,4.1529343077666665,0.01,1.0,,,
1390,4.3369140625,0.0,4.3369140625,0.00037604166666666667,0.00022562499999999997,31801.10056320264,0.729284608,0.3372783845944571,0.6765254000060361,4.141406367623802,0.01,1.0,,,
1400,4.22265625,0.0,4.22265625,0.000375,0.000225,31802.31168370661,0.734527488,0.3399452506812499,0.5557295652240154,4.129817575396856,0.01,1.0,,,
1410,4.779296875,0.0,4.779296875,0.00037395833333333335,0.000224375,31802.824117582677,0.739770368,0.490962238730559,0.45132566877815744,4.118168388591498,0.01,1.0,,,
1420,4.5166015625,0.0,4.5166015625,0.0003729166666666667,0.00022375,31803.826831476148,0.745013248,0.38667059191507275,0.40218337711628865,4.106459267097681,0.01,1.0,,,
1430,4.599609375,0.0,4.599609375,0.000371875,0.000223125,31805.10005378821,0.750256128,0.32152248201265193,0.9471058981297851,4.09469067317147,0.01,1.0,,,
1440,4.37451171875,0.0,4.37451171875,0.00037083333333333337,0.0002225,31806.183620210257,0.755499008,0.4643034056518766,0.8833570924613322,4.082863071416802,0.01,1.0,,,
1450,4.2353515625,0.0,4.2353515625,0.00036979166666666665,0.00022187499999999996,31807.430095150627,0.760741888,0.467405698774482,0.7084773657723791,4.070976928767144,0.01,1.0,,,
1460,3.94970703125,0.0,3.94970703125,0.00036875000000000005,0.00022124999999999998,31808.78177280992,0.765984768,0.5234635123633573,0.5422299930817535,4.059032714467053,0.01,1.0,,,
1470,4.08349609375,0.0,4.08349609375,0.00036770833333333333,0.00022062499999999996,31809.823228439294,0.771227648,0.40696289345631415,0.3615639116402687,4.0470309000536595,0.01,1.0,,,
1480,4.3662109375,0.0,4.3662109375,0.0003666666666666667,0.00022,31810.529535122307,0.776470528,0.3485763633148246,0.4555830356434445,4.034971959338046,0.01,1.0,,,
1490,4.75,0.0,4.75,0.000365625,0.00021937499999999998,31811.50855558295,0.781713408,0.3589902137598831,0.76668675282191,4.022856368386543,0.01,1.0,,,
1500,4.62890625,0.0,4.62890625,0.0003645833333333334,0.00021875,31812.33571088765,0.786956288,0.3675823904197803,0.9305382362663845,4.010684605501935,0.01,1.0,,,
1500,,,,,,,,,,,,,6.6201923076923075,6.6201923076923075,7.891826923076923
1510,4.3759765625,0.0,4.3759765625,0.00036354166666666664,0.00021812499999999998,31809.342917730195,0.792199168,0.34526839396701237,0.9385898578464299,3.998457151204583,0.01,1.0,,,
1520,4.16650390625,0.0,4.16650390625,0.0003625,0.00021749999999999997,31810.944662658178,0.797442048,0.34367630219337253,0.93907395318706,3.9861744882134422,0.01,1.0,,,
1530,4.22998046875,0.0,4.22998046875,0.0003614583333333333,0.00021687499999999997,31811.039901907654,0.802684928,0.3368394118139679,0.49253499343521734,3.9738371014270184,0.01,1.0,,,
1540,4.18505859375,0.0,4.18505859375,0.00036041666666666665,0.00021624999999999997,31812.324950359976,0.807927808,0.4023693723653306,0.9156038382436128,3.961445477904215,0.01,1.0,,,
1550,4.4619140625,0.0,4.4619140625,0.000359375,0.00021562499999999997,31813.63514626712,0.813170688,0.4849995265679421,0.7462443759894143,3.9490001068451135,0.01,1.0,,,
1560,4.41748046875,0.0,4.41748046875,0.00035833333333333333,0.000215,31815.02286763255,0.818413568,0.3584965234251416,0.8198277020220159,3.9365014795716515,0.01,1.0,,,
1570,4.345703125,0.0,4.345703125,0.0003572916666666667,0.000214375,31815.430680675756,0.823656448,0.41807107172805663,0.909102418967135,3.923950089508233,0.01,1.0,,,
1580,4.28125,0.0,4.28125,0.00035625,0.00021375,31815.956299305464,0.828899328,0.36116024440380445,0.6964966291704614,3.911346432162246,0.01,1.0,,,
1590,4.28564453125,0.0,4.28564453125,0.00035520833333333335,0.000213125,31817.33167503376,0.834142208,0.388038229669479,0.8354541166775197,3.898691005104502,0.01,1.0,,,
1600,3.77783203125,0.0,3.77783203125,0.00035416666666666664,0.00021249999999999996,31818.19335448644,0.839385088,0.5374635734079399,0.5246314808260846,3.8859843079495917,0.01,1.0,,,
1610,3.97509765625,0.0,3.97509765625,0.00035312500000000003,0.000211875,31819.362248485104,0.844627968,0.3914973024442134,0.5377414394123123,3.8732268423361615,0.01,1.0,,,
1620,4.1884765625,0.0,4.1884765625,0.0003520833333333333,0.00021124999999999996,31820.032646826472,0.849870848,0.36599262730078536,0.9304385500807137,3.86041911190711,0.01,1.0,,,
1630,4.1533203125,0.0,4.1533203125,0.0003510416666666667,0.000210625,31820.030311367766,0.855113728,0.3520747107450415,0.9361504896640223,3.847561622289702,0.01,1.0,,,
1640,4.3388671875,0.0,4.3388671875,0.00035,0.00020999999999999998,31820.722922838202,0.860356608,0.3187144978184637,0.9478513730494907,3.834654881075616,0.01,1.0,,,
1650,4.07080078125,0.0,4.07080078125,0.0003489583333333334,0.000209375,31821.28968251182,0.865599488,0.3317671689768577,0.6059310137649679,3.821699397800891,0.01,1.0,,,
1660,4.11962890625,0.0,4.11962890625,0.0003479166666666667,0.00020874999999999998,31822.070776312234,0.870842368,0.3418470556917047,0.7350522583848644,3.8086956839258264,0.01,1.0,,,
1670,4.2900390625,0.0,4.2900390625,0.000346875,0.00020812499999999998,31822.443533233734,0.876085248,0.21804936461060373,0.9759852587661167,3.795644252814778,0.01,1.0,,,
1680,4.32666015625,0.0,4.32666015625,0.00034583333333333335,0.00020749999999999998,31822.911153413555,0.881328128,0.6804384823923803,0.7348166381315622,3.7825456197158998,0.01,1.0,,,
1690,4.080078125,0.0,4.080078125,0.0003447916666666667,0.00020687499999999997,31824.03258345471,0.886571008,0.27377899536019273,0.6009844089750876,3.7694003017407978,0.01,1.0,,,
1700,3.9521484375,0.0,3.9521484375,0.00034375,0.00020624999999999997,31824.544494854385,0.891813888,0.3697785284659429,0.3329402385531363,3.7562088178441164,0.01,1.0,,,
1710,3.9365234375,0.0,3.9365234375,0.0003427083333333333,0.000205625,31825.23267087923,0.897056768,0.3626222535620806,0.8231198238856239,3.742971688803054,0.01,1.0,,,
1720,4.2001953125,0.0,4.2001953125,0.00034166666666666666,0.000205,31825.74793627795,0.902299648,0.20487782467332108,0.9788116594450124,3.7296894371967984,0.01,1.0,,,
1730,3.994140625,0.0,3.994140625,0.000340625,0.000204375,31826.31934239172,0.907542528,0.2649162245891257,0.9641756332206997,3.7163625873859,0.01,1.0,,,
1740,3.9541015625,0.0,3.9541015625,0.00033958333333333334,0.00020375,31827.43931783463,0.912785408,0.34160223560648423,0.8081386883359765,3.7029916654915715,0.01,1.0,,,
1750,3.90087890625,0.0,3.90087890625,0.0003385416666666666,0.00020312499999999996,31828.367387742368,0.918028288,0.3893224667249698,0.9210241642791557,3.6895771993749125,0.01,1.0,,,
1760,4.1044921875,0.0,4.1044921875,0.0003375,0.0002025,31828.829694333344,0.923271168,0.32012205946019784,0.859528804035737,3.6761197186160777,0.01,1.0,,,
1770,4.05517578125,0.0,4.05517578125,0.0003364583333333333,0.00020187499999999996,31829.41452306602,0.928514048,0.43815911594225204,0.8996139298615082,3.6626197544933636,0.01,1.0,,,
1780,4.1845703125,0.0,4.1845703125,0.0003354166666666667,0.00020125,31830.018279234504,0.933756928,0.3346604330467164,0.9425105349142041,3.649077839962239,0.01,1.0,,,
1790,3.8369140625,0.0,3.8369140625,0.000334375,0.00020062499999999996,31831.04276390657,0.938999808,0.3323230274406409,0.4539082182104915,3.635494509634302,0.01,1.0,,,
1800,3.70947265625,0.0,3.70947265625,0.0003333333333333334,0.0002,31831.515164574666,0.944242688,0.3136959576884752,0.9492915698268403,3.6218702997561745,0.01,1.0,,,
1810,4.14013671875,0.0,4.14013671875,0.00033229166666666666,0.00019937499999999998,31832.10771743309,0.949485568,0.4117581269493078,0.9119502827935805,3.6082057481883356,0.01,1.0,,,
1820,3.75048828125,0.0,3.75048828125,0.00033125,0.00019874999999999998,31832.990301845788,0.954728448,0.53567695712739,0.8448944981150812,3.5945013943838826,0.01,1.0,,,
1830,4.11474609375,0.0,4.11474609375,0.00033020833333333334,0.00019812499999999998,31834.249890392315,0.959971328,0.32677655296937724,0.544073453615637,3.580757779367238,0.01,1.0,,,
1840,3.873046875,0.0,3.873046875,0.0003291666666666667,0.00019749999999999998,31834.545927382478,0.965214208,0.4137682520167997,0.5669665780602539,3.5669754457127905,0.01,1.0,,,
1850,4.06982421875,0.0,4.06982421875,0.000328125,0.00019687499999999997,31835.021708679382,0.970457088,0.32866082154813353,0.6800227250440395,3.5531549375234732,0.01,1.0,,,
1860,3.72802734375,0.0,3.72802734375,0.00032708333333333336,0.00019624999999999997,31835.926754210574,0.975699968,0.4587427934442858,0.8889720396918873,3.539296800409286,0.01,1.0,,,
1870,4.25,0.0,4.25,0.0003260416666666667,0.000195625,31836.19878099803,0.980942848,0.2640326264066131,0.9642349554984576,3.525401581465752,0.01,1.0,,,
1880,4.01123046875,0.0,4.01123046875,0.00032500000000000004,0.000195,31836.632310824087,0.986185728,0.4132743888737856,0.8475697061711767,3.511469829252323,0.01,1.0,,,
1890,4.08837890625,0.0,4.08837890625,0.0003239583333333334,0.000194375,31837.371659872504,0.991428608,0.3959623087240022,0.9180797854310372,3.4975020937707217,0.01,1.0,,,
1900,4.1259765625,0.0,4.1259765625,0.0003229166666666666,0.00019374999999999997,31838.207004123702,0.996671488,0.4474591296094115,0.8938703313698665,3.483498926443227,0.01,1.0,,,
1910,4.14208984375,0.0,4.14208984375,0.000321875,0.000193125,31838.477570772713,1.001914368,0.11953605461806333,0.9927966791601655,3.4694608800909097,0.01,1.0,,,
1920,4.00390625,0.0,4.00390625,0.0003208333333333333,0.00019249999999999996,31839.169547435453,1.007157248,0.500412225450643,0.6417787945410579,3.4553885089118017,0.01,1.0,,,
1930,3.88525390625,0.0,3.88525390625,0.0003197916666666667,0.000191875,31839.89578901331,1.012400128,0.38313445779136696,0.7206421951017867,3.4412823684590217,0.01,1.0,,,
1940,4.0693359375,0.0,4.0693359375,0.00031874999999999997,0.00019124999999999996,31840.05015009289,1.017643008,0.30534615082064565,0.8916525370289751,3.4271430156188414,0.01,1.0,,,
1950,3.95654296875,0.0,3.95654296875,0.00031770833333333336,0.000190625,31840.81003221772,1.022885888,0.34261279298874686,0.9396553706797388,3.412971008588699,0.01,1.0,,,
1960,3.7451171875,0.0,3.7451171875,0.00031666666666666665,0.00018999999999999998,31841.020792330448,1.028128768,0.28159129883435907,0.9594781916122574,3.398766906855168,0.01,1.0,,,
1970,4.17041015625,0.0,4.17041015625,0.000315625,0.00018937499999999998,31842.09398117331,1.033371648,0.36991318736725065,0.7149862744088552,3.3845312711718627,0.01,1.0,,,
1980,3.91943359375,0.0,3.91943359375,0.00031458333333333333,0.00018874999999999998,31842.18168877372,1.038614528,0.24777395268972602,0.9687721024896927,3.3702646635373026,0.01,1.0,,,
1990,4.13671875,0.0,4.13671875,0.00031354166666666667,0.00018812499999999998,31843.11579125368,1.043857408,0.3584516132138882,0.9337349545494535,3.3559676471727315,0.01,1.0,,,
2000,4.310546875,0.0,4.310546875,0.0003125,0.00018749999999999998,31843.683059828898,1.049100288,0.262747502792625,0.9649107740390401,3.341640786499874,0.01,1.0,,,
2000,,,,,,,,,,,,,6.0048076923076925,6.0048076923076925,8.288461538461538
2010,3.98486328125,0.0,3.98486328125,0.00031145833333333335,0.00018687499999999998,31838.182000008037,1.054343168,0.2602978161534153,0.9654185957028222,3.327284647118658,0.01,1.0,,,
2020,3.97216796875,0.0,3.97216796875,0.0003104166666666667,0.00018625,31839.087930080666,1.059586048,0.25944779789894484,0.9660159763384619,3.3128997957848845,0.01,1.0,,,
2030,4.0341796875,0.0,4.0341796875,0.000309375,0.000185625,31839.725041513273,1.064828928,0.3872249566836761,0.9109906708996071,3.298486800387852,0.01,1.0,,,
2040,4.30419921875,0.0,4.30419921875,0.00030833333333333337,0.000185,31838.862211220105,1.070071808,0.32983712317552155,0.943948412645447,3.284046229927943,0.01,1.0,,,
2050,4.06103515625,0.0,4.06103515625,0.00030729166666666665,0.00018437499999999997,31840.106935941913,1.075314688,0.27346285844732376,0.5063887268206503,3.2695786544941505,0.01,1.0,,,
2060,3.9130859375,0.0,3.9130859375,0.00030625000000000004,0.00018375,31840.483273340535,1.080557568,0.2912733146116445,0.7209103014225451,3.2550846452415803,0.01,1.0,,,
2070,3.7158203125,0.0,3.7158203125,0.00030520833333333333,0.00018312499999999997,31811.96374895638,1.085800448,0.4669858619601804,0.6419926744397126,3.240564774368902,0.01,1.0,,,
2080,4.03759765625,0.0,4.03759765625,0.0003041666666666667,0.0001825,31812.60034377857,1.091043328,0.2695793776675171,0.9631280412407498,3.226019615095753,0.01,1.0,,,
2090,4.19873046875,0.0,4.19873046875,0.000303125,0.00018187499999999996,31812.801206369717,1.096286208,0.3839737324122269,0.8501793785912607,3.2114497416401173,0.01,1.0,,,
2100,3.90234375,0.0,3.90234375,0.0003020833333333334,0.00018125000000000001,31813.81417541526,1.101529088,0.2357776599520117,0.9717344769689539,3.196855729195651,0.01,1.0,,,
2110,3.91357421875,0.0,3.91357421875,0.00030104166666666663,0.00018062499999999999,31813.38810859059,1.106771968,0.29330330999701276,0.9559991629674305,3.182238153908978,0.01,1.0,,,
2120,4.0478515625,0.0,4.0478515625,0.0003,0.00017999999999999998,31814.687304239724,1.112014848,0.3641712508669662,0.9319531599307768,3.1675975928569398,0.01,1.0,,,
2130,4.05908203125,0.0,4.05908203125,0.0002989583333333333,0.00017937499999999998,31815.290500619743,1.117257728,0.44925725754619694,0.7533037483418137,3.1529346240238176,0.01,1.0,,,
2140,3.9375,0.0,3.9375,0.00029791666666666665,0.00017874999999999998,31816.0042759746,1.122500608,0.4804731512324529,0.7346667005947556,3.138249826278515,0.01,1.0,,,
2150,4.2509765625,0.0,4.2509765625,0.000296875,0.00017812499999999998,31816.738073331446,1.127743488,0.3671139605274884,0.9306588739205771,3.1235437793517025,0.01,1.0,,,
2160,4.1865234375,0.0,4.1865234375,0.00029583333333333333,0.00017749999999999998,31817.186511519027,1.132986368,0.2600258992019561,0.9657569643234846,3.1088170638129315,0.01,1.0,,,
2170,4.3857421875,0.0,4.3857421875,0.00029479166666666667,0.00017687499999999998,31817.955145131924,1.138229248,0.2398565969862648,0.9706702028041687,3.0940702610477153,0.01,1.0,,,
2180,4.02880859375,0.0,4.02880859375,0.00029375,0.00017625,31818.303637944296,1.143472128,0.21222099568318728,0.9771256999729119,3.0793039532345765,0.01,1.0,,,
2190,4.0615234375,0.0,4.0615234375,0.00029270833333333335,0.000175625,31819.057119819667,1.148715008,0.320192547094211,0.6770911779964228,3.0645187233220654,0.01,1.0,,,
2200,3.7490234375,0.0,3.7490234375,0.00029166666666666664,0.00017499999999999997,31819.561566267643,1.153957888,0.3924119742852949,0.6431195307372838,3.0497151550057398,0.01,1.0,,,
2210,4.24853515625,0.0,4.24853515625,0.00029062500000000003,0.000174375,31820.4130211373,1.159200768,0.3602758215520791,0.9324781736923531,3.0348938327051296,0.01,1.0,,,
2220,3.95458984375,0.0,3.95458984375,0.0002895833333333333,0.00017374999999999997,31819.549879215374,1.164443648,0.12749887851514302,0.9918440930838683,3.020055341540663,0.01,1.0,,,
2230,4.06494140625,0.0,4.06494140625,0.0002885416666666667,0.000173125,31820.181359095044,1.169686528,0.2566484691234238,0.7079540341836112,3.005200267310561,0.01,1.0,,,
2240,4.31884765625,0.0,4.31884765625,0.0002875,0.00017249999999999996,31820.645698147993,1.174929408,0.21274139601509082,0.9771553130893353,2.9903291964677208,0.01,1.0,,,
2250,4.076171875,0.0,4.076171875,0.0002864583333333334,0.00017187500000000002,31821.09870983926,1.180172288,0.3971527940008316,0.736704898491872,2.975442716096554,0.01,1.0,,,
2260,3.86328125,0.0,3.86328125,0.0002854166666666667,0.00017125,31821.383212391072,1.185415168,0.29627325414439387,0.6602801150188135,2.960541413889817,0.01,1.0,,,
2270,3.62451171875,0.0,3.62451171875,0.000284375,0.000170625,31822.259233196826,1.190658048,0.25488357348140234,0.966735513443711,2.9456258781254054,0.01,1.0,,,
2280,3.66845703125,0.0,3.66845703125,0.00028333333333333335,0.00016999999999999999,31822.757690994742,1.195900928,0.40353255096033536,0.5013022019397883,2.9306966976431315,0.01,1.0,,,
2290,4.00048828125,0.0,4.00048828125,0.0002822916666666667,0.00016937499999999998,31823.435249664366,1.201143808,0.43219332764056706,0.7262342003558696,2.915754461821478,0.01,1.0,,,
2300,3.65966796875,0.0,3.65966796875,0.00028125000000000003,0.00016874999999999998,31824.157441490337,1.206386688,0.3832877151132408,0.8307048647313054,2.9007997605543308,0.01,1.0,,,
2310,4.17138671875,0.0,4.17138671875,0.0002802083333333333,0.00016812499999999998,31824.561430750175,1.211629568,0.31153808249027287,0.9503955990979034,2.8858331842276876,0.01,1.0,,,
2320,3.9765625,0.0,3.9765625,0.00027916666666666666,0.00016749999999999998,31825.301373358885,1.216872448,0.22508123225831486,0.9745717990362874,2.8708553236963565,0.01,1.0,,,
2330,3.84375,0.0,3.84375,0.000278125,0.000166875,31826.058672862222,1.222115328,0.35717942251898205,0.9016783306599054,2.855866770260624,0.01,1.0,,,
2340,3.5615234375,0.0,3.5615234375,0.00027708333333333334,0.00016625,31826.364531886647,1.227358208,0.3673297415925337,0.9299186263412352,2.8408681156429156,0.01,1.0,,,
2350,3.90625,0.0,3.90625,0.0002760416666666666,0.00016562499999999997,31827.218302387464,1.232601088,0.3651694983376402,0.7018155709501568,2.825859951964435,0.01,1.0,,,
2360,3.8583984375,0.0,3.8583984375,0.000275,0.000165,31827.40050203341,1.237843968,0.4060985408270947,0.7455280991032249,2.8108428717217837,0.01,1.0,,,
2370,3.6083984375,0.0,3.6083984375,0.0002739583333333333,0.00016437499999999997,31828.370585400844,1.243086848,0.3137821615956973,0.9495745553948438,2.7958174677635785,0.01,1.0,,,
2380,3.9287109375,0.0,3.9287109375,0.0002729166666666667,0.00016375,31828.752080788763,1.248329728,0.34454099358332846,0.6383694049492855,2.780784333267039,0.01,1.0,,,
2390,3.90673828125,0.0,3.90673828125,0.000271875,0.00016312499999999997,31829.29977790318,1.253572608,0.45017359992014516,0.7794581466977542,2.765744061714574,0.01,1.0,,,
2400,3.73583984375,0.0,3.73583984375,0.0002708333333333334,0.00016250000000000002,31830.17894651133,1.258815488,0.4449156469890985,0.7753769798286914,2.7506972468703523,0.01,1.0,,,
2410,3.85498046875,0.0,3.85498046875,0.00026979166666666666,0.00016187499999999996,31830.238874575316,1.264058368,0.37790575144410765,0.9262942477519328,2.7356444827568596,0.01,1.0,,,
2420,3.3642578125,0.0,3.3642578125,0.00026875,0.00016125,31828.31257773943,1.269301248,0.5102034113105034,0.8601824740397405,2.720586363631447,0.01,1.0,,,
2430,4.12109375,0.0,4.12109375,0.00026770833333333334,0.000160625,31829.012491155958,1.274544128,0.4140256979536034,0.9102630236352421,2.7055234839628763,0.01,1.0,,,
2440,4.2236328125,0.0,4.2236328125,0.0002666666666666667,0.00015999999999999999,31829.541828401438,1.279787008,0.315853990714443,0.9490989180659822,2.690456438407843,0.01,1.0,,,
2450,3.97021484375,0.0,3.97021484375,0.000265625,0.00015937499999999998,31830.019144965303,1.285029888,0.33498932864482467,0.9420742174163167,2.675385821787508,0.01,1.0,,,
2460,3.87353515625,0.0,3.87353515625,0.00026458333333333336,0.00015874999999999998,31830.666810486753,1.290272768,0.20792109091849123,0.9781574085852042,2.66031222906401,0.01,1.0,,,
2470,3.9296875,0.0,3.9296875,0.0002635416666666667,0.00015812499999999998,31830.51752216499,1.295515648,0.2862136985137906,0.9581156190712432,2.64523625531698,0.01,1.0,,,
2480,3.77001953125,0.0,3.77001953125,0.00026250000000000004,0.00015749999999999998,31831.39077916346,1.300758528,0.3208893273781236,0.9474112560261292,2.6301584957200466,0.01,1.0,,,
2490,3.92529296875,0.0,3.92529296875,0.0002614583333333334,0.000156875,31830.358507884255,1.306001408,0.2958092699092495,0.7464506546221159,2.6150795455173417,0.01,1.0,,,
2500,3.84765625,0.0,3.84765625,0.0002604166666666666,0.00015624999999999998,31831.238062903012,1.311244288,0.21103124444222035,0.9774779903183083,2.6,0.01,1.0,,,
2500,,,,,,,,,,,,,5.826923076923077,5.826923076923077,8.389423076923077
2510,3.96728515625,0.0,3.96728515625,0.000259375,0.000155625,31830.090871145454,1.316487168,0.3287215804182269,0.7046304621715123,2.5849204544826585,0.01,1.0,,,
2520,3.92724609375,0.0,3.92724609375,0.0002583333333333333,0.00015499999999999997,31830.445091801186,1.321730048,0.39245081691698347,0.5901242868174804,2.5698415042799536,0.01,1.0,,,
2530,3.90283203125,0.0,3.90283203125,0.0002572916666666667,0.000154375,31830.88402257669,1.326972928,0.29722079856146716,0.9188517624300735,2.554763744683021,0.01,1.0,,,
2540,3.79736328125,0.0,3.79736328125,0.00025624999999999997,0.00015374999999999997,31830.312853755826,1.332215808,0.3616381180830857,0.8500206183393324,2.5396877709359904,0.01,1.0,,,
2550,3.89208984375,0.0,3.89208984375,0.00025520833333333336,0.00015312500000000002,31831.3833268816,1.337458688,0.2739971299879717,0.961969199658679,2.524614178212492,0.01,1.0,,,
2560,4.18310546875,0.0,4.18310546875,0.00025416666666666665,0.00015249999999999997,31831.70910945816,1.342701568,0.35007247881854897,0.9373315664393581,2.509543561592157,0.01,1.0,,,
2570,3.669921875,0.0,3.669921875,0.000253125,0.000151875,31831.76012481152,1.347944448,0.2796603703897256,0.960283023584979,2.4944765160371247,0.01,1.0,,,
2580,3.921875,0.0,3.921875,0.0002520833333333333,0.00015125,31808.56834949888,1.353187328,0.31978547688930214,0.9219727403320774,2.4794136363685535,0.01,1.0,,,
2590,3.92138671875,0.0,3.92138671875,0.00025104166666666667,0.000150625,31809.495561298725,1.358430208,0.37505188477896373,0.6093025680564457,2.4643555172431415,0.01,1.0,,,
2600,3.38916015625,0.0,3.38916015625,0.00025,0.00015,31810.185838091078,1.363673088,0.43271757724611143,0.8918983546444875,2.4493027531296487,0.01,1.0,,,
2610,3.6708984375,0.0,3.6708984375,0.00024895833333333334,0.00014937499999999999,31809.5029750696,1.368915968,0.3005534206455255,0.7059426349917132,2.4342559382854265,0.01,1.0,,,
2620,3.9443359375,0.0,3.9443359375,0.0002479166666666667,0.00014874999999999998,31809.95599382233,1.374158848,0.23908721136547822,0.9708387686248843,2.419215666732962,0.01,1.0,,,
2630,3.5703125,0.0,3.5703125,0.000246875,0.00014812499999999998,31810.645917990503,1.379401728,0.26521176846268785,0.9641701348129076,2.4041825322364225,0.01,1.0,,,
2640,3.7421875,0.0,3.7421875,0.00024583333333333336,0.0001475,31811.392275020724,1.384644608,0.31277924907531285,0.8521344527942244,2.389157128278217,0.01,1.0,,,
2650,3.8359375,0.0,3.8359375,0.0002447916666666667,0.000146875,31807.86229332964,1.389887488,0.1661964737710168,0.9860025555784033,2.374140048035566,0.01,1.0,,,
2660,4.0673828125,0.0,4.0673828125,0.00024375000000000002,0.00014625,31808.243906651413,1.395130368,0.3525123248047734,0.7525583495881645,2.3591318843570845,0.01,1.0,,,
2670,3.64501953125,0.0,3.64501953125,0.00024270833333333336,0.000145625,31809.036850763914,1.400373248,0.32787957771209536,0.9448801579936456,2.344133229739376,0.01,1.0,,,
2680,4.11279296875,0.0,4.11279296875,0.00024166666666666664,0.00014499999999999997,31809.619913474962,1.405616128,0.3344441315546663,0.9426557116437144,2.3291446763036445,0.01,1.0,,,
2690,3.50537109375,0.0,3.50537109375,0.00024062499999999998,0.00014437499999999997,31809.984290305747,1.410859008,0.16881139776133824,0.9857067786753205,2.314166815772313,0.01,1.0,,,
2700,4.0302734375,0.0,4.0302734375,0.00023958333333333332,0.00014374999999999997,31809.335528701624,1.416101888,0.37491597120609643,0.7213845127514382,2.2992002394456694,0.01,1.0,,,
2710,4.18701171875,0.0,4.18701171875,0.00023854166666666666,0.00014312499999999997,31810.15545242395,1.421344768,0.1891600634527008,0.9819761331355618,2.284245538178522,0.01,1.0,,,
2720,3.62548828125,0.0,3.62548828125,0.0002375,0.0001425,31809.788105328196,1.426587648,0.1692335719418722,0.9857605612269593,2.2693033023568687,0.01,1.0,,,
2730,3.478515625,0.0,3.478515625,0.00023645833333333334,0.000141875,31808.87606686247,1.431830528,0.36931020297231903,0.8214918802066964,2.254374121874595,0.01,1.0,,,
2740,3.3544921875,0.0,3.3544921875,0.00023541666666666668,0.00014125,31807.844601794222,1.437073408,0.4381762032554892,0.6976876221317881,2.2394585861101834,0.01,1.0,,,
2750,3.7783203125,0.0,3.7783203125,0.000234375,0.000140625,31808.672107944563,1.442316288,0.30014511671377836,0.9539413100847538,2.2245572839034464,0.01,1.0,,,
2760,3.953125,0.0,3.953125,0.00023333333333333333,0.00014,31809.083285798613,1.447559168,0.3055014562326447,0.9521419516363916,2.2096708035322794,0.01,1.0,,,
2770,4.15966796875,0.0,4.15966796875,0.00023229166666666667,0.00013937499999999999,31808.96810807327,1.452802048,0.36024530364928176,0.5889402277487467,2.1947997326894386,0.01,1.0,,,
2780,3.84619140625,0.0,3.84619140625,0.00023125,0.00013874999999999998,31809.44720600309,1.458044928,0.22927455148774525,0.973356726087472,2.1799446584593376,0.01,1.0,,,
2790,3.77392578125,0.0,3.77392578125,0.00023020833333333335,0.000138125,31810.202238503476,1.463287808,0.20254321466877298,0.9794754181076138,2.1651061672948706,0.01,1.0,,,
2800,3.939453125,0.0,3.939453125,0.0002291666666666667,0.0001375,31810.677441456348,1.468530688,0.34090355172052067,0.9406702785657981,2.1502848449942613,0.01,1.0,,,
2810,4.07421875,0.0,4.07421875,0.00022812500000000003,0.000136875,31811.66678755174,1.473773568,0.24947192225190473,0.968189844500988,2.135481276677935,0.01,1.0,,,
2820,3.6025390625,0.0,3.6025390625,0.00022708333333333337,0.00013625,31812.01295875154,1.479016448,0.2959236021801744,0.8442242959117323,2.120696046765423,0.01,1.0,,,
2830,3.95361328125,0.0,3.95361328125,0.00022604166666666665,0.00013562499999999998,31812.165265330856,1.484259328,0.3265687005163249,0.9452040660585328,2.105929738952285,0.01,1.0,,,
2840,3.70654296875,0.0,3.70654296875,0.000225,0.00013499999999999997,31812.607005244972,1.489502208,0.2525350997488234,0.7262919279136958,2.091182936187069,0.01,1.0,,,
2850,3.83056640625,0.0,3.83056640625,0.0002239583333333333,0.00013437499999999997,31812.59492210676,1.494745088,0.19372333367939235,0.9810298340675736,2.0764562206482986,0.01,1.0,,,
2860,3.44970703125,0.0,3.44970703125,0.00022291666666666665,0.00013374999999999997,31813.342270910474,1.499987968,0.23237774309975467,0.9726260180409952,2.061750173721485,0.01,1.0,,,
2870,3.67333984375,0.0,3.67333984375,0.00022187499999999999,0.00013312499999999997,31813.42748505215,1.505230848,0.38237858727859275,0.5907069089041156,2.0470653759761825,0.01,1.0,,,
2880,4.13525390625,0.0,4.13525390625,0.00022083333333333333,0.0001325,31791.89847612814,1.510473728,0.2193074916705375,0.9756075969461279,2.032402407143061,0.01,1.0,,,
2890,4.2841796875,0.0,4.2841796875,0.00021979166666666666,0.000131875,31791.765205017433,1.515716608,0.1653115512413787,0.9862521103090454,2.0177618460910223,0.01,1.0,,,
2900,4.4208984375,0.0,4.4208984375,0.00021875,0.00013125,31791.893545304454,1.520959488,0.299556930352657,0.9542150057224538,2.003144270804349,0.01,1.0,,,
2910,3.29638671875,0.0,3.29638671875,0.00021770833333333334,0.000130625,31791.004320243257,1.526202368,0.568736306987248,0.8221909202789655,1.9885502583598837,0.01,1.0,,,
2920,3.08251953125,0.0,3.08251953125,0.00021666666666666668,0.00013,31790.27724448686,1.531445248,0.3825590906064343,0.9237151599230964,1.9739803849042468,0.01,1.0,,,
2930,3.8681640625,0.0,3.8681640625,0.00021562500000000002,0.000129375,31790.673014817246,1.536688128,0.3394106579235891,0.649946083679625,1.9594352256310985,0.01,1.0,,,
2940,3.83056640625,0.0,3.83056640625,0.00021458333333333336,0.00012874999999999999,31791.319433458255,1.541931008,0.2042225716274077,0.9789916538234501,1.9449153547584197,0.01,1.0,,,
2950,3.7138671875,0.0,3.7138671875,0.0002135416666666667,0.000128125,31790.322625872715,1.547173888,0.4667209423443132,0.8840312969165103,1.9304213455058499,0.01,1.0,,,
2960,3.7822265625,0.0,3.7822265625,0.00021250000000000002,0.0001275,31790.94826943313,1.552416768,0.3643903606654432,0.8664168174163447,1.9159537700720577,0.01,1.0,,,
2970,3.8125,0.0,3.8125,0.00021145833333333335,0.000126875,31791.30158202675,1.557659648,0.37606203613883005,0.9266484700645266,1.9015131996121475,0.01,1.0,,,
2980,3.63037109375,0.0,3.63037109375,0.00021041666666666664,0.00012624999999999998,31792.086862849963,1.562902528,0.38625427294590287,0.6232012955304539,1.887100204215116,0.01,1.0,,,
2990,3.9541015625,0.0,3.9541015625,0.00020937499999999998,0.00012562499999999998,31790.883209453295,1.568145408,0.4472994220135976,0.8766359169968813,1.8727153528813427,0.01,1.0,,,
3000,3.4892578125,0.0,3.4892578125,0.00020833333333333332,0.00012499999999999998,31791.507427914737,1.573388288,0.4637054308072791,0.886352189609905,1.8583592135001263,0.01,1.0,,,
3000,,,,,,,,,,,,,5.721153846153846,5.721153846153846,8.783653846153847
3010,3.720703125,0.0,3.720703125,0.00020729166666666666,0.00012437499999999997,31788.08206278426,1.578631168,0.22978168268424748,0.9732173846557655,1.844032352827269,0.01,1.0,,,
3020,3.87548828125,0.0,3.87548828125,0.00020625,0.00012374999999999997,31788.311896080348,1.583874048,0.22341144092929183,0.9745967410971144,1.8297353364626974,0.01,1.0,,,
3030,4.2958984375,0.0,4.2958984375,0.00020520833333333334,0.000123125,31788.2925930021,1.589116928,0.388826749706608,0.9214864811089216,1.8154687288281377,0.01,1.0,,,
3040,3.76318359375,0.0,3.76318359375,0.00020416666666666668,0.0001225,31788.667539718892,1.594359808,0.37981009173804925,0.5338168904595869,1.8012330931448322,0.01,1.0,,,
3050,3.265625,0.0,3.265625,0.00020312500000000002,0.000121875,31788.797978742896,1.599602688,0.23383927263252058,0.9724418712683929,1.7870289914113007,0.01,1.0,,,
3060,4.490234375,0.0,4.490234375,0.00020208333333333333,0.00012124999999999999,31789.183256698565,1.604845568,0.23647861459641184,0.9716530296862419,1.7728569843811592,0.01,1.0,,,
3070,4.0888671875,0.0,4.0888671875,0.00020104166666666667,0.00012062499999999999,31789.508988596746,1.610088448,0.3471632851145347,0.8139970880072829,1.7587176315409787,0.01,1.0,,,
3080,3.93603515625,0.0,3.93603515625,0.0002,0.00011999999999999999,31789.652975477748,1.615331328,0.3041127723943364,0.9269908730851777,1.7446114910881978,0.01,1.0,,,
3090,4.2138671875,0.0,4.2138671875,0.00019895833333333335,0.000119375,31789.47303890738,1.620574208,0.3001112389293308,0.9249623730282156,1.7305391199090905,0.01,1.0,,,
3100,4.05517578125,0.0,4.05517578125,0.0001979166666666667,0.00011875,31790.315385304835,1.625817088,0.22370528078885912,0.9746773749487101,1.716501073556773,0.01,1.0,,,
3110,3.796875,0.0,3.796875,0.00019687500000000003,0.000118125,31790.778671417178,1.631059968,0.18788330195535663,0.9822422806378529,1.7024979062292793,0.01,1.0,,,
3120,3.9580078125,0.0,3.9580078125,0.00019583333333333337,0.00011750000000000001,31791.56266267273,1.636302848,0.31233291031243393,0.8932592441030026,1.6885301707476774,0.01,1.0,,,
3130,4.11328125,0.0,4.11328125,0.00019479166666666665,0.00011687499999999997,31772.013128714054,1.641545728,0.38180055013690994,0.9244530424925832,1.6745984185342488,0.01,1.0,,,
3140,3.546875,0.0,3.546875,0.00019375,0.00011624999999999998,31772.94612301619,1.646788608,0.3099324122362013,0.5425276033556743,1.660703199590714,0.01,1.0,,,
3150,3.53515625,0.0,3.53515625,0.0001927083333333333,0.00011562499999999998,31773.86859033436,1.652031488,0.33577550157054026,0.6377720028378617,1.646845062476526,0.01,1.0,,,
3160,3.95947265625,0.0,3.95947265625,0.00019166666666666665,0.00011499999999999998,31774.35141845265,1.657274368,0.3058066988263659,0.8083541660122243,1.6330245542872097,0.01,1.0,,,
3170,3.6474609375,0.0,3.6474609375,0.00019062499999999998,0.00011437499999999999,31775.19368476224,1.662517248,0.2982560146455109,0.8340082753636495,1.6192422206327626,0.01,1.0,,,
3180,4.3291015625,0.0,4.3291015625,0.00018958333333333332,0.00011374999999999999,31775.580286294666,1.667760128,0.5529360502534718,0.8337638846731443,1.6054986056161187,0.01,1.0,,,
3190,3.75048828125,0.0,3.75048828125,0.00018854166666666666,0.00011312499999999999,31775.937253637956,1.673003008,0.3036184760878348,0.9354477455275466,1.591794251811665,0.01,1.0,,,
3200,3.916015625,0.0,3.916015625,0.0001875,0.0001125,31776.835071142672,1.678245888,0.2783857297474683,0.41142395106488566,1.5781297002438255,0.01,1.0,,,
3210,4.390625,0.0,4.390625,0.00018645833333333334,0.000111875,31776.625456600133,1.683488768,0.24824612816649497,0.968672795228705,1.564505490365698,0.01,1.0,,,
3220,3.83642578125,0.0,3.83642578125,0.00018541666666666668,0.00011125,31777.29229904187,1.688731648,0.2736693981613209,0.9616261342628563,1.5509221600377616,0.01,1.0,,,
3230,3.59765625,0.0,3.59765625,0.00018437500000000002,0.00011062499999999999,31777.59932539656,1.693974528,0.39901241634322887,0.6863796285303194,1.5373802455066368,0.01,1.0,,,
3240,3.82275390625,0.0,3.82275390625,0.00018333333333333336,0.00011,31777.804472672524,1.699217408,0.28616035141036456,0.9584069247580373,1.523880281383923,0.01,1.0,,,
3250,3.94091796875,0.0,3.94091796875,0.0001822916666666667,0.000109375,31778.389761357987,1.704460288,0.33128805500361247,0.4990741651191922,1.5104228006250877,0.01,1.0,,,
3260,3.92626953125,0.0,3.92626953125,0.00018125000000000001,0.00010875,31778.84313685832,1.709703168,0.3016867702862936,0.5414933010255412,1.497008334508429,0.01,1.0,,,
3270,3.48486328125,0.0,3.48486328125,0.00018020833333333335,0.00010812500000000001,31779.502154893373,1.714946048,0.3167525392642226,0.44592541323943435,1.4836374126140999,0.01,1.0,,,
3280,4.14208984375,0.0,4.14208984375,0.00017916666666666664,0.00010749999999999997,31779.99292231502,1.720188928,0.3257600157636798,0.9450910507012383,1.4703105628032025,0.01,1.0,,,
3290,3.646484375,0.0,3.646484375,0.00017812499999999998,0.00010687499999999998,31780.28011672049,1.725431808,0.30080629050136254,0.6614357807719236,1.4570283111969466,0.01,1.0,,,
3300,3.67138671875,0.0,3.67138671875,0.00017708333333333332,0.00010624999999999998,31781.12364123895,1.730674688,0.3192605654352233,0.862001598831674,1.4437911821558829,0.01,1.0,,,
3310,3.78564453125,0.0,3.78564453125,0.00017604166666666666,0.00010562499999999998,31781.679990686163,1.735917568,0.2676759139931685,0.7553810700763588,1.4305996982592029,0.01,1.0,,,
3320,3.66259765625,0.0,3.66259765625,0.000175,0.00010499999999999999,31782.119554176323,1.741160448,0.24959468790458614,0.6384794522332012,1.4174543802841004,0.01,1.0,,,
3330,3.7568359375,0.0,3.7568359375,0.00017395833333333334,0.00010437499999999999,31782.70079115461,1.746403328,0.2438973518556873,0.9698572208862513,1.404355747185222,0.01,1.0,,,
3340,3.66015625,0.0,3.66015625,0.00017291666666666668,0.00010374999999999999,31783.471115165867,1.751646208,0.276451402295567,0.4180276328578377,1.391304316074174,0.01,1.0,,,
3350,3.38037109375,0.0,3.38037109375,0.000171875,0.00010312499999999999,31783.74824989797,1.756889088,0.26626467612206006,0.9638948468092611,1.3783006021991087,0.01,1.0,,,
3360,3.6279296875,0.0,3.6279296875,0.00017083333333333333,0.0001025,31784.020508803565,1.762131968,0.2561728437561108,0.6347858609278878,1.3653451189243841,0.01,1.0,,,
3370,3.826171875,0.0,3.826171875,0.00016979166666666667,0.000101875,31784.79618442231,1.767374848,0.4431944667446554,0.84128159172818,1.352438377710297,0.01,1.0,,,
3380,3.89013671875,0.0,3.89013671875,0.00016875,0.00010125,31785.475989809478,1.772617728,0.29547805867517857,0.7694976272362126,1.3395808880928908,0.01,1.0,,,
3390,3.4892578125,0.0,3.4892578125,0.00016770833333333335,0.000100625,31785.93784636424,1.777860608,0.23760033965990188,0.971449248203532,1.3267731576638386,0.01,1.0,,,
3400,4.126953125,0.0,4.126953125,0.0001666666666666667,0.0001,31786.343124246247,1.783103488,0.10427214208232571,0.9945752938362197,1.3140156920504085,0.01,1.0,,,
3410,3.8935546875,0.0,3.8935546875,0.00016562500000000003,9.9375e-05,31787.053225934098,1.788346368,0.3572526531988221,0.933808109032469,1.3013089948954981,0.01,1.0,,,
3420,3.78076171875,0.0,3.78076171875,0.00016458333333333337,9.875e-05,31787.17790688584,1.793589248,0.35553022455636746,0.9345989578889945,1.2886535678377542,0.01,1.0,,,
3430,3.9248046875,0.0,3.9248046875,0.00016354166666666665,9.812499999999997e-05,31787.29778859974,1.798832128,0.20789655177592628,0.9782077374195783,1.2760499104917675,0.01,1.0,,,
3440,3.5458984375,0.0,3.5458984375,0.0001625,9.749999999999998e-05,31787.803618078862,1.804075008,0.1194750202721236,0.9928237242527636,1.2634985204283486,0.01,1.0,,,
3450,4.107421875,0.0,4.107421875,0.0001614583333333333,9.687499999999998e-05,31788.03692169611,1.809317888,0.4172809085487336,0.9088403452342931,1.2509998931548871,0.01,1.0,,,
3460,4.0673828125,0.0,4.0673828125,0.00016041666666666664,9.624999999999998e-05,31788.618934399405,1.814560768,0.40295722518119853,0.9150486819937947,1.238554522095784,0.01,1.0,,,
3470,4.00537109375,0.0,4.00537109375,0.00015937499999999998,9.562499999999998e-05,31789.027465061507,1.819803648,0.43933247852292207,0.8326140763746795,1.2261628985729816,0.01,1.0,,,
3480,3.8583984375,0.0,3.8583984375,0.00015833333333333332,9.499999999999999e-05,31789.393781489624,1.825046528,0.2913224786950125,0.9561507558782525,1.2138255117865582,0.01,1.0,,,
3490,3.8740234375,0.0,3.8740234375,0.00015729166666666666,9.437499999999999e-05,31789.911513079052,1.830289408,0.21095894575275267,0.9772347300428368,1.2015428487954178,0.01,1.0,,,
3500,3.73681640625,0.0,3.73681640625,0.00015625,9.374999999999999e-05,31789.10181527417,1.835532288,0.2902636102856123,0.7154396704679806,1.1893153944980648,0.01,1.0,,,
3500,,,,,,,,,,,,,5.653846153846154,5.653846153846154,8.841346153846153
3510,4.67236328125,0.0,4.67236328125,0.00015520833333333334,9.3125e-05,31788.62147543899,1.840775168,0.24230172238295036,0.9700851810280315,1.1771436316134578,0.01,1.0,,,
3520,3.99072265625,0.0,3.99072265625,0.00015416666666666668,9.25e-05,31788.488081074338,1.846018048,0.28808384170443285,0.9573979026682844,1.1650280406619544,0.01,1.0,,,
3530,3.74462890625,0.0,3.74462890625,0.00015312500000000002,9.1875e-05,31789.25996299923,1.851260928,0.3500542335295815,0.9187243739713272,1.1529690999463404,0.01,1.0,,,
3540,4.0166015625,0.0,4.0166015625,0.00015208333333333336,9.125e-05,31788.496528042033,1.856503808,0.2694289562020544,0.9630109920191652,1.1409672855329467,0.01,1.0,,,
3550,3.52099609375,0.0,3.52099609375,0.0001510416666666667,9.062500000000001e-05,31789.023169282224,1.861746688,0.42542339637790566,0.9047060576074308,1.1290230712328568,0.01,1.0,,,
3560,3.68994140625,0.0,3.68994140625,0.00015000000000000001,9e-05,31789.926945653027,1.866989568,0.35031590893367914,0.7467293864439215,1.1171369285831978,0.01,1.0,,,
3570,2.942626953125,0.0,2.942626953125,0.00014895833333333335,8.9375e-05,31790.317363741826,1.872232448,0.513724997868014,0.8569505039650672,1.1053093268285294,0.01,1.0,,,
3580,3.82275390625,0.0,3.82275390625,0.00014791666666666664,8.874999999999998e-05,31790.861801473104,1.877475328,0.3423568999812401,0.9393758366690173,1.0935407329023192,0.01,1.0,,,
3590,3.7685546875,0.0,3.7685546875,0.00014687499999999998,8.812499999999997e-05,31791.321380004643,1.882718208,0.23376001563516777,0.5543473138665219,1.0818316114085014,0.01,1.0,,,
3600,4.4052734375,0.0,4.4052734375,0.00014583333333333332,8.749999999999999e-05,31791.889241342622,1.887961088,0.27739542508761483,0.9607982402398355,1.0701824246031446,0.01,1.0,,,
3610,2.96533203125,0.0,2.96533203125,0.00014479166666666666,8.687499999999998e-05,31791.417295292067,1.893203968,0.3526842944395646,0.9353812021183215,1.0585936323761982,0.01,1.0,,,
3620,3.30908203125,0.0,3.30908203125,0.00014375,8.624999999999998e-05,31791.853945658033,1.898446848,0.37503193309149047,0.9272280637513008,1.0470656922333343,0.01,1.0,,,
3630,3.861328125,0.0,3.861328125,0.00014270833333333334,8.5625e-05,31792.7138311499,1.903689728,0.3528654118641439,0.8671159994601896,1.0355990592778905,0.01,1.0,,,
3640,3.69921875,0.0,3.69921875,0.00014166666666666668,8.499999999999999e-05,31792.97626821256,1.908932608,0.25931265790915253,0.6414082186176271,1.024194186192905,0.01,1.0,,,
3650,3.70458984375,0.0,3.70458984375,0.00014062500000000002,8.437499999999999e-05,31793.710868269012,1.914175488,0.4154406501901401,0.6666166703997578,1.0128515232232358,0.01,1.0,,,
3660,3.6787109375,0.0,3.6787109375,0.00013958333333333333,8.374999999999999e-05,31794.097523761906,1.919418368,0.3195287825202782,0.4569741581424802,1.0015715181577962,0.01,1.0,,,
3670,3.88916015625,0.0,3.88916015625,0.00013854166666666667,8.3125e-05,31794.665852436156,1.924661248,0.3111391657173408,0.9505253530768376,0.9903546163118719,0.01,1.0,,,
3680,3.7314453125,0.0,3.7314453125,0.0001375,8.25e-05,31795.40021670295,1.929904128,0.29022577565298824,0.7545608478936839,0.9792012605095413,0.01,1.0,,,
3690,3.71484375,0.0,3.71484375,0.00013645833333333335,8.1875e-05,31795.890656355434,1.935147008,0.2634106097058682,0.4643528548102982,0.9681118910661939,0.01,1.0,,,
3700,3.78564453125,0.0,3.78564453125,0.0001354166666666667,8.125000000000001e-05,31796.47700699729,1.940389888,0.3713190719017652,0.9289091295452762,0.9570869457711471,0.01,1.0,,,
3710,3.66845703125,0.0,3.66845703125,0.00013437500000000003,8.062500000000001e-05,31796.478399258027,1.945632768,0.29015891343528233,0.7265477673614776,0.9461268598703643,0.01,1.0,,,
3720,4.0693359375,0.0,4.0693359375,0.00013333333333333337,8e-05,31796.9587414309,1.950875648,0.3689916259227822,0.9289206434635072,0.9352320660492683,0.01,1.0,,,
3730,3.6220703125,0.0,3.6220703125,0.00013229166666666665,7.937499999999998e-05,31797.29829888252,1.956118528,0.28874856722388037,0.9575970676734518,0.924402994415666,0.01,1.0,,,
3740,3.50732421875,0.0,3.50732421875,0.00013125,7.874999999999998e-05,31797.572991169018,1.961361408,0.3098521594918044,0.5611080917716614,0.9136400724827622,0.01,1.0,,,
3750,3.4609375,0.0,3.4609375,0.0001302083333333333,7.812499999999999e-05,31798.00652412812,1.966604288,0.3171937008352296,0.38822664659204076,0.902943725152286,0.01,1.0,,,
3760,3.87890625,0.0,3.87890625,0.00012916666666666664,7.749999999999999e-05,31798.67590983755,1.971847168,0.21178652434087006,0.4729030814390489,0.8923143746977151,0.01,1.0,,,
3770,3.9287109375,0.0,3.9287109375,0.00012812499999999998,7.687499999999998e-05,31799.105445540656,1.977090048,0.2689962948682489,0.9073149742151891,0.8817524407476052,0.01,1.0,,,
3780,3.47509765625,0.0,3.47509765625,0.00012708333333333332,7.624999999999998e-05,31799.42227563816,1.982332928,0.21935514797326094,0.9755414131747265,0.8712583402690242,0.01,1.0,,,
3790,3.63671875,0.0,3.63671875,0.00012604166666666666,7.5625e-05,31799.744037213393,1.987575808,0.22403259134943285,0.974507449898321,0.860832487551088,0.01,1.0,,,
3800,3.7734375,0.0,3.7734375,0.000125,7.5e-05,31800.24944048789,1.992818688,0.21146807422205663,0.3497505114420378,0.850475294188612,0.01,1.0,,,
3810,3.81787109375,0.0,3.81787109375,0.00012395833333333334,7.437499999999999e-05,31800.71746235074,1.998061568,0.18964747011959235,0.3521539865840031,0.8401871690658564,0.01,1.0,,,
3820,3.71533203125,0.0,3.71533203125,0.00012291666666666668,7.375e-05,31801.094714647967,2.003304448,0.28507383053928287,0.5751019012774939,0.8299685183403829,0.01,1.0,,,
3830,3.67236328125,0.0,3.67236328125,0.00012187500000000001,7.3125e-05,31801.495091699206,2.008547328,0.274599187700034,0.9615997558367684,0.8198197454270262,0.01,1.0,,,
3840,3.70458984375,0.0,3.70458984375,0.00012083333333333335,7.25e-05,31785.117488998967,2.013790208,0.3645030646312226,0.696340080987112,0.809741250981963,0.01,1.0,,,
3850,3.8134765625,0.0,3.8134765625,0.00011979166666666669,7.1875e-05,31785.79080298777,2.019033088,0.2310431662081956,0.8560863561016748,0.799733432886897,0.01,1.0,,,
3860,3.548828125,0.0,3.548828125,0.00011875000000000003,7.125000000000001e-05,31785.988558097422,2.024275968,0.21593610974132454,0.9764601463375407,0.7897966862333508,0.01,1.0,,,
3870,3.80517578125,0.0,3.80517578125,0.00011770833333333337,7.062500000000001e-05,31786.796282375515,2.029518848,0.22992276367308784,0.9247183229070001,0.7799314033070675,0.01,1.0,,,
3880,3.34619140625,0.0,3.34619140625,0.00011666666666666664,6.999999999999998e-05,31786.260831352698,2.034761728,0.24996148651936417,0.8851574182558943,0.7701379735725256,0.01,1.0,,,
3890,4.0517578125,0.0,4.0517578125,0.00011562499999999998,6.937499999999998e-05,31787.033228468572,2.040004608,0.4046078583994271,0.8497872102034076,0.7604167836575606,0.01,1.0,,,
3900,3.7255859375,0.0,3.7255859375,0.00011458333333333332,6.874999999999998e-05,31772.630207297178,2.045247488,0.24182494480882266,0.5693461812856538,0.7507682173381056,0.01,1.0,,,
3910,3.6884765625,0.0,3.6884765625,0.00011354166666666666,6.812499999999999e-05,31773.12529668073,2.050490368,0.1928860730168405,0.4467102251582902,0.741192655523039,0.01,1.0,,,
3920,3.46875,0.0,3.46875,0.0001125,6.749999999999999e-05,31774.00624452534,2.055733248,0.3252999715734101,0.5470399986600468,0.7316904762391441,0.01,1.0,,,
3930,3.75341796875,0.0,3.75341796875,0.00011145833333333332,6.687499999999999e-05,31774.370230063632,2.060976128,0.2956591868248746,0.8177982959966672,0.7222620546161886,0.01,1.0,,,
3940,3.38720703125,0.0,3.38720703125,0.00011041666666666666,6.625e-05,31775.137674770154,2.066219008,0.29461381803354136,0.8630056425245738,0.7129077628721154,0.01,1.0,,,
3950,4.03759765625,0.0,4.03759765625,0.000109375,6.5625e-05,31775.102991493233,2.071461888,0.21987778412595166,0.9756046424153338,0.703627970298343,0.01,1.0,,,
3960,3.68310546875,0.0,3.68310546875,0.00010833333333333334,6.5e-05,31775.630507967664,2.076704768,0.2215660959737859,0.6885382390843124,0.694423043245195,0.01,1.0,,,
3010,3.7568359375,0.0,3.7568359375,0.00020729166666666666,0.00012437499999999997,9704570.830682008,1.578631168,0.4563174931311535,0.8901703733658686,1.844032352827269,0.01,1.0,,,
3970,3.61376953125,0.0,3.61376953125,0.00010729166666666668,6.437499999999999e-05,31776.326771236323,2.081947648,0.2641710309150334,0.8702635039014925,0.6852933451074299,0.01,1.0,,,
3020,3.75,0.0,3.75,0.00020625,0.00012374999999999997,4839917.329490934,1.583874048,0.4104101830398305,0.9120300273424223,1.8297353364626974,0.01,1.0,,,
3980,3.787109375,0.0,3.787109375,0.00010625000000000001,6.375e-05,31776.394885819594,2.087190528,0.25415437447057393,0.7888026759008568,0.6762392363098966,0.01,1.0,,,
3030,3.90625,0.0,3.90625,0.00020520833333333334,0.000123125,3241243.791594149,1.589116928,0.3049576298684274,0.9523455458120753,1.8154687288281377,0.01,1.0,,,
3990,3.46044921875,0.0,3.46044921875,0.00010520833333333335,6.3125e-05,31777.177590149426,2.092433408,0.23809985750400184,0.30735897781769744,0.6672610742933074,0.01,1.0,,,
3040,3.0625,0.0,3.0625,0.00020416666666666668,0.0001225,2427617.979496332,1.594359808,0.3193412415348872,0.9474625668077863,1.8012330931448322,0.01,1.0,,,
4000,3.609375,0.0,3.609375,0.00010416666666666669,6.25e-05,31777.39716783679,2.097676288,0.2732986790199075,0.5351541320446035,0.6583592135001264,0.01,1.0,,,
4000,,,,,,,,,,,,,5.560096153846154,5.560096153846154,9.432692307692308
3050,2.82421875,0.0,2.82421875,0.00020312500000000002,0.000121875,1946847.7968854872,1.599602688,0.24229821974126609,0.9700491590429747,1.7870289914113007,0.01,1.0,,,
3060,3.70556640625,0.0,3.70556640625,0.00020208333333333333,0.00012124999999999999,1629640.80762823,1.604845568,0.22279441541950037,0.9747753336442956,1.7728569843811592,0.01,1.0,,,
4010,3.68017578125,0.0,3.68017578125,0.00010312500000000003,6.187500000000001e-05,31774.69890997572,2.102919168,0.2884716438526348,0.615970670481514,0.6495340053605745,0.01,1.0,,,
3070,4.10498046875,0.0,4.10498046875,0.00020104166666666667,0.00012062499999999999,1402771.9416614322,1.610088448,0.3475154492266362,0.9372287034536355,1.7587176315409787,0.01,1.0,,,
4020,3.35986328125,0.0,3.35986328125,0.00010208333333333337,6.125000000000001e-05,31775.449070677074,2.108162048,0.2913230283125263,0.8406840055168818,0.6407857982787586,0.01,1.0,,,
3080,2.79443359375,0.0,2.79443359375,0.0002,0.00011999999999999999,1231062.0989679967,1.615331328,0.49823732506471374,0.779160367438145,1.7446114910881978,0.01,1.0,,,
4030,3.65625,0.0,3.65625,0.00010104166666666664,6.0624999999999976e-05,31775.89078792005,2.113404928,0.3154339565298094,0.9488632198598276,0.6321149376189144,0.01,1.0,,,
3090,3.84033203125,0.0,3.84033203125,0.00019895833333333335,0.000119375,1098497.2015043665,1.620574208,0.21008703450128963,0.9776459460955487,1.7305391199090905,0.01,1.0,,,
4040,3.68994140625,0.0,3.68994140625,9.999999999999998e-05,5.999999999999998e-05,31776.2067054559,2.118647808,0.26486414267132163,0.5825888095335315,0.6235217656917746,0.01,1.0,,,
3100,3.71484375,0.0,3.71484375,0.0001979166666666667,0.00011875,992540.5274591035,1.625817088,0.4386798265380833,0.6934966393905485,1.716501073556773,0.01,1.0,,,
4050,3.59228515625,0.0,3.59228515625,9.895833333333332e-05,5.9374999999999986e-05,31774.822057794536,2.123890688,0.4190121332455576,0.7900828674689703,0.6150066217410519,0.01,1.0,,,
3110,4.32177734375,0.0,4.32177734375,0.00019687500000000003,0.000118125,905582.2138873943,1.631059968,0.22633003035790267,0.9740393628625299,1.7024979062292793,0.01,1.0,,,
4060,3.91943359375,0.0,3.91943359375,9.791666666666666e-05,5.8749999999999985e-05,31775.707421037358,2.129133568,0.24017637908308437,0.9707933810605647,0.6065698419300494,0.01,1.0,,,
3120,3.95166015625,0.0,3.95166015625,0.00019583333333333337,0.00011750000000000001,831742.2331100728,1.636302848,0.22151326197948767,0.9751810246028256,1.6885301707476774,0.01,1.0,,,
4070,4.0849609375,0.0,4.0849609375,9.6875e-05,5.812499999999999e-05,31776.292558191744,2.134376448,0.2940656013517109,0.714640004799693,0.5982117593283893,0.01,1.0,,,
3130,3.8583984375,0.0,3.8583984375,0.00019479166666666665,0.00011687499999999997,770685.2388361725,1.641545728,0.3188089932328861,0.9476859956313372,1.6745984185342488,0.01,1.0,,,
4080,3.830078125,0.0,3.830078125,9.583333333333332e-05,5.749999999999999e-05,31776.765451866424,2.139619328,0.15085938515487654,0.9885758707353249,0.58993270389886,0.01,1.0,,,
3140,3.6357421875,0.0,3.6357421875,0.00019375,0.00011624999999999998,718221.0248604004,1.646788608,0.3657150477641117,0.9299971143952,1.660703199590714,0.01,1.0,,,
4090,3.59326171875,0.0,3.59326171875,9.479166666666666e-05,5.687499999999999e-05,31777.07574333729,2.144862208,0.25647563534919005,0.744079788157324,0.5817330024843943,0.01,1.0,,,
3150,3.82568359375,0.0,3.82568359375,0.0001927083333333333,0.00011562499999999998,672638.9564041971,1.652031488,0.3084970931091556,0.9506596495269334,1.646845062476526,0.01,1.0,,,
4100,3.6201171875,0.0,3.6201171875,9.375e-05,5.625e-05,31777.59764552191,2.150105088,0.283945433240556,0.7361144107495237,0.5736129787951638,0.01,1.0,,,
3160,3.90771484375,0.0,3.90771484375,0.00019166666666666665,0.00011499999999999998,632385.6997653979,1.657274368,0.41530812725649774,0.885672386639391,1.6330245542872097,0.01,1.0,,,
4110,3.6533203125,0.0,3.6533203125,9.270833333333334e-05,5.5625e-05,31778.21241181941,2.155347968,0.21616335956357785,0.47857956552996234,0.5655729533958007,0.01,1.0,,,
3170,3.58642578125,0.0,3.58642578125,0.00019062499999999998,0.00011437499999999999,597268.3585882764,1.662517248,0.3500791951537568,0.7953582598517955,1.6192422206327626,0.01,1.0,,,
4120,3.662109375,0.0,3.662109375,9.166666666666668e-05,5.5e-05,31778.436080057203,2.160590848,0.21870660615584728,0.9602823856164056,0.5576132436927393,0.01,1.0,,,
3180,2.81103515625,0.0,2.81103515625,0.00018958333333333332,0.00011374999999999999,565771.68712199,1.667760128,0.5186152337192307,0.8543113441157865,1.6054986056161187,0.01,1.0,,,
4130,3.51220703125,0.0,3.51220703125,9.062500000000001e-05,5.4375e-05,31779.068744421504,2.165833728,0.237954665283746,0.4611264506044298,0.5497341639216914,0.01,1.0,,,
3190,4.4931640625,0.0,4.4931640625,0.00018854166666666666,0.00011312499999999999,537753.2165688701,1.673003008,0.3913321003079927,0.9200804039025038,1.591794251811665,0.01,1.0,,,
4140,3.466796875,0.0,3.466796875,8.958333333333335e-05,5.3750000000000005e-05,31779.129122671387,2.171076608,0.32003884657752785,0.645436174308735,0.541936025135235,0.01,1.0,,,
3200,3.89111328125,0.0,3.89111328125,0.0001875,0.0001125,512403.3632223848,1.678245888,0.33257684525797,0.7899850779377151,1.5781297002438255,0.01,1.0,,,
4150,4.02490234375,0.0,4.02490234375,8.854166666666669e-05,5.3125000000000004e-05,31779.673462822804,2.176319488,0.3761730813019235,0.9266224221545166,0.5342191351905355,0.01,1.0,,,
3210,4.05126953125,0.0,4.05126953125,0.00018645833333333334,0.000111875,489532.6165304036,1.683488768,0.25884680960024836,0.9662098389948208,1.564505490365698,0.01,1.0,,,
4160,4.025390625,0.0,4.025390625,8.750000000000003e-05,5.250000000000001e-05,31780.303522052964,2.181562368,0.23716487465268427,0.9716367156259077,0.5265837987371953,0.01,1.0,,,
3220,3.9150390625,0.0,3.9150390625,0.00018541666666666668,0.00011125,468801.6286807492,1.688731648,0.31111317764649066,0.9504906283954664,1.5509221600377616,0.01,1.0,,,
4170,3.5244140625,0.0,3.5244140625,8.645833333333337e-05,5.1875000000000014e-05,31780.875891895525,2.186805248,0.3019861835298022,0.6620164405731911,0.519030317205224,0.01,1.0,,,
3230,4.40185546875,0.0,4.40185546875,0.00018437500000000002,0.00011062499999999999,449825.69223987503,1.693974528,0.3810689326335182,0.9247383926756857,1.5373802455066368,0.01,1.0,,,
4180,3.27099609375,0.0,3.27099609375,8.541666666666664e-05,5.124999999999998e-05,31781.264465208504,2.192048128,0.3223895827504832,0.8912197349893526,0.5115589887931383,0.01,1.0,,,
3240,3.6826171875,0.0,3.6826171875,0.00018333333333333336,0.00011,432543.06843055866,1.699217408,0.47050829460924465,0.8833082307080519,1.523880281383923,0.01,1.0,,,
4190,3.27197265625,0.0,3.27197265625,8.437499999999998e-05,5.0624999999999984e-05,31781.55396102626,2.197291008,0.26801530225201586,0.5882545641518843,0.5041701084561916,0.01,1.0,,,
3250,3.7587890625,0.0,3.7587890625,0.0001822916666666667,0.000109375,416618.0181070237,1.704460288,0.5263325118725838,0.8502502491220945,1.5104228006250877,0.01,1.0,,,
4200,3.46533203125,0.0,3.46533203125,8.333333333333332e-05,4.999999999999998e-05,31781.726899324516,2.202533888,0.21800900933799308,0.9759434535654042,0.4968639678947274,0.01,1.0,,,
3260,4.169921875,0.0,4.169921875,0.00018125000000000001,0.00010875,401874.3701930732,1.709703168,0.36121862733642973,0.9319883710331439,1.497008334508429,0.01,1.0,,,
4210,3.94873046875,0.0,3.94873046875,8.229166666666666e-05,4.937499999999999e-05,31782.412385752563,2.207776768,0.2735843020771364,0.9616668871461931,0.48964085554266534,0.01,1.0,,,
3270,3.97314453125,0.0,3.97314453125,0.00018020833333333335,0.00010812500000000001,388235.5666893596,1.714946048,0.31682902906135224,0.7963802752031193,1.4836374126140999,0.01,1.0,,,
4220,4.455078125,0.0,4.455078125,8.125e-05,4.874999999999999e-05,31782.418298604018,2.213019648,0.4000827759804304,0.7964051568767799,0.4825010565561124,0.01,1.0,,,
3280,3.7626953125,0.0,3.7626953125,0.00017916666666666664,0.00010749999999999997,375567.189035299,1.720188928,0.2995347312424382,0.7158476193126206,1.4703105628032025,0.01,1.0,,,
4230,3.85107421875,0.0,3.85107421875,8.020833333333332e-05,4.812499999999999e-05,31782.907102545352,2.218262528,0.3170642090117025,0.5307348040859463,0.47544485280210713,0.01,1.0,,,
3290,3.91015625,0.0,3.91015625,0.00017812499999999998,0.00010687499999999998,363783.77288966335,1.725431808,0.2915204730453164,0.754629725711027,1.4570283111969466,0.01,1.0,,,
4240,3.693359375,0.0,3.693359375,7.916666666666666e-05,4.7499999999999996e-05,31783.092034146972,2.223505408,0.34252140222110977,0.939441746515864,0.46847252284749324,0.01,1.0,,,
3300,3.95263671875,0.0,3.95263671875,0.00017708333333333332,0.00010624999999999998,352690.5968055153,1.730674688,0.23916028749990156,0.46661921402590856,1.4437911821558829,0.01,1.0,,,
4250,3.51708984375,0.0,3.51708984375,7.8125e-05,4.6874999999999994e-05,31783.46298583133,2.228748288,0.3109571887858609,0.652281053296187,0.4615843419479173,0.01,1.0,,,
3310,4.27880859375,0.0,4.27880859375,0.00017604166666666666,0.00010562499999999998,342404.1531967247,1.735917568,0.20774978935605373,0.9780502191801309,1.4305996982592029,0.01,1.0,,,
4260,3.99169921875,0.0,3.99169921875,7.708333333333334e-05,4.625e-05,31783.94641072463,2.233991168,0.31354115803890775,0.7929077510416591,0.4547805820369669,0.01,1.0,,,
3320,3.732421875,0.0,3.732421875,0.000175,0.00010499999999999999,332707.74444772955,1.741160448,0.31339544021079935,0.6780573577153982,1.4174543802841004,0.01,1.0,,,
4270,3.58349609375,0.0,3.58349609375,7.604166666666668e-05,4.5625e-05,31784.0048156395,2.239234048,0.21483001884600705,0.9766157634770463,0.4480615117154344,0.01,1.0,,,
3330,3.8056640625,0.0,3.8056640625,0.00017395833333333334,0.00010437499999999999,323525.5336119352,1.746403328,0.2568262522093103,0.7701029597563384,1.404355747185222,0.01,1.0,,,
4280,3.7060546875,0.0,3.7060546875,7.500000000000001e-05,4.5e-05,31784.787885740723,2.244476928,0.3007910851099944,0.8379963752249251,0.4414273962407094,0.01,1.0,,,
3340,3.97119140625,0.0,3.97119140625,0.00017291666666666668,0.00010374999999999999,314993.74903385463,1.751646208,0.36568342818073907,0.7891392594591459,1.391304316074174,0.01,1.0,,,
4290,3.18603515625,0.0,3.18603515625,7.395833333333335e-05,4.437500000000001e-05,31785.250417951545,2.249719808,0.31543223623305655,0.9291502233712965,0.4348784975163132,0.01,1.0,,,
3350,3.890625,0.0,3.890625,0.000171875,0.00010312499999999999,306939.79671404575,1.756889088,0.35296165938183494,0.7114062510909798,1.3783006021991087,0.01,1.0,,,
4300,3.64111328125,0.0,3.64111328125,7.291666666666669e-05,4.3750000000000006e-05,31785.414039739266,2.254962688,0.24857790357939144,0.4240830595500957,0.42841507408155355,0.01,1.0,,,
3360,3.98046875,0.0,3.98046875,0.00017083333333333333,0.0001025,299341.7554443308,1.762131968,0.32855816811145977,0.9448405426150427,1.3653451189243841,0.01,1.0,,,
4310,3.55859375,0.0,3.55859375,7.187500000000003e-05,4.312500000000001e-05,31786.307476199956,2.260205568,0.3129434188085871,0.7360560420520922,0.4220373811013195,0.01,1.0,,,
3370,3.81396484375,0.0,3.81396484375,0.00016979166666666667,0.000101875,292094.028880081,1.767374848,0.339347747590984,0.8944818038133056,1.352438377710297,0.01,1.0,,,
4320,3.498046875,0.0,3.498046875,7.083333333333337e-05,4.250000000000001e-05,31786.42902549777,2.265448448,0.3226351772832478,0.6787888767861479,0.4157456703560104,0.01,1.0,,,
3380,3.6904296875,0.0,3.6904296875,0.00016875,0.00010125,285287.01063696994,1.772617728,0.334944559525013,0.8305969983781379,1.3395808880928908,0.01,1.0,,,
4330,4.21484375,0.0,4.21484375,6.979166666666664e-05,4.187499999999998e-05,31786.991169256584,2.270691328,0.27629705628593443,0.5731873423931637,0.4095401902315934,0.01,1.0,,,
3390,4.23779296875,0.0,4.23779296875,0.00016770833333333335,0.000100625,278827.1343772712,1.777860608,0.30138412671707104,0.7765815940209072,1.3267731576638386,0.01,1.0,,,
4340,3.8642578125,0.0,3.8642578125,6.874999999999998e-05,4.1249999999999986e-05,31787.342818004356,2.275934208,0.2281224255304801,0.5428220389624268,0.4034211857097979,0.01,1.0,,,
3400,3.46630859375,0.0,3.46630859375,0.0001666666666666667,0.0001,272672.5315290367,1.783103488,0.3304229909960855,0.5430297329945691,1.3140156920504085,0.01,1.0,,,
4350,3.806640625,0.0,3.806640625,6.770833333333332e-05,4.0624999999999985e-05,31787.53272747709,2.281177088,0.19257803060063425,0.9813066682992088,0.39738889835844526,0.01,1.0,,,
3410,3.77880859375,0.0,3.77880859375,0.00016562500000000003,9.9375e-05,266810.4254056453,1.788346368,0.3975741771468242,0.9177337615197811,1.3013089948954981,0.01,1.0,,,
4360,4.6220703125,0.0,4.6220703125,6.666666666666666e-05,3.999999999999999e-05,31788.122364939474,2.286419968,0.23451519105188415,0.9722941375762317,0.39144356632191113,0.01,1.0,,,
3420,3.6806640625,0.0,3.6806640625,0.00016458333333333337,9.875e-05,261223.83541702956,1.793589248,0.35249218493013595,0.7816939042004842,1.2886535678377542,0.01,1.0,,,
4370,3.63623046875,0.0,3.63623046875,6.5625e-05,3.937499999999999e-05,31788.31630503692,2.291662848,0.24209112933737942,0.5275449888109813,0.3855854243117248,0.01,1.0,,,
3430,3.86328125,0.0,3.86328125,0.00016354166666666665,9.812499999999997e-05,255947.5012404359,1.798832128,0.27320741504307344,0.646160714412105,1.2760499104917675,0.01,1.0,,,
4380,4.11181640625,0.0,4.11181640625,6.458333333333332e-05,3.874999999999999e-05,31788.908540365905,2.296905728,0.3178448003504472,0.7911964300740144,0.37981470359730096,0.01,1.0,,,
3440,3.61767578125,0.0,3.61767578125,0.0001625,9.749999999999998e-05,250860.71739088703,1.804075008,0.3533689768800026,0.8047430428421318,1.2634985204283486,0.01,1.0,,,
4390,3.6318359375,0.0,3.6318359375,6.354166666666666e-05,3.812499999999999e-05,31789.335904916345,2.302148608,0.25432737291450275,0.46933099660112526,0.3741316319968127,0.01,1.0,,,
3450,3.7412109375,0.0,3.7412109375,0.0001614583333333333,9.687499999999998e-05,246012.54469659497,1.809317888,0.33057377254602494,0.6112396157714808,1.2509998931548871,0.01,1.0,,,
4400,3.517578125,0.0,3.517578125,6.25e-05,3.75e-05,31789.749833194328,2.307391488,0.29602446198971705,0.5159680961310019,0.3685364338681968,0.01,1.0,,,
3460,3.56982421875,0.0,3.56982421875,0.00016041666666666664,9.624999999999998e-05,241384.93275429512,1.814560768,0.45525594187484647,0.8909326619343639,1.238554522095784,0.01,1.0,,,
4410,3.80224609375,0.0,3.80224609375,6.145833333333334e-05,3.6875e-05,31790.176578630555,2.312634368,0.19421316648395048,0.7075838826365163,0.3630293301002937,0.01,1.0,,,
3470,3.8974609375,0.0,3.8974609375,0.00015937499999999998,9.562499999999998e-05,236903.75201893316,1.819803648,0.29680167394880935,0.7653034664463999,1.2261628985729816,0.01,1.0,,,
4420,3.53955078125,0.0,3.53955078125,6.0416666666666674e-05,3.625e-05,31790.63132226789,2.317877248,0.2341193416557026,0.46802981053431203,0.3576105381041311,0.01,1.0,,,
3480,3.4892578125,0.0,3.4892578125,0.00015833333333333332,9.499999999999999e-05,232654.47145058907,1.825046528,0.2849099124336367,0.9585591667388279,1.2138255117865582,0.01,1.0,,,
4430,3.75439453125,0.0,3.75439453125,5.9375000000000013e-05,3.5625000000000005e-05,31791.227255707377,2.323120128,0.19595733825654804,0.46144669464567617,0.3522802718043385,0.01,1.0,,,
3490,3.66015625,0.0,3.66015625,0.00015729166666666666,9.437499999999999e-05,228560.22017073003,1.830289408,0.2857911005817824,0.6092099055859609,1.2015428487954178,0.01,1.0,,,
4440,3.56884765625,0.0,3.56884765625,5.8333333333333346e-05,3.5000000000000004e-05,31791.585267533526,2.328363008,0.2732066427885031,0.68549835808101,0.34703874163070225,0.01,1.0,,,
3500,4.21240234375,0.0,4.21240234375,0.00015625,9.374999999999999e-05,224650.48584405374,1.835532288,0.43933915741754326,0.8984109130589929,1.1893153944980648,0.01,1.0,,,
3500,,,,,,,,,,,,,5.564903846153846,5.564903846153846,8.610576923076923
4450,3.55029296875,0.0,3.55029296875,5.7291666666666686e-05,3.437500000000001e-05,31792.024281723032,2.333605888,0.3917458343751624,0.9156130197630703,0.34188615450985893,0.01,1.0,,,
3510,3.828125,0.0,3.828125,0.00015520833333333334,9.3125e-05,220801.72721106297,1.840775168,0.28706287471421393,0.957778914809958,1.1771436316134578,0.01,1.0,,,
4460,3.57568359375,0.0,3.57568359375,5.6250000000000026e-05,3.375000000000001e-05,31792.370603961022,2.338848768,0.25889838222309597,0.5271388486632866,0.33682271385712514,0.01,1.0,,,
3520,3.7861328125,0.0,3.7861328125,0.00015416666666666668,9.25e-05,217141.08992858356,1.846018048,0.3202412986899849,0.7311013455505478,1.1650280406619544,0.01,1.0,,,
4470,3.6494140625,0.0,3.6494140625,5.520833333333336e-05,3.312500000000001e-05,31793.01792780796,2.344091648,0.29808599214032555,0.6496918316354523,0.33184861956846873,0.01,1.0,,,
3530,4.2001953125,0.0,4.2001953125,0.00015312500000000002,9.1875e-05,213663.51389879626,1.851260928,0.17044025877108263,0.985336010278422,1.1529690999463404,0.01,1.0,,,
4480,3.904296875,0.0,3.904296875,5.4166666666666644e-05,3.2499999999999984e-05,31793.394533175226,2.349334528,0.2317510660608402,0.972796839447814,0.32696406801261385,0.01,1.0,,,
3540,3.92138671875,0.0,3.92138671875,0.00015208333333333336,9.125e-05,210305.65165640076,1.856503808,0.5343903957353022,0.7084045964483918,1.1409672855329467,0.01,1.0,,,
4490,3.619140625,0.0,3.619140625,5.312499999999998e-05,3.187499999999998e-05,31780.155719298138,2.354577408,0.2787425804015363,0.4395084557609733,0.3221692520232932,0.01,1.0,,,
3550,3.7783203125,0.0,3.7783203125,0.0001510416666666667,9.062500000000001e-05,207080.69984528024,1.861746688,0.15962423542277984,0.9872291879508897,1.1290230712328568,0.01,1.0,,,
4500,4.1005859375,0.0,4.1005859375,5.2083333333333316e-05,3.124999999999999e-05,31780.86102005416,2.359820288,0.3839764284754219,0.6677466496901282,0.31746436089163155,0.01,1.0,,,
4500,,,,,,,,,,,,,5.550480769230769,5.550480769230769,9.490384615384615
3560,3.8681640625,0.0,3.8681640625,0.00015000000000000001,9e-05,203951.10428865894,1.866989568,0.2651041202991842,0.6545851949606148,1.1171369285831978,0.01,1.0,,,
4510,3.79638671875,0.0,3.79638671875,5.1041666666666656e-05,3.0624999999999985e-05,31779.815739245183,2.365063168,0.2914827262130429,0.46722130915197313,0.312849580358675,0.01,1.0,,,
3570,3.59814453125,0.0,3.59814453125,0.00014895833333333335,8.9375e-05,200936.1515804218,1.872232448,0.16295221647661065,0.986625757479411,1.1053093268285294,0.01,1.0,,,
4520,3.8828125,0.0,3.8828125,4.999999999999999e-05,2.999999999999999e-05,31780.3957202366,2.370306048,0.2989251560014821,0.5312380428143703,0.3083250926080569,0.01,1.0,,,
3580,3.908203125,0.0,3.908203125,0.00014791666666666664,8.874999999999998e-05,198031.90784893263,1.877475328,0.4376871087513084,0.8996213331496494,1.0935407329023192,0.01,1.0,,,
4530,3.1796875,0.0,3.1796875,4.895833333333333e-05,2.9374999999999992e-05,31780.79062260373,2.375548928,0.2030786788383957,0.979039059333453,0.3038910762588067,0.01,1.0,,,
3590,3.99609375,0.0,3.99609375,0.00014687499999999998,8.812499999999997e-05,195222.43773457626,1.882718208,0.44330001637252353,0.8956438825994744,1.0818316114085014,0.01,1.0,,,
4540,3.748046875,0.0,3.748046875,4.791666666666666e-05,2.8749999999999994e-05,31781.356379242756,2.380791808,0.21054801769133946,0.3673810806215652,0.29954770635829797,0.01,1.0,,,
3600,3.88134765625,0.0,3.88134765625,0.00014583333333333332,8.749999999999999e-05,192510.4554332004,1.887961088,0.30998293637555197,0.6156644887136961,1.0701824246031446,0.01,1.0,,,
4550,3.67138671875,0.0,3.67138671875,4.6875e-05,2.8125e-05,31781.62520700052,2.386034688,0.3241733141359153,0.9459236599766715,0.29529515437533665,0.01,1.0,,,
3610,3.953125,0.0,3.953125,0.00014479166666666666,8.687499999999998e-05,189873.78950919563,1.893203968,0.3576565702466871,0.9335645647730517,1.0585936323761982,0.01,1.0,,,
4560,3.5458984375,0.0,3.5458984375,4.583333333333334e-05,2.75e-05,31780.925432264794,2.391277568,0.30116907047644437,0.9533661028750707,0.29113358819339374,0.01,1.0,,,
3620,3.533203125,0.0,3.533203125,0.00014375,8.624999999999998e-05,187318.85773589124,1.898446848,0.2836576384836553,0.9587896211655532,1.0470656922333343,0.01,1.0,,,
4570,3.57177734375,0.0,3.57177734375,4.4791666666666673e-05,2.6875000000000003e-05,31781.558299242355,2.396520448,0.26513633080712623,0.585158692726747,0.2870631721039767,0.01,1.0,,,
3630,3.61376953125,0.0,3.61376953125,0.00014270833333333334,8.5625e-05,184828.32442953563,1.903689728,0.2853814785953599,0.7007893709301772,1.0355990592778905,0.01,1.0,,,
4580,3.31787109375,0.0,3.31787109375,4.375000000000001e-05,2.6250000000000004e-05,31769.298720585546,2.401763328,0.26064121819917346,0.9653757218094874,0.2830840668001427,0.01,1.0,,,
3640,3.86669921875,0.0,3.86669921875,0.00014166666666666668,8.499999999999999e-05,182443.28168822886,1.908932608,0.2826093055838746,0.9594136234862575,1.024194186192905,0.01,1.0,,,
4590,3.8486328125,0.0,3.8486328125,4.2708333333333346e-05,2.5625000000000006e-05,31769.611991601327,2.407006208,0.2004079545173255,0.6320304124582425,0.279196429370156,0.01,1.0,,,
3650,3.82666015625,0.0,3.82666015625,0.00014062500000000002,8.437499999999999e-05,180132.43365583257,1.914175488,0.40374335749198087,0.7180996634495478,1.0128515232232358,0.01,1.0,,,
4600,4.10693359375,0.0,4.10693359375,4.1666666666666686e-05,2.5000000000000008e-05,31770.261164841224,2.412249088,0.3244139018515961,0.945976821839787,0.2754004132912857,0.01,1.0,,,
3660,3.8837890625,0.0,3.8837890625,0.00013958333333333333,8.374999999999999e-05,177895.1201106719,1.919418368,0.2901822679858353,0.9567094048096098,1.0015715181577962,0.01,1.0,,,
4610,3.52734375,0.0,3.52734375,4.0625000000000025e-05,2.437500000000001e-05,31770.472862589457,2.417491968,0.24669587383734856,0.7111111276948159,0.2716961684237461,0.01,1.0,,,
3670,4.4267578125,0.0,4.4267578125,0.00013854166666666667,8.3125e-05,175691.1572125586,1.924661248,0.27618242630681245,0.9610745879474173,0.9903546163118719,0.01,1.0,,,
4620,3.73291015625,0.0,3.73291015625,3.958333333333336e-05,2.3750000000000015e-05,31771.16200060586,2.422734848,0.16724206419277107,0.985885402117445,0.26808384100478244,0.01,1.0,,,
3680,3.52099609375,0.0,3.52099609375,0.0001375,8.25e-05,173596.44981469223,1.929904128,0.387043784602227,0.8552078235988343,0.9792012605095413,0.01,1.0,,,
4630,3.666015625,0.0,3.666015625,3.8541666666666644e-05,2.3124999999999983e-05,31771.673404052228,2.427977728,0.24595114272690988,0.34178003418683434,0.26456357364289634,0.01,1.0,,,
3690,3.55908203125,0.0,3.55908203125,0.00013645833333333335,8.1875e-05,171553.64865816725,1.935147008,0.2567377821331519,0.913056769586636,0.9681118910661939,0.01,1.0,,,
4640,3.59033203125,0.0,3.59033203125,3.7499999999999976e-05,2.2499999999999984e-05,31771.941158663318,2.433220608,0.287021193656122,0.7008984580235507,0.2611355053122149,0.01,1.0,,,
3700,3.677734375,0.0,3.677734375,0.0001354166666666667,8.125000000000001e-05,169566.74815547533,1.940389888,0.2112287299933546,0.9773806760403921,0.9570869457711471,0.01,1.0,,,
4650,3.74658203125,0.0,3.74658203125,3.6458333333333316e-05,2.1874999999999986e-05,31772.297629235545,2.438463488,0.20119003320582676,0.41638132620437596,0.25779977134700643,0.01,1.0,,,
3710,3.80029296875,0.0,3.80029296875,0.00013437500000000003,8.062500000000001e-05,167638.32939310427,1.945632768,0.3697154150247515,0.6949862157148221,0.9461268598703643,0.01,1.0,,,
4660,3.65576171875,0.0,3.65576171875,3.5416666666666656e-05,2.1249999999999988e-05,31772.622822485322,2.443706368,0.2140847855391648,0.79418387936406,0.2545565034363357,0.01,1.0,,,
3720,3.64013671875,0.0,3.64013671875,0.00013333333333333337,8e-05,165760.11751700548,1.950875648,0.10045326702142834,0.9949982567810565,0.9352320660492683,0.01,1.0,,,
4670,3.5595703125,0.0,3.5595703125,3.437499999999999e-05,2.0624999999999993e-05,31773.14295968944,2.448949248,0.21979770360423315,0.5353143486034768,0.25140582961886704,0.01,1.0,,,
3730,3.79248046875,0.0,3.79248046875,0.00013229166666666665,7.937499999999998e-05,163925.65294547568,1.956118528,0.33228162345758505,0.7395699753853361,0.924402994415666,0.01,1.0,,,
4680,3.60205078125,0.0,3.60205078125,3.333333333333333e-05,1.9999999999999995e-05,31773.374737693663,2.454192128,0.22312983141886375,0.39125247804808017,0.24834787427780755,0.01,1.0,,,
3740,2.8427734375,0.0,2.8427734375,0.00013125,7.874999999999998e-05,162118.02043517455,1.961361408,0.39981158159645663,0.9171807348984982,0.9136400724827622,0.01,1.0,,,
4690,3.60009765625,0.0,3.60009765625,3.229166666666666e-05,1.9374999999999997e-05,31774.002787755344,2.459435008,0.2062868464702951,0.37639097790868825,0.2453827581359982,0.01,1.0,,,
3750,3.32861328125,0.0,3.32861328125,0.0001302083333333333,7.812499999999999e-05,160384.51057180724,1.966604288,0.35932314660738185,0.9215895746551735,0.902943725152286,0.01,1.0,,,
4700,3.533203125,0.0,3.533203125,3.125e-05,1.875e-05,31774.42620580246,2.464677888,0.298307033701354,0.47050434031116845,0.24251059825114735,0.01,1.0,,,
3760,3.5966796875,0.0,3.5966796875,0.00012916666666666664,7.749999999999999e-05,158702.94276037495,1.971847168,0.30809326019013966,0.9175640643917798,0.8923143746977151,0.01,1.0,,,
4710,3.34130859375,0.0,3.34130859375,3.0208333333333337e-05,1.8125e-05,31774.97318518676,2.469920768,0.2644686343292739,0.4473731481284997,0.23973150801120893,0.01,1.0,,,
3770,3.80224609375,0.0,3.80224609375,0.00012812499999999998,7.687499999999998e-05,157067.72185109122,1.977090048,0.3730370030963292,0.6442467310945927,0.8817524407476052,0.01,1.0,,,
4720,3.72607421875,0.0,3.72607421875,2.9166666666666673e-05,1.7500000000000002e-05,31775.33416202401,2.475163648,0.25961005911703816,0.5793996552413071,0.23704559712990694,0.01,1.0,,,
3780,3.95361328125,0.0,3.95361328125,0.00012708333333333332,7.624999999999998e-05,155462.88995101672,1.982332928,0.2354791523062463,0.9719138311209111,0.8712583402690242,0.01,1.0,,,
4730,3.46484375,0.0,3.46484375,2.8125000000000013e-05,1.6875000000000004e-05,31775.604023628002,2.480406528,0.23731124114526525,0.47554006378976665,0.2344529716424047,0.01,1.0,,,
3790,3.6669921875,0.0,3.6669921875,0.00012604166666666666,7.5625e-05,153916.9688917396,1.987575808,0.30402497373117465,0.4940607406839652,0.860832487551088,0.01,1.0,,,
4740,3.9853515625,0.0,3.9853515625,2.708333333333335e-05,1.625000000000001e-05,31776.107029213003,2.485649408,0.2800086456341842,0.9601072354934155,0.23195373390111673,0.01,1.0,,,
3800,3.80908203125,0.0,3.80908203125,0.000125,7.5e-05,152386.50156312576,1.992818688,0.35290428601545276,0.8767699723075988,0.850475294188612,0.01,1.0,,,
4750,3.9052734375,0.0,3.9052734375,2.6041666666666685e-05,1.562500000000001e-05,31776.652198068427,2.490892288,0.27358399093321956,0.9602151682923079,0.22954798257166964,0.01,1.0,,,
3810,3.7587890625,0.0,3.7587890625,0.00012395833333333334,7.437499999999999e-05,150909.25960744199,1.998061568,0.34903910687792555,0.8449672353702476,0.8401871690658564,0.01,1.0,,,
4760,3.5966796875,0.0,3.5966796875,2.500000000000002e-05,1.5000000000000012e-05,31777.117109885516,2.496135168,0.2731749073948374,0.5071958566971619,0.22723581262900652,0.01,1.0,,,
3820,3.67333984375,0.0,3.67333984375,0.00012291666666666668,7.375e-05,149472.565438921,2.003304448,0.238942148948578,0.5764324489026065,0.8299685183403829,0.01,1.0,,,
4770,3.384765625,0.0,3.384765625,2.395833333333336e-05,1.4375000000000014e-05,31777.684265552933,2.501378048,0.30165970345856347,0.411590497808982,0.22501731535363778,0.01,1.0,,,
3830,3.75830078125,0.0,3.75830078125,0.00012187500000000001,7.3125e-05,148058.58018456135,2.008547328,0.3168570312501125,0.7414097553898582,0.8198197454270262,0.01,1.0,,,
4780,3.830078125,0.0,3.830078125,2.291666666666664e-05,1.3749999999999984e-05,31778.020775669178,2.506620928,0.2560663499429631,0.9668464335928882,0.22289257832803716,0.01,1.0,,,
3840,3.9453125,0.0,3.9453125,0.00012083333333333335,7.25e-05,146675.86480509324,2.013790208,0.20946185414179036,0.9776312105304633,0.809741250981963,0.01,1.0,,,
4790,3.638671875,0.0,3.638671875,2.187499999999998e-05,1.3124999999999985e-05,31778.38176572809,2.511863808,0.26981483997749034,0.48261009981050473,0.22086168543318419,0.01,1.0,,,
3850,3.857421875,0.0,3.857421875,0.00011979166666666669,7.1875e-05,145332.827510696,2.019033088,0.3161784128979862,0.8179710123653743,0.799733432886897,0.01,1.0,,,
4800,3.763671875,0.0,3.763671875,2.0833333333333316e-05,1.2499999999999987e-05,31778.870056752512,2.517106688,0.3197603372409955,0.8322022756408857,0.2189247168452534,0.01,1.0,,,
3860,3.7158203125,0.0,3.7158203125,0.00011875000000000003,7.125000000000001e-05,144007.379980838,2.024275968,0.34678077813971375,0.7328984954933476,0.7897966862333508,0.01,1.0,,,
4810,3.5849609375,0.0,3.5849609375,1.9791666666666652e-05,1.187499999999999e-05,31779.329542988784,2.522349568,0.2141567419525213,0.4476484246647464,0.2170817490324474,0.01,1.0,,,
3870,3.53662109375,0.0,3.53662109375,0.00011770833333333337,7.062500000000001e-05,142729.9627429292,2.029518848,0.2699733996760541,0.5131541145636814,0.7799314033070675,0.01,1.0,,,
4820,3.78271484375,0.0,3.78271484375,1.8749999999999988e-05,1.1249999999999992e-05,31779.772060507443,2.527592448,0.21385362786238674,0.3643657002642076,0.21533285475197986,0.01,1.0,,,
3880,3.38427734375,0.0,3.38427734375,0.00011666666666666664,6.999999999999998e-05,141478.94595538007,2.034761728,0.32272700755146727,0.38691121882279395,0.7701379735725256,0.01,1.0,,,
4830,3.32275390625,0.0,3.32275390625,1.7708333333333328e-05,1.0624999999999994e-05,31780.303348093385,2.532835328,0.3165084560361788,0.5724626835812022,0.21367810304720258,0.01,1.0,,,
3890,4.06640625,0.0,4.06640625,0.00011562499999999998,6.937499999999998e-05,140256.27695229326,2.040004608,0.24918065001946874,0.7101177607916191,0.7604167836575606,0.01,1.0,,,
4840,3.5380859375,0.0,3.5380859375,1.6666666666666664e-05,9.999999999999997e-06,31780.475412575182,2.538078208,0.23833739628697276,0.42973852569723886,0.2121175592448796,0.01,1.0,,,
3900,3.80615234375,0.0,3.80615234375,0.00011458333333333332,6.874999999999998e-05,139057.94896805918,2.045247488,0.22439906220403716,0.6183055690590799,0.7507682173381056,0.01,1.0,,,
4850,3.4677734375,0.0,3.4677734375,1.5625e-05,9.375e-06,31780.788479978393,2.543321088,0.2039050055895846,0.7132963481509249,0.21065128495260801,0.01,1.0,,,
3910,3.4873046875,0.0,3.4873046875,0.00011354166666666666,6.812499999999999e-05,137884.83432210804,2.050490368,0.28169263794360844,0.9594569313365124,0.741192655523039,0.01,1.0,,,
4860,4.576171875,0.0,4.576171875,1.4583333333333337e-05,8.750000000000001e-06,31768.943081167577,2.548563968,0.20865057511544305,0.9778647041778376,0.20927933805638627,0.01,1.0,,,
3920,3.76953125,0.0,3.76953125,0.0001125,6.749999999999999e-05,136740.33167273155,2.055733248,0.33121815778881236,0.5429130522136552,0.7316904762391441,0.01,1.0,,,
4870,4.07080078125,0.0,4.07080078125,1.3541666666666675e-05,8.125000000000004e-06,31769.274426152362,2.553806848,0.28657106239103425,0.7057358410585002,0.20800177271832831,0.01,1.0,,,
3930,3.5732421875,0.0,3.5732421875,0.00011145833333333332,6.687499999999999e-05,135613.4704792805,2.060976128,0.2316894445056045,0.5362461519264515,0.7222620546161886,0.01,1.0,,,
4880,4.1162109375,0.0,4.1162109375,1.250000000000001e-05,7.500000000000006e-06,31769.35920753974,2.559049728,0.26538716169979054,0.9644155489931725,0.20681863937452657,0.01,1.0,,,
3940,3.77587890625,0.0,3.77587890625,0.00011041666666666666,6.625e-05,134521.26212627976,2.066219008,0.1879207238328446,0.35554710828753916,0.7129077628721154,0.01,1.0,,,
4890,2.67724609375,0.0,2.67724609375,1.1458333333333349e-05,6.875000000000008e-06,31768.39481833935,2.564292608,0.3840453311696438,0.9234179862588112,0.20572998473305948,0.01,1.0,,,
3950,3.29736328125,0.0,3.29736328125,0.000109375,6.5625e-05,133447.11141848823,2.071461888,0.2788724060885932,0.5215444391643447,0.703627970298343,0.01,1.0,,,
3960,3.8056640625,0.0,3.8056640625,0.00010833333333333334,6.5e-05,132393.8724723669,2.076704768,0.24479480721325814,0.9694219118764482,0.694423043245195,0.01,1.0,,,
4900,2.85400390625,0.0,2.85400390625,1.0416666666666685e-05,6.2500000000000105e-06,31768.089600883453,2.569535488,0.6733392656863055,0.7404879453449679,0.20473585177214826,0.01,1.0,,,
4910,3.67919921875,0.0,3.67919921875,9.375000000000023e-06,5.625000000000013e-06,31768.805990054476,2.574778368,0.27852230390116683,0.6043735273182691,0.20383627973845997,0.01,1.0,,,
3970,3.56884765625,0.0,3.56884765625,0.00010729166666666668,6.437499999999999e-05,131333.99688613083,2.081947648,0.4100708518814108,0.4767650396269521,0.6852933451074299,0.01,1.0,,,
4920,3.6826171875,0.0,3.6826171875,8.333333333333359e-06,5.000000000000015e-06,31769.337208847683,2.580021248,0.2936630235442789,0.9557063909676674,0.2030313041455581,0.01,1.0,,,
3980,3.755859375,0.0,3.755859375,0.00010625000000000001,6.375e-05,130325.24092805719,2.087190528,0.3189166509810541,0.7378646320286423,0.6762392363098966,0.01,1.0,,,
3990,3.59521484375,0.0,3.59521484375,0.00010520833333333335,6.3125e-05,129332.78800225107,2.092433408,0.22672583487150913,0.9738477786144427,0.6672610742933074,0.01,1.0,,,
4930,3.447265625,0.0,3.447265625,7.291666666666641e-06,4.374999999999984e-06,31769.1363513067,2.585264128,0.4601898028660507,0.8872746302937987,0.20232095677250073,0.01,1.0,,,
4000,3.5322265625,0.0,3.5322265625,0.00010416666666666669,6.25e-05,128356.36458606634,2.097676288,0.14994008333119485,0.9886111047842241,0.6583592135001264,0.01,1.0,,,
4940,3.671875,0.0,3.671875,6.249999999999978e-06,3.7499999999999865e-06,31769.44195377348,2.590507008,0.2531146794336356,0.9275096877820275,0.20170526566258593,0.01,1.0,,,
4000,,,,,,,,,,,,,5.552884615384615,5.552884615384615,9.254807692307692
4950,4.59130859375,0.0,4.59130859375,5.2083333333333145e-06,3.1249999999999887e-06,31770.034752449144,2.595749888,0.36364681803017107,0.9317766770824277,0.20118425512224417,0.01,1.0,,,
4010,3.42236328125,0.0,3.42236328125,0.00010312500000000003,6.187500000000001e-05,127353.12577249792,2.102919168,0.26462146028245365,0.4990122831547018,0.6495340053605745,0.01,1.0,,,
4960,3.619140625,0.0,3.619140625,4.166666666666652e-06,2.499999999999991e-06,31770.5133477267,2.600992768,0.30332780082672434,0.8112181582853351,0.20075794572008016,0.01,1.0,,,
4020,3.9990234375,0.0,3.9990234375,0.00010208333333333337,6.125000000000001e-05,126422.1840806818,2.108162048,0.371806762383365,0.7305563952847959,0.6407857982787586,0.01,1.0,,,
4970,3.7373046875,0.0,3.7373046875,3.124999999999989e-06,1.8749999999999933e-06,31769.7216918692,2.606235648,0.36646889791335374,0.8254558507774559,0.20042635428605848,0.01,1.0,,,
4030,3.66455078125,0.0,3.66455078125,0.00010104166666666664,6.0624999999999976e-05,125509.37892819627,2.113404928,0.23663590054793046,0.732423907172847,0.6321149376189144,0.01,1.0,,,
4040,3.6943359375,0.0,3.6943359375,9.999999999999998e-05,5.999999999999998e-05,124613.6817566117,2.118647808,0.2504788344296195,0.37589606957128135,0.6235217656917746,0.01,1.0,,,
4980,3.15625,0.0,3.15625,2.083333333333326e-06,1.2499999999999954e-06,31770.20568890868,2.611478528,0.3221212677026068,0.9464250112652624,0.20018949391084134,0.01,1.0,,,
4050,3.69091796875,0.0,3.69091796875,9.895833333333332e-05,5.9374999999999986e-05,123738.59981678253,2.123890688,0.21343739247020158,0.48298993604447726,0.6150066217410519,0.01,1.0,,,
4990,3.5322265625,0.0,3.5322265625,1.041666666666663e-06,6.249999999999977e-07,31770.450165541097,2.616721408,0.2544900978656812,0.4590962664906634,0.20004737394527095,0.01,1.0,,,
4060,3.79345703125,0.0,3.79345703125,9.791666666666666e-05,5.8749999999999985e-05,122879.88865520287,2.129133568,0.22229237234177265,0.41051404421164056,0.6065698419300494,0.01,1.0,,,
4070,3.56396484375,0.0,3.56396484375,9.6875e-05,5.812499999999999e-05,122031.87086531377,2.134376448,0.272573175412086,0.6839972436065204,0.5982117593283893,0.01,1.0,,,
4080,4.216796875,0.0,4.216796875,9.583333333333332e-05,5.749999999999999e-05,121204.11087755783,2.139619328,0.27905397615695665,0.9603427492845902,0.58993270389886,0.01,1.0,,,
4090,3.72802734375,0.0,3.72802734375,9.479166666666666e-05,5.687499999999999e-05,120390.81323428715,2.144862208,0.2602344963076896,0.6627650313478923,0.5817330024843943,0.01,1.0,,,
4100,3.748046875,0.0,3.748046875,9.375e-05,5.625e-05,119590.94616075515,2.150105088,0.2576221914935073,0.7978305309817,0.5736129787951638,0.01,1.0,,,
4110,3.6357421875,0.0,3.6357421875,9.270833333333334e-05,5.5625e-05,118804.46334018318,2.155347968,0.1917822130521095,0.4436974715493768,0.5655729533958007,0.01,1.0,,,
4120,3.6181640625,0.0,3.6181640625,9.166666666666668e-05,5.5e-05,118032.81713158167,2.160590848,0.35341643361444325,0.41874275067526856,0.5576132436927393,0.01,1.0,,,
4130,3.609375,0.0,3.609375,9.062500000000001e-05,5.4375e-05,117276.80792054895,2.165833728,0.24294812267978375,0.6295187788914246,0.5497341639216914,0.01,1.0,,,
4140,3.61328125,0.0,3.61328125,8.958333333333335e-05,5.3750000000000005e-05,116532.64958183563,2.171076608,0.32562054828683085,0.8280497185220055,0.541936025135235,0.01,1.0,,,
4150,3.37841796875,0.0,3.37841796875,8.854166666666669e-05,5.3125000000000004e-05,115795.53200430526,2.176319488,0.2907528778086824,0.752408940381484,0.5342191351905355,0.01,1.0,,,
4160,3.478515625,0.0,3.478515625,8.750000000000003e-05,5.250000000000001e-05,115081.73282486637,2.181562368,0.21971726634238392,0.5198080487370069,0.5265837987371953,0.01,1.0,,,
4170,3.7841796875,0.0,3.7841796875,8.645833333333337e-05,5.1875000000000014e-05,114373.03235160183,2.186805248,0.21034278503105863,0.729124688425621,0.519030317205224,0.01,1.0,,,
4180,3.53857421875,0.0,3.53857421875,8.541666666666664e-05,5.124999999999998e-05,113656.88645114713,2.192048128,0.2875911486670109,0.9576446873571826,0.5115589887931383,0.01,1.0,,,
4190,3.7255859375,0.0,3.7255859375,8.437499999999998e-05,5.0624999999999984e-05,112973.21499435227,2.197291008,0.28709022978478443,0.9578618580061323,0.5041701084561916,0.01,1.0,,,
4200,3.87646484375,0.0,3.87646484375,8.333333333333332e-05,4.999999999999998e-05,112303.68084123736,2.202533888,0.2692061134092624,0.6692913930869206,0.4968639678947274,0.01,1.0,,,
4210,3.75732421875,0.0,3.75732421875,8.229166666666666e-05,4.937499999999999e-05,111640.07108096807,2.207776768,0.2512957657431508,0.967956909993178,0.48964085554266534,0.01,1.0,,,
4220,3.46484375,0.0,3.46484375,8.125e-05,4.874999999999999e-05,110987.82473793972,2.213019648,0.3038311277317889,0.9528471388258097,0.4825010565561124,0.01,1.0,,,
4230,3.75048828125,0.0,3.75048828125,8.020833333333332e-05,4.812499999999999e-05,110344.96404995096,2.218262528,0.22051804473189465,0.602228302782309,0.47544485280210713,0.01,1.0,,,
4240,3.4208984375,0.0,3.4208984375,7.916666666666666e-05,4.7499999999999996e-05,109713.61827463709,2.223505408,0.2717335175464127,0.775272624963857,0.46847252284749324,0.01,1.0,,,
4250,3.41162109375,0.0,3.41162109375,7.8125e-05,4.6874999999999994e-05,109094.73068652397,2.228748288,0.28906322766573694,0.4663455088490253,0.4615843419479173,0.01,1.0,,,
4260,3.5703125,0.0,3.5703125,7.708333333333334e-05,4.625e-05,108486.95251919377,2.233991168,0.23791416574982754,0.6134708663710882,0.4547805820369669,0.01,1.0,,,
4270,3.3994140625,0.0,3.3994140625,7.604166666666668e-05,4.5625e-05,107882.4353383921,2.239234048,0.34470627651977004,0.6417722889343345,0.4480615117154344,0.01,1.0,,,
4280,4.11181640625,0.0,4.11181640625,7.500000000000001e-05,4.5e-05,107288.50045276976,2.244476928,0.4093203989950841,0.865611676388768,0.4414273962407094,0.01,1.0,,,
4290,3.9462890625,0.0,3.9462890625,7.395833333333335e-05,4.437500000000001e-05,106706.5865345269,2.249719808,0.20159229281310728,0.979531887684538,0.4348784975163132,0.01,1.0,,,
4300,3.580078125,0.0,3.580078125,7.291666666666669e-05,4.3750000000000006e-05,106134.0292540281,2.254962688,0.2595186780623736,0.9657129990343065,0.42841507408155355,0.01,1.0,,,
4310,3.4228515625,0.0,3.4228515625,7.187500000000003e-05,4.312500000000001e-05,105568.16156289313,2.260205568,0.29768277704720464,0.9547586358093251,0.4220373811013195,0.01,1.0,,,
4320,3.23681640625,0.0,3.23681640625,7.083333333333337e-05,4.250000000000001e-05,105012.01075697856,2.265448448,0.2836937919013895,0.7051672401433801,0.4157456703560104,0.01,1.0,,,
4330,3.52734375,0.0,3.52734375,6.979166666666664e-05,4.187499999999998e-05,104463.97514337348,2.270691328,0.3113146822089183,0.5093885165349101,0.4095401902315934,0.01,1.0,,,
4340,4.45166015625,0.0,4.45166015625,6.874999999999998e-05,4.1249999999999986e-05,103921.94379907896,2.275934208,0.10442460668217497,0.9944977310530587,0.4034211857097979,0.01,1.0,,,
4350,3.8525390625,0.0,3.8525390625,6.770833333333332e-05,4.0624999999999985e-05,103390.9904560156,2.281177088,0.2977710972666693,0.6110097223848114,0.39738889835844526,0.01,1.0,,,
4360,4.00830078125,0.0,4.00830078125,6.666666666666666e-05,3.999999999999999e-05,102865.35145922966,2.286419968,0.3247634720472994,0.7061800801450776,0.39144356632191113,0.01,1.0,,,
4370,3.64892578125,0.0,3.64892578125,6.5625e-05,3.937499999999999e-05,102345.89495463774,2.291662848,0.26267758099636923,0.965016881681056,0.3855854243117248,0.01,1.0,,,
4380,3.85400390625,0.0,3.85400390625,6.458333333333332e-05,3.874999999999999e-05,101836.4555763975,2.296905728,0.2845785138917408,0.5137536844609821,0.37981470359730096,0.01,1.0,,,
4390,4.03271484375,0.0,4.03271484375,6.354166666666666e-05,3.812499999999999e-05,101337.67632755934,2.302148608,0.24479942307772654,0.9696202097772135,0.3741316319968127,0.01,1.0,,,
4400,3.6806640625,0.0,3.6806640625,6.25e-05,3.75e-05,100842.73644886,2.307391488,0.2105541442589588,0.9775991255216351,0.3685364338681968,0.01,1.0,,,
4410,4.04541015625,0.0,4.04541015625,6.145833333333334e-05,3.6875e-05,100355.00571554805,2.312634368,0.28386355247527667,0.7572563124335531,0.3630293301002937,0.01,1.0,,,
4420,3.66552734375,0.0,3.66552734375,6.0416666666666674e-05,3.625e-05,99879.57768862956,2.317877248,0.2864289949217581,0.4843410595150324,0.3576105381041311,0.01,1.0,,,
4430,4.0439453125,0.0,4.0439453125,5.9375000000000013e-05,3.5625000000000005e-05,99403.92423743138,2.323120128,0.3631694383074483,0.6759992766027351,0.3522802718043385,0.01,1.0,,,
4440,3.708984375,0.0,3.708984375,5.8333333333333346e-05,3.5000000000000004e-05,98937.36980626713,2.328363008,0.2216494327349743,0.5532703814563793,0.34703874163070225,0.01,1.0,,,
4450,3.7421875,0.0,3.7421875,5.7291666666666686e-05,3.437500000000001e-05,98477.33601324786,2.333605888,0.22869572615599598,0.9311253308163192,0.34188615450985893,0.01,1.0,,,
4460,3.634765625,0.0,3.634765625,5.6250000000000026e-05,3.375000000000001e-05,98021.25658482523,2.338848768,0.2370208299933579,0.5206108341086744,0.33682271385712514,0.01,1.0,,,
4470,3.9833984375,0.0,3.9833984375,5.520833333333336e-05,3.312500000000001e-05,97574.68618463629,2.344091648,0.29364220516554584,0.6399393419582937,0.33184861956846873,0.01,1.0,,,
4480,3.85888671875,0.0,3.85888671875,5.4166666666666644e-05,3.2499999999999984e-05,97132.92494723333,2.349334528,0.1623314919000981,0.98683386983616,0.32696406801261385,0.01,1.0,,,
4490,4.697265625,0.0,4.697265625,5.312499999999998e-05,3.187499999999998e-05,96699.1824285466,2.354577408,0.312229090211648,0.7765461323813322,0.3221692520232932,0.01,1.0,,,
4500,3.748046875,0.0,3.748046875,5.2083333333333316e-05,3.124999999999999e-05,96266.87679470975,2.359820288,0.3021278559500825,0.5419729465021584,0.31746436089163155,0.01,1.0,,,
4500,,,,,,,,,,,,,5.514423076923077,5.514423076923077,9.274038461538462
4510,4.16015625,0.0,4.16015625,5.1041666666666656e-05,3.0624999999999985e-05,95831.53072458661,2.365063168,0.31847312701936764,0.5590972817618449,0.312849580358675,0.01,1.0,,,
4520,3.486328125,0.0,3.486328125,4.999999999999999e-05,2.999999999999999e-05,95412.64000832726,2.370306048,0.24288160810394924,0.4015461802092531,0.3083250926080569,0.01,1.0,,,
4530,3.6572265625,0.0,3.6572265625,4.895833333333333e-05,2.9374999999999992e-05,94998.32056290658,2.375548928,0.23550603097695277,0.34322859934821237,0.3038910762588067,0.01,1.0,,,
4540,3.626953125,0.0,3.626953125,4.791666666666666e-05,2.8749999999999994e-05,94593.2734140639,2.380791808,0.2269064059937546,0.8233798053479592,0.29954770635829797,0.01,1.0,,,
4550,3.83251953125,0.0,3.83251953125,4.6875e-05,2.8125e-05,94193.28431253617,2.386034688,0.24571610619521253,0.4747974984108153,0.29529515437533665,0.01,1.0,,,
4560,3.74951171875,0.0,3.74951171875,4.583333333333334e-05,2.75e-05,93795.21632072498,2.391277568,0.22507107261703993,0.44863652676390714,0.29113358819339374,0.01,1.0,,,
4570,3.5283203125,0.0,3.5283203125,4.4791666666666673e-05,2.6875000000000003e-05,93404.18160176757,2.396520448,0.23904511412327167,0.5078910598961437,0.2870631721039767,0.01,1.0,,,
4580,3.7919921875,0.0,3.7919921875,4.375000000000001e-05,2.6250000000000004e-05,93016.26590886575,2.401763328,0.27696930325575997,0.5906198738415767,0.2830840668001427,0.01,1.0,,,
4590,3.6767578125,0.0,3.6767578125,4.2708333333333346e-05,2.5625000000000006e-05,92634.98019339897,2.407006208,0.24261072267587497,0.3732563873952059,0.279196429370156,0.01,1.0,,,
4600,3.669921875,0.0,3.669921875,4.1666666666666686e-05,2.5000000000000008e-05,92257.38588929482,2.412249088,0.3106885993180328,0.4977707378132032,0.2754004132912857,0.01,1.0,,,
4610,3.84716796875,0.0,3.84716796875,4.0625000000000025e-05,2.437500000000001e-05,91885.12541866941,2.417491968,0.37463708822344743,0.9269856763978251,0.2716961684237461,0.01,1.0,,,
4620,3.708984375,0.0,3.708984375,3.958333333333336e-05,2.3750000000000015e-05,91516.23523816776,2.422734848,0.3799762939437044,0.8087515438153713,0.26808384100478244,0.01,1.0,,,
4630,3.81640625,0.0,3.81640625,3.8541666666666644e-05,2.3124999999999983e-05,91150.44943015129,2.427977728,0.2935974411591878,0.4010346727723646,0.26456357364289634,0.01,1.0,,,
4640,3.650390625,0.0,3.650390625,3.7499999999999976e-05,2.2499999999999984e-05,90791.21422299354,2.433220608,0.30164874046593443,0.6087574525249514,0.2611355053122149,0.01,1.0,,,
4650,3.82080078125,0.0,3.82080078125,3.6458333333333316e-05,2.1874999999999986e-05,90433.59643597543,2.438463488,0.2669972017621941,0.44772845607982625,0.25779977134700643,0.01,1.0,,,
4660,3.92529296875,0.0,3.92529296875,3.5416666666666656e-05,2.1249999999999988e-05,90084.63421766619,2.443706368,0.19672617162484518,0.494290302733023,0.2545565034363357,0.01,1.0,,,
4670,3.8134765625,0.0,3.8134765625,3.437499999999999e-05,2.0624999999999993e-05,89738.52847832463,2.448949248,0.24735877664216932,0.47237903692998023,0.25140582961886704,0.01,1.0,,,
4680,3.5087890625,0.0,3.5087890625,3.333333333333333e-05,1.9999999999999995e-05,89396.22656052963,2.454192128,0.3805526630963028,0.9244169514146154,0.24834787427780755,0.01,1.0,,,
4690,3.791015625,0.0,3.791015625,3.229166666666666e-05,1.9374999999999997e-05,89056.73508883288,2.459435008,0.22654708639730928,0.7454486709811099,0.2453827581359982,0.01,1.0,,,
4700,3.67529296875,0.0,3.67529296875,3.125e-05,1.875e-05,88724.22402455441,2.464677888,0.227047464021118,0.5753585762922614,0.24251059825114735,0.01,1.0,,,
4710,3.50439453125,0.0,3.50439453125,3.0208333333333337e-05,1.8125e-05,88392.5388805377,2.469920768,0.23340681029534366,0.9723375592991451,0.23973150801120893,0.01,1.0,,,
4720,3.83447265625,0.0,3.83447265625,2.9166666666666673e-05,1.7500000000000002e-05,88068.32922012385,2.475163648,0.3056727640979591,0.46384066665463336,0.23704559712990694,0.01,1.0,,,
4730,3.80615234375,0.0,3.80615234375,2.8125000000000013e-05,1.6875000000000004e-05,87745.31102636387,2.480406528,0.30655402042625024,0.5548837019596382,0.2344529716424047,0.01,1.0,,,
4740,3.57373046875,0.0,3.57373046875,2.708333333333335e-05,1.625000000000001e-05,87423.89798679517,2.485649408,0.24263590641775865,0.7357439499964045,0.23195373390111673,0.01,1.0,,,
4750,3.6650390625,0.0,3.6650390625,2.6041666666666685e-05,1.562500000000001e-05,87109.46023954109,2.490892288,0.2414696179157215,0.6478962039021319,0.22954798257166964,0.01,1.0,,,
4760,3.486328125,0.0,3.486328125,2.500000000000002e-05,1.5000000000000012e-05,86798.55331615105,2.496135168,0.23162697920330125,0.5956787770098158,0.22723581262900652,0.01,1.0,,,
4770,3.6943359375,0.0,3.6943359375,2.395833333333336e-05,1.4375000000000014e-05,86489.39933667326,2.501378048,0.2920890097798652,0.6114450528054586,0.22501731535363778,0.01,1.0,,,
4780,3.6220703125,0.0,3.6220703125,2.291666666666664e-05,1.3749999999999984e-05,86187.5210288093,2.506620928,0.18543001484740296,0.36203466004603574,0.22289257832803716,0.01,1.0,,,
4790,3.50146484375,0.0,3.50146484375,2.187499999999998e-05,1.3124999999999985e-05,85883.98168142344,2.511863808,0.2795139650248103,0.5767498665683974,0.22086168543318419,0.01,1.0,,,
4800,3.69140625,0.0,3.69140625,2.0833333333333316e-05,1.2499999999999987e-05,85586.70751549953,2.517106688,0.2506593016428507,0.5743128145503653,0.2189247168452534,0.01,1.0,,,
4810,3.63623046875,0.0,3.63623046875,1.9791666666666652e-05,1.187499999999999e-05,85291.25088884753,2.522349568,0.18758907126130858,0.4334453728370691,0.2170817490324474,0.01,1.0,,,
4820,3.63525390625,0.0,3.63525390625,1.8749999999999988e-05,1.1249999999999992e-05,85001.21919052005,2.527592448,0.186801659465264,0.4588948653408995,0.21533285475197986,0.01,1.0,,,
4830,3.7236328125,0.0,3.7236328125,1.7708333333333328e-05,1.0624999999999994e-05,84712.56077370378,2.532835328,0.23688752743132416,0.6056905954511285,0.21367810304720258,0.01,1.0,,,
4840,3.71533203125,0.0,3.71533203125,1.6666666666666664e-05,9.999999999999997e-06,84426.45835548823,2.538078208,0.2117781374172871,0.3821767619145772,0.2121175592448796,0.01,1.0,,,
4850,3.75830078125,0.0,3.75830078125,1.5625e-05,9.375e-06,84147.1522943787,2.543321088,0.2621675939744553,0.6405133100281868,0.21065128495260801,0.01,1.0,,,
4860,3.4189453125,0.0,3.4189453125,1.4583333333333337e-05,8.750000000000001e-06,83864.88267714239,2.548563968,0.2976257434996687,0.38761120333067534,0.20927933805638627,0.01,1.0,,,
4870,3.7890625,0.0,3.7890625,1.3541666666666675e-05,8.125000000000004e-06,83588.13567131797,2.553806848,0.2720363952435327,0.7309756891491495,0.20800177271832831,0.01,1.0,,,
4880,3.73046875,0.0,3.73046875,1.250000000000001e-05,7.500000000000006e-06,83316.87562816548,2.559049728,0.19875956719350998,0.44595213786135257,0.20681863937452657,0.01,1.0,,,
4890,3.740234375,0.0,3.740234375,1.1458333333333349e-05,6.875000000000008e-06,83046.09493572827,2.564292608,0.2559469728575535,0.6307895809151434,0.20572998473305948,0.01,1.0,,,
4900,3.33447265625,0.0,3.33447265625,1.0416666666666685e-05,6.2500000000000105e-06,82778.65127905978,2.569535488,0.3059413669856451,0.4211045839729876,0.20473585177214826,0.01,1.0,,,
4910,3.73291015625,0.0,3.73291015625,9.375000000000023e-06,5.625000000000013e-06,82514.57244344921,2.574778368,0.2699812116605563,0.6066733254022926,0.20383627973845997,0.01,1.0,,,
4920,3.70703125,0.0,3.70703125,8.333333333333359e-06,5.000000000000015e-06,82253.68398012621,2.580021248,0.21832204055625434,0.3354138457483629,0.2030313041455581,0.01,1.0,,,
4930,3.59423828125,0.0,3.59423828125,7.291666666666641e-06,4.374999999999984e-06,81993.2399814591,2.585264128,0.3377283422461602,0.5191764787962141,0.20232095677250073,0.01,1.0,,,
4940,3.85009765625,0.0,3.85009765625,6.249999999999978e-06,3.7499999999999865e-06,81736.6243289885,2.590507008,0.2229134099119994,0.30793732731677553,0.20170526566258593,0.01,1.0,,,
4950,3.68408203125,0.0,3.68408203125,5.2083333333333145e-06,3.1249999999999887e-06,81484.04033661752,2.595749888,0.1952782065215926,0.637228779319519,0.20118425512224417,0.01,1.0,,,
4960,3.3017578125,0.0,3.3017578125,4.166666666666652e-06,2.499999999999991e-06,81231.95320387879,2.600992768,0.3341555834627948,0.5936105965043245,0.20075794572008016,0.01,1.0,,,
4970,3.71240234375,0.0,3.71240234375,3.124999999999989e-06,1.8749999999999933e-06,80983.92286604655,2.606235648,0.3284149435031405,0.8753762426078255,0.20042635428605848,0.01,1.0,,,
4980,3.5341796875,0.0,3.5341796875,2.083333333333326e-06,1.2499999999999954e-06,80736.90870349639,2.611478528,0.24826948897409423,0.7788307894985609,0.20018949391084134,0.01,1.0,,,
4990,3.5673828125,0.0,3.5673828125,1.041666666666663e-06,6.249999999999977e-07,80492.37909051916,2.616721408,0.2555994708896657,0.3745823938347186,0.20004737394527095,0.01,1.0,,,
