step,train/nll,train/sparsity_loss,train/total_loss,train/lr,train/predictor_lr,train/tokens_per_sec,train/tokens_seen_B,grad/base_norm,grad/predictor_norm,schedule/tau,schedule/lambda,train/use_dagformer,eval/nll_soft,eval/nll_hard,eval/nll_baseline
0,11.703125,0.0,11.703125,0.0,0.0,30571.191092335892,0.000524288,0.9976771659515238,0.06495855819919892,5.0,0.0,1.0,,,
10,11.478515625,0.0,11.478515625,2.5e-05,1.4999999999999999e-05,32287.132231438605,0.005767168,0.9973249568504926,0.08581684112836013,4.9999526260547285,0.0001,1.0,,,
20,10.705078125,0.0,10.705078125,5e-05,2.9999999999999997e-05,32106.62327993074,0.011010048,0.9766019851567228,0.1981383620471123,4.999810506089159,0.0002,1.0,,,
30,9.994140625,0.0,9.994140625,7.5e-05,4.4999999999999996e-05,32096.45232463312,0.016252928,0.9659685230028188,0.2770157075782742,4.999573645713942,0.0003,1.0,,,
40,8.6328125,0.0,8.6328125,0.0001,5.9999999999999995e-05,31972.974614229133,0.021495808,0.8626794153944358,0.5041082280041146,4.99924205427992,0.0004,1.0,,,
50,7.8046875,0.0,7.8046875,0.000125,7.5e-05,31951.816451584593,0.026738688,0.7482224697914874,0.6652556686141929,4.9988157448777555,0.0005,1.0,,,
60,7.654296875,0.0,7.654296875,0.00015,8.999999999999999e-05,31995.91352651296,0.031981568,0.8391089076150144,0.5451461950268027,4.9982947343374144,0.0006,1.0,,,
70,7.525390625,0.0,7.525390625,0.00017500000000000003,0.00010499999999999999,31967.33897109713,0.037224448,0.7910401901566635,0.608907033538426,4.9976790432275,0.0007000000000000001,1.0,,,
80,7.01171875,0.0,7.01171875,0.0002,0.00011999999999999999,31982.297908863427,0.042467328,0.6120124999928219,0.7903206584727132,4.996968695854442,0.0008,1.0,,,
90,6.8662109375,0.0,6.8662109375,0.000225,0.00013499999999999997,31986.561579632744,0.047710208,0.7820752036457052,0.6226534102616071,4.99616372026154,0.0009,1.0,,,
100,6.703125,0.0,6.703125,0.00025,0.00015,31997.281973857964,0.052953088,0.7157740659974825,0.6982064048105531,4.995264148227852,0.001,1.0,,,
110,6.96484375,0.0,6.96484375,0.000275,0.00016499999999999997,32005.714284406517,0.058195968,0.7708230262454763,0.6370940616511109,4.99427001526694,0.0011,1.0,,,
120,6.806640625,0.0,6.806640625,0.0003,0.00017999999999999998,31961.15121860541,0.063438848,0.8185981837616096,0.5798907023443786,4.993181360625473,0.0012,1.0,,,
130,6.0966796875,0.0,6.0966796875,0.000325,0.000195,31972.658356549993,0.068681728,0.823491756762959,0.5667327504825138,4.991998227281671,0.0013,1.0,,,
140,6.1865234375,0.0,6.1865234375,0.00035000000000000005,0.00020999999999999998,31984.385432379844,0.073924608,0.9722850227646439,0.23990485814467136,4.990720661943614,0.0014000000000000002,1.0,,,
150,5.9345703125,0.0,5.9345703125,0.000375,0.000225,31978.837435145426,0.079167488,0.7061185936723912,0.7086414050075726,4.989348715047392,0.0015,1.0,,,
160,5.8125,0.0,5.8125,0.0004,0.00023999999999999998,31971.571067558856,0.084410368,0.8240979073513113,0.34179294993056025,4.98788244075512,0.0016,1.0,,,
170,5.6181640625,0.0,5.6181640625,0.00042500000000000003,0.00025499999999999996,31972.726507598072,0.089653248,0.863161432898462,0.5026873796485395,4.986321896952798,0.0017,1.0,,,
180,6.4423828125,0.0,6.4423828125,0.00045,0.00026999999999999995,31967.36015392902,0.094896128,0.6906005054676032,0.7203253447286491,4.98466714524802,0.0018,1.0,,,
190,6.40625,0.0,6.40625,0.000475,0.000285,31964.187959925115,0.100139008,0.9605944395841388,0.28397323348366516,4.982918250967552,0.0019000000000000002,1.0,,,
200,6.0126953125,0.0,6.0126953125,0.0005,0.0003,31972.767393543698,0.105381888,0.9248187462115435,0.37486472815024674,4.981075283154747,0.002,1.0,,,
210,5.88671875,0.0,5.88671875,0.0004989583333333334,0.000299375,31970.40802508404,0.110624768,0.7157112507149098,0.39338669286100963,4.979138314566816,0.0021000000000000003,1.0,,,
220,6.001953125,0.0,6.001953125,0.0004979166666666667,0.00029874999999999997,31977.29009947058,0.115867648,0.6641307653840127,0.2143472217644368,4.977107421671962,0.0022,1.0,,,
230,5.701171875,0.0,5.701171875,0.000496875,0.000298125,31977.421538388597,0.121110528,0.6392770469059263,0.23897420389501906,4.974982684646362,0.0023000000000000004,1.0,,,
240,5.931640625,0.0,5.931640625,0.0004958333333333334,0.00029749999999999997,31986.11826286107,0.126353408,0.8938529341946289,0.3581197887006862,4.972764187370993,0.0024,1.0,,,
250,5.5576171875,0.0,5.5576171875,0.0004947916666666667,0.000296875,31993.308670076323,0.131596288,0.8992259239094207,0.41871903070057326,4.970452017428331,0.0025,1.0,,,
260,5.765625,0.0,5.765625,0.00049375,0.00029624999999999996,31994.839398237502,0.136839168,0.9346986821029408,0.35861609608956874,4.968046266098883,0.0026,1.0,,,
270,5.9140625,0.0,5.9140625,0.0004927083333333334,0.000295625,32000.190079351505,0.142082048,0.8750565455084091,0.4803668279608437,4.965547028357595,0.0027,1.0,,,
280,5.666015625,0.0,5.666015625,0.0004916666666666666,0.00029499999999999996,32005.02287536925,0.147324928,0.8206160183857745,0.4966808457673544,4.962954402870093,0.0028000000000000004,1.0,,,
290,5.3994140625,0.0,5.3994140625,0.000490625,0.000294375,32011.149606660074,0.152567808,0.5819102195845657,0.3281401350439202,4.960268491988791,0.0029,1.0,,,
300,5.466796875,0.0,5.466796875,0.0004895833333333333,0.00029374999999999996,32010.556363149855,0.157810688,0.6269418809661589,0.26294698273369527,4.9574894017488536,0.003,1.0,,,
310,5.4833984375,0.0,5.4833984375,0.0004885416666666666,0.000293125,32012.148135413023,0.163053568,0.6291592686378433,0.5688315554697376,4.9546172418640015,0.0031,1.0,,,
320,5.279296875,0.0,5.279296875,0.0004875,0.00029249999999999995,32015.901689924536,0.168296448,0.5458387925596679,0.2566749875104307,4.951652125722193,0.0032,1.0,,,
330,5.7099609375,0.0,5.7099609375,0.0004864583333333333,0.000291875,32006.622093905902,0.173539328,0.8948266316739268,0.4393583548569125,4.948594170381133,0.0033000000000000004,1.0,,,
340,5.5380859375,0.0,5.5380859375,0.00048541666666666666,0.00029124999999999995,32011.00707422866,0.178782208,0.6369789048680408,0.4450440365334585,4.945443496563664,0.0034,1.0,,,
350,5.333984375,0.0,5.333984375,0.000484375,0.000290625,32013.209660377757,0.184025088,0.703001214179198,0.7094691302300082,4.942200228652994,0.0035,1.0,,,
360,5.97265625,0.0,5.97265625,0.00048333333333333334,0.00029,32017.62982455741,0.189267968,0.6749852058392833,0.48837453658505336,4.9388644946877855,0.0036,1.0,,,
370,5.4306640625,0.0,5.4306640625,0.0004822916666666667,0.000289375,32015.774820332394,0.194510848,0.800810111428274,0.5955730325702508,4.935436426357104,0.0037,1.0,,,
380,5.2294921875,0.0,5.2294921875,0.00048125,0.00028875,32020.676767448003,0.199753728,0.5375890787437999,0.3097379878237919,4.931916158995217,0.0038000000000000004,1.0,,,
390,5.6826171875,0.0,5.6826171875,0.00048020833333333336,0.00028812499999999997,32024.266992617304,0.204996608,0.7625493907354896,0.6461666982338525,4.928303831576254,0.0039,1.0,,,
400,5.1435546875,0.0,5.1435546875,0.0004791666666666667,0.0002875,32021.229875415,0.210239488,0.6463285617802014,0.5532056197835125,4.924599586708714,0.004,1.0,,,
410,5.09765625,0.0,5.09765625,0.00047812500000000003,0.00028687499999999997,32025.743554102613,0.215482368,0.5773064813871646,0.40978053826055133,4.920803570629844,0.0040999999999999995,1.0,,,
420,5.01171875,0.0,5.01171875,0.0004770833333333334,0.00028625,32025.305465325237,0.220725248,0.4624346120199839,0.34125553805119957,4.916915933199857,0.004200000000000001,1.0,,,
430,5.3779296875,0.0,5.3779296875,0.00047604166666666666,0.00028562499999999996,32029.910069220536,0.225968128,0.7380753413647209,0.6761421506111776,4.912936827896024,0.0043,1.0,,,
440,5.345703125,0.0,5.345703125,0.000475,0.000285,32029.854452880325,0.231211008,0.5545306723868373,0.4263095152656313,4.908866411806606,0.0044,1.0,,,
450,5.177734375,0.0,5.177734375,0.00047395833333333334,0.00028437499999999996,32033.52088469658,0.236453888,0.5869106893563569,0.3899179414703823,4.904704845624663,0.0045,1.0,,,
460,4.96875,0.0,4.96875,0.0004729166666666667,0.00028375,32037.152565379885,0.241696768,0.43539021945041434,0.4484428696757273,4.900452293641702,0.004600000000000001,1.0,,,
470,5.2353515625,0.0,5.2353515625,0.000471875,0.00028312499999999996,32037.158091314963,0.246939648,0.7866165376188988,0.5490400070022794,4.896108923741194,0.0047,1.0,,,
480,4.9951171875,0.0,4.9951171875,0.00047083333333333336,0.0002825,32039.542550012862,0.252182528,0.5932779737328399,0.529208083750885,4.891674907391943,0.0048,1.0,,,
490,4.798828125,0.0,4.798828125,0.0004697916666666667,0.00028187499999999995,32039.42111504831,0.257425408,0.703126058326367,0.5381536985894038,4.887150419641325,0.004900000000000001,1.0,,,
500,4.919921875,0.0,4.919921875,0.00046875,0.00028125,32040.773584800114,0.262668288,0.45474920676144504,0.8585729611177483,4.882535639108369,0.005,1.0,,,
500,,,,,,,,,,,,,7.189903846153846,7.189903846153846,8.524038461538462
510,5.0,0.0,5.0,0.0004677083333333333,0.000280625,32029.266561286735,0.267911168,0.4372035884543932,0.28154077652515225,4.877830747976707,0.0051,1.0,,,
520,5.1474609375,0.0,5.1474609375,0.00046666666666666666,0.00028,32029.888704443023,0.273154048,0.6638827523818555,0.7469717521382693,4.873035931987387,0.0052,1.0,,,
530,5.201171875,0.0,5.201171875,0.000465625,0.000279375,32032.50711584432,0.278396928,0.6114426883291838,0.560482974556047,4.868151380431532,0.0053,1.0,,,
540,4.8623046875,0.0,4.8623046875,0.00046458333333333334,0.00027874999999999997,32033.60621237078,0.283639808,0.48285416603512976,0.637880214012083,4.863177286142875,0.0054,1.0,,,
550,5.0810546875,0.0,5.0810546875,0.0004635416666666667,0.000278125,32034.131990800626,0.288882688,0.7001251533920243,0.7118988020472763,4.858113845490141,0.0055,1.0,,,
560,5.0185546875,0.0,5.0185546875,0.0004625,0.00027749999999999997,32035.347874534677,0.294125568,0.5632808403945272,0.45642308727148456,4.852961258369298,0.005600000000000001,1.0,,,
570,6.013671875,0.0,6.013671875,0.0004614583333333333,0.00027687499999999994,32034.223108826754,0.299368448,0.6740888890827256,0.4669211526943422,4.847719728195662,0.0057,1.0,,,
580,5.232421875,0.0,5.232421875,0.0004604166666666667,0.00027625,32035.091355178203,0.304611328,0.362308379401397,0.9320577016646854,4.842389461895869,0.0058,1.0,,,
590,5.1494140625,0.0,5.1494140625,0.000459375,0.00027562499999999994,32035.104541328525,0.309854208,0.7844869595511522,0.528232637732111,4.836970669899706,0.005900000000000001,1.0,,,
600,4.865234375,0.0,4.865234375,0.0004583333333333333,0.00027499999999999996,32034.74817470464,0.315097088,0.4566802038911903,0.3897549631047801,4.831463566131803,0.006,1.0,,,
610,5.0673828125,0.0,5.0673828125,0.00045729166666666666,0.000274375,32032.011459457437,0.320339968,0.6476655379845162,0.7606683186111708,4.825868368003187,0.0061,1.0,,,
620,4.634765625,0.0,4.634765625,0.00045625,0.00027374999999999996,32033.14082626117,0.325582848,0.5739125539250909,0.6960356930944065,4.820185296402699,0.0062,1.0,,,
630,4.490234375,0.0,4.490234375,0.00045520833333333334,0.000273125,32027.310306962507,0.330825728,0.34733319742464464,0.36010237760183667,4.814414575688276,0.0063,1.0,,,
640,5.4130859375,0.0,5.4130859375,0.0004541666666666667,0.00027249999999999996,32027.683337550872,0.336068608,0.5321029113653925,0.8468449599505905,4.808556433678089,0.0064,1.0,,,
650,5.5302734375,0.0,5.5302734375,0.000453125,0.000271875,32028.02836448437,0.341311488,0.5534481532853055,0.8323787276353506,4.8026111016415545,0.0065,1.0,,,
660,4.71875,0.0,4.71875,0.00045208333333333336,0.00027124999999999995,32030.70075091858,0.346554368,0.7072633036636802,0.7084627395077272,4.796578814290202,0.006600000000000001,1.0,,,
670,5.4482421875,0.0,5.4482421875,0.0004510416666666667,0.000270625,32025.424192106282,0.351797248,0.8126185693200016,0.4817416458448751,4.790459809768407,0.0067,1.0,,,
680,5.0166015625,0.0,5.0166015625,0.00045000000000000004,0.00027,32029.180725394126,0.357040128,0.7106887649548891,0.523366992147147,4.784254329643989,0.0068,1.0,,,
690,5.447265625,0.0,5.447265625,0.0004489583333333334,0.000269375,32031.448364050797,0.362283008,0.5796545287723471,0.5952540242203394,4.77796261889868,0.006900000000000001,1.0,,,
700,5.0029296875,0.0,5.0029296875,0.0004479166666666667,0.00026875,32032.619698161365,0.367525888,0.774250652972893,0.5832886370808705,4.771584925918447,0.007,1.0,,,
710,4.7275390625,0.0,4.7275390625,0.000446875,0.00026812499999999997,32034.730110646982,0.372768768,0.5337337659485705,0.3562302104183413,4.765121502483686,0.0071,1.0,,,
720,4.4990234375,0.0,4.4990234375,0.0004458333333333333,0.00026749999999999994,32036.53223465921,0.378011648,0.5492432890715507,0.5379165707551539,4.758572603759291,0.0072,1.0,,,
730,5.3701171875,0.0,5.3701171875,0.0004447916666666667,0.00026687499999999997,32035.507989140293,0.383254528,0.5083888033531128,0.46030449422016856,4.7519384882845666,0.0073,1.0,,,
740,4.384765625,0.0,4.384765625,0.00044374999999999997,0.00026624999999999994,32031.737539060105,0.388497408,0.6421552659787999,0.768863518206156,4.745219417963033,0.0074,1.0,,,
750,5.0400390625,0.0,5.0400390625,0.0004427083333333333,0.00026562499999999996,32033.009389108145,0.393740288,0.5851018313324053,0.608606718961497,4.738415658052083,0.0075,1.0,,,
760,4.92578125,0.0,4.92578125,0.00044166666666666665,0.000265,32033.12703764083,0.398983168,0.47779203899120815,0.39428288448121473,4.731527477152507,0.007600000000000001,1.0,,,
770,4.7451171875,0.0,4.7451171875,0.000440625,0.00026437499999999996,32034.596825590557,0.404226048,0.40397285415622936,0.348593266725604,4.724555147197893,0.0077,1.0,,,
780,4.8447265625,0.0,4.8447265625,0.00043958333333333333,0.00026375,32034.155926251755,0.409468928,0.38894999226111,0.4147690470626219,4.717498943443888,0.0078,1.0,,,
790,4.84765625,0.0,4.84765625,0.00043854166666666667,0.00026312499999999996,32036.132602851438,0.414711808,0.6033130450981689,0.7010955483097524,4.7103591444573345,0.0079,1.0,,,
800,4.9482421875,0.0,4.9482421875,0.0004375,0.0002625,32037.60407864989,0.419954688,0.5783379845650651,0.7586159260507577,4.703136032105272,0.008,1.0,,,
810,4.6484375,0.0,4.6484375,0.00043645833333333335,0.00026187499999999996,32038.359091113987,0.425197568,0.5494681219763854,0.40534803816232123,4.695829891543808,0.0081,1.0,,,
820,4.9462890625,0.0,4.9462890625,0.0004354166666666667,0.00026125,32040.087952568352,0.430440448,0.5897427172935232,0.740326434135061,4.688441011206861,0.008199999999999999,1.0,,,
830,4.685546875,0.0,4.685546875,0.00043437500000000003,0.000260625,32040.75221713975,0.435683328,0.6235229119844873,0.6063820120163907,4.680969682794776,0.0083,1.0,,,
840,4.6396484375,0.0,4.6396484375,0.00043333333333333337,0.00026,32041.051964310314,0.440926208,0.5934480408378603,0.4694922017420849,4.673416201262804,0.008400000000000001,1.0,,,
850,4.4267578125,0.0,4.4267578125,0.0004322916666666667,0.000259375,32041.087907197503,0.446169088,0.4636964305828695,0.8861815573642902,4.665780864809465,0.0085,1.0,,,
860,4.859375,0.0,4.859375,0.00043125000000000005,0.00025875,32040.41643257889,0.451411968,0.6342294111732354,0.7708028060979882,4.658063974864765,0.0086,1.0,,,
870,4.25830078125,0.0,4.25830078125,0.00043020833333333333,0.00025812499999999995,32042.473783283003,0.456654848,0.5601754850596602,0.8294586688774821,4.650265836078308,0.008700000000000001,1.0,,,
880,4.5625,0.0,4.5625,0.0004291666666666667,0.00025749999999999997,32042.50055383294,0.461897728,0.4087342279213024,0.7008315253348274,4.6423867563072605,0.0088,1.0,,,
890,5.115234375,0.0,5.115234375,0.000428125,0.00025687499999999994,32043.617617277814,0.467140608,0.4046586855877512,0.5000072358410466,4.6344270466042,0.0089,1.0,,,
900,4.73974609375,0.0,4.73974609375,0.0004270833333333333,0.00025624999999999997,32042.971523518132,0.472383488,0.461252937168283,0.5975685310974311,4.626387021204836,0.009,1.0,,,
910,4.4521484375,0.0,4.4521484375,0.00042604166666666664,0.000255625,32044.20120594712,0.477626368,0.5200941492782267,0.8542020366895046,4.618266997515606,0.0091,1.0,,,
920,4.6806640625,0.0,4.6806640625,0.000425,0.00025499999999999996,32043.9439026129,0.482869248,0.49524803399712236,0.6780130623996659,4.610067296101141,0.009200000000000002,1.0,,,
930,4.46484375,0.0,4.46484375,0.0004239583333333333,0.000254375,32044.65089782203,0.488112128,0.3761360421181664,0.4237984487448883,4.601788240671611,0.009300000000000001,1.0,,,
940,4.6015625,0.0,4.6015625,0.00042291666666666666,0.00025374999999999996,32046.4612040449,0.493355008,0.3102752849200961,0.3158421609653555,4.593430158069951,0.0094,1.0,,,
950,4.4150390625,0.0,4.4150390625,0.000421875,0.000253125,32046.817460559254,0.498597888,0.3718132765999927,0.3211779737515939,4.5849933782589485,0.0095,1.0,,,
960,4.6025390625,0.0,4.6025390625,0.00042083333333333333,0.00025249999999999996,32047.687850297003,0.503840768,0.4339704381947018,0.5187831205660066,4.576478234308226,0.0096,1.0,,,
970,4.2734375,0.0,4.2734375,0.0004197916666666667,0.000251875,32042.1649292803,0.509083648,0.37172173549309595,0.307775601596172,4.567885062381086,0.0097,1.0,,,
980,4.486328125,0.0,4.486328125,0.00041875,0.00025125,32044.563783086014,0.514326528,0.3687411724895116,0.5004755952082499,4.559214201721241,0.009800000000000001,1.0,,,
990,4.41796875,0.0,4.41796875,0.00041770833333333335,0.000250625,32044.892493334217,0.519569408,0.6739921877375988,0.5020028879689816,4.550465994639425,0.0099,1.0,,,
1000,4.2470703125,0.0,4.2470703125,0.0004166666666666667,0.00025,32044.189021050694,0.524812288,0.45976132969604844,0.585468872105234,4.541640786499874,0.01,1.0,,,
1000,,,,,,,,,,,,,6.6875,6.6875,7.524038461538462
1010,4.07177734375,0.0,4.07177734375,0.00041562500000000003,0.000249375,32032.233580735654,0.530055168,0.3365128998671519,0.4023795949009954,4.532738925706693,0.01,1.0,,,
1020,4.35498046875,0.0,4.35498046875,0.0004145833333333333,0.00024874999999999995,32031.959364502552,0.535298048,0.42533675027281137,0.5795642402905137,4.523760763690104,0.01,1.0,,,
1030,4.15380859375,0.0,4.15380859375,0.0004135416666666667,0.000248125,32032.44095295575,0.540540928,0.39418669005907164,0.7674169599026601,4.514706654892571,0.01,1.0,,,
1040,4.7958984375,0.0,4.7958984375,0.0004125,0.00024749999999999994,32033.830949276206,0.545783808,0.4755254813563606,0.6033789113993326,4.505576956754805,0.01,1.0,,,
1050,4.2509765625,0.0,4.2509765625,0.00041145833333333334,0.00024687499999999997,32035.354290833584,0.551026688,0.3720790924023977,0.5331130665090704,4.496372029701656,0.01,1.0,,,
1060,4.453125,0.0,4.453125,0.0004104166666666667,0.00024625,32037.42016143759,0.556269568,0.3082859379767767,0.49844933411976633,4.487092237127885,0.01,1.0,,,
1070,4.4208984375,0.0,4.4208984375,0.000409375,0.00024562499999999997,32038.1316823087,0.561512448,0.3477607992921509,0.3360895030968736,4.4777379453838115,0.01,1.0,,,
1080,4.9306640625,0.0,4.9306640625,0.00040833333333333336,0.000245,32039.647449614156,0.566755328,0.3845423867466115,0.5455093527126325,4.4683095237608565,0.01,1.0,,,
1090,3.970703125,0.0,3.970703125,0.0004072916666666667,0.00024437499999999996,32041.148487266433,0.571998208,0.31563106976989447,0.41661433351865124,4.458807344476961,0.01,1.0,,,
1100,4.1826171875,0.0,4.1826171875,0.00040625000000000004,0.00024375,32040.38552837162,0.577241088,0.34059109621090355,0.39628418112398484,4.449231782661895,0.01,1.0,,,
1110,4.24951171875,0.0,4.24951171875,0.0004052083333333333,0.000243125,32042.468989789766,0.582483968,0.3216306258343484,0.267842406051665,4.43958321634244,0.01,1.0,,,
1120,4.2529296875,0.0,4.2529296875,0.00040416666666666666,0.00024249999999999999,32043.667603130925,0.587726848,0.4264034594139067,0.36856809509314475,4.429862026427475,0.01,1.0,,,
1130,4.27734375,0.0,4.27734375,0.000403125,0.00024187499999999998,32044.673643683323,0.592969728,0.34462914682894447,0.5518572799446881,4.420068596692933,0.01,1.0,,,
1140,4.2265625,0.0,4.2265625,0.00040208333333333334,0.00024124999999999998,32044.71411296655,0.598212608,0.3211995322446678,0.3673778356991604,4.410203313766649,0.01,1.0,,,
1150,3.9814453125,0.0,3.9814453125,0.0004010416666666667,0.00024062499999999998,32044.296274062614,0.603455488,0.5277346848230796,0.44229975066249916,4.400266567113103,0.01,1.0,,,
1160,4.2646484375,0.0,4.2646484375,0.0004,0.00023999999999999998,32046.091833289145,0.608698368,0.32592605198805075,0.4185994477281112,4.390258749018037,0.01,1.0,,,
1170,4.65234375,0.0,4.65234375,0.0003989583333333333,0.00023937499999999995,32046.476818228904,0.613941248,0.3282122438971279,0.35030085673122113,4.380180254572974,0.01,1.0,,,
1180,4.3125,0.0,4.3125,0.0003979166666666667,0.00023875,32040.13956988477,0.619184128,0.48439913125206924,0.5131801857967938,4.370031481659617,0.01,1.0,,,
1190,4.689453125,0.0,4.689453125,0.000396875,0.00023812499999999997,32041.644900619493,0.624427008,0.5146816828996416,0.7853922047824297,4.359812830934144,0.01,1.0,,,
1200,4.5908203125,0.0,4.5908203125,0.0003958333333333333,0.00023749999999999997,32043.067357053784,0.629669888,0.4527441732421914,0.4338108365222016,4.349524705811388,0.01,1.0,,,
1210,4.4892578125,0.0,4.4892578125,0.00039479166666666666,0.00023687499999999997,32043.50622550482,0.634912768,0.42410383729545026,0.5364617994326404,4.339167512448912,0.01,1.0,,,
1220,4.4775390625,0.0,4.4775390625,0.00039375,0.00023624999999999997,32043.57610918517,0.640155648,0.391970250218688,0.59646724153473,4.3287416597309765,0.01,1.0,,,
1230,4.7216796875,0.0,4.7216796875,0.00039270833333333334,0.00023562499999999997,32043.705264365108,0.645398528,0.3649107382093708,0.5984106485743912,4.318247559252395,0.01,1.0,,,
1240,3.9326171875,0.0,3.9326171875,0.0003916666666666667,0.00023499999999999997,32045.062976787172,0.650641408,0.4232776099897028,0.41061709270418467,4.307685625302286,0.01,1.0,,,
1250,4.5576171875,0.0,4.5576171875,0.000390625,0.000234375,32045.305033805427,0.655884288,0.5766149604083217,0.8172752543862614,4.297056274847714,0.01,1.0,,,
1260,4.5859375,0.0,4.5859375,0.00038958333333333336,0.00023375,32045.49362058534,0.661127168,0.4080646671652584,0.522901132003728,4.286359927517238,0.01,1.0,,,
1270,4.29833984375,0.0,4.29833984375,0.0003885416666666667,0.000233125,32046.076359226474,0.666370048,0.4063324521047063,0.5053758201148741,4.275597005584334,0.01,1.0,,,
1280,4.3583984375,0.0,4.3583984375,0.00038750000000000004,0.00023249999999999999,32044.774360316398,0.671612928,0.4748721183730165,0.5077281000813436,4.264767933950732,0.01,1.0,,,
1290,4.18212890625,0.0,4.18212890625,0.0003864583333333334,0.00023187499999999998,32045.892696526644,0.676855808,0.4511808937159657,0.5585380851962756,4.253873140129636,0.01,1.0,,,
1300,5.23828125,0.0,5.23828125,0.0003854166666666667,0.00023124999999999998,32046.83513841677,0.682098688,0.6749284710086056,0.7379256945535608,4.242913054228853,0.01,1.0,,,
1310,4.427734375,0.0,4.427734375,0.000384375,0.00023062499999999998,32046.165610562264,0.687341568,0.47954039598637893,0.84140450817612,4.2318881089338065,0.01,1.0,,,
1320,3.833984375,0.0,3.833984375,0.0003833333333333333,0.00022999999999999995,32045.227610497375,0.692584448,0.4119612053224755,0.4595403249529638,4.2207987394904585,0.01,1.0,,,
1330,4.59765625,0.0,4.59765625,0.0003822916666666667,0.000229375,32045.417986460594,0.697827328,0.4105358565283263,0.5755592221188491,4.2096453836881285,0.01,1.0,,,
1340,4.9775390625,0.0,4.9775390625,0.00038124999999999997,0.00022874999999999998,32045.244358785767,0.703070208,0.5556705797892311,0.8085359170747126,4.198428481842204,0.01,1.0,,,
1350,3.94287109375,0.0,3.94287109375,0.0003802083333333333,0.00022812499999999997,32045.17390628078,0.708313088,0.5779607675627039,0.816495664676916,4.187148476776764,0.01,1.0,,,
1360,4.951171875,0.0,4.951171875,0.00037916666666666665,0.00022749999999999997,32045.129776387614,0.713555968,0.7281941483775911,0.6842476262179445,4.175805813807095,0.01,1.0,,,
1370,4.2490234375,0.0,4.2490234375,0.000378125,0.00022687499999999997,32044.1213129296,0.718798848,0.4501834365633468,0.5287061525172704,4.164400940722109,0.01,1.0,,,
1380,4.2734375,0.0,4.2734375,0.00037708333333333333,0.00022624999999999997,32044.023343770303,0.724041728,0.4947175679024717,0.583212320095305,4.1529343077666665,0.01,1.0,,,
1390,4.27490234375,0.0,4.27490234375,0.00037604166666666667,0.00022562499999999997,32044.30209096155,0.729284608,0.34153412915206954,0.8418758823697919,4.141406367623802,0.01,1.0,,,
1400,4.1845703125,0.0,4.1845703125,0.000375,0.000225,32044.974770110268,0.734527488,0.37084996987452684,0.35489312830968506,4.129817575396856,0.01,1.0,,,
1410,4.69140625,0.0,4.69140625,0.00037395833333333335,0.000224375,32044.821535486928,0.739770368,0.41635666010468814,0.5151000446660732,4.118168388591498,0.01,1.0,,,
1420,4.4541015625,0.0,4.4541015625,0.0003729166666666667,0.00022375,32045.923660276425,0.745013248,0.34352333922913403,0.3967047984099349,4.106459267097681,0.01,1.0,,,
1430,4.5244140625,0.0,4.5244140625,0.000371875,0.000223125,32045.779381973178,0.750256128,0.4692850802335154,0.6718213384941097,4.09469067317147,0.01,1.0,,,
1440,4.27587890625,0.0,4.27587890625,0.00037083333333333337,0.0002225,32045.72099966743,0.755499008,0.44372469333962444,0.5814187269002584,4.082863071416802,0.01,1.0,,,
1450,4.169921875,0.0,4.169921875,0.00036979166666666665,0.00022187499999999996,32045.750152221714,0.760741888,0.46196914962747004,0.5008272366790755,4.070976928767144,0.01,1.0,,,
1460,3.890625,0.0,3.890625,0.00036875000000000005,0.00022124999999999998,32045.203366202393,0.765984768,0.480798300118517,0.383690118384802,4.059032714467053,0.01,1.0,,,
1470,4.02490234375,0.0,4.02490234375,0.00036770833333333333,0.00022062499999999996,32046.310159226556,0.771227648,0.3687270983975234,0.3846536989378959,4.0470309000536595,0.01,1.0,,,
1480,4.326171875,0.0,4.326171875,0.0003666666666666667,0.00022,32046.511537193917,0.776470528,0.34271223750243435,0.4507190270520059,4.034971959338046,0.01,1.0,,,
1490,4.685546875,0.0,4.685546875,0.000365625,0.00021937499999999998,32047.37454178948,0.781713408,0.3330742997395243,0.46328041773293693,4.022856368386543,0.01,1.0,,,
1500,4.3720703125,0.0,4.3720703125,0.0003645833333333334,0.00021875,32047.051421612727,0.786956288,0.3317515403446174,0.9429329297872863,4.010684605501935,0.01,1.0,,,
1500,,,,,,,,,,,,,6.293269230769231,6.293269230769231,7.367788461538462
1510,4.27734375,0.0,4.27734375,0.00036354166666666664,0.00021812499999999998,32043.019028452913,0.792199168,0.4222284352192419,0.9064161471763743,3.998457151204583,0.01,1.0,,,
1520,4.07763671875,0.0,4.07763671875,0.0003625,0.00021749999999999997,32043.79635316024,0.797442048,0.4152760622274278,0.5594190224247295,3.9861744882134422,0.01,1.0,,,
1530,4.17138671875,0.0,4.17138671875,0.0003614583333333333,0.00021687499999999997,32043.44013750242,0.802684928,0.3462683079373219,0.5456034562261707,3.9738371014270184,0.01,1.0,,,
1540,4.0380859375,0.0,4.0380859375,0.00036041666666666665,0.00021624999999999997,32044.736013490965,0.807927808,0.4286681259216235,0.802300403060226,3.961445477904215,0.01,1.0,,,
1550,4.3642578125,0.0,4.3642578125,0.000359375,0.00021562499999999997,32046.18173991213,0.813170688,0.3839748975771338,0.6972753989904021,3.9490001068451135,0.01,1.0,,,
1560,4.3564453125,0.0,4.3564453125,0.00035833333333333333,0.000215,32046.41655434164,0.818413568,0.33620418415595765,0.6336295690986322,3.9365014795716515,0.01,1.0,,,
1570,4.2451171875,0.0,4.2451171875,0.0003572916666666667,0.000214375,32046.4922695755,0.823656448,0.4514825376135164,0.6230032447671741,3.923950089508233,0.01,1.0,,,
1580,4.1904296875,0.0,4.1904296875,0.00035625,0.00021375,32046.147342689157,0.828899328,0.3403471250139233,0.4649154624327865,3.911346432162246,0.01,1.0,,,
1590,4.2255859375,0.0,4.2255859375,0.00035520833333333335,0.000213125,32047.002108153363,0.834142208,0.43522772533413323,0.6438008942661396,3.898691005104502,0.01,1.0,,,
1600,3.7041015625,0.0,3.7041015625,0.00035416666666666664,0.00021249999999999996,32046.921783578826,0.839385088,0.4845914543924859,0.7517169757722121,3.8859843079495917,0.01,1.0,,,
1610,3.9169921875,0.0,3.9169921875,0.00035312500000000003,0.000211875,32047.777321525005,0.844627968,0.3570684915234419,0.4811182088241709,3.8732268423361615,0.01,1.0,,,
1620,4.0439453125,0.0,4.0439453125,0.0003520833333333333,0.00021124999999999996,32047.990035328938,0.849870848,0.5397277503846768,0.8410482006698861,3.86041911190711,0.01,1.0,,,
1630,4.09130859375,0.0,4.09130859375,0.0003510416666666667,0.000210625,32047.807118311634,0.855113728,0.3940520089772194,0.5620944891526077,3.847561622289702,0.01,1.0,,,
1640,4.24462890625,0.0,4.24462890625,0.00035,0.00020999999999999998,32047.37293895566,0.860356608,0.42967500579581575,0.6354421132552435,3.834654881075616,0.01,1.0,,,
1650,4.02734375,0.0,4.02734375,0.0003489583333333334,0.000209375,32047.29392917811,0.865599488,0.38252754008659917,0.4824541043566983,3.821699397800891,0.01,1.0,,,
1660,4.0390625,0.0,4.0390625,0.0003479166666666667,0.00020874999999999998,32046.82730769437,0.870842368,0.34254882901350886,0.939178421561109,3.8086956839258264,0.01,1.0,,,
1670,4.22412109375,0.0,4.22412109375,0.000346875,0.00020812499999999998,32047.58059809891,0.876085248,0.2787472793106275,0.4251014259604942,3.795644252814778,0.01,1.0,,,
1680,4.22021484375,0.0,4.22021484375,0.00034583333333333335,0.00020749999999999998,32047.896472254666,0.881328128,0.40533287986573424,0.9144629023676317,3.7825456197158998,0.01,1.0,,,
1690,4.01806640625,0.0,4.01806640625,0.0003447916666666667,0.00020687499999999997,32048.97434813576,0.886571008,0.24394663905683336,0.3437323334097426,3.7694003017407978,0.01,1.0,,,
1700,3.8984375,0.0,3.8984375,0.00034375,0.00020624999999999997,32049.984704831793,0.891813888,0.4099095732357248,0.4034785378165394,3.7562088178441164,0.01,1.0,,,
1710,3.8779296875,0.0,3.8779296875,0.0003427083333333333,0.000205625,32050.218676296405,0.897056768,0.3111386037335253,0.30478671297872445,3.742971688803054,0.01,1.0,,,
1720,4.1318359375,0.0,4.1318359375,0.00034166666666666666,0.000205,32014.8953889333,0.902299648,0.3760678225763259,0.9265269267895976,3.7296894371967984,0.01,1.0,,,
1730,3.939453125,0.0,3.939453125,0.000340625,0.000204375,32016.16273528928,0.907542528,0.4048334269690241,0.8416587626478104,3.7163625873859,0.01,1.0,,,
1740,3.91064453125,0.0,3.91064453125,0.00033958333333333334,0.00020375,32017.172567792637,0.912785408,0.3511424585308239,0.41557154751604236,3.7029916654915715,0.01,1.0,,,
1750,3.8173828125,0.0,3.8173828125,0.0003385416666666666,0.00020312499999999996,32018.182467241313,0.918028288,0.469056327720064,0.6243630107516409,3.6895771993749125,0.01,1.0,,,
1760,4.0400390625,0.0,4.0400390625,0.0003375,0.0002025,32018.38288164123,0.923271168,0.3098815365146216,0.5316725126590491,3.6761197186160777,0.01,1.0,,,
1770,3.91650390625,0.0,3.91650390625,0.0003364583333333333,0.00020187499999999996,32018.752191314245,0.928514048,0.6967511893443074,0.7167141294511198,3.6626197544933636,0.01,1.0,,,
1780,4.126953125,0.0,4.126953125,0.0003354166666666667,0.00020125,32020.022745624396,0.933756928,0.4215454695607154,0.6613924579404857,3.649077839962239,0.01,1.0,,,
1790,3.78857421875,0.0,3.78857421875,0.000334375,0.00020062499999999996,32019.88448621334,0.938999808,0.31832106757205103,0.4626407278655205,3.635494509634302,0.01,1.0,,,
1800,3.63037109375,0.0,3.63037109375,0.0003333333333333334,0.0002,32020.57205417664,0.944242688,0.3863843794721448,0.4603467949461082,3.6218702997561745,0.01,1.0,,,
1810,4.0908203125,0.0,4.0908203125,0.00033229166666666666,0.00019937499999999998,32021.104152854332,0.949485568,0.35464108292142454,0.4568824779925677,3.6082057481883356,0.01,1.0,,,
1820,3.69482421875,0.0,3.69482421875,0.00033125,0.00019874999999999998,32022.800933703526,0.954728448,0.4660849261692745,0.5072070580862599,3.5945013943838826,0.01,1.0,,,
1830,4.04443359375,0.0,4.04443359375,0.00033020833333333334,0.00019812499999999998,32023.520760441777,0.959971328,0.27304997206441356,0.412421553174121,3.580757779367238,0.01,1.0,,,
1840,3.83349609375,0.0,3.83349609375,0.0003291666666666667,0.00019749999999999998,32023.653991048024,0.965214208,0.4189119316138556,0.5519112549744285,3.5669754457127905,0.01,1.0,,,
1850,4.0,0.0,4.0,0.000328125,0.00019687499999999997,32024.7584763546,0.970457088,0.2678746043933783,0.41873731193976715,3.5531549375234732,0.01,1.0,,,
1860,3.63037109375,0.0,3.63037109375,0.00032708333333333336,0.00019624999999999997,32025.25203809724,0.975699968,0.37827711114207757,0.5315351296194297,3.539296800409286,0.01,1.0,,,
1870,4.18896484375,0.0,4.18896484375,0.0003260416666666667,0.000195625,31993.96096273755,0.980942848,0.36279498352479495,0.6012109360656998,3.525401581465752,0.01,1.0,,,
1880,3.974609375,0.0,3.974609375,0.00032500000000000004,0.000195,31995.476887415272,0.986185728,0.3664843112478294,0.44474356896833617,3.511469829252323,0.01,1.0,,,
1890,4.033203125,0.0,4.033203125,0.0003239583333333334,0.000194375,31996.34600201088,0.991428608,0.40653280997942987,0.39058490285915654,3.4975020937707217,0.01,1.0,,,
1900,4.05859375,0.0,4.05859375,0.0003229166666666666,0.00019374999999999997,31996.873369436926,0.996671488,0.4372099980275527,0.7717714314540722,3.483498926443227,0.01,1.0,,,
1910,4.07958984375,0.0,4.07958984375,0.000321875,0.000193125,31997.131396324934,1.001914368,0.37587235591651313,0.5875331550041064,3.4694608800909097,0.01,1.0,,,
1920,3.9228515625,0.0,3.9228515625,0.0003208333333333333,0.00019249999999999996,31998.37961104201,1.007157248,0.43450698859136716,0.8850807782975438,3.4553885089118017,0.01,1.0,,,
1930,3.82275390625,0.0,3.82275390625,0.0003197916666666667,0.000191875,31999.38461457183,1.012400128,0.33852824405187076,0.46803805340842647,3.4412823684590217,0.01,1.0,,,
1940,4.01806640625,0.0,4.01806640625,0.00031874999999999997,0.00019124999999999996,32000.115248483107,1.017643008,0.2659509447812148,0.3542396667179639,3.4271430156188414,0.01,1.0,,,
1950,3.916015625,0.0,3.916015625,0.00031770833333333336,0.000190625,32000.785135396207,1.022885888,0.3617421193960259,0.46117505678887893,3.412971008588699,0.01,1.0,,,
1960,3.67431640625,0.0,3.67431640625,0.00031666666666666665,0.00018999999999999998,32000.424705660695,1.028128768,0.40043372158626656,0.9164118692826011,3.398766906855168,0.01,1.0,,,
1970,4.13623046875,0.0,4.13623046875,0.000315625,0.00018937499999999998,32001.10481627643,1.033371648,0.45936389018502866,0.6406849970288823,3.3845312711718627,0.01,1.0,,,
1980,3.86328125,0.0,3.86328125,0.00031458333333333333,0.00018874999999999998,32000.861952390824,1.038614528,0.31902649326155125,0.4709799003440195,3.3702646635373026,0.01,1.0,,,
1990,4.07470703125,0.0,4.07470703125,0.00031354166666666667,0.00018812499999999998,32001.98022433932,1.043857408,0.34288004522010707,0.4540463019973322,3.3559676471727315,0.01,1.0,,,
2000,4.2646484375,0.0,4.2646484375,0.0003125,0.00018749999999999998,32002.780267985727,1.049100288,0.38409483750376106,0.6885963475850309,3.341640786499874,0.01,1.0,,,
2000,,,,,,,,,,,,,5.966346153846154,5.966346153846154,7.329326923076923
2010,3.92626953125,0.0,3.92626953125,0.00031145833333333335,0.00018687499999999998,31997.175020116276,1.054343168,0.3533078276445142,0.5071802624924463,3.327284647118658,0.01,1.0,,,
2020,3.9052734375,0.0,3.9052734375,0.0003104166666666667,0.00018625,31998.527696856865,1.059586048,0.28050884558115546,0.41743501713923453,3.3128997957848845,0.01,1.0,,,
2030,3.9951171875,0.0,3.9951171875,0.000309375,0.000185625,31999.585048397992,1.064828928,0.35812495443848585,0.5739470858000203,3.298486800387852,0.01,1.0,,,
2040,4.2763671875,0.0,4.2763671875,0.00030833333333333337,0.000185,31999.1747910351,1.070071808,0.33304043382378085,0.48889066027690403,3.284046229927943,0.01,1.0,,,
2050,4.01513671875,0.0,4.01513671875,0.00030729166666666665,0.00018437499999999997,32000.317016884524,1.075314688,0.23038410703316942,0.3655954151639851,3.2695786544941505,0.01,1.0,,,
2060,3.8779296875,0.0,3.8779296875,0.00030625000000000004,0.00018375,32000.779187319265,1.080557568,0.27928448406117495,0.5137689007551722,3.2550846452415803,0.01,1.0,,,
2070,3.69189453125,0.0,3.69189453125,0.00030520833333333333,0.00018312499999999997,32001.934127897683,1.085800448,0.4408845871157096,0.6032572061774981,3.240564774368902,0.01,1.0,,,
2080,3.99072265625,0.0,3.99072265625,0.0003041666666666667,0.0001825,32001.914488500926,1.091043328,0.324738495390067,0.5297597090456208,3.226019615095753,0.01,1.0,,,
2090,4.1435546875,0.0,4.1435546875,0.000303125,0.00018187499999999996,32002.11766323259,1.096286208,0.34987665787071665,0.6236355781232591,3.2114497416401173,0.01,1.0,,,
2100,3.8564453125,0.0,3.8564453125,0.0003020833333333334,0.00018125000000000001,32002.75317082696,1.101529088,0.33094933062597176,0.5505375712074608,3.196855729195651,0.01,1.0,,,
2110,3.869140625,0.0,3.869140625,0.00030104166666666663,0.00018062499999999999,32002.803067795714,1.106771968,0.3310438609676145,0.5393832615522983,3.182238153908978,0.01,1.0,,,
2120,4.00927734375,0.0,4.00927734375,0.0003,0.00017999999999999998,32004.026691414616,1.112014848,0.40608555275743335,0.6912417573351121,3.1675975928569398,0.01,1.0,,,
2130,4.03564453125,0.0,4.03564453125,0.0002989583333333333,0.00017937499999999998,32004.726794023918,1.117257728,0.43883670711419687,0.8493019258352994,3.1529346240238176,0.01,1.0,,,
2140,3.90625,0.0,3.90625,0.00029791666666666665,0.00017874999999999998,32005.39251477821,1.122500608,0.4963434452133973,0.7386070990587562,3.138249826278515,0.01,1.0,,,
2150,4.19775390625,0.0,4.19775390625,0.000296875,0.00017812499999999998,32006.428749314993,1.127743488,0.49311738994129606,0.762444428753226,3.1235437793517025,0.01,1.0,,,
2160,4.12939453125,0.0,4.12939453125,0.00029583333333333333,0.00017749999999999998,32006.268777372545,1.132986368,0.5967030307275516,0.8028486358779559,3.1088170638129315,0.01,1.0,,,
2170,4.3564453125,0.0,4.3564453125,0.00029479166666666667,0.00017687499999999998,32007.024787916667,1.138229248,0.5452070566560893,0.8382623273232434,3.0940702610477153,0.01,1.0,,,
2180,3.98095703125,0.0,3.98095703125,0.00029375,0.00017625,32007.058099232207,1.143472128,0.36240340673739085,0.7029916799662245,3.0793039532345765,0.01,1.0,,,
2190,4.03466796875,0.0,4.03466796875,0.00029270833333333335,0.000175625,32007.31541011674,1.148715008,0.32127427138129416,0.4703958147390381,3.0645187233220654,0.01,1.0,,,
2200,3.716796875,0.0,3.716796875,0.00029166666666666664,0.00017499999999999997,32008.32385574372,1.153957888,0.3285485188546122,0.5596760716927327,3.0497151550057398,0.01,1.0,,,
2210,4.19580078125,0.0,4.19580078125,0.00029062500000000003,0.000174375,32008.968823926883,1.159200768,0.3921763434241148,0.6489570826410109,3.0348938327051296,0.01,1.0,,,
2220,3.88671875,0.0,3.88671875,0.0002895833333333333,0.00017374999999999997,32009.434474316557,1.164443648,0.438151622891369,0.7665637189671831,3.020055341540663,0.01,1.0,,,
2230,4.0263671875,0.0,4.0263671875,0.0002885416666666667,0.000173125,32010.24406882808,1.169686528,0.2264701440371962,0.3256964587286865,3.005200267310561,0.01,1.0,,,
2240,4.2802734375,0.0,4.2802734375,0.0002875,0.00017249999999999996,32010.049199785317,1.174929408,0.3831440331129879,0.8245184385607017,2.9903291964677208,0.01,1.0,,,
2250,4.0224609375,0.0,4.0224609375,0.0002864583333333334,0.00017187500000000002,32010.659636822355,1.180172288,0.36343226759494557,0.37388906565123103,2.975442716096554,0.01,1.0,,,
2260,3.82763671875,0.0,3.82763671875,0.0002854166666666667,0.00017125,32010.677516586493,1.185415168,0.3013050878506788,0.5568268659373776,2.960541413889817,0.01,1.0,,,
2270,3.5869140625,0.0,3.5869140625,0.000284375,0.000170625,32011.303506820448,1.190658048,0.384970548043516,0.5145895798470665,2.9456258781254054,0.01,1.0,,,
2280,3.6220703125,0.0,3.6220703125,0.00028333333333333335,0.00016999999999999999,32011.698804715474,1.195900928,0.38362707484772474,0.529550320482448,2.9306966976431315,0.01,1.0,,,
2290,3.953125,0.0,3.953125,0.0002822916666666667,0.00016937499999999998,32012.43429113753,1.201143808,0.3935383177509884,0.68281808989483,2.915754461821478,0.01,1.0,,,
2300,3.6376953125,0.0,3.6376953125,0.00028125000000000003,0.00016874999999999998,32013.49168980633,1.206386688,0.3699345314665691,0.4541841059383852,2.9007997605543308,0.01,1.0,,,
2310,4.1396484375,0.0,4.1396484375,0.0002802083333333333,0.00016812499999999998,32013.700922738808,1.211629568,0.36432653983579955,0.6104923495049503,2.8858331842276876,0.01,1.0,,,
2320,3.93798828125,0.0,3.93798828125,0.00027916666666666666,0.00016749999999999998,32013.752858347063,1.216872448,0.36071534357688684,0.6839479972616591,2.8708553236963565,0.01,1.0,,,
2330,3.8134765625,0.0,3.8134765625,0.000278125,0.000166875,32014.945717836086,1.222115328,0.3583451613636713,0.5407671039947268,2.855866770260624,0.01,1.0,,,
2340,3.5068359375,0.0,3.5068359375,0.00027708333333333334,0.00016625,32014.629261510632,1.227358208,0.41573504530910843,0.8692673117955524,2.8408681156429156,0.01,1.0,,,
2350,3.861328125,0.0,3.861328125,0.0002760416666666666,0.00016562499999999997,32015.299049881807,1.232601088,0.35584353229401056,0.48763694913452954,2.825859951964435,0.01,1.0,,,
2360,3.80419921875,0.0,3.80419921875,0.000275,0.000165,32015.980053645522,1.237843968,0.3647072903426193,0.5637212531497003,2.8108428717217837,0.01,1.0,,,
2370,3.58251953125,0.0,3.58251953125,0.0002739583333333333,0.00016437499999999997,32016.8810404723,1.243086848,0.3028594832692492,0.4513663322506591,2.7958174677635785,0.01,1.0,,,
2380,3.91650390625,0.0,3.91650390625,0.0002729166666666667,0.00016375,32017.708356436673,1.248329728,0.38190308382790583,0.4739508768573409,2.780784333267039,0.01,1.0,,,
2390,3.8623046875,0.0,3.8623046875,0.000271875,0.00016312499999999997,32018.138181248498,1.253572608,0.43837015853446487,0.483322609308061,2.765744061714574,0.01,1.0,,,
2400,3.7080078125,0.0,3.7080078125,0.0002708333333333334,0.00016250000000000002,31993.075698746983,1.258815488,0.4046062309309972,0.5452937895266069,2.7506972468703523,0.01,1.0,,,
2410,3.7705078125,0.0,3.7705078125,0.00026979166666666666,0.00016187499999999996,31994.488489069197,1.264058368,0.390532194932629,0.4948868939793744,2.7356444827568596,0.01,1.0,,,
2420,3.32421875,0.0,3.32421875,0.00026875,0.00016125,31992.17878184014,1.269301248,0.6346123204344161,0.6576729813059108,2.720586363631447,0.01,1.0,,,
2430,4.07275390625,0.0,4.07275390625,0.00026770833333333334,0.000160625,31993.563773871243,1.274544128,0.4184829754364961,0.8885935529973318,2.7055234839628763,0.01,1.0,,,
2440,4.181640625,0.0,4.181640625,0.0002666666666666667,0.00015999999999999999,31993.657785795058,1.279787008,0.4283569862611623,0.5644467010765765,2.690456438407843,0.01,1.0,,,
2450,3.94482421875,0.0,3.94482421875,0.000265625,0.00015937499999999998,31993.6920414568,1.285029888,0.37638928627665746,0.6196159937683309,2.675385821787508,0.01,1.0,,,
2460,3.85205078125,0.0,3.85205078125,0.00026458333333333336,0.00015874999999999998,31994.695360768386,1.290272768,0.2509017693752533,0.2795774360222749,2.66031222906401,0.01,1.0,,,
2470,3.9013671875,0.0,3.9013671875,0.0002635416666666667,0.00015812499999999998,31994.36108329462,1.295515648,0.3597354427071242,0.5339547050538429,2.64523625531698,0.01,1.0,,,
2480,3.73486328125,0.0,3.73486328125,0.00026250000000000004,0.00015749999999999998,31995.142694028204,1.300758528,0.37879727651328693,0.5303243951752149,2.6301584957200466,0.01,1.0,,,
2490,3.88916015625,0.0,3.88916015625,0.0002614583333333334,0.000156875,31994.65512717805,1.306001408,0.27442125579214227,0.65660944280008,2.6150795455173417,0.01,1.0,,,
2500,3.8125,0.0,3.8125,0.0002604166666666666,0.00015624999999999998,31995.6219462696,1.311244288,0.28372352486899094,0.5617295251892265,2.6,0.01,1.0,,,
2500,,,,,,,,,,,,,5.846153846153846,5.846153846153846,7.298076923076923
2510,3.939453125,0.0,3.939453125,0.000259375,0.000155625,31994.21776439101,1.316487168,0.30638252054078835,0.35939356662671945,2.5849204544826585,0.01,1.0,,,
2520,3.90380859375,0.0,3.90380859375,0.0002583333333333333,0.00015499999999999997,31994.26994721563,1.321730048,0.3609597665856223,0.5275555531658299,2.5698415042799536,0.01,1.0,,,
2530,3.87841796875,0.0,3.87841796875,0.0002572916666666667,0.000154375,31995.180378239525,1.326972928,0.2825276021663401,0.6094682909543601,2.554763744683021,0.01,1.0,,,
2540,3.77294921875,0.0,3.77294921875,0.00025624999999999997,0.00015374999999999997,31994.857961833146,1.332215808,0.35914514589062607,0.549807776860404,2.5396877709359904,0.01,1.0,,,
2550,3.85791015625,0.0,3.85791015625,0.00025520833333333336,0.00015312500000000002,31995.620250577336,1.337458688,0.31895116220640674,0.36134700122796015,2.524614178212492,0.01,1.0,,,
2560,4.142578125,0.0,4.142578125,0.00025416666666666665,0.00015249999999999997,31995.931106156306,1.342701568,0.4547176672584328,0.5476205259964191,2.509543561592157,0.01,1.0,,,
2570,3.6474609375,0.0,3.6474609375,0.000253125,0.000151875,31995.794003063867,1.347944448,0.27808034754901756,0.37639668445711366,2.4944765160371247,0.01,1.0,,,
2580,3.88916015625,0.0,3.88916015625,0.0002520833333333333,0.00015125,31996.502819363945,1.353187328,0.28886825530652255,0.4619043594415966,2.4794136363685535,0.01,1.0,,,
2590,3.8857421875,0.0,3.8857421875,0.00025104166666666667,0.000150625,31997.022788062102,1.358430208,0.3169787591821,0.4688552758789462,2.4643555172431415,0.01,1.0,,,
2600,3.37548828125,0.0,3.37548828125,0.00025,0.00015,31997.52486162,1.363673088,0.46168602101550704,0.47760778534339215,2.4493027531296487,0.01,1.0,,,
2610,3.65478515625,0.0,3.65478515625,0.00024895833333333334,0.00014937499999999999,31997.505996557906,1.368915968,0.3094502165718337,0.4170123646702004,2.4342559382854265,0.01,1.0,,,
2620,3.9208984375,0.0,3.9208984375,0.0002479166666666667,0.00014874999999999998,31998.57257625581,1.374158848,0.2896464275325531,0.5133044536653242,2.419215666732962,0.01,1.0,,,
2630,3.55078125,0.0,3.55078125,0.000246875,0.00014812499999999998,31998.138535243346,1.379401728,0.3967251673176577,0.44684161769269215,2.4041825322364225,0.01,1.0,,,
2640,3.728515625,0.0,3.728515625,0.00024583333333333336,0.0001475,31999.082213176473,1.384644608,0.29796971671154754,0.3999599414138961,2.389157128278217,0.01,1.0,,,
2650,3.79931640625,0.0,3.79931640625,0.0002447916666666667,0.000146875,31999.3141755696,1.389887488,0.2916129960975817,0.31030732098704106,2.374140048035566,0.01,1.0,,,
2660,4.0439453125,0.0,4.0439453125,0.00024375000000000002,0.00014625,31994.68320758616,1.395130368,0.3317647321817626,0.8087860168877528,2.3591318843570845,0.01,1.0,,,
2670,3.6181640625,0.0,3.6181640625,0.00024270833333333336,0.000145625,31995.416948078244,1.400373248,0.3036581672284684,0.48132006169707076,2.344133229739376,0.01,1.0,,,
2680,4.0791015625,0.0,4.0791015625,0.00024166666666666664,0.00014499999999999997,31995.960358740955,1.405616128,0.451331536676063,0.6575979586163816,2.3291446763036445,0.01,1.0,,,
2690,3.4873046875,0.0,3.4873046875,0.00024062499999999998,0.00014437499999999997,31996.477146910405,1.410859008,0.3359353547376243,0.48913045955001994,2.314166815772313,0.01,1.0,,,
2700,4.01416015625,0.0,4.01416015625,0.00023958333333333332,0.00014374999999999997,31995.877167947492,1.416101888,0.3652048229254435,0.5413598660728995,2.2992002394456694,0.01,1.0,,,
2710,4.1435546875,0.0,4.1435546875,0.00023854166666666666,0.00014312499999999997,31996.11841614059,1.421344768,0.4498583637820018,0.7302803136565317,2.284245538178522,0.01,1.0,,,
2720,3.599609375,0.0,3.599609375,0.0002375,0.0001425,31995.93028950231,1.426587648,0.5100135382155637,0.8605329872583819,2.2693033023568687,0.01,1.0,,,
2730,3.37353515625,0.0,3.37353515625,0.00023645833333333334,0.000141875,31995.236155938306,1.431830528,0.3294599933052818,0.792878295462159,2.254374121874595,0.01,1.0,,,
2740,3.3203125,0.0,3.3203125,0.00023541666666666668,0.00014125,31993.834838455932,1.437073408,0.46911565799281013,0.7639835033156548,2.2394585861101834,0.01,1.0,,,
2750,3.76318359375,0.0,3.76318359375,0.000234375,0.000140625,31994.781127932518,1.442316288,0.5147515075811449,0.6848946865322828,2.2245572839034464,0.01,1.0,,,
2760,3.92041015625,0.0,3.92041015625,0.00023333333333333333,0.00014,31995.38076756896,1.447559168,0.3045588410931961,0.3635028265418951,2.2096708035322794,0.01,1.0,,,
2770,4.142578125,0.0,4.142578125,0.00023229166666666667,0.00013937499999999999,31995.393338133432,1.452802048,0.31679965792926124,0.6215106578172193,2.1947997326894386,0.01,1.0,,,
2780,3.822265625,0.0,3.822265625,0.00023125,0.00013874999999999998,31993.75978237183,1.458044928,0.26147610020166595,0.35107072624001745,2.1799446584593376,0.01,1.0,,,
2790,3.7421875,0.0,3.7421875,0.00023020833333333335,0.000138125,31992.594757508246,1.463287808,0.3138851699719112,0.6904793727093326,2.1651061672948706,0.01,1.0,,,
2800,3.94091796875,0.0,3.94091796875,0.0002291666666666667,0.0001375,31993.18487248847,1.468530688,0.3111199336310449,0.9500749934722842,2.1502848449942613,0.01,1.0,,,
2810,4.02978515625,0.0,4.02978515625,0.00022812500000000003,0.000136875,31994.06399411833,1.473773568,0.5191510815706845,0.7537182136161147,2.135481276677935,0.01,1.0,,,
2820,3.583984375,0.0,3.583984375,0.00022708333333333337,0.00013625,31994.106140071937,1.479016448,0.30714361881615176,0.4633320830021432,2.120696046765423,0.01,1.0,,,
2830,3.92822265625,0.0,3.92822265625,0.00022604166666666665,0.00013562499999999998,31994.290108302434,1.484259328,0.3620847782008499,0.4121752935984314,2.105929738952285,0.01,1.0,,,
2840,3.7001953125,0.0,3.7001953125,0.000225,0.00013499999999999997,31994.627510497252,1.489502208,0.24642915853435557,0.3973327550894237,2.091182936187069,0.01,1.0,,,
2850,3.81201171875,0.0,3.81201171875,0.0002239583333333333,0.00013437499999999997,31994.95479354568,1.494745088,0.40848614613679174,0.9132203371170933,2.0764562206482986,0.01,1.0,,,
2860,3.42529296875,0.0,3.42529296875,0.00022291666666666665,0.00013374999999999997,31995.688327317053,1.499987968,0.2913564375274016,0.579693207492792,2.061750173721485,0.01,1.0,,,
2870,3.650390625,0.0,3.650390625,0.00022187499999999999,0.00013312499999999997,31996.22529163944,1.505230848,0.41399917290239047,0.3985197235003779,2.0470653759761825,0.01,1.0,,,
2880,3.8720703125,0.0,3.8720703125,0.00022083333333333333,0.0001325,31996.761681357468,1.510473728,0.4344151247179629,0.7886969087569983,2.032402407143061,0.01,1.0,,,
2890,3.62060546875,0.0,3.62060546875,0.00021979166666666666,0.000131875,31997.154715720193,1.515716608,0.39077262900872983,0.6030094572649903,2.0177618460910223,0.01,1.0,,,
2900,3.873046875,0.0,3.873046875,0.00021875,0.00013125,31997.502808321733,1.520959488,0.26254623934073584,0.35732789784024727,2.003144270804349,0.01,1.0,,,
2910,3.9638671875,0.0,3.9638671875,0.00021770833333333334,0.000130625,31998.26722173418,1.526202368,0.32094868442902397,0.5639723742630628,1.9885502583598837,0.01,1.0,,,
2920,3.8525390625,0.0,3.8525390625,0.00021666666666666668,0.00013,31998.839037872694,1.531445248,0.3000530312596728,0.422075855354951,1.9739803849042468,0.01,1.0,,,
2930,3.517578125,0.0,3.517578125,0.00021562500000000002,0.000129375,31999.100701655287,1.536688128,0.32485045093219483,0.38516196768740557,1.9594352256310985,0.01,1.0,,,
2940,3.80908203125,0.0,3.80908203125,0.00021458333333333336,0.00012874999999999999,31999.743984698718,1.541931008,0.2695376758298333,0.862757526055359,1.9449153547584197,0.01,1.0,,,
2950,4.078125,0.0,4.078125,0.0002135416666666667,0.000128125,32000.140204574513,1.547173888,0.30536820405258874,0.4108168254705133,1.9304213455058499,0.01,1.0,,,
2960,3.88330078125,0.0,3.88330078125,0.00021250000000000002,0.0001275,32001.109712678626,1.552416768,0.43297027118616105,0.8277398494611161,1.9159537700720577,0.01,1.0,,,
2970,3.81396484375,0.0,3.81396484375,0.00021145833333333335,0.000126875,32001.491326441923,1.557659648,0.36133179735520926,0.8481837450245573,1.9015131996121475,0.01,1.0,,,
2980,3.72509765625,0.0,3.72509765625,0.00021041666666666664,0.00012624999999999998,32002.219644674442,1.562902528,0.33520725964165965,0.44072206364186073,1.887100204215116,0.01,1.0,,,
2990,3.8349609375,0.0,3.8349609375,0.00020937499999999998,0.00012562499999999998,32002.67655338965,1.568145408,0.32667767083697347,0.4193958784839421,1.8727153528813427,0.01,1.0,,,
3000,3.84130859375,0.0,3.84130859375,0.00020833333333333332,0.00012499999999999998,32003.064704084984,1.573388288,0.2683841332743924,0.4305228039383114,1.8583592135001263,0.01,1.0,,,
3000,,,,,,,,,,,,,5.733173076923077,5.733173076923077,7.252403846153846
3010,3.4345703125,0.0,3.4345703125,0.00020729166666666666,0.00012437499999999997,31999.27017510008,1.578631168,0.3519927099027254,0.43173093271030666,1.844032352827269,0.01,1.0,,,
3020,3.37939453125,0.0,3.37939453125,0.00020625,0.00012374999999999997,31999.18434197655,1.583874048,0.29113568741159235,0.398863502932162,1.8297353364626974,0.01,1.0,,,
3030,5.228515625,0.0,5.228515625,0.00020520833333333334,0.000123125,31998.972016339263,1.589116928,0.4375537286458147,0.8993068388549184,1.8154687288281377,0.01,1.0,,,
3040,3.03564453125,0.0,3.03564453125,0.00020416666666666668,0.0001225,31998.71404162133,1.594359808,0.5332971935501092,0.847104146159276,1.8012330931448322,0.01,1.0,,,
3050,3.55859375,0.0,3.55859375,0.00020312500000000002,0.000121875,31999.58959642577,1.599602688,0.29119237811034193,0.41707921312487084,1.7870289914113007,0.01,1.0,,,
3060,3.74072265625,0.0,3.74072265625,0.00020208333333333333,0.00012124999999999999,31999.730779742364,1.604845568,0.3197308659141597,0.3061613509161357,1.7728569843811592,0.01,1.0,,,
3070,3.486328125,0.0,3.486328125,0.00020104166666666667,0.00012062499999999999,32000.170187028285,1.610088448,0.23982752545295535,0.3873167219465989,1.7587176315409787,0.01,1.0,,,
3080,3.650390625,0.0,3.650390625,0.0002,0.00011999999999999999,32000.630682496972,1.615331328,0.21975452146080618,0.30230686307059385,1.7446114910881978,0.01,1.0,,,
3090,3.8330078125,0.0,3.8330078125,0.00019895833333333335,0.000119375,32000.985720207438,1.620574208,0.29955131680236025,0.44102886245715217,1.7305391199090905,0.01,1.0,,,
3100,3.634765625,0.0,3.634765625,0.0001979166666666667,0.00011875,32001.731214843265,1.625817088,0.33101629029819385,0.5137165908709573,1.716501073556773,0.01,1.0,,,
3110,3.65380859375,0.0,3.65380859375,0.00019687500000000003,0.000118125,32001.993906948323,1.631059968,0.4005394061202849,0.6127129546258213,1.7024979062292793,0.01,1.0,,,
3120,3.576171875,0.0,3.576171875,0.00019583333333333337,0.00011750000000000001,32002.18189797665,1.636302848,0.31189703980410627,0.6616631885558338,1.6885301707476774,0.01,1.0,,,
3130,3.65869140625,0.0,3.65869140625,0.00019479166666666665,0.00011687499999999997,32002.856278658368,1.641545728,0.25960254469494964,0.45318962815139924,1.6745984185342488,0.01,1.0,,,
3140,3.6591796875,0.0,3.6591796875,0.00019375,0.00011624999999999998,32003.241684466735,1.646788608,0.28541550715952013,0.3452662004058789,1.660703199590714,0.01,1.0,,,
3150,3.39453125,0.0,3.39453125,0.0001927083333333333,0.00011562499999999998,32003.596281534683,1.652031488,0.4041831277452988,0.44188312423214104,1.646845062476526,0.01,1.0,,,
3160,4.0419921875,0.0,4.0419921875,0.00019166666666666665,0.00011499999999999998,32003.854288999137,1.657274368,0.42624796773114276,0.7549465065426093,1.6330245542872097,0.01,1.0,,,
3170,3.640625,0.0,3.640625,0.00019062499999999998,0.00011437499999999999,32004.533149075698,1.662517248,0.37343919880649573,0.6864976365075838,1.6192422206327626,0.01,1.0,,,
3180,4.23193359375,0.0,4.23193359375,0.00018958333333333332,0.00011374999999999999,32004.866606104973,1.667760128,0.4261546360273784,0.5284978829000376,1.6054986056161187,0.01,1.0,,,
3190,3.8671875,0.0,3.8671875,0.00018854166666666666,0.00011312499999999999,32005.247856507667,1.673003008,0.2555576131402374,0.3241486445138282,1.591794251811665,0.01,1.0,,,
3200,3.818359375,0.0,3.818359375,0.0001875,0.0001125,32005.696238114993,1.678245888,0.31341165520158587,0.5584706828378452,1.5781297002438255,0.01,1.0,,,
3210,3.94580078125,0.0,3.94580078125,0.00018645833333333334,0.000111875,32005.889732967822,1.683488768,0.37706710765309,0.6723591217005797,1.564505490365698,0.01,1.0,,,
3220,3.703125,0.0,3.703125,0.00018541666666666668,0.00011125,32005.924226548483,1.688731648,0.32142056400134106,0.7646350109403893,1.5509221600377616,0.01,1.0,,,
3230,3.64990234375,0.0,3.64990234375,0.00018437500000000002,0.00011062499999999999,32006.45225815907,1.693974528,0.2965224141175797,0.4909774982101502,1.5373802455066368,0.01,1.0,,,
3240,3.90771484375,0.0,3.90771484375,0.00018333333333333336,0.00011,32006.666008585595,1.699217408,0.2752262000970421,0.4833585563158967,1.523880281383923,0.01,1.0,,,
3250,3.91943359375,0.0,3.91943359375,0.0001822916666666667,0.000109375,32007.236624273333,1.704460288,0.297765033025801,0.43209445997022056,1.5104228006250877,0.01,1.0,,,
3260,3.64599609375,0.0,3.64599609375,0.00018125000000000001,0.00010875,32007.370184378848,1.709703168,0.2534679517919481,0.4401248300193098,1.497008334508429,0.01,1.0,,,
3270,3.8525390625,0.0,3.8525390625,0.00018020833333333335,0.00010812500000000001,32008.157378090662,1.714946048,0.21295263953057514,0.42300594568439787,1.4836374126140999,0.01,1.0,,,
3280,3.78662109375,0.0,3.78662109375,0.00017916666666666664,0.00010749999999999997,32008.462183364398,1.720188928,0.3440794850329089,0.7301365861472812,1.4703105628032025,0.01,1.0,,,
3290,3.6416015625,0.0,3.6416015625,0.00017812499999999998,0.00010687499999999998,32009.213056508477,1.725431808,0.5399358923052681,0.5973306599313755,1.4570283111969466,0.01,1.0,,,
3300,3.7783203125,0.0,3.7783203125,0.00017708333333333332,0.00010624999999999998,32009.42867566535,1.730674688,0.26993311383820606,0.5134244024192863,1.4437911821558829,0.01,1.0,,,
3310,3.59130859375,0.0,3.59130859375,0.00017604166666666666,0.00010562499999999998,32009.80663390545,1.735917568,0.5630680842327859,0.8258167496847018,1.4305996982592029,0.01,1.0,,,
3320,3.41845703125,0.0,3.41845703125,0.000175,0.00010499999999999999,32010.53383348676,1.741160448,0.3992799293034671,0.7535783512794054,1.4174543802841004,0.01,1.0,,,
3330,3.8369140625,0.0,3.8369140625,0.00017395833333333334,0.00010437499999999999,32010.788538029763,1.746403328,0.3711439376532119,0.9289373839036901,1.404355747185222,0.01,1.0,,,
3340,3.9755859375,0.0,3.9755859375,0.00017291666666666668,0.00010374999999999999,32011.33695747835,1.751646208,0.32375873172781366,0.5024920115964335,1.391304316074174,0.01,1.0,,,
3350,4.03662109375,0.0,4.03662109375,0.000171875,0.00010312499999999999,32012.083761796253,1.756889088,0.41354908537248625,0.6488197006385316,1.3783006021991087,0.01,1.0,,,
3360,3.7744140625,0.0,3.7744140625,0.00017083333333333333,0.0001025,32012.406123287696,1.762131968,0.3626281789066538,0.6222563600562158,1.3653451189243841,0.01,1.0,,,
3370,3.7607421875,0.0,3.7607421875,0.00016979166666666667,0.000101875,32012.60632798552,1.767374848,0.24755872641291582,0.968869634757541,1.352438377710297,0.01,1.0,,,
3380,4.2685546875,0.0,4.2685546875,0.00016875,0.00010125,32012.67277803676,1.772617728,0.40867624275091186,0.6182296572783391,1.3395808880928908,0.01,1.0,,,
3390,3.85107421875,0.0,3.85107421875,0.00016770833333333335,0.000100625,32012.80478692366,1.777860608,0.35656755487342734,0.5880984049653711,1.3267731576638386,0.01,1.0,,,
3400,4.0986328125,0.0,4.0986328125,0.0001666666666666667,0.0001,32013.32043024979,1.783103488,0.4276068237730281,0.7737616888298947,1.3140156920504085,0.01,1.0,,,
3410,3.5205078125,0.0,3.5205078125,0.00016562500000000003,9.9375e-05,32013.58461587896,1.788346368,0.3294823342223912,0.5505997222715345,1.3013089948954981,0.01,1.0,,,
3420,3.95458984375,0.0,3.95458984375,0.00016458333333333337,9.875e-05,32013.879181124965,1.793589248,0.3057261311685808,0.621997530960099,1.2886535678377542,0.01,1.0,,,
3430,3.56298828125,0.0,3.56298828125,0.00016354166666666665,9.812499999999997e-05,32014.1959400174,1.798832128,0.29384165739186946,0.471373662076257,1.2760499104917675,0.01,1.0,,,
3440,3.80615234375,0.0,3.80615234375,0.0001625,9.749999999999998e-05,32014.64232307299,1.804075008,0.2575880591167053,0.3862217322167894,1.2634985204283486,0.01,1.0,,,
3450,3.72900390625,0.0,3.72900390625,0.0001614583333333333,9.687499999999998e-05,32014.955881322327,1.809317888,0.48391050207279696,0.4049416637863282,1.2509998931548871,0.01,1.0,,,
3460,3.2626953125,0.0,3.2626953125,0.00016041666666666664,9.624999999999998e-05,32014.303101314756,1.814560768,0.4163596233229068,0.90979695402755,1.238554522095784,0.01,1.0,,,
3470,3.498046875,0.0,3.498046875,0.00015937499999999998,9.562499999999998e-05,32014.932512934516,1.819803648,0.4145157567147613,0.9105916838656375,1.2261628985729816,0.01,1.0,,,
3480,3.82080078125,0.0,3.82080078125,0.00015833333333333332,9.499999999999999e-05,32015.429545087976,1.825046528,0.35784052602718447,0.40401317445485413,1.2138255117865582,0.01,1.0,,,
3490,3.640625,0.0,3.640625,0.00015729166666666666,9.437499999999999e-05,32015.99144971298,1.830289408,0.2517298581447693,0.2999161008403334,1.2015428487954178,0.01,1.0,,,
3500,3.4580078125,0.0,3.4580078125,0.00015625,9.374999999999999e-05,31998.39467949632,1.835532288,0.374726701420092,0.5615273783983078,1.1893153944980648,0.01,1.0,,,
3500,,,,,,,,,,,,,5.728365384615385,5.728365384615385,7.259615384615385
3510,3.64013671875,0.0,3.64013671875,0.00015520833333333334,9.3125e-05,31997.944995384016,1.840775168,0.2296073277965541,0.4265062169025471,1.1771436316134578,0.01,1.0,,,
3520,3.880859375,0.0,3.880859375,0.00015416666666666668,9.25e-05,31998.24750446921,1.846018048,0.35100872100573777,0.47508650557825904,1.1650280406619544,0.01,1.0,,,
3530,3.572265625,0.0,3.572265625,0.00015312500000000002,9.1875e-05,31998.6477917735,1.851260928,0.3053212884035335,0.39883223305543514,1.1529690999463404,0.01,1.0,,,
3540,3.6005859375,0.0,3.6005859375,0.00015208333333333336,9.125e-05,31998.986396394328,1.856503808,0.30211695756139345,0.5727463792140358,1.1409672855329467,0.01,1.0,,,
3550,3.5966796875,0.0,3.5966796875,0.0001510416666666667,9.062500000000001e-05,31999.497739473412,1.861746688,0.2792873055682493,0.4495827332789078,1.1290230712328568,0.01,1.0,,,
3560,3.53857421875,0.0,3.53857421875,0.00015000000000000001,9e-05,32000.313306794043,1.866989568,0.304033985216453,0.4199005957212187,1.1171369285831978,0.01,1.0,,,
3570,3.74853515625,0.0,3.74853515625,0.00014895833333333335,8.9375e-05,32000.61388509136,1.872232448,0.2203057939948643,0.4151063201571447,1.1053093268285294,0.01,1.0,,,
3580,3.63134765625,0.0,3.63134765625,0.00014791666666666664,8.874999999999998e-05,32000.793248194175,1.877475328,0.27468015766480464,0.3914893110646394,1.0935407329023192,0.01,1.0,,,
3590,3.54736328125,0.0,3.54736328125,0.00014687499999999998,8.812499999999997e-05,32000.980782751754,1.882718208,0.2548572064862395,0.4484334649351077,1.0818316114085014,0.01,1.0,,,
3600,3.88818359375,0.0,3.88818359375,0.00014583333333333332,8.749999999999999e-05,32001.547735942593,1.887961088,0.2735492027345424,0.4547099534239741,1.0701824246031446,0.01,1.0,,,
3610,3.8916015625,0.0,3.8916015625,0.00014479166666666666,8.687499999999998e-05,32002.127341069234,1.893203968,0.26713386819893586,0.4984706370012768,1.0585936323761982,0.01,1.0,,,
3620,3.81787109375,0.0,3.81787109375,0.00014375,8.624999999999998e-05,32002.472960562634,1.898446848,0.3452842332490687,0.4157578480735768,1.0470656922333343,0.01,1.0,,,
3630,3.662109375,0.0,3.662109375,0.00014270833333333334,8.5625e-05,32003.03420182322,1.903689728,0.3240866670048531,0.5040535849990612,1.0355990592778905,0.01,1.0,,,
3640,3.80517578125,0.0,3.80517578125,0.00014166666666666668,8.499999999999999e-05,32003.264037859342,1.908932608,0.2942645754681413,0.8024538498339256,1.024194186192905,0.01,1.0,,,
3650,3.734375,0.0,3.734375,0.00014062500000000002,8.437499999999999e-05,32003.729273516507,1.914175488,0.3114292081011015,0.4577484898833659,1.0128515232232358,0.01,1.0,,,
3660,3.7548828125,0.0,3.7548828125,0.00013958333333333333,8.374999999999999e-05,32004.249442947606,1.919418368,0.2781666597669249,0.38875335464720867,1.0015715181577962,0.01,1.0,,,
3670,3.80126953125,0.0,3.80126953125,0.00013854166666666667,8.3125e-05,32004.36599497579,1.924661248,0.38620306011738,0.8769732153940819,0.9903546163118719,0.01,1.0,,,
3680,3.841796875,0.0,3.841796875,0.0001375,8.25e-05,32004.697630251874,1.929904128,0.24901674159693526,0.6400111654055594,0.9792012605095413,0.01,1.0,,,
3690,3.3583984375,0.0,3.3583984375,0.00013645833333333335,8.1875e-05,32004.94880971161,1.935147008,0.2890100836979222,0.4014441328781937,0.9681118910661939,0.01,1.0,,,
3700,3.92236328125,0.0,3.92236328125,0.0001354166666666667,8.125000000000001e-05,32005.34658948807,1.940389888,0.32801484413625204,0.7156482831126707,0.9570869457711471,0.01,1.0,,,
3710,3.32373046875,0.0,3.32373046875,0.00013437500000000003,8.062500000000001e-05,32005.877677072804,1.945632768,0.2574580844797708,0.3906644335414109,0.9461268598703643,0.01,1.0,,,
3720,3.7939453125,0.0,3.7939453125,0.00013333333333333337,8e-05,32006.46500060729,1.950875648,0.24421102020961424,0.40633962190101475,0.9352320660492683,0.01,1.0,,,
3730,3.39306640625,0.0,3.39306640625,0.00013229166666666665,7.937499999999998e-05,32006.914218341037,1.956118528,0.31056081277301784,0.43465038203123746,0.924402994415666,0.01,1.0,,,
3740,3.74853515625,0.0,3.74853515625,0.00013125,7.874999999999998e-05,32007.15369760265,1.961361408,0.28002502881765273,0.3640218523880473,0.9136400724827622,0.01,1.0,,,
3750,3.6708984375,0.0,3.6708984375,0.0001302083333333333,7.812499999999999e-05,32007.44369464944,1.966604288,0.348266164793157,0.7489643261612519,0.902943725152286,0.01,1.0,,,
3760,3.72607421875,0.0,3.72607421875,0.00012916666666666664,7.749999999999999e-05,32007.96886618995,1.971847168,0.36738256145322484,0.5785607764144481,0.8923143746977151,0.01,1.0,,,
3770,3.59912109375,0.0,3.59912109375,0.00012812499999999998,7.687499999999998e-05,32008.20130905381,1.977090048,0.27572786187785936,0.3283846170042049,0.8817524407476052,0.01,1.0,,,
3780,3.7919921875,0.0,3.7919921875,0.00012708333333333332,7.624999999999998e-05,32008.224063586422,1.982332928,0.2643163588492594,0.4791309951520965,0.8712583402690242,0.01,1.0,,,
3790,3.51513671875,0.0,3.51513671875,0.00012604166666666666,7.5625e-05,32008.79539622547,1.987575808,0.39456169349298836,0.7010413582840976,0.860832487551088,0.01,1.0,,,
3800,3.63818359375,0.0,3.63818359375,0.000125,7.5e-05,32008.95524264282,1.992818688,0.3014719350703781,0.38160849598255325,0.850475294188612,0.01,1.0,,,
3810,3.7421875,0.0,3.7421875,0.00012395833333333334,7.437499999999999e-05,32009.636708391543,1.998061568,0.23550326443314973,0.3429184522123878,0.8401871690658564,0.01,1.0,,,
3820,3.39013671875,0.0,3.39013671875,0.00012291666666666668,7.375e-05,32010.10096581371,2.003304448,0.2566463891365552,0.48126834261983065,0.8299685183403829,0.01,1.0,,,
3830,3.53125,0.0,3.53125,0.00012187500000000001,7.3125e-05,32010.556673459367,2.008547328,0.21529823312139496,0.33983987652803377,0.8198197454270262,0.01,1.0,,,
3840,3.9443359375,0.0,3.9443359375,0.00012083333333333335,7.25e-05,32011.004435284125,2.013790208,0.6654655699423834,0.7459099499298781,0.809741250981963,0.01,1.0,,,
3850,3.3017578125,0.0,3.3017578125,0.00011979166666666669,7.1875e-05,32011.314195312105,2.019033088,0.3083533215882142,0.444561235719263,0.799733432886897,0.01,1.0,,,
3860,3.69140625,0.0,3.69140625,0.00011875000000000003,7.125000000000001e-05,32010.781282734897,2.024275968,0.4084334901865842,0.8278790830911118,0.7897966862333508,0.01,1.0,,,
3870,3.69482421875,0.0,3.69482421875,0.00011770833333333337,7.062500000000001e-05,32010.704282675317,2.029518848,0.26274963085555014,0.3475317500484213,0.7799314033070675,0.01,1.0,,,
3880,3.77587890625,0.0,3.77587890625,0.00011666666666666664,6.999999999999998e-05,32011.26754639507,2.034761728,0.27914647126211295,0.6320275101281685,0.7701379735725256,0.01,1.0,,,
3890,3.6357421875,0.0,3.6357421875,0.00011562499999999998,6.937499999999998e-05,32011.565279281753,2.040004608,0.3308148027347315,0.43124548542534835,0.7604167836575606,0.01,1.0,,,
3900,3.9951171875,0.0,3.9951171875,0.00011458333333333332,6.874999999999998e-05,32011.83224285449,2.045247488,0.3305956142193796,0.41002744272657493,0.7507682173381056,0.01,1.0,,,
3910,3.2001953125,0.0,3.2001953125,0.00011354166666666666,6.812499999999999e-05,32010.873768431888,2.050490368,0.450180181453918,0.8928816897440203,0.741192655523039,0.01,1.0,,,
3920,3.72265625,0.0,3.72265625,0.0001125,6.749999999999999e-05,32011.444617861904,2.055733248,0.3911097547608256,0.9035526102217856,0.7316904762391441,0.01,1.0,,,
3930,3.822265625,0.0,3.822265625,0.00011145833333333332,6.687499999999999e-05,32011.62520528687,2.060976128,0.3223844143489926,0.5802466150320288,0.7222620546161886,0.01,1.0,,,
3940,3.94775390625,0.0,3.94775390625,0.00011041666666666666,6.625e-05,32012.147138960565,2.066219008,0.29833961940482484,0.5358895412663527,0.7129077628721154,0.01,1.0,,,
3950,3.70263671875,0.0,3.70263671875,0.000109375,6.5625e-05,32012.37275255878,2.071461888,0.2650469570399309,0.3421448772913066,0.703627970298343,0.01,1.0,,,
3960,3.291015625,0.0,3.291015625,0.00010833333333333334,6.5e-05,32012.236282531143,2.076704768,0.25802801116425117,0.3556399219008717,0.694423043245195,0.01,1.0,,,
3970,3.7412109375,0.0,3.7412109375,0.00010729166666666668,6.437499999999999e-05,32012.59950821315,2.081947648,0.25627570583880727,0.5610999692124445,0.6852933451074299,0.01,1.0,,,
3980,3.64892578125,0.0,3.64892578125,0.00010625000000000001,6.375e-05,32012.915866127954,2.087190528,0.287668256864734,0.351853959490096,0.6762392363098966,0.01,1.0,,,
3010,3.87939453125,0.0,3.87939453125,0.00020729166666666666,0.00012437499999999997,9688234.838394152,1.578631168,0.5859691250776937,0.7989927162832784,1.844032352827269,0.01,1.0,,,
3990,3.66015625,0.0,3.66015625,0.00010520833333333335,6.3125e-05,32013.350608915385,2.092433408,0.35153588884714093,0.9360489694506952,0.6672610742933074,0.01,1.0,,,
3020,5.3232421875,0.0,5.3232421875,0.00020625,0.00012374999999999997,4829426.63493762,1.583874048,0.5084569831991248,0.8617111283726547,1.8297353364626974,0.01,1.0,,,
4000,3.861328125,0.0,3.861328125,0.00010416666666666669,6.25e-05,32013.810321147263,2.097676288,0.256811238714244,0.47631397514868845,0.6583592135001264,0.01,1.0,,,
4000,,,,,,,,,,,,,5.6826923076923075,5.6826923076923075,7.2764423076923075
3030,4.05810546875,0.0,4.05810546875,0.00020520833333333334,0.000123125,3233819.021708447,1.589116928,0.4012494432518887,0.5589175396288132,1.8154687288281377,0.01,1.0,,,
4010,3.5869140625,0.0,3.5869140625,0.00010312500000000003,6.187500000000001e-05,32011.3999402432,2.102919168,0.2545232403934789,0.29355249361174446,0.6495340053605745,0.01,1.0,,,
3040,3.21826171875,0.0,3.21826171875,0.00020416666666666668,0.0001225,2421972.3525586235,1.594359808,0.5101082965276602,0.860259572774001,1.8012330931448322,0.01,1.0,,,
4020,3.55615234375,0.0,3.55615234375,0.00010208333333333337,6.125000000000001e-05,32011.784450694235,2.108162048,0.2759770348034607,0.48728355364823306,0.6407857982787586,0.01,1.0,,,
3050,3.09375,0.0,3.09375,0.00020312500000000002,0.000121875,1942005.128622292,1.599602688,0.5554184111670238,0.8325911436382093,1.7870289914113007,0.01,1.0,,,
4030,3.6220703125,0.0,3.6220703125,0.00010104166666666664,6.0624999999999976e-05,32011.809988973495,2.113404928,0.26162715519022106,0.4989088603983828,0.6321149376189144,0.01,1.0,,,
3060,3.8154296875,0.0,3.8154296875,0.00020208333333333333,0.00012124999999999999,1625350.8496745278,1.604845568,0.3336602347921334,0.48426931870678286,1.7728569843811592,0.01,1.0,,,
4040,3.62255859375,0.0,3.62255859375,9.999999999999998e-05,5.999999999999998e-05,32012.101313561285,2.118647808,0.25845056632064095,0.45180018879080047,0.6235217656917746,0.01,1.0,,,
3070,4.18505859375,0.0,4.18505859375,0.00020104166666666667,0.00012062499999999999,1398900.858275834,1.610088448,0.5550829776555773,0.8316425430212567,1.7587176315409787,0.01,1.0,,,
4050,3.54638671875,0.0,3.54638671875,9.895833333333332e-05,5.9374999999999986e-05,32012.440656222472,2.123890688,0.2716262153096628,0.28115563058864346,0.6150066217410519,0.01,1.0,,,
3080,3.607421875,0.0,3.607421875,0.0002,0.00011999999999999999,1227641.7450566394,1.615331328,0.5415622799176344,0.8411543019480842,1.7446114910881978,0.01,1.0,,,
4060,3.52685546875,0.0,3.52685546875,9.791666666666666e-05,5.8749999999999985e-05,32012.789328642233,2.129133568,0.25743777328780704,0.5046979953930413,0.6065698419300494,0.01,1.0,,,
3090,3.904296875,0.0,3.904296875,0.00019895833333333335,0.000119375,1095409.8791275024,1.620574208,0.3479518001671104,0.6284706238296836,1.7305391199090905,0.01,1.0,,,
4070,4.24365234375,0.0,4.24365234375,9.6875e-05,5.812499999999999e-05,32013.192612846702,2.134376448,0.5457795424254083,0.8384173239014024,0.5982117593283893,0.01,1.0,,,
3100,3.77880859375,0.0,3.77880859375,0.0001979166666666667,0.00011875,990088.1253448525,1.625817088,0.4017602978559105,0.5940481490066513,1.716501073556773,0.01,1.0,,,
4080,3.458984375,0.0,3.458984375,9.583333333333332e-05,5.749999999999999e-05,32013.531723155338,2.139619328,0.2724546877130767,0.36974950147211433,0.58993270389886,0.01,1.0,,,
3110,4.45458984375,0.0,4.45458984375,0.00019687500000000003,0.000118125,903563.0545832784,1.631059968,0.5818038807278552,0.7189800483777613,1.7024979062292793,0.01,1.0,,,
4090,3.59130859375,0.0,3.59130859375,9.479166666666666e-05,5.687499999999999e-05,32014.197392849364,2.144862208,0.2574348796003061,0.4443142651893194,0.5817330024843943,0.01,1.0,,,
3120,4.02099609375,0.0,4.02099609375,0.00019583333333333337,0.00011750000000000001,830192.9419153988,1.636302848,0.3368247311289571,0.5625049027884442,1.6885301707476774,0.01,1.0,,,
4100,3.427734375,0.0,3.427734375,9.375e-05,5.625e-05,32014.599692645723,2.150105088,0.2529840118895181,0.5134238868528314,0.5736129787951638,0.01,1.0,,,
3130,3.82666015625,0.0,3.82666015625,0.00019479166666666665,0.00011687499999999997,769282.9130905975,1.641545728,0.3700623649526399,0.633419913688148,1.6745984185342488,0.01,1.0,,,
4110,3.72265625,0.0,3.72265625,9.270833333333334e-05,5.5625e-05,32015.06077555526,2.155347968,0.25455439224686993,0.31878110583168134,0.5655729533958007,0.01,1.0,,,
3140,3.60400390625,0.0,3.60400390625,0.00019375,0.00011624999999999998,717094.1799926554,1.646788608,0.37466731042449,0.5658624762772301,1.660703199590714,0.01,1.0,,,
4120,3.4599609375,0.0,3.4599609375,9.166666666666668e-05,5.5e-05,32015.843648116283,2.160590848,0.2835807909850247,0.34283345885961297,0.5576132436927393,0.01,1.0,,,
3150,3.80029296875,0.0,3.80029296875,0.0001927083333333333,0.00011562499999999998,671693.4860810178,1.652031488,0.31730219623545847,0.5524578714591855,1.646845062476526,0.01,1.0,,,
4130,3.61376953125,0.0,3.61376953125,9.062500000000001e-05,5.4375e-05,32015.846873397968,2.165833728,0.40656771196105884,0.41113915649681726,0.5497341639216914,0.01,1.0,,,
3160,3.88818359375,0.0,3.88818359375,0.00019166666666666665,0.00011499999999999998,631503.6650587469,1.657274368,0.4447787899949856,0.6337208398651585,1.6330245542872097,0.01,1.0,,,
4140,3.5966796875,0.0,3.5966796875,8.958333333333335e-05,5.3750000000000005e-05,32016.24922677435,2.171076608,0.2559654953928797,0.3589155719704319,0.541936025135235,0.01,1.0,,,
3170,3.5498046875,0.0,3.5498046875,0.00019062499999999998,0.00011437499999999999,596391.3006806606,1.662517248,0.35080493523333856,0.6055131987145901,1.6192422206327626,0.01,1.0,,,
4150,3.6591796875,0.0,3.6591796875,8.854166666666669e-05,5.3125000000000004e-05,32016.31175604488,2.176319488,0.44284196493615063,0.859488098125692,0.5342191351905355,0.01,1.0,,,
3180,3.2392578125,0.0,3.2392578125,0.00018958333333333332,0.00011374999999999999,564988.9348517832,1.667760128,0.504508152724446,0.8635450040906938,1.6054986056161187,0.01,1.0,,,
4160,3.8330078125,0.0,3.8330078125,8.750000000000003e-05,5.250000000000001e-05,32016.74508273288,2.181562368,0.22685676124997942,0.3122827579412644,0.5265837987371953,0.01,1.0,,,
3190,4.45654296875,0.0,4.45654296875,0.00018854166666666666,0.00011312499999999999,537090.0352384422,1.673003008,0.41916512039771486,0.6382098603410342,1.591794251811665,0.01,1.0,,,
4170,3.76806640625,0.0,3.76806640625,8.645833333333337e-05,5.1875000000000014e-05,32017.407229003948,2.186805248,0.22488693275546612,0.3106952440884146,0.519030317205224,0.01,1.0,,,
3200,3.84326171875,0.0,3.84326171875,0.0001875,0.0001125,511807.14613869076,1.678245888,0.29779646739159754,0.3899052020737734,1.5781297002438255,0.01,1.0,,,
4180,3.94482421875,0.0,3.94482421875,8.541666666666664e-05,5.124999999999998e-05,32017.89469078639,2.192048128,0.32729752688216507,0.47995966777456156,0.5115589887931383,0.01,1.0,,,
3210,4.0126953125,0.0,4.0126953125,0.00018645833333333334,0.000111875,489039.40287065925,1.683488768,0.3057825132142563,0.44697664499034656,1.564505490365698,0.01,1.0,,,
4190,3.64306640625,0.0,3.64306640625,8.437499999999998e-05,5.0624999999999984e-05,32018.2216238651,2.197291008,0.2721768980698323,0.2707981074386398,0.5041701084561916,0.01,1.0,,,
3220,3.87060546875,0.0,3.87060546875,0.00018541666666666668,0.00011125,468303.85195304203,1.688731648,0.3609862978843387,0.5023834138468163,1.5509221600377616,0.01,1.0,,,
4200,3.77685546875,0.0,3.77685546875,8.333333333333332e-05,4.999999999999998e-05,32018.51108824669,2.202533888,0.3147855248373705,0.4649028407633414,0.4968639678947274,0.01,1.0,,,
3230,4.3662109375,0.0,4.3662109375,0.00018437500000000002,0.00011062499999999999,449420.5410264174,1.693974528,0.36350264850497027,0.6583957580557045,1.5373802455066368,0.01,1.0,,,
4210,3.59130859375,0.0,3.59130859375,8.229166666666666e-05,4.937499999999999e-05,32018.64830287413,2.207776768,0.31670233421080507,0.38508499499886756,0.48964085554266534,0.01,1.0,,,
3240,3.638671875,0.0,3.638671875,0.00018333333333333336,0.00011,432157.77625511214,1.699217408,0.4328645222859549,0.5784579216934284,1.523880281383923,0.01,1.0,,,
4220,3.50634765625,0.0,3.50634765625,8.125e-05,4.874999999999999e-05,32018.959667378345,2.213019648,0.2605684893355351,0.2955256291964234,0.4825010565561124,0.01,1.0,,,
3250,3.7021484375,0.0,3.7021484375,0.0001822916666666667,0.000109375,416196.2778099792,1.704460288,0.4243024306425887,0.39920341303373175,1.5104228006250877,0.01,1.0,,,
4230,3.82470703125,0.0,3.82470703125,8.020833333333332e-05,4.812499999999999e-05,32019.195421584194,2.218262528,0.36093738928931435,0.3829628905528077,0.47544485280210713,0.01,1.0,,,
3260,4.1728515625,0.0,4.1728515625,0.00018125000000000001,0.00010875,401496.3911848728,1.709703168,0.4220217541938583,0.9060264640528637,1.497008334508429,0.01,1.0,,,
4240,3.4814453125,0.0,3.4814453125,7.916666666666666e-05,4.7499999999999996e-05,32017.548180704227,2.223505408,0.2892262587218158,0.3245974871771342,0.46847252284749324,0.01,1.0,,,
3270,3.9375,0.0,3.9375,0.00018020833333333335,0.00010812500000000001,387858.53788627806,1.714946048,0.3170559253937448,0.508290275703444,1.4836374126140999,0.01,1.0,,,
4250,3.48095703125,0.0,3.48095703125,7.8125e-05,4.6874999999999994e-05,32016.947515135445,2.228748288,0.32661838469726606,0.3361384984836151,0.4615843419479173,0.01,1.0,,,
3280,3.73291015625,0.0,3.73291015625,0.00017916666666666664,0.00010749999999999997,375195.61533447076,1.720188928,0.27872977761328616,0.45770272704759857,1.4703105628032025,0.01,1.0,,,
4260,3.59375,0.0,3.59375,7.708333333333334e-05,4.625e-05,32017.678602568078,2.233991168,0.39408055580116663,0.3638476229795277,0.4547805820369669,0.01,1.0,,,
3290,3.87255859375,0.0,3.87255859375,0.00017812499999999998,0.00010687499999999998,363439.61743269383,1.725431808,0.27414228973073257,0.5709534737410763,1.4570283111969466,0.01,1.0,,,
4270,3.83447265625,0.0,3.83447265625,7.604166666666668e-05,4.5625e-05,32018.356339472368,2.239234048,0.36922788767388887,0.5298084330422094,0.4480615117154344,0.01,1.0,,,
3300,3.91552734375,0.0,3.91552734375,0.00017708333333333332,0.00010624999999999998,352392.79336371535,1.730674688,0.24953558925746486,0.36399880319978817,1.4437911821558829,0.01,1.0,,,
4280,3.71923828125,0.0,3.71923828125,7.500000000000001e-05,4.5e-05,32018.70472330922,2.244476928,0.28123691332147566,0.4210503862725953,0.4414273962407094,0.01,1.0,,,
3310,4.2255859375,0.0,4.2255859375,0.00017604166666666666,0.00010562499999999998,342120.43273560546,1.735917568,0.342297397433343,0.6132785473738979,1.4305996982592029,0.01,1.0,,,
4290,3.59228515625,0.0,3.59228515625,7.395833333333335e-05,4.437500000000001e-05,32019.04276120981,2.249719808,0.29255093447159,0.6054761036734233,0.4348784975163132,0.01,1.0,,,
3320,3.70703125,0.0,3.70703125,0.000175,0.00010499999999999999,332430.8784466603,1.741160448,0.2854892016870577,0.3372063166875657,1.4174543802841004,0.01,1.0,,,
4300,3.83056640625,0.0,3.83056640625,7.291666666666669e-05,4.3750000000000006e-05,32019.320189078102,2.254962688,0.28746415934814534,0.477719537700265,0.42841507408155355,0.01,1.0,,,
3330,3.77978515625,0.0,3.77978515625,0.00017395833333333334,0.00010437499999999999,323250.54145624704,1.746403328,0.25347298696266457,0.3789819220711103,1.404355747185222,0.01,1.0,,,
4310,4.12255859375,0.0,4.12255859375,7.187500000000003e-05,4.312500000000001e-05,32019.89086985769,2.260205568,0.6289522168955263,0.4614515453521236,0.4220373811013195,0.01,1.0,,,
3340,3.93701171875,0.0,3.93701171875,0.00017291666666666668,0.00010374999999999999,314743.90139653435,1.751646208,0.3509125039122809,0.4949991264000238,1.391304316074174,0.01,1.0,,,
4320,3.68505859375,0.0,3.68505859375,7.083333333333337e-05,4.250000000000001e-05,32020.448940767816,2.265448448,0.19853809443098142,0.29401031287407897,0.4157456703560104,0.01,1.0,,,
3350,3.86376953125,0.0,3.86376953125,0.000171875,0.00010312499999999999,306711.39757057437,1.756889088,0.3456197428316452,0.4498067702916676,1.3783006021991087,0.01,1.0,,,
4330,3.634765625,0.0,3.634765625,6.979166666666664e-05,4.187499999999998e-05,32020.637675814687,2.270691328,0.3608486605414672,0.5199909510611661,0.4095401902315934,0.01,1.0,,,
3360,3.951171875,0.0,3.951171875,0.00017083333333333333,0.0001025,299123.4968589182,1.762131968,0.2907022505862419,0.7418752301171923,1.3653451189243841,0.01,1.0,,,
4340,3.49072265625,0.0,3.49072265625,6.874999999999998e-05,4.1249999999999986e-05,32021.12789432612,2.275934208,0.2718562508907984,0.38681768149706613,0.4034211857097979,0.01,1.0,,,
3370,3.78515625,0.0,3.78515625,0.00016979166666666667,0.000101875,291940.23094894394,1.767374848,0.3224364176323557,0.7685221426347251,1.352438377710297,0.01,1.0,,,
4350,3.69287109375,0.0,3.69287109375,6.770833333333332e-05,4.0624999999999985e-05,32021.53435014718,2.281177088,0.22850973301525332,0.3782884251118361,0.39738889835844526,0.01,1.0,,,
3380,3.666015625,0.0,3.666015625,0.00016875,0.00010125,285132.0541890058,1.772617728,0.3257865620730303,0.5082275630177637,1.3395808880928908,0.01,1.0,,,
4360,3.697265625,0.0,3.697265625,6.666666666666666e-05,3.999999999999999e-05,32021.73172736579,2.286419968,0.4184488758536842,0.5434007850381982,0.39144356632191113,0.01,1.0,,,
3390,4.21630859375,0.0,4.21630859375,0.00016770833333333335,0.000100625,278654.39522607933,1.777860608,0.2664826095222225,0.5117542797012938,1.3267731576638386,0.01,1.0,,,
4370,3.69921875,0.0,3.69921875,6.5625e-05,3.937499999999999e-05,32021.967244978787,2.291662848,0.2676049757258444,0.4203463557038587,0.3855854243117248,0.01,1.0,,,
3400,3.45458984375,0.0,3.45458984375,0.0001666666666666667,0.0001,272509.7622649651,1.783103488,0.3117411620750876,0.41344730130777896,1.3140156920504085,0.01,1.0,,,
4380,3.9619140625,0.0,3.9619140625,6.458333333333332e-05,3.874999999999999e-05,32021.83063665727,2.296905728,0.2745503354995041,0.36762610143970903,0.37981470359730096,0.01,1.0,,,
3410,3.74365234375,0.0,3.74365234375,0.00016562500000000003,9.9375e-05,266663.0963315535,1.788346368,0.3294038552749619,0.5292359574365441,1.3013089948954981,0.01,1.0,,,
4390,3.20361328125,0.0,3.20361328125,6.354166666666666e-05,3.812499999999999e-05,32022.117155609,2.302148608,0.31954157514948284,0.33264716265539745,0.3741316319968127,0.01,1.0,,,
3420,3.65087890625,0.0,3.65087890625,0.00016458333333333337,9.875e-05,261079.84448010183,1.793589248,0.32036678238925675,0.3752053466663628,1.2886535678377542,0.01,1.0,,,
4400,3.70166015625,0.0,3.70166015625,6.25e-05,3.75e-05,32022.328287951197,2.307391488,0.23489950474584959,0.3939956557008419,0.3685364338681968,0.01,1.0,,,
3430,3.8359375,0.0,3.8359375,0.00016354166666666665,9.812499999999997e-05,255801.19538616075,1.798832128,0.2578607944033552,0.34186849967507177,1.2760499104917675,0.01,1.0,,,
4410,3.2705078125,0.0,3.2705078125,6.145833333333334e-05,3.6875e-05,32022.42769422912,2.312634368,0.295403041163102,0.31039559113788107,0.3630293301002937,0.01,1.0,,,
3440,3.59130859375,0.0,3.59130859375,0.0001625,9.749999999999998e-05,250715.7623957769,1.804075008,0.34059555136396674,0.46969929262569604,1.2634985204283486,0.01,1.0,,,
4420,4.00390625,0.0,4.00390625,6.0416666666666674e-05,3.625e-05,32022.813114989458,2.317877248,0.40956789322662507,0.5257960705785673,0.3576105381041311,0.01,1.0,,,
3450,3.7099609375,0.0,3.7099609375,0.0001614583333333333,9.687499999999998e-05,245875.01346364713,1.809317888,0.30927207658247935,0.5107014596120723,1.2509998931548871,0.01,1.0,,,
4430,3.3115234375,0.0,3.3115234375,5.9375000000000013e-05,3.5625000000000005e-05,32022.696267203042,2.323120128,0.24918293665956504,0.28285477764204586,0.3522802718043385,0.01,1.0,,,
3460,3.54736328125,0.0,3.54736328125,0.00016041666666666664,9.624999999999998e-05,241258.67223678375,1.814560768,0.5301066116970636,0.8036964760814667,1.238554522095784,0.01,1.0,,,
4440,3.96826171875,0.0,3.96826171875,5.8333333333333346e-05,3.5000000000000004e-05,32023.137940585977,2.328363008,0.33992346409544016,0.5174512591179601,0.34703874163070225,0.01,1.0,,,
3470,3.865234375,0.0,3.865234375,0.00015937499999999998,9.562499999999998e-05,236782.68536549417,1.819803648,0.27041181425074867,0.48506917714219966,1.2261628985729816,0.01,1.0,,,
4450,3.958984375,0.0,3.958984375,5.7291666666666686e-05,3.437500000000001e-05,32023.362348572417,2.333605888,0.2687307600938227,0.27516485886265757,0.34188615450985893,0.01,1.0,,,
3480,3.458984375,0.0,3.458984375,0.00015833333333333332,9.499999999999999e-05,232532.1779478079,1.825046528,0.38326701560719273,0.7600646669557442,1.2138255117865582,0.01,1.0,,,
4460,3.8837890625,0.0,3.8837890625,5.6250000000000026e-05,3.375000000000001e-05,32023.452740121465,2.338848768,0.23587259462547122,0.3367717899224623,0.33682271385712514,0.01,1.0,,,
3490,3.63916015625,0.0,3.63916015625,0.00015729166666666666,9.437499999999999e-05,228433.24960737873,1.830289408,0.2994983163958206,0.520193381964565,1.2015428487954178,0.01,1.0,,,
4470,3.67138671875,0.0,3.67138671875,5.520833333333336e-05,3.312500000000001e-05,32024.158767222772,2.344091648,0.28571549745648595,0.4418396841899744,0.33184861956846873,0.01,1.0,,,
3500,4.189453125,0.0,4.189453125,0.00015625,9.374999999999999e-05,224530.55446116932,1.835532288,0.5560185944684222,0.7602151746633381,1.1893153944980648,0.01,1.0,,,
3500,,,,,,,,,,,,,5.637019230769231,5.637019230769231,7.168269230769231
4480,3.86279296875,0.0,3.86279296875,5.4166666666666644e-05,3.2499999999999984e-05,32024.058735818442,2.349334528,0.25384436067866034,0.4040483047092335,0.32696406801261385,0.01,1.0,,,
3510,3.798828125,0.0,3.798828125,0.00015520833333333334,9.3125e-05,220696.99777759908,1.840775168,0.33140356187982745,0.4246898466938484,1.1771436316134578,0.01,1.0,,,
4490,3.80810546875,0.0,3.80810546875,5.312499999999998e-05,3.187499999999998e-05,32024.59965034836,2.354577408,0.2619591710559351,0.33234515249138896,0.3221692520232932,0.01,1.0,,,
3520,3.75634765625,0.0,3.75634765625,0.00015416666666666668,9.25e-05,217064.693085583,1.846018048,0.31407746856636837,0.4870964058692248,1.1650280406619544,0.01,1.0,,,
4500,3.59228515625,0.0,3.59228515625,5.2083333333333316e-05,3.124999999999999e-05,32024.99422557202,2.359820288,0.24981678612009087,0.35141671690390014,0.31746436089163155,0.01,1.0,,,
4500,,,,,,,,,,,,,5.625,5.625,7.2860576923076925
3530,4.14013671875,0.0,4.14013671875,0.00015312500000000002,9.1875e-05,213579.82939352051,1.851260928,0.31944070816640846,0.947610339772671,1.1529690999463404,0.01,1.0,,,
4510,3.412109375,0.0,3.412109375,5.1041666666666656e-05,3.0624999999999985e-05,32023.874328829315,2.365063168,0.29051825518458163,0.3015984872368053,0.312849580358675,0.01,1.0,,,
3540,3.9072265625,0.0,3.9072265625,0.00015208333333333336,9.125e-05,210229.5157563672,1.856503808,0.46050079397625565,0.5497519841296572,1.1409672855329467,0.01,1.0,,,
4520,3.5517578125,0.0,3.5517578125,4.999999999999999e-05,2.999999999999999e-05,32024.263329991823,2.370306048,0.30859761946188785,0.38314834403307735,0.3083250926080569,0.01,1.0,,,
3550,3.75830078125,0.0,3.75830078125,0.0001510416666666667,9.062500000000001e-05,207003.5052677166,1.861746688,0.24854000419780564,0.43169033164686915,1.1290230712328568,0.01,1.0,,,
4530,3.529296875,0.0,3.529296875,4.895833333333333e-05,2.9374999999999992e-05,32024.58009047484,2.375548928,0.2426962661933715,0.53772593640987,0.3038910762588067,0.01,1.0,,,
3560,3.84619140625,0.0,3.84619140625,0.00015000000000000001,9e-05,203879.86093291733,1.866989568,0.2503040088642729,0.4697426408972642,1.1171369285831978,0.01,1.0,,,
4540,3.66748046875,0.0,3.66748046875,4.791666666666666e-05,2.8749999999999994e-05,32024.93442030185,2.380791808,0.22556352003434854,0.25996025135157685,0.29954770635829797,0.01,1.0,,,
3570,3.5703125,0.0,3.5703125,0.00014895833333333335,8.9375e-05,200861.74669753245,1.872232448,0.26377876331091066,0.9647956504116503,1.1053093268285294,0.01,1.0,,,
4550,3.67578125,0.0,3.67578125,4.6875e-05,2.8125e-05,32025.005193435252,2.386034688,0.24521907130243187,0.45068310155508107,0.29529515437533665,0.01,1.0,,,
3580,3.9091796875,0.0,3.9091796875,0.00014791666666666664,8.874999999999998e-05,197958.81208089567,1.877475328,0.42770709324330414,0.903427280517654,1.0935407329023192,0.01,1.0,,,
4560,3.1083984375,0.0,3.1083984375,4.583333333333334e-05,2.75e-05,32024.857643831845,2.391277568,0.5043344409099803,0.6757732872305944,0.29113358819339374,0.01,1.0,,,
3590,3.97998046875,0.0,3.97998046875,0.00014687499999999998,8.812499999999997e-05,195153.6274122157,1.882718208,0.406730090033423,0.5103884207640579,1.0818316114085014,0.01,1.0,,,
4570,3.5576171875,0.0,3.5576171875,4.4791666666666673e-05,2.6875000000000003e-05,32025.13803090766,2.396520448,0.23476561635280147,0.3428470243042162,0.2870631721039767,0.01,1.0,,,
3600,3.8544921875,0.0,3.8544921875,0.00014583333333333332,8.749999999999999e-05,192445.09119792146,1.887961088,0.2935311301578334,0.4720877011523036,1.0701824246031446,0.01,1.0,,,
4580,3.720703125,0.0,3.720703125,4.375000000000001e-05,2.6250000000000004e-05,32025.54311404088,2.401763328,0.20748384605621054,0.36707944856298297,0.2830840668001427,0.01,1.0,,,
3610,3.9208984375,0.0,3.9208984375,0.00014479166666666666,8.687499999999998e-05,189821.57266250908,1.893203968,0.4239127789952048,0.6608884974128098,1.0585936323761982,0.01,1.0,,,
4590,3.5146484375,0.0,3.5146484375,4.2708333333333346e-05,2.5625000000000006e-05,32025.69972017748,2.407006208,0.24133659350119707,0.39235564809788087,0.279196429370156,0.01,1.0,,,
3620,3.51416015625,0.0,3.51416015625,0.00014375,8.624999999999998e-05,187269.90522483413,1.898446848,0.4899763892447308,0.8720006755576796,1.0470656922333343,0.01,1.0,,,
4600,3.56884765625,0.0,3.56884765625,4.1666666666666686e-05,2.5000000000000008e-05,32026.213339293456,2.412249088,0.2905333951440187,0.2926992249921265,0.2754004132912857,0.01,1.0,,,
3630,3.5947265625,0.0,3.5947265625,0.00014270833333333334,8.5625e-05,184779.7331569479,1.903689728,0.24915995379568892,0.48678905896502583,1.0355990592778905,0.01,1.0,,,
4610,3.6875,0.0,3.6875,4.0625000000000025e-05,2.437500000000001e-05,32026.404771529393,2.417491968,0.21542397499437402,0.3669455383936504,0.2716961684237461,0.01,1.0,,,
3640,3.83642578125,0.0,3.83642578125,0.00014166666666666668,8.499999999999999e-05,182388.55647575163,1.908932608,0.3239473377209808,0.6142221580594028,1.024194186192905,0.01,1.0,,,
4620,3.70751953125,0.0,3.70751953125,3.958333333333336e-05,2.3750000000000015e-05,32026.548278882467,2.422734848,0.26996807674038614,0.49594330869777925,0.26808384100478244,0.01,1.0,,,
3650,3.7998046875,0.0,3.7998046875,0.00014062500000000002,8.437499999999999e-05,180079.11238779043,1.914175488,0.36862581530796773,0.6276352073777799,1.0128515232232358,0.01,1.0,,,
4630,4.017578125,0.0,4.017578125,3.8541666666666644e-05,2.3124999999999983e-05,32024.61305783348,2.427977728,0.3753593331914478,0.6982412625842028,0.26456357364289634,0.01,1.0,,,
3660,3.875,0.0,3.875,0.00013958333333333333,8.374999999999999e-05,177852.92095916806,1.919418368,0.38368714224784306,0.6960462174967124,1.0015715181577962,0.01,1.0,,,
4640,3.95947265625,0.0,3.95947265625,3.7499999999999976e-05,2.2499999999999984e-05,32024.536776458746,2.433220608,0.289922841347178,0.37620081273885075,0.2611355053122149,0.01,1.0,,,
3670,4.40234375,0.0,4.40234375,0.00013854166666666667,8.3125e-05,175650.8979526138,1.924661248,0.4980400220877804,0.8670175818990569,0.9903546163118719,0.01,1.0,,,
4650,3.40673828125,0.0,3.40673828125,3.6458333333333316e-05,2.1874999999999986e-05,32025.099914264258,2.438463488,0.2829379539279605,0.46684398648586334,0.25779977134700643,0.01,1.0,,,
3680,3.5263671875,0.0,3.5263671875,0.0001375,8.25e-05,173557.5209645805,1.929904128,0.47840700736477665,0.878439971383356,0.9792012605095413,0.01,1.0,,,
4660,3.58935546875,0.0,3.58935546875,3.5416666666666656e-05,2.1249999999999988e-05,32025.391257592797,2.443706368,0.2787655482598733,0.4718589359580257,0.2545565034363357,0.01,1.0,,,
3690,3.54150390625,0.0,3.54150390625,0.00013645833333333335,8.1875e-05,171513.1036883289,1.935147008,0.29889559670696725,0.392802937518082,0.9681118910661939,0.01,1.0,,,
4670,5.3720703125,0.0,5.3720703125,3.437499999999999e-05,2.0624999999999993e-05,32025.32958016356,2.448949248,0.4327037006071419,0.9016865227116838,0.25140582961886704,0.01,1.0,,,
3700,3.650390625,0.0,3.650390625,0.0001354166666666667,8.125000000000001e-05,169529.3819357488,1.940389888,0.318262891793401,0.5915032881559583,0.9570869457711471,0.01,1.0,,,
4680,3.6025390625,0.0,3.6025390625,3.333333333333333e-05,1.9999999999999995e-05,32025.59420840087,2.454192128,0.2751323220897195,0.5245400504309241,0.24834787427780755,0.01,1.0,,,
3710,3.767578125,0.0,3.767578125,0.00013437500000000003,8.062500000000001e-05,167606.05336221517,1.945632768,0.3489952046122705,0.6232325976410702,0.9461268598703643,0.01,1.0,,,
4690,3.69970703125,0.0,3.69970703125,3.229166666666666e-05,1.9374999999999997e-05,32025.811447034263,2.459435008,0.2956496179794913,0.33016648914109664,0.2453827581359982,0.01,1.0,,,
3720,3.607421875,0.0,3.607421875,0.00013333333333333337,8e-05,165730.80860217882,1.950875648,0.22633977413600007,0.9739314046337545,0.9352320660492683,0.01,1.0,,,
4700,3.65234375,0.0,3.65234375,3.125e-05,1.875e-05,32026.22640299393,2.464677888,0.28375045477545946,0.4637187274726796,0.24251059825114735,0.01,1.0,,,
3730,3.7841796875,0.0,3.7841796875,0.00013229166666666665,7.937499999999998e-05,163900.00117196568,1.956118528,0.35728203627315697,0.5552045761203378,0.924402994415666,0.01,1.0,,,
4710,4.375,0.0,4.375,3.0208333333333337e-05,1.8125e-05,32026.046101419557,2.469920768,0.3677381729658914,0.9299339835718686,0.23973150801120893,0.01,1.0,,,
3740,2.9052734375,0.0,2.9052734375,0.00013125,7.874999999999998e-05,162097.50130385847,1.961361408,0.4067128241852035,0.7588262387212521,0.9136400724827622,0.01,1.0,,,
4720,3.62744140625,0.0,3.62744140625,2.9166666666666673e-05,1.7500000000000002e-05,32026.448806290733,2.475163648,0.2828505740059847,0.5588079317366086,0.23704559712990694,0.01,1.0,,,
3750,3.30419921875,0.0,3.30419921875,0.0001302083333333333,7.812499999999999e-05,160369.03885559895,1.966604288,0.3184788339275535,0.4463930573371994,0.902943725152286,0.01,1.0,,,
4730,3.58740234375,0.0,3.58740234375,2.8125000000000013e-05,1.6875000000000004e-05,32026.685664832068,2.480406528,0.21428080357828835,0.31144437019376503,0.2344529716424047,0.01,1.0,,,
3760,3.5830078125,0.0,3.5830078125,0.00012916666666666664,7.749999999999999e-05,158693.0598265998,1.971847168,0.3064347170750467,0.7110499413103787,0.8923143746977151,0.01,1.0,,,
4740,3.34228515625,0.0,3.34228515625,2.708333333333335e-05,1.625000000000001e-05,32027.045831493993,2.485649408,0.24378756029479806,0.34976723966632944,0.23195373390111673,0.01,1.0,,,
3770,3.771484375,0.0,3.771484375,0.00012812499999999998,7.687499999999998e-05,157059.6612299982,1.977090048,0.3453424717150363,0.40418950798385517,0.8817524407476052,0.01,1.0,,,
4750,3.73291015625,0.0,3.73291015625,2.6041666666666685e-05,1.562500000000001e-05,32027.491561640672,2.490892288,0.33995630960028034,0.3511741555929608,0.22954798257166964,0.01,1.0,,,
3780,3.9267578125,0.0,3.9267578125,0.00012708333333333332,7.624999999999998e-05,155454.9922586427,1.982332928,0.3061932265299157,0.4238698066675886,0.8712583402690242,0.01,1.0,,,
4760,4.15185546875,0.0,4.15185546875,2.500000000000002e-05,1.5000000000000012e-05,32027.85493194784,2.496135168,0.4021400966280185,0.49477857298158573,0.22723581262900652,0.01,1.0,,,
3790,3.64404296875,0.0,3.64404296875,0.00012604166666666666,7.5625e-05,153907.44367028857,1.987575808,0.28777477336171803,0.4573437068859499,0.860832487551088,0.01,1.0,,,
4770,3.6162109375,0.0,3.6162109375,2.395833333333336e-05,1.4375000000000014e-05,32027.81771261246,2.501378048,0.2665570357290291,0.41420140402030264,0.22501731535363778,0.01,1.0,,,
3800,3.81494140625,0.0,3.81494140625,0.000125,7.5e-05,152385.5558657978,1.992818688,0.3231944855264379,0.39400007620016475,0.850475294188612,0.01,1.0,,,
4780,3.64794921875,0.0,3.64794921875,2.291666666666664e-05,1.3749999999999984e-05,32028.034179892486,2.506620928,0.21333044435713075,0.346726277063843,0.22289257832803716,0.01,1.0,,,
3810,3.7763671875,0.0,3.7763671875,0.00012395833333333334,7.437499999999999e-05,150910.45816313784,1.998061568,0.3264567771122154,0.46110116444880106,0.8401871690658564,0.01,1.0,,,
4790,3.99560546875,0.0,3.99560546875,2.187499999999998e-05,1.3124999999999985e-05,32028.30557698753,2.511863808,0.42175562501213776,0.8556252692284737,0.22086168543318419,0.01,1.0,,,
3820,3.6572265625,0.0,3.6572265625,0.00012291666666666668,7.375e-05,149475.01040361912,2.003304448,0.22789222716530397,0.30749564938975527,0.8299685183403829,0.01,1.0,,,
4800,3.4541015625,0.0,3.4541015625,2.0833333333333316e-05,1.2499999999999987e-05,32028.780678716626,2.517106688,0.2262794445845337,0.30202332073984167,0.2189247168452534,0.01,1.0,,,
3830,3.74609375,0.0,3.74609375,0.00012187500000000001,7.3125e-05,148062.96144048555,2.008547328,0.30379059615251197,0.6635600488575838,0.8198197454270262,0.01,1.0,,,
4810,3.5400390625,0.0,3.5400390625,1.9791666666666652e-05,1.187499999999999e-05,32028.82955497919,2.522349568,0.29882534567855124,0.34177913566085283,0.2170817490324474,0.01,1.0,,,
3840,3.9306640625,0.0,3.9306640625,0.00012083333333333335,7.25e-05,146678.84600534718,2.013790208,0.40231990108780746,0.8725049756095128,0.809741250981963,0.01,1.0,,,
4820,3.76904296875,0.0,3.76904296875,1.8749999999999988e-05,1.1249999999999992e-05,32029.003312454464,2.527592448,0.29177924649566633,0.33456112616672207,0.21533285475197986,0.01,1.0,,,
3850,3.83544921875,0.0,3.83544921875,0.00011979166666666669,7.1875e-05,145339.7719024141,2.019033088,0.3123729675963495,0.5784351887269646,0.799733432886897,0.01,1.0,,,
4830,3.79931640625,0.0,3.79931640625,1.7708333333333328e-05,1.0624999999999994e-05,32029.339261164143,2.532835328,0.3389984262450189,0.6486523841848534,0.21367810304720258,0.01,1.0,,,
3860,3.7021484375,0.0,3.7021484375,0.00011875000000000003,7.125000000000001e-05,144017.8516233168,2.024275968,0.3258919288817827,0.3820682100161774,0.7897966862333508,0.01,1.0,,,
4840,3.38671875,0.0,3.38671875,1.6666666666666664e-05,9.999999999999997e-06,32029.38338907403,2.538078208,0.3622066122405248,0.3777351630750482,0.2121175592448796,0.01,1.0,,,
3870,3.5224609375,0.0,3.5224609375,0.00011770833333333337,7.062500000000001e-05,142741.32721610286,2.029518848,0.27724597195148226,0.3350559763562476,0.7799314033070675,0.01,1.0,,,
4850,3.4462890625,0.0,3.4462890625,1.5625e-05,9.375e-06,32029.846280567042,2.543321088,0.3798411542208493,0.823934313045026,0.21065128495260801,0.01,1.0,,,
3880,3.3740234375,0.0,3.3740234375,0.00011666666666666664,6.999999999999998e-05,141490.10336126582,2.034761728,0.3208080287898667,0.2735790262364898,0.7701379735725256,0.01,1.0,,,
4860,3.66259765625,0.0,3.66259765625,1.4583333333333337e-05,8.750000000000001e-06,32030.32073863799,2.548563968,0.274392378171804,0.3747730723448076,0.20927933805638627,0.01,1.0,,,
3890,4.04248046875,0.0,4.04248046875,0.00011562499999999998,6.937499999999998e-05,140268.47179163827,2.040004608,0.24749599284101662,0.4112766359524463,0.7604167836575606,0.01,1.0,,,
4870,3.55810546875,0.0,3.55810546875,1.3541666666666675e-05,8.125000000000004e-06,32030.33136885969,2.553806848,0.26505124568829297,0.3335972394723855,0.20800177271832831,0.01,1.0,,,
3900,3.78466796875,0.0,3.78466796875,0.00011458333333333332,6.874999999999998e-05,139070.82246337508,2.045247488,0.21191221313422207,0.42430506396983975,0.7507682173381056,0.01,1.0,,,
4880,3.9658203125,0.0,3.9658203125,1.250000000000001e-05,7.500000000000006e-06,32030.688091524386,2.559049728,0.31899489931034486,0.49083683573924225,0.20681863937452657,0.01,1.0,,,
3910,3.46826171875,0.0,3.46826171875,0.00011354166666666666,6.812499999999999e-05,137896.9727556244,2.050490368,0.29647245911865727,0.374135341196864,0.741192655523039,0.01,1.0,,,
4890,3.865234375,0.0,3.865234375,1.1458333333333349e-05,6.875000000000008e-06,32030.9254071603,2.564292608,0.23888924410074486,0.38260151886816984,0.20572998473305948,0.01,1.0,,,
3920,3.75390625,0.0,3.75390625,0.0001125,6.749999999999999e-05,136754.68188976395,2.055733248,0.330089843954571,0.3845779042940193,0.7316904762391441,0.01,1.0,,,
4900,3.5595703125,0.0,3.5595703125,1.0416666666666685e-05,6.2500000000000105e-06,32031.262223318758,2.569535488,0.2188904815319592,0.24641525896253494,0.20473585177214826,0.01,1.0,,,
3930,3.55859375,0.0,3.55859375,0.00011145833333333332,6.687499999999999e-05,135627.3697432266,2.060976128,0.23581873547251528,0.31795844286692604,0.7222620546161886,0.01,1.0,,,
4910,3.50927734375,0.0,3.50927734375,9.375000000000023e-06,5.625000000000013e-06,32031.496816910985,2.574778368,0.2281223670650016,0.3417138026535521,0.20383627973845997,0.01,1.0,,,
3940,3.76513671875,0.0,3.76513671875,0.00011041666666666666,6.625e-05,134533.00097338328,2.066219008,0.1998001181425916,0.21189020723070182,0.7129077628721154,0.01,1.0,,,
4920,3.36181640625,0.0,3.36181640625,8.333333333333359e-06,5.000000000000015e-06,32031.867000339134,2.580021248,0.31299987031767057,0.37608951497436977,0.2030313041455581,0.01,1.0,,,
3950,3.2880859375,0.0,3.2880859375,0.000109375,6.5625e-05,133458.5301656038,2.071461888,0.28867704076103207,0.42333624151903987,0.703627970298343,0.01,1.0,,,
4930,3.59033203125,0.0,3.59033203125,7.291666666666641e-06,4.374999999999984e-06,32032.25484782762,2.585264128,0.24333502895844328,0.3122664953967273,0.20232095677250073,0.01,1.0,,,
3960,3.7939453125,0.0,3.7939453125,0.00010833333333333334,6.5e-05,132406.9278277362,2.076704768,0.30007747339433954,0.3858002718756958,0.694423043245195,0.01,1.0,,,
4940,3.408203125,0.0,3.408203125,6.249999999999978e-06,3.7499999999999865e-06,32032.755507531434,2.590507008,0.27803079421683596,0.3002512032689965,0.20170526566258593,0.01,1.0,,,
3970,3.55810546875,0.0,3.55810546875,0.00010729166666666668,6.437499999999999e-05,131347.5363275347,2.081947648,0.3969702967194891,0.4147206337134866,0.6852933451074299,0.01,1.0,,,
4950,3.74072265625,0.0,3.74072265625,5.2083333333333145e-06,3.1249999999999887e-06,32033.07860846668,2.595749888,0.34762187508655457,0.4055741295823542,0.20118425512224417,0.01,1.0,,,
3980,3.73193359375,0.0,3.73193359375,0.00010625000000000001,6.375e-05,130342.33401935374,2.087190528,0.3455580131830865,0.4082620680126604,0.6762392363098966,0.01,1.0,,,
4960,3.646484375,0.0,3.646484375,4.166666666666652e-06,2.499999999999991e-06,32033.21343033006,2.600992768,0.2378478546830705,0.29275221526462913,0.20075794572008016,0.01,1.0,,,
3990,3.56591796875,0.0,3.56591796875,0.00010520833333333335,6.3125e-05,129352.65912823078,2.092433408,0.41191908366123137,0.9111580409433548,0.6672610742933074,0.01,1.0,,,
4970,3.52392578125,0.0,3.52392578125,3.124999999999989e-06,1.8749999999999933e-06,32033.57674292433,2.606235648,0.2565466371442066,0.2918791142760246,0.20042635428605848,0.01,1.0,,,
4000,3.51708984375,0.0,3.51708984375,0.00010416666666666669,6.25e-05,128376.26451802468,2.097676288,0.2589568362903369,0.5493103973373127,0.6583592135001264,0.01,1.0,,,
4000,,,,,,,,,,,,,5.608173076923077,5.608173076923077,7.194711538461538
4980,3.7509765625,0.0,3.7509765625,2.083333333333326e-06,1.2499999999999954e-06,32033.847945310852,2.611478528,0.24547962022122713,0.33273792165986854,0.20018949391084134,0.01,1.0,,,
4010,3.4111328125,0.0,3.4111328125,0.00010312500000000003,6.187500000000001e-05,127376.0493544204,2.102919168,0.2642821218160055,0.4664493949585271,0.6495340053605745,0.01,1.0,,,
4990,3.42041015625,0.0,3.42041015625,1.041666666666663e-06,6.249999999999977e-07,32034.223618462285,2.616721408,0.24361567800361011,0.23633007341399895,0.20004737394527095,0.01,1.0,,,
4020,3.9697265625,0.0,3.9697265625,0.00010208333333333337,6.125000000000001e-05,126446.44242247872,2.108162048,0.36983115824380053,0.6124593756508718,0.6407857982787586,0.01,1.0,,,
4030,3.6474609375,0.0,3.6474609375,0.00010104166666666664,6.0624999999999976e-05,125532.71702848093,2.113404928,0.22526689036957612,0.28743063695195614,0.6321149376189144,0.01,1.0,,,
4040,3.67919921875,0.0,3.67919921875,9.999999999999998e-05,5.999999999999998e-05,124638.67123937407,2.118647808,0.25710533646445594,0.2346133019888148,0.6235217656917746,0.01,1.0,,,
4050,3.67236328125,0.0,3.67236328125,9.895833333333332e-05,5.9374999999999986e-05,123763.78529548807,2.123890688,0.2078165526982184,0.2375799561480051,0.6150066217410519,0.01,1.0,,,
4060,3.771484375,0.0,3.771484375,9.791666666666666e-05,5.8749999999999985e-05,122904.66410882064,2.129133568,0.23077289324591305,0.3806464792298181,0.6065698419300494,0.01,1.0,,,
4070,3.5419921875,0.0,3.5419921875,9.6875e-05,5.812499999999999e-05,122058.75797392336,2.134376448,0.27257977923959587,0.3711632201118872,0.5982117593283893,0.01,1.0,,,
4080,4.181640625,0.0,4.181640625,9.583333333333332e-05,5.749999999999999e-05,121229.93159452606,2.139619328,0.38715094204486766,0.9215189346765329,0.58993270389886,0.01,1.0,,,
4090,3.71142578125,0.0,3.71142578125,9.479166666666666e-05,5.687499999999999e-05,120414.64861660132,2.144862208,0.26009508409198967,0.38440918469921836,0.5817330024843943,0.01,1.0,,,
4100,3.73095703125,0.0,3.73095703125,9.375e-05,5.625e-05,119616.19838456046,2.150105088,0.2756845347519728,0.46208841096584957,0.5736129787951638,0.01,1.0,,,
4110,3.623046875,0.0,3.623046875,9.270833333333334e-05,5.5625e-05,118831.56627224803,2.155347968,0.2139000750320727,0.3330134886473521,0.5655729533958007,0.01,1.0,,,
4120,3.59716796875,0.0,3.59716796875,9.166666666666668e-05,5.5e-05,118062.423365732,2.160590848,0.2645730080646943,0.2857494868402855,0.5576132436927393,0.01,1.0,,,
4130,3.599609375,0.0,3.599609375,9.062500000000001e-05,5.4375e-05,117309.04891948069,2.165833728,0.26838777413045795,0.3352679036628264,0.5497341639216914,0.01,1.0,,,
4140,3.60205078125,0.0,3.60205078125,8.958333333333335e-05,5.3750000000000005e-05,116563.90809321117,2.171076608,0.3544973159971927,0.4865078381650362,0.541936025135235,0.01,1.0,,,
4150,3.36572265625,0.0,3.36572265625,8.854166666666669e-05,5.3125000000000004e-05,115829.08545938887,2.176319488,0.28626837299720514,0.5987719690179932,0.5342191351905355,0.01,1.0,,,
4160,3.46142578125,0.0,3.46142578125,8.750000000000003e-05,5.250000000000001e-05,115114.74304362624,2.181562368,0.2142230641522956,0.38519020148057076,0.5265837987371953,0.01,1.0,,,
4170,3.75634765625,0.0,3.75634765625,8.645833333333337e-05,5.1875000000000014e-05,114408.45400263372,2.186805248,0.21170299918304916,0.49623087505855384,0.519030317205224,0.01,1.0,,,
4180,3.50634765625,0.0,3.50634765625,8.541666666666664e-05,5.124999999999998e-05,113691.10407142318,2.192048128,0.41334394037767064,0.6045463750042326,0.5115589887931383,0.01,1.0,,,
4190,3.70849609375,0.0,3.70849609375,8.437499999999998e-05,5.0624999999999984e-05,113004.47591688504,2.197291008,0.30296278551007866,0.5787116991658419,0.5041701084561916,0.01,1.0,,,
4200,3.84912109375,0.0,3.84912109375,8.333333333333332e-05,4.999999999999998e-05,112336.48986246143,2.202533888,0.27102181474098747,0.6543815895342648,0.4968639678947274,0.01,1.0,,,
4210,3.740234375,0.0,3.740234375,8.229166666666666e-05,4.937499999999999e-05,111676.7856390027,2.207776768,0.2920019174239291,0.4513066898623766,0.48964085554266534,0.01,1.0,,,
4220,3.4677734375,0.0,3.4677734375,8.125e-05,4.874999999999999e-05,111027.64480817853,2.213019648,0.3716760526638722,0.4248795054424083,0.4825010565561124,0.01,1.0,,,
4230,3.73388671875,0.0,3.73388671875,8.020833333333332e-05,4.812499999999999e-05,110389.18278778996,2.218262528,0.2199034677534225,0.32465008678100243,0.47544485280210713,0.01,1.0,,,
4240,3.4111328125,0.0,3.4111328125,7.916666666666666e-05,4.7499999999999996e-05,109759.89578234706,2.223505408,0.2743485517708292,0.41547680138092824,0.46847252284749324,0.01,1.0,,,
4250,3.39111328125,0.0,3.39111328125,7.8125e-05,4.6874999999999994e-05,109140.41539695558,2.228748288,0.28427978991538966,0.37099503307051607,0.4615843419479173,0.01,1.0,,,
4260,3.5673828125,0.0,3.5673828125,7.708333333333334e-05,4.625e-05,108532.61462473906,2.233991168,0.24738165866006853,0.30172678265965297,0.4547805820369669,0.01,1.0,,,
4270,3.39208984375,0.0,3.39208984375,7.604166666666668e-05,4.5625e-05,107932.6596540843,2.239234048,0.3630239791602475,0.5616262353561984,0.4480615117154344,0.01,1.0,,,
4280,4.08935546875,0.0,4.08935546875,7.500000000000001e-05,4.5e-05,107341.93915742562,2.244476928,0.3410053853230872,0.5316746155538444,0.4414273962407094,0.01,1.0,,,
4290,3.92333984375,0.0,3.92333984375,7.395833333333335e-05,4.437500000000001e-05,106759.73710447454,2.249719808,0.27459049528249724,0.447467777654187,0.4348784975163132,0.01,1.0,,,
4300,3.56640625,0.0,3.56640625,7.291666666666669e-05,4.3750000000000006e-05,106182.88341806635,2.254962688,0.3527281803233233,0.5502863090914989,0.42841507408155355,0.01,1.0,,,
4310,3.41796875,0.0,3.41796875,7.187500000000003e-05,4.312500000000001e-05,105620.50135961197,2.260205568,0.32049315784080823,0.6231438139176688,0.4220373811013195,0.01,1.0,,,
4320,3.224609375,0.0,3.224609375,7.083333333333337e-05,4.250000000000001e-05,105063.30842351247,2.265448448,0.27719405691920396,0.37304843708963087,0.4157456703560104,0.01,1.0,,,
4330,3.5087890625,0.0,3.5087890625,6.979166666666664e-05,4.187499999999998e-05,104513.89986490294,2.270691328,0.28864725350024534,0.448091030175565,0.4095401902315934,0.01,1.0,,,
4340,4.39697265625,0.0,4.39697265625,6.874999999999998e-05,4.1249999999999986e-05,103973.28006272147,2.275934208,0.2968605380953228,0.9078921478440726,0.4034211857097979,0.01,1.0,,,
4350,3.833984375,0.0,3.833984375,6.770833333333332e-05,4.0624999999999985e-05,103441.93746949482,2.281177088,0.3013689642280299,0.42304706942122666,0.39738889835844526,0.01,1.0,,,
4360,4.00048828125,0.0,4.00048828125,6.666666666666666e-05,3.999999999999999e-05,102916.68501218258,2.286419968,0.32465930047376784,0.4317595043801119,0.39144356632191113,0.01,1.0,,,
4370,3.63330078125,0.0,3.63330078125,6.5625e-05,3.937499999999999e-05,102397.72870304603,2.291662848,0.28578125550969463,0.5826600183932983,0.3855854243117248,0.01,1.0,,,
4380,3.84521484375,0.0,3.84521484375,6.458333333333332e-05,3.874999999999999e-05,101888.72209215314,2.296905728,0.28431621440086036,0.31729487499349646,0.37981470359730096,0.01,1.0,,,
4390,4.0126953125,0.0,4.0126953125,6.354166666666666e-05,3.812499999999999e-05,101390.18568312332,2.302148608,0.272177473030941,0.44792172181337747,0.3741316319968127,0.01,1.0,,,
4400,3.6640625,0.0,3.6640625,6.25e-05,3.75e-05,100895.51035268251,2.307391488,0.3071679465774489,0.37991755469040767,0.3685364338681968,0.01,1.0,,,
4410,4.0068359375,0.0,4.0068359375,6.145833333333334e-05,3.6875e-05,100407.60072127872,2.312634368,0.26596792811584435,0.3046274175100054,0.3630293301002937,0.01,1.0,,,
4420,3.65771484375,0.0,3.65771484375,6.0416666666666674e-05,3.625e-05,99931.57366267467,2.317877248,0.3061994971575231,0.3139757161560257,0.3576105381041311,0.01,1.0,,,
4430,4.01904296875,0.0,4.01904296875,5.9375000000000013e-05,3.5625000000000005e-05,99456.72172407884,2.323120128,0.34841854534438793,0.42458549304689813,0.3522802718043385,0.01,1.0,,,
4440,3.6943359375,0.0,3.6943359375,5.8333333333333346e-05,3.5000000000000004e-05,98993.04671351655,2.328363008,0.22760460804000432,0.30499828202557805,0.34703874163070225,0.01,1.0,,,
4450,3.73291015625,0.0,3.73291015625,5.7291666666666686e-05,3.437500000000001e-05,98531.75137696412,2.333605888,0.2376583709988459,0.24020844853035905,0.34188615450985893,0.01,1.0,,,
4460,3.6181640625,0.0,3.6181640625,5.6250000000000026e-05,3.375000000000001e-05,98074.77449260415,2.338848768,0.2161328877809712,0.30899499612231274,0.33682271385712514,0.01,1.0,,,
4470,3.96923828125,0.0,3.96923828125,5.520833333333336e-05,3.312500000000001e-05,97630.69455712325,2.344091648,0.2850288322810598,0.4003831125954056,0.33184861956846873,0.01,1.0,,,
4480,3.84619140625,0.0,3.84619140625,5.4166666666666644e-05,3.2499999999999984e-05,97189.77558584686,2.349334528,0.24480512425993045,0.3481248623488512,0.32696406801261385,0.01,1.0,,,
4490,4.65234375,0.0,4.65234375,5.312499999999998e-05,3.187499999999998e-05,96756.51874980985,2.354577408,0.31102578569960215,0.45522175983618274,0.3221692520232932,0.01,1.0,,,
4500,3.72900390625,0.0,3.72900390625,5.2083333333333316e-05,3.124999999999999e-05,96325.07732560935,2.359820288,0.2841640208798736,0.35406145492114116,0.31746436089163155,0.01,1.0,,,
4500,,,,,,,,,,,,,5.545673076923077,5.545673076923077,7.201923076923077
4510,4.1435546875,0.0,4.1435546875,5.1041666666666656e-05,3.0624999999999985e-05,95890.8814117364,2.365063168,0.3575190272607067,0.541467149309037,0.312849580358675,0.01,1.0,,,
4520,3.474609375,0.0,3.474609375,4.999999999999999e-05,2.999999999999999e-05,95473.49225461495,2.370306048,0.23916722768506724,0.5419103147045442,0.3083250926080569,0.01,1.0,,,
4530,3.646484375,0.0,3.646484375,4.895833333333333e-05,2.9374999999999992e-05,95059.94321748937,2.375548928,0.2685692201686597,0.4352798663954532,0.3038910762588067,0.01,1.0,,,
4540,3.6142578125,0.0,3.6142578125,4.791666666666666e-05,2.8749999999999994e-05,94656.08001435596,2.380791808,0.2184245978246717,0.3004240270813746,0.29954770635829797,0.01,1.0,,,
4550,3.80419921875,0.0,3.80419921875,4.6875e-05,2.8125e-05,94253.09512697245,2.386034688,0.23554247264601003,0.29327101363436786,0.29529515437533665,0.01,1.0,,,
4560,3.72705078125,0.0,3.72705078125,4.583333333333334e-05,2.75e-05,93855.76679068031,2.391277568,0.2196046526213442,0.3809676998847019,0.29113358819339374,0.01,1.0,,,
4570,3.51123046875,0.0,3.51123046875,4.4791666666666673e-05,2.6875000000000003e-05,93464.38882630575,2.396520448,0.2294717877487759,0.34065065488408863,0.2870631721039767,0.01,1.0,,,
4580,3.77197265625,0.0,3.77197265625,4.375000000000001e-05,2.6250000000000004e-05,93077.00185782443,2.401763328,0.2612477610030844,0.4243159854308208,0.2830840668001427,0.01,1.0,,,
4590,3.662109375,0.0,3.662109375,4.2708333333333346e-05,2.5625000000000006e-05,92696.0707085904,2.407006208,0.2748840609126595,0.3581207380193372,0.279196429370156,0.01,1.0,,,
4600,3.65234375,0.0,3.65234375,4.1666666666666686e-05,2.5000000000000008e-05,92319.46179858188,2.412249088,0.32397256355392734,0.29483301977281784,0.2754004132912857,0.01,1.0,,,
4610,3.79296875,0.0,3.79296875,4.0625000000000025e-05,2.437500000000001e-05,91947.46748732902,2.417491968,0.37407539927438344,0.5495439410924404,0.2716961684237461,0.01,1.0,,,
4620,3.69482421875,0.0,3.69482421875,3.958333333333336e-05,2.3750000000000015e-05,91578.09702325669,2.422734848,0.3910164658501486,0.6833247245535007,0.26808384100478244,0.01,1.0,,,
4630,3.79638671875,0.0,3.79638671875,3.8541666666666644e-05,2.3124999999999983e-05,91211.04184144876,2.427977728,0.27858937308094084,0.2472814075928458,0.26456357364289634,0.01,1.0,,,
4640,3.6376953125,0.0,3.6376953125,3.7499999999999976e-05,2.2499999999999984e-05,90853.25002439719,2.433220608,0.315072131542927,0.39873128541003633,0.2611355053122149,0.01,1.0,,,
4650,3.80224609375,0.0,3.80224609375,3.6458333333333316e-05,2.1874999999999986e-05,90496.89152700848,2.438463488,0.26610286904789027,0.2880064588637621,0.25779977134700643,0.01,1.0,,,
4660,3.90283203125,0.0,3.90283203125,3.5416666666666656e-05,2.1249999999999988e-05,90147.84329204906,2.443706368,0.19639700197708837,0.3013878642572256,0.2545565034363357,0.01,1.0,,,
4670,3.79541015625,0.0,3.79541015625,3.437499999999999e-05,2.0624999999999993e-05,89802.22380906739,2.448949248,0.25009738689732924,0.35952680317289193,0.25140582961886704,0.01,1.0,,,
4680,3.49169921875,0.0,3.49169921875,3.333333333333333e-05,1.9999999999999995e-05,89458.85002883991,2.454192128,0.49674765352257316,0.40539124813484173,0.24834787427780755,0.01,1.0,,,
4690,3.7626953125,0.0,3.7626953125,3.229166666666666e-05,1.9374999999999997e-05,89119.4778648785,2.459435008,0.20606358536238722,0.23514891400621266,0.2453827581359982,0.01,1.0,,,
4700,3.6552734375,0.0,3.6552734375,3.125e-05,1.875e-05,88787.15715332697,2.464677888,0.23307008732381332,0.2135566254880927,0.24251059825114735,0.01,1.0,,,
4710,3.494140625,0.0,3.494140625,3.0208333333333337e-05,1.8125e-05,88455.54977435859,2.469920768,0.23306305402096336,0.3315599292569408,0.23973150801120893,0.01,1.0,,,
4720,3.82177734375,0.0,3.82177734375,2.9166666666666673e-05,1.7500000000000002e-05,88131.058381337,2.475163648,0.30885198463739805,0.2937110651397723,0.23704559712990694,0.01,1.0,,,
4730,3.78173828125,0.0,3.78173828125,2.8125000000000013e-05,1.6875000000000004e-05,87807.78527663319,2.480406528,0.3044125554270461,0.32213928147049736,0.2344529716424047,0.01,1.0,,,
4740,3.56396484375,0.0,3.56396484375,2.708333333333335e-05,1.625000000000001e-05,87485.34388664024,2.485649408,0.2347061624307108,0.28956367561310664,0.23195373390111673,0.01,1.0,,,
4750,3.6533203125,0.0,3.6533203125,2.6041666666666685e-05,1.562500000000001e-05,87170.69713892687,2.490892288,0.23908831428588523,0.3626967268138471,0.22954798257166964,0.01,1.0,,,
4760,3.47314453125,0.0,3.47314453125,2.500000000000002e-05,1.5000000000000012e-05,86859.49737869143,2.496135168,0.23131963775528142,0.2524527243472558,0.22723581262900652,0.01,1.0,,,
4770,3.66845703125,0.0,3.66845703125,2.395833333333336e-05,1.4375000000000014e-05,86550.86790650821,2.501378048,0.2855722957948067,0.4122203914326914,0.22501731535363778,0.01,1.0,,,
4780,3.609375,0.0,3.609375,2.291666666666664e-05,1.3749999999999984e-05,86248.24190992747,2.506620928,0.18474478312986164,0.273424075905913,0.22289257832803716,0.01,1.0,,,
4790,3.49267578125,0.0,3.49267578125,2.187499999999998e-05,1.3124999999999985e-05,85945.96271793997,2.511863808,0.2853860828563694,0.36727294211077455,0.22086168543318419,0.01,1.0,,,
4800,3.66748046875,0.0,3.66748046875,2.0833333333333316e-05,1.2499999999999987e-05,85648.85446819679,2.517106688,0.23781528171203137,0.32659134067521084,0.2189247168452534,0.01,1.0,,,
4810,3.6259765625,0.0,3.6259765625,1.9791666666666652e-05,1.187499999999999e-05,85353.17271517053,2.522349568,0.1913940706026611,0.26036871674031536,0.2170817490324474,0.01,1.0,,,
4820,3.6220703125,0.0,3.6220703125,1.8749999999999988e-05,1.1249999999999992e-05,85062.04325619129,2.527592448,0.18668971422583797,0.2758129945294256,0.21533285475197986,0.01,1.0,,,
4830,3.71044921875,0.0,3.71044921875,1.7708333333333328e-05,1.0624999999999994e-05,84774.11000961324,2.532835328,0.23847661685834062,0.2567386756680236,0.21367810304720258,0.01,1.0,,,
4840,3.70361328125,0.0,3.70361328125,1.6666666666666664e-05,9.999999999999997e-06,84486.77854082779,2.538078208,0.22123171196215938,0.2615913803682796,0.2121175592448796,0.01,1.0,,,
4850,3.7548828125,0.0,3.7548828125,1.5625e-05,9.375e-06,84207.23282150034,2.543321088,0.25973531277453693,0.438567823388725,0.21065128495260801,0.01,1.0,,,
4860,3.40771484375,0.0,3.40771484375,1.4583333333333337e-05,8.750000000000001e-06,83927.22171496511,2.548563968,0.325381336182189,0.3185572545380894,0.20927933805638627,0.01,1.0,,,
4870,3.75830078125,0.0,3.75830078125,1.3541666666666675e-05,8.125000000000004e-06,83650.32378078517,2.553806848,0.26831315935175964,0.3254004729349606,0.20800177271832831,0.01,1.0,,,
4880,3.7177734375,0.0,3.7177734375,1.250000000000001e-05,7.500000000000006e-06,83379.07832939114,2.559049728,0.2020540512947957,0.2846319967992532,0.20681863937452657,0.01,1.0,,,
4890,3.71728515625,0.0,3.71728515625,1.1458333333333349e-05,6.875000000000008e-06,83107.66137934176,2.564292608,0.26310058029504746,0.3095494897658621,0.20572998473305948,0.01,1.0,,,
4900,3.3203125,0.0,3.3203125,1.0416666666666685e-05,6.2500000000000105e-06,82840.94302961924,2.569535488,0.30487651812878336,0.2776520473239418,0.20473585177214826,0.01,1.0,,,
4910,3.70458984375,0.0,3.70458984375,9.375000000000023e-06,5.625000000000013e-06,82577.20403003629,2.574778368,0.2675630100795494,0.317289512295298,0.20383627973845997,0.01,1.0,,,
4920,3.67578125,0.0,3.67578125,8.333333333333359e-06,5.000000000000015e-06,82315.95615458822,2.580021248,0.2100895414588088,0.23171331545308071,0.2030313041455581,0.01,1.0,,,
4930,3.5732421875,0.0,3.5732421875,7.291666666666641e-06,4.374999999999984e-06,82054.5719865585,2.585264128,0.3391136838841952,0.3318708044329234,0.20232095677250073,0.01,1.0,,,
4940,3.83740234375,0.0,3.83740234375,6.249999999999978e-06,3.7499999999999865e-06,81798.14328128278,2.590507008,0.22294136861366745,0.22256819428722457,0.20170526566258593,0.01,1.0,,,
4950,3.66748046875,0.0,3.66748046875,5.2083333333333145e-06,3.1249999999999887e-06,81545.23313346009,2.595749888,0.20218355962170373,0.2891497275096874,0.20118425512224417,0.01,1.0,,,
4960,3.24169921875,0.0,3.24169921875,4.166666666666652e-06,2.499999999999991e-06,81291.95724651386,2.600992768,0.3411060930407401,0.5491685460512541,0.20075794572008016,0.01,1.0,,,
4970,3.70068359375,0.0,3.70068359375,3.124999999999989e-06,1.8749999999999933e-06,81043.35451343734,2.606235648,0.3177280966836387,0.5048835439706597,0.20042635428605848,0.01,1.0,,,
4980,3.5234375,0.0,3.5234375,2.083333333333326e-06,1.2499999999999954e-06,80796.06216357692,2.611478528,0.2582513798208519,0.3792291186230661,0.20018949391084134,0.01,1.0,,,
4990,3.54150390625,0.0,3.54150390625,1.041666666666663e-06,6.249999999999977e-07,80551.82528099515,2.616721408,0.24831408909624822,0.24319376183340585,0.20004737394527095,0.01,1.0,,,
