step,tokens_B,train_nll,lr,phase,source_file,display_rolling21_nll
0,0.000524288,11.90625,0.0,historical,raw/1b-baseline_historical_metrics.csv,11.90625
10,0.005767168,11.875,4e-06,historical,raw/1b-baseline_historical_metrics.csv,11.890625
20,0.011010048,11.75,8e-06,historical,raw/1b-baseline_historical_metrics.csv,11.84375
30,0.016252928,11.234375,1.2e-05,historical,raw/1b-baseline_historical_metrics.csv,11.69140625
40,0.021495808,10.5,1.6e-05,historical,raw/1b-baseline_historical_metrics.csv,11.453125
50,0.026738688,9.859375,2e-05,historical,raw/1b-baseline_historical_metrics.csv,11.1875
60,0.031981568,10.859375,2.4e-05,historical,raw/1b-baseline_historical_metrics.csv,11.140625
70,0.037224448,10.421875,2.8e-05,historical,raw/1b-baseline_historical_metrics.csv,11.05078125
80,0.042467328,9.078125,3.2e-05,historical,raw/1b-baseline_historical_metrics.csv,10.831597222222221
90,0.047710208,8.65625,3.6e-05,historical,raw/1b-baseline_historical_metrics.csv,10.6140625
100,0.052953088,8.359375,4e-05,historical,raw/1b-baseline_historical_metrics.csv,10.409090909090908
110,0.058195968,8.3125,4.4000000000000006e-05,historical,raw/1b-baseline_historical_metrics.csv,10.234375
120,0.063438848,7.7421875,4.8e-05,historical,raw/1b-baseline_historical_metrics.csv,10.04266826923077
130,0.068681728,7.75,5.2e-05,historical,raw/1b-baseline_historical_metrics.csv,9.87890625
140,0.073924608,8.765625,5.6e-05,historical,raw/1b-baseline_historical_metrics.csv,9.8046875
150,0.079167488,7.4765625,6e-05,historical,raw/1b-baseline_historical_metrics.csv,9.6591796875
160,0.084410368,7.3828125,6.4e-05,historical,raw/1b-baseline_historical_metrics.csv,9.525275735294118
170,0.089653248,7.4296875,6.8e-05,historical,raw/1b-baseline_historical_metrics.csv,9.408854166666666
180,0.094896128,7.5,7.2e-05,historical,raw/1b-baseline_historical_metrics.csv,9.308388157894736
190,0.100139008,7.265625,7.6e-05,historical,raw/1b-baseline_historical_metrics.csv,9.20625
200,0.105381888,8.265625,8e-05,historical,raw/1b-baseline_historical_metrics.csv,9.161458333333334
210,0.110624768,7.484375,8.400000000000001e-05,historical,raw/1b-baseline_historical_metrics.csv,8.950892857142858
220,0.115867648,8.84375,8.800000000000001e-05,historical,raw/1b-baseline_historical_metrics.csv,8.806547619047619
230,0.121110528,7.140625,9.2e-05,historical,raw/1b-baseline_historical_metrics.csv,8.587053571428571
240,0.126353408,6.9140625,9.6e-05,historical,raw/1b-baseline_historical_metrics.csv,8.381324404761905
250,0.131596288,6.8671875,0.0001,historical,raw/1b-baseline_historical_metrics.csv,8.208333333333334
260,0.136839168,6.59375,0.000104,historical,raw/1b-baseline_historical_metrics.csv,8.052827380952381
270,0.142082048,6.6015625,0.000108,historical,raw/1b-baseline_historical_metrics.csv,7.850074404761905
280,0.147324928,7.1640625,0.000112,historical,raw/1b-baseline_historical_metrics.csv,7.694940476190476
290,0.152567808,6.5390625,0.000116,historical,raw/1b-baseline_historical_metrics.csv,7.574032738095238
300,0.157810688,6.78125,0.00012,historical,raw/1b-baseline_historical_metrics.csv,7.484747023809524
310,0.163053568,6.5625,0.000124,historical,raw/1b-baseline_historical_metrics.csv,7.3991815476190474
320,0.168296448,6.6875,0.000128,historical,raw/1b-baseline_historical_metrics.csv,7.321800595238095
330,0.173539328,6.4375,0.000132,historical,raw/1b-baseline_historical_metrics.csv,7.259672619047619
340,0.178782208,6.375,0.000136,historical,raw/1b-baseline_historical_metrics.csv,7.194196428571429
350,0.184025088,6.25,0.00014,historical,raw/1b-baseline_historical_metrics.csv,7.074404761904762
360,0.189267968,6.359375,0.000144,historical,raw/1b-baseline_historical_metrics.csv,7.021205357142857
370,0.194510848,7.6171875,0.000148,historical,raw/1b-baseline_historical_metrics.csv,7.032366071428571
380,0.199753728,7.6328125,0.000152,historical,raw/1b-baseline_historical_metrics.csv,7.042038690476191
390,0.204996608,6.5078125,0.000156,historical,raw/1b-baseline_historical_metrics.csv,6.994791666666667
400,0.210239488,6.5078125,0.00016,historical,raw/1b-baseline_historical_metrics.csv,6.958705357142857
410,0.215482368,6.3046875,0.000164,historical,raw/1b-baseline_historical_metrics.csv,6.865327380952381
420,0.220725248,6.0625,0.000168,historical,raw/1b-baseline_historical_metrics.csv,6.7976190476190474
430,0.225968128,7.78125,0.000172,historical,raw/1b-baseline_historical_metrics.csv,6.747023809523809
440,0.231211008,6.5859375,0.000176,historical,raw/1b-baseline_historical_metrics.csv,6.720610119047619
450,0.236453888,6.3203125,0.00018,historical,raw/1b-baseline_historical_metrics.csv,6.692336309523809
460,0.241696768,6.53125,0.000184,historical,raw/1b-baseline_historical_metrics.csv,6.676339285714286
470,0.246939648,6.2421875,0.000188,historical,raw/1b-baseline_historical_metrics.csv,6.659598214285714
480,0.252182528,6.1328125,0.000192,historical,raw/1b-baseline_historical_metrics.csv,6.637276785714286
490,0.257425408,6.21875,0.000196,historical,raw/1b-baseline_historical_metrics.csv,6.592261904761905
500,0.262668288,6.0,0.0002,historical,raw/1b-baseline_historical_metrics.csv,6.566592261904762
510,0.267911168,6.1171875,0.000204,historical,raw/1b-baseline_historical_metrics.csv,6.534970238095238
520,0.273154048,7.6640625,0.000208,historical,raw/1b-baseline_historical_metrics.csv,6.587425595238095
530,0.278396928,5.84375,0.000212,historical,raw/1b-baseline_historical_metrics.csv,6.547247023809524
540,0.283639808,5.9140625,0.000216,historical,raw/1b-baseline_historical_metrics.csv,6.522321428571429
550,0.288882688,5.9765625,0.00022,historical,raw/1b-baseline_historical_metrics.csv,6.503348214285714
560,0.294125568,5.7890625,0.000224,historical,raw/1b-baseline_historical_metrics.csv,6.481398809523809
570,0.299368448,5.6328125,0.000228,historical,raw/1b-baseline_historical_metrics.csv,6.446800595238095
580,0.304611328,7.8515625,0.000232,historical,raw/1b-baseline_historical_metrics.csv,6.457961309523809
590,0.309854208,5.7734375,0.000236,historical,raw/1b-baseline_historical_metrics.csv,6.369419642857143
600,0.315097088,5.875,0.00024,historical,raw/1b-baseline_historical_metrics.csv,6.339285714285714
610,0.320339968,5.625,0.000244,historical,raw/1b-baseline_historical_metrics.csv,6.297247023809524
620,0.325582848,6.8515625,0.000248,historical,raw/1b-baseline_historical_metrics.csv,6.323288690476191
630,0.330825728,5.9609375,0.000252,historical,raw/1b-baseline_historical_metrics.csv,6.318452380952381
640,0.336068608,5.4375,0.000256,historical,raw/1b-baseline_historical_metrics.csv,6.206845238095238
650,0.341311488,5.59375,0.00026,historical,raw/1b-baseline_historical_metrics.csv,6.159598214285714
660,0.346554368,5.7734375,0.000264,historical,raw/1b-baseline_historical_metrics.csv,6.1335565476190474
670,0.351797248,5.578125,0.000268,historical,raw/1b-baseline_historical_metrics.csv,6.088169642857143
680,0.357040128,5.875,0.000272,historical,raw/1b-baseline_historical_metrics.csv,6.070684523809524
690,0.362283008,5.6953125,0.000276,historical,raw/1b-baseline_historical_metrics.csv,6.049851190476191
700,0.367525888,5.75,0.00028,historical,raw/1b-baseline_historical_metrics.csv,6.027529761904762
710,0.372768768,5.71875,0.000284,historical,raw/1b-baseline_historical_metrics.csv,6.014136904761905
720,0.378011648,5.6171875,0.000288,historical,raw/1b-baseline_historical_metrics.csv,5.990327380952381
730,0.383254528,5.4140625,0.000292,historical,raw/1b-baseline_historical_metrics.csv,5.883184523809524
740,0.388497408,5.53125,0.000296,historical,raw/1b-baseline_historical_metrics.csv,5.868303571428571
750,0.393740288,5.3828125,0.0003,historical,raw/1b-baseline_historical_metrics.csv,5.8430059523809526
760,0.398983168,5.2421875,0.000304,historical,raw/1b-baseline_historical_metrics.csv,5.808035714285714
770,0.404226048,5.2421875,0.000308,historical,raw/1b-baseline_historical_metrics.csv,5.7819940476190474
780,0.409468928,5.9609375,0.000312,historical,raw/1b-baseline_historical_metrics.csv,5.7976190476190474
790,0.414711808,5.375,0.000316,historical,raw/1b-baseline_historical_metrics.csv,5.6796875
800,0.419954688,5.53125,0.00032,historical,raw/1b-baseline_historical_metrics.csv,5.668154761904762
810,0.425197568,5.4765625,0.000324,historical,raw/1b-baseline_historical_metrics.csv,5.6491815476190474
820,0.430440448,5.21875,0.000328,historical,raw/1b-baseline_historical_metrics.csv,5.629836309523809
830,0.435683328,5.453125,0.000332,historical,raw/1b-baseline_historical_metrics.csv,5.5632440476190474
840,0.440926208,5.515625,0.000336,historical,raw/1b-baseline_historical_metrics.csv,5.542038690476191
850,0.446169088,5.6796875,0.00034,historical,raw/1b-baseline_historical_metrics.csv,5.553571428571429
860,0.451411968,5.4140625,0.000344,historical,raw/1b-baseline_historical_metrics.csv,5.545014880952381
870,0.456654848,5.53125,0.000348,historical,raw/1b-baseline_historical_metrics.csv,5.533482142857143
880,0.461897728,5.1171875,0.000352,historical,raw/1b-baseline_historical_metrics.csv,5.511532738095238
890,0.467140608,5.140625,0.000356,historical,raw/1b-baseline_historical_metrics.csv,5.4765625
900,0.472383488,5.4375,0.00036,historical,raw/1b-baseline_historical_metrics.csv,5.464285714285714
910,0.477626368,4.859375,0.000364,historical,raw/1b-baseline_historical_metrics.csv,5.421875
920,0.482869248,5.375,0.000368,historical,raw/1b-baseline_historical_metrics.csv,5.4055059523809526
930,0.488112128,4.421875,0.000372,historical,raw/1b-baseline_historical_metrics.csv,5.348586309523809
940,0.493355008,5.1640625,0.000376,historical,raw/1b-baseline_historical_metrics.csv,5.3366815476190474
950,0.498597888,4.6796875,0.00038,historical,raw/1b-baseline_historical_metrics.csv,5.2961309523809526
960,0.503840768,4.875,0.000384,historical,raw/1b-baseline_historical_metrics.csv,5.271949404761905
970,0.509083648,4.1015625,0.000388,historical,raw/1b-baseline_historical_metrics.csv,5.217633928571429
980,0.514326528,5.109375,0.000392,historical,raw/1b-baseline_historical_metrics.csv,5.211309523809524
990,0.519569408,5.109375,0.000396,historical,raw/1b-baseline_historical_metrics.csv,5.170758928571429
1000,0.524812288,4.8203125,0.0004,historical,raw/1b-baseline_historical_metrics.csv,5.144345238095238
1010,0.530055168,4.78125,0.0003998923573735,historical,raw/1b-baseline_historical_metrics.csv,5.1086309523809526
1020,0.535298048,5.5859375,0.000399784714747,historical,raw/1b-baseline_historical_metrics.csv,5.113839285714286
1030,0.540540928,5.1171875,0.0003996770721205,historical,raw/1b-baseline_historical_metrics.csv,5.109002976190476
1040,0.545783808,4.1484375,0.000399569429494,historical,raw/1b-baseline_historical_metrics.csv,5.046875
1050,0.551026688,5.1171875,0.0003994617868675,historical,raw/1b-baseline_historical_metrics.csv,5.027901785714286
1060,0.556269568,5.4296875,0.0003993541442411,historical,raw/1b-baseline_historical_metrics.csv,5.015997023809524
1070,0.561512448,4.9296875,0.0003992465016146,historical,raw/1b-baseline_historical_metrics.csv,4.9929315476190474
1080,0.566755328,4.8828125,0.0003991388589881,historical,raw/1b-baseline_historical_metrics.csv,4.962053571428571
1090,0.571998208,4.90625,0.0003990312163616,historical,raw/1b-baseline_historical_metrics.csv,4.952008928571429
1100,0.577241088,4.4140625,0.0003989235737351,historical,raw/1b-baseline_historical_metrics.csv,4.917410714285714
1110,0.582483968,5.2578125,0.0003988159311087,historical,raw/1b-baseline_historical_metrics.csv,4.908854166666667
1120,0.587726848,5.015625,0.0003987082884822,historical,raw/1b-baseline_historical_metrics.csv,4.916294642857143
1130,0.592969728,4.9765625,0.0003986006458557,historical,raw/1b-baseline_historical_metrics.csv,4.897321428571429
1140,0.598212608,4.84375,0.0003984930032292,historical,raw/1b-baseline_historical_metrics.csv,4.917410714285714
1150,0.603455488,4.765625,0.0003983853606027,historical,raw/1b-baseline_historical_metrics.csv,4.8984375
1160,0.608698368,4.6875,0.0003982777179763,historical,raw/1b-baseline_historical_metrics.csv,4.898809523809524
1170,0.613941248,4.7734375,0.0003981700753498,historical,raw/1b-baseline_historical_metrics.csv,4.893973214285714
1180,0.619184128,4.5390625,0.0003980624327233,historical,raw/1b-baseline_historical_metrics.csv,4.9148065476190474
1190,0.624427008,4.7421875,0.0003979547900968,historical,raw/1b-baseline_historical_metrics.csv,4.897321428571429
1200,0.629669888,5.3125,0.0003978471474703,historical,raw/1b-baseline_historical_metrics.csv,4.9069940476190474
1210,0.634912768,4.1796875,0.0003977395048439,historical,raw/1b-baseline_historical_metrics.csv,4.876488095238095
1220,0.640155648,4.265625,0.0003976318622174,historical,raw/1b-baseline_historical_metrics.csv,4.851934523809524
1230,0.645398528,4.609375,0.0003975242195909,historical,raw/1b-baseline_historical_metrics.csv,4.8054315476190474
1240,0.650641408,4.65625,0.0003974165769644,historical,raw/1b-baseline_historical_metrics.csv,4.783482142857143
1250,0.655884288,4.75,0.0003973089343379,historical,raw/1b-baseline_historical_metrics.csv,4.812127976190476
1260,0.661127168,4.296875,0.0003972012917115,historical,raw/1b-baseline_historical_metrics.csv,4.773065476190476
1270,0.666370048,4.5703125,0.000397093649085,historical,raw/1b-baseline_historical_metrics.csv,4.732142857142857
1280,0.671612928,4.59375,0.0003969860064585,historical,raw/1b-baseline_historical_metrics.csv,4.716145833333333
1290,0.676855808,4.5390625,0.000396878363832,historical,raw/1b-baseline_historical_metrics.csv,4.699776785714286
1300,0.682098688,1.810546875,0.0003967707212055,historical,raw/1b-baseline_historical_metrics.csv,4.552362351190476
1310,0.687341568,4.5625,0.0003966630785791,historical,raw/1b-baseline_historical_metrics.csv,4.559430803571429
1320,0.692584448,4.21875,0.0003965554359526,historical,raw/1b-baseline_historical_metrics.csv,4.509951636904762
1330,0.697827328,4.5234375,0.0003964477933261,historical,raw/1b-baseline_historical_metrics.csv,4.486514136904762
1340,0.703070208,4.703125,0.0003963401506996,historical,raw/1b-baseline_historical_metrics.csv,4.473493303571429
1350,0.708313088,4.5703125,0.0003962325080731,historical,raw/1b-baseline_historical_metrics.csv,4.460472470238095
1360,0.713555968,4.546875,0.0003961248654467,historical,raw/1b-baseline_historical_metrics.csv,4.450055803571429
1370,0.718798848,3.95703125,0.0003960172228202,historical,raw/1b-baseline_historical_metrics.csv,4.4152715773809526
1380,0.724041728,4.6953125,0.0003959095801937,historical,raw/1b-baseline_historical_metrics.csv,4.411551339285714
1390,0.729284608,4.5625,0.0003958019375672,historical,raw/1b-baseline_historical_metrics.csv,4.412667410714286
1400,0.734527488,4.5625,0.0003956942949407,historical,raw/1b-baseline_historical_metrics.csv,4.404110863095238
1410,0.739770368,4.609375,0.0003955866523143,historical,raw/1b-baseline_historical_metrics.csv,4.370628720238095
1420,0.745013248,4.625,0.0003954790096878,historical,raw/1b-baseline_historical_metrics.csv,4.3918340773809526
1430,0.750256128,4.5703125,0.0003953713670613,historical,raw/1b-baseline_historical_metrics.csv,4.406343005952381
1440,0.755499008,4.3984375,0.0003952637244348,historical,raw/1b-baseline_historical_metrics.csv,4.396298363095238
1450,0.760741888,4.5390625,0.0003951560818083,historical,raw/1b-baseline_historical_metrics.csv,4.390718005952381
1460,0.765984768,4.421875,0.0003950484391819,historical,raw/1b-baseline_historical_metrics.csv,4.375093005952381
1470,0.771227648,4.46875,0.0003949407965554,historical,raw/1b-baseline_historical_metrics.csv,4.383277529761905
1480,0.776470528,4.4765625,0.0003948331539289,historical,raw/1b-baseline_historical_metrics.csv,4.378813244047619
1490,0.781713408,4.5078125,0.0003947255113024,historical,raw/1b-baseline_historical_metrics.csv,4.374720982142857
1500,0.786956288,4.40625,0.0003946178686759,historical,raw/1b-baseline_historical_metrics.csv,4.3683965773809526
1510,0.792199168,4.3671875,0.0003945102260495,historical,raw/1b-baseline_historical_metrics.csv,4.490141369047619
1520,0.797442048,3.58984375,0.000394402583423,historical,raw/1b-baseline_historical_metrics.csv,4.443824404761905
1530,0.802684928,4.390625,0.0003942949407965,historical,raw/1b-baseline_historical_metrics.csv,4.452008928571429
1540,0.807927808,4.40625,0.00039418729817,historical,raw/1b-baseline_historical_metrics.csv,4.446428571428571
1550,0.813170688,4.2265625,0.0003940796555435,historical,raw/1b-baseline_historical_metrics.csv,4.423735119047619
1560,0.818413568,4.4453125,0.0003939720129171,historical,raw/1b-baseline_historical_metrics.csv,4.417782738095238
1570,0.823656448,3.6953125,0.0003938643702906,historical,raw/1b-baseline_historical_metrics.csv,4.377232142857143
1580,0.828899328,3.87109375,0.0003937567276641,historical,raw/1b-baseline_historical_metrics.csv,4.373139880952381
1590,0.834142208,4.453125,0.0003936490850376,historical,raw/1b-baseline_historical_metrics.csv,4.361607142857143
1600,0.839385088,4.375,0.0003935414424111,historical,raw/1b-baseline_historical_metrics.csv,4.352678571428571
1610,0.844627968,4.3828125,0.0003934337997847,historical,raw/1b-baseline_historical_metrics.csv,4.344122023809524
1620,0.849870848,4.234375,0.0003933261571582,historical,raw/1b-baseline_historical_metrics.csv,4.326264880952381
1630,0.855113728,3.72265625,0.0003932185145317,historical,raw/1b-baseline_historical_metrics.csv,4.283296130952381
1640,0.860356608,3.8671875,0.0003931108719052,historical,raw/1b-baseline_historical_metrics.csv,4.249813988095238
1650,0.865599488,3.97265625,0.0003930032292787,historical,raw/1b-baseline_historical_metrics.csv,4.229538690476191
1660,0.870842368,4.359375,0.0003928955866523,historical,raw/1b-baseline_historical_metrics.csv,4.220982142857143
1670,0.876085248,4.375,0.0003927879440258,historical,raw/1b-baseline_historical_metrics.csv,4.21875
1680,0.881328128,4.21875,0.0003926803013993,historical,raw/1b-baseline_historical_metrics.csv,4.206845238095238
1690,0.886571008,4.3359375,0.0003925726587728,historical,raw/1b-baseline_historical_metrics.csv,4.200148809523809
1700,0.891813888,3.6640625,0.0003924650161463,historical,raw/1b-baseline_historical_metrics.csv,4.159970238095238
1710,0.897056768,3.8828125,0.0003923573735199,historical,raw/1b-baseline_historical_metrics.csv,4.135044642857143
1720,0.902299648,4.375,0.0003922497308934,historical,raw/1b-baseline_historical_metrics.csv,4.135416666666667
1730,0.907542528,3.97265625,0.0003921420882669,historical,raw/1b-baseline_historical_metrics.csv,4.153645833333333
1740,0.912785408,4.4453125,0.0003920344456404,historical,raw/1b-baseline_historical_metrics.csv,4.15625
1750,0.918028288,3.18359375,0.0003919268030139,historical,raw/1b-baseline_historical_metrics.csv,4.098028273809524
1760,0.923271168,3.28515625,0.0003918191603875,historical,raw/1b-baseline_historical_metrics.csv,4.053199404761905
1770,0.928514048,4.34375,0.000391711517761,historical,raw/1b-baseline_historical_metrics.csv,4.048363095238095
1780,0.933756928,4.2265625,0.0003916038751345,historical,raw/1b-baseline_historical_metrics.csv,4.073660714285714
1790,0.938999808,4.25,0.000391496232508,historical,raw/1b-baseline_historical_metrics.csv,4.091703869047619
1800,0.944242688,4.140625,0.0003913885898815,historical,raw/1b-baseline_historical_metrics.csv,4.076822916666667
1810,0.949485568,4.3046875,0.0003912809472551,historical,raw/1b-baseline_historical_metrics.csv,4.0734747023809526
1820,0.954728448,4.1640625,0.0003911733046286,historical,raw/1b-baseline_historical_metrics.csv,4.063058035714286
1830,0.959971328,4.28125,0.0003910656620021,historical,raw/1b-baseline_historical_metrics.csv,4.065290178571429
1840,0.965214208,3.3671875,0.0003909580193756,historical,raw/1b-baseline_historical_metrics.csv,4.048363095238095
1850,0.970457088,4.1796875,0.0003908503767491,historical,raw/1b-baseline_historical_metrics.csv,4.0632440476190474
1860,0.975699968,4.1484375,0.0003907427341227,historical,raw/1b-baseline_historical_metrics.csv,4.071614583333333
1870,0.980942848,4.1953125,0.0003906350914962,historical,raw/1b-baseline_historical_metrics.csv,4.063802083333333
1880,0.986185728,4.08203125,0.0003905274488697,historical,raw/1b-baseline_historical_metrics.csv,4.049851190476191
1890,0.991428608,4.1875,0.0003904198062432,historical,raw/1b-baseline_historical_metrics.csv,4.048363095238095
1900,0.996671488,4.125,0.0003903121636167,historical,raw/1b-baseline_historical_metrics.csv,4.0383184523809526
1910,1.001914368,4.06640625,0.0003902045209903,historical,raw/1b-baseline_historical_metrics.csv,4.057477678571429
1920,1.007157248,4.1328125,0.0003900968783638,historical,raw/1b-baseline_historical_metrics.csv,4.069382440476191
1930,1.012400128,4.1328125,0.0003899892357373,historical,raw/1b-baseline_historical_metrics.csv,4.0578497023809526
1940,1.017643008,4.0703125,0.0003898815931108,historical,raw/1b-baseline_historical_metrics.csv,4.0625
1950,1.022885888,3.484375,0.0003897739504843,historical,raw/1b-baseline_historical_metrics.csv,4.016741071428571
1960,1.028128768,4.171875,0.0003896663078579,historical,raw/1b-baseline_historical_metrics.csv,4.063802083333333
1970,1.033371648,4.171875,0.0003895586652314,historical,raw/1b-baseline_historical_metrics.csv,4.106026785714286
1980,1.038614528,4.1875,0.0003894510226049,historical,raw/1b-baseline_historical_metrics.csv,4.098586309523809
1990,1.043857408,3.3515625,0.0003893433799784,historical,raw/1b-baseline_historical_metrics.csv,4.056919642857143
2000,1.049100288,4.12890625,0.0003892357373519,historical,raw/1b-baseline_historical_metrics.csv,4.051153273809524
2010,1.054343168,4.2421875,0.0003891280947255,historical,raw/1b-baseline_historical_metrics.csv,4.055989583333333
2020,1.059586048,3.7890625,0.000389020452099,historical,raw/1b-baseline_historical_metrics.csv,4.031436011904762
2030,1.064828928,4.10546875,0.0003889128094725,historical,raw/1b-baseline_historical_metrics.csv,4.028645833333333
2040,1.070071808,4.328125,0.000388805166846,historical,raw/1b-baseline_historical_metrics.csv,4.030877976190476
2050,1.075314688,3.2578125,0.0003886975242195,historical,raw/1b-baseline_historical_metrics.csv,4.025669642857143
2060,1.080557568,4.1875,0.0003885898815931,historical,raw/1b-baseline_historical_metrics.csv,4.026041666666667
2070,1.085800448,4.1796875,0.0003884822389666,historical,raw/1b-baseline_historical_metrics.csv,4.027529761904762
2080,1.091043328,3.9609375,0.0003883745963401,historical,raw/1b-baseline_historical_metrics.csv,4.0163690476190474
2090,1.096286208,4.15625,0.0003882669537136,historical,raw/1b-baseline_historical_metrics.csv,4.019903273809524
2100,1.101529088,3.61328125,0.0003881593110871,historical,raw/1b-baseline_historical_metrics.csv,3.9925595238095237
2110,1.106771968,3.265625,0.0003880516684607,historical,raw/1b-baseline_historical_metrics.csv,3.9516369047619047
2120,1.112014848,3.0390625,0.0003879440258342,historical,raw/1b-baseline_historical_metrics.csv,3.9027157738095237
2130,1.117257728,4.4296875,0.0003878363832077,historical,raw/1b-baseline_historical_metrics.csv,3.9168526785714284
2140,1.122500608,4.3203125,0.0003877287405812,historical,raw/1b-baseline_historical_metrics.csv,3.92578125
2150,1.127743488,4.2578125,0.0003876210979547,historical,raw/1b-baseline_historical_metrics.csv,3.9347098214285716
2160,1.132986368,4.1875,0.0003875134553283,historical,raw/1b-baseline_historical_metrics.csv,3.9681919642857144
2170,1.138229248,4.0625,0.0003874058127018,historical,raw/1b-baseline_historical_metrics.csv,3.962983630952381
2180,1.143472128,4.28125,0.0003872981700753,historical,raw/1b-baseline_historical_metrics.csv,3.9681919642857144
2190,1.148715008,3.5703125,0.0003871905274488,historical,raw/1b-baseline_historical_metrics.csv,3.9388020833333335
2200,1.153957888,4.2109375,0.0003870828848223,historical,raw/1b-baseline_historical_metrics.csv,3.9797247023809526
2210,1.159200768,4.09765625,0.0003869752421959,historical,raw/1b-baseline_historical_metrics.csv,3.978236607142857
2220,1.164443648,4.1015625,0.0003868675995694,historical,raw/1b-baseline_historical_metrics.csv,3.9715401785714284
2230,1.169686528,3.2734375,0.0003867599569429,historical,raw/1b-baseline_historical_metrics.csv,3.946986607142857
2240,1.174929408,4.203125,0.0003866523143164,historical,raw/1b-baseline_historical_metrics.csv,3.9516369047619047
2250,1.180172288,3.65234375,0.0003865446716899,historical,raw/1b-baseline_historical_metrics.csv,3.9194568452380953
2260,1.185415168,4.0859375,0.0003864370290635,historical,raw/1b-baseline_historical_metrics.csv,3.958891369047619
2270,1.190658048,4.0390625,0.000386329386437,historical,raw/1b-baseline_historical_metrics.csv,3.9518229166666665
2280,1.195900928,4.1796875,0.0003862217438105,historical,raw/1b-baseline_historical_metrics.csv,3.9518229166666665
2290,1.201143808,3.96875,0.000386114101184,historical,raw/1b-baseline_historical_metrics.csv,3.9521949404761907
2300,1.206386688,4.09375,0.0003860064585575,historical,raw/1b-baseline_historical_metrics.csv,3.94921875
2310,1.211629568,4.05078125,0.0003858988159311,historical,raw/1b-baseline_historical_metrics.csv,3.9700520833333335
2320,1.216872448,3.89453125,0.0003857911733046,historical,raw/1b-baseline_historical_metrics.csv,4.0
2330,1.222115328,2.28515625,0.0003856835306781,historical,raw/1b-baseline_historical_metrics.csv,3.9640997023809526
2340,1.227358208,4.015625,0.0003855758880516,historical,raw/1b-baseline_historical_metrics.csv,3.9443824404761907
2350,1.232601088,4.28125,0.0003854682454251,historical,raw/1b-baseline_historical_metrics.csv,3.9425223214285716
2360,1.237843968,4.2109375,0.0003853606027987,historical,raw/1b-baseline_historical_metrics.csv,3.9402901785714284
2370,1.243086848,4.09375,0.0003852529601722,historical,raw/1b-baseline_historical_metrics.csv,3.935825892857143
2380,1.248329728,2.91796875,0.0003851453175457,historical,raw/1b-baseline_historical_metrics.csv,3.8813244047619047
2390,1.253572608,4.0625,0.0003850376749192,historical,raw/1b-baseline_historical_metrics.csv,3.870907738095238
2400,1.258815488,3.28515625,0.0003849300322927,historical,raw/1b-baseline_historical_metrics.csv,3.857328869047619
2410,1.264058368,4.375,0.0003848223896663,historical,raw/1b-baseline_historical_metrics.csv,3.865141369047619
2420,1.269301248,4.08984375,0.0003847147470398,historical,raw/1b-baseline_historical_metrics.csv,3.8647693452380953
2430,1.274544128,3.96875,0.0003846071044133,historical,raw/1b-baseline_historical_metrics.csv,3.8584449404761907
2440,1.279787008,3.51171875,0.0003844994617868,historical,raw/1b-baseline_historical_metrics.csv,3.8697916666666665
2450,1.285029888,2.94921875,0.0003843918191603,historical,raw/1b-baseline_historical_metrics.csv,3.8100818452380953
2460,1.290272768,4.234375,0.0003842841765339,historical,raw/1b-baseline_historical_metrics.csv,3.837797619047619
2470,1.295515648,3.89453125,0.0003841765339074,historical,raw/1b-baseline_historical_metrics.csv,3.8286830357142856
2480,1.300758528,4.046875,0.0003840688912809,historical,raw/1b-baseline_historical_metrics.csv,3.8290550595238093
2490,1.306001408,3.29296875,0.0003839612486544,historical,raw/1b-baseline_historical_metrics.csv,3.786830357142857
2500,1.311244288,2.43359375,0.0003838536060279,historical,raw/1b-baseline_historical_metrics.csv,3.7137276785714284
2510,1.316487168,4.0234375,0.0003837459634015,historical,raw/1b-baseline_historical_metrics.csv,3.7103794642857144
2520,1.321730048,3.2890625,0.000383638320775,historical,raw/1b-baseline_historical_metrics.csv,3.674107142857143
2530,1.326972928,3.87890625,0.0003835306781485,historical,raw/1b-baseline_historical_metrics.csv,3.6733630952380953
2540,1.332215808,3.9140625,0.000383423035522,historical,raw/1b-baseline_historical_metrics.csv,3.7509300595238093
2550,1.337458688,2.99609375,0.0003833153928955,historical,raw/1b-baseline_historical_metrics.csv,3.7023809523809526
2560,1.342701568,2.9765625,0.0003832077502691,historical,raw/1b-baseline_historical_metrics.csv,3.6402529761904763
2570,1.347944448,4.015625,0.0003831001076426,historical,raw/1b-baseline_historical_metrics.csv,3.630952380952381
2580,1.353187328,4.00390625,0.0003829924650161,historical,raw/1b-baseline_historical_metrics.csv,3.626674107142857
2590,1.358430208,3.9296875,0.0003828848223896,historical,raw/1b-baseline_historical_metrics.csv,3.6748511904761907
2600,1.363673088,3.7421875,0.0003827771797631,historical,raw/1b-baseline_historical_metrics.csv,3.6595982142857144
2610,1.368915968,3.41015625,0.0003826695371367,historical,raw/1b-baseline_historical_metrics.csv,3.6655505952380953
2620,1.374158848,3.765625,0.0003825618945102,historical,raw/1b-baseline_historical_metrics.csv,3.636532738095238
2630,1.379401728,2.59765625,0.0003824542518837,historical,raw/1b-baseline_historical_metrics.csv,3.5654761904761907
2640,1.384644608,4.08203125,0.0003823466092572,historical,raw/1b-baseline_historical_metrics.csv,3.5708705357142856
2650,1.389887488,2.9609375,0.0003822389666307,historical,raw/1b-baseline_historical_metrics.csv,3.544642857142857
2660,1.395130368,4.04296875,0.0003821313240043,historical,raw/1b-baseline_historical_metrics.csv,3.5967261904761907
2670,1.400373248,3.27734375,0.0003820236813778,historical,raw/1b-baseline_historical_metrics.csv,3.5511532738095237
2680,1.405616128,3.67578125,0.0003819160387513,historical,raw/1b-baseline_historical_metrics.csv,3.540736607142857
2690,1.410859008,4.01953125,0.0003818083961248,historical,raw/1b-baseline_historical_metrics.csv,3.5394345238095237
2700,1.416101888,3.60546875,0.0003817007534983,historical,raw/1b-baseline_historical_metrics.csv,3.5543154761904763
2710,1.421344768,3.90625,0.0003815931108719,historical,raw/1b-baseline_historical_metrics.csv,3.6244419642857144
2720,1.426587648,3.94140625,0.0003814854682454,historical,raw/1b-baseline_historical_metrics.csv,3.6205357142857144
2730,1.431830528,3.1171875,0.0003813778256189,historical,raw/1b-baseline_historical_metrics.csv,3.6123511904761907
2740,1.437073408,3.44140625,0.0003812701829924,historical,raw/1b-baseline_historical_metrics.csv,3.591517857142857
2750,1.442316288,2.5546875,0.0003811625403659,historical,raw/1b-baseline_historical_metrics.csv,3.5267857142857144
2760,1.447559168,3.44140625,0.0003810548977395,historical,raw/1b-baseline_historical_metrics.csv,3.5479910714285716
2770,1.452802048,3.9296875,0.000380947255113,historical,raw/1b-baseline_historical_metrics.csv,3.5933779761904763
2780,1.458044928,2.76171875,0.0003808396124865,historical,raw/1b-baseline_historical_metrics.csv,3.5336681547619047
2790,1.463287808,4.03125,0.00038073196986,historical,raw/1b-baseline_historical_metrics.csv,3.534970238095238
2800,1.468530688,3.859375,0.0003806243272335,historical,raw/1b-baseline_historical_metrics.csv,3.5316220238095237
2810,1.473773568,3.95703125,0.0003805166846071,historical,raw/1b-baseline_historical_metrics.csv,3.5418526785714284
2820,1.479016448,3.8671875,0.0003804090419806,historical,raw/1b-baseline_historical_metrics.csv,3.5636160714285716
2830,1.484259328,3.9765625,0.0003803013993541,historical,raw/1b-baseline_historical_metrics.csv,3.5736607142857144
2840,1.489502208,3.93359375,0.0003801937567276,historical,raw/1b-baseline_historical_metrics.csv,3.6372767857142856
2850,1.494745088,3.9296875,0.0003800861141011,historical,raw/1b-baseline_historical_metrics.csv,3.6300223214285716
2860,1.499987968,3.8671875,0.0003799784714747,historical,raw/1b-baseline_historical_metrics.csv,3.6731770833333335
2870,1.505230848,3.421875,0.0003798708288482,historical,raw/1b-baseline_historical_metrics.csv,3.6436011904761907
2880,1.510473728,3.42578125,0.0003797631862217,historical,raw/1b-baseline_historical_metrics.csv,3.650669642857143
2890,1.515716608,3.9453125,0.0003796555435952,historical,raw/1b-baseline_historical_metrics.csv,3.6635044642857144
2900,1.520959488,3.8359375,0.0003795479009687,historical,raw/1b-baseline_historical_metrics.csv,3.6547619047619047
2910,1.526202368,3.4609375,0.0003794402583423,historical,raw/1b-baseline_historical_metrics.csv,3.6478794642857144
2920,1.531445248,4.0,0.0003793326157158,historical,raw/1b-baseline_historical_metrics.csv,3.65234375
2930,1.536688128,3.45703125,0.0003792249730893,historical,raw/1b-baseline_historical_metrics.csv,3.6292782738095237
2940,1.541931008,3.77734375,0.0003791173304628,historical,raw/1b-baseline_historical_metrics.csv,3.6607142857142856
2950,1.547173888,4.1015625,0.0003790096878363,historical,raw/1b-baseline_historical_metrics.csv,3.6921502976190474
2960,1.552416768,3.94921875,0.0003789020452099,historical,raw/1b-baseline_historical_metrics.csv,3.7585565476190474
2970,1.557659648,3.88671875,0.0003787944025834,historical,raw/1b-baseline_historical_metrics.csv,3.7797619047619047
2980,1.562902528,2.8125,0.0003786867599569,historical,raw/1b-baseline_historical_metrics.csv,3.7265625
2990,1.568145408,3.8046875,0.0003785791173304,historical,raw/1b-baseline_historical_metrics.csv,3.7762276785714284
3000,1.573388288,3.96484375,0.0003784714747039,historical,raw/1b-baseline_historical_metrics.csv,3.7730654761904763
3010,1.578631168,3.9765625,0.0003783638320775,historical,raw/1b-baseline_historical_metrics.csv,3.7786458333333335
3020,1.583874048,2.8125,0.000378256189451,historical,raw/1b-baseline_historical_metrics.csv,3.7241443452380953
3030,1.589116928,3.98828125,0.0003781485468245,historical,raw/1b-baseline_historical_metrics.csv,3.7299107142857144
3040,1.594359808,3.90234375,0.000378040904198,historical,raw/1b-baseline_historical_metrics.csv,3.726376488095238
3050,1.599602688,3.38671875,0.0003779332615715,historical,raw/1b-baseline_historical_metrics.csv,3.7003348214285716
3060,1.604845568,3.67578125,0.0003778256189451,historical,raw/1b-baseline_historical_metrics.csv,3.6882440476190474
3070,1.610088448,3.06640625,0.0003777179763186,historical,raw/1b-baseline_historical_metrics.csv,3.650111607142857
3080,1.615331328,2.6875,0.0003776103336921,historical,raw/1b-baseline_historical_metrics.csv,3.615141369047619
3090,1.620574208,3.87109375,0.0003775026910656,historical,raw/1b-baseline_historical_metrics.csv,3.6363467261904763
3100,1.625817088,4.00390625,0.0003773950484391,historical,raw/1b-baseline_historical_metrics.csv,3.6391369047619047
3110,1.631059968,3.8359375,0.0003772874058127,historical,raw/1b-baseline_historical_metrics.csv,3.6391369047619047
3120,1.636302848,3.96875,0.0003771797631862,historical,raw/1b-baseline_historical_metrics.csv,3.6633184523809526
3130,1.641545728,3.515625,0.0003770721205597,historical,raw/1b-baseline_historical_metrics.csv,3.6402529761904763
3140,1.646788608,4.0390625,0.0003769644779332,historical,raw/1b-baseline_historical_metrics.csv,3.66796875
3150,1.652031488,3.40625,0.0003768568353067,historical,raw/1b-baseline_historical_metrics.csv,3.650297619047619
3160,1.657274368,2.4296875,0.0003767491926803,historical,raw/1b-baseline_historical_metrics.csv,3.5706845238095237
3170,1.662517248,3.3671875,0.0003766415500538,historical,raw/1b-baseline_historical_metrics.csv,3.54296875
3180,1.667760128,3.81640625,0.0003765339074273,historical,raw/1b-baseline_historical_metrics.csv,3.5396205357142856
3190,1.673003008,3.33984375,0.0003764262648008,historical,raw/1b-baseline_historical_metrics.csv,3.564732142857143
3200,1.678245888,3.69921875,0.0003763186221743,historical,raw/1b-baseline_historical_metrics.csv,3.5597098214285716
3210,1.683488768,3.859375,0.0003762109795479,historical,raw/1b-baseline_historical_metrics.csv,3.5546875
3220,1.688731648,3.80078125,0.0003761033369214,historical,raw/1b-baseline_historical_metrics.csv,3.5463169642857144
3230,1.693974528,3.375,0.0003759956942949,historical,raw/1b-baseline_historical_metrics.csv,3.5731026785714284
3240,1.699217408,3.88671875,0.0003758880516684,historical,raw/1b-baseline_historical_metrics.csv,3.568266369047619
3250,1.704460288,4.0078125,0.0003757804090419,historical,raw/1b-baseline_historical_metrics.csv,3.5732886904761907
3260,1.709703168,2.58984375,0.0003756727664155,historical,raw/1b-baseline_historical_metrics.csv,3.535342261904762
3270,1.714946048,3.82421875,0.000375565123789,historical,raw/1b-baseline_historical_metrics.csv,3.5424107142857144
3280,1.720188928,3.375,0.0003754574811625,historical,raw/1b-baseline_historical_metrics.csv,3.5571056547619047
3290,1.725431808,3.8125,0.000375349838536,historical,raw/1b-baseline_historical_metrics.csv,3.6106770833333335
3300,1.730674688,3.30078125,0.0003752421959095,historical,raw/1b-baseline_historical_metrics.csv,3.5835193452380953
3310,1.735917568,2.91015625,0.0003751345532831,historical,raw/1b-baseline_historical_metrics.csv,3.531436011904762
3320,1.741160448,3.23046875,0.0003750269106566,historical,raw/1b-baseline_historical_metrics.csv,3.5026041666666665
3330,1.746403328,3.921875,0.0003749192680301,historical,raw/1b-baseline_historical_metrics.csv,3.5003720238095237
3340,1.751646208,4.02734375,0.0003748116254036,historical,raw/1b-baseline_historical_metrics.csv,3.5247395833333335
3350,1.756889088,3.84765625,0.0003747039827771,historical,raw/1b-baseline_historical_metrics.csv,3.515625
3360,1.762131968,3.8203125,0.0003745963401506,historical,raw/1b-baseline_historical_metrics.csv,3.535342261904762
3370,1.767374848,3.90234375,0.0003744886975242,historical,raw/1b-baseline_historical_metrics.csv,3.60546875
3380,1.772617728,2.7109375,0.0003743810548977,historical,raw/1b-baseline_historical_metrics.csv,3.57421875
3390,1.777860608,3.80078125,0.0003742734122712,historical,raw/1b-baseline_historical_metrics.csv,3.5734747023809526
3400,1.783103488,2.515625,0.0003741657696447,historical,raw/1b-baseline_historical_metrics.csv,3.5342261904761907
3410,1.788346368,3.95703125,0.0003740581270182,historical,raw/1b-baseline_historical_metrics.csv,3.5465029761904763
3420,1.793589248,3.76171875,0.0003739504843918,historical,raw/1b-baseline_historical_metrics.csv,3.5418526785714284
3430,1.798832128,3.69140625,0.0003738428417653,historical,raw/1b-baseline_historical_metrics.csv,3.5366443452380953
3440,1.804075008,3.85546875,0.0003737351991388,historical,raw/1b-baseline_historical_metrics.csv,3.5595238095238093
3450,1.809317888,3.81640625,0.0003736275565123,historical,raw/1b-baseline_historical_metrics.csv,3.5561755952380953
3460,1.814560768,3.87109375,0.0003735199138858,historical,raw/1b-baseline_historical_metrics.csv,3.5496651785714284
3470,1.819803648,2.4765625,0.0003734122712594,historical,raw/1b-baseline_historical_metrics.csv,3.5442708333333335
3480,1.825046528,2.51171875,0.0003733046286329,historical,raw/1b-baseline_historical_metrics.csv,3.4817708333333335
3490,1.830289408,3.7265625,0.0003731969860064,historical,raw/1b-baseline_historical_metrics.csv,3.4985119047619047
3500,1.835532288,3.90625,0.0003730893433799,historical,raw/1b-baseline_historical_metrics.csv,3.5029761904761907
3510,1.840775168,2.5703125,0.0003729817007534,historical,raw/1b-baseline_historical_metrics.csv,3.4681919642857144
3520,1.846018048,3.359375,0.000372874058127,historical,raw/1b-baseline_historical_metrics.csv,3.4895833333333335
3530,1.851260928,3.9453125,0.0003727664155005,historical,raw/1b-baseline_historical_metrics.csv,3.523623511904762
3540,1.856503808,3.890625,0.000372658772874,historical,raw/1b-baseline_historical_metrics.csv,3.5221354166666665
3550,1.861746688,3.875,0.0003725511302475,historical,raw/1b-baseline_historical_metrics.csv,3.5148809523809526
3560,1.866989568,3.79296875,0.000372443487621,historical,raw/1b-baseline_historical_metrics.csv,3.5122767857142856
3570,1.872232448,3.8671875,0.0003723358449946,historical,raw/1b-baseline_historical_metrics.csv,3.5145089285714284
3580,1.877475328,4.01171875,0.0003722282023681,historical,raw/1b-baseline_historical_metrics.csv,3.519717261904762
3590,1.882718208,3.8671875,0.0003721205597416,historical,raw/1b-baseline_historical_metrics.csv,3.5747767857142856
3600,1.887961088,4.234375,0.0003720129171151,historical,raw/1b-baseline_historical_metrics.csv,3.595424107142857
3610,1.893203968,2.52734375,0.0003719052744886,historical,raw/1b-baseline_historical_metrics.csv,3.595982142857143
3620,1.898446848,3.7109375,0.0003717976318622,historical,raw/1b-baseline_historical_metrics.csv,3.584263392857143
3630,1.903689728,3.7734375,0.0003716899892357,historical,raw/1b-baseline_historical_metrics.csv,3.5848214285714284
3640,1.908932608,3.57421875,0.0003715823466092,historical,raw/1b-baseline_historical_metrics.csv,3.5792410714285716
3650,1.914175488,3.80078125,0.0003714747039827,historical,raw/1b-baseline_historical_metrics.csv,3.5766369047619047
3660,1.919418368,3.7265625,0.0003713670613562,historical,raw/1b-baseline_historical_metrics.csv,3.572358630952381
3670,1.924661248,3.3359375,0.0003712594187298,historical,raw/1b-baseline_historical_metrics.csv,3.546875
3680,1.929904128,3.78515625,0.0003711517761033,historical,raw/1b-baseline_historical_metrics.csv,3.609188988095238
3690,1.935147008,2.453125,0.0003710441334768,historical,raw/1b-baseline_historical_metrics.csv,3.6063988095238093
3700,1.940389888,2.296875,0.0003709364908503,historical,raw/1b-baseline_historical_metrics.csv,3.5383184523809526
3710,1.945632768,3.26953125,0.0003708288482238,historical,raw/1b-baseline_historical_metrics.csv,3.507998511904762
3720,1.950875648,3.41796875,0.0003707212055974,historical,raw/1b-baseline_historical_metrics.csv,3.5483630952380953
3730,1.956118528,3.13671875,0.0003706135629709,historical,raw/1b-baseline_historical_metrics.csv,3.5377604166666665
3740,1.961361408,3.71875,0.0003705059203444,historical,raw/1b-baseline_historical_metrics.csv,3.5269717261904763
3750,1.966604288,2.69140625,0.0003703982777179,historical,raw/1b-baseline_historical_metrics.csv,3.4698660714285716
3760,1.971847168,3.84375,0.0003702906350914,historical,raw/1b-baseline_historical_metrics.csv,3.4683779761904763
3770,1.977090048,3.77734375,0.000370182992465,historical,raw/1b-baseline_historical_metrics.csv,3.4676339285714284
3780,1.982332928,2.33984375,0.0003700753498385,historical,raw/1b-baseline_historical_metrics.csv,3.3949032738095237
3790,1.987575808,3.74609375,0.000369967707212,historical,raw/1b-baseline_historical_metrics.csv,3.3822544642857144
3800,1.992818688,3.79296875,0.0003698600645855,historical,raw/1b-baseline_historical_metrics.csv,3.378720238095238
3810,1.998061568,3.515625,0.000369752421959,historical,raw/1b-baseline_historical_metrics.csv,3.3444940476190474
3820,2.003304448,3.5390625,0.0003696447793326,historical,raw/1b-baseline_historical_metrics.csv,3.392671130952381
3830,2.008547328,2.79296875,0.0003695371367061,historical,raw/1b-baseline_historical_metrics.csv,3.3489583333333335
3840,2.013790208,3.890625,0.0003694294940796,historical,raw/1b-baseline_historical_metrics.csv,3.3545386904761907
3850,2.019033088,3.17578125,0.0003693218514531,historical,raw/1b-baseline_historical_metrics.csv,3.3355654761904763
3860,2.024275968,3.7109375,0.0003692142088266,historical,raw/1b-baseline_historical_metrics.csv,3.3312872023809526
3870,2.029518848,3.421875,0.0003691065662002,historical,raw/1b-baseline_historical_metrics.csv,3.3167782738095237
3880,2.034761728,3.7109375,0.0003689989235737,historical,raw/1b-baseline_historical_metrics.csv,3.3346354166666665
3890,2.040004608,3.74609375,0.0003688912809472,historical,raw/1b-baseline_historical_metrics.csv,3.3327752976190474
3900,2.045247488,3.87109375,0.0003687836383207,historical,raw/1b-baseline_historical_metrics.csv,3.400297619047619
3910,2.050490368,3.765625,0.0003686759956942,historical,raw/1b-baseline_historical_metrics.csv,3.4702380952380953
3920,2.055733248,2.484375,0.0003685683530678,historical,raw/1b-baseline_historical_metrics.csv,3.4328497023809526
3930,2.060976128,3.7890625,0.0003684607104413,historical,raw/1b-baseline_historical_metrics.csv,3.4505208333333335
3940,2.066219008,2.5625,0.0003683530678148,historical,raw/1b-baseline_historical_metrics.csv,3.4231770833333335
3950,2.071461888,2.38671875,0.0003682454251883,historical,raw/1b-baseline_historical_metrics.csv,3.3597470238095237
3960,2.076704768,3.74609375,0.0003681377825618,historical,raw/1b-baseline_historical_metrics.csv,3.409970238095238
3970,2.081947648,3.66796875,0.0003680301399354,historical,raw/1b-baseline_historical_metrics.csv,3.4015997023809526
3980,2.087190528,3.03125,0.0003679224973089,historical,raw/1b-baseline_historical_metrics.csv,3.3660714285714284
3990,2.092433408,3.83984375,0.0003678148546824,historical,raw/1b-baseline_historical_metrics.csv,3.4375
4000,2.097676288,3.1171875,0.0003677072120559,historical,raw/1b-baseline_historical_metrics.csv,3.4075520833333335
4010,2.102919168,3.36328125,0.0003675995694294,historical,raw/1b-baseline_historical_metrics.csv,3.3870907738095237
4020,2.108162048,3.67578125,0.000367491926803,historical,raw/1b-baseline_historical_metrics.csv,3.394717261904762
4030,2.113404928,3.8828125,0.0003673842841765,historical,raw/1b-baseline_historical_metrics.csv,3.4110863095238093
4040,2.118647808,3.78515625,0.00036727664155,historical,raw/1b-baseline_historical_metrics.csv,3.4583333333333335
4050,2.123890688,2.63671875,0.0003671689989235,historical,raw/1b-baseline_historical_metrics.csv,3.398623511904762
4060,2.129133568,3.7109375,0.000367061356297,historical,raw/1b-baseline_historical_metrics.csv,3.424107142857143
4070,2.134376448,3.71875,0.0003669537136706,historical,raw/1b-baseline_historical_metrics.csv,3.4244791666666665
4080,2.139619328,3.8046875,0.0003668460710441,historical,raw/1b-baseline_historical_metrics.csv,3.4427083333333335
4090,2.144862208,3.18359375,0.0003667384284176,historical,raw/1b-baseline_historical_metrics.csv,3.4175967261904763
4100,2.150105088,3.71875,0.0003666307857911,historical,raw/1b-baseline_historical_metrics.csv,3.416294642857143
4110,2.155347968,3.9140625,0.0003665231431646,historical,raw/1b-baseline_historical_metrics.csv,3.4183407738095237
4120,2.160590848,3.703125,0.0003664155005382,historical,raw/1b-baseline_historical_metrics.csv,3.4153645833333335
4130,2.165833728,3.6640625,0.0003663078579117,historical,raw/1b-baseline_historical_metrics.csv,3.4715401785714284
4140,2.171076608,4.0,0.0003662002152852,historical,raw/1b-baseline_historical_metrics.csv,3.4815848214285716
4150,2.176319488,3.8359375,0.0003660925726587,historical,raw/1b-baseline_historical_metrics.csv,3.5422247023809526
4160,2.181562368,3.40234375,0.0003659849300322,historical,raw/1b-baseline_historical_metrics.csv,3.5905877976190474
4170,2.186805248,2.76953125,0.0003658772874058,historical,raw/1b-baseline_historical_metrics.csv,3.5440848214285716
4180,2.192048128,3.76171875,0.0003657696447793,historical,raw/1b-baseline_historical_metrics.csv,3.548549107142857
4190,2.197291008,3.89453125,0.0003656620021528,historical,raw/1b-baseline_historical_metrics.csv,3.589657738095238
4200,2.202533888,3.72265625,0.0003655543595263,historical,raw/1b-baseline_historical_metrics.csv,3.584077380952381
4210,2.207776768,2.26171875,0.0003654467168998,historical,raw/1b-baseline_historical_metrics.csv,3.5433407738095237
4220,2.213019648,3.2265625,0.0003653390742734,historical,raw/1b-baseline_historical_metrics.csv,3.536830357142857
4230,2.218262528,3.2578125,0.0003652314316469,historical,raw/1b-baseline_historical_metrics.csv,3.5169270833333335
4240,2.223505408,3.75390625,0.0003651237890204,historical,raw/1b-baseline_historical_metrics.csv,3.5107886904761907
4250,2.228748288,3.640625,0.0003650161463939,historical,raw/1b-baseline_historical_metrics.csv,3.50390625
4260,2.233991168,3.890625,0.0003649085037674,historical,raw/1b-baseline_historical_metrics.csv,3.5636160714285716
4270,2.239234048,2.8828125,0.000364800861141,historical,raw/1b-baseline_historical_metrics.csv,3.5241815476190474
4280,2.244476928,2.578125,0.0003646932185145,historical,raw/1b-baseline_historical_metrics.csv,3.4698660714285716
4290,2.249719808,3.8046875,0.000364585575888,historical,raw/1b-baseline_historical_metrics.csv,3.4698660714285716
4300,2.254962688,3.8125,0.0003644779332615,historical,raw/1b-baseline_historical_metrics.csv,3.499813988095238
4310,2.260205568,3.6640625,0.000364370290635,historical,raw/1b-baseline_historical_metrics.csv,3.4972098214285716
4320,2.265448448,3.27734375,0.0003642626480086,historical,raw/1b-baseline_historical_metrics.csv,3.466889880952381
4330,2.270691328,3.75390625,0.0003641550053821,historical,raw/1b-baseline_historical_metrics.csv,3.4693080357142856
4340,2.275934208,2.66015625,0.0003640473627556,historical,raw/1b-baseline_historical_metrics.csv,3.4215029761904763
4350,2.281177088,3.76953125,0.0003639397201291,historical,raw/1b-baseline_historical_metrics.csv,3.4105282738095237
4360,2.286419968,2.7578125,0.0003638320775026,historical,raw/1b-baseline_historical_metrics.csv,3.359188988095238
4370,2.291662848,3.859375,0.0003637244348762,historical,raw/1b-baseline_historical_metrics.csv,3.380952380952381
4380,2.296905728,3.69921875,0.0003636167922497,historical,raw/1b-baseline_historical_metrics.csv,3.4252232142857144
4390,2.302148608,3.71484375,0.0003635091496232,historical,raw/1b-baseline_historical_metrics.csv,3.4229910714285716
4400,2.307391488,3.59375,0.0003634015069967,historical,raw/1b-baseline_historical_metrics.csv,3.4086681547619047
4410,2.312634368,3.234375,0.0003632938643702,historical,raw/1b-baseline_historical_metrics.csv,3.3854166666666665
4420,2.317877248,3.15625,0.0003631862217438,historical,raw/1b-baseline_historical_metrics.csv,3.428013392857143
4430,2.323120128,2.3828125,0.0003630785791173,historical,raw/1b-baseline_historical_metrics.csv,3.3878348214285716
4440,2.328363008,2.4375,0.0003629709364908,historical,raw/1b-baseline_historical_metrics.csv,3.3487723214285716
4450,2.333605888,3.73828125,0.0003628632938643,historical,raw/1b-baseline_historical_metrics.csv,3.3480282738095237
4460,2.338848768,3.8125,0.0003627556512378,historical,raw/1b-baseline_historical_metrics.csv,3.3562127976190474
4470,2.344091648,3.359375,0.0003626480086114,historical,raw/1b-baseline_historical_metrics.csv,3.3309151785714284
4480,2.349334528,3.51171875,0.0003625403659849,historical,raw/1b-baseline_historical_metrics.csv,3.3608630952380953
4490,2.354577408,3.33203125,0.0003624327233584,historical,raw/1b-baseline_historical_metrics.csv,3.396763392857143
4500,2.359820288,2.296875,0.0003623250807319,historical,raw/1b-baseline_historical_metrics.csv,3.3249627976190474
4510,2.365063168,3.7109375,0.0003622174381054,historical,raw/1b-baseline_historical_metrics.csv,3.320126488095238
4520,2.370306048,2.23828125,0.000362109795479,historical,raw/1b-baseline_historical_metrics.csv,3.252232142857143
4530,2.375548928,3.11328125,0.0003620021528525,historical,raw/1b-baseline_historical_metrics.csv,3.244419642857143
4540,2.380791808,3.39453125,0.000361894510226,historical,raw/1b-baseline_historical_metrics.csv,3.2273065476190474
4550,2.386034688,3.21484375,0.0003617868675995,historical,raw/1b-baseline_historical_metrics.csv,3.253720238095238
4560,2.391277568,3.73046875,0.000361679224973,historical,raw/1b-baseline_historical_metrics.csv,3.251860119047619
4570,2.396520448,2.48828125,0.0003615715823466,historical,raw/1b-baseline_historical_metrics.csv,3.2390252976190474
4580,2.401763328,2.95703125,0.0003614639397201,historical,raw/1b-baseline_historical_metrics.csv,3.1960565476190474
4590,2.407006208,2.5234375,0.0003613562970936,historical,raw/1b-baseline_historical_metrics.csv,3.1400669642857144
4600,2.412249088,3.6875,0.0003612486544671,historical,raw/1b-baseline_historical_metrics.csv,3.138764880952381
4610,2.417491968,3.64453125,0.0003611410118406,historical,raw/1b-baseline_historical_metrics.csv,3.1411830357142856
4620,2.422734848,3.6484375,0.0003610333692142,historical,raw/1b-baseline_historical_metrics.csv,3.1609002976190474
4630,2.427977728,3.6171875,0.0003609257265877,historical,raw/1b-baseline_historical_metrics.csv,3.1828497023809526
4640,2.433220608,3.734375,0.0003608180839612,historical,raw/1b-baseline_historical_metrics.csv,3.2472098214285716
4650,2.438463488,3.5234375,0.0003607104413347,historical,raw/1b-baseline_historical_metrics.csv,3.298921130952381
4660,2.443706368,2.5390625,0.0003606027987082,historical,raw/1b-baseline_historical_metrics.csv,3.2418154761904763
4670,2.448949248,3.4296875,0.0003604951560818,historical,raw/1b-baseline_historical_metrics.csv,3.2235863095238093
4680,2.454192128,2.28515625,0.0003603875134553,historical,raw/1b-baseline_historical_metrics.csv,3.1724330357142856
4690,2.459435008,3.77734375,0.0003602798708288,historical,raw/1b-baseline_historical_metrics.csv,3.1850818452380953
4700,2.464677888,3.69140625,0.0003601722282023,historical,raw/1b-baseline_historical_metrics.csv,3.2021949404761907
4710,2.469920768,3.72265625,0.0003600645855758,historical,raw/1b-baseline_historical_metrics.csv,3.2700892857142856
4720,2.475163648,3.5625,0.0003599569429494,historical,raw/1b-baseline_historical_metrics.csv,3.2630208333333335
4730,2.480406528,3.70703125,0.0003598493003229,historical,raw/1b-baseline_historical_metrics.csv,3.3329613095238093
4740,2.485649408,3.7109375,0.0003597416576964,historical,raw/1b-baseline_historical_metrics.csv,3.361421130952381
4750,2.490892288,2.3671875,0.0003596340150699,historical,raw/1b-baseline_historical_metrics.csv,3.3125
4760,2.496135168,3.66796875,0.0003595263724434,historical,raw/1b-baseline_historical_metrics.csv,3.334077380952381
4770,2.501378048,3.66796875,0.000359418729817,historical,raw/1b-baseline_historical_metrics.csv,3.3311011904761907
4780,2.506620928,3.80859375,0.0003593110871905,historical,raw/1b-baseline_historical_metrics.csv,3.3939732142857144
4790,2.511863808,3.41015625,0.000359203444564,historical,raw/1b-baseline_historical_metrics.csv,3.4155505952380953
4800,2.517106688,3.765625,0.0003590958019375,historical,raw/1b-baseline_historical_metrics.csv,3.474702380952381
4810,2.522349568,2.30078125,0.000358988159311,historical,raw/1b-baseline_historical_metrics.csv,3.4086681547619047
4820,2.527592448,3.1484375,0.0003588805166846,historical,raw/1b-baseline_historical_metrics.csv,3.385044642857143
4830,2.532835328,3.6875,0.0003587728740581,historical,raw/1b-baseline_historical_metrics.csv,3.386904761904762
4840,2.538078208,3.765625,0.0003586652314316,historical,raw/1b-baseline_historical_metrics.csv,3.3939732142857144
4850,2.543321088,3.62890625,0.0003585575888051,historical,raw/1b-baseline_historical_metrics.csv,3.388950892857143
4860,2.548563968,3.66015625,0.0003584499461786,historical,raw/1b-baseline_historical_metrics.csv,3.3954613095238093
4870,2.553806848,2.60546875,0.0003583423035522,historical,raw/1b-baseline_historical_metrics.csv,3.398623511904762
4880,2.559049728,3.84375,0.0003582346609257,historical,raw/1b-baseline_historical_metrics.csv,3.4183407738095237
4890,2.564292608,2.37890625,0.0003581270182992,historical,raw/1b-baseline_historical_metrics.csv,3.4228050595238093
4900,2.569535488,3.62890625,0.0003580193756727,historical,raw/1b-baseline_historical_metrics.csv,3.415736607142857
4910,2.574778368,3.70703125,0.0003579117330462,historical,raw/1b-baseline_historical_metrics.csv,3.4164806547619047
4920,2.580021248,2.4609375,0.0003578040904198,historical,raw/1b-baseline_historical_metrics.csv,3.3563988095238093
4930,2.585264128,3.34375,0.0003576964477933,historical,raw/1b-baseline_historical_metrics.csv,3.345982142857143
4940,2.590507008,3.65625,0.0003575888051668,historical,raw/1b-baseline_historical_metrics.csv,3.343563988095238
4950,2.595749888,3.6953125,0.0003574811625403,historical,raw/1b-baseline_historical_metrics.csv,3.3428199404761907
4960,2.600992768,3.66796875,0.0003573735199138,historical,raw/1b-baseline_historical_metrics.csv,3.4047619047619047
4970,2.606235648,3.859375,0.0003572658772874,historical,raw/1b-baseline_historical_metrics.csv,3.413876488095238
4980,2.611478528,3.5859375,0.0003571582346609,historical,raw/1b-baseline_historical_metrics.csv,3.409970238095238
4990,2.616721408,2.51953125,0.0003570505920344,historical,raw/1b-baseline_historical_metrics.csv,3.3485863095238093
5000,2.621964288,3.07421875,0.0003569429494079,historical,raw/1b-baseline_historical_metrics.csv,3.3325892857142856
5010,2.627207168,2.57421875,0.0003568353067814,historical,raw/1b-baseline_historical_metrics.csv,3.2758556547619047
5020,2.632450048,3.3203125,0.000356727664155,historical,raw/1b-baseline_historical_metrics.csv,3.324404761904762
5030,2.637692928,2.58984375,0.0003566200215285,historical,raw/1b-baseline_historical_metrics.csv,3.2978050595238093
5040,2.642935808,3.59375,0.000356512378902,historical,raw/1b-baseline_historical_metrics.csv,3.2933407738095237
5050,2.648178688,3.0078125,0.0003564047362755,historical,raw/1b-baseline_historical_metrics.csv,3.2572544642857144
5060,2.653421568,2.53125,0.000356297093649,historical,raw/1b-baseline_historical_metrics.csv,3.204985119047619
5070,2.658664448,3.6640625,0.0003561894510226,historical,raw/1b-baseline_historical_metrics.csv,3.205171130952381
5080,2.663907328,3.39453125,0.0003560818083961,historical,raw/1b-baseline_historical_metrics.csv,3.2427455357142856
5090,2.669150208,3.6796875,0.0003559741657696,historical,raw/1b-baseline_historical_metrics.csv,3.2349330357142856
5100,2.674393088,3.328125,0.0003558665231431,historical,raw/1b-baseline_historical_metrics.csv,3.2801339285714284
5110,2.679635968,3.58984375,0.0003557588805166,historical,raw/1b-baseline_historical_metrics.csv,3.2782738095238093
5120,2.684878848,3.69921875,0.0003556512378902,historical,raw/1b-baseline_historical_metrics.csv,3.2779017857142856
5130,2.690121728,3.5390625,0.0003555435952637,historical,raw/1b-baseline_historical_metrics.csv,3.3292410714285716
5140,2.695364608,3.06640625,0.0003554359526372,historical,raw/1b-baseline_historical_metrics.csv,3.3160342261904763
5150,2.700607488,3.6015625,0.0003553283100107,historical,raw/1b-baseline_historical_metrics.csv,3.3134300595238093
5160,2.705850368,3.59765625,0.0003552206673842,historical,raw/1b-baseline_historical_metrics.csv,3.308779761904762
5170,2.711093248,3.0390625,0.0003551130247578,historical,raw/1b-baseline_historical_metrics.csv,3.2788318452380953
5180,2.716336128,2.4921875,0.0003550053821313,historical,raw/1b-baseline_historical_metrics.csv,3.2137276785714284
5190,2.721579008,3.69140625,0.0003548977395048,historical,raw/1b-baseline_historical_metrics.csv,3.21875
5200,2.726821888,3.203125,0.0003547900968783,historical,raw/1b-baseline_historical_metrics.csv,3.2513020833333335
5210,2.732064768,3.68359375,0.0003546824542518,historical,raw/1b-baseline_historical_metrics.csv,3.2803199404761907
5220,2.737307648,3.671875,0.0003545748116254,historical,raw/1b-baseline_historical_metrics.csv,3.3325892857142856
5230,2.742550528,2.65234375,0.0003544671689989,historical,raw/1b-baseline_historical_metrics.csv,3.30078125
5240,2.747793408,2.3984375,0.0003543595263724,historical,raw/1b-baseline_historical_metrics.csv,3.2916666666666665
5250,2.753036288,2.208984375,0.0003542518837459,historical,raw/1b-baseline_historical_metrics.csv,3.2257254464285716
5260,2.758279168,2.44921875,0.0003541442411194,historical,raw/1b-baseline_historical_metrics.csv,3.199125744047619
5270,2.763522048,3.14453125,0.000354036598493,historical,raw/1b-baseline_historical_metrics.csv,3.228329613095238
5280,2.768764928,3.7890625,0.0003539289558665,historical,raw/1b-baseline_historical_metrics.csv,3.234281994047619
5290,2.774007808,3.11328125,0.00035382131324,historical,raw/1b-baseline_historical_metrics.csv,3.220889136904762
5300,2.779250688,3.625,0.0003537136706135,historical,raw/1b-baseline_historical_metrics.csv,3.2182849702380953
5310,2.784493568,3.55078125,0.000353606027987,historical,raw/1b-baseline_historical_metrics.csv,3.2288876488095237
5320,2.789736448,3.68359375,0.0003534983853606,historical,raw/1b-baseline_historical_metrics.csv,3.2333519345238093
5330,2.794979328,3.70703125,0.0003533907427341,historical,raw/1b-baseline_historical_metrics.csv,3.2337239583333335
5340,2.800222208,2.63671875,0.0003532831001076,historical,raw/1b-baseline_historical_metrics.csv,3.1907552083333335
5350,2.805465088,3.73046875,0.0003531754574811,historical,raw/1b-baseline_historical_metrics.csv,3.222377232142857
5360,2.810707968,2.12890625,0.0003530678148546,historical,raw/1b-baseline_historical_metrics.csv,3.152250744047619
5370,2.815950848,3.640625,0.0003529601722282,historical,raw/1b-baseline_historical_metrics.csv,3.154296875
5380,2.821193728,3.87890625,0.0003528525296017,historical,raw/1b-baseline_historical_metrics.csv,3.1942894345238093
5390,2.826436608,3.5859375,0.0003527448869752,historical,raw/1b-baseline_historical_metrics.csv,3.246372767857143
5400,2.831679488,3.61328125,0.0003526372443487,historical,raw/1b-baseline_historical_metrics.csv,3.2426525297619047
5410,2.836922368,3.765625,0.0003525296017222,historical,raw/1b-baseline_historical_metrics.csv,3.269438244047619
5420,2.842165248,3.359375,0.0003524219590958,historical,raw/1b-baseline_historical_metrics.csv,3.253999255952381
5430,2.847408128,3.90234375,0.0003523143164693,historical,raw/1b-baseline_historical_metrics.csv,3.2649739583333335
5440,2.852651008,3.03125,0.0003522066738428,historical,raw/1b-baseline_historical_metrics.csv,3.283017113095238
5450,2.857893888,3.66796875,0.0003520990312163,historical,raw/1b-baseline_historical_metrics.csv,3.343470982142857
5460,2.863136768,3.2578125,0.0003519913885898,historical,raw/1b-baseline_historical_metrics.csv,3.3934151785714284
5470,2.868379648,3.80078125,0.0003518837459634,historical,raw/1b-baseline_historical_metrics.csv,3.4577752976190474
5480,2.873622528,2.38671875,0.0003517761033369,historical,raw/1b-baseline_historical_metrics.csv,3.421688988095238
5490,2.878865408,3.66796875,0.0003516684607104,historical,raw/1b-baseline_historical_metrics.csv,3.415922619047619
5500,2.884108288,3.5625,0.0003515608180839,historical,raw/1b-baseline_historical_metrics.csv,3.437313988095238
5510,2.889351168,3.078125,0.0003514531754574,historical,raw/1b-baseline_historical_metrics.csv,3.4112723214285716
5520,2.894594048,3.00390625,0.000351345532831,historical,raw/1b-baseline_historical_metrics.csv,3.3852306547619047
5530,2.899836928,3.23828125,0.0003512378902045,historical,raw/1b-baseline_historical_metrics.csv,3.3640252976190474
5540,2.905079808,2.31640625,0.000351130247578,historical,raw/1b-baseline_historical_metrics.csv,3.2978050595238093
5550,2.910322688,3.64453125,0.0003510226049515,historical,raw/1b-baseline_historical_metrics.csv,3.345796130952381
5560,2.915565568,3.60546875,0.000350914962325,historical,raw/1b-baseline_historical_metrics.csv,3.33984375
5570,2.920808448,3.65234375,0.0003508073196986,historical,raw/1b-baseline_historical_metrics.csv,3.412388392857143
5580,2.926051328,3.59375,0.0003506996770721,historical,raw/1b-baseline_historical_metrics.csv,3.41015625
5590,2.931294208,3.5546875,0.0003505920344456,historical,raw/1b-baseline_historical_metrics.csv,3.394717261904762
5600,2.936537088,3.546875,0.0003504843918191,historical,raw/1b-baseline_historical_metrics.csv,3.392857142857143
5610,2.941779968,3.20703125,0.0003503767491926,historical,raw/1b-baseline_historical_metrics.csv,3.3735119047619047
5620,2.947022848,3.58203125,0.0003502691065662,historical,raw/1b-baseline_historical_metrics.csv,3.3647693452380953
5630,2.952265728,3.66015625,0.0003501614639397,historical,raw/1b-baseline_historical_metrics.csv,3.379092261904762
5640,2.957508608,3.58203125,0.0003500538213132,historical,raw/1b-baseline_historical_metrics.csv,3.3638392857142856
5650,2.962751488,3.6171875,0.0003499461786867,historical,raw/1b-baseline_historical_metrics.csv,3.3917410714285716
5660,2.967994368,2.54296875,0.0003498385360602,historical,raw/1b-baseline_historical_metrics.csv,3.338169642857143
5670,2.973237248,2.27734375,0.0003497308934337,historical,raw/1b-baseline_historical_metrics.csv,3.2914806547619047
5680,2.978480128,3.54296875,0.0003496232508073,historical,raw/1b-baseline_historical_metrics.csv,3.279203869047619
5690,2.983723008,3.62890625,0.0003495156081808,historical,raw/1b-baseline_historical_metrics.csv,3.3383556547619047
5700,2.988965888,3.60546875,0.0003494079655543,historical,raw/1b-baseline_historical_metrics.csv,3.3353794642857144
5710,2.994208768,3.546875,0.0003493003229278,historical,raw/1b-baseline_historical_metrics.csv,3.3346354166666665
5720,2.999451648,3.54296875,0.0003491926803013,historical,raw/1b-baseline_historical_metrics.csv,3.3567708333333335
5730,3.004694528,3.484375,0.0003490850376749,historical,raw/1b-baseline_historical_metrics.csv,3.3796502976190474
5740,3.009937408,3.61328125,0.0003489773950484,historical,raw/1b-baseline_historical_metrics.csv,3.3975074404761907
5750,3.015180288,3.65234375,0.0003488697524219,historical,raw/1b-baseline_historical_metrics.csv,3.461123511904762
5760,3.020423168,3.609375,0.0003487621097954,historical,raw/1b-baseline_historical_metrics.csv,3.4594494047619047
5770,3.025666048,3.64453125,0.0003486544671689,historical,raw/1b-baseline_historical_metrics.csv,3.4613095238095237
5780,3.030908928,2.3125,0.0003485468245425,historical,raw/1b-baseline_historical_metrics.csv,3.3975074404761907
5790,3.036151808,3.61328125,0.000348439181916,historical,raw/1b-baseline_historical_metrics.csv,3.3984375
5800,3.041394688,3.51953125,0.0003483315392895,historical,raw/1b-baseline_historical_metrics.csv,3.396763392857143
5810,3.046637568,3.28515625,0.000348223896663,historical,raw/1b-baseline_historical_metrics.csv,3.3843005952380953
5820,3.051880448,2.33984375,0.0003481162540365,historical,raw/1b-baseline_historical_metrics.csv,3.3430059523809526
5830,3.057123328,3.6953125,0.0003480086114101,historical,raw/1b-baseline_historical_metrics.csv,3.3484002976190474
5840,3.062366208,3.67578125,0.0003479009687836,historical,raw/1b-baseline_historical_metrics.csv,3.3491443452380953
5850,3.067609088,3.65625,0.0003477933261571,historical,raw/1b-baseline_historical_metrics.csv,3.3526785714285716
5860,3.072851968,3.609375,0.0003476856835306,historical,raw/1b-baseline_historical_metrics.csv,3.3523065476190474
5870,3.078094848,3.5859375,0.0003475780409041,historical,raw/1b-baseline_historical_metrics.csv,3.4019717261904763
5880,3.083337728,2.21484375,0.0003474703982777,historical,raw/1b-baseline_historical_metrics.csv,3.3989955357142856
5890,3.088580608,3.84375,0.0003473627556512,historical,raw/1b-baseline_historical_metrics.csv,3.4133184523809526
5900,3.093823488,2.142578125,0.0003472551130247,historical,raw/1b-baseline_historical_metrics.csv,3.3425409226190474
5910,3.099066368,3.64453125,0.0003471474703982,historical,raw/1b-baseline_historical_metrics.csv,3.3444010416666665
5920,3.104309248,2.21875,0.0003470398277717,historical,raw/1b-baseline_historical_metrics.csv,3.281156994047619
5930,3.109552128,3.515625,0.0003469321851453,historical,raw/1b-baseline_historical_metrics.csv,3.2798549107142856
5940,3.114795008,2.08984375,0.0003468245425188,historical,raw/1b-baseline_historical_metrics.csv,3.2134486607142856
5950,3.120037888,3.53125,0.0003467168998923,historical,raw/1b-baseline_historical_metrics.csv,3.2095424107142856
5960,3.125280768,3.5625,0.0003466092572658,historical,raw/1b-baseline_historical_metrics.csv,3.205264136904762
5970,3.130523648,3.80078125,0.0003465016146393,historical,raw/1b-baseline_historical_metrics.csv,3.2143787202380953
5980,3.135766528,3.4921875,0.0003463939720129,historical,raw/1b-baseline_historical_metrics.csv,3.207124255952381
5990,3.141009408,3.05078125,0.0003462863293864,historical,raw/1b-baseline_historical_metrics.csv,3.242280505952381
6000,3.146252288,3.859375,0.0003461786867599,historical,raw/1b-baseline_historical_metrics.csv,3.253999255952381
6010,3.151495168,3.625,0.0003460710441334,historical,raw/1b-baseline_historical_metrics.csv,3.2590215773809526
6020,3.156738048,3.4921875,0.0003459634015069,historical,raw/1b-baseline_historical_metrics.csv,3.2688802083333335
6030,3.161980928,3.078125,0.0003458557588805,historical,raw/1b-baseline_historical_metrics.csv,3.3040364583333335
6040,3.167223808,3.4921875,0.000345748116254,historical,raw/1b-baseline_historical_metrics.csv,3.2943638392857144
6050,3.172466688,3.53125,0.0003456404736275,historical,raw/1b-baseline_historical_metrics.csv,3.2874813988095237
6060,3.177709568,2.65234375,0.000345532831001,historical,raw/1b-baseline_historical_metrics.csv,3.2396763392857144
6070,3.182952448,3.06640625,0.0003454251883745,historical,raw/1b-baseline_historical_metrics.csv,3.2138206845238093
6080,3.188195328,3.62890625,0.0003453175457481,historical,raw/1b-baseline_historical_metrics.csv,3.2158668154761907
6090,3.193438208,3.83984375,0.0003452099031216,historical,raw/1b-baseline_historical_metrics.csv,3.293247767857143
6100,3.198681088,3.5546875,0.0003451022604951,historical,raw/1b-baseline_historical_metrics.csv,3.279482886904762
6110,3.203923968,3.53515625,0.0003449946178686,historical,raw/1b-baseline_historical_metrics.csv,3.345796130952381
6120,3.209166848,2.44140625,0.0003448869752421,historical,raw/1b-baseline_historical_metrics.csv,3.2885044642857144
6130,3.214409728,3.66015625,0.0003447793326157,historical,raw/1b-baseline_historical_metrics.csv,3.357142857142857
6140,3.219652608,3.68359375,0.0003446716899892,historical,raw/1b-baseline_historical_metrics.csv,3.365141369047619
6150,3.224895488,2.14453125,0.0003445640473627,historical,raw/1b-baseline_historical_metrics.csv,3.3677455357142856
6160,3.230138368,3.23828125,0.0003444564047362,historical,raw/1b-baseline_historical_metrics.csv,3.353794642857143
6170,3.235381248,3.58984375,0.0003443487621097,historical,raw/1b-baseline_historical_metrics.csv,3.3550967261904763
6180,3.240624128,3.609375,0.0003442411194833,historical,raw/1b-baseline_historical_metrics.csv,3.345982142857143
6190,3.245867008,2.171875,0.0003441334768568,historical,raw/1b-baseline_historical_metrics.csv,3.283110119047619
6200,3.251109888,3.34375,0.0003440258342303,historical,raw/1b-baseline_historical_metrics.csv,3.297061011904762
6210,3.256352768,2.95703125,0.0003439181916038,historical,raw/1b-baseline_historical_metrics.csv,3.254092261904762
6220,3.261595648,3.69140625,0.0003438105489773,historical,raw/1b-baseline_historical_metrics.csv,3.2572544642857144
6230,3.266838528,3.640625,0.0003437029063509,historical,raw/1b-baseline_historical_metrics.csv,3.2643229166666665
6240,3.272081408,2.21484375,0.0003435952637244,historical,raw/1b-baseline_historical_metrics.csv,3.2232142857142856
6250,3.277324288,3.5,0.0003434876210979,historical,raw/1b-baseline_historical_metrics.csv,3.2235863095238093
6260,3.282567168,3.01953125,0.0003433799784714,historical,raw/1b-baseline_historical_metrics.csv,3.19921875
6270,3.287810048,3.71875,0.0003432723358449,historical,raw/1b-baseline_historical_metrics.csv,3.25
6280,3.293052928,3.1328125,0.0003431646932185,historical,raw/1b-baseline_historical_metrics.csv,3.2531622023809526
6290,3.298295808,3.6015625,0.000343057050592,historical,raw/1b-baseline_historical_metrics.csv,3.251860119047619
6300,3.303538688,3.546875,0.0003429494079655,historical,raw/1b-baseline_historical_metrics.csv,3.2379092261904763
6310,3.308781568,2.3984375,0.000342841765339,historical,raw/1b-baseline_historical_metrics.csv,3.1828497023809526
6320,3.314024448,3.01953125,0.0003427341227125,historical,raw/1b-baseline_historical_metrics.csv,3.158296130952381
6330,3.319267328,3.70703125,0.0003426264800861,historical,raw/1b-baseline_historical_metrics.csv,3.218563988095238
6340,3.324510208,3.0078125,0.0003425188374596,historical,raw/1b-baseline_historical_metrics.csv,3.1875
6350,3.329753088,2.3359375,0.0003424111948331,historical,raw/1b-baseline_historical_metrics.csv,3.123325892857143
6360,3.334995968,3.7265625,0.0003423035522066,historical,raw/1b-baseline_historical_metrics.csv,3.1986607142857144
6370,3.340238848,2.296875,0.0003421959095801,historical,raw/1b-baseline_historical_metrics.csv,3.1538318452380953
6380,3.345481728,2.3828125,0.0003420882669537,historical,raw/1b-baseline_historical_metrics.csv,3.0963541666666665
6390,3.350724608,3.5625,0.0003419806243272,historical,raw/1b-baseline_historical_metrics.csv,3.0941220238095237
6400,3.355967488,2.453125,0.0003418729817007,historical,raw/1b-baseline_historical_metrics.csv,3.107514880952381
6410,3.361210368,3.6328125,0.0003417653390742,historical,raw/1b-baseline_historical_metrics.csv,3.121279761904762
6420,3.366453248,3.55859375,0.0003416576964477,historical,raw/1b-baseline_historical_metrics.csv,3.1499255952380953
6430,3.371696128,3.609375,0.0003415500538213,historical,raw/1b-baseline_historical_metrics.csv,3.1460193452380953
6440,3.376939008,3.60546875,0.0003414424111948,historical,raw/1b-baseline_historical_metrics.csv,3.144345238095238
6450,3.382181888,2.15625,0.0003413347685683,historical,raw/1b-baseline_historical_metrics.csv,3.1415550595238093
6460,3.387424768,3.50390625,0.0003412271259418,historical,raw/1b-baseline_historical_metrics.csv,3.1417410714285716
6470,3.392667648,3.57421875,0.0003411194833153,historical,raw/1b-baseline_historical_metrics.csv,3.168154761904762
6480,3.397910528,3.61328125,0.0003410118406889,historical,raw/1b-baseline_historical_metrics.csv,3.1631324404761907
6490,3.403153408,2.82421875,0.0003409041980624,historical,raw/1b-baseline_historical_metrics.csv,3.1484375
6500,3.408396288,3.02734375,0.0003407965554359,historical,raw/1b-baseline_historical_metrics.csv,3.12109375
6510,3.413639168,3.5078125,0.0003406889128094,historical,raw/1b-baseline_historical_metrics.csv,3.119233630952381
6520,3.418882048,3.48828125,0.0003405812701829,historical,raw/1b-baseline_historical_metrics.csv,3.1711309523809526
6530,3.424124928,3.53125,0.0003404736275565,historical,raw/1b-baseline_historical_metrics.csv,3.195498511904762
6540,3.429367808,3.61328125,0.00034036598493,historical,raw/1b-baseline_historical_metrics.csv,3.1910342261904763
6550,3.434610688,3.5234375,0.0003402583423035,historical,raw/1b-baseline_historical_metrics.csv,3.2155877976190474
6560,3.439853568,3.515625,0.000340150699677,historical,raw/1b-baseline_historical_metrics.csv,3.271763392857143
6570,3.445096448,3.01953125,0.0003400430570505,historical,raw/1b-baseline_historical_metrics.csv,3.238095238095238
6580,3.450339328,2.171875,0.0003399354144241,historical,raw/1b-baseline_historical_metrics.csv,3.232142857142857
6590,3.455582208,3.59765625,0.0003398277717976,historical,raw/1b-baseline_historical_metrics.csv,3.2899925595238093
6600,3.460825088,3.46875,0.0003397201291711,historical,raw/1b-baseline_historical_metrics.csv,3.2855282738095237
6610,3.466067968,3.56640625,0.0003396124865446,historical,raw/1b-baseline_historical_metrics.csv,3.3385416666666665
6620,3.471310848,3.53125,0.0003395048439181,historical,raw/1b-baseline_historical_metrics.csv,3.333705357142857
6630,3.476553728,3.6171875,0.0003393972012917,historical,raw/1b-baseline_historical_metrics.csv,3.3364955357142856
6640,3.481796608,3.6328125,0.0003392895586652,historical,raw/1b-baseline_historical_metrics.csv,3.337611607142857
6650,3.487039488,3.625,0.0003391819160387,historical,raw/1b-baseline_historical_metrics.csv,3.3385416666666665
6660,3.492282368,3.625,0.0003390742734122,historical,raw/1b-baseline_historical_metrics.csv,3.408482142857143
6670,3.497525248,3.6015625,0.0003389666307857,historical,raw/1b-baseline_historical_metrics.csv,3.4131324404761907
6680,3.502768128,3.42578125,0.0003388589881593,historical,raw/1b-baseline_historical_metrics.csv,3.406063988095238
6690,3.508011008,3.203125,0.0003387513455328,historical,raw/1b-baseline_historical_metrics.csv,3.386532738095238
6700,3.513253888,3.59765625,0.0003386437029063,historical,raw/1b-baseline_historical_metrics.csv,3.4233630952380953
6710,3.518496768,3.59765625,0.0003385360602798,historical,raw/1b-baseline_historical_metrics.csv,3.4505208333333335
6720,3.523739648,3.43359375,0.0003384284176533,historical,raw/1b-baseline_historical_metrics.csv,3.446986607142857
6730,3.528982528,3.58203125,0.0003383207750269,historical,raw/1b-baseline_historical_metrics.csv,3.451450892857143
6740,3.534225408,3.609375,0.0003382131324004,historical,raw/1b-baseline_historical_metrics.csv,3.455171130952381
6750,3.539468288,3.6328125,0.0003381054897739,historical,raw/1b-baseline_historical_metrics.csv,3.4561011904761907
6760,3.544711168,3.58203125,0.0003379978471474,historical,raw/1b-baseline_historical_metrics.csv,3.458891369047619
6770,3.549954048,2.39453125,0.0003378902045209,historical,raw/1b-baseline_historical_metrics.csv,3.4055059523809526
6780,3.555196928,3.4296875,0.0003377825618945,historical,raw/1b-baseline_historical_metrics.csv,3.4250372023809526
6790,3.560439808,3.7890625,0.000337674919268,historical,raw/1b-baseline_historical_metrics.csv,3.502046130952381
6800,3.565682688,3.5625,0.0003375672766415,historical,raw/1b-baseline_historical_metrics.csv,3.5003720238095237
6810,3.570925568,3.6796875,0.000337459634015,historical,raw/1b-baseline_historical_metrics.csv,3.5104166666666665
6820,3.576168448,3.5234375,0.0003373519913885,historical,raw/1b-baseline_historical_metrics.csv,3.5083705357142856
6830,3.581411328,3.55078125,0.0003372443487621,historical,raw/1b-baseline_historical_metrics.csv,3.5093005952380953
6840,3.586654208,3.55078125,0.0003371367061356,historical,raw/1b-baseline_historical_metrics.csv,3.506138392857143
6850,3.591897088,1.91796875,0.0003370290635091,historical,raw/1b-baseline_historical_metrics.csv,3.4244791666666665
6860,3.597139968,3.61328125,0.0003369214208826,historical,raw/1b-baseline_historical_metrics.csv,3.423921130952381
6870,3.602382848,2.37890625,0.0003368137782561,historical,raw/1b-baseline_historical_metrics.csv,3.3645833333333335
6880,3.607625728,3.52734375,0.0003367061356297,historical,raw/1b-baseline_historical_metrics.csv,3.361049107142857
6890,3.612868608,3.62890625,0.0003365984930032,historical,raw/1b-baseline_historical_metrics.csv,3.3707217261904763
6900,3.618111488,3.44140625,0.0003364908503767,historical,raw/1b-baseline_historical_metrics.csv,3.3820684523809526
6910,3.623354368,3.421875,0.0003363832077502,historical,raw/1b-baseline_historical_metrics.csv,3.3736979166666665
6920,3.628597248,3.54296875,0.0003362755651237,historical,raw/1b-baseline_historical_metrics.csv,3.37109375
6930,3.633840128,2.087890625,0.0003361679224973,historical,raw/1b-baseline_historical_metrics.csv,3.3070126488095237
6940,3.639083008,3.58984375,0.0003360602798708,historical,raw/1b-baseline_historical_metrics.csv,3.3073846726190474
6950,3.644325888,3.5390625,0.0003359526372443,historical,raw/1b-baseline_historical_metrics.csv,3.3040364583333335
6960,3.649568768,3.44921875,0.0003358449946178,historical,raw/1b-baseline_historical_metrics.csv,3.2952938988095237
6970,3.654811648,2.98046875,0.0003357373519913,historical,raw/1b-baseline_historical_metrics.csv,3.2666480654761907
6980,3.660054528,3.421875,0.0003356297093649,historical,raw/1b-baseline_historical_metrics.csv,3.3155691964285716
6990,3.665297408,3.55078125,0.0003355220667384,historical,raw/1b-baseline_historical_metrics.csv,3.3213355654761907
7000,3.670540288,3.05859375,0.0003354144241119,historical,raw/1b-baseline_historical_metrics.csv,3.2865513392857144
7010,3.675783168,3.41796875,0.0003353067814854,historical,raw/1b-baseline_historical_metrics.csv,3.2796688988095237
7020,3.681026048,3.51171875,0.0003351991388589,historical,raw/1b-baseline_historical_metrics.csv,3.271670386904762
7030,3.686268928,3.5625,0.0003350914962325,historical,raw/1b-baseline_historical_metrics.csv,3.273530505952381
7040,3.691511808,3.3515625,0.000334983853606,historical,raw/1b-baseline_historical_metrics.csv,3.2640438988095237
7050,3.696754688,2.8671875,0.0003348762109795,historical,raw/1b-baseline_historical_metrics.csv,3.2314918154761907
7060,3.701997568,3.53515625,0.000334768568353,historical,raw/1b-baseline_historical_metrics.csv,3.308500744047619
7070,3.707240448,3.48828125,0.0003346609257265,historical,raw/1b-baseline_historical_metrics.csv,3.302548363095238
7080,3.712483328,3.51953125,0.0003345532831001,historical,raw/1b-baseline_historical_metrics.csv,3.3568638392857144
7090,3.717726208,3.3828125,0.0003344456404736,historical,raw/1b-baseline_historical_metrics.csv,3.3499813988095237
7100,3.722969088,3.56640625,0.0003343379978471,historical,raw/1b-baseline_historical_metrics.csv,3.3470052083333335
7110,3.728211968,3.58203125,0.0003342303552206,historical,raw/1b-baseline_historical_metrics.csv,3.353701636904762
7120,3.733454848,3.34375,0.0003341227125941,historical,raw/1b-baseline_historical_metrics.csv,3.3499813988095237
7130,3.738697728,2.7578125,0.0003340150699677,historical,raw/1b-baseline_historical_metrics.csv,3.312593005952381
7140,3.743940608,2.9140625,0.0003339074273412,historical,raw/1b-baseline_historical_metrics.csv,3.3519345238095237
7150,3.749183488,3.51953125,0.0003337997847147,historical,raw/1b-baseline_historical_metrics.csv,3.3485863095238093
7160,3.754426368,3.0234375,0.0003336921420882,historical,raw/1b-baseline_historical_metrics.csv,3.324032738095238
7170,3.759669248,3.015625,0.0003335844994617,historical,raw/1b-baseline_historical_metrics.csv,3.3033854166666665
7180,3.764912128,3.46875,0.0003334768568353,historical,raw/1b-baseline_historical_metrics.csv,3.3266369047619047
7190,3.770155008,2.3828125,0.0003333692142088,historical,raw/1b-baseline_historical_metrics.csv,3.277157738095238
7200,3.775397888,3.55078125,0.0003332615715823,historical,raw/1b-baseline_historical_metrics.csv,3.277157738095238
7210,3.780640768,2.75390625,0.0003331539289558,historical,raw/1b-baseline_historical_metrics.csv,3.2626488095238093
7220,3.785883648,3.4765625,0.0003330462863293,historical,raw/1b-baseline_historical_metrics.csv,3.265438988095238
7230,3.791126528,3.55078125,0.0003329386437029,historical,raw/1b-baseline_historical_metrics.csv,3.267299107142857
7240,3.796369408,3.4921875,0.0003328310010764,historical,raw/1b-baseline_historical_metrics.csv,3.263950892857143
7250,3.801612288,2.47265625,0.0003327233584499,historical,raw/1b-baseline_historical_metrics.csv,3.2220982142857144
7260,3.806855168,3.49609375,0.0003326157158234,historical,raw/1b-baseline_historical_metrics.csv,3.252046130952381
7270,3.812098048,3.0625,0.0003325080731969,historical,raw/1b-baseline_historical_metrics.csv,3.2295386904761907
7280,3.817340928,2.73046875,0.0003324004305705,historical,raw/1b-baseline_historical_metrics.csv,3.193452380952381
7290,3.822583808,2.8203125,0.000332292787944,historical,raw/1b-baseline_historical_metrics.csv,3.16015625
7300,3.827826688,3.58203125,0.0003321851453175,historical,raw/1b-baseline_historical_metrics.csv,3.169642857142857
7310,3.833069568,2.3046875,0.000332077502691,historical,raw/1b-baseline_historical_metrics.csv,3.109561011904762
7320,3.838312448,3.48046875,0.0003319698600645,historical,raw/1b-baseline_historical_metrics.csv,3.1047247023809526
7330,3.843555328,3.58203125,0.0003318622174381,historical,raw/1b-baseline_historical_metrics.csv,3.1160714285714284
7340,3.848798208,2.3671875,0.0003317545748116,historical,raw/1b-baseline_historical_metrics.csv,3.097470238095238
7350,3.854041088,2.86328125,0.0003316469321851,historical,raw/1b-baseline_historical_metrics.csv,3.0950520833333335
7360,3.859283968,3.53125,0.0003315392895586,historical,raw/1b-baseline_historical_metrics.csv,3.095610119047619
7370,3.864526848,2.16015625,0.0003314316469321,historical,raw/1b-baseline_historical_metrics.csv,3.054501488095238
7380,3.869769728,3.484375,0.0003313240043057,historical,raw/1b-baseline_historical_metrics.csv,3.0768229166666665
7390,3.875012608,2.40625,0.0003312163616792,historical,raw/1b-baseline_historical_metrics.csv,3.0262276785714284
7400,3.880255488,3.5078125,0.0003311087190527,historical,raw/1b-baseline_historical_metrics.csv,3.079799107142857
7410,3.885498368,3.49609375,0.0003310010764262,historical,raw/1b-baseline_historical_metrics.csv,3.0771949404761907
7420,3.890741248,3.5546875,0.0003308934337997,historical,raw/1b-baseline_historical_metrics.csv,3.115327380952381
7430,3.895984128,3.46875,0.0003307857911733,historical,raw/1b-baseline_historical_metrics.csv,3.114955357142857
7440,3.901227008,3.5390625,0.0003306781485468,historical,raw/1b-baseline_historical_metrics.csv,3.1143973214285716
7450,3.906469888,3.52734375,0.0003305705059203,historical,raw/1b-baseline_historical_metrics.csv,3.1160714285714284
7460,3.911712768,2.85546875,0.0003304628632938,historical,raw/1b-baseline_historical_metrics.csv,3.1343005952380953
7470,3.916955648,3.55078125,0.0003303552206673,historical,raw/1b-baseline_historical_metrics.csv,3.136904761904762
7480,3.922198528,3.47265625,0.0003302475780409,historical,raw/1b-baseline_historical_metrics.csv,3.156436011904762
7490,3.927441408,3.50390625,0.0003301399354144,historical,raw/1b-baseline_historical_metrics.csv,3.193266369047619
7500,3.932684288,2.5546875,0.0003300322927879,historical,raw/1b-baseline_historical_metrics.csv,3.1806175595238093
7510,3.937927168,3.62890625,0.0003299246501614,historical,raw/1b-baseline_historical_metrics.csv,3.1828497023809526
7520,3.943170048,3.5234375,0.0003298170075349,historical,raw/1b-baseline_historical_metrics.csv,3.2408854166666665
7530,3.948412928,3.46484375,0.0003297093649085,historical,raw/1b-baseline_historical_metrics.csv,3.240141369047619
7540,3.953655808,3.484375,0.000329601722282,historical,raw/1b-baseline_historical_metrics.csv,3.2354910714285716
7550,3.958898688,3.52734375,0.0003294940796555,historical,raw/1b-baseline_historical_metrics.csv,3.290736607142857
7560,3.964141568,3.37109375,0.000329386437029,historical,raw/1b-baseline_historical_metrics.csv,3.3149181547619047
7570,3.969384448,3.5390625,0.0003292787944025,historical,raw/1b-baseline_historical_metrics.csv,3.3152901785714284
7580,3.974627328,3.44140625,0.0003291711517761,historical,raw/1b-baseline_historical_metrics.csv,3.3763020833333335
7590,3.979870208,1.974609375,0.0003290635091496,historical,raw/1b-baseline_historical_metrics.csv,3.304408482142857
7600,3.985113088,2.4453125,0.0003289558665231,historical,raw/1b-baseline_historical_metrics.csv,3.3062686011904763
7610,3.990355968,2.953125,0.0003288482238966,historical,raw/1b-baseline_historical_metrics.csv,3.2798549107142856
7620,3.995598848,3.51171875,0.0003287405812701,historical,raw/1b-baseline_historical_metrics.csv,3.2805989583333335
7630,4.000841728,3.0625,0.0003286329386437,historical,raw/1b-baseline_historical_metrics.csv,3.2571614583333335
7640,4.006084608,3.6015625,0.0003285252960172,historical,raw/1b-baseline_historical_metrics.csv,3.263485863095238
7650,4.011327488,3.45703125,0.0003284176533907,historical,raw/1b-baseline_historical_metrics.csv,3.259579613095238
7660,4.016570368,3.54296875,0.0003283100107642,historical,raw/1b-baseline_historical_metrics.csv,3.2603236607142856
7670,4.021813248,3.53125,0.0003282023681377,historical,raw/1b-baseline_historical_metrics.csv,3.2925037202380953
7680,4.027056128,3.5,0.0003280947255113,historical,raw/1b-baseline_historical_metrics.csv,3.2900855654761907
7690,4.032299008,3.15234375,0.0003279870828848,historical,raw/1b-baseline_historical_metrics.csv,3.2748325892857144
7700,4.037541888,3.37890625,0.0003278794402583,historical,raw/1b-baseline_historical_metrics.csv,3.2688802083333335
7710,4.042784768,3.55859375,0.0003277717976318,historical,raw/1b-baseline_historical_metrics.csv,3.316685267857143
7720,4.048027648,2.96484375,0.0003276641550053,historical,raw/1b-baseline_historical_metrics.csv,3.285063244047619
7730,4.053270528,2.4453125,0.0003275565123789,historical,raw/1b-baseline_historical_metrics.csv,3.2337239583333335
7740,4.058513408,3.5,0.0003274488697524,historical,raw/1b-baseline_historical_metrics.csv,3.2353980654761907
7750,4.063756288,3.40234375,0.0003273412271259,historical,raw/1b-baseline_historical_metrics.csv,3.2314918154761907
7760,4.068999168,3.4375,0.0003272335844994,historical,raw/1b-baseline_historical_metrics.csv,3.2272135416666665
7770,4.074242048,3.4921875,0.0003271259418729,historical,raw/1b-baseline_historical_metrics.csv,3.2329799107142856
7780,4.079484928,2.27734375,0.0003270182992465,historical,raw/1b-baseline_historical_metrics.csv,3.1728980654761907
7790,4.084727808,3.46875,0.00032691065662,historical,raw/1b-baseline_historical_metrics.csv,3.1742001488095237
7800,4.089970688,3.5390625,0.0003268030139935,historical,raw/1b-baseline_historical_metrics.csv,3.2486979166666665
7810,4.095213568,3.53125,0.000326695371367,historical,raw/1b-baseline_historical_metrics.csv,3.3004092261904763
7820,4.100456448,3.3671875,0.0003265877287405,historical,raw/1b-baseline_historical_metrics.csv,3.320126488095238
7830,4.105699328,3.50390625,0.0003264800861141,historical,raw/1b-baseline_historical_metrics.csv,3.3197544642857144
7840,4.110942208,3.5,0.0003263724434876,historical,raw/1b-baseline_historical_metrics.csv,3.3405877976190474
7850,4.116185088,3.68359375,0.0003262648008611,historical,raw/1b-baseline_historical_metrics.csv,3.3444940476190474
7860,4.121427968,3.4140625,0.0003261571582346,historical,raw/1b-baseline_historical_metrics.csv,3.3424479166666665
7870,4.126670848,3.0625,0.0003260495156081,historical,raw/1b-baseline_historical_metrics.csv,3.3195684523809526
7880,4.131913728,3.44140625,0.0003259418729817,historical,raw/1b-baseline_historical_metrics.csv,3.3152901785714284
7890,4.137156608,1.6357421875,0.0003258342303552,historical,raw/1b-baseline_historical_metrics.csv,3.2265159970238093
7900,4.142399488,3.55078125,0.0003257265877287,historical,raw/1b-baseline_historical_metrics.csv,3.2454892113095237
7910,4.147642368,3.41015625,0.0003256189451022,historical,raw/1b-baseline_historical_metrics.csv,3.246977306547619
7920,4.152885248,3.47265625,0.0003255113024757,historical,raw/1b-baseline_historical_metrics.csv,3.242885044642857
7930,4.158128128,3.4921875,0.0003254036598493,historical,raw/1b-baseline_historical_metrics.csv,3.2679966517857144
7940,4.163371008,3.53125,0.0003252960172228,historical,raw/1b-baseline_historical_metrics.csv,3.3197079613095237
7950,4.168613888,3.4921875,0.0003251883745963,historical,raw/1b-baseline_historical_metrics.csv,3.3193359375
7960,4.173856768,2.9375,0.0003250807319698,historical,raw/1b-baseline_historical_metrics.csv,3.2972005208333335
7970,4.179099648,2.1484375,0.0003249730893433,historical,raw/1b-baseline_historical_metrics.csv,3.2358165922619047
7980,4.184342528,3.44921875,0.0003248654467168,historical,raw/1b-baseline_historical_metrics.csv,3.2337704613095237
7990,4.189585408,3.06640625,0.0003247578040904,historical,raw/1b-baseline_historical_metrics.csv,3.2713448660714284
8000,4.194828288,2.98046875,0.0003246501614639,historical,raw/1b-baseline_historical_metrics.csv,3.2480933779761907
8010,4.200071168,3.6171875,0.0003245425188374,historical,raw/1b-baseline_historical_metrics.csv,3.2518136160714284
8020,4.205314048,3.52734375,0.0003244348762109,historical,raw/1b-baseline_historical_metrics.csv,3.2516276041666665
8030,4.210556928,3.48828125,0.0003243272335844,historical,raw/1b-baseline_historical_metrics.csv,3.2573939732142856
8040,4.215799808,3.54296875,0.000324219590958,historical,raw/1b-baseline_historical_metrics.csv,3.2592540922619047
8050,4.221042688,2.25390625,0.0003241119483315,historical,raw/1b-baseline_historical_metrics.csv,3.199916294642857
8060,4.226285568,3.390625,0.000324004305705,historical,raw/1b-baseline_historical_metrics.csv,3.1859654017857144
8070,4.231528448,2.2578125,0.0003238966630785,historical,raw/1b-baseline_historical_metrics.csv,3.1309058779761907
8080,4.236771328,2.25390625,0.000323789020452,historical,raw/1b-baseline_historical_metrics.csv,3.0924014136904763
8090,4.242014208,2.8046875,0.0003236813778256,historical,raw/1b-baseline_historical_metrics.csv,3.0620814732142856
8100,4.247257088,3.125,0.0003235737351991,historical,raw/1b-baseline_historical_metrics.csv,3.132998511904762
8110,4.252499968,3.421875,0.0003234660925726,historical,raw/1b-baseline_historical_metrics.csv,3.126860119047619
8120,4.257742848,3.5078125,0.0003233584499461,historical,raw/1b-baseline_historical_metrics.csv,3.1315104166666665
8130,4.262985728,2.20703125,0.0003232508073196,historical,raw/1b-baseline_historical_metrics.csv,3.0712425595238093
8140,4.268228608,3.390625,0.0003231431646932,historical,raw/1b-baseline_historical_metrics.csv,3.06640625
8150,4.273471488,3.41015625,0.0003230355220667,historical,raw/1b-baseline_historical_metrics.csv,3.060639880952381
8160,4.278714368,3.4453125,0.0003229278794402,historical,raw/1b-baseline_historical_metrics.csv,3.058407738095238
8170,4.283957248,1.990234375,0.0003228202368137,historical,raw/1b-baseline_historical_metrics.csv,3.0132998511904763
8180,4.289200128,3.296875,0.0003227125941872,historical,raw/1b-baseline_historical_metrics.csv,3.0679873511904763
8190,4.294443008,3.43359375,0.0003226049515608,historical,raw/1b-baseline_historical_metrics.csv,3.0672433035714284
8200,4.299685888,3.5859375,0.0003224973089343,historical,raw/1b-baseline_historical_metrics.csv,3.091982886904762
8210,4.304928768,3.44921875,0.0003223896663078,historical,raw/1b-baseline_historical_metrics.csv,3.1143043154761907
8220,4.310171648,3.41015625,0.0003222820236813,historical,raw/1b-baseline_historical_metrics.csv,3.1044456845238093
8230,4.315414528,3.4765625,0.0003221743810548,historical,raw/1b-baseline_historical_metrics.csv,3.1020275297619047
8240,4.320657408,3.5,0.0003220667384284,historical,raw/1b-baseline_historical_metrics.csv,3.1025855654761907
8250,4.325900288,2.20703125,0.0003219590958019,historical,raw/1b-baseline_historical_metrics.csv,3.038969494047619
8260,4.331143168,3.51171875,0.0003218514531754,historical,raw/1b-baseline_historical_metrics.csv,3.0988653273809526
8270,4.336386048,3.40234375,0.0003217438105489,historical,raw/1b-baseline_historical_metrics.csv,3.099423363095238
8280,4.341628928,3.62109375,0.0003216361679224,historical,raw/1b-baseline_historical_metrics.csv,3.164341517857143
8290,4.346871808,3.52734375,0.000321528525296,historical,raw/1b-baseline_historical_metrics.csv,3.2249813988095237
8300,4.352114688,3.0234375,0.0003214208826695,historical,raw/1b-baseline_historical_metrics.csv,3.2353980654761907
8310,4.357357568,3.56640625,0.000321313240043,historical,raw/1b-baseline_historical_metrics.csv,3.2564174107142856
8320,4.362600448,2.21875,0.0003212055974165,historical,raw/1b-baseline_historical_metrics.csv,3.199125744047619
8330,4.367843328,3.5,0.00032109795479,historical,raw/1b-baseline_historical_metrics.csv,3.1987537202380953
8340,4.373086208,3.5859375,0.0003209903121636,historical,raw/1b-baseline_historical_metrics.csv,3.2644159226190474
8350,4.378329088,3.4296875,0.0003208826695371,historical,raw/1b-baseline_historical_metrics.csv,3.2662760416666665
8360,4.383571968,3.515625,0.0003207750269106,historical,raw/1b-baseline_historical_metrics.csv,3.271298363095238
8370,4.388814848,2.09765625,0.0003206673842841,historical,raw/1b-baseline_historical_metrics.csv,3.207124255952381
8380,4.394057728,3.5625,0.0003205597416576,historical,raw/1b-baseline_historical_metrics.csv,3.2819940476190474
8390,4.399300608,3.34375,0.0003204520990312,historical,raw/1b-baseline_historical_metrics.csv,3.2842261904761907
8400,4.404543488,3.52734375,0.0003203444564047,historical,raw/1b-baseline_historical_metrics.csv,3.2886904761904763
8410,4.409786368,3.39453125,0.0003202368137782,historical,raw/1b-baseline_historical_metrics.csv,3.279575892857143
8420,4.415029248,2.8984375,0.0003201291711517,historical,raw/1b-baseline_historical_metrics.csv,3.2533482142857144
8430,4.420272128,2.8828125,0.0003200215285252,historical,raw/1b-baseline_historical_metrics.csv,3.228236607142857
8440,4.425515008,3.3984375,0.0003199138858988,historical,raw/1b-baseline_historical_metrics.csv,3.224516369047619
8450,4.430757888,2.0078125,0.0003198062432723,historical,raw/1b-baseline_historical_metrics.csv,3.1534598214285716
8460,4.436000768,2.92578125,0.0003196986006458,historical,raw/1b-baseline_historical_metrics.csv,3.187686011904762
8470,4.441243648,3.11328125,0.0003195909580193,historical,raw/1b-baseline_historical_metrics.csv,3.1687127976190474
8480,4.446486528,3.41796875,0.0003194833153928,historical,raw/1b-baseline_historical_metrics.csv,3.1694568452380953
8490,4.451729408,3.5546875,0.0003193756727664,historical,raw/1b-baseline_historical_metrics.csv,3.166294642857143
8500,4.456972288,2.9609375,0.0003192680301399,historical,raw/1b-baseline_historical_metrics.csv,3.1393229166666665
8510,4.462215168,3.45703125,0.0003191603875134,historical,raw/1b-baseline_historical_metrics.csv,3.159970238095238
8520,4.467458048,3.58203125,0.0003190527448869,historical,raw/1b-baseline_historical_metrics.csv,3.1607142857142856
8530,4.472700928,3.29296875,0.0003189451022604,historical,raw/1b-baseline_historical_metrics.csv,3.2118675595238093
8540,4.477943808,2.33203125,0.000318837459634,historical,raw/1b-baseline_historical_metrics.csv,3.15625
8550,4.483186688,3.6015625,0.0003187298170075,historical,raw/1b-baseline_historical_metrics.csv,3.1569940476190474
8560,4.488429568,2.8828125,0.000318622174381,historical,raw/1b-baseline_historical_metrics.csv,3.130952380952381
8570,4.493672448,3.53125,0.0003185145317545,historical,raw/1b-baseline_historical_metrics.csv,3.1316964285714284
8580,4.498915328,3.55078125,0.000318406889128,historical,raw/1b-baseline_historical_metrics.csv,3.200892857142857
8590,4.504158208,3.33984375,0.0003182992465016,historical,raw/1b-baseline_historical_metrics.csv,3.1902901785714284
8600,4.509401088,3.46875,0.0003181916038751,historical,raw/1b-baseline_historical_metrics.csv,3.1962425595238093
8610,4.514643968,2.107421875,0.0003180839612486,historical,raw/1b-baseline_historical_metrics.csv,3.128627232142857
8620,4.519886848,2.19921875,0.0003179763186221,historical,raw/1b-baseline_historical_metrics.csv,3.0717075892857144
8630,4.525129728,3.4609375,0.0003178686759956,historical,raw/1b-baseline_historical_metrics.csv,3.0984933035714284
8640,4.530372608,2.765625,0.0003177610333692,historical,raw/1b-baseline_historical_metrics.csv,3.0929129464285716
8650,4.535615488,3.47265625,0.0003176533907427,historical,raw/1b-baseline_historical_metrics.csv,3.0964471726190474
8660,4.540858368,3.48828125,0.0003175457481162,historical,raw/1b-baseline_historical_metrics.csv,3.1669456845238093
8670,4.546101248,3.3515625,0.0003174381054897,historical,raw/1b-baseline_historical_metrics.csv,3.187220982142857
8680,4.551344128,3.46875,0.0003173304628632,historical,raw/1b-baseline_historical_metrics.csv,3.2041480654761907
8690,4.556587008,3.3828125,0.0003172228202368,historical,raw/1b-baseline_historical_metrics.csv,3.2024739583333335
8700,4.561829888,3.0234375,0.0003171151776103,historical,raw/1b-baseline_historical_metrics.csv,3.1771763392857144
8710,4.567072768,2.40625,0.0003170075349838,historical,raw/1b-baseline_historical_metrics.csv,3.1507626488095237
8720,4.572315648,2.3046875,0.0003168998923573,historical,raw/1b-baseline_historical_metrics.csv,3.095889136904762
8730,4.577558528,3.56640625,0.0003167922497308,historical,raw/1b-baseline_historical_metrics.csv,3.0951450892857144
8740,4.582801408,3.53515625,0.0003166846071044,historical,raw/1b-baseline_historical_metrics.csv,3.1066778273809526
8750,4.588044288,3.61328125,0.0003165769644779,historical,raw/1b-baseline_historical_metrics.csv,3.167689732142857
8760,4.593287168,3.49609375,0.0003164693218514,historical,raw/1b-baseline_historical_metrics.csv,3.1626674107142856
8770,4.598530048,3.640625,0.0003163616792249,historical,raw/1b-baseline_historical_metrics.csv,3.1987537202380953
8780,4.603772928,3.3828125,0.0003162540365984,historical,raw/1b-baseline_historical_metrics.csv,3.191685267857143
8790,4.609015808,3.46875,0.000316146393972,historical,raw/1b-baseline_historical_metrics.csv,3.187779017857143
8800,4.614258688,2.28515625,0.0003160387513455,historical,raw/1b-baseline_historical_metrics.csv,3.1375558035714284
8810,4.619501568,2.98046875,0.000315931108719,historical,raw/1b-baseline_historical_metrics.csv,3.1143043154761907
8820,4.624744448,3.390625,0.0003158234660925,historical,raw/1b-baseline_historical_metrics.csv,3.1754092261904763
8830,4.629987328,3.53125,0.000315715823466,historical,raw/1b-baseline_historical_metrics.csv,3.2388392857142856
8840,4.635230208,3.40625,0.0003156081808396,historical,raw/1b-baseline_historical_metrics.csv,3.236235119047619
8850,4.640473088,3.44140625,0.0003155005382131,historical,raw/1b-baseline_historical_metrics.csv,3.2684151785714284
8860,4.645715968,3.12109375,0.0003153928955866,historical,raw/1b-baseline_historical_metrics.csv,3.251674107142857
8870,4.650958848,3.51953125,0.0003152852529601,historical,raw/1b-baseline_historical_metrics.csv,3.2531622023809526
8880,4.656201728,2.1953125,0.0003151776103336,historical,raw/1b-baseline_historical_metrics.csv,3.1981026785714284
8890,4.661444608,2.91796875,0.0003150699677072,historical,raw/1b-baseline_historical_metrics.csv,3.171875
8900,4.666687488,3.01171875,0.0003149623250807,historical,raw/1b-baseline_historical_metrics.csv,3.154203869047619
8910,4.671930368,3.51171875,0.0003148546824542,historical,raw/1b-baseline_historical_metrics.csv,3.177455357142857
8920,4.677173248,3.4296875,0.0003147470398277,historical,raw/1b-baseline_historical_metrics.csv,3.2261904761904763
8930,4.682416128,3.44921875,0.0003146393972012,historical,raw/1b-baseline_historical_metrics.csv,3.2806919642857144
8940,4.687659008,3.49609375,0.0003145317545748,historical,raw/1b-baseline_historical_metrics.csv,3.27734375
8950,4.692901888,2.84375,0.0003144241119483,historical,raw/1b-baseline_historical_metrics.csv,3.244419642857143
8960,4.698144768,2.1328125,0.0003143164693218,historical,raw/1b-baseline_historical_metrics.csv,3.173921130952381
8970,4.703387648,2.9375,0.0003142088266953,historical,raw/1b-baseline_historical_metrics.csv,3.1473214285714284
8980,4.708630528,3.37890625,0.0003141011840688,historical,raw/1b-baseline_historical_metrics.csv,3.134858630952381
8990,4.713873408,3.46875,0.0003139935414424,historical,raw/1b-baseline_historical_metrics.csv,3.138950892857143
9000,4.719116288,3.46875,0.0003138858988159,historical,raw/1b-baseline_historical_metrics.csv,3.138950892857143
9010,4.724359168,3.00390625,0.0003137782561894,historical,raw/1b-baseline_historical_metrics.csv,3.1731770833333335
9020,4.729602048,3.0859375,0.0003136706135629,historical,raw/1b-baseline_historical_metrics.csv,3.1781994047619047
9030,4.734844928,3.4609375,0.0003135629709364,historical,raw/1b-baseline_historical_metrics.csv,3.181547619047619
9040,4.740087808,3.26953125,0.00031345532831,historical,raw/1b-baseline_historical_metrics.csv,3.1690848214285716
9050,4.745330688,2.87890625,0.0003133476856835,historical,raw/1b-baseline_historical_metrics.csv,3.1439732142857144
9060,4.750573568,2.54296875,0.000313240043057,historical,raw/1b-baseline_historical_metrics.csv,3.1011904761904763
9070,4.755816448,3.46875,0.0003131324004305,historical,raw/1b-baseline_historical_metrics.csv,3.1177455357142856
9080,4.761059328,3.50390625,0.000313024757804,historical,raw/1b-baseline_historical_metrics.csv,3.117001488095238
9090,4.766302208,2.875,0.0003129171151776,historical,raw/1b-baseline_historical_metrics.csv,3.1493675595238093
9100,4.771545088,3.63671875,0.0003128094725511,historical,raw/1b-baseline_historical_metrics.csv,3.18359375
9110,4.776787968,3.4140625,0.0003127018299246,historical,raw/1b-baseline_historical_metrics.csv,3.2027529761904763
9120,4.782030848,3.03125,0.0003125941872981,historical,raw/1b-baseline_historical_metrics.csv,3.179873511904762
9130,4.787273728,3.51171875,0.0003124865446716,historical,raw/1b-baseline_historical_metrics.csv,3.183779761904762
9140,4.792516608,3.453125,0.0003123789020452,historical,raw/1b-baseline_historical_metrics.csv,3.1839657738095237
9150,4.797759488,2.06640625,0.0003122712594187,historical,raw/1b-baseline_historical_metrics.csv,3.1158854166666665
9160,4.803002368,2.42578125,0.0003121636167922,historical,raw/1b-baseline_historical_metrics.csv,3.095982142857143
9170,4.808245248,3.4609375,0.0003120559741657,historical,raw/1b-baseline_historical_metrics.csv,3.1592261904761907
9180,4.813488128,2.1875,0.0003119483315392,historical,raw/1b-baseline_historical_metrics.csv,3.1235119047619047
9190,4.818731008,3.3828125,0.0003118406889128,historical,raw/1b-baseline_historical_metrics.csv,3.1236979166666665
9200,4.823973888,3.0546875,0.0003117330462863,historical,raw/1b-baseline_historical_metrics.csv,3.1039806547619047
9210,4.829216768,2.875,0.0003116254036598,historical,raw/1b-baseline_historical_metrics.csv,3.0757068452380953
9220,4.834459648,3.50390625,0.0003115177610333,historical,raw/1b-baseline_historical_metrics.csv,3.099516369047619
9230,4.839702528,3.54296875,0.0003114101184068,historical,raw/1b-baseline_historical_metrics.csv,3.121279761904762
9240,4.844945408,3.46484375,0.0003113024757804,historical,raw/1b-baseline_historical_metrics.csv,3.1214657738095237
9250,4.850188288,3.43359375,0.0003111948331539,historical,raw/1b-baseline_historical_metrics.csv,3.1292782738095237
9260,4.855431168,3.140625,0.0003110871905274,historical,raw/1b-baseline_historical_metrics.csv,3.1417410714285716
9270,4.860674048,3.40625,0.0003109795479009,historical,raw/1b-baseline_historical_metrics.csv,3.1828497023809526
9280,4.865916928,3.38671875,0.0003108719052744,historical,raw/1b-baseline_historical_metrics.csv,3.1789434523809526
9290,4.871159808,2.060546875,0.000310764262648,historical,raw/1b-baseline_historical_metrics.csv,3.1102120535714284
9300,4.876402688,3.5234375,0.0003106566200215,historical,raw/1b-baseline_historical_metrics.csv,3.1410900297619047
9310,4.881645568,1.890625,0.000310548977395,historical,raw/1b-baseline_historical_metrics.csv,3.0579427083333335
9320,4.886888448,2.94921875,0.0003104413347685,historical,raw/1b-baseline_historical_metrics.csv,3.0358072916666665
9330,4.892131328,1.04296875,0.000310333692142,historical,raw/1b-baseline_historical_metrics.csv,2.941127232142857
9340,4.897374208,3.08984375,0.0003102260495156,historical,raw/1b-baseline_historical_metrics.csv,2.9210379464285716
9350,4.902617088,1.79296875,0.0003101184068891,historical,raw/1b-baseline_historical_metrics.csv,2.841982886904762
9360,4.907859968,3.42578125,0.0003100107642626,historical,raw/1b-baseline_historical_metrics.csv,2.9067150297619047
9370,4.913102848,3.47265625,0.0003099031216361,historical,raw/1b-baseline_historical_metrics.csv,2.9565662202380953
9380,4.918345728,3.0,0.0003097954790096,historical,raw/1b-baseline_historical_metrics.csv,2.9346168154761907
9390,4.923588608,3.484375,0.0003096878363832,historical,raw/1b-baseline_historical_metrics.csv,2.996372767857143
9400,4.928831488,3.41796875,0.0003095801937567,historical,raw/1b-baseline_historical_metrics.csv,2.998046875
9410,4.934074368,2.9140625,0.0003094725511302,historical,raw/1b-baseline_historical_metrics.csv,2.9913504464285716
9420,4.939317248,3.4140625,0.0003093649085037,historical,raw/1b-baseline_historical_metrics.csv,3.0170200892857144
9430,4.944560128,2.76953125,0.0003092572658772,historical,raw/1b-baseline_historical_metrics.csv,2.9820498511904763
9440,4.949803008,3.46875,0.0003091496232508,historical,raw/1b-baseline_historical_metrics.csv,2.978515625
9450,4.955045888,3.484375,0.0003090419806243,historical,raw/1b-baseline_historical_metrics.csv,2.9794456845238093
9460,4.960288768,2.80859375,0.0003089343379978,historical,raw/1b-baseline_historical_metrics.csv,2.9496837797619047
9470,4.965531648,3.359375,0.0003088266953713,historical,raw/1b-baseline_historical_metrics.csv,2.9601004464285716
9480,4.970774528,2.9765625,0.0003087190527448,historical,raw/1b-baseline_historical_metrics.csv,2.939639136904762
9490,4.976017408,3.4921875,0.0003086114101184,historical,raw/1b-baseline_historical_metrics.csv,2.9446614583333335
9500,4.981260288,2.640625,0.0003085037674919,historical,raw/1b-baseline_historical_metrics.csv,2.9722842261904763
9510,4.986503168,3.53125,0.0003083961248654,historical,raw/1b-baseline_historical_metrics.csv,2.97265625
9520,4.991746048,3.453125,0.0003082884822389,historical,raw/1b-baseline_historical_metrics.csv,3.047061011904762
9530,4.996988928,2.84765625,0.0003081808396124,historical,raw/1b-baseline_historical_metrics.csv,3.0422247023809526
9540,5.002231808,3.45703125,0.000308073196986,historical,raw/1b-baseline_historical_metrics.csv,3.1571800595238093
9550,5.007474688,3.18359375,0.0003079655543595,historical,raw/1b-baseline_historical_metrics.csv,3.1616443452380953
9560,5.012717568,3.484375,0.000307857911733,historical,raw/1b-baseline_historical_metrics.csv,3.2421875
9570,5.017960448,2.90234375,0.0003077502691065,historical,raw/1b-baseline_historical_metrics.csv,3.2172619047619047
9580,5.023203328,3.45703125,0.00030764262648,historical,raw/1b-baseline_historical_metrics.csv,3.216517857142857
9590,5.028446208,2.37890625,0.0003075349838536,historical,raw/1b-baseline_historical_metrics.csv,3.1869419642857144
9600,5.033689088,2.2265625,0.0003074273412271,historical,raw/1b-baseline_historical_metrics.csv,3.127046130952381
9610,5.038931968,3.44140625,0.0003073196986006,historical,raw/1b-baseline_historical_metrics.csv,3.1281622023809526
9620,5.044174848,3.4453125,0.0003072120559741,historical,raw/1b-baseline_historical_metrics.csv,3.1534598214285716
9630,5.049417728,3.56640625,0.0003071044133476,historical,raw/1b-baseline_historical_metrics.csv,3.1607142857142856
9640,5.054660608,2.73828125,0.0003069967707212,historical,raw/1b-baseline_historical_metrics.csv,3.1592261904761907
9650,5.059903488,2.56640625,0.0003068891280947,historical,raw/1b-baseline_historical_metrics.csv,3.1162574404761907
9660,5.065146368,3.55859375,0.0003067814854682,historical,raw/1b-baseline_historical_metrics.csv,3.1197916666666665
9670,5.070389248,3.375,0.0003066738428417,historical,raw/1b-baseline_historical_metrics.csv,3.146763392857143
9680,5.075632128,3.453125,0.0003065662002152,historical,raw/1b-baseline_historical_metrics.csv,3.1512276785714284
9690,5.080875008,2.9375,0.0003064585575888,historical,raw/1b-baseline_historical_metrics.csv,3.1493675595238093
9700,5.086117888,2.29296875,0.0003063509149623,historical,raw/1b-baseline_historical_metrics.csv,3.0922619047619047
9710,5.091360768,1.87109375,0.0003062432723358,historical,raw/1b-baseline_historical_metrics.csv,3.0556175595238093
9720,5.096603648,2.01953125,0.0003061356297093,historical,raw/1b-baseline_historical_metrics.csv,2.9836309523809526
9730,5.101846528,2.171875,0.0003060279870828,historical,raw/1b-baseline_historical_metrics.csv,2.9226190476190474
9740,5.107089408,3.4921875,0.0003059203444564,historical,raw/1b-baseline_historical_metrics.csv,2.953311011904762
9750,5.112332288,3.4140625,0.0003058127018299,historical,raw/1b-baseline_historical_metrics.csv,2.951264880952381
9760,5.117575168,3.40625,0.0003057050592034,historical,raw/1b-baseline_historical_metrics.csv,2.9618675595238093
9770,5.122818048,2.09765625,0.0003055974165769,historical,raw/1b-baseline_historical_metrics.csv,2.8958333333333335
9780,5.128060928,2.1875,0.0003054897739504,historical,raw/1b-baseline_historical_metrics.csv,2.8617931547619047
9790,5.133303808,2.08203125,0.000305382131324,historical,raw/1b-baseline_historical_metrics.csv,2.7963169642857144
9800,5.138546688,2.91796875,0.0003052744886975,historical,raw/1b-baseline_historical_metrics.csv,2.821986607142857
9810,5.143789568,3.53515625,0.000305166846071,historical,raw/1b-baseline_historical_metrics.csv,2.8843005952380953
9820,5.149032448,3.50390625,0.0003050592034445,historical,raw/1b-baseline_historical_metrics.csv,2.8872767857142856
9830,5.154275328,1.873046875,0.000304951560818,historical,raw/1b-baseline_historical_metrics.csv,2.812406994047619
9840,5.159518208,3.55078125,0.0003048439181916,historical,raw/1b-baseline_historical_metrics.csv,2.8116629464285716
9850,5.164761088,3.55078125,0.0003047362755651,historical,raw/1b-baseline_historical_metrics.csv,2.8503534226190474
9860,5.170003968,2.8203125,0.0003046286329386,historical,raw/1b-baseline_historical_metrics.csv,2.8624441964285716
9870,5.175246848,3.5078125,0.0003045209903121,historical,raw/1b-baseline_historical_metrics.csv,2.8600260416666665
9880,5.180489728,3.0078125,0.0003044133476856,historical,raw/1b-baseline_historical_metrics.csv,2.8425409226190474
9890,5.185732608,2.765625,0.0003043057050592,historical,raw/1b-baseline_historical_metrics.csv,2.8098028273809526
9900,5.190975488,3.38671875,0.0003041980624327,historical,raw/1b-baseline_historical_metrics.csv,2.8311941964285716
9910,5.196218368,2.74609375,0.0003040904198062,historical,raw/1b-baseline_historical_metrics.csv,2.8527715773809526
9920,5.201461248,2.1328125,0.0003039827771797,historical,raw/1b-baseline_historical_metrics.csv,2.865234375
9930,5.206704128,3.37890625,0.0003038751345532,historical,raw/1b-baseline_historical_metrics.csv,2.929966517857143
9940,5.211947008,2.89453125,0.0003037674919268,historical,raw/1b-baseline_historical_metrics.csv,2.9643787202380953
9950,5.217189888,3.484375,0.0003036598493003,historical,raw/1b-baseline_historical_metrics.csv,2.9640066964285716
9960,5.222432768,3.33984375,0.0003035522066738,historical,raw/1b-baseline_historical_metrics.csv,2.9604724702380953
9970,5.227675648,3.39453125,0.0003034445640473,historical,raw/1b-baseline_historical_metrics.csv,2.9599144345238093
9980,5.232918528,3.3359375,0.0003033369214208,historical,raw/1b-baseline_historical_metrics.csv,3.0188802083333335
9990,5.238161408,3.3984375,0.0003032292787944,historical,raw/1b-baseline_historical_metrics.csv,3.0765438988095237
10000,5.243404288,3.44140625,0.0003031216361679,historical,raw/1b-baseline_historical_metrics.csv,3.1412760416666665
10010,5.248647168,3.0234375,0.0003030139935414,historical,raw/1b-baseline_historical_metrics.csv,3.146298363095238
10020,5.253890048,2.953125,0.0003029063509149,historical,raw/1b-baseline_historical_metrics.csv,3.1185825892857144
10030,5.259132928,3.33984375,0.0003027987082884,historical,raw/1b-baseline_historical_metrics.csv,3.1107700892857144
10040,5.264375808,3.36328125,0.000302691065662,historical,raw/1b-baseline_historical_metrics.csv,3.181733630952381
10050,5.269618688,3.65234375,0.0003025834230355,historical,raw/1b-baseline_historical_metrics.csv,3.1865699404761907
10060,5.274861568,3.50390625,0.000302475780409,historical,raw/1b-baseline_historical_metrics.csv,3.1843377976190474
10070,5.280104448,3.328125,0.0003023681377825,historical,raw/1b-baseline_historical_metrics.csv,3.2085193452380953
10080,5.285347328,3.359375,0.000302260495156,historical,raw/1b-baseline_historical_metrics.csv,3.201450892857143
10090,5.290590208,3.44921875,0.0003021528525296,historical,raw/1b-baseline_historical_metrics.csv,3.222470238095238
10100,5.295833088,3.05078125,0.0003020452099031,historical,raw/1b-baseline_historical_metrics.csv,3.236049107142857
10110,5.301075968,3.48828125,0.0003019375672766,historical,raw/1b-baseline_historical_metrics.csv,3.2408854166666665
10120,5.306318848,3.078125,0.0003018299246501,historical,raw/1b-baseline_historical_metrics.csv,3.2566964285714284
10130,5.311561728,2.083984375,0.0003017222820236,historical,raw/1b-baseline_historical_metrics.csv,3.2543712797619047
10140,5.316804608,2.6875,0.0003016146393972,historical,raw/1b-baseline_historical_metrics.csv,3.2214471726190474
10150,5.322047488,3.4921875,0.0003015069967707,historical,raw/1b-baseline_historical_metrics.csv,3.249906994047619
10160,5.327290368,3.4765625,0.0003013993541442,historical,raw/1b-baseline_historical_metrics.csv,3.2495349702380953
10170,5.332533248,2.83984375,0.0003012917115177,historical,raw/1b-baseline_historical_metrics.csv,3.2257254464285716
10180,5.337776128,3.48046875,0.0003011840688912,historical,raw/1b-baseline_historical_metrics.csv,3.2298177083333335
10190,5.343019008,3.390625,0.0003010764262648,historical,raw/1b-baseline_historical_metrics.csv,3.232421875
10200,5.348261888,3.39453125,0.0003009687836383,historical,raw/1b-baseline_historical_metrics.csv,3.232235863095238
10210,5.353504768,2.052734375,0.0003008611410118,historical,raw/1b-baseline_historical_metrics.csv,3.166108630952381
10220,5.358747648,3.390625,0.0003007534983853,historical,raw/1b-baseline_historical_metrics.csv,3.18359375
10230,5.363990528,3.5234375,0.0003006458557588,historical,raw/1b-baseline_historical_metrics.csv,3.210751488095238
10240,5.369233408,2.78125,0.0003005382131324,historical,raw/1b-baseline_historical_metrics.csv,3.1841517857142856
10250,5.374476288,3.51171875,0.0003004305705059,historical,raw/1b-baseline_historical_metrics.csv,3.191220238095238
10260,5.379719168,2.68359375,0.0003003229278794,historical,raw/1b-baseline_historical_metrics.csv,3.1450892857142856
10270,5.384962048,3.51171875,0.0003002152852529,historical,raw/1b-baseline_historical_metrics.csv,3.1454613095238093
10280,5.390204928,3.4453125,0.0003001076426264,historical,raw/1b-baseline_historical_metrics.csv,3.1510416666666665
10290,5.395447808,2.87890625,0.0003,historical,raw/1b-baseline_historical_metrics.csv,3.1281622023809526
10300,5.400690688,3.34765625,0.0002998923573735,historical,raw/1b-baseline_historical_metrics.csv,3.123325892857143
10310,5.405933568,3.44921875,0.000299784714747,historical,raw/1b-baseline_historical_metrics.csv,3.142299107142857
10320,5.411176448,1.712890625,0.0002996770721205,historical,raw/1b-baseline_historical_metrics.csv,3.0577566964285716
10330,5.416419328,2.2890625,0.000299569429494,historical,raw/1b-baseline_historical_metrics.csv,3.0201822916666665
10340,5.421662208,3.3671875,0.0002994617868675,historical,raw/1b-baseline_historical_metrics.csv,3.0812872023809526
10350,5.426905088,3.4453125,0.0002993541442411,historical,raw/1b-baseline_historical_metrics.csv,3.117373511904762
10360,5.432147968,3.3828125,0.0002992465016146,historical,raw/1b-baseline_historical_metrics.csv,3.1121651785714284
10370,5.437390848,2.0703125,0.0002991388589881,historical,raw/1b-baseline_historical_metrics.csv,3.045200892857143
10380,5.442633728,3.37109375,0.0002990312163616,historical,raw/1b-baseline_historical_metrics.csv,3.070498511904762
10390,5.447876608,3.3671875,0.0002989235737351,historical,raw/1b-baseline_historical_metrics.csv,3.0651041666666665
10400,5.453119488,3.4375,0.0002988159311087,historical,raw/1b-baseline_historical_metrics.csv,3.0673363095238093
10410,5.458362368,3.42578125,0.0002987082884822,historical,raw/1b-baseline_historical_metrics.csv,3.0688244047619047
10420,5.463605248,3.828125,0.0002986006458557,historical,raw/1b-baseline_historical_metrics.csv,3.1533668154761907
10430,5.468848128,2.8984375,0.0002984930032292,historical,raw/1b-baseline_historical_metrics.csv,3.1299293154761907
10440,5.474091008,3.4453125,0.0002983853606027,historical,raw/1b-baseline_historical_metrics.csv,3.1262090773809526
10450,5.479333888,3.3125,0.0002982777179763,historical,raw/1b-baseline_historical_metrics.csv,3.1515066964285716
10460,5.484576768,3.4375,0.0002981700753498,historical,raw/1b-baseline_historical_metrics.csv,3.1479724702380953
10470,5.489819648,1.9609375,0.0002980624327233,historical,raw/1b-baseline_historical_metrics.csv,3.113560267857143
10480,5.495062528,2.0625,0.0002979547900968,historical,raw/1b-baseline_historical_metrics.csv,3.0445498511904763
10490,5.500305408,2.0390625,0.0002978471474703,historical,raw/1b-baseline_historical_metrics.csv,2.9775855654761907
10500,5.505548288,2.70703125,0.0002977395048439,historical,raw/1b-baseline_historical_metrics.csv,2.9694010416666665
10510,5.510791168,3.390625,0.0002976318622174,historical,raw/1b-baseline_historical_metrics.csv,2.9714471726190474
10520,5.516034048,3.51171875,0.0002975242195909,historical,raw/1b-baseline_historical_metrics.csv,2.974423363095238
10530,5.521276928,3.453125,0.0002974165769644,historical,raw/1b-baseline_historical_metrics.csv,3.0572916666666665
10540,5.526519808,3.39453125,0.0002973089343379,historical,raw/1b-baseline_historical_metrics.csv,3.1099330357142856
10550,5.531762688,3.3828125,0.0002972012917115,historical,raw/1b-baseline_historical_metrics.csv,3.1106770833333335
10560,5.537005568,3.3203125,0.000297093649085,historical,raw/1b-baseline_historical_metrics.csv,3.1047247023809526
10570,5.542248448,2.9375,0.0002969860064585,historical,raw/1b-baseline_historical_metrics.csv,3.0835193452380953
10580,5.547491328,3.30078125,0.000296878363832,historical,raw/1b-baseline_historical_metrics.csv,3.1421130952380953
10590,5.552734208,3.3984375,0.0002967707212055,historical,raw/1b-baseline_historical_metrics.csv,3.1434151785714284
10600,5.557977088,1.814453125,0.0002966630785791,historical,raw/1b-baseline_historical_metrics.csv,3.0694754464285716
10610,5.563219968,1.955078125,0.0002965554359526,historical,raw/1b-baseline_historical_metrics.csv,2.9988839285714284
10620,5.568462848,3.31640625,0.0002964477933261,historical,raw/1b-baseline_historical_metrics.csv,2.9936755952380953
10630,5.573705728,3.38671875,0.0002963401506996,historical,raw/1b-baseline_historical_metrics.csv,2.97265625
10640,5.578948608,2.85546875,0.0002962325080731,historical,raw/1b-baseline_historical_metrics.csv,2.970610119047619
10650,5.584191488,3.39453125,0.0002961248654467,historical,raw/1b-baseline_historical_metrics.csv,2.9681919642857144
10660,5.589434368,3.34375,0.0002960172228202,historical,raw/1b-baseline_historical_metrics.csv,2.9696800595238093
10670,5.594677248,2.27734375,0.0002959095801937,historical,raw/1b-baseline_historical_metrics.csv,2.9144345238095237
10680,5.599920128,3.33984375,0.0002958019375672,historical,raw/1b-baseline_historical_metrics.csv,2.9800967261904763
10690,5.605163008,2.00390625,0.0002956942949407,historical,raw/1b-baseline_historical_metrics.csv,2.9773065476190474
10700,5.610405888,3.48828125,0.0002955866523143,historical,raw/1b-baseline_historical_metrics.csv,3.0463169642857144
10710,5.615648768,3.5078125,0.0002954790096878,historical,raw/1b-baseline_historical_metrics.csv,3.0844494047619047
10720,5.620891648,3.4296875,0.0002953713670613,historical,raw/1b-baseline_historical_metrics.csv,3.0863095238095237
10730,5.626134528,3.41015625,0.0002952637244348,historical,raw/1b-baseline_historical_metrics.csv,3.0814732142857144
10740,5.631377408,3.390625,0.0002951560818083,historical,raw/1b-baseline_historical_metrics.csv,3.0784970238095237
10750,5.636620288,3.28125,0.0002950484391819,historical,raw/1b-baseline_historical_metrics.csv,3.0731026785714284
10760,5.641863168,3.3828125,0.0002949407965554,historical,raw/1b-baseline_historical_metrics.csv,3.0731026785714284
10770,5.647106048,3.578125,0.0002948331539289,historical,raw/1b-baseline_historical_metrics.csv,3.0853794642857144
10780,5.652348928,2.1328125,0.0002947255113024,historical,raw/1b-baseline_historical_metrics.csv,3.047061011904762
10790,5.657591808,2.8828125,0.0002946178686759,historical,raw/1b-baseline_historical_metrics.csv,3.027157738095238
10800,5.662834688,1.986328125,0.0002945102260495,historical,raw/1b-baseline_historical_metrics.csv,2.9599144345238093
10810,5.668077568,3.30078125,0.000294402583423,historical,raw/1b-baseline_historical_metrics.csv,3.0306919642857144
10820,5.673320448,3.40625,0.0002942949407965,historical,raw/1b-baseline_historical_metrics.csv,3.099795386904762
10830,5.678563328,3.51953125,0.00029418729817,historical,raw/1b-baseline_historical_metrics.csv,3.109468005952381
10840,5.683806208,3.4453125,0.0002940796555435,historical,raw/1b-baseline_historical_metrics.csv,3.1122581845238093
10850,5.689049088,3.34765625,0.0002939720129171,historical,raw/1b-baseline_historical_metrics.csv,3.1356956845238093
10860,5.694291968,2.2421875,0.0002938643702906,historical,raw/1b-baseline_historical_metrics.csv,3.0808221726190474
10870,5.699534848,2.89453125,0.0002937567276641,historical,raw/1b-baseline_historical_metrics.csv,3.0594308035714284
10880,5.704777728,3.046875,0.0002936490850376,historical,raw/1b-baseline_historical_metrics.csv,3.0960751488095237
10890,5.710020608,3.390625,0.0002935414424111,historical,raw/1b-baseline_historical_metrics.csv,3.0984933035714284
10900,5.715263488,3.38671875,0.0002934337997847,historical,raw/1b-baseline_historical_metrics.csv,3.164341517857143
10910,5.720506368,3.44921875,0.0002933261571582,historical,raw/1b-baseline_historical_metrics.csv,3.1624813988095237
10920,5.725749248,3.4296875,0.0002932185145317,historical,raw/1b-baseline_historical_metrics.csv,3.1587611607142856
10930,5.730992128,2.75,0.0002931108719052,historical,raw/1b-baseline_historical_metrics.csv,3.1263950892857144
10940,5.736235008,3.375,0.0002930032292787,historical,raw/1b-baseline_historical_metrics.csv,3.124720982142857
10950,5.741477888,2.8203125,0.0002928955866523,historical,raw/1b-baseline_historical_metrics.csv,3.097563244047619
10960,5.746720768,2.7421875,0.0002927879440258,historical,raw/1b-baseline_historical_metrics.csv,3.0718936011904763
10970,5.751963648,2.21484375,0.0002926803013993,historical,raw/1b-baseline_historical_metrics.csv,3.0162760416666665
10980,5.757206528,2.30859375,0.0002925726587728,historical,raw/1b-baseline_historical_metrics.csv,2.9558221726190474
10990,5.762449408,3.390625,0.0002924650161463,historical,raw/1b-baseline_historical_metrics.csv,3.015718005952381
11000,5.767692288,3.52734375,0.0002923573735199,historical,raw/1b-baseline_historical_metrics.csv,3.0464099702380953
11010,5.772935168,3.4765625,0.0002922497308934,historical,raw/1b-baseline_historical_metrics.csv,3.117373511904762
11020,5.778178048,3.33203125,0.0002921420882669,historical,raw/1b-baseline_historical_metrics.csv,3.118861607142857
11030,5.783420928,2.0546875,0.0002920344456404,historical,raw/1b-baseline_historical_metrics.csv,3.054501488095238
11040,5.788663808,3.36328125,0.0002919268030139,historical,raw/1b-baseline_historical_metrics.csv,3.047061011904762
11050,5.793906688,3.359375,0.0002918191603875,historical,raw/1b-baseline_historical_metrics.csv,3.04296875
11060,5.799149568,3.2734375,0.000291711517761,historical,raw/1b-baseline_historical_metrics.csv,3.0394345238095237
11070,5.804392448,2.0859375,0.0002916038751345,historical,raw/1b-baseline_historical_metrics.csv,3.0319940476190474
11080,5.809635328,2.7578125,0.000291496232508,historical,raw/1b-baseline_historical_metrics.csv,3.025483630952381
11090,5.814878208,2.091796875,0.0002913885898815,historical,raw/1b-baseline_historical_metrics.csv,2.9800037202380953
11100,5.820121088,1.55859375,0.0002912809472551,historical,raw/1b-baseline_historical_metrics.csv,2.892764136904762
11110,5.825363968,3.3046875,0.0002911733046286,historical,raw/1b-baseline_historical_metrics.csv,2.888857886904762
11120,5.830606848,3.5,0.0002910656620021,historical,raw/1b-baseline_historical_metrics.csv,2.8912760416666665
11130,5.835849728,3.3671875,0.0002909580193756,historical,raw/1b-baseline_historical_metrics.csv,2.8882998511904763
11140,5.841092608,3.44921875,0.0002908503767491,historical,raw/1b-baseline_historical_metrics.csv,2.921595982142857
11150,5.846335488,1.92578125,0.0002907427341227,historical,raw/1b-baseline_historical_metrics.csv,2.8525855654761907
11160,5.851578368,3.3828125,0.0002906350914962,historical,raw/1b-baseline_historical_metrics.csv,2.8793712797619047
11170,5.856821248,3.35546875,0.0002905274488697,historical,raw/1b-baseline_historical_metrics.csv,2.9085751488095237
11180,5.862064128,2.6015625,0.0002904198062432,historical,raw/1b-baseline_historical_metrics.csv,2.9269903273809526
11190,5.867307008,3.43359375,0.0002903121636167,historical,raw/1b-baseline_historical_metrics.csv,2.980561755952381
11200,5.872549888,3.265625,0.0002902045209903,historical,raw/1b-baseline_historical_metrics.csv,2.974609375
11210,5.877792768,2.20703125,0.0002900968783638,historical,raw/1b-baseline_historical_metrics.csv,2.9117373511904763
11220,5.883035648,2.10546875,0.0002899892357373,historical,raw/1b-baseline_historical_metrics.csv,2.8464471726190474
11230,5.888278528,3.38671875,0.0002898815931108,historical,raw/1b-baseline_historical_metrics.csv,2.8490513392857144
11240,5.893521408,3.40625,0.0002897739504843,historical,raw/1b-baseline_historical_metrics.csv,2.9134114583333335
11250,5.898764288,2.7734375,0.0002896663078579,historical,raw/1b-baseline_historical_metrics.csv,2.8853236607142856
11260,5.904007168,2.72265625,0.0002895586652314,historical,raw/1b-baseline_historical_metrics.csv,2.8550037202380953
11270,5.909250048,3.41015625,0.0002894510226049,historical,raw/1b-baseline_historical_metrics.csv,2.861514136904762
11280,5.914492928,3.40625,0.0002893433799784,historical,raw/1b-baseline_historical_metrics.csv,2.9243861607142856
11290,5.919735808,3.37890625,0.0002892357373519,historical,raw/1b-baseline_historical_metrics.csv,2.9539620535714284
11300,5.924978688,3.4140625,0.0002891280947255,historical,raw/1b-baseline_historical_metrics.csv,3.0169270833333335
11310,5.930221568,3.3984375,0.000289020452099,historical,raw/1b-baseline_historical_metrics.csv,3.1045386904761907
11320,5.935464448,2.3515625,0.0002889128094725,historical,raw/1b-baseline_historical_metrics.csv,3.0591517857142856
11330,5.940707328,3.35546875,0.000288805166846,historical,raw/1b-baseline_historical_metrics.csv,3.0522693452380953
11340,5.945950208,3.35546875,0.0002886975242195,historical,raw/1b-baseline_historical_metrics.csv,3.0517113095238093
11350,5.951193088,3.20703125,0.0002885898815931,historical,raw/1b-baseline_historical_metrics.csv,3.0401785714285716
11360,5.956435968,3.3203125,0.0002884822389666,historical,raw/1b-baseline_historical_metrics.csv,3.1065848214285716
11370,5.961678848,3.359375,0.0002883745963401,historical,raw/1b-baseline_historical_metrics.csv,3.10546875
11380,5.966921728,2.07421875,0.0002882669537136,historical,raw/1b-baseline_historical_metrics.csv,3.0444568452380953
11390,5.972164608,2.51171875,0.0002881593110871,historical,raw/1b-baseline_historical_metrics.csv,3.0401785714285716
11400,5.977407488,3.3203125,0.0002880516684607,historical,raw/1b-baseline_historical_metrics.csv,3.0347842261904763
11410,5.982650368,3.26953125,0.0002879440258342,historical,raw/1b-baseline_historical_metrics.csv,3.034970238095238
11420,5.987893248,1.9765625,0.0002878363832077,historical,raw/1b-baseline_historical_metrics.csv,3.0239955357142856
11430,5.993136128,3.38671875,0.0002877287405812,historical,raw/1b-baseline_historical_metrics.csv,3.0850074404761907
11440,5.998379008,3.40625,0.0002876210979547,historical,raw/1b-baseline_historical_metrics.csv,3.0859375
11450,6.003621888,3.33984375,0.0002875134553283,historical,raw/1b-baseline_historical_metrics.csv,3.0827752976190474
11460,6.008864768,2.80078125,0.0002874058127018,historical,raw/1b-baseline_historical_metrics.csv,3.084077380952381
11470,6.014107648,3.30859375,0.0002872981700753,historical,raw/1b-baseline_historical_metrics.csv,3.1119791666666665
11480,6.019350528,3.48828125,0.0002871905274488,historical,raw/1b-baseline_historical_metrics.csv,3.1156994047619047
11490,6.024593408,1.890625,0.0002870828848223,historical,raw/1b-baseline_historical_metrics.csv,3.0435267857142856
11500,6.029836288,1.984375,0.0002869752421959,historical,raw/1b-baseline_historical_metrics.csv,2.9771205357142856
11510,6.035079168,3.4375,0.0002868675995694,historical,raw/1b-baseline_historical_metrics.csv,2.978236607142857
11520,6.040322048,3.2734375,0.0002867599569429,historical,raw/1b-baseline_historical_metrics.csv,2.9722842261904763
11530,6.045564928,2.46484375,0.0002866523143164,historical,raw/1b-baseline_historical_metrics.csv,2.9776785714285716
11540,6.050807808,2.08203125,0.0002865446716899,historical,raw/1b-baseline_historical_metrics.csv,2.9170386904761907
11550,6.056050688,3.42578125,0.0002864370290635,historical,raw/1b-baseline_historical_metrics.csv,2.9203869047619047
11560,6.061293568,3.39453125,0.000286329386437,historical,raw/1b-baseline_historical_metrics.csv,2.9293154761904763
11570,6.066536448,2.162109375,0.0002862217438105,historical,raw/1b-baseline_historical_metrics.csv,2.8741629464285716
11580,6.071779328,3.51953125,0.000286114101184,historical,raw/1b-baseline_historical_metrics.csv,2.8817894345238093
11590,6.077022208,3.453125,0.0002860064585575,historical,raw/1b-baseline_historical_metrics.csv,2.947451636904762
11600,6.082265088,1.876953125,0.0002858988159311,historical,raw/1b-baseline_historical_metrics.csv,2.9172247023809526
11610,6.087507968,3.51953125,0.0002857911733046,historical,raw/1b-baseline_historical_metrics.csv,2.9267113095238093
11620,6.092750848,3.41015625,0.0002856835306781,historical,raw/1b-baseline_historical_metrics.csv,2.933407738095238
11630,6.097993728,3.42578125,0.0002855758880516,historical,raw/1b-baseline_historical_metrics.csv,3.0024181547619047
11640,6.103236608,3.2578125,0.0002854682454251,historical,raw/1b-baseline_historical_metrics.csv,2.996279761904762
11650,6.108479488,2.2578125,0.0002853606027987,historical,raw/1b-baseline_historical_metrics.csv,2.941592261904762
11660,6.113722368,2.3515625,0.0002852529601722,historical,raw/1b-baseline_historical_metrics.csv,2.89453125
11670,6.118965248,1.998046875,0.0002851453175457,historical,raw/1b-baseline_historical_metrics.csv,2.8563058035714284
11680,6.124208128,3.3828125,0.0002850376749192,historical,raw/1b-baseline_historical_metrics.csv,2.8598400297619047
11690,6.129451008,3.38671875,0.0002849300322927,historical,raw/1b-baseline_historical_metrics.csv,2.8550037202380953
11700,6.134693888,3.0,0.0002848223896663,historical,raw/1b-baseline_historical_metrics.csv,2.9078311011904763
11710,6.139936768,3.3046875,0.0002847147470398,historical,raw/1b-baseline_historical_metrics.csv,2.970703125
11720,6.145179648,3.28515625,0.0002846071044133,historical,raw/1b-baseline_historical_metrics.csv,2.9634486607142856
11730,6.150422528,3.30859375,0.0002844994617868,historical,raw/1b-baseline_historical_metrics.csv,2.965122767857143
11740,6.155665408,3.296875,0.0002843918191603,historical,raw/1b-baseline_historical_metrics.csv,3.0047433035714284
11750,6.160908288,3.15234375,0.0002842841765339,historical,raw/1b-baseline_historical_metrics.csv,3.0557105654761907
11760,6.166151168,2.95703125,0.0002841765339074,historical,raw/1b-baseline_historical_metrics.csv,3.033389136904762
11770,6.171394048,3.33984375,0.0002840688912809,historical,raw/1b-baseline_historical_metrics.csv,3.0307849702380953
11780,6.176636928,3.39453125,0.0002839612486544,historical,raw/1b-baseline_historical_metrics.csv,3.0894717261904763
11790,6.181879808,1.828125,0.0002838536060279,historical,raw/1b-baseline_historical_metrics.csv,3.0089285714285716
11800,6.187122688,2.93359375,0.0002837459634015,historical,raw/1b-baseline_historical_metrics.csv,2.984188988095238
11810,6.192365568,3.4765625,0.000283638320775,historical,raw/1b-baseline_historical_metrics.csv,3.060360863095238
11820,6.197608448,3.4296875,0.0002835306781485,historical,raw/1b-baseline_historical_metrics.csv,3.0560825892857144
11830,6.202851328,1.669921875,0.000283423035522,historical,raw/1b-baseline_historical_metrics.csv,2.9732142857142856
11840,6.208094208,3.37890625,0.0002833153928955,historical,raw/1b-baseline_historical_metrics.csv,2.970982142857143
11850,6.213337088,3.28125,0.0002832077502691,historical,raw/1b-baseline_historical_metrics.csv,2.9720982142857144
11860,6.218579968,2.291015625,0.0002831001076426,historical,raw/1b-baseline_historical_metrics.csv,2.9736793154761907
11870,6.223822848,3.38671875,0.0002829924650161,historical,raw/1b-baseline_historical_metrics.csv,3.0229724702380953
11880,6.229065728,2.3203125,0.0002828848223896,historical,raw/1b-baseline_historical_metrics.csv,3.0383184523809526
11890,6.234308608,2.44921875,0.0002827771797631,historical,raw/1b-baseline_historical_metrics.csv,2.993861607142857
11900,6.239551488,3.48046875,0.0002826695371367,historical,raw/1b-baseline_historical_metrics.csv,2.998325892857143
11910,6.244794368,2.1171875,0.0002825618945102,historical,raw/1b-baseline_historical_metrics.csv,2.9562872023809526
11920,6.250037248,0.552734375,0.0002824542518837,historical,raw/1b-baseline_historical_metrics.csv,2.8252418154761907
11930,6.255280128,3.6171875,0.0002823466092572,historical,raw/1b-baseline_historical_metrics.csv,2.8410528273809526
11940,6.260523008,3.40234375,0.0002822389666307,historical,raw/1b-baseline_historical_metrics.csv,2.845517113095238
11950,6.265765888,3.3984375,0.0002821313240043,historical,raw/1b-baseline_historical_metrics.csv,2.8503534226190474
11960,6.271008768,3.36328125,0.0002820236813778,historical,raw/1b-baseline_historical_metrics.csv,2.8603980654761907
11970,6.276251648,3.328125,0.0002819160387513,historical,raw/1b-baseline_historical_metrics.csv,2.8780691964285716
11980,6.281494528,3.4375,0.0002818083961248,historical,raw/1b-baseline_historical_metrics.csv,2.882719494047619
11990,6.286737408,3.359375,0.0002817007534983,historical,raw/1b-baseline_historical_metrics.csv,2.881045386904762
12000,6.291980288,3.4296875,0.0002815931108719,historical,raw/1b-baseline_historical_metrics.csv,2.957310267857143
12010,6.297223168,1.91796875,0.0002814854682454,historical,raw/1b-baseline_historical_metrics.csv,2.9089471726190474
12020,6.302466048,3.45703125,0.0002813778256189,historical,raw/1b-baseline_historical_metrics.csv,2.908017113095238
12030,6.307708928,3.41796875,0.0002812701829924,historical,raw/1b-baseline_historical_metrics.csv,2.9074590773809526
12040,6.312951808,3.3125,0.0002811625403659,historical,raw/1b-baseline_historical_metrics.csv,2.9856770833333335
12050,6.318194688,1.111328125,0.0002810548977395,historical,raw/1b-baseline_historical_metrics.csv,2.8776971726190474
12060,6.323437568,1.931640625,0.000280947255113,historical,raw/1b-baseline_historical_metrics.csv,2.8134300595238093
12070,6.328680448,3.33203125,0.0002808396124865,historical,raw/1b-baseline_historical_metrics.csv,2.863002232142857
12080,6.333923328,2.73828125,0.00028073196986,historical,raw/1b-baseline_historical_metrics.csv,2.832124255952381
12090,6.339166208,3.30078125,0.0002806243272335,historical,raw/1b-baseline_historical_metrics.csv,2.878813244047619
12100,6.344409088,2.8671875,0.0002805166846071,historical,raw/1b-baseline_historical_metrics.csv,2.898716517857143
12110,6.349651968,2.037109375,0.0002804090419806,historical,raw/1b-baseline_historical_metrics.csv,2.829985119047619
12120,6.354894848,3.48828125,0.0002803013993541,historical,raw/1b-baseline_historical_metrics.csv,2.8952752976190474
12130,6.360137728,3.51171875,0.0002801937567276,historical,raw/1b-baseline_historical_metrics.csv,3.0361793154761907
12140,6.365380608,2.78125,0.0002800861141011,historical,raw/1b-baseline_historical_metrics.csv,2.996372767857143
12150,6.370623488,3.484375,0.0002799784714747,historical,raw/1b-baseline_historical_metrics.csv,3.000279017857143
12160,6.375866368,3.3046875,0.0002798708288482,historical,raw/1b-baseline_historical_metrics.csv,2.995814732142857
12170,6.381109248,3.3203125,0.0002797631862217,historical,raw/1b-baseline_historical_metrics.csv,2.9937686011904763
12180,6.386352128,1.9765625,0.0002796555435952,historical,raw/1b-baseline_historical_metrics.csv,2.929408482142857
12190,6.391595008,2.875,0.0002795479009687,historical,raw/1b-baseline_historical_metrics.csv,2.902622767857143
12200,6.396837888,3.12890625,0.0002794402583423,historical,raw/1b-baseline_historical_metrics.csv,2.8916480654761907
12210,6.402080768,2.234375,0.0002793326157158,historical,raw/1b-baseline_historical_metrics.csv,2.8347284226190474
12220,6.407323648,3.37109375,0.0002792249730893,historical,raw/1b-baseline_historical_metrics.csv,2.9039248511904763
12230,6.412566528,3.34765625,0.0002791173304628,historical,raw/1b-baseline_historical_metrics.csv,2.898716517857143
12240,6.417809408,2.03515625,0.0002790096878363,historical,raw/1b-baseline_historical_metrics.csv,2.8328683035714284
12250,6.423052288,3.41015625,0.0002789020452099,historical,raw/1b-baseline_historical_metrics.csv,2.8375186011904763
12260,6.428295168,1.669921875,0.0002787944025834,historical,raw/1b-baseline_historical_metrics.csv,2.8641183035714284
12270,6.433538048,1.890625,0.0002786867599569,historical,raw/1b-baseline_historical_metrics.csv,2.8621651785714284
12280,6.438780928,3.421875,0.0002785791173304,historical,raw/1b-baseline_historical_metrics.csv,2.8664434523809526
12290,6.444023808,3.3671875,0.0002784714747039,historical,raw/1b-baseline_historical_metrics.csv,2.896391369047619
12300,6.449266688,2.83984375,0.0002783638320775,historical,raw/1b-baseline_historical_metrics.csv,2.8744419642857144
12310,6.454509568,3.5,0.000278256189451,historical,raw/1b-baseline_historical_metrics.csv,2.904575892857143
12320,6.459752448,3.35546875,0.0002781485468245,historical,raw/1b-baseline_historical_metrics.csv,2.9673549107142856
12330,6.464995328,2.6953125,0.000278040904198,historical,raw/1b-baseline_historical_metrics.csv,2.929594494047619
12340,6.470238208,1.99609375,0.0002779332615715,historical,raw/1b-baseline_historical_metrics.csv,2.857421875
12350,6.475481088,2.75,0.0002778256189451,historical,raw/1b-baseline_historical_metrics.csv,2.8559337797619047
12360,6.480723968,1.708984375,0.0002777179763186,historical,raw/1b-baseline_historical_metrics.csv,2.771391369047619
12370,6.485966848,3.515625,0.0002776103336921,historical,raw/1b-baseline_historical_metrics.csv,2.781436011904762
12380,6.491209728,3.48828125,0.0002775026910656,historical,raw/1b-baseline_historical_metrics.csv,2.7894345238095237
12390,6.496452608,1.0322265625,0.0002773950484391,historical,raw/1b-baseline_historical_metrics.csv,2.7444661458333335
12400,6.501695488,3.3828125,0.0002772874058127,historical,raw/1b-baseline_historical_metrics.csv,2.768647693452381
12410,6.506938368,2.078125,0.0002771797631862,historical,raw/1b-baseline_historical_metrics.csv,2.7186104910714284
12420,6.512181248,3.5390625,0.0002770721205597,historical,raw/1b-baseline_historical_metrics.csv,2.7807384672619047
12430,6.517424128,2.08984375,0.0002769644779332,historical,raw/1b-baseline_historical_metrics.csv,2.7197265625
12440,6.522667008,3.4296875,0.0002768568353067,historical,raw/1b-baseline_historical_metrics.csv,2.7236328125
12450,6.527909888,2.8984375,0.0002767491926803,historical,raw/1b-baseline_historical_metrics.csv,2.764741443452381
12460,6.533152768,3.33203125,0.0002766415500538,historical,raw/1b-baseline_historical_metrics.csv,2.761021205357143
12470,6.538395648,3.40234375,0.0002765339074273,historical,raw/1b-baseline_historical_metrics.csv,2.8435174851190474
12480,6.543638528,3.37109375,0.0002764262648008,historical,raw/1b-baseline_historical_metrics.csv,2.9140159970238093
12490,6.548881408,3.43359375,0.0002763186221743,historical,raw/1b-baseline_historical_metrics.csv,2.9145740327380953
12500,6.554124288,3.37890625,0.0002762109795479,historical,raw/1b-baseline_historical_metrics.csv,2.915132068452381
12510,6.559367168,3.4453125,0.0002761033369214,historical,raw/1b-baseline_historical_metrics.csv,2.9439639136904763
12520,6.564610048,2.6953125,0.0002759956942949,historical,raw/1b-baseline_historical_metrics.csv,2.9056454613095237
12530,6.569852928,3.359375,0.0002758880516684,historical,raw/1b-baseline_historical_metrics.csv,2.9058314732142856
12540,6.575095808,3.3671875,0.0002757804090419,historical,raw/1b-baseline_historical_metrics.csv,2.9378255208333335
12550,6.580338688,3.31640625,0.0002756727664155,historical,raw/1b-baseline_historical_metrics.csv,3.000697544642857
12560,6.585581568,1.990234375,0.000275565123789,historical,raw/1b-baseline_historical_metrics.csv,2.9645182291666665
12570,6.590824448,2.76171875,0.0002754574811625,historical,raw/1b-baseline_historical_metrics.csv,3.0146484375
12580,6.596067328,3.41796875,0.000275349838536,historical,raw/1b-baseline_historical_metrics.csv,3.0099981398809526
12590,6.601310208,2.1015625,0.0002752421959095,historical,raw/1b-baseline_historical_metrics.csv,2.9439639136904763
12600,6.606553088,3.3515625,0.0002751345532831,historical,raw/1b-baseline_historical_metrics.csv,3.054408482142857
12610,6.611795968,3.40625,0.0002750269106566,historical,raw/1b-baseline_historical_metrics.csv,3.0555245535714284
12620,6.617038848,3.39453125,0.0002749192680301,historical,raw/1b-baseline_historical_metrics.csv,3.1182105654761907
12630,6.622281728,2.5625,0.0002748116254036,historical,raw/1b-baseline_historical_metrics.csv,3.0717075892857144
12640,6.627524608,3.36328125,0.0002747039827771,historical,raw/1b-baseline_historical_metrics.csv,3.1323474702380953
12650,6.632767488,3.296875,0.0002745963401506,historical,raw/1b-baseline_historical_metrics.csv,3.1260230654761907
12660,6.638010368,1.986328125,0.0002744886975242,historical,raw/1b-baseline_historical_metrics.csv,3.0825892857142856
12670,6.643253248,2.009765625,0.0002743810548977,historical,raw/1b-baseline_historical_metrics.csv,3.019624255952381
12680,6.648496128,3.21875,0.0002742734122712,historical,raw/1b-baseline_historical_metrics.csv,3.0108816964285716
12690,6.653739008,3.3046875,0.0002741657696447,historical,raw/1b-baseline_historical_metrics.csv,3.007719494047619
12700,6.658981888,2.65625,0.0002740581270182,historical,raw/1b-baseline_historical_metrics.csv,2.970703125
12710,6.664224768,3.24609375,0.0002739504843918,historical,raw/1b-baseline_historical_metrics.csv,2.9643787202380953
12720,6.669467648,3.34375,0.0002738428417653,historical,raw/1b-baseline_historical_metrics.csv,2.9595424107142856
12730,6.674710528,2.052734375,0.0002737351991388,historical,raw/1b-baseline_historical_metrics.csv,2.9289434523809526
12740,6.679953408,3.33203125,0.0002736275565123,historical,raw/1b-baseline_historical_metrics.csv,2.927641369047619
12750,6.685196288,3.3671875,0.0002735199138858,historical,raw/1b-baseline_historical_metrics.csv,2.927641369047619
12760,6.690439168,1.9921875,0.0002734122712594,historical,raw/1b-baseline_historical_metrics.csv,2.8645833333333335
12770,6.695682048,2.21484375,0.0002733046286329,historical,raw/1b-baseline_historical_metrics.csv,2.875279017857143
12780,6.700924928,2.6015625,0.0002731969860064,historical,raw/1b-baseline_historical_metrics.csv,2.8676525297619047
12790,6.706167808,3.2734375,0.0002730893433799,historical,raw/1b-baseline_historical_metrics.csv,2.8607700892857144
12800,6.711410688,2.021484375,0.0002729817007534,historical,raw/1b-baseline_historical_metrics.csv,2.8569568452380953
12810,6.716653568,3.2890625,0.000272874058127,historical,raw/1b-baseline_historical_metrics.csv,2.8539806547619047
12820,6.721896448,3.296875,0.0002727664155005,historical,raw/1b-baseline_historical_metrics.csv,2.8487723214285716
12830,6.727139328,3.375,0.000272658772874,historical,raw/1b-baseline_historical_metrics.csv,2.847842261904762
12840,6.732382208,3.33984375,0.0002725511302475,historical,raw/1b-baseline_historical_metrics.csv,2.884858630952381
12850,6.737625088,3.37109375,0.000272443487621,historical,raw/1b-baseline_historical_metrics.csv,2.8852306547619047
12860,6.742867968,3.40625,0.0002723358449946,historical,raw/1b-baseline_historical_metrics.csv,2.890438988095238
12870,6.748110848,2.8046875,0.0002722282023681,historical,raw/1b-baseline_historical_metrics.csv,2.929408482142857
12880,6.753353728,3.44140625,0.0002721205597416,historical,raw/1b-baseline_historical_metrics.csv,2.9975818452380953
12890,6.758596608,3.390625,0.0002720129171151,historical,raw/1b-baseline_historical_metrics.csv,3.005766369047619
12900,6.763839488,3.4140625,0.0002719052744886,historical,raw/1b-baseline_historical_metrics.csv,3.0109747023809526
12910,6.769082368,3.3359375,0.0002717976318622,historical,raw/1b-baseline_historical_metrics.csv,3.0433407738095237
12920,6.774325248,3.28515625,0.0002716899892357,historical,raw/1b-baseline_historical_metrics.csv,3.045200892857143
12930,6.779568128,2.08203125,0.0002715823466092,historical,raw/1b-baseline_historical_metrics.csv,2.9851190476190474
12940,6.784811008,3.2421875,0.0002714747039827,historical,raw/1b-baseline_historical_metrics.csv,3.0417596726190474
12950,6.790053888,2.029296875,0.0002713670613562,historical,raw/1b-baseline_historical_metrics.csv,2.9797247023809526
12960,6.795296768,3.46875,0.0002712594187298,historical,raw/1b-baseline_historical_metrics.csv,2.984561011904762
12970,6.800539648,3.37109375,0.0002711517761033,historical,raw/1b-baseline_historical_metrics.csv,3.0502232142857144
12980,6.805782528,2.013671875,0.0002710441334768,historical,raw/1b-baseline_historical_metrics.csv,3.0406436011904763
12990,6.811025408,2.55859375,0.0002709364908503,historical,raw/1b-baseline_historical_metrics.csv,3.0385974702380953
13000,6.816268288,3.3046875,0.0002708288482238,historical,raw/1b-baseline_historical_metrics.csv,3.0400855654761907
13010,6.821511168,1.859375,0.0002707212055974,historical,raw/1b-baseline_historical_metrics.csv,3.0323660714285716
13020,6.826754048,3.3046875,0.0002706135629709,historical,raw/1b-baseline_historical_metrics.csv,3.033110119047619
13030,6.831996928,2.328125,0.0002705059203444,historical,raw/1b-baseline_historical_metrics.csv,2.9869791666666665
13040,6.837239808,3.16796875,0.0002703982777179,historical,raw/1b-baseline_historical_metrics.csv,2.9771205357142856
13050,6.842482688,3.3359375,0.0002702906350914,historical,raw/1b-baseline_historical_metrics.csv,2.9769345238095237
13060,6.847725568,3.41796875,0.000270182992465,historical,raw/1b-baseline_historical_metrics.csv,2.9791666666666665
13070,6.852968448,3.26953125,0.0002700753498385,historical,raw/1b-baseline_historical_metrics.csv,2.97265625
13080,6.858211328,3.50390625,0.000269967707212,historical,raw/1b-baseline_historical_metrics.csv,3.005952380952381
13090,6.863454208,2.15625,0.0002698600645855,historical,raw/1b-baseline_historical_metrics.csv,2.9447544642857144
13100,6.868697088,3.25390625,0.000269752421959,historical,raw/1b-baseline_historical_metrics.csv,2.9382440476190474
13110,6.873939968,3.3203125,0.0002696447793326,historical,raw/1b-baseline_historical_metrics.csv,2.933779761904762
13120,6.879182848,3.44921875,0.0002695371367061,historical,raw/1b-baseline_historical_metrics.csv,2.939174107142857
13130,6.884425728,2.37890625,0.0002694294940796,historical,raw/1b-baseline_historical_metrics.csv,2.8960193452380953
13140,6.889668608,3.4140625,0.0002693218514531,historical,raw/1b-baseline_historical_metrics.csv,2.9594494047619047
13150,6.894911488,3.0078125,0.0002692142088266,historical,raw/1b-baseline_historical_metrics.csv,2.9482886904761907
13160,6.900154368,3.37109375,0.0002691065662002,historical,raw/1b-baseline_historical_metrics.csv,3.0121837797619047
13170,6.905397248,3.3828125,0.0002689989235737,historical,raw/1b-baseline_historical_metrics.csv,3.008091517857143
13180,6.910640128,1.912109375,0.0002688912809472,historical,raw/1b-baseline_historical_metrics.csv,2.9386160714285716
13190,6.915883008,1.994140625,0.0002687836383207,historical,raw/1b-baseline_historical_metrics.csv,2.937686011904762
13200,6.921125888,1.609375,0.0002686759956942,historical,raw/1b-baseline_historical_metrics.csv,2.892485119047619
13210,6.926368768,3.4453125,0.0002685683530678,historical,raw/1b-baseline_historical_metrics.csv,2.8991815476190474
13220,6.931611648,3.38671875,0.0002684607104413,historical,raw/1b-baseline_historical_metrics.csv,2.9719122023809526
13230,6.936854528,2.021484375,0.0002683530678148,historical,raw/1b-baseline_historical_metrics.csv,2.9108072916666665
13240,6.942097408,3.3359375,0.0002682454251883,historical,raw/1b-baseline_historical_metrics.csv,2.958798363095238
13250,6.947340288,3.33984375,0.0002681377825618,historical,raw/1b-baseline_historical_metrics.csv,2.966982886904762
13260,6.952583168,3.265625,0.0002680301399354,historical,raw/1b-baseline_historical_metrics.csv,2.9636346726190474
13270,6.957826048,2.02734375,0.0002679224973089,historical,raw/1b-baseline_historical_metrics.csv,2.8974144345238093
13280,6.963068928,3.390625,0.0002678148546824,historical,raw/1b-baseline_historical_metrics.csv,2.9031808035714284
13290,6.968311808,3.37109375,0.0002677072120559,historical,raw/1b-baseline_historical_metrics.csv,2.8968563988095237
13300,6.973554688,2.16796875,0.0002675995694294,historical,raw/1b-baseline_historical_metrics.csv,2.8974144345238093
13310,6.978797568,3.2890625,0.000267491926803,historical,raw/1b-baseline_historical_metrics.csv,2.8990885416666665
13320,6.984040448,1.703125,0.0002673842841765,historical,raw/1b-baseline_historical_metrics.csv,2.822079613095238
13330,6.989283328,1.830078125,0.00026727664155,historical,raw/1b-baseline_historical_metrics.csv,2.7449776785714284
13340,6.994526208,3.46484375,0.0002671689989235,historical,raw/1b-baseline_historical_metrics.csv,2.796688988095238
13350,6.999769088,3.3515625,0.000267061356297,historical,raw/1b-baseline_historical_metrics.csv,2.7937127976190474
13360,7.005011968,3.4375,0.0002669537136706,historical,raw/1b-baseline_historical_metrics.csv,2.814174107142857
13370,7.010254848,3.40234375,0.0002668460710441,historical,raw/1b-baseline_historical_metrics.csv,2.8156622023809526
13380,7.015497728,3.203125,0.0002667384284176,historical,raw/1b-baseline_historical_metrics.csv,2.8071056547619047
13390,7.020740608,3.44140625,0.0002666307857911,historical,raw/1b-baseline_historical_metrics.csv,2.8799293154761907
13400,7.025983488,3.41015625,0.0002665231431646,historical,raw/1b-baseline_historical_metrics.csv,2.947358630952381
13410,7.031226368,2.73828125,0.0002664155005382,historical,raw/1b-baseline_historical_metrics.csv,3.0011160714285716
13420,7.036469248,2.1328125,0.0002663078579117,historical,raw/1b-baseline_historical_metrics.csv,2.9386160714285716
13430,7.041712128,1.916015625,0.0002662002152852,historical,raw/1b-baseline_historical_metrics.csv,2.8685825892857144
13440,7.046955008,3.44921875,0.0002660925726587,historical,raw/1b-baseline_historical_metrics.csv,2.9365699404761907
13450,7.052197888,3.37109375,0.0002659849300322,historical,raw/1b-baseline_historical_metrics.csv,2.9382440476190474
13460,7.057440768,3.296875,0.0002658772874058,historical,raw/1b-baseline_historical_metrics.csv,2.9361979166666665
13470,7.062683648,1.98046875,0.0002657696447793,historical,raw/1b-baseline_historical_metrics.csv,2.875
13480,7.067926528,3.33984375,0.0002656620021528,historical,raw/1b-baseline_historical_metrics.csv,2.9375
13490,7.073169408,3.3046875,0.0002655543595263,historical,raw/1b-baseline_historical_metrics.csv,2.933407738095238
13500,7.078412288,3.22265625,0.0002654467168998,historical,raw/1b-baseline_historical_metrics.csv,2.9263392857142856
13510,7.083655168,3.2578125,0.0002653390742734,historical,raw/1b-baseline_historical_metrics.csv,2.978236607142857
13520,7.088898048,1.9765625,0.0002652314316469,historical,raw/1b-baseline_historical_metrics.csv,2.915736607142857
13530,7.094140928,3.37890625,0.0002651237890204,historical,raw/1b-baseline_historical_metrics.csv,2.9955357142857144
13540,7.099383808,3.3828125,0.0002650161463939,historical,raw/1b-baseline_historical_metrics.csv,3.0694754464285716
13550,7.104626688,2.35546875,0.0002649085037674,historical,raw/1b-baseline_historical_metrics.csv,3.0166480654761907
13560,7.109869568,3.44140625,0.000264800861141,historical,raw/1b-baseline_historical_metrics.csv,3.0209263392857144
13570,7.115112448,3.484375,0.0002646932185145,historical,raw/1b-baseline_historical_metrics.csv,3.023158482142857
13580,7.120355328,2.97265625,0.000264585575888,historical,raw/1b-baseline_historical_metrics.csv,3.0026971726190474
13590,7.125598208,2.6328125,0.0002644779332615,historical,raw/1b-baseline_historical_metrics.csv,2.9755394345238093
13600,7.130841088,3.2578125,0.000264370290635,historical,raw/1b-baseline_historical_metrics.csv,2.966796875
13610,7.136083968,3.80859375,0.0002642626480086,historical,raw/1b-baseline_historical_metrics.csv,2.9857700892857144
13620,7.141326848,2.62109375,0.0002641550053821,historical,raw/1b-baseline_historical_metrics.csv,2.980189732142857
13630,7.146569728,3.36328125,0.0002640473627556,historical,raw/1b-baseline_historical_metrics.csv,3.038783482142857
13640,7.151812608,1.771484375,0.0002639397201291,historical,raw/1b-baseline_historical_metrics.csv,3.0319010416666665
13650,7.157055488,2.97265625,0.0002638320775026,historical,raw/1b-baseline_historical_metrics.csv,3.0092075892857144
13660,7.162298368,3.2890625,0.0002637244348762,historical,raw/1b-baseline_historical_metrics.csv,3.0053013392857144
13670,7.167541248,3.33984375,0.0002636167922497,historical,raw/1b-baseline_historical_metrics.csv,3.0073474702380953
13680,7.172784128,3.484375,0.0002635091496232,historical,raw/1b-baseline_historical_metrics.csv,3.0789620535714284
13690,7.178027008,3.40625,0.0002634015069967,historical,raw/1b-baseline_historical_metrics.csv,3.082124255952381
13700,7.183269888,3.26953125,0.0002632938643702,historical,raw/1b-baseline_historical_metrics.csv,3.0804501488095237
13710,7.188512768,3.41796875,0.0002631862217438,historical,raw/1b-baseline_historical_metrics.csv,3.089750744047619
13720,7.193755648,2.15625,0.0002630785791173,historical,raw/1b-baseline_historical_metrics.csv,3.037295386904762
13730,7.198998528,3.28515625,0.0002629709364908,historical,raw/1b-baseline_historical_metrics.csv,3.099609375
13740,7.204241408,3.23828125,0.0002628632938643,historical,raw/1b-baseline_historical_metrics.csv,3.0929129464285716
13750,7.209484288,2.78125,0.0002627556512378,historical,raw/1b-baseline_historical_metrics.csv,3.064267113095238
13760,7.214727168,3.40625,0.0002626480086114,historical,raw/1b-baseline_historical_metrics.csv,3.1143043154761907
13770,7.219970048,2.79296875,0.0002625403659849,historical,raw/1b-baseline_historical_metrics.csv,3.0834263392857144
13780,7.225212928,3.21484375,0.0002624327233584,historical,raw/1b-baseline_historical_metrics.csv,3.070591517857143
13790,7.230455808,2.7578125,0.0002623250807319,historical,raw/1b-baseline_historical_metrics.csv,3.060360863095238
13800,7.235698688,2.9921875,0.0002622174381054,historical,raw/1b-baseline_historical_metrics.csv,3.0774739583333335
13810,7.240941568,3.125,0.000262109795479,historical,raw/1b-baseline_historical_metrics.csv,3.0711495535714284
13820,7.246184448,3.25,0.0002620021528525,historical,raw/1b-baseline_historical_metrics.csv,3.0445498511904763
13830,7.251427328,1.6484375,0.000261894510226,historical,raw/1b-baseline_historical_metrics.csv,2.998232886904762
13840,7.256670208,3.3203125,0.0002617868675995,historical,raw/1b-baseline_historical_metrics.csv,2.996186755952381
13850,7.261913088,2.125,0.000261679224973,historical,raw/1b-baseline_historical_metrics.csv,3.0130208333333335
13860,7.267155968,1.98046875,0.0002615715823466,historical,raw/1b-baseline_historical_metrics.csv,2.9657738095238093
13870,7.272398848,3.23828125,0.0002614639397201,historical,raw/1b-baseline_historical_metrics.csv,2.9633556547619047
13880,7.277641728,3.203125,0.0002613562970936,historical,raw/1b-baseline_historical_metrics.csv,2.956845238095238
13890,7.282884608,3.29296875,0.0002612486544671,historical,raw/1b-baseline_historical_metrics.csv,2.9477306547619047
13900,7.288127488,2.28125,0.0002611410118406,historical,raw/1b-baseline_historical_metrics.csv,2.8941592261904763
13910,7.293370368,2.74609375,0.0002610333692142,historical,raw/1b-baseline_historical_metrics.csv,2.869233630952381
13920,7.298613248,2.83203125,0.0002609257265877,historical,raw/1b-baseline_historical_metrics.csv,2.8413318452380953
13930,7.303856128,3.3046875,0.0002608180839612,historical,raw/1b-baseline_historical_metrics.csv,2.8960193452380953
13940,7.309099008,1.923828125,0.0002607104413347,historical,raw/1b-baseline_historical_metrics.csv,2.8311941964285716
13950,7.314341888,3.265625,0.0002606027987082,historical,raw/1b-baseline_historical_metrics.csv,2.8324962797619047
13960,7.319584768,3.328125,0.0002604951560818,historical,raw/1b-baseline_historical_metrics.csv,2.8585379464285716
13970,7.324827648,3.2421875,0.0002603875134553,historical,raw/1b-baseline_historical_metrics.csv,2.8507254464285716
13980,7.330070528,1.953125,0.0002602798708288,historical,raw/1b-baseline_historical_metrics.csv,2.810732886904762
13990,7.335313408,2.73046875,0.0002601722282023,historical,raw/1b-baseline_historical_metrics.csv,2.7876674107142856
14000,7.340556288,1.892578125,0.0002600645855758,historical,raw/1b-baseline_historical_metrics.csv,2.7464657738095237
14010,7.345799168,3.3359375,0.0002599569429494,historical,raw/1b-baseline_historical_metrics.csv,2.7628348214285716
14020,7.351042048,3.26171875,0.0002598493003229,historical,raw/1b-baseline_historical_metrics.csv,2.769345238095238
14030,7.356284928,3.29296875,0.0002597416576964,historical,raw/1b-baseline_historical_metrics.csv,2.771391369047619
14040,7.361527808,3.390625,0.0002596340150699,historical,raw/1b-baseline_historical_metrics.csv,2.8543526785714284
14050,7.366770688,3.41015625,0.0002595263724434,historical,raw/1b-baseline_historical_metrics.csv,2.8586309523809526
14060,7.372013568,3.2109375,0.000259418729817,historical,raw/1b-baseline_historical_metrics.csv,2.910342261904762
14070,7.377256448,2.921875,0.0002593110871905,historical,raw/1b-baseline_historical_metrics.csv,2.955171130952381
14080,7.382499328,3.3671875,0.000259203444564,historical,raw/1b-baseline_historical_metrics.csv,2.9613095238095237
14090,7.387742208,2.421875,0.0002590958019375,historical,raw/1b-baseline_historical_metrics.csv,2.924107142857143
14100,7.392985088,3.4296875,0.000258988159311,historical,raw/1b-baseline_historical_metrics.csv,2.9306175595238093
14110,7.398227968,3.41796875,0.0002588805166846,historical,raw/1b-baseline_historical_metrics.csv,2.9847470238095237
14120,7.403470848,2.43359375,0.0002587728740581,historical,raw/1b-baseline_historical_metrics.csv,2.9698660714285716
14130,7.408713728,3.35546875,0.0002586652314316,historical,raw/1b-baseline_historical_metrics.csv,2.9947916666666665
14140,7.413956608,3.27734375,0.0002585575888051,historical,raw/1b-baseline_historical_metrics.csv,2.9934895833333335
14150,7.419199488,1.640625,0.0002584499461786,historical,raw/1b-baseline_historical_metrics.csv,2.9800037202380953
14160,7.424442368,3.37890625,0.0002583423035522,historical,raw/1b-baseline_historical_metrics.csv,2.9853980654761907
14170,7.429685248,2.8203125,0.0002582346609257,historical,raw/1b-baseline_historical_metrics.csv,2.961216517857143
14180,7.434928128,3.28125,0.0002581270182992,historical,raw/1b-baseline_historical_metrics.csv,2.963076636904762
14190,7.440171008,3.26953125,0.0002580193756727,historical,raw/1b-baseline_historical_metrics.csv,3.0257626488095237
14200,7.445413888,1.916015625,0.0002579117330462,historical,raw/1b-baseline_historical_metrics.csv,2.9869791666666665
14210,7.450656768,3.171875,0.0002578040904198,historical,raw/1b-baseline_historical_metrics.csv,3.0478980654761907
14220,7.455899648,3.15625,0.0002576964477933,historical,raw/1b-baseline_historical_metrics.csv,3.039341517857143
14230,7.461142528,3.21875,0.0002575888051668,historical,raw/1b-baseline_historical_metrics.csv,3.037295386904762
14240,7.466385408,3.2421875,0.0002574811625403,historical,raw/1b-baseline_historical_metrics.csv,3.034877232142857
14250,7.471628288,3.41015625,0.0002573735199138,historical,raw/1b-baseline_historical_metrics.csv,3.0358072916666665
14260,7.476871168,3.1796875,0.0002572658772874,historical,raw/1b-baseline_historical_metrics.csv,3.0248325892857144
14270,7.482114048,3.41796875,0.0002571582346609,historical,raw/1b-baseline_historical_metrics.csv,3.0346912202380953
14280,7.487356928,2.119140625,0.0002570505920344,historical,raw/1b-baseline_historical_metrics.csv,2.9964657738095237
14290,7.492599808,2.021484375,0.0002569429494079,historical,raw/1b-baseline_historical_metrics.csv,2.9323846726190474
14300,7.497842688,3.3671875,0.0002568353067814,historical,raw/1b-baseline_historical_metrics.csv,2.9773995535714284
14310,7.503085568,1.865234375,0.000256727664155,historical,raw/1b-baseline_historical_metrics.csv,2.9029017857142856
14320,7.508328448,3.453125,0.0002566200215285,historical,raw/1b-baseline_historical_metrics.csv,2.904575892857143
14330,7.513571328,2.7734375,0.000256512378902,historical,raw/1b-baseline_historical_metrics.csv,2.9207589285714284
14340,7.518814208,2.0703125,0.0002564047362755,historical,raw/1b-baseline_historical_metrics.csv,2.859561011904762
14350,7.524057088,3.32421875,0.000256297093649,historical,raw/1b-baseline_historical_metrics.csv,2.8617931547619047
14360,7.529299968,3.265625,0.0002561894510226,historical,raw/1b-baseline_historical_metrics.csv,2.939174107142857
14370,7.534542848,3.3125,0.0002560818083961,historical,raw/1b-baseline_historical_metrics.csv,2.9360119047619047
14380,7.539785728,2.7734375,0.0002559741657696,historical,raw/1b-baseline_historical_metrics.csv,2.933779761904762
14390,7.545028608,2.87890625,0.0002558665231431,historical,raw/1b-baseline_historical_metrics.csv,2.9146205357142856
14400,7.550271488,3.3203125,0.0002557588805166,historical,raw/1b-baseline_historical_metrics.csv,2.9170386904761907
14410,7.555514368,2.78125,0.0002556512378902,historical,raw/1b-baseline_historical_metrics.csv,2.9582403273809526
14420,7.560757248,3.2109375,0.0002555435952637,historical,raw/1b-baseline_historical_metrics.csv,2.9601004464285716
14430,7.566000128,3.39453125,0.0002554359526372,historical,raw/1b-baseline_historical_metrics.csv,2.9714471726190474
14440,7.571243008,3.39453125,0.0002553283100107,historical,raw/1b-baseline_historical_metrics.csv,2.9798177083333335
14450,7.576485888,3.19140625,0.0002552206673842,historical,raw/1b-baseline_historical_metrics.csv,2.9773995535714284
14460,7.581728768,3.3671875,0.0002551130247578,historical,raw/1b-baseline_historical_metrics.csv,2.9753534226190474
14470,7.586971648,3.28515625,0.0002550053821313,historical,raw/1b-baseline_historical_metrics.csv,2.980375744047619
14480,7.592214528,2.96875,0.0002548977395048,historical,raw/1b-baseline_historical_metrics.csv,2.958984375
14490,7.597457408,3.37890625,0.0002547900968783,historical,raw/1b-baseline_historical_metrics.csv,3.0189732142857144
14500,7.602700288,3.23046875,0.0002546824542518,historical,raw/1b-baseline_historical_metrics.csv,3.0765438988095237
14510,7.607943168,3.3125,0.0002545748116254,historical,raw/1b-baseline_historical_metrics.csv,3.073939732142857
14520,7.613186048,3.3046875,0.0002544671689989,historical,raw/1b-baseline_historical_metrics.csv,3.142485119047619
14530,7.618428928,2.95703125,0.0002543595263724,historical,raw/1b-baseline_historical_metrics.csv,3.118861607142857
14540,7.623671808,3.2578125,0.0002542518837459,historical,raw/1b-baseline_historical_metrics.csv,3.1419270833333335
14550,7.628914688,1.876953125,0.0002541442411194,historical,raw/1b-baseline_historical_metrics.csv,3.132719494047619
14560,7.634157568,3.296875,0.000254036598493,historical,raw/1b-baseline_historical_metrics.csv,3.1314174107142856
14570,7.639400448,3.3125,0.0002539289558665,historical,raw/1b-baseline_historical_metrics.csv,3.1336495535714284
14580,7.644643328,3.25390625,0.00025382131324,historical,raw/1b-baseline_historical_metrics.csv,3.130859375
14590,7.649886208,3.67578125,0.0002537136706135,historical,raw/1b-baseline_historical_metrics.csv,3.173828125
14600,7.655129088,2.72265625,0.000253606027987,historical,raw/1b-baseline_historical_metrics.csv,3.1663876488095237
14610,7.660371968,3.375,0.0002534983853606,historical,raw/1b-baseline_historical_metrics.csv,3.1689918154761907
14620,7.665614848,3.34765625,0.0002533907427341,historical,raw/1b-baseline_historical_metrics.csv,3.1959635416666665
14630,7.670857728,2.6796875,0.0002532831001076,historical,raw/1b-baseline_historical_metrics.csv,3.1706659226190474
14640,7.676100608,1.8984375,0.0002531754574811,historical,raw/1b-baseline_historical_metrics.csv,3.099423363095238
14650,7.681343488,2.0390625,0.0002530678148546,historical,raw/1b-baseline_historical_metrics.csv,3.034877232142857
14660,7.686586368,2.8671875,0.0002529601722282,historical,raw/1b-baseline_historical_metrics.csv,3.019438244047619
14670,7.691829248,3.2890625,0.0002528525296017,historical,raw/1b-baseline_historical_metrics.csv,3.015718005952381
14680,7.697072128,2.65625,0.0002527448869752,historical,raw/1b-baseline_historical_metrics.csv,2.9857700892857144
14690,7.702315008,2.640625,0.0002526372443487,historical,raw/1b-baseline_historical_metrics.csv,2.9701450892857144
14700,7.707557888,3.37109375,0.0002525296017222,historical,raw/1b-baseline_historical_metrics.csv,2.9697730654761907
14710,7.712800768,2.5390625,0.0002524219590958,historical,raw/1b-baseline_historical_metrics.csv,2.9368489583333335
14720,7.718043648,1.919921875,0.0002523143164693,historical,raw/1b-baseline_historical_metrics.csv,2.8705357142857144
14730,7.723286528,1.833984375,0.0002522066738428,historical,raw/1b-baseline_historical_metrics.csv,2.800502232142857
14740,7.728529408,3.21484375,0.0002520990312163,historical,raw/1b-baseline_historical_metrics.csv,2.812779017857143
14750,7.733772288,3.36328125,0.0002519913885898,historical,raw/1b-baseline_historical_metrics.csv,2.8178013392857144
14760,7.739015168,1.927734375,0.0002518837459634,historical,raw/1b-baseline_historical_metrics.csv,2.820219494047619
14770,7.744258048,2.8984375,0.0002517761033369,historical,raw/1b-baseline_historical_metrics.csv,2.8012462797619047
14780,7.749500928,3.30859375,0.0002516684607104,historical,raw/1b-baseline_historical_metrics.csv,2.801060267857143
14790,7.754743808,2.73828125,0.0002515608180839,historical,raw/1b-baseline_historical_metrics.csv,2.7765066964285716
14800,7.759986688,3.36328125,0.0002514531754574,historical,raw/1b-baseline_historical_metrics.csv,2.761625744047619
14810,7.765229568,1.94921875,0.000251345532831,historical,raw/1b-baseline_historical_metrics.csv,2.724795386904762
14820,7.770472448,1.9140625,0.0002512378902045,historical,raw/1b-baseline_historical_metrics.csv,2.6552269345238093
14830,7.775715328,2.9921875,0.000251130247578,historical,raw/1b-baseline_historical_metrics.csv,2.6382998511904763
14840,7.780958208,2.12109375,0.0002510226049515,historical,raw/1b-baseline_historical_metrics.csv,2.6117001488095237
14850,7.786201088,1.8984375,0.000250914962325,historical,raw/1b-baseline_historical_metrics.csv,2.6117001488095237
14860,7.791443968,3.32421875,0.0002508073196986,historical,raw/1b-baseline_historical_metrics.csv,2.6728980654761907
14870,7.796686848,1.859375,0.0002506996770721,historical,raw/1b-baseline_historical_metrics.csv,2.624906994047619
14880,7.801929728,2.8828125,0.0002505920344456,historical,raw/1b-baseline_historical_metrics.csv,2.605561755952381
14890,7.807172608,3.15625,0.0002504843918191,historical,raw/1b-baseline_historical_metrics.csv,2.6293712797619047
14900,7.812415488,3.1953125,0.0002503767491926,historical,raw/1b-baseline_historical_metrics.csv,2.6557849702380953
14910,7.817658368,3.3125,0.0002502691065662,historical,raw/1b-baseline_historical_metrics.csv,2.6529947916666665
14920,7.822901248,2.59375,0.0002501614639397,historical,raw/1b-baseline_historical_metrics.csv,2.6555989583333335
14930,7.828144128,1.62890625,0.0002500538213132,historical,raw/1b-baseline_historical_metrics.csv,2.6417410714285716
14940,7.833387008,3.390625,0.0002499461786867,historical,raw/1b-baseline_historical_metrics.csv,2.7158668154761907
14950,7.838629888,2.5859375,0.0002498385360602,historical,raw/1b-baseline_historical_metrics.csv,2.6859188988095237
14960,7.843872768,4.13671875,0.0002497308934337,historical,raw/1b-baseline_historical_metrics.csv,2.722749255952381
14970,7.849115648,3.3359375,0.0002496232508073,historical,raw/1b-baseline_historical_metrics.csv,2.7898065476190474
14980,7.854358528,3.26953125,0.0002495156081808,historical,raw/1b-baseline_historical_metrics.csv,2.8074776785714284
14990,7.859601408,2.84375,0.0002494079655543,historical,raw/1b-baseline_historical_metrics.csv,2.785342261904762
15000,7.864844288,3.30859375,0.0002493003229278,historical,raw/1b-baseline_historical_metrics.csv,2.8125
15010,7.870087168,2.01953125,0.0002491926803013,historical,raw/1b-baseline_historical_metrics.csv,2.7485119047619047
15020,7.875330048,3.35546875,0.0002490850376749,historical,raw/1b-baseline_historical_metrics.csv,2.8154761904761907
15030,7.880572928,3.32421875,0.0002489773950484,historical,raw/1b-baseline_historical_metrics.csv,2.882626488095238
15040,7.885815808,3.41015625,0.0002488697524219,historical,raw/1b-baseline_historical_metrics.csv,2.902529761904762
15050,7.891058688,2.8125,0.0002487621097954,historical,raw/1b-baseline_historical_metrics.csv,2.935453869047619
15060,7.896301568,3.2109375,0.0002486544671689,historical,raw/1b-baseline_historical_metrics.csv,2.997953869047619
15070,7.901544448,1.869140625,0.0002485468245425,historical,raw/1b-baseline_historical_metrics.csv,2.9286644345238093
15080,7.906787328,3.25,0.000248439181916,historical,raw/1b-baseline_historical_metrics.csv,2.9948846726190474
15090,7.912030208,3.29296875,0.0002483315392895,historical,raw/1b-baseline_historical_metrics.csv,3.0144159226190474
15100,7.917273088,3.28125,0.000248223896663,historical,raw/1b-baseline_historical_metrics.csv,3.0203683035714284
15110,7.922515968,1.7734375,0.0002481162540365,historical,raw/1b-baseline_historical_metrics.csv,2.9526599702380953
15120,7.927758848,1.5,0.0002480086114101,historical,raw/1b-baseline_historical_metrics.csv,2.8663504464285716
15130,7.933001728,3.28125,0.0002479009687836,historical,raw/1b-baseline_historical_metrics.csv,2.8990885416666665
15140,7.938244608,1.93359375,0.0002477933261571,historical,raw/1b-baseline_historical_metrics.csv,2.9135974702380953
15150,7.943487488,2.65625,0.0002476856835306,historical,raw/1b-baseline_historical_metrics.csv,2.878627232142857
15160,7.948730368,3.30078125,0.0002475780409041,historical,raw/1b-baseline_historical_metrics.csv,2.9126674107142856
15170,7.953973248,3.41015625,0.0002474703982777,historical,raw/1b-baseline_historical_metrics.csv,2.8780691964285716
15180,7.959216128,3.34375,0.0002473627556512,historical,raw/1b-baseline_historical_metrics.csv,2.8784412202380953
15190,7.964459008,3.34375,0.0002472551130247,historical,raw/1b-baseline_historical_metrics.csv,2.8819754464285716
15200,7.969701888,2.06640625,0.0002471474703982,historical,raw/1b-baseline_historical_metrics.csv,2.8449590773809526
15210,7.974944768,3.34765625,0.0002470398277717,historical,raw/1b-baseline_historical_metrics.csv,2.8468191964285716
15220,7.980187648,1.78515625,0.0002469321851453,historical,raw/1b-baseline_historical_metrics.csv,2.835658482142857
15230,7.985430528,2.00390625,0.0002468245425188,historical,raw/1b-baseline_historical_metrics.csv,2.771298363095238
15240,7.990673408,3.4453125,0.0002467168998923,historical,raw/1b-baseline_historical_metrics.csv,2.777064732142857
15250,7.995916288,1.865234375,0.0002466092572658,historical,raw/1b-baseline_historical_metrics.csv,2.7034970238095237
15260,8.001159168,2.84375,0.0002465016146393,historical,raw/1b-baseline_historical_metrics.csv,2.704985119047619
15270,8.006402048,3.37890625,0.0002463939720129,historical,raw/1b-baseline_historical_metrics.csv,2.712983630952381
15280,8.011644928,3.4453125,0.0002462863293864,historical,raw/1b-baseline_historical_metrics.csv,2.7880394345238093
15290,8.016887808,1.958984375,0.0002461786867599,historical,raw/1b-baseline_historical_metrics.csv,2.7265625
15300,8.022130688,3.41796875,0.0002460710441334,historical,raw/1b-baseline_historical_metrics.csv,2.732514880952381
15310,8.027373568,3.31640625,0.0002459634015069,historical,raw/1b-baseline_historical_metrics.csv,2.734188988095238
15320,8.032616448,2.60546875,0.0002458557588805,historical,raw/1b-baseline_historical_metrics.csv,2.7738095238095237
15330,8.037859328,3.26953125,0.000245748116254,historical,raw/1b-baseline_historical_metrics.csv,2.8580729166666665
15340,8.043102208,2.7890625,0.0002456404736275,historical,raw/1b-baseline_historical_metrics.csv,2.8346354166666665
15350,8.048345088,3.30078125,0.000245532831001,historical,raw/1b-baseline_historical_metrics.csv,2.8997395833333335
15360,8.053587968,1.919921875,0.0002454251883745,historical,raw/1b-baseline_historical_metrics.csv,2.8646763392857144
15370,8.058830848,3.171875,0.0002453175457481,historical,raw/1b-baseline_historical_metrics.csv,2.8585379464285716
15380,8.064073728,3.2890625,0.0002452099031216,historical,raw/1b-baseline_historical_metrics.csv,2.8527715773809526
15390,8.069316608,1.974609375,0.0002451022604951,historical,raw/1b-baseline_historical_metrics.csv,2.7875744047619047
15400,8.074559488,3.23828125,0.0002449946178686,historical,raw/1b-baseline_historical_metrics.csv,2.7825520833333335
15410,8.079802368,3.28515625,0.0002448869752421,historical,raw/1b-baseline_historical_metrics.csv,2.8405877976190474
15420,8.085045248,3.3125,0.0002447793326157,historical,raw/1b-baseline_historical_metrics.csv,2.8389136904761907
15430,8.090288128,2.5078125,0.0002446716899892,historical,raw/1b-baseline_historical_metrics.csv,2.873325892857143
15440,8.095531008,2.7421875,0.0002445640473627,historical,raw/1b-baseline_historical_metrics.csv,2.908482142857143
15450,8.100773888,3.37890625,0.0002444564047362,historical,raw/1b-baseline_historical_metrics.csv,2.9053199404761907
15460,8.106016768,3.2578125,0.0002443487621097,historical,raw/1b-baseline_historical_metrics.csv,2.9716331845238093
15470,8.111259648,3.3046875,0.0002442411194833,historical,raw/1b-baseline_historical_metrics.csv,2.9935825892857144
15480,8.116502528,2.1328125,0.0002441334768568,historical,raw/1b-baseline_historical_metrics.csv,2.9342447916666665
15490,8.121745408,2.078125,0.0002440258342303,historical,raw/1b-baseline_historical_metrics.csv,2.869140625
15500,8.126988288,3.3046875,0.0002439181916038,historical,raw/1b-baseline_historical_metrics.csv,2.9332217261904763
15510,8.132231168,3.30859375,0.0002438105489773,historical,raw/1b-baseline_historical_metrics.csv,2.928013392857143
15520,8.137474048,3.4140625,0.0002437029063509,historical,raw/1b-baseline_historical_metrics.csv,2.9326636904761907
15530,8.142716928,2.1015625,0.0002435952637244,historical,raw/1b-baseline_historical_metrics.csv,2.9086681547619047
15540,8.147959808,1.837890625,0.0002434876210979,historical,raw/1b-baseline_historical_metrics.csv,2.8404947916666665
15550,8.153202688,3.3203125,0.0002433799784714,historical,raw/1b-baseline_historical_metrics.csv,2.8657924107142856
15560,8.158445568,3.3046875,0.0002432723358449,historical,raw/1b-baseline_historical_metrics.csv,2.8659784226190474
15570,8.163688448,3.25390625,0.0002431646932185,historical,raw/1b-baseline_historical_metrics.csv,2.929501488095238
15580,8.168931328,3.30859375,0.000243057050592,historical,raw/1b-baseline_historical_metrics.csv,2.9360119047619047
15590,8.174174208,3.15234375,0.0002429494079655,historical,raw/1b-baseline_historical_metrics.csv,2.929501488095238
15600,8.179417088,3.2109375,0.000242841765339,historical,raw/1b-baseline_historical_metrics.csv,2.988374255952381
15610,8.184659968,3.20703125,0.0002427341227125,historical,raw/1b-baseline_historical_metrics.csv,2.9868861607142856
15620,8.189902848,3.21875,0.0002426264800861,historical,raw/1b-baseline_historical_metrics.csv,2.9837239583333335
15630,8.195145728,2.046875,0.0002425188374596,historical,raw/1b-baseline_historical_metrics.csv,2.9234561011904763
15640,8.200388608,3.2734375,0.0002424111948331,historical,raw/1b-baseline_historical_metrics.csv,2.9599144345238093
15650,8.205631488,3.25390625,0.0002423035522066,historical,raw/1b-baseline_historical_metrics.csv,2.984281994047619
15660,8.210874368,3.328125,0.0002421959095801,historical,raw/1b-baseline_historical_metrics.csv,2.9818638392857144
15670,8.216117248,3.27734375,0.0002420882669537,historical,raw/1b-baseline_historical_metrics.csv,2.9827938988095237
15680,8.221360128,3.203125,0.0002419806243272,historical,raw/1b-baseline_historical_metrics.csv,2.9779575892857144
15690,8.226603008,3.296875,0.0002418729817007,historical,raw/1b-baseline_historical_metrics.csv,3.033389136904762
15700,8.231845888,3.34765625,0.0002417653390742,historical,raw/1b-baseline_historical_metrics.csv,3.093843005952381
15710,8.237088768,2.76171875,0.0002416576964477,historical,raw/1b-baseline_historical_metrics.csv,3.0679873511904763
15720,8.242331648,1.95703125,0.0002415500538213,historical,raw/1b-baseline_historical_metrics.csv,3.003627232142857
15730,8.247574528,1.896484375,0.0002414424111948,historical,raw/1b-baseline_historical_metrics.csv,2.931361607142857
15740,8.252817408,2.6796875,0.0002413347685683,historical,raw/1b-baseline_historical_metrics.csv,2.958891369047619
15750,8.258060288,1.6953125,0.0002412271259418,historical,raw/1b-baseline_historical_metrics.csv,2.9521019345238093
15760,8.263303168,2.6171875,0.0002411194833153,historical,raw/1b-baseline_historical_metrics.csv,2.9186197916666665
15770,8.268546048,2.197265625,0.0002410118406889,historical,raw/1b-baseline_historical_metrics.csv,2.8658854166666665
15780,8.273788928,3.3828125,0.0002409041980624,historical,raw/1b-baseline_historical_metrics.csv,2.8720238095238093
15790,8.279031808,3.265625,0.0002407965554359,historical,raw/1b-baseline_historical_metrics.csv,2.8699776785714284
15800,8.284274688,3.20703125,0.0002406889128094,historical,raw/1b-baseline_historical_metrics.csv,2.8725818452380953
15810,8.289517568,3.44921875,0.0002405812701829,historical,raw/1b-baseline_historical_metrics.csv,2.8839285714285716
15820,8.294760448,2.087890625,0.0002404736275565,historical,raw/1b-baseline_historical_metrics.csv,2.8306361607142856
15830,8.300003328,3.2734375,0.00024036598493,historical,raw/1b-baseline_historical_metrics.csv,2.8332403273809526
15840,8.305246208,2.22265625,0.0002402583423035,historical,raw/1b-baseline_historical_metrics.csv,2.841610863095238
15850,8.310489088,3.20703125,0.000240150699677,historical,raw/1b-baseline_historical_metrics.csv,2.8384486607142856
15860,8.315731968,3.26171875,0.0002400430570505,historical,raw/1b-baseline_historical_metrics.csv,2.8388206845238093
15870,8.320974848,3.2890625,0.0002399354144241,historical,raw/1b-baseline_historical_metrics.csv,2.8369605654761907
15880,8.326217728,3.25,0.0002398277717976,historical,raw/1b-baseline_historical_metrics.csv,2.835658482142857
15890,8.331460608,2.7421875,0.0002397201291711,historical,raw/1b-baseline_historical_metrics.csv,2.8137090773809526
15900,8.336703488,1.830078125,0.0002396124865446,historical,raw/1b-baseline_historical_metrics.csv,2.743861607142857
15910,8.341946368,3.28125,0.0002395048439181,historical,raw/1b-baseline_historical_metrics.csv,2.7406994047619047
15920,8.347189248,3.39453125,0.0002393972012917,historical,raw/1b-baseline_historical_metrics.csv,2.7708333333333335
15930,8.352432128,3.27734375,0.0002392895586652,historical,raw/1b-baseline_historical_metrics.csv,2.833705357142857
15940,8.357675008,2.60546875,0.0002391819160387,historical,raw/1b-baseline_historical_metrics.csv,2.867466517857143
15950,8.362917888,2.1328125,0.0002390742734122,historical,raw/1b-baseline_historical_metrics.csv,2.8414248511904763
15960,8.368160768,3.41796875,0.0002389666307857,historical,raw/1b-baseline_historical_metrics.csv,2.9234561011904763
15970,8.373403648,2.78515625,0.0002388589881593,historical,raw/1b-baseline_historical_metrics.csv,2.931454613095238
15980,8.378646528,3.31640625,0.0002387513455328,historical,raw/1b-baseline_historical_metrics.csv,2.9847470238095237
15990,8.383889408,1.880859375,0.0002386437029063,historical,raw/1b-baseline_historical_metrics.csv,2.9132254464285716
16000,8.389132288,3.3671875,0.0002385360602798,historical,raw/1b-baseline_historical_metrics.csv,2.918061755952381
16010,8.394375168,3.14453125,0.0002384284176533,historical,raw/1b-baseline_historical_metrics.csv,2.9150855654761907
16020,8.399618048,3.390625,0.0002383207750269,historical,raw/1b-baseline_historical_metrics.csv,2.912295386904762
16030,8.404860928,3.3203125,0.0002382131324004,historical,raw/1b-baseline_historical_metrics.csv,2.970982142857143
16040,8.410103808,2.73828125,0.0002381054897739,historical,raw/1b-baseline_historical_metrics.csv,2.945498511904762
16050,8.415346688,3.2578125,0.0002379978471474,historical,raw/1b-baseline_historical_metrics.csv,2.9947916666666665
16060,8.420589568,3.31640625,0.0002378902045209,historical,raw/1b-baseline_historical_metrics.csv,3.0
16070,8.425832448,3.23046875,0.0002377825618945,historical,raw/1b-baseline_historical_metrics.csv,2.9985119047619047
16080,8.431075328,1.896484375,0.000237674919268,historical,raw/1b-baseline_historical_metrics.csv,2.9321986607142856
16090,8.436318208,3.359375,0.0002375672766415,historical,raw/1b-baseline_historical_metrics.csv,2.937406994047619
16100,8.441561088,3.34765625,0.000237459634015,historical,raw/1b-baseline_historical_metrics.csv,2.9662388392857144
16110,8.446803968,3.38671875,0.0002373519913885,historical,raw/1b-baseline_historical_metrics.csv,3.0403645833333335
16120,8.452046848,3.45703125,0.0002372443487621,historical,raw/1b-baseline_historical_metrics.csv,3.048735119047619
16130,8.457289728,3.35546875,0.0002371367061356,historical,raw/1b-baseline_historical_metrics.csv,3.046875
16140,8.462532608,1.861328125,0.0002370290635091,historical,raw/1b-baseline_historical_metrics.csv,2.9794456845238093
16150,8.467775488,2.2890625,0.0002369214208826,historical,raw/1b-baseline_historical_metrics.csv,2.9643787202380953
16160,8.473018368,3.29296875,0.0002368137782561,historical,raw/1b-baseline_historical_metrics.csv,3.019624255952381
16170,8.478261248,3.26171875,0.0002367061356297,historical,raw/1b-baseline_historical_metrics.csv,3.0121837797619047
16180,8.483504128,3.359375,0.0002365984930032,historical,raw/1b-baseline_historical_metrics.csv,3.0395275297619047
16190,8.488747008,3.33203125,0.0002364908503767,historical,raw/1b-baseline_historical_metrics.csv,3.0402715773809526
16200,8.493989888,2.00390625,0.0002363832077502,historical,raw/1b-baseline_historical_metrics.csv,3.0461309523809526
16210,8.499232768,3.296875,0.0002362755651237,historical,raw/1b-baseline_historical_metrics.csv,3.042782738095238
16220,8.504475648,3.40625,0.0002361679224973,historical,raw/1b-baseline_historical_metrics.csv,3.0552455357142856
16230,8.509718528,3.28515625,0.0002360602798708,historical,raw/1b-baseline_historical_metrics.csv,3.0502232142857144
16240,8.514961408,2.0703125,0.0002359526372443,historical,raw/1b-baseline_historical_metrics.csv,2.9906994047619047
16250,8.520204288,3.26953125,0.0002358449946178,historical,raw/1b-baseline_historical_metrics.csv,3.0159970238095237
16260,8.525447168,3.2109375,0.0002357373519913,historical,raw/1b-baseline_historical_metrics.csv,3.013764880952381
16270,8.530690048,3.2890625,0.0002356297093649,historical,raw/1b-baseline_historical_metrics.csv,3.0124627976190474
16280,8.535932928,2.54296875,0.0002355220667384,historical,raw/1b-baseline_historical_metrics.csv,2.9797247023809526
16290,8.541175808,2.78515625,0.0002354144241119,historical,raw/1b-baseline_historical_metrics.csv,3.0220424107142856
16300,8.546418688,3.20703125,0.0002353067814854,historical,raw/1b-baseline_historical_metrics.csv,3.0147879464285716
16310,8.551661568,3.265625,0.0002351991388589,historical,raw/1b-baseline_historical_metrics.csv,3.0108816964285716
16320,8.556904448,3.234375,0.0002350914962325,historical,raw/1b-baseline_historical_metrics.csv,3.003627232142857
16330,8.562147328,3.37109375,0.000234983853606,historical,raw/1b-baseline_historical_metrics.csv,2.9995349702380953
16340,8.567390208,2.7421875,0.0002348762109795,historical,raw/1b-baseline_historical_metrics.csv,2.9703311011904763
16350,8.572633088,3.33203125,0.000234768568353,historical,raw/1b-baseline_historical_metrics.csv,3.0403645833333335
16360,8.577875968,2.078125,0.0002346609257265,historical,raw/1b-baseline_historical_metrics.csv,3.0303199404761907
16370,8.583118848,3.2421875,0.0002345532831001,historical,raw/1b-baseline_historical_metrics.csv,3.0279017857142856
16380,8.588361728,1.50390625,0.0002344456404736,historical,raw/1b-baseline_historical_metrics.csv,2.9441964285714284
16390,8.593604608,2.8984375,0.0002343379978471,historical,raw/1b-baseline_historical_metrics.csv,2.9222470238095237
16400,8.598847488,2.70703125,0.0002342303552206,historical,raw/1b-baseline_historical_metrics.csv,2.892485119047619
16410,8.604090368,2.18359375,0.0002341227125941,historical,raw/1b-baseline_historical_metrics.csv,2.9010416666666665
16420,8.609333248,2.052734375,0.0002340150699677,historical,raw/1b-baseline_historical_metrics.csv,2.841796875
16430,8.614576128,3.42578125,0.0002339074273412,historical,raw/1b-baseline_historical_metrics.csv,2.8427269345238093
16440,8.619819008,2.63671875,0.0002337997847147,historical,raw/1b-baseline_historical_metrics.csv,2.8118489583333335
16450,8.625061888,3.28125,0.0002336921420882,historical,raw/1b-baseline_historical_metrics.csv,2.8695126488095237
16460,8.630304768,3.3671875,0.0002335844994617,historical,raw/1b-baseline_historical_metrics.csv,2.8741629464285716
16470,8.635547648,3.28515625,0.0002334768568353,historical,raw/1b-baseline_historical_metrics.csv,2.8776971726190474
16480,8.640790528,2.6484375,0.0002333692142088,historical,raw/1b-baseline_historical_metrics.csv,2.8471912202380953
16490,8.646033408,3.27734375,0.0002332615715823,historical,raw/1b-baseline_historical_metrics.csv,2.8821614583333335
16500,8.651276288,3.171875,0.0002331539289558,historical,raw/1b-baseline_historical_metrics.csv,2.900576636904762
16510,8.656519168,2.67578125,0.0002330462863293,historical,raw/1b-baseline_historical_metrics.csv,2.875279017857143
16520,8.661762048,3.40625,0.0002329386437029,historical,raw/1b-baseline_historical_metrics.csv,2.8819754464285716
16530,8.667004928,3.26171875,0.0002328310010764,historical,raw/1b-baseline_historical_metrics.csv,2.8832775297619047
16540,8.672247808,3.20703125,0.0002327233584499,historical,raw/1b-baseline_historical_metrics.csv,2.8754650297619047
16550,8.677490688,3.19921875,0.0002326157158234,historical,raw/1b-baseline_historical_metrics.csv,2.8972284226190474
16560,8.682733568,3.25,0.0002325080731969,historical,raw/1b-baseline_historical_metrics.csv,2.8933221726190474
16570,8.687976448,3.2109375,0.0002324004305705,historical,raw/1b-baseline_historical_metrics.csv,2.947265625
16580,8.693219328,3.1640625,0.000232292787944,historical,raw/1b-baseline_historical_metrics.csv,2.943545386904762
16590,8.698462208,2.65625,0.0002321851453175,historical,raw/1b-baseline_historical_metrics.csv,2.9984188988095237
16600,8.703705088,3.17578125,0.000232077502691,historical,raw/1b-baseline_historical_metrics.csv,3.011625744047619
16610,8.708947968,2.16796875,0.0002319698600645,historical,raw/1b-baseline_historical_metrics.csv,2.9859561011904763
16620,8.714190848,2.640625,0.0002318622174381,historical,raw/1b-baseline_historical_metrics.csv,3.007719494047619
16630,8.719433728,2.12109375,0.0002317545748116,historical,raw/1b-baseline_historical_metrics.csv,3.0109747023809526
16640,8.724676608,2.74609375,0.0002316469321851,historical,raw/1b-baseline_historical_metrics.csv,2.978608630952381
16650,8.729919488,3.19140625,0.0002315392895586,historical,raw/1b-baseline_historical_metrics.csv,3.0050223214285716
16660,8.735162368,3.34375,0.0002314316469321,historical,raw/1b-baseline_historical_metrics.csv,3.007998511904762
16670,8.740405248,3.1875,0.0002313240043057,historical,raw/1b-baseline_historical_metrics.csv,2.9994419642857144
16680,8.745648128,3.3203125,0.0002312163616792,historical,raw/1b-baseline_historical_metrics.csv,3.0011160714285716
16690,8.750891008,3.578125,0.0002311087190527,historical,raw/1b-baseline_historical_metrics.csv,3.0453869047619047
16700,8.756133888,3.23046875,0.0002310010764262,historical,raw/1b-baseline_historical_metrics.csv,3.043154761904762
16710,8.761376768,1.78125,0.0002308934337997,historical,raw/1b-baseline_historical_metrics.csv,2.9769345238095237
16720,8.766619648,1.974609375,0.0002307857911733,historical,raw/1b-baseline_historical_metrics.csv,2.943545386904762
16730,8.771862528,0.96484375,0.0002306781485468,historical,raw/1b-baseline_historical_metrics.csv,2.8272879464285716
16740,8.777105408,3.27734375,0.0002305705059203,historical,raw/1b-baseline_historical_metrics.csv,2.828031994047619
16750,8.782348288,3.421875,0.0002304628632938,historical,raw/1b-baseline_historical_metrics.csv,2.8382626488095237
16760,8.787591168,3.16015625,0.0002303552206673,historical,raw/1b-baseline_historical_metrics.csv,2.8364025297619047
16770,8.792834048,3.265625,0.0002302475780409,historical,raw/1b-baseline_historical_metrics.csv,2.8371465773809526
16780,8.798076928,3.34375,0.0002301399354144,historical,raw/1b-baseline_historical_metrics.csv,2.843470982142857
16790,8.803319808,3.28125,0.0002300322927879,historical,raw/1b-baseline_historical_metrics.csv,2.8490513392857144
16800,8.808562688,3.26953125,0.0002299246501614,historical,raw/1b-baseline_historical_metrics.csv,2.8782552083333335
16810,8.813805568,2.6796875,0.0002298170075349,historical,raw/1b-baseline_historical_metrics.csv,2.8546316964285716
16820,8.819048448,3.33203125,0.0002297093649085,historical,raw/1b-baseline_historical_metrics.csv,2.910063244047619
16830,8.824291328,3.27734375,0.000229601722282,historical,raw/1b-baseline_historical_metrics.csv,2.9403831845238093
16840,8.829534208,3.21875,0.0002294940796555,historical,raw/1b-baseline_historical_metrics.csv,2.9926525297619047
16850,8.834777088,3.2578125,0.000229386437029,historical,raw/1b-baseline_historical_metrics.csv,3.0170200892857144
16860,8.840019968,2.08984375,0.0002292787944025,historical,raw/1b-baseline_historical_metrics.csv,2.964564732142857
16870,8.845262848,3.08984375,0.0002291711517761,historical,raw/1b-baseline_historical_metrics.csv,2.9524739583333335
16880,8.850505728,3.23046875,0.0002290635091496,historical,raw/1b-baseline_historical_metrics.csv,2.9545200892857144
16890,8.855748608,2.578125,0.0002289558665231,historical,raw/1b-baseline_historical_metrics.csv,2.9191778273809526
16900,8.860991488,3.28125,0.0002288482238966,historical,raw/1b-baseline_historical_metrics.csv,2.9050409226190474
16910,8.866234368,3.1640625,0.0002287405812701,historical,raw/1b-baseline_historical_metrics.csv,2.9018787202380953
16920,8.871477248,1.513671875,0.0002286329386437,historical,raw/1b-baseline_historical_metrics.csv,2.8891369047619047
16930,8.876720128,3.40625,0.0002285252960172,historical,raw/1b-baseline_historical_metrics.csv,2.957310267857143
16940,8.881963008,3.39453125,0.0002284176533907,historical,raw/1b-baseline_historical_metrics.csv,3.0730096726190474
16950,8.887205888,2.46484375,0.0002283100107642,historical,raw/1b-baseline_historical_metrics.csv,3.0343191964285716
16960,8.892448768,3.31640625,0.0002282023681377,historical,raw/1b-baseline_historical_metrics.csv,3.029296875
16970,8.897691648,3.33203125,0.0002280947255113,historical,raw/1b-baseline_historical_metrics.csv,3.0374813988095237
16980,8.902934528,1.9453125,0.0002279870828848,historical,raw/1b-baseline_historical_metrics.csv,2.974609375
16990,8.908177408,3.265625,0.0002278794402583,historical,raw/1b-baseline_historical_metrics.csv,2.970889136904762
17000,8.913420288,2.703125,0.0002277717976318,historical,raw/1b-baseline_historical_metrics.csv,2.943359375
17010,8.918663168,2.87109375,0.0002276641550053,historical,raw/1b-baseline_historical_metrics.csv,2.9243861607142856
17020,8.923906048,3.3203125,0.0002275565123789,historical,raw/1b-baseline_historical_metrics.csv,2.954892113095238
17030,8.929148928,3.35546875,0.0002274488697524,historical,raw/1b-baseline_historical_metrics.csv,2.9560081845238093
17040,8.934391808,1.75,0.0002273412271259,historical,raw/1b-baseline_historical_metrics.csv,2.8832775297619047
17050,8.939634688,3.35546875,0.0002272335844994,historical,raw/1b-baseline_historical_metrics.csv,2.8897879464285716
17060,8.944877568,2.5625,0.0002271259418729,historical,raw/1b-baseline_historical_metrics.csv,2.8566778273809526
17070,8.950120448,3.28125,0.0002270182992465,historical,raw/1b-baseline_historical_metrics.csv,2.9134114583333335
17080,8.955363328,3.30859375,0.00022691065662,historical,raw/1b-baseline_historical_metrics.csv,2.923828125
17090,8.960606208,1.55078125,0.0002268030139935,historical,raw/1b-baseline_historical_metrics.csv,2.843843005952381
17100,8.965849088,3.3046875,0.000226695371367,historical,raw/1b-baseline_historical_metrics.csv,2.8784412202380953
17110,8.971091968,3.26953125,0.0002265877287405,historical,raw/1b-baseline_historical_metrics.csv,2.8778831845238093
17120,8.976334848,3.17578125,0.0002264800861141,historical,raw/1b-baseline_historical_metrics.csv,2.8784412202380953
17130,8.981577728,3.19140625,0.0002263724434876,historical,raw/1b-baseline_historical_metrics.csv,2.9583333333333335
17140,8.986820608,2.5625,0.0002262648008611,historical,raw/1b-baseline_historical_metrics.csv,2.918154761904762
17150,8.992063488,2.65625,0.0002261571582346,historical,raw/1b-baseline_historical_metrics.csv,2.882998511904762
17160,8.997306368,3.3359375,0.0002260495156081,historical,raw/1b-baseline_historical_metrics.csv,2.9244791666666665
17170,9.002549248,3.3125,0.0002259418729817,historical,raw/1b-baseline_historical_metrics.csv,2.9242931547619047
17180,9.007792128,3.2578125,0.0002258342303552,historical,raw/1b-baseline_historical_metrics.csv,2.9207589285714284
17190,9.013035008,2.025390625,0.0002257265877287,historical,raw/1b-baseline_historical_metrics.csv,2.9245721726190474
17200,9.018277888,2.8515625,0.0002256189451022,historical,raw/1b-baseline_historical_metrics.csv,2.9048549107142856
17210,9.023520768,3.30078125,0.0002255113024757,historical,raw/1b-baseline_historical_metrics.csv,2.933314732142857
17220,9.028763648,3.17578125,0.0002254036598493,historical,raw/1b-baseline_historical_metrics.csv,2.9478236607142856
17230,9.034006528,3.265625,0.0002252960172228,historical,raw/1b-baseline_historical_metrics.csv,2.945219494047619
17240,9.039249408,1.9296875,0.0002251883745963,historical,raw/1b-baseline_historical_metrics.csv,2.8773251488095237
17250,9.044492288,3.42578125,0.0002250807319698,historical,raw/1b-baseline_historical_metrics.csv,2.957124255952381
17260,9.049735168,3.33984375,0.0002249730893433,historical,raw/1b-baseline_historical_metrics.csv,2.9563802083333335
17270,9.054978048,3.296875,0.0002248654467168,historical,raw/1b-baseline_historical_metrics.csv,2.9913504464285716
17280,9.060220928,3.26953125,0.0002247578040904,historical,raw/1b-baseline_historical_metrics.csv,2.9907924107142856
17290,9.065463808,2.50390625,0.0002246501614639,historical,raw/1b-baseline_historical_metrics.csv,2.9524739583333335
17300,9.070706688,1.533203125,0.0002245425188374,historical,raw/1b-baseline_historical_metrics.csv,2.9516369047619047
17310,9.075949568,2.43359375,0.0002244348762109,historical,raw/1b-baseline_historical_metrics.csv,2.91015625
17320,9.081192448,3.30078125,0.0002243272335844,historical,raw/1b-baseline_historical_metrics.csv,2.9116443452380953
17330,9.086435328,2.9375,0.000224219590958,historical,raw/1b-baseline_historical_metrics.csv,2.900297619047619
17340,9.091678208,3.3125,0.0002241119483315,historical,raw/1b-baseline_historical_metrics.csv,2.906063988095238
17350,9.096921088,3.2265625,0.000224004305705,historical,raw/1b-baseline_historical_metrics.csv,2.937686011904762
17360,9.102163968,1.783203125,0.0002238966630785,historical,raw/1b-baseline_historical_metrics.csv,2.8961123511904763
17370,9.107406848,3.3359375,0.000223789020452,historical,raw/1b-baseline_historical_metrics.csv,2.8961123511904763
17380,9.112649728,1.8671875,0.0002236813778256,historical,raw/1b-baseline_historical_metrics.csv,2.8272879464285716
17390,9.117892608,2.0703125,0.0002235737351991,historical,raw/1b-baseline_historical_metrics.csv,2.7707403273809526
17400,9.123135488,3.15625,0.0002234660925726,historical,raw/1b-baseline_historical_metrics.csv,2.8245907738095237
17410,9.128378368,3.265625,0.0002233584499461,historical,raw/1b-baseline_historical_metrics.csv,2.8443080357142856
17420,9.133621248,1.7890625,0.0002232508073196,historical,raw/1b-baseline_historical_metrics.csv,2.7723214285714284
17430,9.138864128,3.30078125,0.0002231431646932,historical,raw/1b-baseline_historical_metrics.csv,2.7782738095238093
17440,9.144107008,3.34765625,0.0002230355220667,historical,raw/1b-baseline_historical_metrics.csv,2.7821800595238093
17450,9.149349888,3.359375,0.0002229278794402,historical,raw/1b-baseline_historical_metrics.csv,2.8502604166666665
17460,9.154592768,3.1015625,0.0002228202368137,historical,raw/1b-baseline_historical_metrics.csv,2.8348214285714284
17470,9.159835648,3.12109375,0.0002227125941872,historical,raw/1b-baseline_historical_metrics.csv,2.824404761904762
17480,9.165078528,3.2734375,0.0002226049515608,historical,raw/1b-baseline_historical_metrics.csv,2.8232886904761907
17490,9.170321408,3.1796875,0.0002224973089343,historical,raw/1b-baseline_historical_metrics.csv,2.8190104166666665
17500,9.175564288,2.51953125,0.0002223896663078,historical,raw/1b-baseline_historical_metrics.csv,2.8197544642857144
17510,9.180807168,3.37890625,0.0002222820236813,historical,raw/1b-baseline_historical_metrics.csv,2.9076450892857144
17520,9.186050048,3.2734375,0.0002221743810548,historical,raw/1b-baseline_historical_metrics.csv,2.9476376488095237
17530,9.191292928,3.2265625,0.0002220667384284,historical,raw/1b-baseline_historical_metrics.csv,2.9441034226190474
17540,9.196535808,3.30078125,0.0002219590958019,historical,raw/1b-baseline_historical_metrics.csv,2.9614025297619047
17550,9.201778688,3.32421875,0.0002218514531754,historical,raw/1b-baseline_historical_metrics.csv,2.9619605654761907
17560,9.207021568,3.3984375,0.0002217438105489,historical,raw/1b-baseline_historical_metrics.csv,2.9701450892857144
17570,9.212264448,2.57421875,0.0002216361679224,historical,raw/1b-baseline_historical_metrics.csv,3.0078125
17580,9.217507328,3.36328125,0.000221528525296,historical,raw/1b-baseline_historical_metrics.csv,3.0091145833333335
17590,9.222750208,3.234375,0.0002214208826695,historical,raw/1b-baseline_historical_metrics.csv,3.07421875
17600,9.227993088,3.2890625,0.000221313240043,historical,raw/1b-baseline_historical_metrics.csv,3.1322544642857144
17610,9.233235968,3.19921875,0.0002212055974165,historical,raw/1b-baseline_historical_metrics.csv,3.1343005952380953
17620,9.238478848,3.37890625,0.00022109795479,historical,raw/1b-baseline_historical_metrics.csv,3.1396949404761907
17630,9.243721728,3.421875,0.0002209903121636,historical,raw/1b-baseline_historical_metrics.csv,3.2174479166666665
17640,9.248964608,3.28125,0.0002208826695371,historical,raw/1b-baseline_historical_metrics.csv,3.216517857142857
17650,9.254207488,2.7265625,0.0002207750269106,historical,raw/1b-baseline_historical_metrics.csv,3.1869419642857144
17660,9.259450368,1.734375,0.0002206673842841,historical,raw/1b-baseline_historical_metrics.csv,3.109561011904762
17670,9.264693248,3.27734375,0.0002205597416576,historical,raw/1b-baseline_historical_metrics.csv,3.1179315476190474
17680,9.269936128,3.2265625,0.0002204520990312,historical,raw/1b-baseline_historical_metrics.csv,3.122953869047619
17690,9.275179008,3.27734375,0.0002203444564047,historical,raw/1b-baseline_historical_metrics.csv,3.123139880952381
17700,9.280421888,3.35546875,0.0002202368137782,historical,raw/1b-baseline_historical_metrics.csv,3.1315104166666665
17710,9.285664768,3.2421875,0.0002201291711517,historical,raw/1b-baseline_historical_metrics.csv,3.165922619047619
17720,9.290907648,3.32421875,0.0002200215285252,historical,raw/1b-baseline_historical_metrics.csv,3.1633184523809526
17730,9.296150528,3.23828125,0.0002199138858988,historical,raw/1b-baseline_historical_metrics.csv,3.1616443452380953
17740,9.301393408,3.13671875,0.0002198062432723,historical,raw/1b-baseline_historical_metrics.csv,3.1573660714285716
17750,9.306636288,2.4765625,0.0002196986006458,historical,raw/1b-baseline_historical_metrics.csv,3.1181175595238093
17760,9.311879168,3.26953125,0.0002195909580193,historical,raw/1b-baseline_historical_metrics.csv,3.115513392857143
17770,9.317122048,2.89453125,0.0002194833153928,historical,raw/1b-baseline_historical_metrics.csv,3.091517857142857
17780,9.322364928,2.0,0.0002193756727664,historical,raw/1b-baseline_historical_metrics.csv,3.064174107142857
17790,9.327607808,3.203125,0.0002192680301399,historical,raw/1b-baseline_historical_metrics.csv,3.056547619047619
17800,9.332850688,3.41796875,0.0002191603875134,historical,raw/1b-baseline_historical_metrics.csv,3.0652901785714284
17810,9.338093568,3.3203125,0.0002190527448869,historical,raw/1b-baseline_historical_metrics.csv,3.0667782738095237
17820,9.343336448,2.765625,0.0002189451022604,historical,raw/1b-baseline_historical_metrics.csv,3.0461309523809526
17830,9.348579328,3.28125,0.000218837459634,historical,raw/1b-baseline_historical_metrics.csv,3.0414806547619047
17840,9.353822208,3.16015625,0.0002187298170075,historical,raw/1b-baseline_historical_metrics.csv,3.029017857142857
17850,9.359065088,3.203125,0.000218622174381,historical,raw/1b-baseline_historical_metrics.csv,3.025297619047619
17860,9.364307968,1.833984375,0.0002185145317545,historical,raw/1b-baseline_historical_metrics.csv,2.9827938988095237
17870,9.369550848,3.41796875,0.000218406889128,historical,raw/1b-baseline_historical_metrics.csv,3.0629650297619047
17880,9.374793728,3.2109375,0.0002182992465016,historical,raw/1b-baseline_historical_metrics.csv,3.0598028273809526
17890,9.380036608,3.24609375,0.0002181916038751,historical,raw/1b-baseline_historical_metrics.csv,3.060732886904762
17900,9.385279488,2.84765625,0.0002180839612486,historical,raw/1b-baseline_historical_metrics.csv,3.0402715773809526
17910,9.390522368,2.146484375,0.0002179763186221,historical,raw/1b-baseline_historical_metrics.csv,2.982700892857143
17920,9.395765248,3.26171875,0.0002178686759956,historical,raw/1b-baseline_historical_metrics.csv,2.9836309523809526
17930,9.401008128,3.30078125,0.0002177610333692,historical,raw/1b-baseline_historical_metrics.csv,2.982514880952381
17940,9.406251008,2.76171875,0.0002176533907427,historical,raw/1b-baseline_historical_metrics.csv,2.9598214285714284
17950,9.411493888,1.8359375,0.0002175457481162,historical,raw/1b-baseline_historical_metrics.csv,2.8978794642857144
17960,9.416736768,3.171875,0.0002174381054897,historical,raw/1b-baseline_historical_metrics.csv,2.9309895833333335
17970,9.421979648,3.28125,0.0002173304628632,historical,raw/1b-baseline_historical_metrics.csv,2.931547619047619
17980,9.427222528,3.203125,0.0002172228202368,historical,raw/1b-baseline_historical_metrics.csv,2.9462425595238093
17990,9.432465408,2.79296875,0.0002171151776103,historical,raw/1b-baseline_historical_metrics.csv,2.9840029761904763
18000,9.437708288,3.34375,0.0002170075349838,historical,raw/1b-baseline_historical_metrics.csv,2.9906994047619047
18010,9.442951168,3.234375,0.0002168998923573,historical,raw/1b-baseline_historical_metrics.csv,2.9819568452380953
18020,9.448194048,3.2109375,0.0002167922497308,historical,raw/1b-baseline_historical_metrics.csv,2.976748511904762
18030,9.453436928,3.359375,0.0002166846071044,historical,raw/1b-baseline_historical_metrics.csv,3.0050223214285716
18040,9.458679808,3.25,0.0002165769644779,historical,raw/1b-baseline_historical_metrics.csv,3.0035342261904763
18050,9.463922688,2.16015625,0.0002164693218514,historical,raw/1b-baseline_historical_metrics.csv,2.9559151785714284
18060,9.469165568,3.30859375,0.0002163616792249,historical,raw/1b-baseline_historical_metrics.csv,2.9609375
18070,9.474408448,3.2421875,0.0002162540365984,historical,raw/1b-baseline_historical_metrics.csv,3.0279947916666665
18080,9.479651328,3.33984375,0.000216146393972,historical,raw/1b-baseline_historical_metrics.csv,3.0242745535714284
18090,9.484894208,1.767578125,0.0002160387513455,historical,raw/1b-baseline_historical_metrics.csv,2.9555431547619047
18100,9.490137088,1.86328125,0.000215931108719,historical,raw/1b-baseline_historical_metrics.csv,2.8896949404761907
18110,9.495379968,3.27734375,0.0002158234660925,historical,raw/1b-baseline_historical_metrics.csv,2.91015625
18120,9.500622848,3.2734375,0.000215715823466,historical,raw/1b-baseline_historical_metrics.csv,2.9638206845238093
18130,9.505865728,3.27734375,0.0002156081808396,historical,raw/1b-baseline_historical_metrics.csv,2.964564732142857
18140,9.511108608,3.37109375,0.0002155005382131,historical,raw/1b-baseline_historical_metrics.csv,2.9679129464285716
18150,9.516351488,2.81640625,0.0002153928955866,historical,raw/1b-baseline_historical_metrics.csv,2.970517113095238
18160,9.521594368,1.869140625,0.0002152852529601,historical,raw/1b-baseline_historical_metrics.csv,2.9720982142857144
18170,9.526837248,1.931640625,0.0002151776103336,historical,raw/1b-baseline_historical_metrics.csv,2.9130394345238093
18180,9.532080128,2.69140625,0.0002150699677072,historical,raw/1b-baseline_historical_metrics.csv,2.884951636904762
18190,9.537323008,2.88671875,0.0002149623250807,historical,raw/1b-baseline_historical_metrics.csv,2.8698846726190474
18200,9.542565888,3.31640625,0.0002148546824542,historical,raw/1b-baseline_historical_metrics.csv,2.894810267857143
18210,9.547808768,3.2890625,0.0002147470398277,historical,raw/1b-baseline_historical_metrics.csv,2.8922061011904763
18220,9.553051648,3.15625,0.0002146393972012,historical,raw/1b-baseline_historical_metrics.csv,2.888485863095238
18230,9.558294528,3.32421875,0.0002145317545748,historical,raw/1b-baseline_historical_metrics.csv,2.8938802083333335
18240,9.563537408,3.26171875,0.0002144241119483,historical,raw/1b-baseline_historical_metrics.csv,2.8892299107142856
18250,9.568780288,3.11328125,0.0002143164693218,historical,raw/1b-baseline_historical_metrics.csv,2.882719494047619
18260,9.574023168,3.28125,0.0002142088266953,historical,raw/1b-baseline_historical_metrics.csv,2.9361049107142856
18270,9.579266048,3.2265625,0.0002141011840688,historical,raw/1b-baseline_historical_metrics.csv,2.9321986607142856
18280,9.584508928,3.75,0.0002139935414424,historical,raw/1b-baseline_historical_metrics.csv,2.9563802083333335
18290,9.589751808,1.88671875,0.0002138858988159,historical,raw/1b-baseline_historical_metrics.csv,2.8871837797619047
18300,9.594994688,2.0703125,0.0002137782561894,historical,raw/1b-baseline_historical_metrics.csv,2.9015997023809526
18310,9.600237568,3.17578125,0.0002136706135629,historical,raw/1b-baseline_historical_metrics.csv,2.9640997023809526
18320,9.605480448,3.1484375,0.0002135629709364,historical,raw/1b-baseline_historical_metrics.csv,2.9579613095238093
18330,9.610723328,3.33203125,0.00021345532831,historical,raw/1b-baseline_historical_metrics.csv,2.960751488095238
18340,9.615966208,3.1953125,0.0002133476856835,historical,raw/1b-baseline_historical_metrics.csv,2.956845238095238
18350,9.621209088,3.24609375,0.000213240043057,historical,raw/1b-baseline_historical_metrics.csv,2.950892857142857
18360,9.626451968,3.1796875,0.0002131324004305,historical,raw/1b-baseline_historical_metrics.csv,2.9681919642857144
18370,9.631694848,3.13671875,0.000213024757804,historical,raw/1b-baseline_historical_metrics.csv,3.0285528273809526
18380,9.636937728,3.38671875,0.0002129171151776,historical,raw/1b-baseline_historical_metrics.csv,3.097842261904762
18390,9.642180608,3.21875,0.0002128094725511,historical,raw/1b-baseline_historical_metrics.csv,3.122953869047619
18400,9.647423488,3.234375,0.0002127018299246,historical,raw/1b-baseline_historical_metrics.csv,3.1395089285714284
18410,9.652666368,3.296875,0.0002125941872981,historical,raw/1b-baseline_historical_metrics.csv,3.138578869047619
18420,9.657909248,3.22265625,0.0002124865446716,historical,raw/1b-baseline_historical_metrics.csv,3.1354166666666665
18430,9.663152128,1.9609375,0.0002123789020452,historical,raw/1b-baseline_historical_metrics.csv,3.0784970238095237
18440,9.668395008,3.26953125,0.0002122712594187,historical,raw/1b-baseline_historical_metrics.csv,3.075892857142857
18450,9.673637888,3.23828125,0.0002121636167922,historical,raw/1b-baseline_historical_metrics.csv,3.0747767857142856
18460,9.678880768,3.34375,0.0002120559741657,historical,raw/1b-baseline_historical_metrics.csv,3.085751488095238
18470,9.684123648,2.828125,0.0002119483315392,historical,raw/1b-baseline_historical_metrics.csv,3.064174107142857
18480,9.689366528,2.009765625,0.0002118406889128,historical,raw/1b-baseline_historical_metrics.csv,3.0062313988095237
18490,9.694609408,3.2109375,0.0002117330462863,historical,raw/1b-baseline_historical_metrics.csv,2.980561755952381
18500,9.699852288,2.2109375,0.0002116254036598,historical,raw/1b-baseline_historical_metrics.csv,2.996000744047619
18510,9.705095168,3.109375,0.0002115177610333,historical,raw/1b-baseline_historical_metrics.csv,3.0454799107142856
18520,9.710338048,2.73046875,0.0002114101184068,historical,raw/1b-baseline_historical_metrics.csv,3.0242745535714284
18530,9.715580928,3.20703125,0.0002113024757804,historical,raw/1b-baseline_historical_metrics.csv,3.027064732142857
18540,9.720823808,3.30078125,0.0002111948331539,historical,raw/1b-baseline_historical_metrics.csv,3.025576636904762
18550,9.726066688,3.3671875,0.0002110871905274,historical,raw/1b-baseline_historical_metrics.csv,3.0337611607142856
18560,9.731309568,3.26953125,0.0002109795479009,historical,raw/1b-baseline_historical_metrics.csv,3.034877232142857
18570,9.736552448,3.1953125,0.0002108719052744,historical,raw/1b-baseline_historical_metrics.csv,3.0356212797619047
18580,9.741795328,2.7265625,0.000210764262648,historical,raw/1b-baseline_historical_metrics.csv,3.0160900297619047
18590,9.747038208,3.17578125,0.0002106566200215,historical,raw/1b-baseline_historical_metrics.csv,3.006045386904762
18600,9.752281088,3.15234375,0.000210548977395,historical,raw/1b-baseline_historical_metrics.csv,3.0028831845238093
18610,9.757523968,3.0546875,0.0002104413347685,historical,raw/1b-baseline_historical_metrics.csv,2.994326636904762
18620,9.762766848,1.7421875,0.000210333692142,historical,raw/1b-baseline_historical_metrics.csv,2.9202938988095237
18630,9.768009728,2.38671875,0.0002102260495156,historical,raw/1b-baseline_historical_metrics.csv,2.8804873511904763
18640,9.773252608,2.80859375,0.0002101184068891,historical,raw/1b-baseline_historical_metrics.csv,2.9208519345238093
18650,9.778495488,3.19921875,0.0002100107642626,historical,raw/1b-baseline_historical_metrics.csv,2.9175037202380953
18660,9.783738368,3.203125,0.0002099031216361,historical,raw/1b-baseline_historical_metrics.csv,2.915829613095238
18670,9.788981248,1.47265625,0.0002097954790096,historical,raw/1b-baseline_historical_metrics.csv,2.8267299107142856
18680,9.794224128,3.2734375,0.0002096878363832,historical,raw/1b-baseline_historical_metrics.csv,2.847935267857143
18690,9.799467008,3.30078125,0.0002095801937567,historical,raw/1b-baseline_historical_metrics.csv,2.9094122023809526
18700,9.804709888,3.140625,0.0002094725511302,historical,raw/1b-baseline_historical_metrics.csv,2.906063988095238
18710,9.809952768,1.728515625,0.0002093649085037,historical,raw/1b-baseline_historical_metrics.csv,2.883091517857143
18720,9.815195648,3.2578125,0.0002092572658772,historical,raw/1b-baseline_historical_metrics.csv,2.8901599702380953
18730,9.820438528,1.810546875,0.0002091496232508,historical,raw/1b-baseline_historical_metrics.csv,2.8463541666666665
18740,9.825681408,2.060546875,0.0002090419806243,historical,raw/1b-baseline_historical_metrics.csv,2.7917596726190474
18750,9.830924288,3.375,0.0002089343379978,historical,raw/1b-baseline_historical_metrics.csv,2.7952938988095237
18760,9.836167168,3.25,0.0002088266953713,historical,raw/1b-baseline_historical_metrics.csv,2.7897135416666665
18770,9.841410048,3.30078125,0.0002087190527448,historical,raw/1b-baseline_historical_metrics.csv,2.791201636904762
18780,9.846652928,3.23828125,0.0002086114101184,historical,raw/1b-baseline_historical_metrics.csv,2.793247767857143
18790,9.851895808,1.783203125,0.0002085037674919,historical,raw/1b-baseline_historical_metrics.csv,2.748325892857143
18800,9.857138688,3.22265625,0.0002083961248654,historical,raw/1b-baseline_historical_metrics.csv,2.7505580357142856
18810,9.862381568,1.892578125,0.0002082884822389,historical,raw/1b-baseline_historical_metrics.csv,2.6905691964285716
18820,9.867624448,3.2734375,0.0002081808396124,historical,raw/1b-baseline_historical_metrics.csv,2.700985863095238
18830,9.872867328,3.18359375,0.000208073196986,historical,raw/1b-baseline_historical_metrics.csv,2.769624255952381
18840,9.878110208,1.697265625,0.0002079655543595,historical,raw/1b-baseline_historical_metrics.csv,2.7367931547619047
18850,9.883353088,3.25,0.000207857911733,historical,raw/1b-baseline_historical_metrics.csv,2.7578125
18860,9.888595968,2.63671875,0.0002077502691065,historical,raw/1b-baseline_historical_metrics.csv,2.7310267857142856
18870,9.893838848,1.8984375,0.00020764262648,historical,raw/1b-baseline_historical_metrics.csv,2.6688988095238093
18880,9.899081728,3.28515625,0.0002075349838536,historical,raw/1b-baseline_historical_metrics.csv,2.7552083333333335
18890,9.904324608,1.828125,0.0002074273412271,historical,raw/1b-baseline_historical_metrics.csv,2.6863839285714284
18900,9.909567488,3.3125,0.0002073196986006,historical,raw/1b-baseline_historical_metrics.csv,2.6869419642857144
18910,9.914810368,3.2109375,0.0002072120559741,historical,raw/1b-baseline_historical_metrics.csv,2.6902901785714284
18920,9.920053248,3.296875,0.0002071044133476,historical,raw/1b-baseline_historical_metrics.csv,2.7649739583333335
18930,9.925296128,2.072265625,0.0002069967707212,historical,raw/1b-baseline_historical_metrics.csv,2.7085193452380953
18940,9.930539008,3.2265625,0.0002068891280947,historical,raw/1b-baseline_historical_metrics.csv,2.7759486607142856
18950,9.935781888,3.46875,0.0002067814854682,historical,raw/1b-baseline_historical_metrics.csv,2.8430059523809526
18960,9.941024768,3.2265625,0.0002066738428417,historical,raw/1b-baseline_historical_metrics.csv,2.8359375
18970,9.946267648,1.888671875,0.0002065662002152,historical,raw/1b-baseline_historical_metrics.csv,2.7711123511904763
18980,9.951510528,3.24609375,0.0002064585575888,historical,raw/1b-baseline_historical_metrics.csv,2.7685081845238093
18990,9.956753408,2.6328125,0.0002063509149623,historical,raw/1b-baseline_historical_metrics.csv,2.7396763392857144
19000,9.961996288,3.27734375,0.0002062432723358,historical,raw/1b-baseline_historical_metrics.csv,2.810825892857143
19010,9.967239168,3.26953125,0.0002061356297093,historical,raw/1b-baseline_historical_metrics.csv,2.8130580357142856
19020,9.972482048,1.935546875,0.0002060279870828,historical,raw/1b-baseline_historical_metrics.csv,2.8151041666666665
19030,9.977724928,3.17578125,0.0002059203444564,historical,raw/1b-baseline_historical_metrics.csv,2.810453869047619
19040,9.982967808,3.40625,0.0002058127018299,historical,raw/1b-baseline_historical_metrics.csv,2.8210565476190474
19050,9.988210688,2.6796875,0.0002057050592034,historical,raw/1b-baseline_historical_metrics.csv,2.8678385416666665
19060,9.993453568,3.21875,0.0002055974165769,historical,raw/1b-baseline_historical_metrics.csv,2.8663504464285716
19070,9.998696448,2.74609375,0.0002054897739504,historical,raw/1b-baseline_historical_metrics.csv,2.8715587797619047
19080,10.003939328,3.35546875,0.000205382131324,historical,raw/1b-baseline_historical_metrics.csv,2.9409412202380953
19090,10.009182208,2.61328125,0.0002052744886975,historical,raw/1b-baseline_historical_metrics.csv,2.9089471726190474
19100,10.014425088,1.701171875,0.000205166846071,historical,raw/1b-baseline_historical_metrics.csv,2.9029017857142856
19110,10.019667968,3.2421875,0.0002050592034445,historical,raw/1b-baseline_historical_metrics.csv,2.8995535714285716
19120,10.024910848,3.1875,0.000204951560818,historical,raw/1b-baseline_historical_metrics.csv,2.8984375
19130,10.030153728,3.32421875,0.0002048439181916,historical,raw/1b-baseline_historical_metrics.csv,2.8997395833333335
19140,10.035396608,1.736328125,0.0002047362755651,historical,raw/1b-baseline_historical_metrics.csv,2.8837425595238093
19150,10.040639488,2.9375,0.0002046286329386,historical,raw/1b-baseline_historical_metrics.csv,2.8699776785714284
19160,10.045882368,3.31640625,0.0002045209903121,historical,raw/1b-baseline_historical_metrics.csv,2.8627232142857144
19170,10.051125248,3.23828125,0.0002044133476856,historical,raw/1b-baseline_historical_metrics.csv,2.86328125
19180,10.056368128,3.14453125,0.0002043057050592,historical,raw/1b-baseline_historical_metrics.csv,2.9230840773809526
19190,10.061611008,3.32421875,0.0002041980624327,historical,raw/1b-baseline_historical_metrics.csv,2.9268043154761907
19200,10.066853888,2.6484375,0.0002040904198062,historical,raw/1b-baseline_historical_metrics.csv,2.927548363095238
19210,10.072096768,3.25,0.0002039827771797,historical,raw/1b-baseline_historical_metrics.csv,2.9262462797619047
19220,10.077339648,3.375,0.0002038751345532,historical,raw/1b-baseline_historical_metrics.csv,2.9312686011904763
19230,10.082582528,3.22265625,0.0002037674919268,historical,raw/1b-baseline_historical_metrics.csv,2.9925595238095237
19240,10.087825408,2.72265625,0.0002036598493003,historical,raw/1b-baseline_historical_metrics.csv,2.970982142857143
19250,10.093068288,1.6875,0.0002035522066738,historical,raw/1b-baseline_historical_metrics.csv,2.8891369047619047
19260,10.098311168,2.71875,0.0002034445640473,historical,raw/1b-baseline_historical_metrics.csv,2.8909970238095237
19270,10.103554048,3.265625,0.0002033369214208,historical,raw/1b-baseline_historical_metrics.csv,2.8932291666666665
19280,10.108796928,2.55078125,0.0002032292787944,historical,raw/1b-baseline_historical_metrics.csv,2.8839285714285716
19290,10.114039808,3.1484375,0.0002031216361679,historical,raw/1b-baseline_historical_metrics.csv,2.8740699404761907
19300,10.119282688,3.22265625,0.0002030139935414,historical,raw/1b-baseline_historical_metrics.csv,2.9030877976190474
19310,10.124525568,2.76953125,0.0002029063509149,historical,raw/1b-baseline_historical_metrics.csv,2.9539620535714284
19320,10.129768448,2.30859375,0.0002027987082884,historical,raw/1b-baseline_historical_metrics.csv,2.9095052083333335
19330,10.135011328,2.11328125,0.000202691065662,historical,raw/1b-baseline_historical_metrics.csv,2.8583519345238093
19340,10.140254208,1.76953125,0.0002025834230355,historical,raw/1b-baseline_historical_metrics.csv,2.7843191964285716
19350,10.145497088,3.30859375,0.000202475780409,historical,raw/1b-baseline_historical_metrics.csv,2.859188988095238
19360,10.150739968,1.740234375,0.0002023681377825,historical,raw/1b-baseline_historical_metrics.csv,2.8021763392857144
19370,10.155982848,3.15625,0.000202260495156,historical,raw/1b-baseline_historical_metrics.csv,2.7945498511904763
19380,10.161225728,3.27734375,0.0002021528525296,historical,raw/1b-baseline_historical_metrics.csv,2.7964099702380953
19390,10.166468608,1.96484375,0.0002020452099031,historical,raw/1b-baseline_historical_metrics.csv,2.740234375
19400,10.171711488,3.2578125,0.0002019375672766,historical,raw/1b-baseline_historical_metrics.csv,2.7370721726190474
19410,10.176954368,3.07421875,0.0002018299246501,historical,raw/1b-baseline_historical_metrics.csv,2.7573474702380953
19420,10.182197248,3.16796875,0.0002017222820236,historical,raw/1b-baseline_historical_metrics.csv,2.7534412202380953
19430,10.187440128,3.26171875,0.0002016146393972,historical,raw/1b-baseline_historical_metrics.csv,2.748046875
19440,10.192683008,3.28515625,0.0002015069967707,historical,raw/1b-baseline_historical_metrics.csv,2.7510230654761907
19450,10.197925888,1.841796875,0.0002013993541442,historical,raw/1b-baseline_historical_metrics.csv,2.709077380952381
19460,10.203168768,3.26171875,0.0002012917115177,historical,raw/1b-baseline_historical_metrics.csv,2.7840401785714284
19470,10.208411648,2.86328125,0.0002011840688912,historical,raw/1b-baseline_historical_metrics.csv,2.790922619047619
19480,10.213654528,3.2578125,0.0002010764262648,historical,raw/1b-baseline_historical_metrics.csv,2.7905505952380953
19490,10.218897408,1.697265625,0.0002009687836383,historical,raw/1b-baseline_historical_metrics.csv,2.749906994047619
19500,10.224140288,3.203125,0.0002008611410118,historical,raw/1b-baseline_historical_metrics.csv,2.7525111607142856
19510,10.229383168,1.9140625,0.0002007534983853,historical,raw/1b-baseline_historical_metrics.csv,2.6901971726190474
19520,10.234626048,3.19921875,0.0002006458557588,historical,raw/1b-baseline_historical_metrics.csv,2.710658482142857
19530,10.239868928,3.19921875,0.0002005382131324,historical,raw/1b-baseline_historical_metrics.csv,2.7530691964285716
19540,10.245111808,1.7890625,0.0002004305705059,historical,raw/1b-baseline_historical_metrics.csv,2.7376302083333335
19550,10.250354688,3.11328125,0.0002003229278794,historical,raw/1b-baseline_historical_metrics.csv,2.8016183035714284
19560,10.255597568,1.564453125,0.0002002152852529,historical,raw/1b-baseline_historical_metrics.csv,2.718563988095238
19570,10.260840448,3.30078125,0.0002001076426264,historical,raw/1b-baseline_historical_metrics.csv,2.792875744047619
19580,10.266083328,2.7578125,0.0002,historical,raw/1b-baseline_historical_metrics.csv,2.7739025297619047
19590,10.271326208,2.74609375,0.0001998923573735,historical,raw/1b-baseline_historical_metrics.csv,2.7486049107142856
19600,10.276569088,1.671875,0.000199784714747,historical,raw/1b-baseline_historical_metrics.csv,2.734654017857143
19610,10.281811968,3.35546875,0.0001996770721205,historical,raw/1b-baseline_historical_metrics.csv,2.7393043154761907
19620,10.287054848,3.109375,0.000199569429494,historical,raw/1b-baseline_historical_metrics.csv,2.7409784226190474
19630,10.292297728,2.7734375,0.0001994617868675,historical,raw/1b-baseline_historical_metrics.csv,2.7221912202380953
19640,10.297540608,3.2578125,0.0001993541442411,historical,raw/1b-baseline_historical_metrics.csv,2.7220052083333335
19650,10.302783488,3.21484375,0.0001992465016146,historical,raw/1b-baseline_historical_metrics.csv,2.718656994047619
19660,10.308026368,3.18359375,0.0001991388589881,historical,raw/1b-baseline_historical_metrics.csv,2.7825520833333335
19670,10.313269248,3.09765625,0.0001990312163616,historical,raw/1b-baseline_historical_metrics.csv,2.7747395833333335
19680,10.318512128,3.27734375,0.0001989235737351,historical,raw/1b-baseline_historical_metrics.csv,2.7944568452380953
19690,10.323755008,3.1953125,0.0001988159311087,historical,raw/1b-baseline_historical_metrics.csv,2.7914806547619047
19700,10.328997888,3.1640625,0.0001987082884822,historical,raw/1b-baseline_historical_metrics.csv,2.861328125
19710,10.334240768,2.07421875,0.0001986006458557,historical,raw/1b-baseline_historical_metrics.csv,2.8075706845238093
19720,10.339483648,2.83984375,0.0001984930032292,historical,raw/1b-baseline_historical_metrics.csv,2.851655505952381
19730,10.344726528,3.20703125,0.0001983853606027,historical,raw/1b-baseline_historical_metrics.csv,2.8520275297619047
19740,10.349969408,3.27734375,0.0001982777179763,historical,raw/1b-baseline_historical_metrics.csv,2.855747767857143
19750,10.355212288,3.1875,0.0001981700753498,historical,raw/1b-baseline_historical_metrics.csv,2.9223400297619047
19760,10.360455168,3.35546875,0.0001980624327233,historical,raw/1b-baseline_historical_metrics.csv,2.933872767857143
19770,10.365698048,3.27734375,0.0001979547900968,historical,raw/1b-baseline_historical_metrics.csv,3.015438988095238
19780,10.370940928,3.3125,0.0001978471474703,historical,raw/1b-baseline_historical_metrics.csv,3.0159970238095237
19790,10.376183808,3.125,0.0001977395048439,historical,raw/1b-baseline_historical_metrics.csv,3.033482142857143
19800,10.381426688,2.66796875,0.0001976318622174,historical,raw/1b-baseline_historical_metrics.csv,3.0297619047619047
19810,10.386669568,3.2421875,0.0001975242195909,historical,raw/1b-baseline_historical_metrics.csv,3.1045386904761907
19820,10.391912448,3.484375,0.0001974165769644,historical,raw/1b-baseline_historical_metrics.csv,3.1106770833333335
19830,10.397155328,3.2890625,0.0001973089343379,historical,raw/1b-baseline_historical_metrics.csv,3.119233630952381
19840,10.402398208,1.857421875,0.0001972012917115,historical,raw/1b-baseline_historical_metrics.csv,3.0756138392857144
19850,10.407641088,2.703125,0.000197093649085,historical,raw/1b-baseline_historical_metrics.csv,3.0492001488095237
19860,10.412883968,3.171875,0.0001969860064585,historical,raw/1b-baseline_historical_metrics.csv,3.047154017857143
19870,10.418126848,3.23046875,0.000196878363832,historical,raw/1b-baseline_historical_metrics.csv,3.0493861607142856
19880,10.423369728,2.61328125,0.0001967707212055,historical,raw/1b-baseline_historical_metrics.csv,3.0263206845238093
19890,10.428612608,3.171875,0.0001966630785791,historical,raw/1b-baseline_historical_metrics.csv,3.021298363095238
19900,10.433855488,2.85546875,0.0001965554359526,historical,raw/1b-baseline_historical_metrics.csv,3.0051153273809526
19910,10.439098368,2.8203125,0.0001964477933261,historical,raw/1b-baseline_historical_metrics.csv,2.9887462797619047
19920,10.444341248,2.8671875,0.0001963401506996,historical,raw/1b-baseline_historical_metrics.csv,3.0265066964285716
19930,10.449584128,3.234375,0.0001962325080731,historical,raw/1b-baseline_historical_metrics.csv,3.0452938988095237
19940,10.454827008,3.265625,0.0001961248654467,historical,raw/1b-baseline_historical_metrics.csv,3.0480840773809526
19950,10.460069888,3.26953125,0.0001960172228202,historical,raw/1b-baseline_historical_metrics.csv,3.0477120535714284
19960,10.465312768,3.34375,0.0001959095801937,historical,raw/1b-baseline_historical_metrics.csv,3.0551525297619047
19970,10.470555648,2.65625,0.0001958019375672,historical,raw/1b-baseline_historical_metrics.csv,3.0218563988095237
19980,10.475798528,2.546875,0.0001956942949407,historical,raw/1b-baseline_historical_metrics.csv,2.9870721726190474
19990,10.481041408,1.98828125,0.0001955866523143,historical,raw/1b-baseline_historical_metrics.csv,2.924014136904762
20000,10.486284288,2.150390625,0.0001954790096878,historical,raw/1b-baseline_historical_metrics.csv,2.8776041666666665
20010,10.491527168,2.73828125,0.0001953713670613,historical,raw/1b-baseline_historical_metrics.csv,2.880952380952381
20020,10.496770048,3.24609375,0.0001952637244348,historical,raw/1b-baseline_historical_metrics.csv,2.881138392857143
20030,10.502012928,1.923828125,0.0001951560818083,historical,raw/1b-baseline_historical_metrics.csv,2.806826636904762
20040,10.507255808,3.2578125,0.0001950484391819,historical,raw/1b-baseline_historical_metrics.csv,2.8053385416666665
20050,10.512498688,2.625,0.0001949407965554,historical,raw/1b-baseline_historical_metrics.csv,2.841889880952381
20060,10.517741568,3.3828125,0.0001948331539289,historical,raw/1b-baseline_historical_metrics.csv,2.8742559523809526
20070,10.522984448,3.25,0.0001947255113024,historical,raw/1b-baseline_historical_metrics.csv,2.8779761904761907
20080,10.528227328,1.8515625,0.0001946178686759,historical,raw/1b-baseline_historical_metrics.csv,2.812313988095238
20090,10.533470208,3.23828125,0.0001945102260495,historical,raw/1b-baseline_historical_metrics.csv,2.842075892857143
20100,10.538713088,3.125,0.000194402583423,historical,raw/1b-baseline_historical_metrics.csv,2.83984375
20110,10.543955968,2.72265625,0.0001942949407965,historical,raw/1b-baseline_historical_metrics.csv,2.8335193452380953
20120,10.549198848,3.43359375,0.00019418729817,historical,raw/1b-baseline_historical_metrics.csv,2.8627232142857144
20130,10.554441728,1.716796875,0.0001940796555435,historical,raw/1b-baseline_historical_metrics.csv,2.8079427083333335
20140,10.559684608,2.7578125,0.0001939720129171,historical,raw/1b-baseline_historical_metrics.csv,2.785249255952381
20150,10.564927488,2.8828125,0.0001938643702906,historical,raw/1b-baseline_historical_metrics.csv,2.7670200892857144
20160,10.570170368,3.13671875,0.0001937567276641,historical,raw/1b-baseline_historical_metrics.csv,2.7606956845238093
20170,10.575413248,3.1015625,0.0001936490850376,historical,raw/1b-baseline_historical_metrics.csv,2.7491629464285716
20180,10.580656128,3.140625,0.0001935414424111,historical,raw/1b-baseline_historical_metrics.csv,2.7722284226190474
20190,10.585899008,1.572265625,0.0001934337997847,historical,raw/1b-baseline_historical_metrics.csv,2.7258184523809526
20200,10.591141888,3.42578125,0.0001933261571582,historical,raw/1b-baseline_historical_metrics.csv,2.7942708333333335
20210,10.596384768,3.30078125,0.0001932185145317,historical,raw/1b-baseline_historical_metrics.csv,2.8490513392857144
20220,10.601627648,3.3046875,0.0001931108719052,historical,raw/1b-baseline_historical_metrics.csv,2.8760230654761907
20230,10.606870528,3.25390625,0.0001930032292787,historical,raw/1b-baseline_historical_metrics.csv,2.8763950892857144
20240,10.612113408,3.1796875,0.0001928955866523,historical,raw/1b-baseline_historical_metrics.csv,2.9361979166666665
20250,10.617356288,3.21484375,0.0001927879440258,historical,raw/1b-baseline_historical_metrics.csv,2.9341517857142856
20260,10.622599168,3.2578125,0.0001926803013993,historical,raw/1b-baseline_historical_metrics.csv,2.9642857142857144
20270,10.627842048,3.23828125,0.0001925726587728,historical,raw/1b-baseline_historical_metrics.csv,2.9574032738095237
20280,10.633084928,3.41015625,0.0001924650161463,historical,raw/1b-baseline_historical_metrics.csv,2.965029761904762
20290,10.638327808,3.3046875,0.0001923573735199,historical,raw/1b-baseline_historical_metrics.csv,3.0342261904761907
20300,10.643570688,3.08203125,0.0001922497308934,historical,raw/1b-baseline_historical_metrics.csv,3.0267857142857144
20310,10.648813568,1.4267578125,0.0001921420882669,historical,raw/1b-baseline_historical_metrics.csv,2.9459170386904763
20320,10.654056448,2.62890625,0.0001920344456404,historical,raw/1b-baseline_historical_metrics.csv,2.9414527529761907
20330,10.659299328,3.30078125,0.0001919268030139,historical,raw/1b-baseline_historical_metrics.csv,2.9351283482142856
20340,10.664542208,3.33984375,0.0001918191603875,historical,raw/1b-baseline_historical_metrics.csv,3.012416294642857
20350,10.669785088,3.19921875,0.000191711517761,historical,raw/1b-baseline_historical_metrics.csv,3.0334356398809526
20360,10.675027968,3.16796875,0.0001916038751345,historical,raw/1b-baseline_historical_metrics.csv,3.0470145089285716
20370,10.680270848,3.3125,0.000191496232508,historical,raw/1b-baseline_historical_metrics.csv,3.055385044642857
20380,10.685513728,3.33984375,0.0001913885898815,historical,raw/1b-baseline_historical_metrics.csv,3.0667317708333335
20390,10.690756608,3.2734375,0.0001912809472551,historical,raw/1b-baseline_historical_metrics.csv,3.073056175595238
20400,10.695999488,3.24609375,0.0001911733046286,historical,raw/1b-baseline_historical_metrics.csv,3.1527622767857144
20410,10.701242368,3.21484375,0.0001910656620021,historical,raw/1b-baseline_historical_metrics.csv,3.1427176339285716
20420,10.706485248,1.80859375,0.0001909580193756,historical,raw/1b-baseline_historical_metrics.csv,3.0716610863095237
20430,10.711728128,3.07421875,0.0001908503767491,historical,raw/1b-baseline_historical_metrics.csv,3.0606863839285716
20440,10.716971008,3.36328125,0.0001907427341227,historical,raw/1b-baseline_historical_metrics.csv,3.0658947172619047
20450,10.722213888,3.31640625,0.0001906350914962,historical,raw/1b-baseline_historical_metrics.csv,3.0724051339285716
20460,10.727456768,1.814453125,0.0001905274488697,historical,raw/1b-baseline_historical_metrics.csv,3.0057198660714284
20470,10.732699648,3.23046875,0.0001904198062432,historical,raw/1b-baseline_historical_metrics.csv,3.0044177827380953
20480,10.737942528,3.29296875,0.0001903121636167,historical,raw/1b-baseline_historical_metrics.csv,3.007021949404762
20490,10.743185408,3.1796875,0.0001902045209903,historical,raw/1b-baseline_historical_metrics.csv,2.9960472470238093
20500,10.748428288,3.3125,0.0001900968783638,historical,raw/1b-baseline_historical_metrics.csv,2.9964192708333335
20510,10.753671168,1.84765625,0.0001899892357373,historical,raw/1b-baseline_historical_metrics.csv,2.9376395089285716
20520,10.758914048,2.859375,0.0001898815931108,historical,raw/1b-baseline_historical_metrics.csv,3.005859375
20530,10.764156928,3.17578125,0.0001897739504843,historical,raw/1b-baseline_historical_metrics.csv,3.0319010416666665
20540,10.769399808,3.33203125,0.0001896663078579,historical,raw/1b-baseline_historical_metrics.csv,3.033389136904762
20550,10.774642688,3.23046875,0.0001895586652314,historical,raw/1b-baseline_historical_metrics.csv,3.0281808035714284
20560,10.779885568,3.30078125,0.0001894510226049,historical,raw/1b-baseline_historical_metrics.csv,3.033017113095238
20570,10.785128448,1.9609375,0.0001893433799784,historical,raw/1b-baseline_historical_metrics.csv,2.9755394345238093
20580,10.790371328,3.38671875,0.0001892357373519,historical,raw/1b-baseline_historical_metrics.csv,2.9790736607142856
20590,10.795614208,3.2109375,0.0001891280947255,historical,raw/1b-baseline_historical_metrics.csv,2.972935267857143
20600,10.800857088,3.26171875,0.000189020452099,historical,raw/1b-baseline_historical_metrics.csv,2.972377232142857
20610,10.806099968,2.65234375,0.0001889128094725,historical,raw/1b-baseline_historical_metrics.csv,2.9441034226190474
20620,10.811342848,3.265625,0.000188805166846,historical,raw/1b-baseline_historical_metrics.csv,2.9465215773809526
20630,10.816585728,1.80078125,0.0001886975242195,historical,raw/1b-baseline_historical_metrics.csv,2.9461495535714284
20640,10.821828608,3.1796875,0.0001885898815931,historical,raw/1b-baseline_historical_metrics.csv,2.951171875
20650,10.827071488,3.2109375,0.0001884822389666,historical,raw/1b-baseline_historical_metrics.csv,2.9439174107142856
20660,10.832314368,2.5390625,0.0001883745963401,historical,raw/1b-baseline_historical_metrics.csv,2.9069010416666665
20670,10.837557248,3.1953125,0.0001882669537136,historical,raw/1b-baseline_historical_metrics.csv,2.97265625
20680,10.842800128,3.3359375,0.0001881593110871,historical,raw/1b-baseline_historical_metrics.csv,2.9776785714285716
20690,10.848043008,3.234375,0.0001880516684607,historical,raw/1b-baseline_historical_metrics.csv,2.974888392857143
20700,10.853285888,2.47265625,0.0001879440258342,historical,raw/1b-baseline_historical_metrics.csv,2.941220238095238
20710,10.858528768,3.3359375,0.0001878363832077,historical,raw/1b-baseline_historical_metrics.csv,2.9423363095238093
20720,10.863771648,3.1875,0.0001877287405812,historical,raw/1b-baseline_historical_metrics.csv,3.006138392857143
20730,10.869014528,3.2265625,0.0001876210979547,historical,raw/1b-baseline_historical_metrics.csv,3.023623511904762
20740,10.874257408,2.73828125,0.0001875134553283,historical,raw/1b-baseline_historical_metrics.csv,3.0027901785714284
20750,10.879500288,3.3125,0.0001874058127018,historical,raw/1b-baseline_historical_metrics.csv,3.001860119047619
20760,10.884743168,3.30078125,0.0001872981700753,historical,raw/1b-baseline_historical_metrics.csv,3.0052083333333335
20770,10.889986048,3.15234375,0.0001871905274488,historical,raw/1b-baseline_historical_metrics.csv,2.998139880952381
20780,10.895228928,3.26171875,0.0001870828848223,historical,raw/1b-baseline_historical_metrics.csv,3.0600818452380953
20790,10.900471808,3.28125,0.0001869752421959,historical,raw/1b-baseline_historical_metrics.csv,3.0550595238095237
20800,10.905714688,3.1328125,0.0001868675995694,historical,raw/1b-baseline_historical_metrics.csv,3.0513392857142856
20810,10.910957568,2.3984375,0.0001867599569429,historical,raw/1b-baseline_historical_metrics.csv,3.0102306547619047
20820,10.916200448,3.20703125,0.0001866523143164,historical,raw/1b-baseline_historical_metrics.csv,3.0366443452380953
20830,10.921443328,1.779296875,0.0001865446716899,historical,raw/1b-baseline_historical_metrics.csv,2.9658668154761907
20840,10.926686208,3.203125,0.0001864370290635,historical,raw/1b-baseline_historical_metrics.csv,3.0326450892857144
20850,10.931929088,2.734375,0.000186329386437,historical,raw/1b-baseline_historical_metrics.csv,3.011439732142857
20860,10.937171968,3.23046875,0.0001862217438105,historical,raw/1b-baseline_historical_metrics.csv,3.0123697916666665
20870,10.942414848,3.24609375,0.000186114101184,historical,raw/1b-baseline_historical_metrics.csv,3.0460379464285716
20880,10.947657728,3.3359375,0.0001860064585575,historical,raw/1b-baseline_historical_metrics.csv,3.052734375
20890,10.952900608,3.4140625,0.0001858988159311,historical,raw/1b-baseline_historical_metrics.csv,3.056454613095238
20900,10.958143488,2.66015625,0.0001857911733046,historical,raw/1b-baseline_historical_metrics.csv,3.029110863095238
20910,10.963386368,2.59765625,0.0001856835306781,historical,raw/1b-baseline_historical_metrics.csv,3.035063244047619
20920,10.968629248,3.2421875,0.0001855758880516,historical,raw/1b-baseline_historical_metrics.csv,3.0305989583333335
20930,10.973872128,3.171875,0.0001854682454251,historical,raw/1b-baseline_historical_metrics.csv,3.0298549107142856
20940,10.979115008,2.66015625,0.0001853606027987,historical,raw/1b-baseline_historical_metrics.csv,3.0028831845238093
20950,10.984357888,1.72265625,0.0001852529601722,historical,raw/1b-baseline_historical_metrics.csv,2.9545200892857144
20960,10.989600768,2.71875,0.0001851453175457,historical,raw/1b-baseline_historical_metrics.csv,2.9262462797619047
20970,10.994843648,3.20703125,0.0001850376749192,historical,raw/1b-baseline_historical_metrics.csv,2.921781994047619
20980,11.000086528,2.78515625,0.0001849300322927,historical,raw/1b-baseline_historical_metrics.csv,2.904296875
20990,11.005329408,3.2109375,0.0001848223896663,historical,raw/1b-baseline_historical_metrics.csv,2.9018787202380953
21000,11.010572288,3.1953125,0.0001847147470398,historical,raw/1b-baseline_historical_metrics.csv,2.8977864583333335
21010,11.015815168,3.26171875,0.0001846071044133,historical,raw/1b-baseline_historical_metrics.csv,2.9039248511904763
21020,11.021058048,3.23046875,0.0001844994617868,historical,raw/1b-baseline_historical_metrics.csv,2.943545386904762
21030,11.026300928,2.57421875,0.0001843918191603,historical,raw/1b-baseline_historical_metrics.csv,2.9134114583333335
21040,11.031543808,3.2421875,0.0001842841765339,historical,raw/1b-baseline_historical_metrics.csv,2.9830729166666665
21050,11.036786688,3.23828125,0.0001841765339074,historical,raw/1b-baseline_historical_metrics.csv,2.9847470238095237
21060,11.042029568,3.28515625,0.0001840688912809,historical,raw/1b-baseline_historical_metrics.csv,3.0109747023809526
21070,11.047272448,3.1171875,0.0001839612486544,historical,raw/1b-baseline_historical_metrics.csv,3.005580357142857
21080,11.052515328,3.140625,0.0001838536060279,historical,raw/1b-baseline_historical_metrics.csv,3.0005580357142856
21090,11.057758208,0.95703125,0.0001837459634015,historical,raw/1b-baseline_historical_metrics.csv,2.8872767857142856
21100,11.063001088,3.2265625,0.000183638320775,historical,raw/1b-baseline_historical_metrics.csv,2.8783482142857144
21110,11.068243968,3.1953125,0.0001835306781485,historical,raw/1b-baseline_historical_metrics.csv,2.9038318452380953
21120,11.073486848,3.2265625,0.000183423035522,historical,raw/1b-baseline_historical_metrics.csv,2.933779761904762
21130,11.078729728,3.16015625,0.0001833153928955,historical,raw/1b-baseline_historical_metrics.csv,2.929873511904762
21140,11.083972608,3.37109375,0.0001832077502691,historical,raw/1b-baseline_historical_metrics.csv,2.939360119047619
21150,11.089215488,1.892578125,0.0001831001076426,historical,raw/1b-baseline_historical_metrics.csv,2.9028087797619047
21160,11.094458368,2.12890625,0.0001829924650161,historical,raw/1b-baseline_historical_metrics.csv,2.922154017857143
21170,11.099701248,3.265625,0.0001828848223896,historical,raw/1b-baseline_historical_metrics.csv,2.9481956845238093
21180,11.104944128,2.6328125,0.0001827771797631,historical,raw/1b-baseline_historical_metrics.csv,2.9208519345238093
21190,11.110187008,3.17578125,0.0001826695371367,historical,raw/1b-baseline_historical_metrics.csv,2.939453125
21200,11.115429888,3.26953125,0.0001825618945102,historical,raw/1b-baseline_historical_metrics.csv,2.9422433035714284
21210,11.120672768,3.328125,0.0001824542518837,historical,raw/1b-baseline_historical_metrics.csv,2.9485677083333335
21220,11.125915648,2.63671875,0.0001823466092572,historical,raw/1b-baseline_historical_metrics.csv,2.9188058035714284
21230,11.131158528,3.3046875,0.0001822389666307,historical,raw/1b-baseline_historical_metrics.csv,2.9223400297619047
21240,11.136401408,3.09765625,0.0001821313240043,historical,raw/1b-baseline_historical_metrics.csv,2.947265625
21250,11.141644288,1.537109375,0.0001820236813778,historical,raw/1b-baseline_historical_metrics.csv,2.8660714285714284
21260,11.146887168,3.26171875,0.0001819160387513,historical,raw/1b-baseline_historical_metrics.csv,2.8671875
21270,11.152130048,3.2890625,0.0001818083961248,historical,raw/1b-baseline_historical_metrics.csv,2.867373511904762
21280,11.157372928,2.703125,0.0001817007534983,historical,raw/1b-baseline_historical_metrics.csv,2.84765625
21290,11.162615808,3.2265625,0.0001815931108719,historical,raw/1b-baseline_historical_metrics.csv,2.851748511904762
21300,11.167858688,3.15234375,0.0001814854682454,historical,raw/1b-baseline_historical_metrics.csv,2.9562872023809526
21310,11.173101568,3.19140625,0.0001813778256189,historical,raw/1b-baseline_historical_metrics.csv,2.9546130952380953
21320,11.178344448,2.71875,0.0001812701829924,historical,raw/1b-baseline_historical_metrics.csv,2.931919642857143
21330,11.183587328,3.390625,0.0001811625403659,historical,raw/1b-baseline_historical_metrics.csv,2.939732142857143
21340,11.188830208,1.435546875,0.0001810548977395,historical,raw/1b-baseline_historical_metrics.csv,2.857607886904762
21350,11.194073088,2.5859375,0.000180947255113,historical,raw/1b-baseline_historical_metrics.csv,2.820219494047619
21360,11.199315968,3.26953125,0.0001808396124865,historical,raw/1b-baseline_historical_metrics.csv,2.8857886904761907
21370,11.204558848,3.3515625,0.00018073196986,historical,raw/1b-baseline_historical_metrics.csv,2.9440104166666665
21380,11.209801728,3.16015625,0.0001806243272335,historical,raw/1b-baseline_historical_metrics.csv,2.9389880952380953
21390,11.215044608,3.2734375,0.0001805166846071,historical,raw/1b-baseline_historical_metrics.csv,2.9694940476190474
21400,11.220287488,3.15234375,0.0001804090419806,historical,raw/1b-baseline_historical_metrics.csv,2.9683779761904763
21410,11.225530368,3.23828125,0.0001803013993541,historical,raw/1b-baseline_historical_metrics.csv,2.966889880952381
21420,11.230773248,3.28125,0.0001801937567276,historical,raw/1b-baseline_historical_metrics.csv,2.964657738095238
21430,11.236016128,3.375,0.0001800861141011,historical,raw/1b-baseline_historical_metrics.csv,2.999813988095238
21440,11.241259008,3.16796875,0.0001799784714747,historical,raw/1b-baseline_historical_metrics.csv,2.9933035714285716
21450,11.246501888,2.796875,0.0001798708288482,historical,raw/1b-baseline_historical_metrics.csv,2.9789806547619047
21460,11.251744768,3.2890625,0.0001797631862217,historical,raw/1b-baseline_historical_metrics.csv,3.062406994047619
21470,11.256987648,3.26171875,0.0001796555435952,historical,raw/1b-baseline_historical_metrics.csv,3.062406994047619
21480,11.262230528,3.2578125,0.0001795479009687,historical,raw/1b-baseline_historical_metrics.csv,3.0609188988095237
21490,11.267473408,3.203125,0.0001794402583423,historical,raw/1b-baseline_historical_metrics.csv,3.0847284226190474
21500,11.272716288,3.2109375,0.0001793326157158,historical,raw/1b-baseline_historical_metrics.csv,3.083984375
21510,11.277959168,3.171875,0.0001792249730893,historical,raw/1b-baseline_historical_metrics.csv,3.0849144345238093
21520,11.283202048,2.03125,0.0001791173304628,historical,raw/1b-baseline_historical_metrics.csv,3.0296688988095237
21530,11.288444928,3.19921875,0.0001790096878363,historical,raw/1b-baseline_historical_metrics.csv,3.052548363095238
21540,11.293687808,3.234375,0.0001789020452099,historical,raw/1b-baseline_historical_metrics.csv,3.045107886904762
21550,11.298930688,2.609375,0.0001787944025834,historical,raw/1b-baseline_historical_metrics.csv,3.1010044642857144
21560,11.304173568,2.7109375,0.0001786867599569,historical,raw/1b-baseline_historical_metrics.csv,3.1069568452380953
21570,11.309416448,2.87109375,0.0001785791173304,historical,raw/1b-baseline_historical_metrics.csv,3.087983630952381
21580,11.314659328,2.5234375,0.0001784714747039,historical,raw/1b-baseline_historical_metrics.csv,3.048549107142857
21590,11.319902208,3.328125,0.0001783638320775,historical,raw/1b-baseline_historical_metrics.csv,3.056547619047619
21600,11.325145088,3.12890625,0.000178256189451,historical,raw/1b-baseline_historical_metrics.csv,3.0496651785714284
21610,11.330387968,3.23046875,0.0001781485468245,historical,raw/1b-baseline_historical_metrics.csv,3.0533854166666665
21620,11.335630848,3.2578125,0.000178040904198,historical,raw/1b-baseline_historical_metrics.csv,3.0543154761904763
21630,11.340873728,1.984375,0.0001779332615715,historical,raw/1b-baseline_historical_metrics.csv,2.9925595238095237
21640,11.346116608,2.6328125,0.0001778256189451,historical,raw/1b-baseline_historical_metrics.csv,2.957217261904762
21650,11.351359488,3.2890625,0.0001777179763186,historical,raw/1b-baseline_historical_metrics.csv,2.962983630952381
21660,11.356602368,3.23046875,0.0001776103336921,historical,raw/1b-baseline_historical_metrics.csv,2.9836309523809526
21670,11.361845248,1.609375,0.0001775026910656,historical,raw/1b-baseline_historical_metrics.csv,2.9036458333333335
21680,11.367088128,3.28515625,0.0001773950484391,historical,raw/1b-baseline_historical_metrics.csv,2.9047619047619047
21690,11.372331008,3.19921875,0.0001772874058127,historical,raw/1b-baseline_historical_metrics.csv,2.9019717261904763
21700,11.377573888,3.2265625,0.0001771797631862,historical,raw/1b-baseline_historical_metrics.csv,2.9030877976190474
21710,11.382816768,3.1953125,0.0001770721205597,historical,raw/1b-baseline_historical_metrics.csv,2.90234375
21720,11.388059648,3.21875,0.0001769644779332,historical,raw/1b-baseline_historical_metrics.csv,2.904575892857143
21730,11.393302528,3.2578125,0.0001768568353067,historical,raw/1b-baseline_historical_metrics.csv,2.962983630952381
21740,11.398545408,3.203125,0.0001767491926803,historical,raw/1b-baseline_historical_metrics.csv,2.963169642857143
21750,11.403788288,3.25390625,0.0001766415500538,historical,raw/1b-baseline_historical_metrics.csv,2.9640997023809526
21760,11.409031168,3.32421875,0.0001765339074273,historical,raw/1b-baseline_historical_metrics.csv,2.998139880952381
21770,11.414274048,3.19140625,0.0001764262648008,historical,raw/1b-baseline_historical_metrics.csv,3.0210193452380953
21780,11.419516928,3.125,0.0001763186221743,historical,raw/1b-baseline_historical_metrics.csv,3.033110119047619
21790,11.424759808,2.62109375,0.0001762109795479,historical,raw/1b-baseline_historical_metrics.csv,3.0377604166666665
21800,11.430002688,3.33984375,0.0001761033369214,historical,raw/1b-baseline_historical_metrics.csv,3.0383184523809526
21810,11.435245568,3.109375,0.0001759956942949,historical,raw/1b-baseline_historical_metrics.csv,3.037388392857143
21820,11.440488448,2.59765625,0.0001758880516684,historical,raw/1b-baseline_historical_metrics.csv,3.0072544642857144
21830,11.445731328,3.3046875,0.0001757804090419,historical,raw/1b-baseline_historical_metrics.csv,3.009486607142857
21840,11.450974208,1.869140625,0.0001756727664155,historical,raw/1b-baseline_historical_metrics.csv,3.003999255952381
21850,11.456217088,1.7890625,0.000175565123789,historical,raw/1b-baseline_historical_metrics.csv,2.9638206845238093
21860,11.461459968,3.22265625,0.0001754574811625,historical,raw/1b-baseline_historical_metrics.csv,2.960658482142857
21870,11.466702848,1.736328125,0.000175349838536,historical,raw/1b-baseline_historical_metrics.csv,2.8895089285714284
21880,11.471945728,3.265625,0.0001752421959095,historical,raw/1b-baseline_historical_metrics.csv,2.9683779761904763
21890,11.477188608,3.23828125,0.0001751345532831,historical,raw/1b-baseline_historical_metrics.csv,2.9661458333333335
21900,11.482431488,3.31640625,0.0001750269106566,historical,raw/1b-baseline_historical_metrics.csv,2.9717261904761907
21910,11.487674368,3.296875,0.0001749192680301,historical,raw/1b-baseline_historical_metrics.csv,2.9750744047619047
21920,11.492917248,3.23828125,0.0001748116254036,historical,raw/1b-baseline_historical_metrics.csv,2.9771205357142856
21930,11.498160128,2.546875,0.0001747039827771,historical,raw/1b-baseline_historical_metrics.csv,2.945126488095238
21940,11.503403008,1.783203125,0.0001745963401506,historical,raw/1b-baseline_historical_metrics.csv,2.874906994047619
21950,11.508645888,3.1640625,0.0001744886975242,historical,raw/1b-baseline_historical_metrics.csv,2.873046875
21960,11.513888768,1.984375,0.0001743810548977,historical,raw/1b-baseline_historical_metrics.csv,2.812593005952381
21970,11.519131648,1.76171875,0.0001742734122712,historical,raw/1b-baseline_historical_metrics.csv,2.738188244047619
21980,11.524374528,3.22265625,0.0001741657696447,historical,raw/1b-baseline_historical_metrics.csv,2.7396763392857144
21990,11.529617408,3.078125,0.0001740581270182,historical,raw/1b-baseline_historical_metrics.csv,2.7374441964285716
22000,11.534860288,2.765625,0.0001739504843918,historical,raw/1b-baseline_historical_metrics.csv,2.744326636904762
22010,11.540103168,2.83984375,0.0001738428417653,historical,raw/1b-baseline_historical_metrics.csv,2.720517113095238
22020,11.545346048,3.18359375,0.0001737351991388,historical,raw/1b-baseline_historical_metrics.csv,2.7240513392857144
22030,11.550588928,3.1953125,0.0001736275565123,historical,raw/1b-baseline_historical_metrics.csv,2.7525111607142856
22040,11.555831808,3.2265625,0.0001735199138858,historical,raw/1b-baseline_historical_metrics.csv,2.7487909226190474
22050,11.561074688,1.876953125,0.0001734122712594,historical,raw/1b-baseline_historical_metrics.csv,2.7491629464285716
22060,11.566317568,3.12109375,0.0001733046286329,historical,raw/1b-baseline_historical_metrics.csv,2.812593005952381
22070,11.571560448,1.962890625,0.0001731969860064,historical,raw/1b-baseline_historical_metrics.csv,2.7526041666666665
22080,11.576803328,3.33203125,0.0001730893433799,historical,raw/1b-baseline_historical_metrics.csv,2.8285900297619047
22090,11.582046208,2.79296875,0.0001729817007534,historical,raw/1b-baseline_historical_metrics.csv,2.8060825892857144
22100,11.587289088,2.77734375,0.000172874058127,historical,raw/1b-baseline_historical_metrics.csv,2.7841331845238093
22110,11.592531968,2.8984375,0.0001727664155005,historical,raw/1b-baseline_historical_metrics.csv,2.7642299107142856
22120,11.597774848,3.2421875,0.000172658772874,historical,raw/1b-baseline_historical_metrics.csv,2.761625744047619
22130,11.603017728,3.3203125,0.0001725511302475,historical,raw/1b-baseline_historical_metrics.csv,2.765531994047619
22140,11.608260608,3.22265625,0.000172443487621,historical,raw/1b-baseline_historical_metrics.csv,2.7977120535714284
22150,11.613503488,1.916015625,0.0001723358449946,historical,raw/1b-baseline_historical_metrics.csv,2.8040364583333335
22160,11.618746368,3.1953125,0.0001722282023681,historical,raw/1b-baseline_historical_metrics.csv,2.8055245535714284
22170,11.623989248,1.974609375,0.0001721205597416,historical,raw/1b-baseline_historical_metrics.csv,2.8050595238095237
22180,11.629232128,3.25390625,0.0001720129171151,historical,raw/1b-baseline_historical_metrics.csv,2.8761160714285716
22190,11.634475008,3.23046875,0.0001719052744886,historical,raw/1b-baseline_historical_metrics.csv,2.8764880952380953
22200,11.639717888,3.125,0.0001717976318622,historical,raw/1b-baseline_historical_metrics.csv,2.878720238095238
22210,11.644960768,3.00390625,0.0001716899892357,historical,raw/1b-baseline_historical_metrics.csv,2.8900669642857144
22220,11.650203648,3.21875,0.0001715823466092,historical,raw/1b-baseline_historical_metrics.csv,2.908110119047619
22230,11.655446528,3.16015625,0.0001714747039827,historical,raw/1b-baseline_historical_metrics.csv,2.9069940476190474
22240,11.660689408,3.1875,0.0001713670613562,historical,raw/1b-baseline_historical_metrics.csv,2.9066220238095237
22250,11.665932288,2.86328125,0.0001712594187298,historical,raw/1b-baseline_historical_metrics.csv,2.8893229166666665
22260,11.671175168,3.140625,0.0001711517761033,historical,raw/1b-baseline_historical_metrics.csv,2.949497767857143
22270,11.676418048,2.32421875,0.0001710441334768,historical,raw/1b-baseline_historical_metrics.csv,2.9115513392857144
22280,11.681660928,3.15234375,0.0001709364908503,historical,raw/1b-baseline_historical_metrics.csv,2.9681919642857144
22290,11.686903808,3.3359375,0.0001708288482238,historical,raw/1b-baseline_historical_metrics.csv,2.9683779761904763
22300,11.692146688,3.15625,0.0001707212055974,historical,raw/1b-baseline_historical_metrics.csv,2.9856770833333335
22310,11.697389568,3.2265625,0.0001706135629709,historical,raw/1b-baseline_historical_metrics.csv,3.0070684523809526
22320,11.702632448,3.1484375,0.0001705059203444,historical,raw/1b-baseline_historical_metrics.csv,3.0189732142857144
22330,11.707875328,3.296875,0.0001703982777179,historical,raw/1b-baseline_historical_metrics.csv,3.021577380952381
22340,11.713118208,3.33984375,0.0001702906350914,historical,raw/1b-baseline_historical_metrics.csv,3.0225074404761907
22350,11.718361088,3.19140625,0.000170182992465,historical,raw/1b-baseline_historical_metrics.csv,3.0210193452380953
22360,11.723603968,3.1640625,0.0001700753498385,historical,raw/1b-baseline_historical_metrics.csv,3.0804501488095237
22370,11.728846848,2.1328125,0.000169967707212,historical,raw/1b-baseline_historical_metrics.csv,3.0298549107142856
22380,11.734089728,1.888671875,0.0001698600645855,historical,raw/1b-baseline_historical_metrics.csv,3.0257626488095237
22390,11.739332608,3.24609375,0.000169752421959,historical,raw/1b-baseline_historical_metrics.csv,3.025390625
22400,11.744575488,3.21484375,0.0001696447793326,historical,raw/1b-baseline_historical_metrics.csv,3.0246465773809526
22410,11.749818368,3.2265625,0.0001695371367061,historical,raw/1b-baseline_historical_metrics.csv,3.029482886904762
22420,11.755061248,3.35546875,0.0001694294940796,historical,raw/1b-baseline_historical_metrics.csv,3.0462239583333335
22430,11.760304128,3.23828125,0.0001693218514531,historical,raw/1b-baseline_historical_metrics.csv,3.047154017857143
22440,11.765547008,3.203125,0.0001692142088266,historical,raw/1b-baseline_historical_metrics.csv,3.0492001488095237
22450,11.770789888,3.20703125,0.0001691065662002,historical,raw/1b-baseline_historical_metrics.csv,3.0501302083333335
22460,11.776032768,2.46484375,0.0001689989235737,historical,raw/1b-baseline_historical_metrics.csv,3.031156994047619
22470,11.781275648,3.26171875,0.0001688912809472,historical,raw/1b-baseline_historical_metrics.csv,3.036923363095238
22480,11.786518528,2.78515625,0.0001687836383207,historical,raw/1b-baseline_historical_metrics.csv,3.058872767857143
22490,11.791761408,3.1875,0.0001686759956942,historical,raw/1b-baseline_historical_metrics.csv,3.060546875
22500,11.797004288,3.1875,0.0001685683530678,historical,raw/1b-baseline_historical_metrics.csv,3.0534784226190474
22510,11.802247168,3.3046875,0.0001684607104413,historical,raw/1b-baseline_historical_metrics.csv,3.060546875
22520,11.807490048,3.2109375,0.0001683530678148,historical,raw/1b-baseline_historical_metrics.csv,3.0598028273809526
22530,11.812732928,3.21484375,0.0001682454251883,historical,raw/1b-baseline_historical_metrics.csv,3.0629650297619047
22540,11.817975808,3.2265625,0.0001681377825618,historical,raw/1b-baseline_historical_metrics.csv,3.0596168154761907
22550,11.823218688,2.58203125,0.0001680301399354,historical,raw/1b-baseline_historical_metrics.csv,3.023530505952381
22560,11.828461568,2.58203125,0.0001679224973089,historical,raw/1b-baseline_historical_metrics.csv,2.9945126488095237
22570,11.833704448,3.18359375,0.0001678148546824,historical,raw/1b-baseline_historical_metrics.csv,2.9954427083333335
22580,11.838947328,3.2109375,0.0001677072120559,historical,raw/1b-baseline_historical_metrics.csv,3.046781994047619
22590,11.844190208,3.3671875,0.0001675995694294,historical,raw/1b-baseline_historical_metrics.csv,3.1171875
22600,11.849433088,3.30078125,0.000167491926803,historical,raw/1b-baseline_historical_metrics.csv,3.1197916666666665
22610,11.854675968,2.61328125,0.0001673842841765,historical,raw/1b-baseline_historical_metrics.csv,3.0911458333333335
22620,11.859918848,1.69140625,0.00016727664155,historical,raw/1b-baseline_historical_metrics.csv,3.0180431547619047
22630,11.865161728,3.296875,0.0001671689989235,historical,raw/1b-baseline_historical_metrics.csv,3.0152529761904763
22640,11.870404608,3.18359375,0.000167061356297,historical,raw/1b-baseline_historical_metrics.csv,3.0126488095238093
22650,11.875647488,3.26953125,0.0001669537136706,historical,raw/1b-baseline_historical_metrics.csv,3.015811011904762
22660,11.880890368,3.2265625,0.0001668460710441,historical,raw/1b-baseline_historical_metrics.csv,3.0167410714285716
22670,11.886133248,1.755859375,0.0001667384284176,historical,raw/1b-baseline_historical_metrics.csv,2.9829799107142856
22680,11.891376128,3.19921875,0.0001666307857911,historical,raw/1b-baseline_historical_metrics.csv,2.9800037202380953
22690,11.896619008,2.71875,0.0001665231431646,historical,raw/1b-baseline_historical_metrics.csv,2.976841517857143
22700,11.901861888,3.29296875,0.0001664155005382,historical,raw/1b-baseline_historical_metrics.csv,2.9818638392857144
22710,11.907104768,3.15234375,0.0001663078579117,historical,raw/1b-baseline_historical_metrics.csv,2.980189732142857
22720,11.912347648,3.1953125,0.0001662002152852,historical,raw/1b-baseline_historical_metrics.csv,2.9749813988095237
22730,11.917590528,3.1875,0.0001660925726587,historical,raw/1b-baseline_historical_metrics.csv,2.9738653273809526
22740,11.922833408,1.85546875,0.0001659849300322,historical,raw/1b-baseline_historical_metrics.csv,2.9091331845238093
22750,11.928076288,3.2890625,0.0001658772874058,historical,raw/1b-baseline_historical_metrics.csv,2.912109375
22760,11.933319168,2.578125,0.0001657696447793,historical,raw/1b-baseline_historical_metrics.csv,2.911923363095238
22770,11.938562048,3.2734375,0.0001656620021528,historical,raw/1b-baseline_historical_metrics.csv,2.9448474702380953
22780,11.943804928,3.24609375,0.0001655543595263,historical,raw/1b-baseline_historical_metrics.csv,2.9478236607142856
22790,11.949047808,3.12890625,0.0001654467168998,historical,raw/1b-baseline_historical_metrics.csv,2.9439174107142856
22800,11.954290688,2.5234375,0.0001653390742734,historical,raw/1b-baseline_historical_metrics.csv,2.9037388392857144
22810,11.959533568,3.34375,0.0001652314316469,historical,raw/1b-baseline_historical_metrics.csv,2.9057849702380953
22820,11.964776448,3.17578125,0.0001651237890204,historical,raw/1b-baseline_historical_metrics.csv,2.9325706845238093
22830,11.970019328,1.970703125,0.0001650161463939,historical,raw/1b-baseline_historical_metrics.csv,2.9458705357142856
22840,11.975262208,2.828125,0.0001649085037674,historical,raw/1b-baseline_historical_metrics.csv,2.923549107142857
22850,11.980505088,1.744140625,0.000164800861141,historical,raw/1b-baseline_historical_metrics.csv,2.8550037202380953
22860,11.985747968,3.23046875,0.0001646932185145,historical,raw/1b-baseline_historical_metrics.csv,2.8531436011904763
22870,11.990990848,3.3125,0.000164585575888,historical,raw/1b-baseline_historical_metrics.csv,2.857235863095238
22880,11.996233728,3.1953125,0.0001644779332615,historical,raw/1b-baseline_historical_metrics.csv,2.92578125
22890,12.001476608,3.33984375,0.000164370290635,historical,raw/1b-baseline_historical_metrics.csv,2.9324776785714284
22900,12.006719488,3.125,0.0001642626480086,historical,raw/1b-baseline_historical_metrics.csv,2.9518229166666665
22910,12.011962368,1.892578125,0.0001641550053821,historical,raw/1b-baseline_historical_metrics.csv,2.8851376488095237
22920,12.017205248,3.3046875,0.0001640473627556,historical,raw/1b-baseline_historical_metrics.csv,2.892392113095238
22930,12.022448128,2.83984375,0.0001639397201291,historical,raw/1b-baseline_historical_metrics.csv,2.8754650297619047
22940,12.027691008,3.22265625,0.0001638320775026,historical,raw/1b-baseline_historical_metrics.csv,2.877139136904762
22950,12.032933888,2.66015625,0.0001637244348762,historical,raw/1b-baseline_historical_metrics.csv,2.9154575892857144
22960,12.038176768,3.1640625,0.0001636167922497,historical,raw/1b-baseline_historical_metrics.csv,2.9095052083333335
22970,12.043419648,3.390625,0.0001635091496232,historical,raw/1b-baseline_historical_metrics.csv,2.9481956845238093
22980,12.048662528,3.2578125,0.0001634015069967,historical,raw/1b-baseline_historical_metrics.csv,2.947451636904762
22990,12.053905408,3.1796875,0.0001632938643702,historical,raw/1b-baseline_historical_metrics.csv,2.9442894345238093
23000,12.059148288,3.29296875,0.0001631862217438,historical,raw/1b-baseline_historical_metrics.csv,2.9521019345238093
23010,12.064391168,1.5703125,0.0001630785791173,historical,raw/1b-baseline_historical_metrics.csv,2.9067150297619047
23020,12.069634048,1.98828125,0.0001629709364908,historical,raw/1b-baseline_historical_metrics.csv,2.8421688988095237
23030,12.074876928,2.103515625,0.0001628632938643,historical,raw/1b-baseline_historical_metrics.csv,2.791108630952381
23040,12.080119808,3.26171875,0.0001627556512378,historical,raw/1b-baseline_historical_metrics.csv,2.8525855654761907
23050,12.085362688,2.6171875,0.0001626480086114,historical,raw/1b-baseline_historical_metrics.csv,2.8425409226190474
23060,12.090605568,3.22265625,0.0001625403659849,historical,raw/1b-baseline_historical_metrics.csv,2.9129464285714284
23070,12.095848448,3.21875,0.0001624327233584,historical,raw/1b-baseline_historical_metrics.csv,2.912388392857143
23080,12.101091328,3.3046875,0.0001623250807319,historical,raw/1b-baseline_historical_metrics.csv,2.912016369047619
23090,12.106334208,3.16015625,0.0001622174381054,historical,raw/1b-baseline_historical_metrics.csv,2.910342261904762
23100,12.111577088,2.40234375,0.000162109795479,historical,raw/1b-baseline_historical_metrics.csv,2.8656994047619047
23110,12.116819968,3.20703125,0.0001620021528525,historical,raw/1b-baseline_historical_metrics.csv,2.8696056547619047
23120,12.122062848,2.765625,0.000161894510226,historical,raw/1b-baseline_historical_metrics.csv,2.9111793154761907
23130,12.127305728,3.13671875,0.0001617868675995,historical,raw/1b-baseline_historical_metrics.csv,2.9031808035714284
23140,12.132548608,1.865234375,0.000161679224973,historical,raw/1b-baseline_historical_metrics.csv,2.8567708333333335
23150,12.137791488,2.65625,0.0001615715823466,historical,raw/1b-baseline_historical_metrics.csv,2.829799107142857
23160,12.143034368,3.2109375,0.0001614639397201,historical,raw/1b-baseline_historical_metrics.csv,2.8560267857142856
23170,12.148277248,3.1640625,0.0001613562970936,historical,raw/1b-baseline_historical_metrics.csv,2.8560267857142856
23180,12.153520128,3.19140625,0.0001612486544671,historical,raw/1b-baseline_historical_metrics.csv,2.8465401785714284
23190,12.158763008,1.697265625,0.0001611410118406,historical,raw/1b-baseline_historical_metrics.csv,2.7722284226190474
23200,12.164005888,3.11328125,0.0001610333692142,historical,raw/1b-baseline_historical_metrics.csv,2.7690662202380953
23210,12.169248768,3.1875,0.0001609257265877,historical,raw/1b-baseline_historical_metrics.csv,2.7640438988095237
23220,12.174491648,3.2734375,0.0001608180839612,historical,raw/1b-baseline_historical_metrics.csv,2.8451450892857144
23230,12.179734528,2.70703125,0.0001607104413347,historical,raw/1b-baseline_historical_metrics.csv,2.8793712797619047
23240,12.184977408,3.21484375,0.0001606027987082,historical,raw/1b-baseline_historical_metrics.csv,2.9322916666666665
23250,12.190220288,3.1796875,0.0001604951560818,historical,raw/1b-baseline_historical_metrics.csv,2.9283854166666665
23260,12.195463168,3.078125,0.0001603875134553,historical,raw/1b-baseline_historical_metrics.csv,2.9503348214285716
23270,12.200706048,2.4609375,0.0001602798708288,historical,raw/1b-baseline_historical_metrics.csv,2.9140625
23280,12.205948928,3.12890625,0.0001601722282023,historical,raw/1b-baseline_historical_metrics.csv,2.9097842261904763
23290,12.211191808,3.22265625,0.0001600645855758,historical,raw/1b-baseline_historical_metrics.csv,2.9058779761904763
23300,12.216434688,3.13671875,0.0001599569429494,historical,raw/1b-baseline_historical_metrics.csv,2.9047619047619047
23310,12.221677568,3.28125,0.0001598493003229,historical,raw/1b-baseline_historical_metrics.csv,2.9466145833333335
23320,12.226920448,3.23046875,0.0001597416576964,historical,raw/1b-baseline_historical_metrics.csv,2.9477306547619047
23330,12.232163328,3.1953125,0.0001596340150699,historical,raw/1b-baseline_historical_metrics.csv,2.9681919642857144
23340,12.237406208,3.37890625,0.0001595263724434,historical,raw/1b-baseline_historical_metrics.csv,2.9797247023809526
23350,12.242649088,3.203125,0.000159418729817,historical,raw/1b-baseline_historical_metrics.csv,3.0434337797619047
23360,12.247891968,3.23046875,0.0001593110871905,historical,raw/1b-baseline_historical_metrics.csv,3.0707775297619047
23370,12.253134848,3.15625,0.000159203444564,historical,raw/1b-baseline_historical_metrics.csv,3.068173363095238
23380,12.258377728,2.76953125,0.0001590958019375,historical,raw/1b-baseline_historical_metrics.csv,3.0493861607142856
23390,12.263620608,3.17578125,0.000158988159311,historical,raw/1b-baseline_historical_metrics.csv,3.048642113095238
23400,12.268863488,3.32421875,0.0001588805166846,historical,raw/1b-baseline_historical_metrics.csv,3.1261160714285716
23410,12.274106368,3.15234375,0.0001587728740581,historical,raw/1b-baseline_historical_metrics.csv,3.1279761904761907
23420,12.279349248,2.6875,0.0001586652314316,historical,raw/1b-baseline_historical_metrics.csv,3.1041666666666665
23430,12.284592128,3.19140625,0.0001585575888051,historical,raw/1b-baseline_historical_metrics.csv,3.1002604166666665
23440,12.289835008,3.15625,0.0001584499461786,historical,raw/1b-baseline_historical_metrics.csv,3.1216517857142856
23450,12.295077888,3.18359375,0.0001583423035522,historical,raw/1b-baseline_historical_metrics.csv,3.1201636904761907
23460,12.300320768,2.58203125,0.0001582346609257,historical,raw/1b-baseline_historical_metrics.csv,3.091703869047619
23470,12.305563648,1.87890625,0.0001581270182992,historical,raw/1b-baseline_historical_metrics.csv,3.0345982142857144
23480,12.310806528,3.23046875,0.0001580193756727,historical,raw/1b-baseline_historical_metrics.csv,3.0712425595238093
23490,12.316049408,3.33203125,0.0001579117330462,historical,raw/1b-baseline_historical_metrics.csv,3.0809151785714284
23500,12.321292288,1.841796875,0.0001578040904198,historical,raw/1b-baseline_historical_metrics.csv,3.0151599702380953
23510,12.326535168,3.25,0.0001576964477933,historical,raw/1b-baseline_historical_metrics.csv,3.0205543154761907
23520,12.331778048,1.8671875,0.0001575888051668,historical,raw/1b-baseline_historical_metrics.csv,2.953218005952381
23530,12.337020928,3.21484375,0.0001574811625403,historical,raw/1b-baseline_historical_metrics.csv,2.9524739583333335
23540,12.342263808,2.5703125,0.0001573735199138,historical,raw/1b-baseline_historical_metrics.csv,2.9227120535714284
23550,12.347506688,3.234375,0.0001572658772874,historical,raw/1b-baseline_historical_metrics.csv,2.915829613095238
23560,12.352749568,3.14453125,0.0001571582346609,historical,raw/1b-baseline_historical_metrics.csv,2.9130394345238093
23570,12.357992448,3.140625,0.0001570505920344,historical,raw/1b-baseline_historical_metrics.csv,2.9087611607142856
23580,12.363235328,2.69921875,0.0001569429494079,historical,raw/1b-baseline_historical_metrics.csv,2.886997767857143
23590,12.368478208,2.5390625,0.0001568353067814,historical,raw/1b-baseline_historical_metrics.csv,2.8760230654761907
23600,12.373721088,3.171875,0.000156727664155,historical,raw/1b-baseline_historical_metrics.csv,2.8758370535714284
23610,12.378963968,3.18359375,0.0001566200215285,historical,raw/1b-baseline_historical_metrics.csv,2.869140625
23620,12.384206848,3.26171875,0.000156512378902,historical,raw/1b-baseline_historical_metrics.csv,2.8743489583333335
23630,12.389449728,2.6171875,0.0001564047362755,historical,raw/1b-baseline_historical_metrics.csv,2.871000744047619
23640,12.394692608,3.296875,0.000156297093649,historical,raw/1b-baseline_historical_metrics.csv,2.8760230654761907
23650,12.399935488,3.19140625,0.0001561894510226,historical,raw/1b-baseline_historical_metrics.csv,2.8776971726190474
23660,12.405178368,3.07421875,0.0001560818083961,historical,raw/1b-baseline_historical_metrics.csv,2.8724888392857144
23670,12.410421248,3.3515625,0.0001559741657696,historical,raw/1b-baseline_historical_metrics.csv,2.9091331845238093
23680,12.415664128,3.265625,0.0001558665231431,historical,raw/1b-baseline_historical_metrics.csv,2.9751674107142856
23690,12.420907008,3.22265625,0.0001557588805166,historical,raw/1b-baseline_historical_metrics.csv,2.974795386904762
23700,12.426149888,3.2578125,0.0001556512378902,historical,raw/1b-baseline_historical_metrics.csv,2.9712611607142856
23710,12.431392768,3.20703125,0.0001555435952637,historical,raw/1b-baseline_historical_metrics.csv,3.0362723214285716
23720,12.436635648,3.2421875,0.0001554359526372,historical,raw/1b-baseline_historical_metrics.csv,3.0359002976190474
23730,12.441878528,3.23046875,0.0001553283100107,historical,raw/1b-baseline_historical_metrics.csv,3.1008184523809526
23740,12.447121408,2.66796875,0.0001552206673842,historical,raw/1b-baseline_historical_metrics.csv,3.0747767857142856
23750,12.452364288,3.0625,0.0001551130247578,historical,raw/1b-baseline_historical_metrics.csv,3.0982142857142856
23760,12.457607168,3.08984375,0.0001550053821313,historical,raw/1b-baseline_historical_metrics.csv,3.0913318452380953
23770,12.462850048,3.1875,0.0001548977395048,historical,raw/1b-baseline_historical_metrics.csv,3.0933779761904763
23780,12.468092928,3.2734375,0.0001547900968783,historical,raw/1b-baseline_historical_metrics.csv,3.099702380952381
23790,12.473335808,3.2109375,0.0001546824542518,historical,raw/1b-baseline_historical_metrics.csv,3.1240699404761907
23800,12.478578688,1.59765625,0.0001545748116254,historical,raw/1b-baseline_historical_metrics.csv,3.0792410714285716
23810,12.483821568,3.1875,0.0001544671689989,historical,raw/1b-baseline_historical_metrics.csv,3.079985119047619
23820,12.489064448,3.32421875,0.0001543595263724,historical,raw/1b-baseline_historical_metrics.csv,3.0866815476190474
23830,12.494307328,3.21875,0.0001542518837459,historical,raw/1b-baseline_historical_metrics.csv,3.0846354166666665
23840,12.499550208,3.21484375,0.0001541442411194,historical,raw/1b-baseline_historical_metrics.csv,3.113095238095238
23850,12.504793088,3.2421875,0.000154036598493,historical,raw/1b-baseline_historical_metrics.csv,3.1104910714285716
23860,12.510035968,3.04296875,0.0001539289558665,historical,raw/1b-baseline_historical_metrics.csv,3.103422619047619
23870,12.515278848,1.6640625,0.00015382131324,historical,raw/1b-baseline_historical_metrics.csv,3.0362723214285716
23880,12.520521728,2.73828125,0.0001537136706135,historical,raw/1b-baseline_historical_metrics.csv,3.0070684523809526
23890,12.525764608,1.857421875,0.000153606027987,historical,raw/1b-baseline_historical_metrics.csv,2.9400111607142856
23900,12.531007488,3.5234375,0.0001534983853606,historical,raw/1b-baseline_historical_metrics.csv,2.9543340773809526
23910,12.536250368,3.125,0.0001533907427341,historical,raw/1b-baseline_historical_metrics.csv,2.9480096726190474
23920,12.541493248,3.27734375,0.0001532831001076,historical,raw/1b-baseline_historical_metrics.csv,2.951357886904762
23930,12.546736128,3.16015625,0.0001531754574811,historical,raw/1b-baseline_historical_metrics.csv,2.947451636904762
23940,12.551979008,1.837890625,0.0001530678148546,historical,raw/1b-baseline_historical_metrics.csv,2.881138392857143
23950,12.557221888,3.23828125,0.0001529601722282,historical,raw/1b-baseline_historical_metrics.csv,2.908296130952381
23960,12.562464768,1.658203125,0.0001528525296017,historical,raw/1b-baseline_historical_metrics.csv,2.8414248511904763
23970,12.567707648,1.6015625,0.0001527448869752,historical,raw/1b-baseline_historical_metrics.csv,2.7705543154761907
23980,12.572950528,2.001953125,0.0001526372443487,historical,raw/1b-baseline_historical_metrics.csv,2.7140997023809526
23990,12.578193408,3.4296875,0.0001525296017222,historical,raw/1b-baseline_historical_metrics.csv,2.7215401785714284
24000,12.583436288,2.03125,0.0001524219590958,historical,raw/1b-baseline_historical_metrics.csv,2.6653645833333335
24010,12.588679168,2.6796875,0.0001523143164693,historical,raw/1b-baseline_historical_metrics.csv,2.716889880952381
24020,12.593922048,2.58203125,0.0001522066738428,historical,raw/1b-baseline_historical_metrics.csv,2.6880580357142856
24030,12.599164928,2.041015625,0.0001520990312163,historical,raw/1b-baseline_historical_metrics.csv,2.626953125
24040,12.604407808,3.2890625,0.0001519913885898,historical,raw/1b-baseline_historical_metrics.csv,2.6303013392857144
24050,12.609650688,2.68359375,0.0001518837459634,historical,raw/1b-baseline_historical_metrics.csv,2.6050037202380953
24060,12.614893568,2.265625,0.0001517761033369,historical,raw/1b-baseline_historical_metrics.csv,2.558500744047619
24070,12.620136448,2.70703125,0.0001516684607104,historical,raw/1b-baseline_historical_metrics.csv,2.5425037202380953
24080,12.625379328,3.2578125,0.0001515608180839,historical,raw/1b-baseline_historical_metrics.csv,2.6183965773809526
24090,12.630622208,3.18359375,0.0001514531754574,historical,raw/1b-baseline_historical_metrics.csv,2.6396019345238093
24100,12.635865088,2.59765625,0.000151345532831,historical,raw/1b-baseline_historical_metrics.csv,2.6748511904761907
24110,12.641107968,3.171875,0.0001512378902045,historical,raw/1b-baseline_historical_metrics.csv,2.658110119047619
24120,12.646350848,2.453125,0.000151130247578,historical,raw/1b-baseline_historical_metrics.csv,2.6261160714285716
24130,12.651593728,3.171875,0.0001510226049515,historical,raw/1b-baseline_historical_metrics.csv,2.62109375
24140,12.656836608,3.17578125,0.000150914962325,historical,raw/1b-baseline_historical_metrics.csv,2.6218377976190474
24150,12.662079488,3.25390625,0.0001508073196986,historical,raw/1b-baseline_historical_metrics.csv,2.689267113095238
24160,12.667322368,3.234375,0.0001506996770721,historical,raw/1b-baseline_historical_metrics.csv,2.6890811011904763
24170,12.672565248,3.21484375,0.0001505920344456,historical,raw/1b-baseline_historical_metrics.csv,2.7632068452380953
24180,12.677808128,3.12109375,0.0001504843918191,historical,raw/1b-baseline_historical_metrics.csv,2.8355654761904763
24190,12.683051008,3.22265625,0.0001503767491926,historical,raw/1b-baseline_historical_metrics.csv,2.8936941964285716
24200,12.688293888,3.234375,0.0001502691065662,historical,raw/1b-baseline_historical_metrics.csv,2.8843936011904763
24210,12.693536768,1.88671875,0.0001501614639397,historical,raw/1b-baseline_historical_metrics.csv,2.8775111607142856
24220,12.698779648,3.25390625,0.0001500538213132,historical,raw/1b-baseline_historical_metrics.csv,2.9048549107142856
24230,12.704022528,3.1640625,0.0001499461786867,historical,raw/1b-baseline_historical_metrics.csv,2.9325706845238093
24240,12.709265408,3.15625,0.0001498385360602,historical,raw/1b-baseline_historical_metrics.csv,2.9856770833333335
24250,12.714508288,3.1796875,0.0001497308934337,historical,raw/1b-baseline_historical_metrics.csv,2.98046875
24260,12.719751168,2.7734375,0.0001496232508073,historical,raw/1b-baseline_historical_metrics.csv,2.9847470238095237
24270,12.724994048,3.28515625,0.0001495156081808,historical,raw/1b-baseline_historical_metrics.csv,3.033296130952381
24280,12.730236928,2.6484375,0.0001494079655543,historical,raw/1b-baseline_historical_metrics.csv,3.0305059523809526
24290,12.735479808,2.578125,0.0001493003229278,historical,raw/1b-baseline_historical_metrics.csv,2.998139880952381
24300,12.740722688,3.203125,0.0001491926803013,historical,raw/1b-baseline_historical_metrics.csv,2.9990699404761907
24310,12.745965568,3.25390625,0.0001490850376749,historical,raw/1b-baseline_historical_metrics.csv,3.0303199404761907
24320,12.751208448,2.91015625,0.0001489773950484,historical,raw/1b-baseline_historical_metrics.csv,3.017857142857143
24330,12.756451328,3.21484375,0.0001488697524219,historical,raw/1b-baseline_historical_metrics.csv,3.0541294642857144
24340,12.761694208,3.25,0.0001487621097954,historical,raw/1b-baseline_historical_metrics.csv,3.0578497023809526
24350,12.766937088,3.1171875,0.0001486544671689,historical,raw/1b-baseline_historical_metrics.csv,3.0550595238095237
24360,12.772179968,3.23828125,0.0001485468245425,historical,raw/1b-baseline_historical_metrics.csv,3.0543154761904763
24370,12.777422848,3.35546875,0.000148439181916,historical,raw/1b-baseline_historical_metrics.csv,3.0600818452380953
24380,12.782665728,3.24609375,0.0001483315392895,historical,raw/1b-baseline_historical_metrics.csv,3.0615699404761907
24390,12.787908608,3.1796875,0.000148223896663,historical,raw/1b-baseline_historical_metrics.csv,3.064360119047619
24400,12.793151488,3.171875,0.0001481162540365,historical,raw/1b-baseline_historical_metrics.csv,3.0619419642857144
24410,12.798394368,3.1328125,0.0001480086114101,historical,raw/1b-baseline_historical_metrics.csv,3.0571056547619047
24420,12.803637248,2.73828125,0.0001479009687836,historical,raw/1b-baseline_historical_metrics.csv,3.09765625
24430,12.808880128,1.658203125,0.0001477933261571,historical,raw/1b-baseline_historical_metrics.csv,3.021670386904762
24440,12.814123008,3.1796875,0.0001476856835306,historical,raw/1b-baseline_historical_metrics.csv,3.0224144345238093
24450,12.819365888,1.830078125,0.0001475780409041,historical,raw/1b-baseline_historical_metrics.csv,2.959263392857143
24460,12.824608768,3.19140625,0.0001474703982777,historical,raw/1b-baseline_historical_metrics.csv,2.9598214285714284
24470,12.829851648,3.1796875,0.0001473627556512,historical,raw/1b-baseline_historical_metrics.csv,2.9791666666666665
24480,12.835094528,3.27734375,0.0001472551130247,historical,raw/1b-baseline_historical_metrics.csv,2.978794642857143
24490,12.840337408,2.5390625,0.0001471474703982,historical,raw/1b-baseline_historical_metrics.csv,2.9735863095238093
24500,12.845580288,3.21484375,0.0001470398277717,historical,raw/1b-baseline_historical_metrics.csv,3.00390625
24510,12.850823168,2.734375,0.0001469321851453,historical,raw/1b-baseline_historical_metrics.csv,2.9815848214285716
24520,12.856066048,3.29296875,0.0001468245425188,historical,raw/1b-baseline_historical_metrics.csv,2.9834449404761907
24530,12.861308928,3.171875,0.0001467168998923,historical,raw/1b-baseline_historical_metrics.csv,2.995907738095238
24540,12.866551808,1.572265625,0.0001466092572658,historical,raw/1b-baseline_historical_metrics.csv,2.917689732142857
24550,12.871794688,3.2578125,0.0001465016146393,historical,raw/1b-baseline_historical_metrics.csv,2.918061755952381
24560,12.877037568,3.18359375,0.0001463939720129,historical,raw/1b-baseline_historical_metrics.csv,2.9212239583333335
24570,12.882280448,2.58203125,0.0001462863293864,historical,raw/1b-baseline_historical_metrics.csv,2.8899739583333335
24580,12.887523328,3.109375,0.0001461786867599,historical,raw/1b-baseline_historical_metrics.csv,2.8782552083333335
24590,12.892766208,3.19921875,0.0001460710441334,historical,raw/1b-baseline_historical_metrics.csv,2.8760230654761907
24600,12.898009088,3.265625,0.0001459634015069,historical,raw/1b-baseline_historical_metrics.csv,2.8801153273809526
24610,12.903251968,3.25,0.0001458557588805,historical,raw/1b-baseline_historical_metrics.csv,2.8838355654761907
24620,12.908494848,1.81640625,0.000145748116254,historical,raw/1b-baseline_historical_metrics.csv,2.8211495535714284
24630,12.913737728,2.5546875,0.0001456404736275,historical,raw/1b-baseline_historical_metrics.csv,2.812406994047619
24640,12.918980608,3.0703125,0.000145532831001,historical,raw/1b-baseline_historical_metrics.csv,2.8796502976190474
24650,12.924223488,3.3125,0.0001454251883745,historical,raw/1b-baseline_historical_metrics.csv,2.8859747023809526
24660,12.929466368,2.86328125,0.0001453175457481,historical,raw/1b-baseline_historical_metrics.csv,2.9351748511904763
24670,12.934709248,3.23046875,0.0001452099031216,historical,raw/1b-baseline_historical_metrics.csv,2.9370349702380953
24680,12.939952128,3.28515625,0.0001451022604951,historical,raw/1b-baseline_historical_metrics.csv,2.9420572916666665
24690,12.945195008,3.18359375,0.0001449946178686,historical,raw/1b-baseline_historical_metrics.csv,2.937593005952381
24700,12.950437888,3.11328125,0.0001448869752421,historical,raw/1b-baseline_historical_metrics.csv,2.964936755952381
24710,12.955680768,3.11328125,0.0001447793326157,historical,raw/1b-baseline_historical_metrics.csv,2.9601004464285716
24720,12.960923648,3.20703125,0.0001446716899892,historical,raw/1b-baseline_historical_metrics.csv,2.982607886904762
24730,12.966166528,2.287109375,0.0001445640473627,historical,raw/1b-baseline_historical_metrics.csv,2.9347098214285716
24740,12.971409408,3.1640625,0.0001444564047362,historical,raw/1b-baseline_historical_metrics.csv,2.9343377976190474
24750,12.976652288,3.19921875,0.0001443487621097,historical,raw/1b-baseline_historical_metrics.csv,3.011811755952381
24760,12.981895168,3.296875,0.0001442411194833,historical,raw/1b-baseline_historical_metrics.csv,3.013671875
24770,12.987138048,3.296875,0.0001441334768568,historical,raw/1b-baseline_historical_metrics.csv,3.0190662202380953
24780,12.992380928,3.1953125,0.0001440258342303,historical,raw/1b-baseline_historical_metrics.csv,3.0482700892857144
24790,12.997623808,2.66015625,0.0001439181916038,historical,raw/1b-baseline_historical_metrics.csv,3.0268787202380953
24800,13.002866688,2.53515625,0.0001438105489773,historical,raw/1b-baseline_historical_metrics.csv,2.9952566964285716
24810,13.008109568,1.953125,0.0001437029063509,historical,raw/1b-baseline_historical_metrics.csv,2.9327566964285716
24820,13.013352448,1.978515625,0.0001435952637244,historical,raw/1b-baseline_historical_metrics.csv,2.8722098214285716
24830,13.018595328,3.1328125,0.0001434876210979,historical,raw/1b-baseline_historical_metrics.csv,2.9348958333333335
24840,13.023838208,3.26953125,0.0001433799784714,historical,raw/1b-baseline_historical_metrics.csv,2.968936011904762
24850,13.029081088,3.1875,0.0001432723358449,historical,raw/1b-baseline_historical_metrics.csv,2.974516369047619
24860,13.034323968,3.16015625,0.0001431646932185,historical,raw/1b-baseline_historical_metrics.csv,2.9672619047619047
24870,13.039566848,3.3125,0.000143057050592,historical,raw/1b-baseline_historical_metrics.csv,2.9886532738095237
24880,13.044809728,1.720703125,0.0001429494079655,historical,raw/1b-baseline_historical_metrics.csv,2.9167596726190474
24890,13.050052608,2.59765625,0.000142841765339,historical,raw/1b-baseline_historical_metrics.csv,2.8840215773809526
24900,13.055295488,2.44921875,0.0001427341227125,historical,raw/1b-baseline_historical_metrics.csv,2.8490513392857144
24910,13.060538368,3.45703125,0.0001426264800861,historical,raw/1b-baseline_historical_metrics.csv,2.865420386904762
24920,13.065781248,3.24609375,0.0001425188374596,historical,raw/1b-baseline_historical_metrics.csv,2.8717447916666665
24930,13.071024128,3.1953125,0.0001424111948331,historical,raw/1b-baseline_historical_metrics.csv,2.871186755952381
24940,13.076267008,3.19921875,0.0001423035522066,historical,raw/1b-baseline_historical_metrics.csv,2.9146205357142856
24950,13.081509888,3.28125,0.0001421959095801,historical,raw/1b-baseline_historical_metrics.csv,2.920200892857143
24960,13.086752768,3.30859375,0.0001420882669537,historical,raw/1b-baseline_historical_metrics.csv,2.9254092261904763
24970,13.091995648,3.3671875,0.0001419806243272,historical,raw/1b-baseline_historical_metrics.csv,2.9287574404761907
24980,13.097238528,1.513671875,0.0001418729817007,historical,raw/1b-baseline_historical_metrics.csv,2.843843005952381
24990,13.102481408,2.74609375,0.0001417653390742,historical,raw/1b-baseline_historical_metrics.csv,2.822451636904762
25000,13.107724288,3.234375,0.0001416576964477,historical,raw/1b-baseline_historical_metrics.csv,2.849795386904762
25010,13.112967168,3.14453125,0.0001415500538213,historical,raw/1b-baseline_historical_metrics.csv,2.878813244047619
25020,13.118210048,3.32421875,0.0001414424111948,historical,raw/1b-baseline_historical_metrics.csv,2.9441034226190474
25030,13.123452928,3.19140625,0.0001413347685683,historical,raw/1b-baseline_historical_metrics.csv,3.001860119047619
25040,13.128695808,3.2265625,0.0001412271259418,historical,raw/1b-baseline_historical_metrics.csv,3.0063244047619047
25050,13.133938688,1.5859375,0.0001411194833153,historical,raw/1b-baseline_historical_metrics.csv,2.9261532738095237
25060,13.139181568,3.34765625,0.0001410118406889,historical,raw/1b-baseline_historical_metrics.csv,2.933779761904762
25070,13.144424448,3.140625,0.0001409041980624,historical,raw/1b-baseline_historical_metrics.csv,2.9328497023809526
25080,13.149667328,3.28125,0.0001407965554359,historical,raw/1b-baseline_historical_metrics.csv,2.931361607142857
25090,13.154910208,3.29296875,0.0001406889128094,historical,raw/1b-baseline_historical_metrics.csv,3.0062313988095237
25100,13.160153088,3.2109375,0.0001405812701829,historical,raw/1b-baseline_historical_metrics.csv,3.035435267857143
25110,13.165395968,3.2265625,0.0001404736275565,historical,raw/1b-baseline_historical_metrics.csv,3.072451636904762
25120,13.170638848,3.16015625,0.00014036598493,historical,raw/1b-baseline_historical_metrics.csv,3.058314732142857
25130,13.175881728,1.986328125,0.0001402583423035,historical,raw/1b-baseline_historical_metrics.csv,2.998325892857143
25140,13.181124608,3.15625,0.000140150699677,historical,raw/1b-baseline_historical_metrics.csv,2.9964657738095237
25150,13.186367488,3.1640625,0.0001400430570505,historical,raw/1b-baseline_historical_metrics.csv,2.9947916666666665
25160,13.191610368,3.1484375,0.0001399354144241,historical,raw/1b-baseline_historical_metrics.csv,2.988467261904762
25170,13.196853248,3.171875,0.0001398277717976,historical,raw/1b-baseline_historical_metrics.csv,2.9819568452380953
25180,13.202096128,3.08984375,0.0001397201291711,historical,raw/1b-baseline_historical_metrics.csv,2.96875
25190,13.207339008,3.05078125,0.0001396124865446,historical,raw/1b-baseline_historical_metrics.csv,3.0419456845238093
25200,13.212581888,2.42578125,0.0001395048439181,historical,raw/1b-baseline_historical_metrics.csv,3.0266927083333335
25210,13.217824768,3.24609375,0.0001393972012917,historical,raw/1b-baseline_historical_metrics.csv,3.027250744047619
25220,13.223067648,3.23046875,0.0001392895586652,historical,raw/1b-baseline_historical_metrics.csv,3.031343005952381
25230,13.228310528,1.8828125,0.0001391819160387,historical,raw/1b-baseline_historical_metrics.csv,2.962704613095238
25240,13.233553408,3.2578125,0.0001390742734122,historical,raw/1b-baseline_historical_metrics.csv,2.9658668154761907
25250,13.238796288,3.1875,0.0001389666307857,historical,raw/1b-baseline_historical_metrics.csv,2.9640066964285716
25260,13.244039168,3.2109375,0.0001388589881593,historical,raw/1b-baseline_historical_metrics.csv,3.0413876488095237
25270,13.249282048,3.265625,0.0001387513455328,historical,raw/1b-baseline_historical_metrics.csv,3.0374813988095237
25280,13.254524928,3.25,0.0001386437029063,historical,raw/1b-baseline_historical_metrics.csv,3.042689732142857
25290,13.259767808,3.3828125,0.0001385360602798,historical,raw/1b-baseline_historical_metrics.csv,3.0475260416666665
25300,13.265010688,3.265625,0.0001384284176533,historical,raw/1b-baseline_historical_metrics.csv,3.0462239583333335
25310,13.270253568,1.80078125,0.0001383207750269,historical,raw/1b-baseline_historical_metrics.csv,2.9790736607142856
25320,13.275496448,1.923828125,0.0001382131324004,historical,raw/1b-baseline_historical_metrics.csv,2.9170386904761907
25330,13.280739328,3.15234375,0.0001381054897739,historical,raw/1b-baseline_historical_metrics.csv,2.9166666666666665
25340,13.285982208,3.31640625,0.0001379978471474,historical,raw/1b-baseline_historical_metrics.csv,2.9800037202380953
25350,13.291225088,3.1484375,0.0001378902045209,historical,raw/1b-baseline_historical_metrics.csv,2.9796316964285716
25360,13.296467968,2.58984375,0.0001377825618945,historical,raw/1b-baseline_historical_metrics.csv,2.9522879464285716
25370,13.301710848,3.11328125,0.000137674919268,historical,raw/1b-baseline_historical_metrics.csv,2.9506138392857144
25380,13.306953728,2.71875,0.0001375672766415,historical,raw/1b-baseline_historical_metrics.csv,2.9290364583333335
25390,13.312196608,2.69921875,0.000137459634015,historical,raw/1b-baseline_historical_metrics.csv,2.910435267857143
25400,13.317439488,2.578125,0.0001373519913885,historical,raw/1b-baseline_historical_metrics.csv,2.8879278273809526
25410,13.322682368,3.33203125,0.0001372443487621,historical,raw/1b-baseline_historical_metrics.csv,2.9310825892857144
25420,13.327925248,3.1796875,0.0001371367061356,historical,raw/1b-baseline_historical_metrics.csv,2.927920386904762
25430,13.333168128,3.234375,0.0001370290635091,historical,raw/1b-baseline_historical_metrics.csv,2.9281063988095237
25440,13.338411008,3.1484375,0.0001369214208826,historical,raw/1b-baseline_historical_metrics.csv,2.988374255952381
25450,13.343653888,2.61328125,0.0001368137782561,historical,raw/1b-baseline_historical_metrics.csv,2.9576822916666665
25460,13.348896768,1.775390625,0.0001367061356297,historical,raw/1b-baseline_historical_metrics.csv,2.890438988095238
25470,13.354139648,2.56640625,0.0001365984930032,historical,raw/1b-baseline_historical_metrics.csv,2.8597470238095237
25480,13.359382528,3.25390625,0.0001364908503767,historical,raw/1b-baseline_historical_metrics.csv,2.859188988095238
25490,13.364625408,1.857421875,0.0001363832077502,historical,raw/1b-baseline_historical_metrics.csv,2.792875744047619
25500,13.369868288,3.07421875,0.0001362755651237,historical,raw/1b-baseline_historical_metrics.csv,2.7781808035714284
25510,13.375111168,3.19140625,0.0001361679224973,historical,raw/1b-baseline_historical_metrics.csv,2.7746465773809526
25520,13.380354048,1.376953125,0.0001360602798708,historical,raw/1b-baseline_historical_metrics.csv,2.7544642857142856
25530,13.385596928,3.23046875,0.0001359526372443,historical,raw/1b-baseline_historical_metrics.csv,2.816685267857143
25540,13.390839808,1.841796875,0.0001358449946178,historical,raw/1b-baseline_historical_metrics.csv,2.7542782738095237
25550,13.396082688,3.1484375,0.0001357373519913,historical,raw/1b-baseline_historical_metrics.csv,2.746279761904762
25560,13.401325568,1.64453125,0.0001356297093649,historical,raw/1b-baseline_historical_metrics.csv,2.6746651785714284
25570,13.406568448,3.125,0.0001355220667384,historical,raw/1b-baseline_historical_metrics.csv,2.7001488095238093
25580,13.411811328,3.1484375,0.0001354144241119,historical,raw/1b-baseline_historical_metrics.csv,2.7018229166666665
25590,13.417054208,3.2265625,0.0001353067814854,historical,raw/1b-baseline_historical_metrics.csv,2.7260044642857144
25600,13.422297088,3.12890625,0.0001351991388589,historical,raw/1b-baseline_historical_metrics.csv,2.7464657738095237
25610,13.427539968,1.802734375,0.0001350914962325,historical,raw/1b-baseline_historical_metrics.csv,2.7095424107142856
25620,13.432782848,3.21484375,0.000134983853606,historical,raw/1b-baseline_historical_metrics.csv,2.7039620535714284
25630,13.438025728,3.19140625,0.0001348762109795,historical,raw/1b-baseline_historical_metrics.csv,2.7045200892857144
25640,13.443268608,2.025390625,0.000134768568353,historical,raw/1b-baseline_historical_metrics.csv,2.6469494047619047
25650,13.448511488,2.62109375,0.0001346609257265,historical,raw/1b-baseline_historical_metrics.csv,2.6218377976190474
25660,13.453754368,3.09765625,0.0001345532831001,historical,raw/1b-baseline_historical_metrics.csv,2.6449032738095237
25670,13.458997248,3.10546875,0.0001344456404736,historical,raw/1b-baseline_historical_metrics.csv,2.7082403273809526
25680,13.464240128,3.25390625,0.0001343379978471,historical,raw/1b-baseline_historical_metrics.csv,2.7409784226190474
25690,13.469483008,1.982421875,0.0001342303552206,historical,raw/1b-baseline_historical_metrics.csv,2.6804315476190474
25700,13.474725888,3.16796875,0.0001341227125941,historical,raw/1b-baseline_historical_metrics.csv,2.7428385416666665
25710,13.479968768,3.16015625,0.0001340150699677,historical,raw/1b-baseline_historical_metrics.csv,2.7469308035714284
25720,13.485211648,3.25390625,0.0001339074273412,historical,raw/1b-baseline_historical_metrics.csv,2.749906994047619
25730,13.490454528,3.26171875,0.0001337997847147,historical,raw/1b-baseline_historical_metrics.csv,2.839657738095238
25740,13.495697408,3.16015625,0.0001336921420882,historical,raw/1b-baseline_historical_metrics.csv,2.8363095238095237
25750,13.500940288,2.65234375,0.0001335844994617,historical,raw/1b-baseline_historical_metrics.csv,2.874906994047619
25760,13.506183168,2.6640625,0.0001334768568353,historical,raw/1b-baseline_historical_metrics.csv,2.851841517857143
25770,13.511426048,2.640625,0.0001333692142088,historical,raw/1b-baseline_historical_metrics.csv,2.8992745535714284
25780,13.516668928,3.171875,0.0001332615715823,historical,raw/1b-baseline_historical_metrics.csv,2.9015066964285716
25790,13.521911808,3.1953125,0.0001331539289558,historical,raw/1b-baseline_historical_metrics.csv,2.9037388392857144
25800,13.527154688,1.89453125,0.0001330462863293,historical,raw/1b-baseline_historical_metrics.csv,2.8403087797619047
25810,13.532397568,3.22265625,0.0001329386437029,historical,raw/1b-baseline_historical_metrics.csv,2.8447730654761907
25820,13.537640448,3.1171875,0.0001328310010764,historical,raw/1b-baseline_historical_metrics.csv,2.9073660714285716
25830,13.542883328,3.28125,0.0001327233584499,historical,raw/1b-baseline_historical_metrics.csv,2.9105282738095237
25840,13.548126208,2.66796875,0.0001326157158234,historical,raw/1b-baseline_historical_metrics.csv,2.8856026785714284
25850,13.553369088,3.1953125,0.0001325080731969,historical,raw/1b-baseline_historical_metrics.csv,2.941313244047619
25860,13.558611968,3.08203125,0.0001324004305705,historical,raw/1b-baseline_historical_metrics.csv,2.9632626488095237
25870,13.563854848,3.0390625,0.000132292787944,historical,raw/1b-baseline_historical_metrics.csv,2.9604724702380953
25880,13.569097728,3.22265625,0.0001321851453175,historical,raw/1b-baseline_historical_metrics.csv,2.9660528273809526
25890,13.574340608,3.1015625,0.000132077502691,historical,raw/1b-baseline_historical_metrics.csv,2.958798363095238
25900,13.579583488,2.015625,0.0001319698600645,historical,raw/1b-baseline_historical_metrics.csv,2.9603794642857144
25910,13.584826368,3.203125,0.0001318622174381,historical,raw/1b-baseline_historical_metrics.csv,2.9620535714285716
25920,13.590069248,2.6953125,0.0001317545748116,historical,raw/1b-baseline_historical_metrics.csv,2.9399181547619047
25930,13.595312128,3.20703125,0.0001316469321851,historical,raw/1b-baseline_historical_metrics.csv,2.937686011904762
25940,13.600555008,3.22265625,0.0001315392895586,historical,raw/1b-baseline_historical_metrics.csv,2.935825892857143
25950,13.605797888,3.29296875,0.0001314316469321,historical,raw/1b-baseline_historical_metrics.csv,2.9421502976190474
25960,13.611040768,2.77734375,0.0001313240043057,historical,raw/1b-baseline_historical_metrics.csv,2.9481026785714284
25970,13.616283648,2.68359375,0.0001312163616792,historical,raw/1b-baseline_historical_metrics.csv,2.949032738095238
25980,13.621526528,3.1875,0.0001311087190527,historical,raw/1b-baseline_historical_metrics.csv,2.9750744047619047
25990,13.626769408,2.5234375,0.0001310010764262,historical,raw/1b-baseline_historical_metrics.csv,2.9441964285714284
26000,13.632012288,3.23828125,0.0001308934337997,historical,raw/1b-baseline_historical_metrics.csv,2.9462425595238093
26010,13.637255168,2.703125,0.0001307857911733,historical,raw/1b-baseline_historical_metrics.csv,2.9847470238095237
26020,13.642498048,3.109375,0.0001306781485468,historical,raw/1b-baseline_historical_metrics.csv,2.9793526785714284
26030,13.647740928,3.2578125,0.0001305705059203,historical,raw/1b-baseline_historical_metrics.csv,2.986049107142857
26040,13.652983808,1.466796875,0.0001304628632938,historical,raw/1b-baseline_historical_metrics.csv,2.8996465773809526
26050,13.658226688,2.74609375,0.0001303552206673,historical,raw/1b-baseline_historical_metrics.csv,2.9033668154761907
26060,13.663469568,3.18359375,0.0001302475780409,historical,raw/1b-baseline_historical_metrics.csv,2.9028087797619047
26070,13.668712448,3.203125,0.0001301399354144,historical,raw/1b-baseline_historical_metrics.csv,2.9085751488095237
26080,13.673955328,3.21484375,0.0001300322927879,historical,raw/1b-baseline_historical_metrics.csv,2.9169456845238093
26090,13.679198208,3.1953125,0.0001299246501614,historical,raw/1b-baseline_historical_metrics.csv,2.9156436011904763
26100,13.684441088,3.21875,0.0001298170075349,historical,raw/1b-baseline_historical_metrics.csv,2.9212239583333335
26110,13.689683968,3.140625,0.0001297093649085,historical,raw/1b-baseline_historical_metrics.csv,2.974795386904762
26120,13.694926848,3.17578125,0.000129601722282,historical,raw/1b-baseline_historical_metrics.csv,2.9734933035714284
26130,13.700169728,3.18359375,0.0001294940796555,historical,raw/1b-baseline_historical_metrics.csv,2.9967447916666665
26140,13.705412608,1.7578125,0.000129386437029,historical,raw/1b-baseline_historical_metrics.csv,2.927734375
26150,13.710655488,3.234375,0.0001292787944025,historical,raw/1b-baseline_historical_metrics.csv,2.9282924107142856
26160,13.715898368,3.23046875,0.0001291711517761,historical,raw/1b-baseline_historical_metrics.csv,2.9253162202380953
26170,13.721141248,1.703125,0.0001290635091496,historical,raw/1b-baseline_historical_metrics.csv,2.8741629464285716
26180,13.726384128,3.16796875,0.0001289558665231,historical,raw/1b-baseline_historical_metrics.csv,2.8972284226190474
26190,13.731627008,3.08203125,0.0001288482238966,historical,raw/1b-baseline_historical_metrics.csv,2.8922061011904763
26200,13.736869888,3.2421875,0.0001287405812701,historical,raw/1b-baseline_historical_metrics.csv,2.9264322916666665
26210,13.742112768,2.66796875,0.0001286329386437,historical,raw/1b-baseline_historical_metrics.csv,2.8992745535714284
26220,13.747355648,2.58984375,0.0001285252960172,historical,raw/1b-baseline_historical_metrics.csv,2.8938802083333335
26230,13.752598528,2.5078125,0.0001284176533907,historical,raw/1b-baseline_historical_metrics.csv,2.865234375
26240,13.757841408,3.171875,0.0001283100107642,historical,raw/1b-baseline_historical_metrics.csv,2.861142113095238
26250,13.763084288,2.9921875,0.0001282023681377,historical,raw/1b-baseline_historical_metrics.csv,2.933779761904762
26260,13.768327168,3.28125,0.0001280947255113,historical,raw/1b-baseline_historical_metrics.csv,2.959263392857143
26270,13.773570048,1.74609375,0.0001279870828848,historical,raw/1b-baseline_historical_metrics.csv,2.890811011904762
26280,13.778812928,3.15625,0.0001278794402583,historical,raw/1b-baseline_historical_metrics.csv,2.888578869047619
26290,13.784055808,1.787109375,0.0001277717976318,historical,raw/1b-baseline_historical_metrics.csv,2.820591517857143
26300,13.789298688,3.234375,0.0001276641550053,historical,raw/1b-baseline_historical_metrics.csv,2.822451636904762
26310,13.794541568,1.919921875,0.0001275565123789,historical,raw/1b-baseline_historical_metrics.csv,2.7606026785714284
26320,13.799784448,3.1015625,0.0001274488697524,historical,raw/1b-baseline_historical_metrics.csv,2.7587425595238093
26330,13.805027328,3.390625,0.0001273412271259,historical,raw/1b-baseline_historical_metrics.csv,2.7689732142857144
26340,13.810270208,1.671875,0.0001272335844994,historical,raw/1b-baseline_historical_metrics.csv,2.696986607142857
26350,13.815513088,2.69140625,0.0001271259418729,historical,raw/1b-baseline_historical_metrics.csv,2.7414434523809526
26360,13.820755968,2.7734375,0.0001270182992465,historical,raw/1b-baseline_historical_metrics.csv,2.7194940476190474
26370,13.825998848,3.140625,0.00012691065662,historical,raw/1b-baseline_historical_metrics.csv,2.7152157738095237
26380,13.831241728,2.0234375,0.0001268030139935,historical,raw/1b-baseline_historical_metrics.csv,2.73046875
26390,13.836484608,3.17578125,0.000126695371367,historical,raw/1b-baseline_historical_metrics.csv,2.7308407738095237
26400,13.841727488,1.927734375,0.0001265877287405,historical,raw/1b-baseline_historical_metrics.csv,2.675874255952381
26410,13.846970368,3.140625,0.0001264800861141,historical,raw/1b-baseline_historical_metrics.csv,2.6710379464285716
26420,13.852213248,3.2109375,0.0001263724434876,historical,raw/1b-baseline_historical_metrics.csv,2.6968936011904763
26430,13.857456128,1.95703125,0.0001262648008611,historical,raw/1b-baseline_historical_metrics.csv,2.6667596726190474
26440,13.862699008,2.6875,0.0001261571582346,historical,raw/1b-baseline_historical_metrics.csv,2.6753162202380953
26450,13.867941888,3.09765625,0.0001260495156081,historical,raw/1b-baseline_historical_metrics.csv,2.671781994047619
26460,13.873184768,3.3125,0.0001259418729817,historical,raw/1b-baseline_historical_metrics.csv,2.6870349702380953
26470,13.878427648,3.18359375,0.0001258342303552,historical,raw/1b-baseline_historical_metrics.csv,2.6823846726190474
26480,13.883670528,1.6875,0.0001257265877287,historical,raw/1b-baseline_historical_metrics.csv,2.679594494047619
26490,13.888913408,3.265625,0.0001256189451022,historical,raw/1b-baseline_historical_metrics.csv,2.6848028273809526
26500,13.894156288,1.951171875,0.0001255113024757,historical,raw/1b-baseline_historical_metrics.csv,2.6926153273809526
26510,13.899399168,3.296875,0.0001254036598493,historical,raw/1b-baseline_historical_metrics.csv,2.695591517857143
26520,13.904642048,2.1171875,0.0001252960172228,historical,raw/1b-baseline_historical_metrics.csv,2.704985119047619
26530,13.909884928,1.697265625,0.0001251883745963,historical,raw/1b-baseline_historical_metrics.csv,2.6381138392857144
26540,13.915127808,1.673828125,0.0001250807319698,historical,raw/1b-baseline_historical_metrics.csv,2.556361607142857
26550,13.920370688,3.16796875,0.0001249730893433,historical,raw/1b-baseline_historical_metrics.csv,2.6276041666666665
26560,13.925613568,1.70703125,0.0001248654467168,historical,raw/1b-baseline_historical_metrics.csv,2.5807291666666665
26570,13.930856448,3.12890625,0.0001247578040904,historical,raw/1b-baseline_historical_metrics.csv,2.59765625
26580,13.936099328,3.19921875,0.0001246501614639,historical,raw/1b-baseline_historical_metrics.csv,2.6004464285714284
26590,13.941342208,2.7890625,0.0001245425188374,historical,raw/1b-baseline_historical_metrics.csv,2.636904761904762
26600,13.946585088,3.14453125,0.0001244348762109,historical,raw/1b-baseline_historical_metrics.csv,2.6354166666666665
26610,13.951827968,3.1640625,0.0001243272335844,historical,raw/1b-baseline_historical_metrics.csv,2.6942894345238093
26620,13.957070848,1.763671875,0.000124219590958,historical,raw/1b-baseline_historical_metrics.csv,2.628720238095238
26630,13.962313728,3.27734375,0.0001241119483315,historical,raw/1b-baseline_historical_metrics.csv,2.6318824404761907
26640,13.967556608,3.22265625,0.000124004305705,historical,raw/1b-baseline_historical_metrics.csv,2.6921502976190474
26650,13.972799488,3.21484375,0.0001238966630785,historical,raw/1b-baseline_historical_metrics.csv,2.7172619047619047
26660,13.978042368,3.2265625,0.000123789020452,historical,raw/1b-baseline_historical_metrics.csv,2.7234002976190474
26670,13.983285248,3.203125,0.0001236813778256,historical,raw/1b-baseline_historical_metrics.csv,2.7181919642857144
26680,13.988528128,3.12890625,0.0001235737351991,historical,raw/1b-baseline_historical_metrics.csv,2.7155877976190474
26690,13.993771008,3.1953125,0.0001234660925726,historical,raw/1b-baseline_historical_metrics.csv,2.787388392857143
26700,13.999013888,2.40625,0.0001233584499461,historical,raw/1b-baseline_historical_metrics.csv,2.7464657738095237
26710,14.004256768,2.81640625,0.0001232508073196,historical,raw/1b-baseline_historical_metrics.csv,2.7876674107142856
26720,14.009499648,3.1171875,0.0001231431646932,historical,raw/1b-baseline_historical_metrics.csv,2.779110863095238
26730,14.014742528,3.20703125,0.0001230355220667,historical,raw/1b-baseline_historical_metrics.csv,2.8310081845238093
26740,14.019985408,2.078125,0.0001229278794402,historical,raw/1b-baseline_historical_metrics.csv,2.8491443452380953
26750,14.025228288,3.23828125,0.0001228202368137,historical,raw/1b-baseline_historical_metrics.csv,2.923642113095238
26760,14.030471168,2.80859375,0.0001227125941872,historical,raw/1b-baseline_historical_metrics.csv,2.906529017857143
26770,14.035714048,2.5,0.0001226049515608,historical,raw/1b-baseline_historical_metrics.csv,2.9442894345238093
26780,14.040956928,3.26171875,0.0001224973089343,historical,raw/1b-baseline_historical_metrics.csv,2.9506138392857144
26790,14.046199808,2.75390625,0.0001223896663078,historical,raw/1b-baseline_historical_metrics.csv,2.929408482142857
26800,14.051442688,3.203125,0.0001222820236813,historical,raw/1b-baseline_historical_metrics.csv,2.949125744047619
26810,14.056685568,2.68359375,0.0001221743810548,historical,raw/1b-baseline_historical_metrics.csv,2.9271763392857144
26820,14.061928448,3.26953125,0.0001220667384284,historical,raw/1b-baseline_historical_metrics.csv,2.9321986607142856
26830,14.067171328,1.7421875,0.0001219590958019,historical,raw/1b-baseline_historical_metrics.csv,2.9311755952380953
26840,14.072414208,3.15234375,0.0001218514531754,historical,raw/1b-baseline_historical_metrics.csv,2.9252232142857144
26850,14.077657088,3.29296875,0.0001217438105489,historical,raw/1b-baseline_historical_metrics.csv,2.9285714285714284
26860,14.082899968,2.4921875,0.0001216361679224,historical,raw/1b-baseline_historical_metrics.csv,2.8941592261904763
26870,14.088142848,1.521484375,0.000121528525296,historical,raw/1b-baseline_historical_metrics.csv,2.8129650297619047
26880,14.093385728,3.25390625,0.0001214208826695,historical,raw/1b-baseline_historical_metrics.csv,2.8153831845238093
26890,14.098628608,3.12109375,0.000121313240043,historical,raw/1b-baseline_historical_metrics.csv,2.8150111607142856
26900,14.103871488,3.171875,0.0001212055974165,historical,raw/1b-baseline_historical_metrics.csv,2.8138950892857144
26910,14.109114368,1.8515625,0.00012109795479,historical,raw/1b-baseline_historical_metrics.csv,2.7874813988095237
26920,14.114357248,3.16015625,0.0001209903121636,historical,raw/1b-baseline_historical_metrics.csv,2.8038504464285716
26930,14.119600128,3.11328125,0.0001208826695371,historical,raw/1b-baseline_historical_metrics.csv,2.8036644345238093
26940,14.124843008,3.1015625,0.0001207750269106,historical,raw/1b-baseline_historical_metrics.csv,2.798642113095238
26950,14.130085888,2.35546875,0.0001206673842841,historical,raw/1b-baseline_historical_metrics.csv,2.8118489583333335
26960,14.135328768,3.19140625,0.0001205597416576,historical,raw/1b-baseline_historical_metrics.csv,2.8096168154761907
26970,14.140571648,3.2890625,0.0001204520990312,historical,raw/1b-baseline_historical_metrics.csv,2.8324962797619047
26980,14.145814528,1.767578125,0.0001203444564047,historical,raw/1b-baseline_historical_metrics.csv,2.7976190476190474
26990,14.151057408,3.05859375,0.0001202368137782,historical,raw/1b-baseline_historical_metrics.csv,2.7879464285714284
27000,14.156300288,2.84375,0.0001201291711517,historical,raw/1b-baseline_historical_metrics.csv,2.7922247023809526
27010,14.161543168,3.08984375,0.0001200215285252,historical,raw/1b-baseline_historical_metrics.csv,2.786830357142857
27020,14.166786048,2.3828125,0.0001199138858988,historical,raw/1b-baseline_historical_metrics.csv,2.7725074404761907
27030,14.172028928,2.74609375,0.0001198062432723,historical,raw/1b-baseline_historical_metrics.csv,2.7475818452380953
27040,14.177271808,2.76953125,0.0001196986006458,historical,raw/1b-baseline_historical_metrics.csv,2.7965029761904763
27050,14.182514688,1.869140625,0.0001195909580193,historical,raw/1b-baseline_historical_metrics.csv,2.7353980654761907
27060,14.187757568,2.2734375,0.0001194833153928,historical,raw/1b-baseline_historical_metrics.csv,2.6868489583333335
27070,14.193000448,1.646484375,0.0001193756727664,historical,raw/1b-baseline_historical_metrics.csv,2.646577380952381
27080,14.198243328,2.65234375,0.0001192680301399,historical,raw/1b-baseline_historical_metrics.csv,2.7004278273809526
27090,14.203486208,2.35546875,0.0001191603875134,historical,raw/1b-baseline_historical_metrics.csv,2.6576450892857144
27100,14.208729088,2.3515625,0.0001190527448869,historical,raw/1b-baseline_historical_metrics.csv,2.621000744047619
27110,14.213971968,2.70703125,0.0001189451022604,historical,raw/1b-baseline_historical_metrics.csv,2.5988653273809526
27120,14.219214848,3.25,0.000118837459634,historical,raw/1b-baseline_historical_metrics.csv,2.6654575892857144
27130,14.224457728,3.2734375,0.0001187298170075,historical,raw/1b-baseline_historical_metrics.csv,2.6708519345238093
27140,14.229700608,3.1171875,0.000118622174381,historical,raw/1b-baseline_historical_metrics.csv,2.6710379464285716
27150,14.234943488,2.021484375,0.0001185145317545,historical,raw/1b-baseline_historical_metrics.csv,2.6196056547619047
27160,14.240186368,1.87109375,0.000118406889128,historical,raw/1b-baseline_historical_metrics.csv,2.5965401785714284
27170,14.245429248,1.75390625,0.0001182992465016,historical,raw/1b-baseline_historical_metrics.csv,2.5280877976190474
27180,14.250672128,3.2109375,0.0001181916038751,historical,raw/1b-baseline_historical_metrics.csv,2.5243675595238093
27190,14.255915008,3.1171875,0.0001180839612486,historical,raw/1b-baseline_historical_metrics.csv,2.5886346726190474
27200,14.261157888,3.27734375,0.0001179763186221,historical,raw/1b-baseline_historical_metrics.csv,2.5990513392857144
27210,14.266400768,2.65234375,0.0001178686759956,historical,raw/1b-baseline_historical_metrics.csv,2.589936755952381
27220,14.271643648,2.60546875,0.0001177610333692,historical,raw/1b-baseline_historical_metrics.csv,2.5668712797619047
27230,14.276886528,3.2265625,0.0001176533907427,historical,raw/1b-baseline_historical_metrics.csv,2.6070498511904763
27240,14.282129408,3.0859375,0.0001175457481162,historical,raw/1b-baseline_historical_metrics.csv,2.623232886904762
27250,14.287372288,3.20703125,0.0001174381054897,historical,raw/1b-baseline_historical_metrics.csv,2.6440662202380953
27260,14.292615168,3.20703125,0.0001173304628632,historical,raw/1b-baseline_historical_metrics.csv,2.7077752976190474
27270,14.297858048,2.43359375,0.0001172228202368,historical,raw/1b-baseline_historical_metrics.csv,2.7154017857142856
27280,14.303100928,2.4765625,0.0001171151776103,historical,raw/1b-baseline_historical_metrics.csv,2.7549293154761907
27290,14.308343808,1.578125,0.0001170075349838,historical,raw/1b-baseline_historical_metrics.csv,2.7037760416666665
27300,14.313586688,2.66796875,0.0001168998923573,historical,raw/1b-baseline_historical_metrics.csv,2.718656994047619
27310,14.318829568,3.14453125,0.0001167922497308,historical,raw/1b-baseline_historical_metrics.csv,2.7564174107142856
27320,14.324072448,1.4140625,0.0001166846071044,historical,raw/1b-baseline_historical_metrics.csv,2.6948474702380953
27330,14.329315328,3.04296875,0.0001165769644779,historical,raw/1b-baseline_historical_metrics.csv,2.6849888392857144
27340,14.334558208,1.9140625,0.0001164693218514,historical,raw/1b-baseline_historical_metrics.csv,2.6202566964285716
27350,14.339801088,3.11328125,0.0001163616792249,historical,raw/1b-baseline_historical_metrics.csv,2.6200706845238093
27360,14.345043968,2.59375,0.0001162540365984,historical,raw/1b-baseline_historical_metrics.csv,2.6473214285714284
27370,14.350286848,2.6484375,0.000116146393972,historical,raw/1b-baseline_historical_metrics.csv,2.6843377976190474
27380,14.355529728,3.234375,0.0001160387513455,historical,raw/1b-baseline_historical_metrics.csv,2.7548363095238093
27390,14.360772608,3.2421875,0.000115931108719,historical,raw/1b-baseline_historical_metrics.csv,2.7563244047619047
27400,14.366015488,3.19140625,0.0001158234660925,historical,raw/1b-baseline_historical_metrics.csv,2.759858630952381
27410,14.371258368,3.25390625,0.000115715823466,historical,raw/1b-baseline_historical_metrics.csv,2.7587425595238093
27420,14.376501248,1.89453125,0.0001156081808396,historical,raw/1b-baseline_historical_metrics.csv,2.72265625
27430,14.381744128,3.16015625,0.0001155005382131,historical,raw/1b-baseline_historical_metrics.csv,2.7490699404761907
27440,14.386987008,1.900390625,0.0001153928955866,historical,raw/1b-baseline_historical_metrics.csv,2.6859188988095237
27450,14.392229888,2.38671875,0.0001152852529601,historical,raw/1b-baseline_historical_metrics.csv,2.652622767857143
27460,14.397472768,2.4453125,0.0001151776103336,historical,raw/1b-baseline_historical_metrics.csv,2.6163504464285716
27470,14.402715648,3.32421875,0.0001150699677072,historical,raw/1b-baseline_historical_metrics.csv,2.6219308035714284
27480,14.407958528,3.0234375,0.0001149623250807,historical,raw/1b-baseline_historical_metrics.csv,2.6500186011904763
27490,14.413201408,2.3125,0.0001148546824542,historical,raw/1b-baseline_historical_metrics.csv,2.6422061011904763
27500,14.418444288,2.609375,0.0001147470398277,historical,raw/1b-baseline_historical_metrics.csv,2.691313244047619
27510,14.423687168,3.08984375,0.0001146393972012,historical,raw/1b-baseline_historical_metrics.csv,2.7114025297619047
27520,14.428930048,3.203125,0.0001145317545748,historical,raw/1b-baseline_historical_metrics.csv,2.7141927083333335
27530,14.434172928,3.27734375,0.0001144241119483,historical,raw/1b-baseline_historical_metrics.csv,2.802920386904762
27540,14.439415808,3.12109375,0.0001143164693218,historical,raw/1b-baseline_historical_metrics.csv,2.806640625
27550,14.444658688,3.19140625,0.0001142088266953,historical,raw/1b-baseline_historical_metrics.csv,2.867466517857143
27560,14.449901568,2.6875,0.0001141011840688,historical,raw/1b-baseline_historical_metrics.csv,2.8471912202380953
27570,14.455144448,2.1875,0.0001139935414424,historical,raw/1b-baseline_historical_metrics.csv,2.827845982142857
27580,14.460387328,2.40625,0.0001138858988159,historical,raw/1b-baseline_historical_metrics.csv,2.816313244047619
27590,14.465630208,3.13671875,0.0001137782561894,historical,raw/1b-baseline_historical_metrics.csv,2.8116629464285716
27600,14.470873088,1.9609375,0.0001136706135629,historical,raw/1b-baseline_historical_metrics.csv,2.7506510416666665
27610,14.476115968,1.962890625,0.0001135629709364,historical,raw/1b-baseline_historical_metrics.csv,2.6921502976190474
27620,14.481358848,1.908203125,0.00011345532831,historical,raw/1b-baseline_historical_metrics.csv,2.6280691964285716
27630,14.486601728,3.10546875,0.0001133476856835,historical,raw/1b-baseline_historical_metrics.csv,2.685732886904762
27640,14.491844608,3.2421875,0.000113240043057,historical,raw/1b-baseline_historical_metrics.csv,2.689639136904762
27650,14.497087488,3.16796875,0.0001131324004305,historical,raw/1b-baseline_historical_metrics.csv,2.75
27660,14.502330368,1.70703125,0.000113024757804,historical,raw/1b-baseline_historical_metrics.csv,2.7176339285714284
27670,14.507573248,3.27734375,0.0001129171151776,historical,raw/1b-baseline_historical_metrics.csv,2.7572544642857144
27680,14.512816128,2.5859375,0.0001128094725511,historical,raw/1b-baseline_historical_metrics.csv,2.7220982142857144
27690,14.518059008,3.11328125,0.0001127018299246,historical,raw/1b-baseline_historical_metrics.csv,2.726376488095238
27700,14.523301888,1.583984375,0.0001125941872981,historical,raw/1b-baseline_historical_metrics.csv,2.691685267857143
27710,14.528544768,3.21875,0.0001124865446716,historical,raw/1b-baseline_historical_metrics.csv,2.720703125
27720,14.533787648,1.69921875,0.0001123789020452,historical,raw/1b-baseline_historical_metrics.csv,2.654482886904762
27730,14.539030528,3.296875,0.0001122712594187,historical,raw/1b-baseline_historical_metrics.csv,2.6589471726190474
27740,14.544273408,2.703125,0.0001121636167922,historical,raw/1b-baseline_historical_metrics.csv,2.6316034226190474
27750,14.549516288,3.16015625,0.0001120559741657,historical,raw/1b-baseline_historical_metrics.csv,2.6334635416666665
27760,14.554759168,3.09375,0.0001119483315392,historical,raw/1b-baseline_historical_metrics.csv,2.628813244047619
27770,14.560002048,3.1640625,0.0001118406889128,historical,raw/1b-baseline_historical_metrics.csv,2.6515066964285716
27780,14.565244928,3.33984375,0.0001117330462863,historical,raw/1b-baseline_historical_metrics.csv,2.7063802083333335
27790,14.570487808,2.5078125,0.0001116254036598,historical,raw/1b-baseline_historical_metrics.csv,2.711216517857143
27800,14.575730688,3.078125,0.0001115177610333,historical,raw/1b-baseline_historical_metrics.csv,2.7084263392857144
27810,14.580973568,3.1015625,0.0001114101184068,historical,raw/1b-baseline_historical_metrics.csv,2.7627418154761907
27820,14.586216448,3.203125,0.0001113024757804,historical,raw/1b-baseline_historical_metrics.csv,2.8218005952380953
27830,14.591459328,3.234375,0.0001111948331539,historical,raw/1b-baseline_historical_metrics.csv,2.884951636904762
27840,14.596702208,3.2109375,0.0001110871905274,historical,raw/1b-baseline_historical_metrics.csv,2.8899739583333335
27850,14.601945088,2.39453125,0.0001109795479009,historical,raw/1b-baseline_historical_metrics.csv,2.849609375
27860,14.607187968,3.1640625,0.0001108719052744,historical,raw/1b-baseline_historical_metrics.csv,2.849423363095238
27870,14.612430848,1.939453125,0.000110764262648,historical,raw/1b-baseline_historical_metrics.csv,2.8604910714285716
27880,14.617673728,3.25390625,0.0001106566200215,historical,raw/1b-baseline_historical_metrics.csv,2.859375
27890,14.622916608,3.25,0.000110548977395,historical,raw/1b-baseline_historical_metrics.csv,2.8909970238095237
27900,14.628159488,3.21484375,0.0001104413347685,historical,raw/1b-baseline_historical_metrics.csv,2.8958333333333335
27910,14.633402368,1.826171875,0.000110333692142,historical,raw/1b-baseline_historical_metrics.csv,2.9073660714285716
27920,14.638645248,2.6640625,0.0001102260495156,historical,raw/1b-baseline_historical_metrics.csv,2.880952380952381
27930,14.643888128,3.11328125,0.0001101184068891,historical,raw/1b-baseline_historical_metrics.csv,2.9482886904761907
27940,14.649131008,1.62109375,0.0001100107642626,historical,raw/1b-baseline_historical_metrics.csv,2.8684895833333335
27950,14.654373888,2.42578125,0.0001099031216361,historical,raw/1b-baseline_historical_metrics.csv,2.855282738095238
27960,14.659616768,3.09375,0.0001097954790096,historical,raw/1b-baseline_historical_metrics.csv,2.8521205357142856
27970,14.664859648,3.3046875,0.0001096878363832,historical,raw/1b-baseline_historical_metrics.csv,2.8621651785714284
27980,14.670102528,2.59765625,0.0001095801937567,historical,raw/1b-baseline_historical_metrics.csv,2.8351934523809526
27990,14.675345408,3.14453125,0.0001094725511302,historical,raw/1b-baseline_historical_metrics.csv,2.825892857142857
28000,14.680588288,3.125,0.0001093649085037,historical,raw/1b-baseline_historical_metrics.csv,2.855282738095238
28010,14.685831168,1.986328125,0.0001092572658772,historical,raw/1b-baseline_historical_metrics.csv,2.8032924107142856
28020,14.691074048,2.34765625,0.0001091496232508,historical,raw/1b-baseline_historical_metrics.csv,2.767392113095238
28030,14.696316928,3.30859375,0.0001090419806243,historical,raw/1b-baseline_historical_metrics.csv,2.7724144345238093
28040,14.701559808,2.64453125,0.0001089343379978,historical,raw/1b-baseline_historical_metrics.csv,2.744326636904762
28050,14.706802688,3.29296875,0.0001088266953713,historical,raw/1b-baseline_historical_metrics.csv,2.748232886904762
28060,14.712045568,3.140625,0.0001087190527448,historical,raw/1b-baseline_historical_metrics.csv,2.7837611607142856
28070,14.717288448,1.7578125,0.0001086114101184,historical,raw/1b-baseline_historical_metrics.csv,2.716796875
28080,14.722531328,2.5625,0.0001085037674919,historical,raw/1b-baseline_historical_metrics.csv,2.7464657738095237
28090,14.727774208,3.1640625,0.0001083961248654,historical,raw/1b-baseline_historical_metrics.csv,2.7421875
28100,14.733017088,3.44921875,0.0001082884822389,historical,raw/1b-baseline_historical_metrics.csv,2.751674107142857
28110,14.738259968,1.78125,0.0001081808396124,historical,raw/1b-baseline_historical_metrics.csv,2.683407738095238
28120,14.743502848,3.1328125,0.000108073196986,historical,raw/1b-baseline_historical_metrics.csv,2.7456287202380953
28130,14.748745728,3.078125,0.0001079655543595,historical,raw/1b-baseline_historical_metrics.csv,2.765345982142857
28140,14.753988608,3.1953125,0.000107857911733,historical,raw/1b-baseline_historical_metrics.csv,2.769252232142857
28150,14.759231488,3.1640625,0.0001077502691065,historical,raw/1b-baseline_historical_metrics.csv,2.8427269345238093
28160,14.764474368,3.19140625,0.00010764262648,historical,raw/1b-baseline_historical_metrics.csv,2.879185267857143
28170,14.769717248,3.15234375,0.0001075349838536,historical,raw/1b-baseline_historical_metrics.csv,2.8819754464285716
28180,14.774960128,1.955078125,0.0001074273412271,historical,raw/1b-baseline_historical_metrics.csv,2.8177083333333335
28190,14.780203008,3.14453125,0.0001073196986006,historical,raw/1b-baseline_historical_metrics.csv,2.84375
28200,14.785445888,3.19140625,0.0001072120559741,historical,raw/1b-baseline_historical_metrics.csv,2.845982142857143
28210,14.790688768,1.814453125,0.0001071044133476,historical,raw/1b-baseline_historical_metrics.csv,2.7835751488095237
28220,14.795931648,3.33984375,0.0001069967707212,historical,raw/1b-baseline_historical_metrics.csv,2.8480282738095237
28230,14.801174528,3.0703125,0.0001068891280947,historical,raw/1b-baseline_historical_metrics.csv,2.8824404761904763
28240,14.806417408,3.2421875,0.0001067814854682,historical,raw/1b-baseline_historical_metrics.csv,2.8792782738095237
28250,14.811660288,2.375,0.0001066738428417,historical,raw/1b-baseline_historical_metrics.csv,2.8664434523809526
28260,14.816903168,3.328125,0.0001065662002152,historical,raw/1b-baseline_historical_metrics.csv,2.8681175595238093
28270,14.822146048,1.5234375,0.0001064585575888,historical,raw/1b-baseline_historical_metrics.csv,2.791108630952381
28280,14.827388928,1.65234375,0.0001063509149623,historical,raw/1b-baseline_historical_metrics.csv,2.7860863095238093
28290,14.832631808,2.6328125,0.0001062432723358,historical,raw/1b-baseline_historical_metrics.csv,2.7894345238095237
28300,14.837874688,3.11328125,0.0001061356297093,historical,raw/1b-baseline_historical_metrics.csv,2.787016369047619
28310,14.843117568,2.63671875,0.0001060279870828,historical,raw/1b-baseline_historical_metrics.csv,2.748325892857143
28320,14.848360448,2.63671875,0.0001059203444564,historical,raw/1b-baseline_historical_metrics.csv,2.7890625
28330,14.853603328,3.0703125,0.0001058127018299,historical,raw/1b-baseline_historical_metrics.csv,2.7860863095238093
28340,14.858846208,3.73046875,0.0001057050592034,historical,raw/1b-baseline_historical_metrics.csv,2.8171502976190474
28350,14.864089088,2.453125,0.0001055974165769,historical,raw/1b-baseline_historical_metrics.csv,2.7818080357142856
28360,14.869331968,3.20703125,0.0001054897739504,historical,raw/1b-baseline_historical_metrics.csv,2.7838541666666665
28370,14.874574848,2.5546875,0.000105382131324,historical,raw/1b-baseline_historical_metrics.csv,2.7535342261904763
28380,14.879817728,1.990234375,0.0001052744886975,historical,raw/1b-baseline_historical_metrics.csv,2.6981956845238093
28390,14.885060608,3.31640625,0.000105166846071,historical,raw/1b-baseline_historical_metrics.csv,2.7630208333333335
28400,14.890303488,3.23046875,0.0001050592034445,historical,raw/1b-baseline_historical_metrics.csv,2.7671130952380953
28410,14.895546368,3.1640625,0.000104951560818,historical,raw/1b-baseline_historical_metrics.csv,2.765811011904762
28420,14.900789248,3.1796875,0.0001048439181916,historical,raw/1b-baseline_historical_metrics.csv,2.8308221726190474
28430,14.906032128,1.80078125,0.0001047362755651,historical,raw/1b-baseline_historical_metrics.csv,2.757533482142857
28440,14.911275008,1.623046875,0.0001046286329386,historical,raw/1b-baseline_historical_metrics.csv,2.6886160714285716
28450,14.916517888,3.2265625,0.0001045209903121,historical,raw/1b-baseline_historical_metrics.csv,2.6878720238095237
28460,14.921760768,3.19140625,0.0001044133476856,historical,raw/1b-baseline_historical_metrics.csv,2.726748511904762
28470,14.927003648,2.87890625,0.0001043057050592,historical,raw/1b-baseline_historical_metrics.csv,2.705357142857143
28480,14.932246528,3.3046875,0.0001041980624327,historical,raw/1b-baseline_historical_metrics.csv,2.7901785714285716
28490,14.937489408,1.73046875,0.0001040904198062,historical,raw/1b-baseline_historical_metrics.csv,2.7938988095238093
28500,14.942732288,3.19921875,0.0001039827771797,historical,raw/1b-baseline_historical_metrics.csv,2.8208705357142856
28510,14.947975168,3.1640625,0.0001038751345532,historical,raw/1b-baseline_historical_metrics.csv,2.8232886904761907
28520,14.953218048,2.6484375,0.0001037674919268,historical,raw/1b-baseline_historical_metrics.csv,2.8238467261904763
28530,14.958460928,1.802734375,0.0001036598493003,historical,raw/1b-baseline_historical_metrics.csv,2.7841331845238093
28540,14.963703808,2.8203125,0.0001035522066738,historical,raw/1b-baseline_historical_metrics.csv,2.7722284226190474
28550,14.968946688,2.56640625,0.0001034445640473,historical,raw/1b-baseline_historical_metrics.csv,2.716796875
28560,14.974189568,3.1953125,0.0001033369214208,historical,raw/1b-baseline_historical_metrics.csv,2.752139136904762
28570,14.979432448,3.19921875,0.0001032292787944,historical,raw/1b-baseline_historical_metrics.csv,2.751767113095238
28580,14.984675328,2.458984375,0.0001031216361679,historical,raw/1b-baseline_historical_metrics.csv,2.7472098214285716
28590,14.989918208,3.15625,0.0001030139935414,historical,raw/1b-baseline_historical_metrics.csv,2.802734375
28600,14.995161088,2.66796875,0.0001029063509149,historical,raw/1b-baseline_historical_metrics.csv,2.7718563988095237
28610,15.000403968,3.23046875,0.0001027987082884,historical,raw/1b-baseline_historical_metrics.csv,2.7718563988095237
28620,15.005646848,1.74609375,0.000102691065662,historical,raw/1b-baseline_historical_metrics.csv,2.7043340773809526
28630,15.010889728,3.07421875,0.0001025834230355,historical,raw/1b-baseline_historical_metrics.csv,2.699311755952381
28640,15.016132608,3.21484375,0.000102475780409,historical,raw/1b-baseline_historical_metrics.csv,2.7666480654761907
28650,15.021375488,3.2578125,0.0001023681377825,historical,raw/1b-baseline_historical_metrics.csv,2.8444940476190474
28660,15.026618368,1.630859375,0.000102260495156,historical,raw/1b-baseline_historical_metrics.csv,2.7685081845238093
28670,15.031861248,3.2109375,0.0001021528525296,historical,raw/1b-baseline_historical_metrics.csv,2.769438244047619
28680,15.037104128,2.46484375,0.0001020452099031,historical,raw/1b-baseline_historical_metrics.csv,2.749720982142857
28690,15.042347008,1.826171875,0.0001019375672766,historical,raw/1b-baseline_historical_metrics.csv,2.6793154761904763
28700,15.047589888,3.234375,0.0001018299246501,historical,raw/1b-baseline_historical_metrics.csv,2.7509300595238093
28710,15.052832768,2.625,0.0001017222820236,historical,raw/1b-baseline_historical_metrics.csv,2.7235863095238093
28720,15.058075648,3.2265625,0.0001016146393972,historical,raw/1b-baseline_historical_metrics.csv,2.7265625
28730,15.063318528,2.4375,0.0001015069967707,historical,raw/1b-baseline_historical_metrics.csv,2.716517857142857
28740,15.068561408,1.681640625,0.0001013993541442,historical,raw/1b-baseline_historical_metrics.csv,2.710751488095238
28750,15.073804288,1.755859375,0.0001012917115177,historical,raw/1b-baseline_historical_metrics.csv,2.660063244047619
28760,15.079047168,3.1484375,0.0001011840688912,historical,raw/1b-baseline_historical_metrics.csv,2.687779017857143
28770,15.084290048,2.828125,0.0001010764262648,historical,raw/1b-baseline_historical_metrics.csv,2.6702938988095237
28780,15.089532928,3.234375,0.0001009687836383,historical,raw/1b-baseline_historical_metrics.csv,2.671968005952381
28790,15.094775808,3.12890625,0.0001008611410118,historical,raw/1b-baseline_historical_metrics.csv,2.7038690476190474
28800,15.100018688,1.921875,0.0001007534983853,historical,raw/1b-baseline_historical_metrics.csv,2.6450892857142856
28810,15.105261568,3.10546875,0.0001006458557588,historical,raw/1b-baseline_historical_metrics.csv,2.665922619047619
28820,15.110504448,3.1015625,0.0001005382131324,historical,raw/1b-baseline_historical_metrics.csv,2.6597842261904763
28830,15.115747328,3.22265625,0.0001004305705059,historical,raw/1b-baseline_historical_metrics.csv,2.7300967261904763
28840,15.120990208,1.681640625,0.0001003229278794,historical,raw/1b-baseline_historical_metrics.csv,2.663783482142857
28850,15.126233088,2.0234375,0.0001002152852529,historical,raw/1b-baseline_historical_metrics.csv,2.6070498511904763
28860,15.131475968,3.2109375,0.0001001076426264,historical,raw/1b-baseline_historical_metrics.csv,2.6048177083333335
28870,15.136718848,3.21875,0.0001,historical,raw/1b-baseline_historical_metrics.csv,2.6804315476190474
28880,15.141961728,1.515625,9.989235737351994e-05,historical,raw/1b-baseline_historical_metrics.csv,2.599702380952381
28890,15.147204608,3.17578125,9.978471474703984e-05,historical,raw/1b-baseline_historical_metrics.csv,2.6335565476190474
28900,15.152447488,3.140625,9.967707212055976e-05,historical,raw/1b-baseline_historical_metrics.csv,2.6961495535714284
28910,15.157690368,3.13671875,9.956942949407966e-05,historical,raw/1b-baseline_historical_metrics.csv,2.691499255952381
28920,15.162933248,3.125,9.94617868675996e-05,historical,raw/1b-baseline_historical_metrics.csv,2.7153087797619047
28930,15.168176128,3.2265625,9.935414424111948e-05,historical,raw/1b-baseline_historical_metrics.csv,2.7153087797619047
28940,15.173419008,3.15625,9.924650161463942e-05,historical,raw/1b-baseline_historical_metrics.csv,2.7495349702380953
28950,15.178661888,2.58984375,9.913885898815931e-05,historical,raw/1b-baseline_historical_metrics.csv,2.792782738095238
28960,15.183904768,3.24609375,9.903121636167925e-05,historical,raw/1b-baseline_historical_metrics.csv,2.8637462797619047
28970,15.189147648,2.5078125,9.892357373519914e-05,historical,raw/1b-baseline_historical_metrics.csv,2.8332403273809526
28980,15.194390528,2.62109375,9.881593110871908e-05,historical,raw/1b-baseline_historical_metrics.csv,2.8233816964285716
28990,15.199633408,2.453125,9.870828848223896e-05,historical,raw/1b-baseline_historical_metrics.csv,2.7861793154761907
29000,15.204876288,3.2734375,9.86006458557589e-05,historical,raw/1b-baseline_historical_metrics.csv,2.793061755952381
29010,15.210119168,2.48046875,9.84930032292788e-05,historical,raw/1b-baseline_historical_metrics.csv,2.8196614583333335
29020,15.215362048,3.14453125,9.838536060279872e-05,historical,raw/1b-baseline_historical_metrics.csv,2.8215215773809526
29030,15.220604928,3.2421875,9.82777179763186e-05,historical,raw/1b-baseline_historical_metrics.csv,2.828218005952381
29040,15.225847808,3.234375,9.817007534983855e-05,historical,raw/1b-baseline_historical_metrics.csv,2.8287760416666665
29050,15.231090688,1.814453125,9.806243272335844e-05,historical,raw/1b-baseline_historical_metrics.csv,2.8351004464285716
29060,15.236333568,1.689453125,9.795479009687838e-05,historical,raw/1b-baseline_historical_metrics.csv,2.8191964285714284
29070,15.241576448,3.33203125,9.784714747039828e-05,historical,raw/1b-baseline_historical_metrics.csv,2.8249627976190474
29080,15.246819328,3.1328125,9.77395048439182e-05,historical,raw/1b-baseline_historical_metrics.csv,2.8208705357142856
29090,15.252062208,3.2421875,9.76318622174381e-05,historical,raw/1b-baseline_historical_metrics.csv,2.9030877976190474
29100,15.257305088,3.15234375,9.752421959095804e-05,historical,raw/1b-baseline_historical_metrics.csv,2.9019717261904763
29110,15.262547968,3.2421875,9.741657696447792e-05,historical,raw/1b-baseline_historical_metrics.csv,2.9068080357142856
29120,15.267790848,2.8125,9.730893433799786e-05,historical,raw/1b-baseline_historical_metrics.csv,2.8913690476190474
29130,15.273033728,2.6640625,9.720129171151775e-05,historical,raw/1b-baseline_historical_metrics.csv,2.869419642857143
29140,15.278276608,2.45703125,9.709364908503769e-05,historical,raw/1b-baseline_historical_metrics.csv,2.8327752976190474
29150,15.283519488,3.15625,9.698600645855758e-05,historical,raw/1b-baseline_historical_metrics.csv,2.8327752976190474
29160,15.288762368,3.1171875,9.68783638320775e-05,historical,raw/1b-baseline_historical_metrics.csv,2.8578869047619047
29170,15.294005248,3.0859375,9.67707212055974e-05,historical,raw/1b-baseline_historical_metrics.csv,2.8502604166666665
29180,15.299248128,3.18359375,9.666307857911734e-05,historical,raw/1b-baseline_historical_metrics.csv,2.8824404761904763
29190,15.304491008,2.0390625,9.655543595263724e-05,historical,raw/1b-baseline_historical_metrics.csv,2.8547247023809526
29200,15.309733888,3.078125,9.644779332615716e-05,historical,raw/1b-baseline_historical_metrics.csv,2.884486607142857
29210,15.314976768,3.20703125,9.634015069967704e-05,historical,raw/1b-baseline_historical_metrics.csv,2.8813244047619047
29220,15.320219648,3.2734375,9.6232508073197e-05,historical,raw/1b-baseline_historical_metrics.csv,2.9190848214285716
29230,15.325462528,3.16796875,9.612486544671689e-05,historical,raw/1b-baseline_historical_metrics.csv,2.920200892857143
29240,15.330705408,3.2421875,9.601722282023682e-05,historical,raw/1b-baseline_historical_metrics.csv,2.920200892857143
29250,15.335948288,3.23828125,9.590958019375676e-05,historical,raw/1b-baseline_historical_metrics.csv,2.9203869047619047
29260,15.341191168,3.34375,9.580193756727664e-05,historical,raw/1b-baseline_historical_metrics.csv,2.9932105654761907
29270,15.346434048,3.25390625,9.569429494079658e-05,historical,raw/1b-baseline_historical_metrics.csv,3.0677083333333335
29280,15.351676928,3.1171875,9.558665231431648e-05,historical,raw/1b-baseline_historical_metrics.csv,3.0574776785714284
29290,15.356919808,3.13671875,9.54790096878364e-05,historical,raw/1b-baseline_historical_metrics.csv,3.0576636904761907
29300,15.362162688,2.34375,9.53713670613563e-05,historical,raw/1b-baseline_historical_metrics.csv,3.0148809523809526
29310,15.367405568,1.828125,9.526372443487624e-05,historical,raw/1b-baseline_historical_metrics.csv,2.9518229166666665
29320,15.372648448,2.39453125,9.515608180839613e-05,historical,raw/1b-baseline_historical_metrics.csv,2.9114583333333335
29330,15.377891328,3.21484375,9.504843918191606e-05,historical,raw/1b-baseline_historical_metrics.csv,2.9306175595238093
29340,15.383134208,3.2578125,9.494079655543596e-05,historical,raw/1b-baseline_historical_metrics.csv,2.958891369047619
29350,15.388377088,3.16015625,9.483315392895588e-05,historical,raw/1b-baseline_historical_metrics.csv,2.992373511904762
29360,15.393619968,3.15234375,9.472551130247578e-05,historical,raw/1b-baseline_historical_metrics.csv,2.9921875
29370,15.398862848,3.14453125,9.461786867599572e-05,historical,raw/1b-baseline_historical_metrics.csv,2.9934895833333335
29380,15.404105728,2.48828125,9.45102260495156e-05,historical,raw/1b-baseline_historical_metrics.csv,2.965029761904762
29390,15.409348608,1.85546875,9.440258342303556e-05,historical,raw/1b-baseline_historical_metrics.csv,2.9017857142857144
29400,15.414591488,3.13671875,9.429494079655544e-05,historical,raw/1b-baseline_historical_metrics.csv,2.9540550595238093
29410,15.419834368,3.16015625,9.418729817007537e-05,historical,raw/1b-baseline_historical_metrics.csv,2.9579613095238093
29420,15.425077248,3.0703125,9.407965554359526e-05,historical,raw/1b-baseline_historical_metrics.csv,2.951450892857143
29430,15.430320128,2.56640625,9.39720129171152e-05,historical,raw/1b-baseline_historical_metrics.csv,2.917782738095238
29440,15.435563008,3.2578125,9.386437029063508e-05,historical,raw/1b-baseline_historical_metrics.csv,2.922061011904762
29450,15.440805888,3.140625,9.375672766415502e-05,historical,raw/1b-baseline_historical_metrics.csv,2.9172247023809526
29460,15.446048768,3.28515625,9.364908503767492e-05,historical,raw/1b-baseline_historical_metrics.csv,2.9194568452380953
29470,15.451291648,3.11328125,9.354144241119484e-05,historical,raw/1b-baseline_historical_metrics.csv,2.908482142857143
29480,15.456534528,3.26171875,9.343379978471472e-05,historical,raw/1b-baseline_historical_metrics.csv,2.9088541666666665
29490,15.461777408,3.171875,9.332615715823468e-05,historical,raw/1b-baseline_historical_metrics.csv,2.9114583333333335
29500,15.467020288,1.728515625,9.321851453175457e-05,historical,raw/1b-baseline_historical_metrics.csv,2.8444010416666665
29510,15.472263168,3.05078125,9.31108719052745e-05,historical,raw/1b-baseline_historical_metrics.csv,2.8780691964285716
29520,15.477506048,1.55859375,9.30032292787944e-05,historical,raw/1b-baseline_historical_metrics.csv,2.865234375
29530,15.482748928,3.25,9.289558665231432e-05,historical,raw/1b-baseline_historical_metrics.csv,2.905970982142857
29540,15.487991808,1.751953125,9.278794402583422e-05,historical,raw/1b-baseline_historical_metrics.csv,2.8363095238095237
29550,15.493234688,3.1171875,9.268030139935416e-05,historical,raw/1b-baseline_historical_metrics.csv,2.8296130952380953
29560,15.498477568,2.6015625,9.257265877287404e-05,historical,raw/1b-baseline_historical_metrics.csv,2.803013392857143
29570,15.503720448,3.140625,9.2465016146394e-05,historical,raw/1b-baseline_historical_metrics.csv,2.802455357142857
29580,15.508963328,3.21875,9.235737351991388e-05,historical,raw/1b-baseline_historical_metrics.csv,2.8059895833333335
29590,15.514206208,2.6171875,9.22497308934338e-05,historical,raw/1b-baseline_historical_metrics.csv,2.8121279761904763
29600,15.519449088,3.1015625,9.21420882669537e-05,historical,raw/1b-baseline_historical_metrics.csv,2.8714657738095237
29610,15.524691968,3.140625,9.203444564047364e-05,historical,raw/1b-baseline_historical_metrics.csv,2.8716517857142856
29620,15.529934848,3.046875,9.192680301399356e-05,historical,raw/1b-baseline_historical_metrics.csv,2.8662574404761907
29630,15.535177728,3.30859375,9.181916038751346e-05,historical,raw/1b-baseline_historical_metrics.csv,2.8776041666666665
29640,15.540420608,3.2734375,9.17115177610334e-05,historical,raw/1b-baseline_historical_metrics.csv,2.9112723214285716
29650,15.545663488,2.859375,9.160387513455328e-05,historical,raw/1b-baseline_historical_metrics.csv,2.892299107142857
29660,15.550906368,3.23828125,9.149623250807324e-05,historical,raw/1b-baseline_historical_metrics.csv,2.8969494047619047
29670,15.556149248,3.1640625,9.138858988159312e-05,historical,raw/1b-baseline_historical_metrics.csv,2.8911830357142856
29680,15.561392128,3.23828125,9.128094725511305e-05,historical,raw/1b-baseline_historical_metrics.csv,2.8971354166666665
29690,15.566635008,3.2421875,9.117330462863294e-05,historical,raw/1b-baseline_historical_metrics.csv,2.896205357142857
29700,15.571877888,2.546875,9.106566200215288e-05,historical,raw/1b-baseline_historical_metrics.csv,2.8664434523809526
29710,15.577120768,3.171875,9.095801937567276e-05,historical,raw/1b-baseline_historical_metrics.csv,2.9351748511904763
29720,15.582363648,1.9375,9.08503767491927e-05,historical,raw/1b-baseline_historical_metrics.csv,2.8821614583333335
29730,15.587606528,3.16796875,9.07427341227126e-05,historical,raw/1b-baseline_historical_metrics.csv,2.958798363095238
29740,15.592849408,3.17578125,9.063509149623252e-05,historical,raw/1b-baseline_historical_metrics.csv,2.955264136904762
29750,15.598092288,3.203125,9.05274488697524e-05,historical,raw/1b-baseline_historical_metrics.csv,3.0243675595238093
29760,15.603335168,2.59375,9.041980624327236e-05,historical,raw/1b-baseline_historical_metrics.csv,2.9994419642857144
29770,15.608578048,1.67578125,9.031216361679225e-05,historical,raw/1b-baseline_historical_metrics.csv,2.955357142857143
29780,15.613820928,2.515625,9.020452099031218e-05,historical,raw/1b-baseline_historical_metrics.csv,2.925595238095238
29790,15.619063808,1.6875,9.009687836383208e-05,historical,raw/1b-baseline_historical_metrics.csv,2.8526785714285716
29800,15.624306688,3.140625,8.998923573735201e-05,historical,raw/1b-baseline_historical_metrics.csv,2.8776041666666665
29810,15.629549568,3.16015625,8.98815931108719e-05,historical,raw/1b-baseline_historical_metrics.csv,2.8803943452380953
29820,15.634792448,3.14453125,8.977395048439183e-05,historical,raw/1b-baseline_historical_metrics.csv,2.880580357142857
29830,15.640035328,2.55859375,8.966630785791172e-05,historical,raw/1b-baseline_historical_metrics.csv,2.857328869047619
29840,15.645278208,3.109375,8.955866523143167e-05,historical,raw/1b-baseline_historical_metrics.csv,2.847842261904762
29850,15.650521088,3.15625,8.945102260495156e-05,historical,raw/1b-baseline_historical_metrics.csv,2.8422619047619047
29860,15.655763968,2.84765625,8.934337997847149e-05,historical,raw/1b-baseline_historical_metrics.csv,2.841703869047619
29870,15.661006848,2.546875,8.923573735199138e-05,historical,raw/1b-baseline_historical_metrics.csv,2.808779761904762
29880,15.666249728,3.171875,8.912809472551131e-05,historical,raw/1b-baseline_historical_metrics.csv,2.8091517857142856
29890,15.671492608,2.58203125,8.902045209903121e-05,historical,raw/1b-baseline_historical_metrics.csv,2.7779017857142856
29900,15.676735488,2.5859375,8.891280947255114e-05,historical,raw/1b-baseline_historical_metrics.csv,2.7466517857142856
29910,15.681978368,2.54296875,8.880516684607103e-05,historical,raw/1b-baseline_historical_metrics.csv,2.7464657738095237
29920,15.687221248,3.13671875,8.869752421959096e-05,historical,raw/1b-baseline_historical_metrics.csv,2.7447916666666665
29930,15.692464128,3.140625,8.858988159311085e-05,historical,raw/1b-baseline_historical_metrics.csv,2.8020833333333335
29940,15.697707008,3.2109375,8.84822389666308e-05,historical,raw/1b-baseline_historical_metrics.csv,2.8041294642857144
29950,15.702949888,3.140625,8.837459634015069e-05,historical,raw/1b-baseline_historical_metrics.csv,2.802455357142857
29960,15.708192768,3.16796875,8.826695371367062e-05,historical,raw/1b-baseline_historical_metrics.csv,2.80078125
29970,15.713435648,3.12890625,8.815931108719051e-05,historical,raw/1b-baseline_historical_metrics.csv,2.826264880952381
29980,15.718678528,1.62109375,8.805166846071045e-05,historical,raw/1b-baseline_historical_metrics.csv,2.8236607142857144
29990,15.723921408,3.1875,8.794402583423038e-05,historical,raw/1b-baseline_historical_metrics.csv,2.855654761904762
30000,15.729164288,3.01953125,8.783638320775027e-05,historical,raw/1b-baseline_historical_metrics.csv,2.9190848214285716
30010,15.734407168,3.171875,8.77287405812702e-05,historical,raw/1b-baseline_historical_metrics.csv,2.9205729166666665
30020,15.739650048,3.20703125,8.762109795479009e-05,historical,raw/1b-baseline_historical_metrics.csv,2.9228050595238093
30030,15.744892928,1.888671875,8.751345532831004e-05,historical,raw/1b-baseline_historical_metrics.csv,2.863002232142857
30040,15.750135808,3.28515625,8.740581270182993e-05,historical,raw/1b-baseline_historical_metrics.csv,2.8976004464285716
30050,15.755378688,3.25,8.729817007534986e-05,historical,raw/1b-baseline_historical_metrics.csv,2.904296875
30060,15.760621568,3.171875,8.719052744886975e-05,historical,raw/1b-baseline_historical_metrics.csv,2.9050409226190474
30070,15.765864448,3.16796875,8.708288482238969e-05,historical,raw/1b-baseline_historical_metrics.csv,2.9202938988095237
30080,15.771107328,3.24609375,8.697524219590958e-05,historical,raw/1b-baseline_historical_metrics.csv,2.9535900297619047
30090,15.776350208,2.703125,8.686759956942951e-05,historical,raw/1b-baseline_historical_metrics.csv,2.9312686011904763
30100,15.781593088,3.2109375,8.67599569429494e-05,historical,raw/1b-baseline_historical_metrics.csv,2.961216517857143
30110,15.786835968,2.5625,8.665231431646935e-05,historical,raw/1b-baseline_historical_metrics.csv,2.9601004464285716
30120,15.792078848,1.833984375,8.654467168998924e-05,historical,raw/1b-baseline_historical_metrics.csv,2.9263392857142856
30130,15.797321728,1.900390625,8.643702906350917e-05,historical,raw/1b-baseline_historical_metrics.csv,2.867466517857143
30140,15.802564608,3.11328125,8.632938643702906e-05,historical,raw/1b-baseline_historical_metrics.csv,2.8661644345238093
30150,15.807807488,1.6875,8.622174381054899e-05,historical,raw/1b-baseline_historical_metrics.csv,2.7936197916666665
30160,15.813050368,3.30859375,8.611410118406889e-05,historical,raw/1b-baseline_historical_metrics.csv,2.8016183035714284
30170,15.818293248,3.09375,8.600645855758882e-05,historical,raw/1b-baseline_historical_metrics.csv,2.7980840773809526
30180,15.823536128,3.2734375,8.589881593110871e-05,historical,raw/1b-baseline_historical_metrics.csv,2.804966517857143
30190,15.828779008,3.28515625,8.579117330462864e-05,historical,raw/1b-baseline_historical_metrics.csv,2.8842075892857144
30200,15.834021888,3.15234375,8.568353067814853e-05,historical,raw/1b-baseline_historical_metrics.csv,2.882533482142857
30210,15.839264768,3.125,8.557588805166848e-05,historical,raw/1b-baseline_historical_metrics.csv,2.8875558035714284
30220,15.844507648,2.5859375,8.546824542518837e-05,historical,raw/1b-baseline_historical_metrics.csv,2.859654017857143
30230,15.849750528,3.44140625,8.53606027987083e-05,historical,raw/1b-baseline_historical_metrics.csv,2.870814732142857
30240,15.854993408,3.2890625,8.525296017222819e-05,historical,raw/1b-baseline_historical_metrics.csv,2.9375
30250,15.860236288,3.26953125,8.514531754574813e-05,historical,raw/1b-baseline_historical_metrics.csv,2.9367559523809526
30260,15.865479168,1.908203125,8.503767491926802e-05,historical,raw/1b-baseline_historical_metrics.csv,2.872860863095238
30270,15.870722048,3.21484375,8.493003229278795e-05,historical,raw/1b-baseline_historical_metrics.csv,2.874906994047619
30280,15.875964928,2.6953125,8.482238966630784e-05,historical,raw/1b-baseline_historical_metrics.csv,2.8523995535714284
30290,15.881207808,1.697265625,8.471474703982779e-05,historical,raw/1b-baseline_historical_metrics.csv,2.7786458333333335
30300,15.886450688,3.19921875,8.460710441334768e-05,historical,raw/1b-baseline_historical_metrics.csv,2.8022693452380953
30310,15.891693568,2.609375,8.449946178686761e-05,historical,raw/1b-baseline_historical_metrics.csv,2.773623511904762
30320,15.896936448,1.390625,8.43918191603875e-05,historical,raw/1b-baseline_historical_metrics.csv,2.7178199404761907
30330,15.902179328,3.1796875,8.428417653390743e-05,historical,raw/1b-baseline_historical_metrics.csv,2.7819010416666665
30340,15.907422208,2.546875,8.417653390742732e-05,historical,raw/1b-baseline_historical_metrics.csv,2.812686011904762
30350,15.912665088,3.1171875,8.406889128094726e-05,historical,raw/1b-baseline_historical_metrics.csv,2.8128720238095237
30360,15.917907968,2.76953125,8.396124865446719e-05,historical,raw/1b-baseline_historical_metrics.csv,2.8643973214285716
30370,15.923150848,3.28515625,8.385360602798708e-05,historical,raw/1b-baseline_historical_metrics.csv,2.86328125
30380,15.928393728,3.046875,8.374596340150703e-05,historical,raw/1b-baseline_historical_metrics.csv,2.861049107142857
30390,15.933636608,1.818359375,8.363832077502692e-05,historical,raw/1b-baseline_historical_metrics.csv,2.7917596726190474
30400,15.938879488,3.203125,8.353067814854685e-05,historical,raw/1b-baseline_historical_metrics.csv,2.7878534226190474
30410,15.944122368,2.5703125,8.342303552206674e-05,historical,raw/1b-baseline_historical_metrics.csv,2.7601376488095237
30420,15.949365248,1.328125,8.331539289558667e-05,historical,raw/1b-baseline_historical_metrics.csv,2.6745721726190474
30430,15.954608128,3.19921875,8.320775026910657e-05,historical,raw/1b-baseline_historical_metrics.csv,2.7037760416666665
30440,15.959851008,3.09765625,8.31001076426265e-05,historical,raw/1b-baseline_historical_metrics.csv,2.687406994047619
30450,15.965093888,2.40234375,8.299246501614639e-05,historical,raw/1b-baseline_historical_metrics.csv,2.6451822916666665
30460,15.970336768,3.21875,8.288482238966632e-05,historical,raw/1b-baseline_historical_metrics.csv,2.642764136904762
30470,15.975579648,3.2265625,8.277717976318621e-05,historical,raw/1b-baseline_historical_metrics.csv,2.7055431547619047
30480,15.980822528,3.109375,8.266953713670616e-05,historical,raw/1b-baseline_historical_metrics.csv,2.7005208333333335
30490,15.986065408,2.978515625,8.256189451022605e-05,historical,raw/1b-baseline_historical_metrics.csv,2.7140066964285716
30500,15.991308288,1.6796875,8.245425188374598e-05,historical,raw/1b-baseline_historical_metrics.csv,2.713169642857143
30510,15.996551168,1.7890625,8.234660925726587e-05,historical,raw/1b-baseline_historical_metrics.csv,2.6460193452380953
30520,16.001794048,1.5625,8.223896663078581e-05,historical,raw/1b-baseline_historical_metrics.csv,2.5961681547619047
30530,16.007036928,3.2265625,8.21313240043057e-05,historical,raw/1b-baseline_historical_metrics.csv,2.68359375
30540,16.012279808,1.708984375,8.202368137782563e-05,historical,raw/1b-baseline_historical_metrics.csv,2.613560267857143
30550,16.017522688,2.87109375,8.191603875134552e-05,historical,raw/1b-baseline_historical_metrics.csv,2.628999255952381
30560,16.022765568,1.626953125,8.180839612486547e-05,historical,raw/1b-baseline_historical_metrics.csv,2.5580357142857144
30570,16.028008448,2.46875,8.170075349838536e-05,historical,raw/1b-baseline_historical_metrics.csv,2.5437127976190474
30580,16.033251328,2.41015625,8.159311087190529e-05,historical,raw/1b-baseline_historical_metrics.csv,2.502046130952381
30590,16.038494208,3.125,8.148546824542518e-05,historical,raw/1b-baseline_historical_metrics.csv,2.505766369047619
30600,16.043737088,3.21875,8.137782561894511e-05,historical,raw/1b-baseline_historical_metrics.csv,2.572451636904762
30610,16.048979968,3.125,8.1270182992465e-05,historical,raw/1b-baseline_historical_metrics.csv,2.5687313988095237
30620,16.054222848,3.23046875,8.116254036598494e-05,historical,raw/1b-baseline_historical_metrics.csv,2.6001674107142856
30630,16.059465728,1.6484375,8.105489773950483e-05,historical,raw/1b-baseline_historical_metrics.csv,2.615420386904762
30640,16.064708608,2.03125,8.094725511302476e-05,historical,raw/1b-baseline_historical_metrics.csv,2.5598028273809526
30650,16.069951488,3.16796875,8.083961248654465e-05,historical,raw/1b-baseline_historical_metrics.csv,2.5631510416666665
30660,16.075194368,3.19921875,8.07319698600646e-05,historical,raw/1b-baseline_historical_metrics.csv,2.6010974702380953
30670,16.080437248,3.3046875,8.062432723358449e-05,historical,raw/1b-baseline_historical_metrics.csv,2.605189732142857
30680,16.085680128,1.9375,8.051668460710442e-05,historical,raw/1b-baseline_historical_metrics.csv,2.5438058035714284
30690,16.090923008,1.73046875,8.040904198062431e-05,historical,raw/1b-baseline_historical_metrics.csv,2.4781436011904763
30700,16.096165888,3.109375,8.030139935414425e-05,historical,raw/1b-baseline_historical_metrics.csv,2.484375
30710,16.101408768,3.24609375,8.019375672766414e-05,historical,raw/1b-baseline_historical_metrics.csv,2.5589657738095237
30720,16.106651648,3.0703125,8.008611410118407e-05,historical,raw/1b-baseline_historical_metrics.csv,2.6199776785714284
30730,16.111894528,2.625,7.9978471474704e-05,historical,raw/1b-baseline_historical_metrics.csv,2.6705729166666665
30740,16.117137408,3.27734375,7.98708288482239e-05,historical,raw/1b-baseline_historical_metrics.csv,2.6729910714285716
30750,16.122380288,3.19921875,7.976318622174384e-05,historical,raw/1b-baseline_historical_metrics.csv,2.743954613095238
30760,16.127623168,2.33984375,7.965554359526373e-05,historical,raw/1b-baseline_historical_metrics.csv,2.718656994047619
30770,16.132866048,2.1484375,7.954790096878366e-05,historical,raw/1b-baseline_historical_metrics.csv,2.7434895833333335
30780,16.138108928,3.14453125,7.944025834230355e-05,historical,raw/1b-baseline_historical_metrics.csv,2.775669642857143
30790,16.143351808,1.986328125,7.933261571582349e-05,historical,raw/1b-baseline_historical_metrics.csv,2.7554873511904763
30800,16.148594688,1.646484375,7.922497308934338e-05,historical,raw/1b-baseline_historical_metrics.csv,2.6850818452380953
30810,16.153837568,2.796875,7.911733046286331e-05,historical,raw/1b-baseline_historical_metrics.csv,2.6649925595238093
30820,16.159080448,1.3359375,7.90096878363832e-05,historical,raw/1b-baseline_historical_metrics.csv,2.579799107142857
30830,16.164323328,3.32421875,7.890204520990315e-05,historical,raw/1b-baseline_historical_metrics.csv,2.584263392857143
30840,16.169566208,1.837890625,7.879440258342304e-05,historical,raw/1b-baseline_historical_metrics.csv,2.5932849702380953
30850,16.174809088,1.91015625,7.868675995694297e-05,historical,raw/1b-baseline_historical_metrics.csv,2.5875186011904763
30860,16.180051968,3.20703125,7.857911733046286e-05,historical,raw/1b-baseline_historical_metrics.csv,2.5893787202380953
30870,16.185294848,3.0390625,7.847147470398279e-05,historical,raw/1b-baseline_historical_metrics.csv,2.581752232142857
30880,16.190537728,3.09765625,7.836383207750269e-05,historical,raw/1b-baseline_historical_metrics.csv,2.5718936011904763
30890,16.195780608,2.34375,7.825618945102262e-05,historical,raw/1b-baseline_historical_metrics.csv,2.5912388392857144
30900,16.201023488,3.12109375,7.814854682454251e-05,historical,raw/1b-baseline_historical_metrics.csv,2.6574590773809526
30910,16.206266368,2.4375,7.804090419806244e-05,historical,raw/1b-baseline_historical_metrics.csv,2.6254650297619047
30920,16.211509248,3.0625,7.793326157158233e-05,historical,raw/1b-baseline_historical_metrics.csv,2.6167224702380953
30930,16.216752128,1.95703125,7.782561894510228e-05,historical,raw/1b-baseline_historical_metrics.csv,2.5637090773809526
30940,16.221995008,2.44921875,7.771797631862217e-05,historical,raw/1b-baseline_historical_metrics.csv,2.5553385416666665
30950,16.227237888,2.609375,7.76103336921421e-05,historical,raw/1b-baseline_historical_metrics.csv,2.523530505952381
30960,16.232480768,1.78515625,7.750269106566199e-05,historical,raw/1b-baseline_historical_metrics.csv,2.4561941964285716
30970,16.237723648,1.576171875,7.739504843918193e-05,historical,raw/1b-baseline_historical_metrics.csv,2.419828869047619
30980,16.242966528,3.31640625,7.728740581270182e-05,historical,raw/1b-baseline_historical_metrics.csv,2.4754464285714284
30990,16.248209408,3.140625,7.717976318622175e-05,historical,raw/1b-baseline_historical_metrics.csv,2.4752604166666665
31000,16.253452288,3.16796875,7.707212055974164e-05,historical,raw/1b-baseline_historical_metrics.csv,2.531529017857143
31010,16.258695168,1.740234375,7.696447793326157e-05,historical,raw/1b-baseline_historical_metrics.csv,2.5359933035714284
31020,16.263938048,3.16796875,7.685683530678148e-05,historical,raw/1b-baseline_historical_metrics.csv,2.5536644345238093
31030,16.269180928,3.13671875,7.674919268030141e-05,historical,raw/1b-baseline_historical_metrics.csv,2.6394159226190474
31040,16.274423808,2.671875,7.66415500538213e-05,historical,raw/1b-baseline_historical_metrics.csv,2.6083519345238093
31050,16.279666688,3.30078125,7.653390742734123e-05,historical,raw/1b-baseline_historical_metrics.csv,2.678013392857143
31060,16.284909568,3.0703125,7.642626480086112e-05,historical,raw/1b-baseline_historical_metrics.csv,2.7332589285714284
31070,16.290152448,3.07421875,7.631862217438106e-05,historical,raw/1b-baseline_historical_metrics.csv,2.7269345238095237
31080,16.295395328,1.8046875,7.621097954790095e-05,historical,raw/1b-baseline_historical_metrics.csv,2.668154761904762
31090,16.300638208,3.1640625,7.610333692142088e-05,historical,raw/1b-baseline_historical_metrics.csv,2.6713169642857144
31100,16.305881088,1.9140625,7.599569429494083e-05,historical,raw/1b-baseline_historical_metrics.csv,2.6508556547619047
31110,16.311123968,3.2265625,7.588805166846072e-05,historical,raw/1b-baseline_historical_metrics.csv,2.6558779761904763
31120,16.316366848,3.16015625,7.578040904198065e-05,historical,raw/1b-baseline_historical_metrics.csv,2.6902901785714284
31130,16.321609728,3.1328125,7.567276641550054e-05,historical,raw/1b-baseline_historical_metrics.csv,2.693638392857143
31140,16.326852608,3.1640625,7.556512378902047e-05,historical,raw/1b-baseline_historical_metrics.csv,2.7511160714285716
31150,16.332095488,1.701171875,7.545748116254037e-05,historical,raw/1b-baseline_historical_metrics.csv,2.7154947916666665
31160,16.337338368,3.0234375,7.53498385360603e-05,historical,raw/1b-baseline_historical_metrics.csv,2.7352120535714284
31170,16.342581248,1.65234375,7.52421959095802e-05,historical,raw/1b-baseline_historical_metrics.csv,2.7288876488095237
31180,16.347824128,2.08984375,7.513455328310012e-05,historical,raw/1b-baseline_historical_metrics.csv,2.7533482142857144
31190,16.353067008,2.38671875,7.502691065662001e-05,historical,raw/1b-baseline_historical_metrics.csv,2.709077380952381
31200,16.358309888,3.15625,7.491926803013996e-05,historical,raw/1b-baseline_historical_metrics.csv,2.7098214285714284
31210,16.363552768,3.06640625,7.481162540365985e-05,historical,raw/1b-baseline_historical_metrics.csv,2.704985119047619
31220,16.368795648,2.39453125,7.470398277717978e-05,historical,raw/1b-baseline_historical_metrics.csv,2.736142113095238
31230,16.374038528,3.28515625,7.459634015069967e-05,historical,raw/1b-baseline_historical_metrics.csv,2.7417224702380953
31240,16.379281408,3.07421875,7.448869752421961e-05,historical,raw/1b-baseline_historical_metrics.csv,2.7387462797619047
31250,16.384524288,3.3125,7.43810548977395e-05,historical,raw/1b-baseline_historical_metrics.csv,2.769252232142857
31260,16.389767168,1.71484375,7.427341227125943e-05,historical,raw/1b-baseline_historical_metrics.csv,2.6937313988095237
31270,16.395010048,3.2734375,7.416576964477932e-05,historical,raw/1b-baseline_historical_metrics.csv,2.703404017857143
31280,16.400252928,3.0859375,7.405812701829927e-05,historical,raw/1b-baseline_historical_metrics.csv,2.7039620535714284
31290,16.405495808,2.01171875,7.395048439181916e-05,historical,raw/1b-baseline_historical_metrics.csv,2.7138206845238093
31300,16.410738688,3.1953125,7.384284176533909e-05,historical,raw/1b-baseline_historical_metrics.csv,2.7153087797619047
31310,16.415981568,3.171875,7.373519913885898e-05,historical,raw/1b-baseline_historical_metrics.csv,2.775204613095238
31320,16.421224448,3.1640625,7.362755651237891e-05,historical,raw/1b-baseline_historical_metrics.csv,2.7722284226190474
31330,16.426467328,3.13671875,7.35199138858988e-05,historical,raw/1b-baseline_historical_metrics.csv,2.7711123511904763
31340,16.431710208,3.3359375,7.341227125941874e-05,historical,raw/1b-baseline_historical_metrics.csv,2.7807849702380953
31350,16.436953088,2.67578125,7.330462863293863e-05,historical,raw/1b-baseline_historical_metrics.csv,2.757533482142857
31360,16.442195968,3.15625,7.319698600645856e-05,historical,raw/1b-baseline_historical_metrics.csv,2.8268229166666665
31370,16.447438848,3.28125,7.308934337997845e-05,historical,raw/1b-baseline_historical_metrics.csv,2.8390997023809526
31380,16.452681728,2.0234375,7.29817007534984e-05,historical,raw/1b-baseline_historical_metrics.csv,2.8567708333333335
31390,16.457924608,3.12109375,7.287405812701829e-05,historical,raw/1b-baseline_historical_metrics.csv,2.9058779761904763
31400,16.463167488,1.759765625,7.276641550053822e-05,historical,raw/1b-baseline_historical_metrics.csv,2.8760230654761907
31410,16.468410368,3.29296875,7.265877287405811e-05,historical,raw/1b-baseline_historical_metrics.csv,2.882533482142857
31420,16.473653248,1.4609375,7.255113024757805e-05,historical,raw/1b-baseline_historical_metrics.csv,2.8060825892857144
31430,16.478896128,3.19921875,7.244348762109794e-05,historical,raw/1b-baseline_historical_metrics.csv,2.8444010416666665
31440,16.484139008,1.892578125,7.233584499461787e-05,historical,raw/1b-baseline_historical_metrics.csv,2.7780877976190474
31450,16.489381888,3.109375,7.222820236813776e-05,historical,raw/1b-baseline_historical_metrics.csv,2.7797619047619047
31460,16.494624768,3.1328125,7.21205597416577e-05,historical,raw/1b-baseline_historical_metrics.csv,2.771205357142857
31470,16.499867648,1.9296875,7.20129171151776e-05,historical,raw/1b-baseline_historical_metrics.csv,2.781436011904762
31480,16.505110528,2.51171875,7.190527448869753e-05,historical,raw/1b-baseline_historical_metrics.csv,2.7451636904761907
31490,16.510353408,2.64453125,7.179763186221746e-05,historical,raw/1b-baseline_historical_metrics.csv,2.7241443452380953
31500,16.515596288,2.78125,7.168998923573735e-05,historical,raw/1b-baseline_historical_metrics.csv,2.7607886904761907
31510,16.520839168,3.2890625,7.15823466092573e-05,historical,raw/1b-baseline_historical_metrics.csv,2.7652529761904763
31520,16.526082048,3.10546875,7.147470398277718e-05,historical,raw/1b-baseline_historical_metrics.csv,2.7620907738095237
31530,16.531324928,3.0546875,7.136706135629711e-05,historical,raw/1b-baseline_historical_metrics.csv,2.7568824404761907
31540,16.536567808,3.26953125,7.1259418729817e-05,historical,raw/1b-baseline_historical_metrics.csv,2.7632068452380953
31550,16.541810688,3.1171875,7.115177610333695e-05,historical,raw/1b-baseline_historical_metrics.csv,2.7527901785714284
31560,16.547053568,3.28515625,7.104413347685684e-05,historical,raw/1b-baseline_historical_metrics.csv,2.7818080357142856
31570,16.552296448,1.890625,7.093649085037677e-05,historical,raw/1b-baseline_historical_metrics.csv,2.7215401785714284
31580,16.557539328,3.296875,7.082884822389666e-05,historical,raw/1b-baseline_historical_metrics.csv,2.7222842261904763
31590,16.562782208,3.2265625,7.072120559741659e-05,historical,raw/1b-baseline_historical_metrics.csv,2.779575892857143
31600,16.568025088,1.9375,7.061356297093648e-05,historical,raw/1b-baseline_historical_metrics.csv,2.7232142857142856
31610,16.573267968,3.1015625,7.050592034445642e-05,historical,raw/1b-baseline_historical_metrics.csv,2.787109375
31620,16.578510848,3.16796875,7.039827771797631e-05,historical,raw/1b-baseline_historical_metrics.csv,2.781156994047619
31630,16.583753728,3.2734375,7.029063509149624e-05,historical,raw/1b-baseline_historical_metrics.csv,2.867466517857143
31640,16.588996608,3.04296875,7.018299246501613e-05,historical,raw/1b-baseline_historical_metrics.csv,2.8600260416666665
31650,16.594239488,3.25390625,7.007534983853608e-05,historical,raw/1b-baseline_historical_metrics.csv,2.9248511904761907
31660,16.599482368,1.55078125,6.996770721205597e-05,historical,raw/1b-baseline_historical_metrics.csv,2.8506324404761907
31670,16.604725248,2.51953125,6.98600645855759e-05,historical,raw/1b-baseline_historical_metrics.csv,2.8214285714285716
31680,16.609968128,3.10546875,6.975242195909579e-05,historical,raw/1b-baseline_historical_metrics.csv,2.8774181547619047
31690,16.615211008,1.822265625,6.964477933261573e-05,historical,raw/1b-baseline_historical_metrics.csv,2.8445870535714284
31700,16.620453888,2.78125,6.953713670613562e-05,historical,raw/1b-baseline_historical_metrics.csv,2.8510974702380953
31710,16.625696768,1.5078125,6.942949407965555e-05,historical,raw/1b-baseline_historical_metrics.csv,2.7904575892857144
31720,16.630939648,1.4375,6.932185145317544e-05,historical,raw/1b-baseline_historical_metrics.csv,2.7022879464285716
31730,16.636182528,3.1640625,6.921420882669538e-05,historical,raw/1b-baseline_historical_metrics.csv,2.705078125
31740,16.641425408,3.26953125,6.910656620021528e-05,historical,raw/1b-baseline_historical_metrics.csv,2.7153087797619047
31750,16.646668288,3.18359375,6.899892357373521e-05,historical,raw/1b-baseline_historical_metrics.csv,2.711216517857143
31760,16.651911168,1.7109375,6.88912809472551e-05,historical,raw/1b-baseline_historical_metrics.csv,2.644252232142857
31770,16.657154048,3.1953125,6.878363832077503e-05,historical,raw/1b-baseline_historical_metrics.csv,2.6399739583333335
31780,16.662396928,3.2265625,6.867599569429492e-05,historical,raw/1b-baseline_historical_metrics.csv,2.7035900297619047
31790,16.667639808,1.904296875,6.856835306781486e-05,historical,raw/1b-baseline_historical_metrics.csv,2.6372767857142856
31800,16.672882688,2.62890625,6.846071044133475e-05,historical,raw/1b-baseline_historical_metrics.csv,2.6088169642857144
31810,16.678125568,3.17578125,6.835306781485468e-05,historical,raw/1b-baseline_historical_metrics.csv,2.667782738095238
31820,16.683368448,3.1953125,6.824542518837457e-05,historical,raw/1b-baseline_historical_metrics.csv,2.6722470238095237
31830,16.688611328,2.62890625,6.813778256189452e-05,historical,raw/1b-baseline_historical_metrics.csv,2.646577380952381
31840,16.693854208,3.0859375,6.803013993541441e-05,historical,raw/1b-baseline_historical_metrics.csv,2.6376488095238093
31850,16.699097088,3.16796875,6.792249730893434e-05,historical,raw/1b-baseline_historical_metrics.csv,2.6436011904761907
31860,16.704339968,3.1796875,6.781485468245427e-05,historical,raw/1b-baseline_historical_metrics.csv,2.6400669642857144
31870,16.709582848,3.16015625,6.770721205597417e-05,historical,raw/1b-baseline_historical_metrics.csv,2.716703869047619
31880,16.714825728,3.1953125,6.75995694294941e-05,historical,raw/1b-baseline_historical_metrics.csv,2.7488839285714284
31890,16.720068608,1.876953125,6.7491926803014e-05,historical,raw/1b-baseline_historical_metrics.csv,2.6903831845238093
31900,16.725311488,3.1953125,6.738428417653393e-05,historical,raw/1b-baseline_historical_metrics.csv,2.755766369047619
31910,16.730554368,2.5703125,6.727664155005382e-05,historical,raw/1b-baseline_historical_metrics.csv,2.7457217261904763
31920,16.735797248,3.328125,6.716899892357376e-05,historical,raw/1b-baseline_historical_metrics.csv,2.8324032738095237
31930,16.741040128,3.25390625,6.706135629709365e-05,historical,raw/1b-baseline_historical_metrics.csv,2.9188988095238093
31940,16.746283008,3.15234375,6.695371367061358e-05,historical,raw/1b-baseline_historical_metrics.csv,2.9183407738095237
31950,16.751525888,1.736328125,6.684607104413347e-05,historical,raw/1b-baseline_historical_metrics.csv,2.8453311011904763
31960,16.756768768,3.19140625,6.673842841765341e-05,historical,raw/1b-baseline_historical_metrics.csv,2.845703125
31970,16.762011648,3.16796875,6.66307857911733e-05,historical,raw/1b-baseline_historical_metrics.csv,2.9150855654761907
31980,16.767254528,2.65625,6.652314316469324e-05,historical,raw/1b-baseline_historical_metrics.csv,2.8894159226190474
31990,16.772497408,3.1953125,6.641550053821313e-05,historical,raw/1b-baseline_historical_metrics.csv,2.8879278273809526
32000,16.777740288,3.203125,6.630785791173306e-05,historical,raw/1b-baseline_historical_metrics.csv,2.9497767857142856
32010,16.782983168,3.10546875,6.620021528525296e-05,historical,raw/1b-baseline_historical_metrics.csv,2.972470238095238
32020,16.788226048,2.6640625,6.609257265877289e-05,historical,raw/1b-baseline_historical_metrics.csv,2.9481026785714284
32030,16.793468928,1.736328125,6.598493003229278e-05,historical,raw/1b-baseline_historical_metrics.csv,2.878627232142857
32040,16.798711808,1.923828125,6.587728740581271e-05,historical,raw/1b-baseline_historical_metrics.csv,2.8450520833333335
32050,16.803954688,3.0,6.57696447793326e-05,historical,raw/1b-baseline_historical_metrics.csv,2.8409598214285716
32060,16.809197568,2.15234375,6.566200215285254e-05,historical,raw/1b-baseline_historical_metrics.csv,2.7925967261904763
32070,16.814440448,3.39453125,6.555435952637243e-05,historical,raw/1b-baseline_historical_metrics.csv,2.802827380952381
32080,16.819683328,3.26171875,6.544671689989237e-05,historical,raw/1b-baseline_historical_metrics.csv,2.8076636904761907
32090,16.824926208,2.7890625,6.533907427341226e-05,historical,raw/1b-baseline_historical_metrics.csv,2.7883184523809526
32100,16.830169088,2.9453125,6.52314316469322e-05,historical,raw/1b-baseline_historical_metrics.csv,2.8391927083333335
32110,16.835411968,3.078125,6.512378902045209e-05,historical,raw/1b-baseline_historical_metrics.csv,2.8336123511904763
32120,16.840654848,2.54296875,6.501614639397202e-05,historical,raw/1b-baseline_historical_metrics.csv,2.832310267857143
32130,16.845897728,3.296875,6.490850376749191e-05,historical,raw/1b-baseline_historical_metrics.csv,2.8308221726190474
32140,16.851140608,3.1953125,6.480086114101185e-05,historical,raw/1b-baseline_historical_metrics.csv,2.828031994047619
32150,16.856383488,3.1171875,6.469321851453174e-05,historical,raw/1b-baseline_historical_metrics.csv,2.826357886904762
32160,16.861626368,3.15625,6.458557588805168e-05,historical,raw/1b-baseline_historical_metrics.csv,2.8939732142857144
32170,16.866869248,1.40625,6.447793326157157e-05,historical,raw/1b-baseline_historical_metrics.csv,2.8089657738095237
32180,16.872112128,3.19921875,6.43702906350915e-05,historical,raw/1b-baseline_historical_metrics.csv,2.810453869047619
32190,16.877355008,2.6015625,6.426264800861139e-05,historical,raw/1b-baseline_historical_metrics.csv,2.8078497023809526
32200,16.882597888,3.17578125,6.415500538213133e-05,historical,raw/1b-baseline_historical_metrics.csv,2.806919642857143
32210,16.887840768,3.2578125,6.404736275565122e-05,historical,raw/1b-baseline_historical_metrics.csv,2.8095238095238093
32220,16.893083648,3.3515625,6.393972012917115e-05,historical,raw/1b-baseline_historical_metrics.csv,2.8212425595238093
32230,16.898326528,3.21484375,6.38320775026911e-05,historical,raw/1b-baseline_historical_metrics.csv,2.847470238095238
32240,16.903569408,3.19140625,6.372443487621098e-05,historical,raw/1b-baseline_historical_metrics.csv,2.9167596726190474
32250,16.908812288,3.171875,6.361679224973092e-05,historical,raw/1b-baseline_historical_metrics.csv,2.9761904761904763
32260,16.914055168,1.5390625,6.35091496232508e-05,historical,raw/1b-baseline_historical_metrics.csv,2.9066220238095237
32270,16.919298048,1.83203125,6.340150699677075e-05,historical,raw/1b-baseline_historical_metrics.csv,2.8913690476190474
32280,16.924540928,2.62890625,6.329386437029064e-05,historical,raw/1b-baseline_historical_metrics.csv,2.8549107142857144
32290,16.929783808,1.677734375,6.318622174381057e-05,historical,raw/1b-baseline_historical_metrics.csv,2.779482886904762
32300,16.935026688,3.1875,6.307857911733046e-05,historical,raw/1b-baseline_historical_metrics.csv,2.7984561011904763
32310,16.940269568,3.2109375,6.297093649085039e-05,historical,raw/1b-baseline_historical_metrics.csv,2.8111049107142856
32320,16.945512448,2.51953125,6.286329386437028e-05,historical,raw/1b-baseline_historical_metrics.csv,2.7845052083333335
32330,16.950755328,2.8203125,6.275565123789023e-05,historical,raw/1b-baseline_historical_metrics.csv,2.7977120535714284
32340,16.955998208,3.13671875,6.264800861141012e-05,historical,raw/1b-baseline_historical_metrics.csv,2.7900855654761907
32350,16.961241088,3.21484375,6.254036598493005e-05,historical,raw/1b-baseline_historical_metrics.csv,2.791015625
32360,16.966483968,3.1875,6.243272335844994e-05,historical,raw/1b-baseline_historical_metrics.csv,2.7943638392857144
32370,16.971726848,1.66796875,6.232508073196988e-05,historical,raw/1b-baseline_historical_metrics.csv,2.7234933035714284
32380,16.976969728,3.1875,6.221743810548977e-05,historical,raw/1b-baseline_historical_metrics.csv,2.808314732142857
32390,16.982212608,3.3046875,6.21097954790097e-05,historical,raw/1b-baseline_historical_metrics.csv,2.8133370535714284
32400,16.987455488,3.3203125,6.200215285252959e-05,historical,raw/1b-baseline_historical_metrics.csv,2.847563244047619
32410,16.992698368,3.1953125,6.189451022604954e-05,historical,raw/1b-baseline_historical_metrics.csv,2.8484933035714284
32420,16.997941248,3.2578125,6.178686759956943e-05,historical,raw/1b-baseline_historical_metrics.csv,2.8484933035714284
32430,17.003184128,3.171875,6.167922497308936e-05,historical,raw/1b-baseline_historical_metrics.csv,2.839936755952381
32440,17.008427008,1.900390625,6.157158234660925e-05,historical,raw/1b-baseline_historical_metrics.csv,2.77734375
32450,17.013669888,1.978515625,6.146393972012918e-05,historical,raw/1b-baseline_historical_metrics.csv,2.7195870535714284
32460,17.018912768,3.23046875,6.135629709364908e-05,historical,raw/1b-baseline_historical_metrics.csv,2.722377232142857
32470,17.024155648,3.203125,6.124865446716901e-05,historical,raw/1b-baseline_historical_metrics.csv,2.8016183035714284
32480,17.029398528,3.16015625,6.11410118406889e-05,historical,raw/1b-baseline_historical_metrics.csv,2.8648623511904763
32490,17.034641408,1.646484375,6.103336921420884e-05,historical,raw/1b-baseline_historical_metrics.csv,2.818080357142857
32500,17.039884288,3.17578125,6.092572658772873e-05,historical,raw/1b-baseline_historical_metrics.csv,2.8894159226190474
32510,17.045127168,3.19140625,6.081808396124866e-05,historical,raw/1b-baseline_historical_metrics.csv,2.8896019345238093
32520,17.050370048,3.15625,6.071044133476856e-05,historical,raw/1b-baseline_historical_metrics.csv,2.886997767857143
32530,17.055612928,2.65625,6.0602798708288486e-05,historical,raw/1b-baseline_historical_metrics.csv,2.8935081845238093
32540,17.060855808,2.58203125,6.049515608180838e-05,historical,raw/1b-baseline_historical_metrics.csv,2.8821614583333335
32550,17.066098688,3.21875,6.0387513455328313e-05,historical,raw/1b-baseline_historical_metrics.csv,2.8860677083333335
32560,17.071341568,2.6875,6.02798708288482e-05,historical,raw/1b-baseline_historical_metrics.csv,2.8609561011904763
32570,17.076584448,3.1796875,6.017222820236814e-05,historical,raw/1b-baseline_historical_metrics.csv,2.8605840773809526
32580,17.081827328,3.19921875,6.006458557588803e-05,historical,raw/1b-baseline_historical_metrics.csv,2.933500744047619
32590,17.087070208,2.42578125,5.995694294940797e-05,historical,raw/1b-baseline_historical_metrics.csv,2.8972284226190474
32600,17.092313088,3.20703125,5.984930032292791e-05,historical,raw/1b-baseline_historical_metrics.csv,2.892578125
32610,17.097555968,3.07421875,5.97416576964478e-05,historical,raw/1b-baseline_historical_metrics.csv,2.880859375
32620,17.102798848,3.19140625,5.963401506996773e-05,historical,raw/1b-baseline_historical_metrics.csv,2.880673363095238
32630,17.108041728,3.1484375,5.952637244348762e-05,historical,raw/1b-baseline_historical_metrics.csv,2.8754650297619047
32640,17.113284608,2.66015625,5.9418729817007554e-05,historical,raw/1b-baseline_historical_metrics.csv,2.8510974702380953
32650,17.118527488,2.55859375,5.931108719052745e-05,historical,raw/1b-baseline_historical_metrics.csv,2.8824404761904763
32660,17.123770368,3.1875,5.920344456404738e-05,historical,raw/1b-baseline_historical_metrics.csv,2.9400111607142856
32670,17.129013248,3.09375,5.909580193756727e-05,historical,raw/1b-baseline_historical_metrics.csv,2.933500744047619
32680,17.134256128,3.1796875,5.898815931108721e-05,historical,raw/1b-baseline_historical_metrics.csv,2.9323846726190474
32690,17.139499008,2.48828125,5.88805166846071e-05,historical,raw/1b-baseline_historical_metrics.csv,2.900390625
32700,17.144741888,3.203125,5.877287405812704e-05,historical,raw/1b-baseline_historical_metrics.csv,2.974516369047619
32710,17.149984768,2.453125,5.8665231431646926e-05,historical,raw/1b-baseline_historical_metrics.csv,2.9401041666666665
32720,17.155227648,3.10546875,5.8557588805166864e-05,historical,raw/1b-baseline_historical_metrics.csv,2.9360119047619047
32730,17.160470528,3.23046875,5.8449946178686754e-05,historical,raw/1b-baseline_historical_metrics.csv,2.939546130952381
32740,17.165713408,3.19921875,5.834230355220669e-05,historical,raw/1b-baseline_historical_metrics.csv,2.9654017857142856
32750,17.170956288,1.974609375,5.823466092572658e-05,historical,raw/1b-baseline_historical_metrics.csv,2.9364769345238093
32760,17.176199168,3.15234375,5.812701829924652e-05,historical,raw/1b-baseline_historical_metrics.csv,2.933314732142857
32770,17.181442048,1.6796875,5.801937567276641e-05,historical,raw/1b-baseline_historical_metrics.csv,2.8853236607142856
32780,17.186684928,3.09765625,5.7911733046286346e-05,historical,raw/1b-baseline_historical_metrics.csv,2.8814174107142856
32790,17.191927808,2.66015625,5.780409041980624e-05,historical,raw/1b-baseline_historical_metrics.csv,2.855747767857143
32800,17.197170688,1.2734375,5.7696447793326167e-05,historical,raw/1b-baseline_historical_metrics.csv,2.800874255952381
32810,17.202413568,3.109375,5.758880516684606e-05,historical,raw/1b-baseline_historical_metrics.csv,2.7962239583333335
32820,17.207656448,3.0546875,5.7481162540366e-05,historical,raw/1b-baseline_historical_metrics.csv,2.7952938988095237
32830,17.212899328,3.046875,5.737351991388589e-05,historical,raw/1b-baseline_historical_metrics.csv,2.7884114583333335
32840,17.218142208,3.13671875,5.726587728740582e-05,historical,raw/1b-baseline_historical_metrics.csv,2.7878534226190474
32850,17.223385088,3.17578125,5.715823466092571e-05,historical,raw/1b-baseline_historical_metrics.csv,2.812406994047619
32860,17.228627968,3.01953125,5.705059203444565e-05,historical,raw/1b-baseline_historical_metrics.csv,2.8343563988095237
32870,17.233870848,1.884765625,5.694294940796554e-05,historical,raw/1b-baseline_historical_metrics.csv,2.7723214285714284
32880,17.239113728,3.22265625,5.683530678148548e-05,historical,raw/1b-baseline_historical_metrics.csv,2.7784598214285716
32890,17.244356608,3.1640625,5.6727664155005366e-05,historical,raw/1b-baseline_historical_metrics.csv,2.7777157738095237
32900,17.249599488,3.13671875,5.66200215285253e-05,historical,raw/1b-baseline_historical_metrics.csv,2.80859375
32910,17.254842368,2.53515625,5.65123789020452e-05,historical,raw/1b-baseline_historical_metrics.csv,2.7767857142857144
32920,17.260085248,2.296875,5.640473627556513e-05,historical,raw/1b-baseline_historical_metrics.csv,2.769345238095238
32930,17.265328128,3.25390625,5.629709364908502e-05,historical,raw/1b-baseline_historical_metrics.csv,2.7764136904761907
32940,17.270571008,3.40625,5.618945102260496e-05,historical,raw/1b-baseline_historical_metrics.csv,2.7847842261904763
32950,17.275813888,3.01171875,5.608180839612485e-05,historical,raw/1b-baseline_historical_metrics.csv,2.7758556547619047
32960,17.281056768,3.1640625,5.597416576964478e-05,historical,raw/1b-baseline_historical_metrics.csv,2.8324962797619047
32970,17.286299648,3.2578125,5.586652314316472e-05,historical,raw/1b-baseline_historical_metrics.csv,2.8375186011904763
32980,17.291542528,2.703125,5.575888051668461e-05,historical,raw/1b-baseline_historical_metrics.csv,2.8862537202380953
32990,17.296785408,2.6640625,5.5651237890204544e-05,historical,raw/1b-baseline_historical_metrics.csv,2.8656063988095237
33000,17.302028288,3.2109375,5.5543595263724434e-05,historical,raw/1b-baseline_historical_metrics.csv,2.8918340773809526
33010,17.307271168,2.71484375,5.543595263724437e-05,historical,raw/1b-baseline_historical_metrics.csv,2.9604724702380953
33020,17.312514048,3.28125,5.532831001076426e-05,historical,raw/1b-baseline_historical_metrics.csv,2.968656994047619
33030,17.317756928,2.7578125,5.52206673842842e-05,historical,raw/1b-baseline_historical_metrics.csv,2.9545200892857144
33040,17.322999808,3.20703125,5.511302475780409e-05,historical,raw/1b-baseline_historical_metrics.csv,2.9621465773809526
33050,17.328242688,1.763671875,5.5005382131324026e-05,historical,raw/1b-baseline_historical_metrics.csv,2.896763392857143
33060,17.333485568,2.84375,5.489773950484392e-05,historical,raw/1b-baseline_historical_metrics.csv,2.880952380952381
33070,17.338728448,1.791015625,5.479009687836385e-05,historical,raw/1b-baseline_historical_metrics.csv,2.822451636904762
33080,17.343971328,3.0390625,5.4682454251883744e-05,historical,raw/1b-baseline_historical_metrics.csv,2.8774181547619047
33090,17.349214208,3.12890625,5.457481162540368e-05,historical,raw/1b-baseline_historical_metrics.csv,2.872953869047619
33100,17.354457088,1.71875,5.446716899892357e-05,historical,raw/1b-baseline_historical_metrics.csv,2.8041294642857144
33110,17.359699968,1.8125,5.43595263724435e-05,historical,raw/1b-baseline_historical_metrics.csv,2.7410714285714284
33120,17.364942848,1.720703125,5.425188374596339e-05,historical,raw/1b-baseline_historical_metrics.csv,2.7022879464285716
33130,17.370185728,1.7734375,5.414424111948333e-05,historical,raw/1b-baseline_historical_metrics.csv,2.6773623511904763
33140,17.375428608,1.693359375,5.403659849300322e-05,historical,raw/1b-baseline_historical_metrics.csv,2.6030505952380953
33150,17.380671488,2.009765625,5.392895586652316e-05,historical,raw/1b-baseline_historical_metrics.csv,2.5365513392857144
33160,17.385914368,3.1171875,5.382131324004305e-05,historical,raw/1b-baseline_historical_metrics.csv,2.5415736607142856
33170,17.391157248,3.1796875,5.371367061356298e-05,historical,raw/1b-baseline_historical_metrics.csv,2.5423177083333335
33180,17.396400128,3.1796875,5.360602798708288e-05,historical,raw/1b-baseline_historical_metrics.csv,2.5385974702380953
33190,17.401643008,3.125,5.349838536060281e-05,historical,raw/1b-baseline_historical_metrics.csv,2.558686755952381
33200,17.406885888,3.234375,5.33907427341227e-05,historical,raw/1b-baseline_historical_metrics.csv,2.585844494047619
33210,17.412128768,1.591796875,5.328310010764264e-05,historical,raw/1b-baseline_historical_metrics.csv,2.5087425595238093
33220,17.417371648,3.2578125,5.317545748116253e-05,historical,raw/1b-baseline_historical_metrics.csv,2.5345982142857144
33230,17.422614528,2.5703125,5.306781485468246e-05,historical,raw/1b-baseline_historical_metrics.csv,2.5007440476190474
33240,17.427857408,3.109375,5.296017222820236e-05,historical,raw/1b-baseline_historical_metrics.csv,2.517485119047619
33250,17.433100288,2.66796875,5.285252960172229e-05,historical,raw/1b-baseline_historical_metrics.csv,2.4918154761904763
33260,17.438343168,3.1484375,5.274488697524218e-05,historical,raw/1b-baseline_historical_metrics.csv,2.5577566964285716
33270,17.443586048,3.0859375,5.263724434876212e-05,historical,raw/1b-baseline_historical_metrics.csv,2.5692894345238093
33280,17.448828928,2.51171875,5.2529601722282005e-05,historical,raw/1b-baseline_historical_metrics.csv,2.603608630952381
33290,17.454071808,3.25390625,5.242195909580194e-05,historical,raw/1b-baseline_historical_metrics.csv,2.6138392857142856
33300,17.459314688,3.109375,5.231431646932183e-05,historical,raw/1b-baseline_historical_metrics.csv,2.6129092261904763
33310,17.464557568,2.076171875,5.220667384284177e-05,historical,raw/1b-baseline_historical_metrics.csv,2.6299293154761907
33320,17.469800448,1.7421875,5.209903121636166e-05,historical,raw/1b-baseline_historical_metrics.csv,2.6265811011904763
33330,17.475043328,3.1640625,5.19913885898816e-05,historical,raw/1b-baseline_historical_metrics.csv,2.6953125
33340,17.480286208,3.14453125,5.1883745963401534e-05,historical,raw/1b-baseline_historical_metrics.csv,2.7606026785714284
33350,17.485529088,3.109375,5.1776103336921424e-05,historical,raw/1b-baseline_historical_metrics.csv,2.828031994047619
33360,17.490771968,3.23828125,5.166846071044136e-05,historical,raw/1b-baseline_historical_metrics.csv,2.886532738095238
33370,17.496014848,2.53515625,5.156081808396125e-05,historical,raw/1b-baseline_historical_metrics.csv,2.8588169642857144
33380,17.501257728,1.896484375,5.145317545748118e-05,historical,raw/1b-baseline_historical_metrics.csv,2.7977120535714284
33390,17.506500608,3.08984375,5.134553283100107e-05,historical,raw/1b-baseline_historical_metrics.csv,2.7934337797619047
33400,17.511743488,1.91015625,5.123789020452101e-05,historical,raw/1b-baseline_historical_metrics.csv,2.7355840773809526
33410,17.516986368,1.830078125,5.11302475780409e-05,historical,raw/1b-baseline_historical_metrics.csv,2.6687127976190474
33420,17.522229248,2.3515625,5.102260495156084e-05,historical,raw/1b-baseline_historical_metrics.csv,2.704892113095238
33430,17.527472128,3.0859375,5.091496232508073e-05,historical,raw/1b-baseline_historical_metrics.csv,2.6967075892857144
33440,17.532715008,2.78125,5.0807319698600665e-05,historical,raw/1b-baseline_historical_metrics.csv,2.706752232142857
33450,17.537957888,3.1484375,5.069967707212056e-05,historical,raw/1b-baseline_historical_metrics.csv,2.7086123511904763
33460,17.543200768,3.04296875,5.059203444564049e-05,historical,raw/1b-baseline_historical_metrics.csv,2.726469494047619
33470,17.548443648,1.603515625,5.048439181916038e-05,historical,raw/1b-baseline_historical_metrics.csv,2.6529017857142856
33480,17.553686528,3.16796875,5.037674919268032e-05,historical,raw/1b-baseline_historical_metrics.csv,2.6568080357142856
33490,17.558929408,1.61328125,5.026910656620021e-05,historical,raw/1b-baseline_historical_metrics.csv,2.6140252976190474
33500,17.564172288,1.71875,5.016146393972014e-05,historical,raw/1b-baseline_historical_metrics.csv,2.540922619047619
33510,17.569415168,3.13671875,5.005382131324004e-05,historical,raw/1b-baseline_historical_metrics.csv,2.5422247023809526
33520,17.574658048,3.15625,4.994617868675997e-05,historical,raw/1b-baseline_historical_metrics.csv,2.593656994047619
33530,17.579900928,2.390625,4.9838536060279865e-05,historical,raw/1b-baseline_historical_metrics.csv,2.6245349702380953
33540,17.585143808,2.7734375,4.97308934337998e-05,historical,raw/1b-baseline_historical_metrics.csv,2.6059337797619047
33550,17.590386688,3.265625,4.9623250807319685e-05,historical,raw/1b-baseline_historical_metrics.csv,2.6117001488095237
33560,17.595629568,3.12890625,4.951560818083962e-05,historical,raw/1b-baseline_historical_metrics.csv,2.6126302083333335
33570,17.600872448,3.21875,4.940796555435951e-05,historical,raw/1b-baseline_historical_metrics.csv,2.6117001488095237
33580,17.606115328,2.59375,4.930032292787945e-05,historical,raw/1b-baseline_historical_metrics.csv,2.6144903273809526
33590,17.611358208,3.1875,4.919268030139934e-05,historical,raw/1b-baseline_historical_metrics.csv,2.675967261904762
33600,17.616601088,3.21484375,4.908503767491928e-05,historical,raw/1b-baseline_historical_metrics.csv,2.681919642857143
33610,17.621843968,2.4453125,4.897739504843917e-05,historical,raw/1b-baseline_historical_metrics.csv,2.7074032738095237
33620,17.627086848,3.17578125,4.886975242195911e-05,historical,raw/1b-baseline_historical_metrics.csv,2.771484375
33630,17.632329728,2.74609375,4.8762109795479e-05,historical,raw/1b-baseline_historical_metrics.csv,2.7902715773809526
33640,17.637572608,3.3203125,4.865446716899893e-05,historical,raw/1b-baseline_historical_metrics.csv,2.8014322916666665
33650,17.642815488,3.09375,4.854682454251882e-05,historical,raw/1b-baseline_historical_metrics.csv,2.816313244047619
33660,17.648058368,3.3046875,4.843918191603875e-05,historical,raw/1b-baseline_historical_metrics.csv,2.8237537202380953
33670,17.653301248,2.54296875,4.833153928955865e-05,historical,raw/1b-baseline_historical_metrics.csv,2.7999441964285716
33680,17.658544128,3.22265625,4.822389666307858e-05,historical,raw/1b-baseline_historical_metrics.csv,2.877046130952381
33690,17.663787008,3.2734375,4.811625403659847e-05,historical,raw/1b-baseline_historical_metrics.csv,2.8820684523809526
33700,17.669029888,3.25390625,4.800861141011841e-05,historical,raw/1b-baseline_historical_metrics.csv,2.9601934523809526
33710,17.674272768,3.10546875,4.7900968783638345e-05,historical,raw/1b-baseline_historical_metrics.csv,3.0262276785714284
33720,17.679515648,3.2265625,4.779332615715824e-05,historical,raw/1b-baseline_historical_metrics.csv,3.0305059523809526
33730,17.684758528,2.013671875,4.768568353067817e-05,historical,raw/1b-baseline_historical_metrics.csv,2.9760974702380953
33740,17.690001408,3.19140625,4.757804090419806e-05,historical,raw/1b-baseline_historical_metrics.csv,3.0142299107142856
33750,17.695244288,3.1640625,4.7470398277718e-05,historical,raw/1b-baseline_historical_metrics.csv,3.0328311011904763
33760,17.700487168,2.484375,4.736275565123789e-05,historical,raw/1b-baseline_historical_metrics.csv,2.9956287202380953
33770,17.705730048,3.26171875,4.725511302475783e-05,historical,raw/1b-baseline_historical_metrics.csv,3.001953125
33780,17.710972928,3.23828125,4.714747039827772e-05,historical,raw/1b-baseline_historical_metrics.csv,3.0028831845238093
33790,17.716215808,3.09765625,4.703982777179765e-05,historical,raw/1b-baseline_historical_metrics.csv,3.0268787202380953
33800,17.721458688,3.24609375,4.6932185145317545e-05,historical,raw/1b-baseline_historical_metrics.csv,3.0296688988095237
33810,17.726701568,3.1171875,4.682454251883748e-05,historical,raw/1b-baseline_historical_metrics.csv,3.0250186011904763
33820,17.731944448,3.17578125,4.6716899892357366e-05,historical,raw/1b-baseline_historical_metrics.csv,3.0598028273809526
33830,17.737187328,3.08984375,4.66092572658773e-05,historical,raw/1b-baseline_historical_metrics.csv,3.0557105654761907
33840,17.742430208,2.3359375,4.650161463939719e-05,historical,raw/1b-baseline_historical_metrics.csv,3.0361793154761907
33850,17.747673088,2.6796875,4.639397201291713e-05,historical,raw/1b-baseline_historical_metrics.csv,3.005673363095238
33860,17.752915968,1.64453125,4.628632938643702e-05,historical,raw/1b-baseline_historical_metrics.csv,2.9366629464285716
33870,17.758158848,3.37109375,4.617868675995696e-05,historical,raw/1b-baseline_historical_metrics.csv,2.9398251488095237
33880,17.763401728,3.2109375,4.607104413347685e-05,historical,raw/1b-baseline_historical_metrics.csv,2.9716331845238093
33890,17.768644608,3.13671875,4.596340150699679e-05,historical,raw/1b-baseline_historical_metrics.csv,2.9675409226190474
33900,17.773887488,3.05859375,4.585575888051668e-05,historical,raw/1b-baseline_historical_metrics.csv,2.957310267857143
33910,17.779130368,3.09765625,4.574811625403661e-05,historical,raw/1b-baseline_historical_metrics.csv,2.9498697916666665
33920,17.784373248,3.1875,4.56404736275565e-05,historical,raw/1b-baseline_historical_metrics.csv,2.9537760416666665
33930,17.789616128,1.84375,4.553283100107644e-05,historical,raw/1b-baseline_historical_metrics.csv,2.8879278273809526
33940,17.794859008,3.21484375,4.542518837459633e-05,historical,raw/1b-baseline_historical_metrics.csv,2.945126488095238
33950,17.800101888,3.1484375,4.531754574811626e-05,historical,raw/1b-baseline_historical_metrics.csv,2.943080357142857
33960,17.805344768,1.951171875,4.520990312163616e-05,historical,raw/1b-baseline_historical_metrics.csv,2.8853236607142856
33970,17.810587648,2.0234375,4.510226049515609e-05,historical,raw/1b-baseline_historical_metrics.csv,2.863374255952381
33980,17.815830528,1.9375,4.499461786867598e-05,historical,raw/1b-baseline_historical_metrics.csv,2.8003162202380953
33990,17.821073408,3.16015625,4.488697524219592e-05,historical,raw/1b-baseline_historical_metrics.csv,2.796595982142857
34000,17.826316288,3.09375,4.4779332615715806e-05,historical,raw/1b-baseline_historical_metrics.csv,2.7964099702380953
34010,17.831559168,2.6328125,4.467168998923574e-05,historical,raw/1b-baseline_historical_metrics.csv,2.7672061011904763
34020,17.836802048,1.96875,4.456404736275563e-05,historical,raw/1b-baseline_historical_metrics.csv,2.7125186011904763
34030,17.842044928,3.16015625,4.445640473627557e-05,historical,raw/1b-baseline_historical_metrics.csv,2.7117745535714284
34040,17.847287808,3.15625,4.434876210979546e-05,historical,raw/1b-baseline_historical_metrics.csv,2.714936755952381
34050,17.852530688,1.826171875,4.42411194833154e-05,historical,raw/1b-baseline_historical_metrics.csv,2.6906622023809526
34060,17.857773568,2.84765625,4.413347685683529e-05,historical,raw/1b-baseline_historical_metrics.csv,2.6986607142857144
34070,17.863016448,2.41796875,4.4025834230355226e-05,historical,raw/1b-baseline_historical_metrics.csv,2.7354910714285716
34080,17.868259328,1.712890625,4.391819160387516e-05,historical,raw/1b-baseline_historical_metrics.csv,2.656529017857143
34090,17.873502208,3.140625,4.3810548977395046e-05,historical,raw/1b-baseline_historical_metrics.csv,2.6531808035714284
34100,17.878745088,3.203125,4.370290635091498e-05,historical,raw/1b-baseline_historical_metrics.csv,2.656343005952381
34110,17.883987968,3.16796875,4.359526372443488e-05,historical,raw/1b-baseline_historical_metrics.csv,2.6615513392857144
34120,17.889230848,3.265625,4.348762109795481e-05,historical,raw/1b-baseline_historical_metrics.csv,2.6695498511904763
34130,17.894473728,3.18359375,4.33799784714747e-05,historical,raw/1b-baseline_historical_metrics.csv,2.6693638392857144
34140,17.899716608,3.265625,4.327233584499464e-05,historical,raw/1b-baseline_historical_metrics.csv,2.7370721726190474
34150,17.904959488,3.03125,4.316469321851453e-05,historical,raw/1b-baseline_historical_metrics.csv,2.728329613095238
34160,17.910202368,3.19921875,4.305705059203447e-05,historical,raw/1b-baseline_historical_metrics.csv,2.730747767857143
34170,17.915445248,3.09375,4.294940796555436e-05,historical,raw/1b-baseline_historical_metrics.csv,2.78515625
34180,17.920688128,2.8203125,4.284176533907429e-05,historical,raw/1b-baseline_historical_metrics.csv,2.8231026785714284
34190,17.925931008,3.19921875,4.273412271259418e-05,historical,raw/1b-baseline_historical_metrics.csv,2.8831845238095237
34200,17.931173888,3.08984375,4.262648008611412e-05,historical,raw/1b-baseline_historical_metrics.csv,2.8798363095238093
34210,17.936416768,2.6171875,4.251883745963401e-05,historical,raw/1b-baseline_historical_metrics.csv,2.857142857142857
34220,17.941659648,3.12109375,4.241119483315394e-05,historical,raw/1b-baseline_historical_metrics.csv,2.8803943452380953
34230,17.946902528,3.05078125,4.230355220667384e-05,historical,raw/1b-baseline_historical_metrics.csv,2.931919642857143
34240,17.952145408,3.1875,4.219590958019377e-05,historical,raw/1b-baseline_historical_metrics.csv,2.9332217261904763
34250,17.957388288,1.642578125,4.208826695371366e-05,historical,raw/1b-baseline_historical_metrics.csv,2.861142113095238
34260,17.962631168,3.11328125,4.19806243272336e-05,historical,raw/1b-baseline_historical_metrics.csv,2.9224330357142856
34270,17.967874048,2.6640625,4.1872981700753486e-05,historical,raw/1b-baseline_historical_metrics.csv,2.9136904761904763
34280,17.973116928,3.296875,4.1765339074273424e-05,historical,raw/1b-baseline_historical_metrics.csv,2.9555431547619047
34290,17.978359808,2.85546875,4.1657696447793314e-05,historical,raw/1b-baseline_historical_metrics.csv,3.009951636904762
34300,17.983602688,2.3046875,4.155005382131325e-05,historical,raw/1b-baseline_historical_metrics.csv,2.9701450892857144
34310,17.988845568,3.171875,4.144241119483314e-05,historical,raw/1b-baseline_historical_metrics.csv,2.968656994047619
34320,17.994088448,3.1953125,4.133476856835308e-05,historical,raw/1b-baseline_historical_metrics.csv,2.9699590773809526
34330,17.999331328,3.1953125,4.122712594187297e-05,historical,raw/1b-baseline_historical_metrics.csv,2.966610863095238
34340,18.004574208,2.78515625,4.1119483315392906e-05,historical,raw/1b-baseline_historical_metrics.csv,2.9476376488095237
34350,18.009817088,3.140625,4.10118406889128e-05,historical,raw/1b-baseline_historical_metrics.csv,2.941685267857143
34360,18.015059968,3.26953125,4.090419806243273e-05,historical,raw/1b-baseline_historical_metrics.csv,2.953031994047619
34370,18.020302848,3.13671875,4.0796555435952623e-05,historical,raw/1b-baseline_historical_metrics.csv,2.9500558035714284
34380,18.025545728,3.3359375,4.068891280947256e-05,historical,raw/1b-baseline_historical_metrics.csv,2.9615885416666665
34390,18.030788608,3.203125,4.058127018299245e-05,historical,raw/1b-baseline_historical_metrics.csv,2.9798177083333335
34400,18.036031488,3.15625,4.047362755651238e-05,historical,raw/1b-baseline_historical_metrics.csv,2.9777715773809526
34410,18.041274368,1.98828125,4.036598493003227e-05,historical,raw/1b-baseline_historical_metrics.csv,2.9253162202380953
34420,18.046517248,3.12890625,4.025834230355221e-05,historical,raw/1b-baseline_historical_metrics.csv,2.9496837797619047
34430,18.051760128,1.78515625,4.01506996770721e-05,historical,raw/1b-baseline_historical_metrics.csv,2.8860677083333335
34440,18.057003008,3.16015625,4.004305705059204e-05,historical,raw/1b-baseline_historical_metrics.csv,2.8912760416666665
34450,18.062245888,2.81640625,3.993541442411197e-05,historical,raw/1b-baseline_historical_metrics.csv,2.8736049107142856
34460,18.067488768,3.11328125,3.982777179763186e-05,historical,raw/1b-baseline_historical_metrics.csv,2.943638392857143
34470,18.072731648,3.0625,3.97201291711518e-05,historical,raw/1b-baseline_historical_metrics.csv,2.941220238095238
34480,18.077974528,1.9765625,3.961248654467169e-05,historical,raw/1b-baseline_historical_metrics.csv,2.908482142857143
34490,18.083217408,3.2421875,3.950484391819162e-05,historical,raw/1b-baseline_historical_metrics.csv,2.9058779761904763
34500,18.088460288,2.56640625,3.939720129171152e-05,historical,raw/1b-baseline_historical_metrics.csv,2.8921130952380953
34510,18.093703168,3.17578125,3.928955866523145e-05,historical,raw/1b-baseline_historical_metrics.csv,2.93359375
34520,18.098946048,2.55078125,3.918191603875135e-05,historical,raw/1b-baseline_historical_metrics.csv,2.904017857142857
34530,18.104188928,3.1796875,3.907427341227128e-05,historical,raw/1b-baseline_historical_metrics.csv,2.9032738095238093
34540,18.109431808,1.90625,3.896663078579117e-05,historical,raw/1b-baseline_historical_metrics.csv,2.841889880952381
34550,18.114674688,2.6796875,3.8858988159311104e-05,historical,raw/1b-baseline_historical_metrics.csv,2.8368675595238093
34560,18.119917568,3.25390625,3.8751345532830994e-05,historical,raw/1b-baseline_historical_metrics.csv,2.8422619047619047
34570,18.125160448,2.7109375,3.864370290635093e-05,historical,raw/1b-baseline_historical_metrics.csv,2.8156622023809526
34580,18.130403328,2.5703125,3.853606027987082e-05,historical,raw/1b-baseline_historical_metrics.csv,2.7886904761904763
34590,18.135646208,3.078125,3.842841765339076e-05,historical,raw/1b-baseline_historical_metrics.csv,2.7764136904761907
34600,18.140889088,2.41015625,3.832077502691065e-05,historical,raw/1b-baseline_historical_metrics.csv,2.7386532738095237
34610,18.146131968,3.16015625,3.8213132400430587e-05,historical,raw/1b-baseline_historical_metrics.csv,2.7388392857142856
34620,18.151374848,3.19921875,3.810548977395048e-05,historical,raw/1b-baseline_historical_metrics.csv,2.7965029761904763
34630,18.156617728,3.2421875,3.7997847147470414e-05,historical,raw/1b-baseline_historical_metrics.csv,2.8018973214285716
34640,18.161860608,3.26171875,3.7890204520990304e-05,historical,raw/1b-baseline_historical_metrics.csv,2.8722098214285716
34650,18.167103488,3.08203125,3.778256189451024e-05,historical,raw/1b-baseline_historical_metrics.csv,2.8684895833333335
34660,18.172346368,3.18359375,3.767491926803013e-05,historical,raw/1b-baseline_historical_metrics.csv,2.8859747023809526
34670,18.177589248,1.748046875,3.756727664155006e-05,historical,raw/1b-baseline_historical_metrics.csv,2.8209635416666665
34680,18.182832128,3.16796875,3.745963401506995e-05,historical,raw/1b-baseline_historical_metrics.csv,2.825985863095238
34690,18.188075008,3.1171875,3.735199138858989e-05,historical,raw/1b-baseline_historical_metrics.csv,2.8803013392857144
34700,18.193317888,3.06640625,3.724434876210978e-05,historical,raw/1b-baseline_historical_metrics.csv,2.8719308035714284
34710,18.198560768,3.26953125,3.713670613562972e-05,historical,raw/1b-baseline_historical_metrics.csv,2.9054129464285716
34720,18.203803648,3.20703125,3.702906350914961e-05,historical,raw/1b-baseline_historical_metrics.csv,2.9069010416666665
34730,18.209046528,2.48828125,3.692142088266954e-05,historical,raw/1b-baseline_historical_metrics.csv,2.9039248511904763
34740,18.214289408,2.58203125,3.681377825618944e-05,historical,raw/1b-baseline_historical_metrics.csv,2.8754650297619047
34750,18.219532288,3.1171875,3.670613562970937e-05,historical,raw/1b-baseline_historical_metrics.csv,2.9331287202380953
34760,18.224775168,2.80859375,3.659849300322926e-05,historical,raw/1b-baseline_historical_metrics.csv,2.939267113095238
34770,18.230018048,3.1328125,3.64908503767492e-05,historical,raw/1b-baseline_historical_metrics.csv,2.933500744047619
34780,18.235260928,3.1484375,3.638320775026909e-05,historical,raw/1b-baseline_historical_metrics.csv,2.9543340773809526
34790,18.240503808,3.3203125,3.627556512378903e-05,historical,raw/1b-baseline_historical_metrics.csv,2.990048363095238
34800,18.245746688,3.16015625,3.616792249730892e-05,historical,raw/1b-baseline_historical_metrics.csv,2.993954613095238
34810,18.250989568,3.15625,3.606027987082885e-05,historical,raw/1b-baseline_historical_metrics.csv,3.029482886904762
34820,18.256232448,3.109375,3.5952637244348785e-05,historical,raw/1b-baseline_historical_metrics.csv,3.027064732142857
34830,18.261475328,1.927734375,3.5844994617868675e-05,historical,raw/1b-baseline_historical_metrics.csv,2.966517857142857
34840,18.266718208,3.19140625,3.573735199138861e-05,historical,raw/1b-baseline_historical_metrics.csv,2.9640997023809526
34850,18.271961088,3.09375,3.56297093649085e-05,historical,raw/1b-baseline_historical_metrics.csv,2.9561011904761907
34860,18.277203968,3.22265625,3.552206673842844e-05,historical,raw/1b-baseline_historical_metrics.csv,2.962797619047619
34870,18.282446848,2.75390625,3.541442411194833e-05,historical,raw/1b-baseline_historical_metrics.csv,2.9423363095238093
34880,18.287689728,3.2265625,3.530678148546827e-05,historical,raw/1b-baseline_historical_metrics.csv,3.0127418154761907
34890,18.292932608,3.12890625,3.519913885898816e-05,historical,raw/1b-baseline_historical_metrics.csv,3.0108816964285716
34900,18.298175488,1.439453125,3.5091496232508094e-05,historical,raw/1b-baseline_historical_metrics.csv,2.9309895833333335
34910,18.303418368,3.15625,3.4983853606027984e-05,historical,raw/1b-baseline_historical_metrics.csv,2.935267857142857
34920,18.308661248,3.125,3.487621097954792e-05,historical,raw/1b-baseline_historical_metrics.csv,2.9283854166666665
34930,18.313904128,2.69140625,3.476856835306781e-05,historical,raw/1b-baseline_historical_metrics.csv,2.9038318452380953
34940,18.319147008,3.2265625,3.466092572658774e-05,historical,raw/1b-baseline_historical_metrics.csv,2.9389880952380953
34950,18.324389888,2.640625,3.455328310010764e-05,historical,raw/1b-baseline_historical_metrics.csv,2.9417782738095237
34960,18.329632768,3.09375,3.444564047362757e-05,historical,raw/1b-baseline_historical_metrics.csv,2.9406622023809526
34970,18.334875648,3.28125,3.433799784714746e-05,historical,raw/1b-baseline_historical_metrics.csv,2.963169642857143
34980,18.340118528,3.26953125,3.42303552206674e-05,historical,raw/1b-baseline_historical_metrics.csv,2.9696800595238093
34990,18.345361408,3.171875,3.412271259418729e-05,historical,raw/1b-baseline_historical_metrics.csv,2.970796130952381
35000,18.350604288,2.49609375,3.4015069967707225e-05,historical,raw/1b-baseline_historical_metrics.csv,2.931547619047619
35010,18.355847168,1.716796875,3.3907427341227115e-05,historical,raw/1b-baseline_historical_metrics.csv,2.8628162202380953
35020,18.361090048,3.140625,3.379978471474705e-05,historical,raw/1b-baseline_historical_metrics.csv,2.8620721726190474
35030,18.366332928,3.1796875,3.369214208826694e-05,historical,raw/1b-baseline_historical_metrics.csv,2.865420386904762
35040,18.371575808,3.0859375,3.358449946178688e-05,historical,raw/1b-baseline_historical_metrics.csv,2.9205729166666665
35050,18.376818688,3.15625,3.347685683530677e-05,historical,raw/1b-baseline_historical_metrics.csv,2.9188988095238093
35060,18.382061568,1.740234375,3.336921420882671e-05,historical,raw/1b-baseline_historical_metrics.csv,2.8544456845238093
35070,18.387304448,3.2890625,3.32615715823466e-05,historical,raw/1b-baseline_historical_metrics.csv,2.857607886904762
35080,18.392547328,2.70703125,3.315392895586653e-05,historical,raw/1b-baseline_historical_metrics.csv,2.855375744047619
35090,18.397790208,3.25,3.3046286329386425e-05,historical,raw/1b-baseline_historical_metrics.csv,2.8564918154761907
35100,18.403033088,2.26171875,3.2938643702906355e-05,historical,raw/1b-baseline_historical_metrics.csv,2.8151971726190474
35110,18.408275968,3.13671875,3.283100107642625e-05,historical,raw/1b-baseline_historical_metrics.csv,2.8960193452380953
35120,18.413518848,1.71484375,3.272335844994618e-05,historical,raw/1b-baseline_historical_metrics.csv,2.8273809523809526
35130,18.418761728,3.0859375,3.261571582346607e-05,historical,raw/1b-baseline_historical_metrics.csv,2.8255208333333335
35140,18.424004608,1.8046875,3.250807319698601e-05,historical,raw/1b-baseline_historical_metrics.csv,2.783296130952381
35150,18.429247488,2.6484375,3.24004305705059e-05,historical,raw/1b-baseline_historical_metrics.csv,2.755766369047619
35160,18.434490368,3.09765625,3.229278794402584e-05,historical,raw/1b-baseline_historical_metrics.csv,2.777529761904762
35170,18.439733248,3.12109375,3.218514531754573e-05,historical,raw/1b-baseline_historical_metrics.csv,2.7788318452380953
35180,18.444976128,3.1328125,3.2077502691065665e-05,historical,raw/1b-baseline_historical_metrics.csv,2.771763392857143
35190,18.450219008,3.078125,3.19698600645856e-05,historical,raw/1b-baseline_historical_metrics.csv,2.7626488095238093
35200,18.455461888,3.21484375,3.186221743810549e-05,historical,raw/1b-baseline_historical_metrics.csv,2.7646949404761907
35210,18.460704768,3.18359375,3.175457481162542e-05,historical,raw/1b-baseline_historical_metrics.csv,2.7974330357142856
35220,18.465947648,2.28515625,3.164693218514532e-05,historical,raw/1b-baseline_historical_metrics.csv,2.824497767857143
35230,18.471190528,3.2109375,3.153928955866525e-05,historical,raw/1b-baseline_historical_metrics.csv,2.827845982142857
35240,18.476433408,3.16796875,3.143164693218514e-05,historical,raw/1b-baseline_historical_metrics.csv,2.8272879464285716
35250,18.481676288,2.625,3.132400430570508e-05,historical,raw/1b-baseline_historical_metrics.csv,2.8053385416666665
35260,18.486919168,3.16015625,3.121636167922497e-05,historical,raw/1b-baseline_historical_metrics.csv,2.8055245535714284
35270,18.492162048,1.4375,3.1108719052744905e-05,historical,raw/1b-baseline_historical_metrics.csv,2.791108630952381
35280,18.497404928,2.58203125,3.1001076426264795e-05,historical,raw/1b-baseline_historical_metrics.csv,2.7574404761904763
35290,18.502647808,3.1796875,3.089343379978473e-05,historical,raw/1b-baseline_historical_metrics.csv,2.7799479166666665
35300,18.507890688,2.71875,3.078579117330462e-05,historical,raw/1b-baseline_historical_metrics.csv,2.7546502976190474
35310,18.513133568,3.22265625,3.067814854682456e-05,historical,raw/1b-baseline_historical_metrics.csv,2.8004092261904763
35320,18.518376448,2.6484375,3.057050592034445e-05,historical,raw/1b-baseline_historical_metrics.csv,2.777157738095238
35330,18.523619328,2.82421875,3.0462863293864384e-05,historical,raw/1b-baseline_historical_metrics.csv,2.829985119047619
35340,18.528862208,3.30078125,3.035522066738428e-05,historical,raw/1b-baseline_historical_metrics.csv,2.8402157738095237
35350,18.534105088,2.66015625,3.024757804090421e-05,historical,raw/1b-baseline_historical_metrics.csv,2.880952380952381
35360,18.539347968,3.19921875,3.0139935414424105e-05,historical,raw/1b-baseline_historical_metrics.csv,2.9071800595238093
35370,18.544590848,1.775390625,3.003229278794404e-05,historical,raw/1b-baseline_historical_metrics.csv,2.8442150297619047
35380,18.549833728,3.15625,2.992465016146393e-05,historical,raw/1b-baseline_historical_metrics.csv,2.845889136904762
35390,18.555076608,3.19140625,2.9817007534983867e-05,historical,raw/1b-baseline_historical_metrics.csv,2.8486793154761907
35400,18.560319488,2.65625,2.970936490850376e-05,historical,raw/1b-baseline_historical_metrics.csv,2.8285900297619047
35410,18.565562368,3.1953125,2.960172228202369e-05,historical,raw/1b-baseline_historical_metrics.csv,2.8276599702380953
35420,18.570805248,3.1953125,2.9494079655543584e-05,historical,raw/1b-baseline_historical_metrics.csv,2.828218005952381
35430,18.576048128,3.05859375,2.938643702906352e-05,historical,raw/1b-baseline_historical_metrics.csv,2.865048363095238
35440,18.581291008,1.787109375,2.9278794402583408e-05,historical,raw/1b-baseline_historical_metrics.csv,2.7972470238095237
35450,18.586533888,3.14453125,2.9171151776103346e-05,historical,raw/1b-baseline_historical_metrics.csv,2.7961309523809526
35460,18.591776768,3.15234375,2.906350914962324e-05,historical,raw/1b-baseline_historical_metrics.csv,2.8212425595238093
35470,18.597019648,2.6171875,2.8955866523143173e-05,historical,raw/1b-baseline_historical_metrics.csv,2.7953869047619047
35480,18.602262528,3.27734375,2.8848223896663063e-05,historical,raw/1b-baseline_historical_metrics.csv,2.882998511904762
35490,18.607505408,2.55078125,2.8740581270183e-05,historical,raw/1b-baseline_historical_metrics.csv,2.8815104166666665
35500,18.612748288,3.05078125,2.863293864370289e-05,historical,raw/1b-baseline_historical_metrics.csv,2.8753720238095237
35510,18.617991168,2.5625,2.8525296017222824e-05,historical,raw/1b-baseline_historical_metrics.csv,2.8679315476190474
35520,18.623234048,2.984375,2.8417653390742714e-05,historical,raw/1b-baseline_historical_metrics.csv,2.8565848214285716
35530,18.628476928,3.0859375,2.831001076426265e-05,historical,raw/1b-baseline_historical_metrics.csv,2.8774181547619047
35540,18.633719808,1.55078125,2.8202368137782545e-05,historical,raw/1b-baseline_historical_metrics.csv,2.8167782738095237
35550,18.638962688,1.16015625,2.809472551130248e-05,historical,raw/1b-baseline_historical_metrics.csv,2.71484375
35560,18.644205568,3.2734375,2.7987082884822413e-05,historical,raw/1b-baseline_historical_metrics.csv,2.744047619047619
35570,18.649448448,3.25390625,2.7879440258342303e-05,historical,raw/1b-baseline_historical_metrics.csv,2.7466517857142856
35580,18.654691328,3.15234375,2.777179763186224e-05,historical,raw/1b-baseline_historical_metrics.csv,2.812220982142857
35590,18.659934208,3.0703125,2.766415500538213e-05,historical,raw/1b-baseline_historical_metrics.csv,2.8081287202380953
35600,18.665177088,3.22265625,2.7556512378902065e-05,historical,raw/1b-baseline_historical_metrics.csv,2.8096168154761907
35610,18.670419968,3.10546875,2.744886975242196e-05,historical,raw/1b-baseline_historical_metrics.csv,2.8310081845238093
35620,18.675662848,3.2265625,2.734122712594189e-05,historical,raw/1b-baseline_historical_metrics.csv,2.8324962797619047
35630,18.680905728,3.1171875,2.7233584499461786e-05,historical,raw/1b-baseline_historical_metrics.csv,2.8287760416666665
35640,18.686148608,3.30078125,2.712594187298172e-05,historical,raw/1b-baseline_historical_metrics.csv,2.8403087797619047
35650,18.691391488,3.2265625,2.701829924650161e-05,historical,raw/1b-baseline_historical_metrics.csv,2.9088541666666665
35660,18.696634368,2.765625,2.6910656620021547e-05,historical,raw/1b-baseline_historical_metrics.csv,2.890811011904762
35670,18.701877248,3.30859375,2.680301399354144e-05,historical,raw/1b-baseline_historical_metrics.csv,2.898251488095238
35680,18.707120128,2.50390625,2.669537136706137e-05,historical,raw/1b-baseline_historical_metrics.csv,2.892857142857143
35690,18.712363008,3.1484375,2.6587728740581265e-05,historical,raw/1b-baseline_historical_metrics.csv,2.88671875
35700,18.717605888,2.63671875,2.64800861141012e-05,historical,raw/1b-baseline_historical_metrics.csv,2.890811011904762
35710,18.722848768,2.71875,2.637244348762109e-05,historical,raw/1b-baseline_historical_metrics.csv,2.875
35720,18.728091648,3.1875,2.6264800861141023e-05,historical,raw/1b-baseline_historical_metrics.csv,2.9047619047619047
35730,18.733334528,3.3125,2.615715823466092e-05,historical,raw/1b-baseline_historical_metrics.csv,2.9203869047619047
35740,18.738577408,1.939453125,2.6049515608180853e-05,historical,raw/1b-baseline_historical_metrics.csv,2.8657924107142856
35750,18.743820288,3.12109375,2.5941872981700743e-05,historical,raw/1b-baseline_historical_metrics.csv,2.9405691964285716
35760,18.749063168,3.2265625,2.583423035522068e-05,historical,raw/1b-baseline_historical_metrics.csv,3.038969494047619
35770,18.754306048,2.63671875,2.572658772874057e-05,historical,raw/1b-baseline_historical_metrics.csv,3.0086495535714284
35780,18.759548928,3.14453125,2.5618945102260505e-05,historical,raw/1b-baseline_historical_metrics.csv,3.0034412202380953
35790,18.764791808,1.470703125,2.5511302475780395e-05,historical,raw/1b-baseline_historical_metrics.csv,2.9233630952380953
35800,18.770034688,3.18359375,2.540365984930033e-05,historical,raw/1b-baseline_historical_metrics.csv,2.9287574404761907
35810,18.775277568,3.21484375,2.5296017222820222e-05,historical,raw/1b-baseline_historical_metrics.csv,2.9283854166666665
35820,18.780520448,1.640625,2.518837459634016e-05,historical,raw/1b-baseline_historical_metrics.csv,2.8586309523809526
35830,18.785763328,1.955078125,2.508073196986005e-05,historical,raw/1b-baseline_historical_metrics.csv,2.7980840773809526
35840,18.791006208,3.21484375,2.4973089343379984e-05,historical,raw/1b-baseline_historical_metrics.csv,2.802734375
35850,18.796249088,0.24755859375,2.486544671689988e-05,historical,raw/1b-baseline_historical_metrics.csv,2.6573428199404763
35860,18.801491968,2.99609375,2.475780409041981e-05,historical,raw/1b-baseline_historical_metrics.csv,2.6463681175595237
35870,18.806734848,3.015625,2.46501614639397e-05,historical,raw/1b-baseline_historical_metrics.csv,2.6582728794642856
35880,18.811977728,3.140625,2.454251883745964e-05,historical,raw/1b-baseline_historical_metrics.csv,2.6502743675595237
35890,18.817220608,1.6796875,2.443487621097953e-05,historical,raw/1b-baseline_historical_metrics.csv,2.611025855654762
35900,18.822463488,3.1953125,2.4327233584499463e-05,historical,raw/1b-baseline_historical_metrics.csv,2.6132579985119047
35910,18.827706368,3.20703125,2.421959095801936e-05,historical,raw/1b-baseline_historical_metrics.csv,2.640415736607143
35920,18.832949248,3.203125,2.411194833153929e-05,historical,raw/1b-baseline_historical_metrics.csv,2.663481212797619
35930,18.838192128,3.2265625,2.4004305705059184e-05,historical,raw/1b-baseline_historical_metrics.csv,2.665341331845238
35940,18.843435008,1.623046875,2.389666307857912e-05,historical,raw/1b-baseline_historical_metrics.csv,2.5848911830357144
35950,18.848677888,2.056640625,2.378902045209905e-05,historical,raw/1b-baseline_historical_metrics.csv,2.5904715401785716
35960,18.853920768,2.9453125,2.3681377825618945e-05,historical,raw/1b-baseline_historical_metrics.csv,2.5821010044642856
35970,18.859163648,2.78515625,2.357373519913888e-05,historical,raw/1b-baseline_historical_metrics.csv,2.5610816592261907
35980,18.864406528,2.578125,2.3466092572658773e-05,historical,raw/1b-baseline_historical_metrics.csv,2.558291480654762
35990,18.869649408,1.904296875,2.3358449946178707e-05,historical,raw/1b-baseline_historical_metrics.csv,2.499232700892857
36000,18.874892288,3.0859375,2.32508073196986e-05,historical,raw/1b-baseline_historical_metrics.csv,2.5761486235119047
36010,18.880135168,1.693359375,2.314316469321853e-05,historical,raw/1b-baseline_historical_metrics.csv,2.505185081845238
36020,18.885378048,2.51171875,2.3035522066738424e-05,historical,raw/1b-baseline_historical_metrics.csv,2.4717029389880953
36030,18.890620928,3.13671875,2.292787944025836e-05,historical,raw/1b-baseline_historical_metrics.csv,2.5429454985119047
36040,18.895863808,2.73046875,2.282023681377825e-05,historical,raw/1b-baseline_historical_metrics.csv,2.579868861607143
36050,18.901106688,2.66015625,2.2712594187298185e-05,historical,raw/1b-baseline_historical_metrics.csv,2.5534551711309526
36060,18.906349568,3.203125,2.260495156081808e-05,historical,raw/1b-baseline_historical_metrics.csv,2.6941964285714284
36070,18.911592448,3.2421875,2.2497308934338013e-05,historical,raw/1b-baseline_historical_metrics.csv,2.7059151785714284
36080,18.916835328,3.1484375,2.2389666307857903e-05,historical,raw/1b-baseline_historical_metrics.csv,2.7122395833333335
36090,18.922078208,3.18359375,2.228202368137784e-05,historical,raw/1b-baseline_historical_metrics.csv,2.7142857142857144
36100,18.927321088,2.40625,2.217438105489773e-05,historical,raw/1b-baseline_historical_metrics.csv,2.7488839285714284
36110,18.932563968,3.328125,2.2066738428417664e-05,historical,raw/1b-baseline_historical_metrics.csv,2.7552083333333335
36120,18.937806848,3.23828125,2.195909580193756e-05,historical,raw/1b-baseline_historical_metrics.csv,2.7566964285714284
36130,18.943049728,3.05859375,2.185145317545749e-05,historical,raw/1b-baseline_historical_metrics.csv,2.749813988095238
36140,18.948292608,2.59375,2.1743810548977385e-05,historical,raw/1b-baseline_historical_metrics.csv,2.7196800595238093
36150,18.953535488,3.15625,2.163616792249732e-05,historical,raw/1b-baseline_historical_metrics.csv,2.792689732142857
36160,18.958778368,3.1640625,2.152852529601721e-05,historical,raw/1b-baseline_historical_metrics.csv,2.845424107142857
36170,18.964021248,3.265625,2.1420882669537147e-05,historical,raw/1b-baseline_historical_metrics.csv,2.8606770833333335
36180,18.969264128,3.31640625,2.131324004305704e-05,historical,raw/1b-baseline_historical_metrics.csv,2.8859747023809526
36190,18.974507008,3.140625,2.120559741657697e-05,historical,raw/1b-baseline_historical_metrics.csv,2.9127604166666665
36200,18.979749888,2.81640625,2.1097954790096864e-05,historical,raw/1b-baseline_historical_metrics.csv,2.9561941964285716
36210,18.984992768,3.296875,2.09903121636168e-05,historical,raw/1b-baseline_historical_metrics.csv,2.9662388392857144
36220,18.990235648,2.74609375,2.0882669537136688e-05,historical,raw/1b-baseline_historical_metrics.csv,3.0163690476190474
36230,18.995478528,3.01953125,2.0775026910656626e-05,historical,raw/1b-baseline_historical_metrics.csv,3.0405505952380953
36240,19.000721408,1.78125,2.066738428417652e-05,historical,raw/1b-baseline_historical_metrics.csv,2.9760044642857144
36250,19.005964288,3.15625,2.0559741657696453e-05,historical,raw/1b-baseline_historical_metrics.csv,2.996279761904762
36260,19.011207168,2.65625,2.0452099031216343e-05,historical,raw/1b-baseline_historical_metrics.csv,2.99609375
36270,19.016450048,1.873046875,2.034445640473628e-05,historical,raw/1b-baseline_historical_metrics.csv,2.9327566964285716
36280,19.021692928,3.1484375,2.023681377825617e-05,historical,raw/1b-baseline_historical_metrics.csv,2.9282924107142856
36290,19.026935808,0.814453125,2.0129171151776104e-05,historical,raw/1b-baseline_historical_metrics.csv,2.8171502976190474
36300,19.032178688,3.1796875,2.0021528525295994e-05,historical,raw/1b-baseline_historical_metrics.csv,2.8169642857142856
36310,19.037421568,3.09375,1.991388589881593e-05,historical,raw/1b-baseline_historical_metrics.csv,2.849702380952381
36320,19.042664448,3.2734375,1.9806243272335863e-05,historical,raw/1b-baseline_historical_metrics.csv,2.8470982142857144
36330,19.047907328,3.2109375,1.969860064585576e-05,historical,raw/1b-baseline_historical_metrics.csv,2.845796130952381
36340,19.053150208,2.74609375,1.9590958019375693e-05,historical,raw/1b-baseline_historical_metrics.csv,2.8309151785714284
36350,19.058393088,3.14453125,1.9483315392895583e-05,historical,raw/1b-baseline_historical_metrics.csv,2.857142857142857
36360,19.063635968,3.171875,1.937567276641552e-05,historical,raw/1b-baseline_historical_metrics.csv,2.8578869047619047
36370,19.068878848,2.55078125,1.926803013993541e-05,historical,raw/1b-baseline_historical_metrics.csv,2.8286830357142856
36380,19.074121728,3.0703125,1.9160387513455348e-05,historical,raw/1b-baseline_historical_metrics.csv,2.8193824404761907
36390,19.079364608,2.7265625,1.905274488697524e-05,historical,raw/1b-baseline_historical_metrics.csv,2.791294642857143
36400,19.084607488,2.5703125,1.894510226049517e-05,historical,raw/1b-baseline_historical_metrics.csv,2.7641369047619047
36410,19.089850368,3.078125,1.8837459634015062e-05,historical,raw/1b-baseline_historical_metrics.csv,2.7765997023809526
36420,19.095093248,3.18359375,1.8729817007535e-05,historical,raw/1b-baseline_historical_metrics.csv,2.771205357142857
36430,19.100336128,3.19921875,1.862217438105489e-05,historical,raw/1b-baseline_historical_metrics.csv,2.792782738095238
36440,19.105579008,1.681640625,1.8514531754574827e-05,historical,raw/1b-baseline_historical_metrics.csv,2.7290736607142856
36450,19.110821888,3.2109375,1.840688912809472e-05,historical,raw/1b-baseline_historical_metrics.csv,2.797154017857143
36460,19.116064768,1.94921875,1.829924650161465e-05,historical,raw/1b-baseline_historical_metrics.csv,2.7396763392857144
36470,19.121307648,2.3046875,1.8191603875134545e-05,historical,raw/1b-baseline_historical_metrics.csv,2.722935267857143
36480,19.126550528,3.296875,1.808396124865448e-05,historical,raw/1b-baseline_historical_metrics.csv,2.790736607142857
36490,19.131793408,3.1640625,1.7976318622174372e-05,historical,raw/1b-baseline_historical_metrics.csv,2.7914806547619047
36500,19.137036288,3.18359375,1.7868675995694306e-05,historical,raw/1b-baseline_historical_metrics.csv,2.904296875
36510,19.142279168,3.31640625,1.7761033369214196e-05,historical,raw/1b-baseline_historical_metrics.csv,2.9108072916666665
36520,19.147522048,3.125,1.7653390742734134e-05,historical,raw/1b-baseline_historical_metrics.csv,2.912295386904762
36530,19.152764928,3.1640625,1.7545748116254024e-05,historical,raw/1b-baseline_historical_metrics.csv,2.9070870535714284
36540,19.158007808,1.80078125,1.743810548977396e-05,historical,raw/1b-baseline_historical_metrics.csv,2.839936755952381
36550,19.163250688,1.9375,1.733046286329385e-05,historical,raw/1b-baseline_historical_metrics.csv,2.8014322916666665
36560,19.168493568,2.53515625,1.7222820236813785e-05,historical,raw/1b-baseline_historical_metrics.csv,2.7724144345238093
36570,19.173736448,3.26953125,1.711517761033368e-05,historical,raw/1b-baseline_historical_metrics.csv,2.777064732142857
36580,19.178979328,3.1484375,1.7007534983853612e-05,historical,raw/1b-baseline_historical_metrics.csv,2.8055245535714284
36590,19.184222208,3.234375,1.6899892357373502e-05,historical,raw/1b-baseline_historical_metrics.csv,2.8133370535714284
36600,19.189465088,3.29296875,1.679224973089344e-05,historical,raw/1b-baseline_historical_metrics.csv,2.8403087797619047
36610,19.194707968,3.28125,1.668460710441333e-05,historical,raw/1b-baseline_historical_metrics.csv,2.8741629464285716
36620,19.199950848,3.3671875,1.6576964477933264e-05,historical,raw/1b-baseline_historical_metrics.csv,2.8879278273809526
36630,19.205193728,3.421875,1.6469321851453157e-05,historical,raw/1b-baseline_historical_metrics.csv,2.8992745535714284
36640,19.210436608,3.16796875,1.636167922497309e-05,historical,raw/1b-baseline_historical_metrics.csv,2.8977864583333335
36650,19.215679488,2.62109375,1.6254036598492985e-05,historical,raw/1b-baseline_historical_metrics.csv,2.9425223214285716
36660,19.220922368,3.1171875,1.614639397201292e-05,historical,raw/1b-baseline_historical_metrics.csv,2.9380580357142856
36670,19.226165248,2.625,1.603875134553281e-05,historical,raw/1b-baseline_historical_metrics.csv,2.9702380952380953
36680,19.231408128,3.28515625,1.5931108719052746e-05,historical,raw/1b-baseline_historical_metrics.csv,3.0169270833333335
36690,19.236651008,3.140625,1.582346609257268e-05,historical,raw/1b-baseline_historical_metrics.csv,3.009486607142857
36700,19.241893888,2.45703125,1.571582346609257e-05,historical,raw/1b-baseline_historical_metrics.csv,2.9758184523809526
36710,19.247136768,3.078125,1.5608180839612508e-05,historical,raw/1b-baseline_historical_metrics.csv,2.970796130952381
36720,19.252379648,1.826171875,1.5500538213132398e-05,historical,raw/1b-baseline_historical_metrics.csv,2.8998325892857144
36730,19.257622528,2.69921875,1.5392895586652335e-05,historical,raw/1b-baseline_historical_metrics.csv,2.8795572916666665
36740,19.262865408,3.30078125,1.5285252960172225e-05,historical,raw/1b-baseline_historical_metrics.csv,2.8860677083333335
36750,19.268108288,2.7109375,1.517761033369216e-05,historical,raw/1b-baseline_historical_metrics.csv,2.929408482142857
36760,19.273351168,3.12890625,1.5069967707212053e-05,historical,raw/1b-baseline_historical_metrics.csv,2.986142113095238
36770,19.278594048,3.43359375,1.4962325080731988e-05,historical,raw/1b-baseline_historical_metrics.csv,3.0289248511904763
36780,19.283836928,3.12109375,1.4854682454251878e-05,historical,raw/1b-baseline_historical_metrics.csv,3.0218563988095237
36790,19.289079808,3.234375,1.4747039827771814e-05,historical,raw/1b-baseline_historical_metrics.csv,3.0259486607142856
36800,19.294322688,3.08203125,1.4639397201291704e-05,historical,raw/1b-baseline_historical_metrics.csv,3.0186941964285716
36810,19.299565568,1.681640625,1.453175457481164e-05,historical,raw/1b-baseline_historical_metrics.csv,2.9419642857142856
36820,19.304808448,1.779296875,1.4424111948331531e-05,historical,raw/1b-baseline_historical_metrics.csv,2.8704427083333335
36830,19.310051328,3.21875,1.4316469321851467e-05,historical,raw/1b-baseline_historical_metrics.csv,2.863374255952381
36840,19.315294208,3.19140625,1.4208826695371356e-05,historical,raw/1b-baseline_historical_metrics.csv,2.8523995535714284
36850,19.320537088,3.3359375,1.4101184068891291e-05,historical,raw/1b-baseline_historical_metrics.csv,2.8603980654761907
36860,19.325779968,3.1953125,1.3993541442411185e-05,historical,raw/1b-baseline_historical_metrics.csv,2.8877418154761907
36870,19.331022848,1.921875,1.388589881593112e-05,historical,raw/1b-baseline_historical_metrics.csv,2.8308221726190474
36880,19.336265728,3.10546875,1.377825618945101e-05,historical,raw/1b-baseline_historical_metrics.csv,2.853701636904762
36890,19.341508608,1.734375,1.3670613562970946e-05,historical,raw/1b-baseline_historical_metrics.csv,2.7798549107142856
36900,19.346751488,2.3203125,1.3562970936490838e-05,historical,raw/1b-baseline_historical_metrics.csv,2.7407924107142856
36910,19.351994368,3.1015625,1.3455328310010774e-05,historical,raw/1b-baseline_historical_metrics.csv,2.771484375
36920,19.357237248,3.1953125,1.3347685683530664e-05,historical,raw/1b-baseline_historical_metrics.csv,2.777064732142857
36930,19.362480128,3.2265625,1.32400430570506e-05,historical,raw/1b-baseline_historical_metrics.csv,2.84375
36940,19.367723008,3.21484375,1.3132400430570493e-05,historical,raw/1b-baseline_historical_metrics.csv,2.8683035714285716
36950,19.372965888,3.16796875,1.3024757804090428e-05,historical,raw/1b-baseline_historical_metrics.csv,2.8619791666666665
36960,19.378208768,3.125,1.2917115177610317e-05,historical,raw/1b-baseline_historical_metrics.csv,2.8816964285714284
36970,19.383451648,3.33984375,1.2809472551130252e-05,historical,raw/1b-baseline_historical_metrics.csv,2.8917410714285716
36980,19.388694528,2.5859375,1.2701829924650144e-05,historical,raw/1b-baseline_historical_metrics.csv,2.851376488095238
36990,19.393937408,3.1171875,1.259418729817008e-05,historical,raw/1b-baseline_historical_metrics.csv,2.8511904761904763
37000,19.399180288,3.29296875,1.248654467168997e-05,historical,raw/1b-baseline_historical_metrics.csv,2.8539806547619047
37010,19.404423168,3.3359375,1.2378902045209906e-05,historical,raw/1b-baseline_historical_metrics.csv,2.8660714285714284
37020,19.409666048,3.19921875,1.2271259418729796e-05,historical,raw/1b-baseline_historical_metrics.csv,2.9383370535714284
37030,19.414908928,3.18359375,1.2163616792249731e-05,historical,raw/1b-baseline_historical_metrics.csv,3.0052083333333335
37040,19.420151808,2.6875,1.2055974165769625e-05,historical,raw/1b-baseline_historical_metrics.csv,2.9799107142857144
37050,19.425394688,2.06640625,1.194833153928956e-05,historical,raw/1b-baseline_historical_metrics.csv,2.9263392857142856
37060,19.430637568,2.46875,1.1840688912809496e-05,historical,raw/1b-baseline_historical_metrics.csv,2.885044642857143
37070,19.435880448,2.80859375,1.1733046286329386e-05,historical,raw/1b-baseline_historical_metrics.csv,2.8666294642857144
37080,19.441123328,1.46875,1.162540365984932e-05,historical,raw/1b-baseline_historical_metrics.csv,2.8450520833333335
37090,19.446366208,3.0703125,1.1517761033369212e-05,historical,raw/1b-baseline_historical_metrics.csv,2.8433779761904763
37100,19.451609088,3.140625,1.1410118406889148e-05,historical,raw/1b-baseline_historical_metrics.csv,2.910342261904762
37110,19.456851968,3.1875,1.130247578040904e-05,historical,raw/1b-baseline_historical_metrics.csv,2.9516369047619047
37120,19.462094848,2.5390625,1.1194833153928972e-05,historical,raw/1b-baseline_historical_metrics.csv,2.9248511904761907
37130,19.467337728,3.1171875,1.1087190527448863e-05,historical,raw/1b-baseline_historical_metrics.csv,2.9211309523809526
37140,19.472580608,3.27734375,1.09795479009688e-05,historical,raw/1b-baseline_historical_metrics.csv,2.923549107142857
37150,19.477823488,3.04296875,1.0871905274488693e-05,historical,raw/1b-baseline_historical_metrics.csv,2.9153645833333335
37160,19.483066368,3.2265625,1.0764262648008628e-05,historical,raw/1b-baseline_historical_metrics.csv,2.918154761904762
37170,19.488309248,3.1640625,1.0656620021528518e-05,historical,raw/1b-baseline_historical_metrics.csv,2.920014880952381
37180,19.493552128,3.13671875,1.0548977395048454e-05,historical,raw/1b-baseline_historical_metrics.csv,2.910342261904762
37190,19.498795008,3.26171875,1.0441334768568344e-05,historical,raw/1b-baseline_historical_metrics.csv,2.9425223214285716
37200,19.504037888,1.572265625,1.033369214208828e-05,historical,raw/1b-baseline_historical_metrics.csv,2.868954613095238
37210,19.509280768,3.1796875,1.0226049515608172e-05,historical,raw/1b-baseline_historical_metrics.csv,2.863560267857143
37220,19.514523648,1.75,1.0118406889128107e-05,historical,raw/1b-baseline_historical_metrics.csv,2.7880394345238093
37230,19.519766528,3.26171875,1.0010764262647996e-05,historical,raw/1b-baseline_historical_metrics.csv,2.791015625
37240,19.525009408,2.67578125,9.903121636167931e-06,historical,raw/1b-baseline_historical_metrics.csv,2.7668340773809526
37250,19.530252288,1.7734375,9.795479009687825e-06,historical,raw/1b-baseline_historical_metrics.csv,2.7233072916666665
37260,19.535495168,1.939453125,9.68783638320776e-06,historical,raw/1b-baseline_historical_metrics.csv,2.7172619047619047
37270,19.540738048,3.21875,9.58019375672765e-06,historical,raw/1b-baseline_historical_metrics.csv,2.7529761904761907
37280,19.545980928,3.07421875,9.472551130247586e-06,historical,raw/1b-baseline_historical_metrics.csv,2.765625
37290,19.551223808,2.4296875,9.364908503767478e-06,historical,raw/1b-baseline_historical_metrics.csv,2.8113839285714284
37300,19.556466688,3.1640625,9.257265877287414e-06,historical,raw/1b-baseline_historical_metrics.csv,2.8158482142857144
37310,19.561709568,2.64453125,9.149623250807304e-06,historical,raw/1b-baseline_historical_metrics.csv,2.7922247023809526
37320,19.566952448,2.82421875,9.04198062432724e-06,historical,raw/1b-baseline_historical_metrics.csv,2.7749255952380953
37330,19.572195328,3.046875,8.934337997847131e-06,historical,raw/1b-baseline_historical_metrics.csv,2.799107142857143
37340,19.577438208,3.12890625,8.826695371367067e-06,historical,raw/1b-baseline_historical_metrics.csv,2.7996651785714284
37350,19.582681088,1.470703125,8.719052744886957e-06,historical,raw/1b-baseline_historical_metrics.csv,2.7136346726190474
37360,19.587923968,3.14453125,8.611410118406893e-06,historical,raw/1b-baseline_historical_metrics.csv,2.718470982142857
37370,19.593166848,3.13671875,8.503767491926784e-06,historical,raw/1b-baseline_historical_metrics.csv,2.7141927083333335
37380,19.598409728,3.23828125,8.39612486544672e-06,historical,raw/1b-baseline_historical_metrics.csv,2.7177269345238093
37390,19.603652608,3.10546875,8.28848223896661e-06,historical,raw/1b-baseline_historical_metrics.csv,2.7162388392857144
37400,19.608895488,3.12109375,8.180839612486546e-06,historical,raw/1b-baseline_historical_metrics.csv,2.7095424107142856
37410,19.614138368,3.39453125,8.073196986006437e-06,historical,raw/1b-baseline_historical_metrics.csv,2.7963169642857144
37420,19.619381248,1.486328125,7.965554359526373e-06,historical,raw/1b-baseline_historical_metrics.csv,2.7156808035714284
37430,19.624624128,3.1796875,7.857911733046309e-06,historical,raw/1b-baseline_historical_metrics.csv,2.7837611607142856
37440,19.629867008,3.16796875,7.750269106566199e-06,historical,raw/1b-baseline_historical_metrics.csv,2.779296875
37450,19.635109888,1.767578125,7.642626480086135e-06,historical,raw/1b-baseline_historical_metrics.csv,2.736049107142857
37460,19.640352768,3.046875,7.5349838536060254e-06,historical,raw/1b-baseline_historical_metrics.csv,2.796688988095238
37470,19.645595648,1.80859375,7.427341227125961e-06,historical,raw/1b-baseline_historical_metrics.csv,2.7904575892857144
37480,19.650838528,3.1328125,7.319698600645852e-06,historical,raw/1b-baseline_historical_metrics.csv,2.7863653273809526
37490,19.656081408,3.1796875,7.212055974165788e-06,historical,raw/1b-baseline_historical_metrics.csv,2.7913876488095237
37500,19.661324288,2.55859375,7.104413347685679e-06,historical,raw/1b-baseline_historical_metrics.csv,2.7975260416666665
37510,19.666567168,3.1953125,6.996770721205614e-06,historical,raw/1b-baseline_historical_metrics.csv,2.799014136904762
37520,19.671810048,3.23046875,6.889128094725505e-06,historical,raw/1b-baseline_historical_metrics.csv,2.8269159226190474
37530,19.677052928,3.29296875,6.781485468245441e-06,historical,raw/1b-baseline_historical_metrics.csv,2.8492373511904763
37540,19.682295808,3.140625,6.673842841765332e-06,historical,raw/1b-baseline_historical_metrics.csv,2.853701636904762
37550,19.687538688,2.82421875,6.566200215285268e-06,historical,raw/1b-baseline_historical_metrics.csv,2.8391927083333335
37560,19.692781568,1.73828125,6.458557588805158e-06,historical,raw/1b-baseline_historical_metrics.csv,2.8519345238095237
37570,19.698024448,3.1484375,6.350914962325094e-06,historical,raw/1b-baseline_historical_metrics.csv,2.8521205357142856
37580,19.703267328,3.07421875,6.243272335844985e-06,historical,raw/1b-baseline_historical_metrics.csv,2.8491443452380953
37590,19.708510208,3.23828125,6.135629709364921e-06,historical,raw/1b-baseline_historical_metrics.csv,2.8491443452380953
37600,19.713753088,1.341796875,6.027987082884812e-06,historical,raw/1b-baseline_historical_metrics.csv,2.7651599702380953
37610,19.718995968,2.60546875,5.920344456404747e-06,historical,raw/1b-baseline_historical_metrics.csv,2.7406063988095237
37620,19.724238848,3.14453125,5.812701829924638e-06,historical,raw/1b-baseline_historical_metrics.csv,2.728701636904762
37630,19.729481728,3.20703125,5.705059203444574e-06,historical,raw/1b-baseline_historical_metrics.csv,2.810639880952381
37640,19.734724608,1.822265625,5.597416576964465e-06,historical,raw/1b-baseline_historical_metrics.csv,2.746000744047619
37650,19.739967488,3.2421875,5.4897739504844005e-06,historical,raw/1b-baseline_historical_metrics.csv,2.7495349702380953
37660,19.745210368,3.05859375,5.382131324004291e-06,historical,raw/1b-baseline_historical_metrics.csv,2.8110119047619047
37670,19.750453248,3.19921875,5.274488697524227e-06,historical,raw/1b-baseline_historical_metrics.csv,2.818266369047619
37680,19.755696128,2.55078125,5.166846071044118e-06,historical,raw/1b-baseline_historical_metrics.csv,2.853608630952381
37690,19.760939008,2.66796875,5.059203444564054e-06,historical,raw/1b-baseline_historical_metrics.csv,2.8314732142857144
37700,19.766181888,1.59375,4.9515608180839445e-06,historical,raw/1b-baseline_historical_metrics.csv,2.755952380952381
37710,19.771424768,3.1484375,4.84391819160388e-06,historical,raw/1b-baseline_historical_metrics.csv,2.7840401785714284
37720,19.776667648,3.1484375,4.736275565123771e-06,historical,raw/1b-baseline_historical_metrics.csv,2.7818080357142856
37730,19.781910528,3.12109375,4.628632938643707e-06,historical,raw/1b-baseline_historical_metrics.csv,2.7765997023809526
37740,19.787153408,3.171875,4.520990312163598e-06,historical,raw/1b-baseline_historical_metrics.csv,2.7708333333333335
37750,19.792396288,3.1875,4.413347685683533e-06,historical,raw/1b-baseline_historical_metrics.csv,2.7730654761904763
37760,19.797639168,2.4609375,4.305705059203424e-06,historical,raw/1b-baseline_historical_metrics.csv,2.755766369047619
37770,19.802882048,3.20703125,4.19806243272336e-06,historical,raw/1b-baseline_historical_metrics.csv,2.8257068452380953
37780,19.808124928,2.69140625,4.090419806243251e-06,historical,raw/1b-baseline_historical_metrics.csv,2.8039434523809526
37790,19.813367808,3.17578125,3.9827771797631866e-06,historical,raw/1b-baseline_historical_metrics.csv,2.808779761904762
37800,19.818610688,2.3515625,3.8751345532831214e-06,historical,raw/1b-baseline_historical_metrics.csv,2.7665550595238093
37810,19.823853568,1.689453125,3.7674919268030127e-06,historical,raw/1b-baseline_historical_metrics.csv,2.783110119047619
37820,19.829096448,3.08984375,3.659849300322949e-06,historical,raw/1b-baseline_historical_metrics.csv,2.8061755952380953
37830,19.834339328,3.04296875,3.5522066738428397e-06,historical,raw/1b-baseline_historical_metrics.csv,2.8013392857142856
37840,19.839582208,3.1796875,3.444564047362775e-06,historical,raw/1b-baseline_historical_metrics.csv,2.8000372023809526
37850,19.844825088,3.14453125,3.336921420882666e-06,historical,raw/1b-baseline_historical_metrics.csv,2.863002232142857
37860,19.850067968,3.14453125,3.2292787944026016e-06,historical,raw/1b-baseline_historical_metrics.csv,2.8583519345238093
37870,19.855310848,3.19140625,3.1216361679224925e-06,historical,raw/1b-baseline_historical_metrics.csv,2.8646763392857144
37880,19.860553728,3.15625,3.013993541442428e-06,historical,raw/1b-baseline_historical_metrics.csv,2.8626302083333335
37890,19.865796608,3.15625,2.906350914962319e-06,historical,raw/1b-baseline_historical_metrics.csv,2.8914620535714284
37900,19.871039488,2.5234375,2.798708288482255e-06,historical,raw/1b-baseline_historical_metrics.csv,2.884579613095238
37910,19.876282368,3.12109375,2.6910656620021456e-06,historical,raw/1b-baseline_historical_metrics.csv,2.957310267857143
37920,19.881525248,1.794921875,2.5834230355220814e-06,historical,raw/1b-baseline_historical_metrics.csv,2.892857142857143
37930,19.886768128,3.11328125,2.475780409041972e-06,historical,raw/1b-baseline_historical_metrics.csv,2.8911830357142856
37940,19.892011008,3.1875,2.368137782561908e-06,historical,raw/1b-baseline_historical_metrics.csv,2.894345238095238
37950,19.897253888,3.10546875,2.260495156081799e-06,historical,raw/1b-baseline_historical_metrics.csv,2.8911830357142856
37960,19.902496768,3.125,2.152852529601734e-06,historical,raw/1b-baseline_historical_metrics.csv,2.8882068452380953
37970,19.907739648,3.234375,2.0452099031216254e-06,historical,raw/1b-baseline_historical_metrics.csv,2.9250372023809526
37980,19.912982528,3.0859375,1.9375672766415607e-06,historical,raw/1b-baseline_historical_metrics.csv,2.9192708333333335
37990,19.918225408,3.109375,1.829924650161452e-06,historical,raw/1b-baseline_historical_metrics.csv,2.939174107142857
38000,19.923468288,3.12109375,1.7222820236813875e-06,historical,raw/1b-baseline_historical_metrics.csv,2.9365699404761907
38010,19.928711168,3.0703125,1.6146393972012786e-06,historical,raw/1b-baseline_historical_metrics.csv,2.970796130952381
38020,19.933954048,3.2109375,1.506996770721214e-06,historical,raw/1b-baseline_historical_metrics.csv,3.043247767857143
38030,19.939196928,1.611328125,1.3993541442411052e-06,historical,raw/1b-baseline_historical_metrics.csv,2.972842261904762
38040,19.944439808,3.23828125,1.2917115177610407e-06,historical,raw/1b-baseline_historical_metrics.csv,2.982142857142857
38050,19.949682688,1.69140625,1.1840688912809318e-06,historical,raw/1b-baseline_historical_metrics.csv,2.9112723214285716
38060,19.954925568,2.546875,1.076426264800867e-06,historical,raw/1b-baseline_historical_metrics.csv,2.8828125
38070,19.960168448,3.2109375,9.687836383207583e-07,historical,raw/1b-baseline_historical_metrics.csv,2.8859747023809526
38080,19.965411328,3.1796875,8.611410118406938e-07,historical,raw/1b-baseline_historical_metrics.csv,2.8854166666666665
38090,19.970654208,1.724609375,7.534983853605848e-07,historical,raw/1b-baseline_historical_metrics.csv,2.8172433035714284
38100,19.975897088,3.20703125,6.458557588805203e-07,historical,raw/1b-baseline_historical_metrics.csv,2.8196614583333335
38110,19.981139968,1.453125,5.382131324004114e-07,historical,raw/1b-baseline_historical_metrics.csv,2.7686941964285716
38120,19.986382848,3.05859375,4.305705059203469e-07,historical,raw/1b-baseline_historical_metrics.csv,2.765718005952381
38130,19.991625728,3.17578125,3.22927879440238e-07,historical,raw/1b-baseline_historical_metrics.csv,2.8314732142857144
38140,19.996868608,3.23046875,2.1528525296017347e-07,historical,raw/1b-baseline_historical_metrics.csv,2.8370535714285716
38150,20.002111488,1.31640625,1.0764262648006453e-07,historical,raw/1b-baseline_historical_metrics.csv,2.747953869047619
