step,tokens_B,train_nll,lr,phase,source_file,display_rolling21_nll
0,0.000524288,11.8984375,0.0,historical,raw/1b-dagformer_historical_metrics.csv,11.8984375
10,0.005767168,11.87890625,4e-06,historical,raw/1b-dagformer_historical_metrics.csv,11.888671875
20,0.011010048,11.7578125,8e-06,historical,raw/1b-dagformer_historical_metrics.csv,11.845052083333334
30,0.016252928,11.203125,1.2e-05,historical,raw/1b-dagformer_historical_metrics.csv,11.6845703125
40,0.021495808,10.45703125,1.6e-05,historical,raw/1b-dagformer_historical_metrics.csv,11.4390625
50,0.026738688,9.80859375,2e-05,historical,raw/1b-dagformer_historical_metrics.csv,11.167317708333334
60,0.031981568,10.83984375,2.4e-05,historical,raw/1b-dagformer_historical_metrics.csv,11.120535714285714
70,0.037224448,10.421875,2.8e-05,historical,raw/1b-dagformer_historical_metrics.csv,11.033203125
80,0.042467328,9.203125,3.2e-05,historical,raw/1b-dagformer_historical_metrics.csv,10.82986111111111
90,0.047710208,8.97265625,3.6e-05,historical,raw/1b-dagformer_historical_metrics.csv,10.644140625
100,0.052953088,8.79296875,4e-05,historical,raw/1b-dagformer_historical_metrics.csv,10.475852272727273
110,0.058195968,8.61328125,4.4000000000000006e-05,historical,raw/1b-dagformer_historical_metrics.csv,10.320638020833334
120,0.063438848,8.091796875,4.8e-05,historical,raw/1b-dagformer_historical_metrics.csv,10.149188701923077
130,0.068681728,7.98828125,5.2e-05,historical,raw/1b-dagformer_historical_metrics.csv,9.994838169642858
140,0.073924608,8.9296875,5.6e-05,historical,raw/1b-dagformer_historical_metrics.csv,9.923828125
150,0.079167488,7.70703125,6e-05,historical,raw/1b-dagformer_historical_metrics.csv,9.7852783203125
160,0.084410368,7.69140625,6.4e-05,historical,raw/1b-dagformer_historical_metrics.csv,9.662109375
170,0.089653248,7.69921875,6.8e-05,historical,raw/1b-dagformer_historical_metrics.csv,9.553059895833334
180,0.094896128,7.67578125,7.2e-05,historical,raw/1b-dagformer_historical_metrics.csv,9.454255756578947
190,0.100139008,7.689453125,7.6e-05,historical,raw/1b-dagformer_historical_metrics.csv,9.366015625
200,0.105381888,8.5859375,8e-05,historical,raw/1b-dagformer_historical_metrics.csv,9.328869047619047
210,0.110624768,7.701171875,8.400000000000001e-05,historical,raw/1b-dagformer_historical_metrics.csv,9.128999255952381
220,0.115867648,9.09765625,8.800000000000001e-05,historical,raw/1b-dagformer_historical_metrics.csv,8.996558779761905
230,0.121110528,7.380859375,9.2e-05,historical,raw/1b-dagformer_historical_metrics.csv,8.78813244047619
240,0.126353408,7.181640625,9.6e-05,historical,raw/1b-dagformer_historical_metrics.csv,8.59663318452381
250,0.131596288,7.087890625,0.0001,historical,raw/1b-dagformer_historical_metrics.csv,8.436197916666666
260,0.136839168,6.771484375,0.000104,historical,raw/1b-dagformer_historical_metrics.csv,8.291573660714286
270,0.142082048,6.806640625,0.000108,historical,raw/1b-dagformer_historical_metrics.csv,8.099516369047619
280,0.147324928,7.3515625,0.000112,historical,raw/1b-dagformer_historical_metrics.csv,7.953311011904762
290,0.152567808,6.658203125,0.000116,historical,raw/1b-dagformer_historical_metrics.csv,7.832124255952381
300,0.157810688,7.166015625,0.00012,historical,raw/1b-dagformer_historical_metrics.csv,7.74609375
310,0.163053568,6.623046875,0.000124,historical,raw/1b-dagformer_historical_metrics.csv,7.642764136904762
320,0.168296448,6.693359375,0.000128,historical,raw/1b-dagformer_historical_metrics.csv,7.551339285714286
330,0.173539328,6.50390625,0.000132,historical,raw/1b-dagformer_historical_metrics.csv,7.475725446428571
340,0.178782208,6.427734375,0.000136,historical,raw/1b-dagformer_historical_metrics.csv,7.401413690476191
350,0.184025088,6.2734375,0.00014,historical,raw/1b-dagformer_historical_metrics.csv,7.274925595238095
360,0.189267968,6.501953125,0.000144,historical,raw/1b-dagformer_historical_metrics.csv,7.2175409226190474
370,0.194510848,7.646484375,0.000148,historical,raw/1b-dagformer_historical_metrics.csv,7.215401785714286
380,0.199753728,6.408203125,0.000152,historical,raw/1b-dagformer_historical_metrics.csv,7.153924851190476
390,0.204996608,6.490234375,0.000156,historical,raw/1b-dagformer_historical_metrics.csv,7.097470238095238
400,0.210239488,6.546875,0.00016,historical,raw/1b-dagformer_historical_metrics.csv,7.043061755952381
410,0.215482368,6.298828125,0.000164,historical,raw/1b-dagformer_historical_metrics.csv,6.934151785714286
420,0.220725248,6.076171875,0.000168,historical,raw/1b-dagformer_historical_metrics.csv,6.856770833333333
430,0.225968128,7.82421875,0.000172,historical,raw/1b-dagformer_historical_metrics.csv,6.7961309523809526
440,0.231211008,6.3984375,0.000176,historical,raw/1b-dagformer_historical_metrics.csv,6.749348958333333
450,0.236453888,6.298828125,0.00018,historical,raw/1b-dagformer_historical_metrics.csv,6.707310267857143
460,0.241696768,6.451171875,0.000184,historical,raw/1b-dagformer_historical_metrics.csv,6.6769903273809526
470,0.246939648,6.201171875,0.000188,historical,raw/1b-dagformer_historical_metrics.csv,6.649832589285714
480,0.252182528,6.060546875,0.000192,historical,raw/1b-dagformer_historical_metrics.csv,6.614304315476191
490,0.257425408,6.23046875,0.000196,historical,raw/1b-dagformer_historical_metrics.csv,6.560918898809524
500,0.262668288,5.958984375,0.0002,historical,raw/1b-dagformer_historical_metrics.csv,6.527622767857143
510,0.267911168,6.0234375,0.000204,historical,raw/1b-dagformer_historical_metrics.csv,6.473214285714286
520,0.273154048,7.728515625,0.000208,historical,raw/1b-dagformer_historical_metrics.csv,6.525855654761905
530,0.278396928,5.728515625,0.000212,historical,raw/1b-dagformer_historical_metrics.csv,6.479910714285714
540,0.283639808,5.80078125,0.000216,historical,raw/1b-dagformer_historical_metrics.csv,6.446428571428571
550,0.288882688,5.73046875,0.00022,historical,raw/1b-dagformer_historical_metrics.csv,6.413225446428571
560,0.294125568,5.72265625,0.000224,historical,raw/1b-dagformer_historical_metrics.csv,6.386997767857143
570,0.299368448,5.537109375,0.000228,historical,raw/1b-dagformer_historical_metrics.csv,6.3410528273809526
580,0.304611328,7.609375,0.000232,historical,raw/1b-dagformer_historical_metrics.csv,6.339285714285714
590,0.309854208,5.630859375,0.000236,historical,raw/1b-dagformer_historical_metrics.csv,6.302269345238095
600,0.315097088,5.71484375,0.00024,historical,raw/1b-dagformer_historical_metrics.csv,6.265345982142857
610,0.320339968,5.466796875,0.000244,historical,raw/1b-dagformer_historical_metrics.csv,6.213913690476191
620,0.325582848,6.724609375,0.000248,historical,raw/1b-dagformer_historical_metrics.csv,6.234188988095238
630,0.330825728,5.75,0.000252,historical,raw/1b-dagformer_historical_metrics.csv,6.218656994047619
640,0.336068608,5.287109375,0.000256,historical,raw/1b-dagformer_historical_metrics.csv,6.097842261904762
650,0.341311488,5.427734375,0.00026,historical,raw/1b-dagformer_historical_metrics.csv,6.051618303571429
660,0.346554368,5.537109375,0.000264,historical,raw/1b-dagformer_historical_metrics.csv,6.015345982142857
670,0.351797248,5.40625,0.000268,historical,raw/1b-dagformer_historical_metrics.csv,5.9655877976190474
680,0.357040128,5.716796875,0.000272,historical,raw/1b-dagformer_historical_metrics.csv,5.942522321428571
690,0.362283008,5.587890625,0.000276,historical,raw/1b-dagformer_historical_metrics.csv,5.920014880952381
700,0.367525888,5.1240234375,0.00028,historical,raw/1b-dagformer_historical_metrics.csv,5.867327008928571
710,0.372768768,5.478515625,0.000284,historical,raw/1b-dagformer_historical_metrics.csv,5.844447544642857
720,0.378011648,5.373046875,0.000288,historical,raw/1b-dagformer_historical_metrics.csv,5.8134765625
730,0.383254528,5.18359375,0.000292,historical,raw/1b-dagformer_historical_metrics.csv,5.692289806547619
740,0.388497408,5.22265625,0.000296,historical,raw/1b-dagformer_historical_metrics.csv,5.6682012648809526
750,0.393740288,5.068359375,0.0003,historical,raw/1b-dagformer_historical_metrics.csv,5.633324032738095
760,0.398983168,4.4248046875,0.000304,historical,raw/1b-dagformer_historical_metrics.csv,5.571149553571429
770,0.404226048,4.93359375,0.000308,historical,raw/1b-dagformer_historical_metrics.csv,5.533575148809524
780,0.409468928,4.822265625,0.000312,historical,raw/1b-dagformer_historical_metrics.csv,5.499534970238095
790,0.414711808,4.658203125,0.000316,historical,raw/1b-dagformer_historical_metrics.csv,5.359002976190476
800,0.419954688,5.142578125,0.00032,historical,raw/1b-dagformer_historical_metrics.csv,5.335751488095238
810,0.425197568,5.009765625,0.000324,historical,raw/1b-dagformer_historical_metrics.csv,5.302176339285714
820,0.430440448,4.5205078125,0.000328,historical,raw/1b-dagformer_historical_metrics.csv,5.257114955357143
830,0.435683328,5.009765625,0.000332,historical,raw/1b-dagformer_historical_metrics.csv,5.175455729166667
840,0.440926208,5.09765625,0.000336,historical,raw/1b-dagformer_historical_metrics.csv,5.144391741071429
850,0.446169088,5.283203125,0.00034,historical,raw/1b-dagformer_historical_metrics.csv,5.144205729166667
860,0.451411968,4.828125,0.000344,historical,raw/1b-dagformer_historical_metrics.csv,5.115652901785714
870,0.456654848,5.03125,0.000348,historical,raw/1b-dagformer_historical_metrics.csv,5.0915643601190474
880,0.461897728,4.51953125,0.000352,historical,raw/1b-dagformer_historical_metrics.csv,5.049339657738095
890,0.467140608,4.50390625,0.000356,historical,raw/1b-dagformer_historical_metrics.csv,4.991582961309524
900,0.472383488,5.033203125,0.00036,historical,raw/1b-dagformer_historical_metrics.csv,4.965169270833333
910,0.477626368,4.1943359375,0.000364,historical,raw/1b-dagformer_historical_metrics.csv,4.9208984375
920,0.482869248,4.861328125,0.000368,historical,raw/1b-dagformer_historical_metrics.csv,4.891508556547619
930,0.488112128,3.75390625,0.000372,historical,raw/1b-dagformer_historical_metrics.csv,4.814406622023809
940,0.493355008,4.75390625,0.000376,historical,raw/1b-dagformer_historical_metrics.csv,4.7939453125
950,0.498597888,3.802734375,0.00038,historical,raw/1b-dagformer_historical_metrics.csv,4.7263299851190474
960,0.503840768,4.28515625,0.000384,historical,raw/1b-dagformer_historical_metrics.csv,4.689034598214286
970,0.509083648,3.365234375,0.000388,historical,raw/1b-dagformer_historical_metrics.csv,4.638578869047619
980,0.514326528,4.666015625,0.000392,historical,raw/1b-dagformer_historical_metrics.csv,4.625837053571429
990,0.519569408,4.677734375,0.000396,historical,raw/1b-dagformer_historical_metrics.csv,4.618954613095238
1000,0.524812288,4.197265625,0.0004,historical,raw/1b-dagformer_historical_metrics.csv,4.597005208333333
1010,0.530055168,4.2822265625,0.0003998923573735,historical,raw/1b-dagformer_historical_metrics.csv,4.556036086309524
1020,0.535298048,3.9345703125,0.000399784714747,historical,raw/1b-dagformer_historical_metrics.csv,4.504836309523809
1030,0.540540928,4.650390625,0.0003996770721205,historical,raw/1b-dagformer_historical_metrics.csv,4.511021205357143
1040,0.545783808,3.6162109375,0.000399569429494,historical,raw/1b-dagformer_historical_metrics.csv,4.444661458333333
1050,0.551026688,4.75,0.0003994617868675,historical,raw/1b-dagformer_historical_metrics.csv,4.428106398809524
1060,0.556269568,4.244140625,0.0003993541442411,historical,raw/1b-dagformer_historical_metrics.csv,4.378627232142857
1070,0.561512448,4.517578125,0.0003992465016146,historical,raw/1b-dagformer_historical_metrics.csv,4.363839285714286
1080,0.566755328,4.45703125,0.0003991388589881,historical,raw/1b-dagformer_historical_metrics.csv,4.336495535714286
1090,0.571998208,4.3857421875,0.0003990312163616,historical,raw/1b-dagformer_historical_metrics.csv,4.330124627976191
1100,0.577241088,3.953125,0.0003989235737351,historical,raw/1b-dagformer_historical_metrics.csv,4.303896949404762
1110,0.582483968,4.1689453125,0.0003988159311087,historical,raw/1b-dagformer_historical_metrics.csv,4.262741815476191
1120,0.587726848,3.955078125,0.0003987082884822,historical,raw/1b-dagformer_historical_metrics.csv,4.251348586309524
1130,0.592969728,4.560546875,0.0003986006458557,historical,raw/1b-dagformer_historical_metrics.csv,4.237025669642857
1140,0.598212608,4.474609375,0.0003984930032292,historical,raw/1b-dagformer_historical_metrics.csv,4.271344866071429
1150,0.603455488,4.35546875,0.0003983853606027,historical,raw/1b-dagformer_historical_metrics.csv,4.252371651785714
1160,0.608698368,4.330078125,0.0003982777179763,historical,raw/1b-dagformer_historical_metrics.csv,4.277483258928571
1170,0.613941248,4.416015625,0.0003981700753498,historical,raw/1b-dagformer_historical_metrics.csv,4.283714657738095
1180,0.619184128,4.177734375,0.0003980624327233,historical,raw/1b-dagformer_historical_metrics.csv,4.322405133928571
1190,0.624427008,4.3369140625,0.0003979547900968,historical,raw/1b-dagformer_historical_metrics.csv,4.306733630952381
1200,0.629669888,4.5107421875,0.0003978471474703,historical,raw/1b-dagformer_historical_metrics.csv,4.298781622023809
1210,0.634912768,3.634765625,0.0003977395048439,historical,raw/1b-dagformer_historical_metrics.csv,4.271995907738095
1220,0.640155648,3.7998046875,0.0003976318622174,historical,raw/1b-dagformer_historical_metrics.csv,4.2490234375
1230,0.645398528,4.2431640625,0.0003975242195909,historical,raw/1b-dagformer_historical_metrics.csv,4.263718377976191
1240,0.650641408,4.283203125,0.0003974165769644,historical,raw/1b-dagformer_historical_metrics.csv,4.246233258928571
1250,0.655884288,4.3642578125,0.0003973089343379,historical,raw/1b-dagformer_historical_metrics.csv,4.281854538690476
1260,0.661127168,3.81640625,0.0003972012917115,historical,raw/1b-dagformer_historical_metrics.csv,4.237397693452381
1270,0.666370048,4.1787109375,0.000397093649085,historical,raw/1b-dagformer_historical_metrics.csv,4.234281994047619
1280,0.671612928,4.2236328125,0.0003969860064585,historical,raw/1b-dagformer_historical_metrics.csv,4.220284598214286
1290,0.676855808,4.19921875,0.000396878363832,historical,raw/1b-dagformer_historical_metrics.csv,4.2080078125
1300,0.682098688,1.438232421875,0.0003967707212055,historical,raw/1b-dagformer_historical_metrics.csv,4.067650204613095
1310,0.687341568,4.1806640625,0.0003966630785791,historical,raw/1b-dagformer_historical_metrics.csv,4.078485398065476
1320,0.692584448,3.80078125,0.0003965554359526,historical,raw/1b-dagformer_historical_metrics.csv,4.060953776041667
1330,0.697827328,4.2001953125,0.0003964477933261,historical,raw/1b-dagformer_historical_metrics.csv,4.072626023065476
1340,0.703070208,3.59765625,0.0003963401506996,historical,raw/1b-dagformer_historical_metrics.csv,4.026774088541667
1350,0.708313088,3.6748046875,0.0003962325080731,historical,raw/1b-dagformer_historical_metrics.csv,3.9886881510416665
1360,0.713555968,4.173828125,0.0003961248654467,historical,raw/1b-dagformer_historical_metrics.csv,3.980038597470238
1370,0.718798848,3.5439453125,0.0003960172228202,historical,raw/1b-dagformer_historical_metrics.csv,3.9426037016369047
1380,0.724041728,4.3359375,0.0003959095801937,historical,raw/1b-dagformer_historical_metrics.csv,3.9387904575892856
1390,0.729284608,4.23828125,0.0003958019375672,historical,raw/1b-dagformer_historical_metrics.csv,3.9416736421130953
1400,0.734527488,4.23828125,0.0003956942949407,historical,raw/1b-dagformer_historical_metrics.csv,3.936976841517857
1410,0.739770368,4.294921875,0.0003955866523143,historical,raw/1b-dagformer_historical_metrics.csv,3.926699683779762
1420,0.745013248,4.2900390625,0.0003954790096878,historical,raw/1b-dagformer_historical_metrics.csv,3.9579031808035716
1430,0.750256128,4.1611328125,0.0003953713670613,historical,raw/1b-dagformer_historical_metrics.csv,3.9751092819940474
1440,0.755499008,4.0634765625,0.0003952637244348,historical,raw/1b-dagformer_historical_metrics.csv,3.966552734375
1450,0.760741888,4.2216796875,0.0003951560818083,historical,raw/1b-dagformer_historical_metrics.csv,3.963623046875
1460,0.765984768,4.0908203125,0.0003950484391819,historical,raw/1b-dagformer_historical_metrics.csv,3.9506022135416665
1470,0.771227648,4.154296875,0.0003949407965554,historical,raw/1b-dagformer_historical_metrics.csv,3.9666922433035716
1480,0.776470528,4.1494140625,0.0003948331539289,historical,raw/1b-dagformer_historical_metrics.csv,3.965297154017857
1490,0.781713408,4.0322265625,0.0003947255113024,historical,raw/1b-dagformer_historical_metrics.csv,3.9561825706845237
1500,0.786956288,4.0849609375,0.0003946178686759,historical,raw/1b-dagformer_historical_metrics.csv,3.950741722470238
1510,0.792199168,4.04296875,0.0003945102260495,historical,raw/1b-dagformer_historical_metrics.csv,4.074776785714286
1520,0.797442048,3.2802734375,0.000394402583423,historical,raw/1b-dagformer_historical_metrics.csv,4.031901041666667
1530,0.802684928,4.078125,0.0003942949407965,historical,raw/1b-dagformer_historical_metrics.csv,4.045107886904762
1540,0.807927808,4.1044921875,0.00039418729817,historical,raw/1b-dagformer_historical_metrics.csv,4.040550595238095
1550,0.813170688,3.88671875,0.0003940796555435,historical,raw/1b-dagformer_historical_metrics.csv,4.054315476190476
1560,0.818413568,4.162109375,0.0003939720129171,historical,raw/1b-dagformer_historical_metrics.csv,4.077520461309524
1570,0.823656448,3.3583984375,0.0003938643702906,historical,raw/1b-dagformer_historical_metrics.csv,4.038690476190476
1580,0.828899328,3.525390625,0.0003937567276641,historical,raw/1b-dagformer_historical_metrics.csv,4.037806919642857
1590,0.834142208,4.123046875,0.0003936490850376,historical,raw/1b-dagformer_historical_metrics.csv,4.027669270833333
1600,0.839385088,4.0791015625,0.0003935414424111,historical,raw/1b-dagformer_historical_metrics.csv,4.020089285714286
1610,0.844627968,4.0654296875,0.0003934337997847,historical,raw/1b-dagformer_historical_metrics.csv,4.011858258928571
1620,0.849870848,3.9228515625,0.0003933261571582,historical,raw/1b-dagformer_historical_metrics.csv,3.994140625
1630,0.855113728,3.1396484375,0.0003932185145317,historical,raw/1b-dagformer_historical_metrics.csv,3.939360119047619
1640,0.860356608,3.4736328125,0.0003931108719052,historical,raw/1b-dagformer_historical_metrics.csv,3.9066220238095237
1650,0.865599488,3.6181640625,0.0003930032292787,historical,raw/1b-dagformer_historical_metrics.csv,3.8854166666666665
1660,0.870842368,4.04296875,0.0003928955866523,historical,raw/1b-dagformer_historical_metrics.csv,3.8769066220238093
1670,0.876085248,4.087890625,0.0003927879440258,historical,raw/1b-dagformer_historical_metrics.csv,3.876767113095238
1680,0.881328128,3.931640625,0.0003926803013993,historical,raw/1b-dagformer_historical_metrics.csv,3.8661644345238093
1690,0.886571008,4.025390625,0.0003925726587728,historical,raw/1b-dagformer_historical_metrics.csv,3.860258556547619
1700,0.891813888,3.35546875,0.0003924650161463,historical,raw/1b-dagformer_historical_metrics.csv,3.828031994047619
1710,0.897056768,3.5634765625,0.0003923573735199,historical,raw/1b-dagformer_historical_metrics.csv,3.8031994047619047
1720,0.902299648,4.064453125,0.0003922497308934,historical,raw/1b-dagformer_historical_metrics.csv,3.8042224702380953
1730,0.907542528,3.638671875,0.0003921420882669,historical,raw/1b-dagformer_historical_metrics.csv,3.8212890625
1740,0.912785408,4.1533203125,0.0003920344456404,historical,raw/1b-dagformer_historical_metrics.csv,3.8248697916666665
1750,0.918028288,2.888671875,0.0003919268030139,historical,raw/1b-dagformer_historical_metrics.csv,3.7669735863095237
1760,0.923271168,2.7587890625,0.0003918191603875,historical,raw/1b-dagformer_historical_metrics.csv,3.7132626488095237
1770,0.928514048,4.0458984375,0.000391711517761,historical,raw/1b-dagformer_historical_metrics.csv,3.707728794642857
1780,0.933756928,3.9375,0.0003916038751345,historical,raw/1b-dagformer_historical_metrics.csv,3.7353050595238093
1790,0.938999808,3.947265625,0.000391496232508,historical,raw/1b-dagformer_historical_metrics.csv,3.7553943452380953
1800,0.944242688,3.861328125,0.0003913885898815,historical,raw/1b-dagformer_historical_metrics.csv,3.7429315476190474
1810,0.949485568,4.0283203125,0.0003912809472551,historical,raw/1b-dagformer_historical_metrics.csv,3.740513392857143
1820,0.954728448,3.896484375,0.0003911733046286,historical,raw/1b-dagformer_historical_metrics.csv,3.7324683779761907
1830,0.959971328,4.01953125,0.0003910656620021,historical,raw/1b-dagformer_historical_metrics.csv,3.7370721726190474
1840,0.965214208,2.9267578125,0.0003909580193756,historical,raw/1b-dagformer_historical_metrics.csv,3.7269345238095237
1850,0.970457088,3.8974609375,0.0003908503767491,historical,raw/1b-dagformer_historical_metrics.csv,3.7471168154761907
1860,0.975699968,3.8642578125,0.0003907427341227,historical,raw/1b-dagformer_historical_metrics.csv,3.7588355654761907
1870,0.980942848,3.91796875,0.0003906350914962,historical,raw/1b-dagformer_historical_metrics.csv,3.7528831845238093
1880,0.986185728,3.80859375,0.0003905274488697,historical,raw/1b-dagformer_historical_metrics.csv,3.7395833333333335
1890,0.991428608,3.91796875,0.0003904198062432,historical,raw/1b-dagformer_historical_metrics.csv,3.7389322916666665
1900,0.996671488,3.837890625,0.0003903121636167,historical,raw/1b-dagformer_historical_metrics.csv,3.7300037202380953
1910,1.001914368,3.7958984375,0.0003902045209903,historical,raw/1b-dagformer_historical_metrics.csv,3.7509765625
1920,1.007157248,3.8896484375,0.0003900968783638,historical,raw/1b-dagformer_historical_metrics.csv,3.766508556547619
1930,1.012400128,3.8427734375,0.0003899892357373,historical,raw/1b-dagformer_historical_metrics.csv,3.755952380952381
1940,1.017643008,3.6943359375,0.0003898815931108,historical,raw/1b-dagformer_historical_metrics.csv,3.758603050595238
1950,1.022885888,2.86328125,0.0003897739504843,historical,raw/1b-dagformer_historical_metrics.csv,3.697172619047619
1960,1.028128768,3.91015625,0.0003896663078579,historical,raw/1b-dagformer_historical_metrics.csv,3.745814732142857
1970,1.033371648,3.90625,0.0003895586652314,historical,raw/1b-dagformer_historical_metrics.csv,3.8004557291666665
1980,1.038614528,3.9013671875,0.0003894510226049,historical,raw/1b-dagformer_historical_metrics.csv,3.7935732886904763
1990,1.043857408,3.0712890625,0.0003893433799784,historical,raw/1b-dagformer_historical_metrics.csv,3.7523251488095237
2000,1.049100288,3.828125,0.0003892357373519,historical,raw/1b-dagformer_historical_metrics.csv,3.7466517857142856
2010,1.054343168,3.9560546875,0.0003891280947255,historical,raw/1b-dagformer_historical_metrics.csv,3.751162574404762
2020,1.059586048,3.5322265625,0.000389020452099,historical,raw/1b-dagformer_historical_metrics.csv,3.7275390625
2030,1.064828928,3.7333984375,0.0003889128094725,historical,raw/1b-dagformer_historical_metrics.csv,3.7197730654761907
2040,1.070071808,4.064453125,0.000388805166846,historical,raw/1b-dagformer_historical_metrics.csv,3.7219122023809526
2050,1.075314688,2.8466796875,0.0003886975242195,historical,raw/1b-dagformer_historical_metrics.csv,3.7180989583333335
2060,1.080557568,3.921875,0.0003885898815931,historical,raw/1b-dagformer_historical_metrics.csv,3.7192615327380953
2070,1.085800448,3.9150390625,0.0003884822389666,historical,raw/1b-dagformer_historical_metrics.csv,3.7216796875
2080,1.091043328,3.6669921875,0.0003883745963401,historical,raw/1b-dagformer_historical_metrics.csv,3.7097284226190474
2090,1.096286208,3.8857421875,0.0003882669537136,historical,raw/1b-dagformer_historical_metrics.csv,3.7134021577380953
2100,1.101529088,3.3193359375,0.0003881593110871,historical,raw/1b-dagformer_historical_metrics.csv,3.6848958333333335
2110,1.106771968,2.8349609375,0.0003880516684607,historical,raw/1b-dagformer_historical_metrics.csv,3.6371372767857144
2120,1.112014848,2.5849609375,0.0003879440258342,historical,raw/1b-dagformer_historical_metrics.csv,3.5794735863095237
2130,1.117257728,4.173828125,0.0003878363832077,historical,raw/1b-dagformer_historical_metrics.csv,3.5930059523809526
2140,1.122500608,4.03515625,0.0003877287405812,historical,raw/1b-dagformer_historical_metrics.csv,3.6021670386904763
2150,1.127743488,4.0029296875,0.0003876210979547,historical,raw/1b-dagformer_historical_metrics.csv,3.6168619791666665
2160,1.132986368,3.92578125,0.0003875134553283,historical,raw/1b-dagformer_historical_metrics.csv,3.6674572172619047
2170,1.138229248,3.8330078125,0.0003874058127018,historical,raw/1b-dagformer_historical_metrics.csv,3.663783482142857
2180,1.143472128,4.0107421875,0.0003872981700753,historical,raw/1b-dagformer_historical_metrics.csv,3.668759300595238
2190,1.148715008,3.2841796875,0.0003871905274488,historical,raw/1b-dagformer_historical_metrics.csv,3.639369419642857
2200,1.153957888,3.93359375,0.0003870828848223,historical,raw/1b-dagformer_historical_metrics.csv,3.6804315476190474
2210,1.159200768,3.8486328125,0.0003869752421959,historical,raw/1b-dagformer_historical_metrics.csv,3.6814081101190474
2220,1.164443648,3.8212890625,0.0003868675995694,historical,raw/1b-dagformer_historical_metrics.csv,3.674990699404762
2230,1.169686528,2.8095703125,0.0003867599569429,historical,raw/1b-dagformer_historical_metrics.csv,3.6405784970238093
2240,1.174929408,3.9384765625,0.0003866523143164,historical,raw/1b-dagformer_historical_metrics.csv,3.6503441220238093
2250,1.180172288,3.3212890625,0.0003865446716899,historical,raw/1b-dagformer_historical_metrics.csv,3.614955357142857
2260,1.185415168,3.84375,0.0003864370290635,historical,raw/1b-dagformer_historical_metrics.csv,3.6624348958333335
2270,1.190658048,3.7802734375,0.000386329386437,historical,raw/1b-dagformer_historical_metrics.csv,3.6556919642857144
2280,1.195900928,3.9296875,0.0003862217438105,historical,raw/1b-dagformer_historical_metrics.csv,3.6563895089285716
2290,1.201143808,3.7041015625,0.000386114101184,historical,raw/1b-dagformer_historical_metrics.csv,3.6581566220238093
2300,1.206386688,3.86328125,0.0003860064585575,historical,raw/1b-dagformer_historical_metrics.csv,3.6570870535714284
2310,1.211629568,3.7841796875,0.0003858988159311,historical,raw/1b-dagformer_historical_metrics.csv,3.6792224702380953
2320,1.216872448,3.5927734375,0.0003857911733046,historical,raw/1b-dagformer_historical_metrics.csv,3.7153087797619047
2330,1.222115328,1.89453125,0.0003856835306781,historical,raw/1b-dagformer_historical_metrics.csv,3.682431175595238
2340,1.227358208,3.7783203125,0.0003855758880516,historical,raw/1b-dagformer_historical_metrics.csv,3.6635974702380953
2350,1.232601088,4.029296875,0.0003854682454251,historical,raw/1b-dagformer_historical_metrics.csv,3.6633184523809526
2360,1.237843968,3.9404296875,0.0003853606027987,historical,raw/1b-dagformer_historical_metrics.csv,3.660342261904762
2370,1.243086848,3.8505859375,0.0003852529601722,historical,raw/1b-dagformer_historical_metrics.csv,3.6567615327380953
2380,1.248329728,2.591796875,0.0003851453175457,historical,raw/1b-dagformer_historical_metrics.csv,3.59765625
2390,1.253572608,3.806640625,0.0003850376749192,historical,raw/1b-dagformer_historical_metrics.csv,3.5879371279761907
2400,1.258815488,3.03515625,0.0003849300322927,historical,raw/1b-dagformer_historical_metrics.csv,3.576078869047619
2410,1.264058368,4.1279296875,0.0003848223896663,historical,raw/1b-dagformer_historical_metrics.csv,3.5853329613095237
2420,1.269301248,3.84765625,0.0003847147470398,historical,raw/1b-dagformer_historical_metrics.csv,3.5852864583333335
2430,1.274544128,3.736328125,0.0003846071044133,historical,raw/1b-dagformer_historical_metrics.csv,3.581240699404762
2440,1.279787008,3.244140625,0.0003844994617868,historical,raw/1b-dagformer_historical_metrics.csv,3.6019345238095237
2450,1.285029888,2.59033203125,0.0003843918191603,historical,raw/1b-dagformer_historical_metrics.csv,3.5377371651785716
2460,1.290272768,3.9853515625,0.0003842841765339,historical,raw/1b-dagformer_historical_metrics.csv,3.5693591889880953
2470,1.295515648,3.6552734375,0.0003841765339074,historical,raw/1b-dagformer_historical_metrics.csv,3.5603841145833335
2480,1.300758528,3.8154296875,0.0003840688912809,historical,raw/1b-dagformer_historical_metrics.csv,3.5620582217261907
2490,1.306001408,2.8662109375,0.0003839612486544,historical,raw/1b-dagformer_historical_metrics.csv,3.511416480654762
2500,1.311244288,2.3291015625,0.0003838536060279,historical,raw/1b-dagformer_historical_metrics.csv,3.4459402901785716
2510,1.316487168,3.798828125,0.0003837459634015,historical,raw/1b-dagformer_historical_metrics.csv,3.44287109375
2520,1.321730048,2.8759765625,0.000383638320775,historical,raw/1b-dagformer_historical_metrics.csv,3.399623325892857
2530,1.326972928,3.6611328125,0.0003835306781485,historical,raw/1b-dagformer_historical_metrics.csv,3.4028785342261907
2540,1.332215808,3.705078125,0.000383423035522,historical,raw/1b-dagformer_historical_metrics.csv,3.4890950520833335
2550,1.337458688,2.7529296875,0.0003833153928955,historical,raw/1b-dagformer_historical_metrics.csv,3.4402669270833335
2560,1.342701568,2.7421875,0.0003832077502691,historical,raw/1b-dagformer_historical_metrics.csv,3.3789760044642856
2570,1.347944448,3.8017578125,0.0003831001076426,historical,raw/1b-dagformer_historical_metrics.csv,3.372372581845238
2580,1.353187328,3.7685546875,0.0003829924650161,historical,raw/1b-dagformer_historical_metrics.csv,3.368466331845238
2590,1.358430208,3.7041015625,0.0003828848223896,historical,raw/1b-dagformer_historical_metrics.csv,3.4214332217261907
2600,1.363673088,3.5302734375,0.0003827771797631,historical,raw/1b-dagformer_historical_metrics.csv,3.4082728794642856
2610,1.368915968,3.1494140625,0.0003826695371367,historical,raw/1b-dagformer_historical_metrics.csv,3.4137137276785716
2620,1.374158848,3.5390625,0.0003825618945102,historical,raw/1b-dagformer_historical_metrics.csv,3.3856724330357144
2630,1.379401728,2.30029296875,0.0003824542518837,historical,raw/1b-dagformer_historical_metrics.csv,3.3119884672619047
2640,1.384644608,3.8349609375,0.0003823466092572,historical,raw/1b-dagformer_historical_metrics.csv,3.316685267857143
2650,1.389887488,2.7158203125,0.0003822389666307,historical,raw/1b-dagformer_historical_metrics.csv,3.2915271577380953
2660,1.395130368,3.806640625,0.0003821313240043,historical,raw/1b-dagformer_historical_metrics.csv,3.3494466145833335
2670,1.400373248,2.9345703125,0.0003820236813778,historical,raw/1b-dagformer_historical_metrics.csv,3.299409412202381
2680,1.405616128,3.3876953125,0.0003819160387513,historical,raw/1b-dagformer_historical_metrics.csv,3.2866675967261907
2690,1.410859008,3.796875,0.0003818083961248,historical,raw/1b-dagformer_historical_metrics.csv,3.2857840401785716
2700,1.416101888,3.3486328125,0.0003817007534983,historical,raw/1b-dagformer_historical_metrics.csv,3.3087565104166665
2710,1.421344768,3.6875,0.0003815931108719,historical,raw/1b-dagformer_historical_metrics.csv,3.373442150297619
2720,1.426587648,3.7041015625,0.0003814854682454,historical,raw/1b-dagformer_historical_metrics.csv,3.368931361607143
2730,1.431830528,2.7724609375,0.0003813778256189,historical,raw/1b-dagformer_historical_metrics.csv,3.3640020461309526
2740,1.437073408,3.1884765625,0.0003812701829924,historical,raw/1b-dagformer_historical_metrics.csv,3.341494605654762
2750,1.442316288,2.3681640625,0.0003811625403659,historical,raw/1b-dagformer_historical_metrics.csv,3.27783203125
2760,1.447559168,3.2001953125,0.0003810548977395,historical,raw/1b-dagformer_historical_metrics.csv,3.299130394345238
2770,1.452802048,3.69140625,0.000380947255113,historical,raw/1b-dagformer_historical_metrics.csv,3.344331287202381
2780,1.458044928,2.572265625,0.0003808396124865,historical,raw/1b-dagformer_historical_metrics.csv,3.2857840401785716
2790,1.463287808,3.798828125,0.00038073196986,historical,raw/1b-dagformer_historical_metrics.csv,3.2872256324404763
2800,1.468530688,3.6259765625,0.0003806243272335,historical,raw/1b-dagformer_historical_metrics.csv,3.283505394345238
2810,1.473773568,3.748046875,0.0003805166846071,historical,raw/1b-dagformer_historical_metrics.csv,3.2938755580357144
2820,1.479016448,3.6552734375,0.0003804090419806,historical,raw/1b-dagformer_historical_metrics.csv,3.317964099702381
2830,1.484259328,3.7529296875,0.0003803013993541,historical,raw/1b-dagformer_historical_metrics.csv,3.3281482514880953
2840,1.489502208,3.7177734375,0.0003801937567276,historical,raw/1b-dagformer_historical_metrics.csv,3.3956473214285716
2850,1.494745088,3.716796875,0.0003800861141011,historical,raw/1b-dagformer_historical_metrics.csv,3.3900204613095237
2860,1.499987968,3.6552734375,0.0003799784714747,historical,raw/1b-dagformer_historical_metrics.csv,3.434756324404762
2870,1.505230848,3.1962890625,0.0003798708288482,historical,raw/1b-dagformer_historical_metrics.csv,3.4056919642857144
2880,1.510473728,3.1865234375,0.0003797631862217,historical,raw/1b-dagformer_historical_metrics.csv,3.417689732142857
2890,1.515716608,3.7421875,0.0003796555435952,historical,raw/1b-dagformer_historical_metrics.csv,3.4345703125
2900,1.520959488,3.6201171875,0.0003795479009687,historical,raw/1b-dagformer_historical_metrics.csv,3.4261532738095237
2910,1.526202368,3.2109375,0.0003794402583423,historical,raw/1b-dagformer_historical_metrics.csv,3.4195963541666665
2920,1.531445248,3.75,0.0003793326157158,historical,raw/1b-dagformer_historical_metrics.csv,3.422572544642857
2930,1.536688128,3.251953125,0.0003792249730893,historical,raw/1b-dagformer_historical_metrics.csv,3.4010416666666665
2940,1.541931008,3.5205078125,0.0003791173304628,historical,raw/1b-dagformer_historical_metrics.csv,3.4366629464285716
2950,1.547173888,3.841796875,0.0003790096878363,historical,raw/1b-dagformer_historical_metrics.csv,3.4677734375
2960,1.552416768,3.736328125,0.0003789020452099,historical,raw/1b-dagformer_historical_metrics.csv,3.532924107142857
2970,1.557659648,3.6630859375,0.0003787944025834,historical,raw/1b-dagformer_historical_metrics.csv,3.554966517857143
2980,1.562902528,2.4951171875,0.0003786867599569,historical,raw/1b-dagformer_historical_metrics.csv,3.4980003720238093
2990,1.568145408,3.599609375,0.0003785791173304,historical,raw/1b-dagformer_historical_metrics.csv,3.5469215029761907
3000,1.573388288,3.7568359375,0.0003784714747039,historical,raw/1b-dagformer_historical_metrics.csv,3.544921875
3010,1.578631168,3.755859375,0.0003783638320775,historical,raw/1b-dagformer_historical_metrics.csv,3.5511067708333335
3020,1.583874048,2.49560546875,0.000378256189451,historical,raw/1b-dagformer_historical_metrics.csv,3.4914667038690474
3030,1.589116928,3.7705078125,0.0003781485468245,historical,raw/1b-dagformer_historical_metrics.csv,3.4969540550595237
3040,1.594359808,3.703125,0.000378040904198,historical,raw/1b-dagformer_historical_metrics.csv,3.4945824032738093
3050,1.599602688,3.1484375,0.0003779332615715,historical,raw/1b-dagformer_historical_metrics.csv,3.467471168154762
3060,1.604845568,3.439453125,0.0003778256189451,historical,raw/1b-dagformer_historical_metrics.csv,3.4542643229166665
3070,1.610088448,2.73828125,0.0003777179763186,historical,raw/1b-dagformer_historical_metrics.csv,3.4105980282738093
3080,1.615331328,2.35888671875,0.0003776103336921,historical,raw/1b-dagformer_historical_metrics.csv,3.3707217261904763
3090,1.620574208,3.681640625,0.0003775026910656,historical,raw/1b-dagformer_historical_metrics.csv,3.3942987351190474
3100,1.625817088,3.7890625,0.0003773950484391,historical,raw/1b-dagformer_historical_metrics.csv,3.3965308779761907
3110,1.631059968,3.634765625,0.0003772874058127,historical,raw/1b-dagformer_historical_metrics.csv,3.3972284226190474
3120,1.636302848,3.7587890625,0.0003771797631862,historical,raw/1b-dagformer_historical_metrics.csv,3.4233165922619047
3130,1.641545728,3.3046875,0.0003770721205597,historical,raw/1b-dagformer_historical_metrics.csv,3.4021112351190474
3140,1.646788608,3.8349609375,0.0003769644779332,historical,raw/1b-dagformer_historical_metrics.csv,3.429873511904762
3150,1.652031488,3.1826171875,0.0003768568353067,historical,raw/1b-dagformer_historical_metrics.csv,3.413783482142857
3160,1.657274368,2.322265625,0.0003767491926803,historical,raw/1b-dagformer_historical_metrics.csv,3.3414248511904763
3170,1.662517248,3.15625,0.0003766415500538,historical,raw/1b-dagformer_historical_metrics.csv,3.3138020833333335
3180,1.667760128,3.625,0.0003765339074273,historical,raw/1b-dagformer_historical_metrics.csv,3.3119884672619047
3190,1.673003008,3.1259765625,0.0003764262648008,historical,raw/1b-dagformer_historical_metrics.csv,3.3420293898809526
3200,1.678245888,3.4619140625,0.0003763186221743,historical,raw/1b-dagformer_historical_metrics.csv,3.3354724702380953
3210,1.683488768,3.66015625,0.0003762109795479,historical,raw/1b-dagformer_historical_metrics.csv,3.330868675595238
3220,1.688731648,3.599609375,0.0003761033369214,historical,raw/1b-dagformer_historical_metrics.csv,3.323428199404762
3230,1.693974528,3.1513671875,0.0003759956942949,historical,raw/1b-dagformer_historical_metrics.csv,3.3546549479166665
3240,1.699217408,3.6884765625,0.0003758880516684,historical,raw/1b-dagformer_historical_metrics.csv,3.3507486979166665
3250,1.704460288,3.806640625,0.0003757804090419,historical,raw/1b-dagformer_historical_metrics.csv,3.355678013392857
3260,1.709703168,2.32177734375,0.0003756727664155,historical,raw/1b-dagformer_historical_metrics.csv,3.316313244047619
3270,1.714946048,3.6318359375,0.000375565123789,historical,raw/1b-dagformer_historical_metrics.csv,3.325474330357143
3280,1.720188928,3.1748046875,0.0003754574811625,historical,raw/1b-dagformer_historical_metrics.csv,3.3462611607142856
3290,1.725431808,3.61328125,0.000375349838536,historical,raw/1b-dagformer_historical_metrics.csv,3.4059942336309526
3300,1.730674688,3.072265625,0.0003752421959095,historical,raw/1b-dagformer_historical_metrics.csv,3.3769763764880953
3310,1.735917568,2.6337890625,0.0003751345532831,historical,raw/1b-dagformer_historical_metrics.csv,3.321963355654762
3320,1.741160448,2.998046875,0.0003750269106566,historical,raw/1b-dagformer_historical_metrics.csv,3.2916434151785716
3330,1.746403328,3.7265625,0.0003749192680301,historical,raw/1b-dagformer_historical_metrics.csv,3.2901088169642856
3340,1.751646208,3.83203125,0.0003748116254036,historical,raw/1b-dagformer_historical_metrics.csv,3.315220424107143
3350,1.756889088,3.6533203125,0.0003747039827771,historical,raw/1b-dagformer_historical_metrics.csv,3.3065708705357144
3360,1.762131968,3.634765625,0.0003745963401506,historical,raw/1b-dagformer_historical_metrics.csv,3.3281017485119047
3370,1.767374848,3.716796875,0.0003744886975242,historical,raw/1b-dagformer_historical_metrics.csv,3.3945079985119047
3380,1.772617728,2.46337890625,0.0003743810548977,historical,raw/1b-dagformer_historical_metrics.csv,3.361514136904762
3390,1.777860608,3.60546875,0.0003742734122712,historical,raw/1b-dagformer_historical_metrics.csv,3.3605840773809526
3400,1.783103488,2.30712890625,0.0003741657696447,historical,raw/1b-dagformer_historical_metrics.csv,3.321591331845238
3410,1.788346368,3.7802734375,0.0003740581270182,historical,raw/1b-dagformer_historical_metrics.csv,3.3367513020833335
3420,1.793589248,3.5693359375,0.0003739504843918,historical,raw/1b-dagformer_historical_metrics.csv,3.332426525297619
3430,1.798832128,3.466796875,0.0003738428417653,historical,raw/1b-dagformer_historical_metrics.csv,3.3261021205357144
3440,1.804075008,3.6572265625,0.0003737351991388,historical,raw/1b-dagformer_historical_metrics.csv,3.350190662202381
3450,1.809317888,3.6240234375,0.0003736275565123,historical,raw/1b-dagformer_historical_metrics.csv,3.3471214657738093
3460,1.814560768,3.6767578125,0.0003735199138858,historical,raw/1b-dagformer_historical_metrics.csv,3.3409365699404763
3470,1.819803648,2.30029296875,0.0003734122712594,historical,raw/1b-dagformer_historical_metrics.csv,3.3399135044642856
3480,1.825046528,2.3212890625,0.0003733046286329,historical,raw/1b-dagformer_historical_metrics.csv,3.2775065104166665
3490,1.830289408,3.46875,0.0003731969860064,historical,raw/1b-dagformer_historical_metrics.csv,3.29150390625
3500,1.835532288,3.669921875,0.0003730893433799,historical,raw/1b-dagformer_historical_metrics.csv,3.2942010788690474
3510,1.840775168,2.32421875,0.0003729817007534,historical,raw/1b-dagformer_historical_metrics.csv,3.258579799107143
3520,1.846018048,3.1552734375,0.000372874058127,historical,raw/1b-dagformer_historical_metrics.csv,3.283412388392857
3530,1.851260928,3.75390625,0.0003727664155005,historical,raw/1b-dagformer_historical_metrics.csv,3.3194056919642856
3540,1.856503808,3.677734375,0.000372658772874,historical,raw/1b-dagformer_historical_metrics.csv,3.317080543154762
3550,1.861746688,3.6962890625,0.0003725511302475,historical,raw/1b-dagformer_historical_metrics.csv,3.3106166294642856
3560,1.866989568,3.6083984375,0.000372443487621,historical,raw/1b-dagformer_historical_metrics.csv,3.3084774925595237
3570,1.872232448,3.69140625,0.0003723358449946,historical,raw/1b-dagformer_historical_metrics.csv,3.3111746651785716
3580,1.877475328,3.826171875,0.0003722282023681,historical,raw/1b-dagformer_historical_metrics.csv,3.3163829985119047
3590,1.882718208,3.693359375,0.0003721205597416,historical,raw/1b-dagformer_historical_metrics.csv,3.3749534970238093
3600,1.887961088,4.037109375,0.0003720129171151,historical,raw/1b-dagformer_historical_metrics.csv,3.3955078125
3610,1.893203968,2.3037109375,0.0003719052744886,historical,raw/1b-dagformer_historical_metrics.csv,3.3953450520833335
3620,1.898446848,3.5390625,0.0003717976318622,historical,raw/1b-dagformer_historical_metrics.csv,3.3838588169642856
3630,1.903689728,3.5888671875,0.0003716899892357,historical,raw/1b-dagformer_historical_metrics.csv,3.3847888764880953
3640,1.908932608,3.33203125,0.0003715823466092,historical,raw/1b-dagformer_historical_metrics.csv,3.3783714657738093
3650,1.914175488,3.5986328125,0.0003714747039827,historical,raw/1b-dagformer_historical_metrics.csv,3.375581287202381
3660,1.919418368,3.529296875,0.0003713670613562,historical,raw/1b-dagformer_historical_metrics.csv,3.3710704985119047
3670,1.924661248,3.150390625,0.0003712594187298,historical,raw/1b-dagformer_historical_metrics.csv,3.346005394345238
3680,1.929904128,3.6025390625,0.0003711517761033,historical,raw/1b-dagformer_historical_metrics.csv,3.408017113095238
3690,1.935147008,2.3232421875,0.0003710441334768,historical,raw/1b-dagformer_historical_metrics.csv,3.408110119047619
3700,1.940389888,2.14794921875,0.0003709364908503,historical,raw/1b-dagformer_historical_metrics.csv,3.34521484375
3710,1.945632768,3.060546875,0.0003708288482238,historical,raw/1b-dagformer_historical_metrics.csv,3.316196986607143
3720,1.950875648,3.1962890625,0.0003707212055974,historical,raw/1b-dagformer_historical_metrics.csv,3.357724144345238
3730,1.956118528,2.927734375,0.0003706135629709,historical,raw/1b-dagformer_historical_metrics.csv,3.346888950892857
3740,1.961361408,3.53125,0.0003705059203444,historical,raw/1b-dagformer_historical_metrics.csv,3.3362862723214284
3750,1.966604288,2.3642578125,0.0003703982777179,historical,raw/1b-dagformer_historical_metrics.csv,3.273739769345238
3760,1.971847168,3.6357421875,0.0003702906350914,historical,raw/1b-dagformer_historical_metrics.csv,3.2708565848214284
3770,1.977090048,3.576171875,0.000370182992465,historical,raw/1b-dagformer_historical_metrics.csv,3.269321986607143
3780,1.982332928,2.1748046875,0.0003700753498385,historical,raw/1b-dagformer_historical_metrics.csv,3.1971028645833335
3790,1.987575808,3.5576171875,0.000369967707212,historical,raw/1b-dagformer_historical_metrics.csv,3.1843145461309526
3800,1.992818688,3.615234375,0.0003698600645855,historical,raw/1b-dagformer_historical_metrics.csv,3.1805943080357144
3810,1.998061568,3.2998046875,0.000369752421959,historical,raw/1b-dagformer_historical_metrics.csv,3.1454845610119047
3820,2.003304448,3.244140625,0.0003696447793326,historical,raw/1b-dagformer_historical_metrics.csv,3.1902669270833335
3830,2.008547328,2.4208984375,0.0003695371367061,historical,raw/1b-dagformer_historical_metrics.csv,3.137021019345238
3840,2.013790208,3.6962890625,0.0003694294940796,historical,raw/1b-dagformer_historical_metrics.csv,3.1421363467261907
3850,2.019033088,3.0048828125,0.0003693218514531,historical,raw/1b-dagformer_historical_metrics.csv,3.126557849702381
3860,2.024275968,3.5205078125,0.0003692142088266,historical,raw/1b-dagformer_historical_metrics.csv,3.122837611607143
3870,2.029518848,3.216796875,0.0003691065662002,historical,raw/1b-dagformer_historical_metrics.csv,3.1079566592261907
3880,2.034761728,3.5244140625,0.0003689989235737,historical,raw/1b-dagformer_historical_metrics.csv,3.125767299107143
3890,2.040004608,3.5712890625,0.0003688912809472,historical,raw/1b-dagformer_historical_metrics.csv,3.1242792038690474
3900,2.045247488,3.70703125,0.0003687836383207,historical,raw/1b-dagformer_historical_metrics.csv,3.1901739211309526
3910,2.050490368,3.5869140625,0.0003686759956942,historical,raw/1b-dagformer_historical_metrics.csv,3.258696056547619
3920,2.055733248,2.20947265625,0.0003685683530678,historical,raw/1b-dagformer_historical_metrics.csv,3.218168712797619
3930,2.060976128,3.5966796875,0.0003684607104413,historical,raw/1b-dagformer_historical_metrics.csv,3.2372349330357144
3940,2.066219008,2.39404296875,0.0003683530678148,historical,raw/1b-dagformer_historical_metrics.csv,3.211821056547619
3950,2.071461888,2.26318359375,0.0003682454251883,historical,raw/1b-dagformer_historical_metrics.csv,3.1514369419642856
3960,2.076704768,3.576171875,0.0003681377825618,historical,raw/1b-dagformer_historical_metrics.csv,3.2091471354166665
3970,2.081947648,3.494140625,0.0003680301399354,historical,raw/1b-dagformer_historical_metrics.csv,3.2024042038690474
3980,2.087190528,2.783203125,0.0003679224973089,historical,raw/1b-dagformer_historical_metrics.csv,3.164643787202381
3990,2.092433408,3.67578125,0.0003678148546824,historical,raw/1b-dagformer_historical_metrics.csv,3.236118861607143
4000,2.097676288,2.9404296875,0.0003677072120559,historical,raw/1b-dagformer_historical_metrics.csv,3.206728980654762
4010,2.102919168,3.0966796875,0.0003675995694294,historical,raw/1b-dagformer_historical_metrics.csv,3.182035900297619
4020,2.108162048,3.486328125,0.000367491926803,historical,raw/1b-dagformer_historical_metrics.csv,3.19091796875
4030,2.113404928,3.6923828125,0.0003673842841765,historical,raw/1b-dagformer_historical_metrics.csv,3.2122628348214284
4040,2.118647808,3.6025390625,0.00036727664155,historical,raw/1b-dagformer_historical_metrics.csv,3.2685314360119047
4050,2.123890688,2.373046875,0.0003671689989235,historical,raw/1b-dagformer_historical_metrics.csv,3.2055199032738093
4060,2.129133568,3.52734375,0.000367061356297,historical,raw/1b-dagformer_historical_metrics.csv,3.2303989955357144
4070,2.134376448,3.55078125,0.0003669537136706,historical,raw/1b-dagformer_historical_metrics.csv,3.231840587797619
4080,2.139619328,3.6318359375,0.0003668460710441,historical,raw/1b-dagformer_historical_metrics.csv,3.2516043526785716
4090,2.144862208,3.00390625,0.0003667384284176,historical,raw/1b-dagformer_historical_metrics.csv,3.2268182663690474
4100,2.150105088,3.552734375,0.0003666307857911,historical,raw/1b-dagformer_historical_metrics.csv,3.2259347098214284
4110,2.155347968,3.740234375,0.0003665231431646,historical,raw/1b-dagformer_historical_metrics.csv,3.2275158110119047
4120,2.160590848,3.5263671875,0.0003664155005382,historical,raw/1b-dagformer_historical_metrics.csv,3.2246326264880953
4130,2.165833728,3.4921875,0.0003663078579117,historical,raw/1b-dagformer_historical_metrics.csv,3.2857142857142856
4140,2.171076608,3.8115234375,0.0003662002152852,historical,raw/1b-dagformer_historical_metrics.csv,3.2959449404761907
4150,2.176319488,3.65234375,0.0003660925726587,historical,raw/1b-dagformer_historical_metrics.csv,3.355864025297619
4160,2.181562368,3.1962890625,0.0003659849300322,historical,raw/1b-dagformer_historical_metrics.csv,3.400297619047619
4170,2.186805248,2.51318359375,0.0003658772874058,historical,raw/1b-dagformer_historical_metrics.csv,3.3496791294642856
4180,2.192048128,3.5908203125,0.0003657696447793,historical,raw/1b-dagformer_historical_metrics.csv,3.354282924107143
4190,2.197291008,3.7177734375,0.0003656620021528,historical,raw/1b-dagformer_historical_metrics.csv,3.3987862723214284
4200,2.202533888,3.5419921875,0.0003655543595263,historical,raw/1b-dagformer_historical_metrics.csv,3.3924153645833335
4210,2.207776768,2.12158203125,0.0003654467168998,historical,raw/1b-dagformer_historical_metrics.csv,3.353422619047619
4220,2.213019648,3.0361328125,0.0003653390742734,historical,raw/1b-dagformer_historical_metrics.csv,3.3505394345238093
4230,2.218262528,3.0634765625,0.0003652314316469,historical,raw/1b-dagformer_historical_metrics.csv,3.3304036458333335
4240,2.223505408,3.5869140625,0.0003651237890204,historical,raw/1b-dagformer_historical_metrics.csv,3.325381324404762
4250,2.228748288,3.4755859375,0.0003650161463939,historical,raw/1b-dagformer_historical_metrics.csv,3.3193359375
4260,2.233991168,3.6943359375,0.0003649085037674,historical,raw/1b-dagformer_historical_metrics.csv,3.3822544642857144
4270,2.239234048,2.6328125,0.000364800861141,historical,raw/1b-dagformer_historical_metrics.csv,3.339657738095238
4280,2.244476928,2.4462890625,0.0003646932185145,historical,raw/1b-dagformer_historical_metrics.csv,3.2870628720238093
4290,2.249719808,3.6240234375,0.000364585575888,historical,raw/1b-dagformer_historical_metrics.csv,3.2866908482142856
4300,2.254962688,3.6240234375,0.0003644779332615,historical,raw/1b-dagformer_historical_metrics.csv,3.316220238095238
4310,2.260205568,3.4794921875,0.000364370290635,historical,raw/1b-dagformer_historical_metrics.csv,3.3127325148809526
4320,2.265448448,3.1005859375,0.0003642626480086,historical,raw/1b-dagformer_historical_metrics.csv,3.2822730654761907
4330,2.270691328,3.5673828125,0.0003641550053821,historical,raw/1b-dagformer_historical_metrics.csv,3.2842261904761907
4340,2.275934208,2.51171875,0.0003640473627556,historical,raw/1b-dagformer_historical_metrics.csv,3.2375372023809526
4350,2.281177088,3.5869140625,0.0003639397201291,historical,raw/1b-dagformer_historical_metrics.csv,3.226841517857143
4360,2.286419968,2.482421875,0.0003638320775026,historical,raw/1b-dagformer_historical_metrics.csv,3.1711309523809526
4370,2.291662848,3.693359375,0.0003637244348762,historical,raw/1b-dagformer_historical_metrics.csv,3.1948009672619047
4380,2.296905728,3.53125,0.0003636167922497,historical,raw/1b-dagformer_historical_metrics.csv,3.2432803199404763
4390,2.302148608,3.54296875,0.0003635091496232,historical,raw/1b-dagformer_historical_metrics.csv,3.241001674107143
4400,2.307391488,3.41796875,0.0003634015069967,historical,raw/1b-dagformer_historical_metrics.csv,3.2267252604166665
4410,2.312634368,3.0576171875,0.0003632938643702,historical,raw/1b-dagformer_historical_metrics.csv,3.2036597842261907
4420,2.317877248,2.9873046875,0.0003631862217438,historical,raw/1b-dagformer_historical_metrics.csv,3.2448846726190474
4430,2.323120128,2.24560546875,0.0003630785791173,historical,raw/1b-dagformer_historical_metrics.csv,3.207240513392857
4440,2.328363008,2.20166015625,0.0003629709364908,historical,raw/1b-dagformer_historical_metrics.csv,3.166201636904762
4450,2.333605888,3.5703125,0.0003628632938643,historical,raw/1b-dagformer_historical_metrics.csv,3.1654110863095237
4460,2.338848768,3.6611328125,0.0003627556512378,historical,raw/1b-dagformer_historical_metrics.csv,3.1742466517857144
4470,2.344091648,3.16015625,0.0003626480086114,historical,raw/1b-dagformer_historical_metrics.csv,3.1488095238095237
4480,2.349334528,3.3486328125,0.0003625403659849,historical,raw/1b-dagformer_historical_metrics.csv,3.182896205357143
4490,2.354577408,3.1630859375,0.0003624327233584,historical,raw/1b-dagformer_historical_metrics.csv,3.2170293898809526
4500,2.359820288,2.1435546875,0.0003623250807319,historical,raw/1b-dagformer_historical_metrics.csv,3.1465308779761907
4510,2.365063168,3.541015625,0.0003622174381054,historical,raw/1b-dagformer_historical_metrics.csv,3.142578125
4520,2.370306048,1.9892578125,0.000362109795479,historical,raw/1b-dagformer_historical_metrics.csv,3.0716145833333335
4530,2.375548928,2.9140625,0.0003620021528525,historical,raw/1b-dagformer_historical_metrics.csv,3.0627325148809526
4540,2.380791808,3.23046875,0.000361894510226,historical,raw/1b-dagformer_historical_metrics.csv,3.046688988095238
4550,2.386034688,3.0322265625,0.0003617868675995,historical,raw/1b-dagformer_historical_metrics.csv,3.071475074404762
4560,2.391277568,3.5458984375,0.000361679224973,historical,raw/1b-dagformer_historical_metrics.csv,3.069521949404762
4570,2.396520448,2.24169921875,0.0003615715823466,historical,raw/1b-dagformer_historical_metrics.csv,3.0580589657738093
4580,2.401763328,2.75146484375,0.0003614639397201,historical,raw/1b-dagformer_historical_metrics.csv,3.0132068452380953
4590,2.407006208,2.2939453125,0.0003613562970936,historical,raw/1b-dagformer_historical_metrics.csv,2.954287574404762
4600,2.412249088,3.521484375,0.0003612486544671,historical,raw/1b-dagformer_historical_metrics.csv,2.9532645089285716
4610,2.417491968,3.4921875,0.0003611410118406,historical,raw/1b-dagformer_historical_metrics.csv,2.9567987351190474
4620,2.422734848,3.4921875,0.0003610333692142,historical,raw/1b-dagformer_historical_metrics.csv,2.9774925595238093
4630,2.427977728,3.4580078125,0.0003609257265877,historical,raw/1b-dagformer_historical_metrics.csv,2.999906994047619
4640,2.433220608,3.5615234375,0.0003608180839612,historical,raw/1b-dagformer_historical_metrics.csv,3.0625697544642856
4650,2.438463488,3.361328125,0.0003607104413347,historical,raw/1b-dagformer_historical_metrics.csv,3.1177920386904763
4660,2.443706368,2.27587890625,0.0003606027987082,historical,raw/1b-dagformer_historical_metrics.csv,3.05615234375
4670,2.448949248,3.2353515625,0.0003604951560818,historical,raw/1b-dagformer_historical_metrics.csv,3.0358770461309526
4680,2.454192128,2.0673828125,0.0003603875134553,historical,raw/1b-dagformer_historical_metrics.csv,2.9838402157738093
4690,2.459435008,3.599609375,0.0003602798708288,historical,raw/1b-dagformer_historical_metrics.csv,2.995791480654762
4700,2.464677888,3.5205078125,0.0003601722282023,historical,raw/1b-dagformer_historical_metrics.csv,3.0128115699404763
4710,2.469920768,3.5546875,0.0003600645855758,historical,raw/1b-dagformer_historical_metrics.csv,3.0800083705357144
4720,2.475163648,3.4072265625,0.0003599569429494,historical,raw/1b-dagformer_historical_metrics.csv,3.073637462797619
4730,2.480406528,3.533203125,0.0003598493003229,historical,raw/1b-dagformer_historical_metrics.csv,3.147158668154762
4740,2.485649408,3.53515625,0.0003597416576964,historical,raw/1b-dagformer_historical_metrics.csv,3.1767345610119047
4750,2.490892288,2.06787109375,0.0003596340150699,historical,raw/1b-dagformer_historical_metrics.csv,3.121372767857143
4760,2.496135168,3.4853515625,0.0003595263724434,historical,raw/1b-dagformer_historical_metrics.csv,3.1429501488095237
4770,2.501378048,3.5048828125,0.000359418729817,historical,raw/1b-dagformer_historical_metrics.csv,3.1409970238095237
4780,2.506620928,3.6416015625,0.0003593110871905,historical,raw/1b-dagformer_historical_metrics.csv,3.2076590401785716
4790,2.511863808,3.240234375,0.000359203444564,historical,raw/1b-dagformer_historical_metrics.csv,3.2309337797619047
4800,2.517106688,3.61328125,0.0003590958019375,historical,raw/1b-dagformer_historical_metrics.csv,3.293759300595238
4810,2.522349568,2.17138671875,0.000358988159311,historical,raw/1b-dagformer_historical_metrics.csv,3.2294689360119047
4820,2.527592448,2.9794921875,0.0003588805166846,historical,raw/1b-dagformer_historical_metrics.csv,3.2050548735119047
4830,2.532835328,3.53515625,0.0003587728740581,historical,raw/1b-dagformer_historical_metrics.csv,3.2071010044642856
4840,2.538078208,3.615234375,0.0003586652314316,historical,raw/1b-dagformer_historical_metrics.csv,3.2145879836309526
4850,2.543321088,3.4638671875,0.0003585575888051,historical,raw/1b-dagformer_historical_metrics.csv,3.2099376860119047
4860,2.548563968,3.490234375,0.0003584499461786,historical,raw/1b-dagformer_historical_metrics.csv,3.2160760788690474
4870,2.553806848,2.49609375,0.0003583423035522,historical,raw/1b-dagformer_historical_metrics.csv,3.2265625
4880,2.559049728,3.685546875,0.0003582346609257,historical,raw/1b-dagformer_historical_metrics.csv,3.2480003720238093
4890,2.564292608,2.27587890625,0.0003581270182992,historical,raw/1b-dagformer_historical_metrics.csv,3.2579287574404763
4900,2.569535488,3.46875,0.0003580193756727,historical,raw/1b-dagformer_historical_metrics.csv,3.2516973586309526
4910,2.574778368,3.5537109375,0.0003579117330462,historical,raw/1b-dagformer_historical_metrics.csv,3.2532784598214284
4920,2.580021248,2.330078125,0.0003578040904198,historical,raw/1b-dagformer_historical_metrics.csv,3.1949637276785716
4930,2.585264128,3.1640625,0.0003576964477933,historical,raw/1b-dagformer_historical_metrics.csv,3.183384486607143
4940,2.590507008,3.5009765625,0.0003575888051668,historical,raw/1b-dagformer_historical_metrics.csv,3.181849888392857
4950,2.595749888,3.5341796875,0.0003574811625403,historical,raw/1b-dagformer_historical_metrics.csv,3.1818033854166665
4960,2.600992768,3.505859375,0.0003573735199138,historical,raw/1b-dagformer_historical_metrics.csv,3.250279017857143
4970,2.606235648,3.6982421875,0.0003572658772874,historical,raw/1b-dagformer_historical_metrics.csv,3.2604166666666665
4980,2.611478528,3.4140625,0.0003571582346609,historical,raw/1b-dagformer_historical_metrics.csv,3.2560918898809526
4990,2.616721408,2.34765625,0.0003570505920344,historical,raw/1b-dagformer_historical_metrics.csv,3.1944754464285716
5000,2.621964288,2.8876953125,0.0003569429494079,historical,raw/1b-dagformer_historical_metrics.csv,3.1776878720238093
5010,2.627207168,2.3759765625,0.0003568353067814,historical,raw/1b-dagformer_historical_metrics.csv,3.1187686011904763
5020,2.632450048,3.1005859375,0.000356727664155,historical,raw/1b-dagformer_historical_metrics.csv,3.1630161830357144
5030,2.637692928,2.31201171875,0.0003566200215285,historical,raw/1b-dagformer_historical_metrics.csv,3.1312313988095237
5040,2.642935808,3.431640625,0.000356512378902,historical,raw/1b-dagformer_historical_metrics.csv,3.1263020833333335
5050,2.648178688,2.8544921875,0.0003564047362755,historical,raw/1b-dagformer_historical_metrics.csv,3.0900762648809526
5060,2.653421568,2.30859375,0.000356297093649,historical,raw/1b-dagformer_historical_metrics.csv,3.035063244047619
5070,2.658664448,3.5068359375,0.0003561894510226,historical,raw/1b-dagformer_historical_metrics.csv,3.035853794642857
5080,2.663907328,3.2421875,0.0003560818083961,historical,raw/1b-dagformer_historical_metrics.csv,3.071382068452381
5090,2.669150208,3.5322265625,0.0003559741657696,historical,raw/1b-dagformer_historical_metrics.csv,3.0640811011904763
5100,2.674393088,3.15625,0.0003558665231431,historical,raw/1b-dagformer_historical_metrics.csv,3.1060035342261907
5110,2.679635968,3.4306640625,0.0003557588805166,historical,raw/1b-dagformer_historical_metrics.csv,3.104189918154762
5120,2.684878848,3.55078125,0.0003556512378902,historical,raw/1b-dagformer_historical_metrics.csv,3.1040504092261907
5130,2.690121728,3.3720703125,0.0003555435952637,historical,raw/1b-dagformer_historical_metrics.csv,3.1536690848214284
5140,2.695364608,2.9267578125,0.0003554359526372,historical,raw/1b-dagformer_historical_metrics.csv,3.142368861607143
5150,2.700607488,3.447265625,0.0003553283100107,historical,raw/1b-dagformer_historical_metrics.csv,3.1398111979166665
5160,2.705850368,3.4462890625,0.0003552206673842,historical,raw/1b-dagformer_historical_metrics.csv,3.1356259300595237
5170,2.711093248,2.880859375,0.0003551130247578,historical,raw/1b-dagformer_historical_metrics.csv,3.105864025297619
5180,2.716336128,2.24462890625,0.0003550053821313,historical,raw/1b-dagformer_historical_metrics.csv,3.0366443452380953
5190,2.721579008,3.5234375,0.0003548977395048,historical,raw/1b-dagformer_historical_metrics.csv,3.0418526785714284
5200,2.726821888,2.9921875,0.0003547900968783,historical,raw/1b-dagformer_historical_metrics.csv,3.072544642857143
5210,2.732064768,3.52734375,0.0003546824542518,historical,raw/1b-dagformer_historical_metrics.csv,3.1030040922619047
5220,2.737307648,3.5126953125,0.0003545748116254,historical,raw/1b-dagformer_historical_metrics.csv,3.157133556547619
5230,2.742550528,2.52490234375,0.0003544671689989,historical,raw/1b-dagformer_historical_metrics.csv,3.1297200520833335
5240,2.747793408,2.1962890625,0.0003543595263724,historical,raw/1b-dagformer_historical_metrics.csv,3.124209449404762
5250,2.753036288,2.02734375,0.0003542518837459,historical,raw/1b-dagformer_historical_metrics.csv,3.057338169642857
5260,2.758279168,2.361328125,0.0003541442411194,historical,raw/1b-dagformer_historical_metrics.csv,3.0338541666666665
5270,2.763522048,2.9755859375,0.000354036598493,historical,raw/1b-dagformer_historical_metrics.csv,3.065615699404762
5280,2.768764928,3.6357421875,0.0003539289558665,historical,raw/1b-dagformer_historical_metrics.csv,3.0717540922619047
5290,2.774007808,2.9462890625,0.00035382131324,historical,raw/1b-dagformer_historical_metrics.csv,3.0576636904761907
5300,2.779250688,3.484375,0.0003537136706135,historical,raw/1b-dagformer_historical_metrics.csv,3.055385044642857
5310,2.784493568,3.3896484375,0.000353606027987,historical,raw/1b-dagformer_historical_metrics.csv,3.066499255952381
5320,2.789736448,3.5205078125,0.0003534983853606,historical,raw/1b-dagformer_historical_metrics.csv,3.0707775297619047
5330,2.794979328,3.5380859375,0.0003533907427341,historical,raw/1b-dagformer_historical_metrics.csv,3.0701729910714284
5340,2.800222208,2.45166015625,0.0003532831001076,historical,raw/1b-dagformer_historical_metrics.csv,3.0263439360119047
5350,2.805465088,3.5634765625,0.0003531754574811,historical,raw/1b-dagformer_historical_metrics.csv,3.0566638764880953
5360,2.810707968,1.892578125,0.0003530678148546,historical,raw/1b-dagformer_historical_metrics.csv,2.982631138392857
5370,2.815950848,3.4833984375,0.0003529601722282,historical,raw/1b-dagformer_historical_metrics.csv,2.9843982514880953
5380,2.821193728,3.7021484375,0.0003528525296017,historical,raw/1b-dagformer_historical_metrics.csv,3.0235072544642856
5390,2.826436608,3.4248046875,0.0003527448869752,historical,raw/1b-dagformer_historical_metrics.csv,3.0797061011904763
5400,2.831679488,3.447265625,0.0003526372443487,historical,raw/1b-dagformer_historical_metrics.csv,3.076078869047619
5410,2.836922368,3.5859375,0.0003525296017222,historical,raw/1b-dagformer_historical_metrics.csv,3.1043526785714284
5420,2.842165248,3.1796875,0.0003524219590958,historical,raw/1b-dagformer_historical_metrics.csv,3.087797619047619
5430,2.847408128,3.7578125,0.0003523143164693,historical,raw/1b-dagformer_historical_metrics.csv,3.0994698660714284
5440,2.852651008,2.873046875,0.0003522066738428,historical,raw/1b-dagformer_historical_metrics.csv,3.1160481770833335
5450,2.857893888,3.513671875,0.0003520990312163,historical,raw/1b-dagformer_historical_metrics.csv,3.1787806919642856
5460,2.863136768,3.083984375,0.0003519913885898,historical,raw/1b-dagformer_historical_metrics.csv,3.229096912202381
5470,2.868379648,3.6435546875,0.0003518837459634,historical,raw/1b-dagformer_historical_metrics.csv,3.2901553199404763
5480,2.873622528,2.26025390625,0.0003517761033369,historical,raw/1b-dagformer_historical_metrics.csv,3.2560918898809526
5490,2.878865408,3.505859375,0.0003516684607104,historical,raw/1b-dagformer_historical_metrics.csv,3.249906994047619
5500,2.884108288,3.404296875,0.0003515608180839,historical,raw/1b-dagformer_historical_metrics.csv,3.2717168898809526
5510,2.889351168,2.90625,0.0003514531754574,historical,raw/1b-dagformer_historical_metrics.csv,3.2441871279761907
5520,2.894594048,2.85546875,0.000351345532831,historical,raw/1b-dagformer_historical_metrics.csv,3.21875
5530,2.899836928,3.0810546875,0.0003512378902045,historical,raw/1b-dagformer_historical_metrics.csv,3.1978236607142856
5540,2.905079808,2.125,0.000351130247578,historical,raw/1b-dagformer_historical_metrics.csv,3.1305338541666665
5550,2.910322688,3.4912109375,0.0003510226049515,historical,raw/1b-dagformer_historical_metrics.csv,3.1800362723214284
5560,2.915565568,3.4560546875,0.000350914962325,historical,raw/1b-dagformer_historical_metrics.csv,3.1749209449404763
5570,2.920808448,3.48828125,0.0003508073196986,historical,raw/1b-dagformer_historical_metrics.csv,3.2509068080357144
5580,2.926051328,3.4375,0.0003506996770721,historical,raw/1b-dagformer_historical_metrics.csv,3.248721168154762
5590,2.931294208,3.400390625,0.0003505920344456,historical,raw/1b-dagformer_historical_metrics.csv,3.2343517485119047
5600,2.936537088,3.40234375,0.0003504843918191,historical,raw/1b-dagformer_historical_metrics.csv,3.2332821800595237
5610,2.941779968,3.0361328125,0.0003503767491926,historical,raw/1b-dagformer_historical_metrics.csv,3.2137044270833335
5620,2.947022848,3.40234375,0.0003502691065662,historical,raw/1b-dagformer_historical_metrics.csv,3.2049618675595237
5630,2.952265728,3.5068359375,0.0003501614639397,historical,raw/1b-dagformer_historical_metrics.csv,3.2205403645833335
5640,2.957508608,3.4248046875,0.0003500538213132,historical,raw/1b-dagformer_historical_metrics.csv,3.204682849702381
5650,2.962751488,3.470703125,0.0003499461786867,historical,raw/1b-dagformer_historical_metrics.csv,3.2331426711309526
5660,2.967994368,2.3935546875,0.0003498385360602,historical,raw/1b-dagformer_historical_metrics.csv,3.1798037574404763
5670,2.973237248,2.07666015625,0.0003497308934337,historical,raw/1b-dagformer_historical_metrics.csv,3.1318359375
5680,2.978480128,3.533203125,0.0003496232508073,historical,raw/1b-dagformer_historical_metrics.csv,3.1265811011904763
5690,2.983723008,3.4736328125,0.0003495156081808,historical,raw/1b-dagformer_historical_metrics.csv,3.184361049107143
5700,2.988965888,3.447265625,0.0003494079655543,historical,raw/1b-dagformer_historical_metrics.csv,3.1815708705357144
5710,2.994208768,3.3837890625,0.0003493003229278,historical,raw/1b-dagformer_historical_metrics.csv,3.1805943080357144
5720,2.999451648,3.3642578125,0.0003491926803013,historical,raw/1b-dagformer_historical_metrics.csv,3.2024042038690474
5730,3.004694528,3.3251953125,0.0003490850376749,historical,raw/1b-dagformer_historical_metrics.csv,3.2247721354166665
5740,3.009937408,3.4560546875,0.0003489773950484,historical,raw/1b-dagformer_historical_metrics.csv,3.2426292782738093
5750,3.015180288,3.494140625,0.0003488697524219,historical,raw/1b-dagformer_historical_metrics.csv,3.307826450892857
5760,3.020423168,3.462890625,0.0003487621097954,historical,raw/1b-dagformer_historical_metrics.csv,3.3064778645833335
5770,3.025666048,3.5048828125,0.0003486544671689,historical,raw/1b-dagformer_historical_metrics.csv,3.308803013392857
5780,3.030908928,2.2119140625,0.0003485468245425,historical,raw/1b-dagformer_historical_metrics.csv,3.2480236235119047
5790,3.036151808,3.48046875,0.000348439181916,historical,raw/1b-dagformer_historical_metrics.csv,3.2500697544642856
5800,3.041394688,3.3662109375,0.0003483315392895,historical,raw/1b-dagformer_historical_metrics.csv,3.248442150297619
5810,3.046637568,3.12109375,0.000348223896663,historical,raw/1b-dagformer_historical_metrics.csv,3.235049293154762
5820,3.051880448,2.1552734375,0.0003481162540365,historical,raw/1b-dagformer_historical_metrics.csv,3.1931036086309526
5830,3.057123328,3.5537109375,0.0003480086114101,historical,raw/1b-dagformer_historical_metrics.csv,3.2003115699404763
5840,3.062366208,3.5078125,0.0003479009687836,historical,raw/1b-dagformer_historical_metrics.csv,3.2003580729166665
5850,3.067609088,3.505859375,0.0003477933261571,historical,raw/1b-dagformer_historical_metrics.csv,3.2042178199404763
5860,3.072851968,3.4599609375,0.0003476856835306,historical,raw/1b-dagformer_historical_metrics.csv,3.203706287202381
5870,3.078094848,3.4404296875,0.0003475780409041,historical,raw/1b-dagformer_historical_metrics.csv,3.2535574776785716
5880,3.083337728,2.0712890625,0.0003474703982777,historical,raw/1b-dagformer_historical_metrics.csv,3.2533017113095237
5890,3.088580608,3.701171875,0.0003473627556512,historical,raw/1b-dagformer_historical_metrics.csv,3.2613002232142856
5900,3.093823488,2.03955078125,0.0003472551130247,historical,raw/1b-dagformer_historical_metrics.csv,3.1930106026785716
5910,3.099066368,3.5,0.0003471474703982,historical,raw/1b-dagformer_historical_metrics.csv,3.195521763392857
5920,3.104309248,2.10302734375,0.0003470398277717,historical,raw/1b-dagformer_historical_metrics.csv,3.1345331101190474
5930,3.109552128,3.36328125,0.0003469321851453,historical,raw/1b-dagformer_historical_metrics.csv,3.134486607142857
5940,3.114795008,1.875,0.0003468245425188,historical,raw/1b-dagformer_historical_metrics.csv,3.0654296875
5950,3.120037888,3.3837890625,0.0003467168998923,historical,raw/1b-dagformer_historical_metrics.csv,3.0619884672619047
5960,3.125280768,3.4140625,0.0003466092572658,historical,raw/1b-dagformer_historical_metrics.csv,3.0581752232142856
5970,3.130523648,3.654296875,0.0003465016146393,historical,raw/1b-dagformer_historical_metrics.csv,3.067289806547619
5980,3.135766528,3.330078125,0.0003463939720129,historical,raw/1b-dagformer_historical_metrics.csv,3.0589657738095237
5990,3.141009408,2.8896484375,0.0003462863293864,historical,raw/1b-dagformer_historical_metrics.csv,3.0912388392857144
6000,3.146252288,3.71484375,0.0003461786867599,historical,raw/1b-dagformer_historical_metrics.csv,3.1023995535714284
6010,3.151495168,3.4853515625,0.0003460710441334,historical,raw/1b-dagformer_historical_metrics.csv,3.1080729166666665
6020,3.156738048,3.3310546875,0.0003459634015069,historical,raw/1b-dagformer_historical_metrics.csv,3.118071056547619
6030,3.161980928,2.919921875,0.0003458557588805,historical,raw/1b-dagformer_historical_metrics.csv,3.154482886904762
6040,3.167223808,3.359375,0.000345748116254,historical,raw/1b-dagformer_historical_metrics.csv,3.145228794642857
6050,3.172466688,3.3857421875,0.0003456404736275,historical,raw/1b-dagformer_historical_metrics.csv,3.1394159226190474
6060,3.177709568,2.4560546875,0.000345532831001,historical,raw/1b-dagformer_historical_metrics.csv,3.0894252232142856
6070,3.182952448,2.8974609375,0.0003454251883745,historical,raw/1b-dagformer_historical_metrics.csv,3.0626395089285716
6080,3.188195328,3.4775390625,0.0003453175457481,historical,raw/1b-dagformer_historical_metrics.csv,3.0644066220238093
6090,3.193438208,3.7041015625,0.0003452099031216,historical,raw/1b-dagformer_historical_metrics.csv,3.1421595982142856
6100,3.198681088,3.4140625,0.0003451022604951,historical,raw/1b-dagformer_historical_metrics.csv,3.1284877232142856
6110,3.203923968,3.3994140625,0.0003449946178686,historical,raw/1b-dagformer_historical_metrics.csv,3.1932431175595237
6120,3.209166848,2.21337890625,0.0003448869752421,historical,raw/1b-dagformer_historical_metrics.csv,3.1319754464285716
6130,3.214409728,3.50390625,0.0003447793326157,historical,raw/1b-dagformer_historical_metrics.csv,3.1986839657738093
6140,3.219652608,3.537109375,0.0003446716899892,historical,raw/1b-dagformer_historical_metrics.csv,3.2069614955357144
6150,3.224895488,2.0322265625,0.0003445640473627,historical,raw/1b-dagformer_historical_metrics.csv,3.214448474702381
6160,3.230138368,3.072265625,0.0003444564047362,historical,raw/1b-dagformer_historical_metrics.csv,3.199614025297619
6170,3.235381248,3.42578125,0.0003443487621097,historical,raw/1b-dagformer_historical_metrics.csv,3.2001720610119047
6180,3.240624128,3.4697265625,0.0003442411194833,historical,raw/1b-dagformer_historical_metrics.csv,3.1913829985119047
6190,3.245867008,2.04736328125,0.0003441334768568,historical,raw/1b-dagformer_historical_metrics.csv,3.1303013392857144
6200,3.251109888,3.1708984375,0.0003440258342303,historical,raw/1b-dagformer_historical_metrics.csv,3.1436941964285716
6210,3.256352768,2.791015625,0.0003439181916038,historical,raw/1b-dagformer_historical_metrics.csv,3.099702380952381
6220,3.261595648,3.546875,0.0003438105489773,historical,raw/1b-dagformer_historical_metrics.csv,3.102632068452381
6230,3.266838528,3.490234375,0.0003437029063509,historical,raw/1b-dagformer_historical_metrics.csv,3.1102120535714284
6240,3.272081408,2.02392578125,0.0003435952637244,historical,raw/1b-dagformer_historical_metrics.csv,3.0675455729166665
6250,3.277324288,3.3623046875,0.0003434876210979,historical,raw/1b-dagformer_historical_metrics.csv,3.067685081845238
6260,3.282567168,2.8642578125,0.0003433799784714,historical,raw/1b-dagformer_historical_metrics.csv,3.0428524925595237
6270,3.287810048,3.5654296875,0.0003432723358449,historical,raw/1b-dagformer_historical_metrics.csv,3.0956798735119047
6280,3.293052928,2.9775390625,0.0003431646932185,historical,raw/1b-dagformer_historical_metrics.csv,3.0994931175595237
6290,3.298295808,3.458984375,0.000343057050592,historical,raw/1b-dagformer_historical_metrics.csv,3.0986095610119047
6300,3.303538688,3.40234375,0.0003429494079655,historical,raw/1b-dagformer_historical_metrics.csv,3.0842401413690474
6310,3.308781568,2.291015625,0.000342841765339,historical,raw/1b-dagformer_historical_metrics.csv,3.03076171875
6320,3.314024448,2.8720703125,0.0003427341227125,historical,raw/1b-dagformer_historical_metrics.csv,3.005650111607143
6330,3.319267328,3.533203125,0.0003426264800861,historical,raw/1b-dagformer_historical_metrics.csv,3.0684988839285716
6340,3.324510208,2.8447265625,0.0003425188374596,historical,raw/1b-dagformer_historical_metrics.csv,3.037109375
6350,3.329753088,2.15380859375,0.0003424111948331,historical,raw/1b-dagformer_historical_metrics.csv,2.9712379092261907
6360,3.334995968,3.5771484375,0.0003423035522066,historical,raw/1b-dagformer_historical_metrics.csv,3.0448056175595237
6370,3.340238848,2.1513671875,0.0003421959095801,historical,raw/1b-dagformer_historical_metrics.csv,3.0009533110119047
6380,3.345481728,2.26708984375,0.0003420882669537,historical,raw/1b-dagformer_historical_metrics.csv,2.9457775297619047
6390,3.350724608,3.4287109375,0.0003419806243272,historical,raw/1b-dagformer_historical_metrics.csv,2.9438244047619047
6400,3.355967488,2.3134765625,0.0003418729817007,historical,raw/1b-dagformer_historical_metrics.csv,2.9564964657738093
6410,3.361210368,3.494140625,0.0003417653390742,historical,raw/1b-dagformer_historical_metrics.csv,2.971888950892857
6420,3.366453248,3.4228515625,0.0003416576964477,historical,raw/1b-dagformer_historical_metrics.csv,3.0019763764880953
6430,3.371696128,3.453125,0.0003415500538213,historical,raw/1b-dagformer_historical_metrics.csv,2.9975120907738093
6440,3.376939008,3.4677734375,0.0003414424111948,historical,raw/1b-dagformer_historical_metrics.csv,2.9964425223214284
6450,3.382181888,2.00634765625,0.0003413347685683,historical,raw/1b-dagformer_historical_metrics.csv,2.99560546875
6460,3.387424768,3.3642578125,0.0003412271259418,historical,raw/1b-dagformer_historical_metrics.csv,2.995698474702381
6470,3.392667648,3.4365234375,0.0003411194833153,historical,raw/1b-dagformer_historical_metrics.csv,3.02294921875
6480,3.397910528,3.462890625,0.0003410118406889,historical,raw/1b-dagformer_historical_metrics.csv,3.01806640625
6490,3.403153408,2.6689453125,0.0003409041980624,historical,raw/1b-dagformer_historical_metrics.csv,3.0033714657738093
6500,3.408396288,2.8857421875,0.0003407965554359,historical,raw/1b-dagformer_historical_metrics.csv,2.97607421875
6510,3.413639168,3.3662109375,0.0003406889128094,historical,raw/1b-dagformer_historical_metrics.csv,2.9743536086309526
6520,3.418882048,3.3515625,0.0003405812701829,historical,raw/1b-dagformer_historical_metrics.csv,3.0248558407738093
6530,3.424124928,3.390625,0.0003404736275565,historical,raw/1b-dagformer_historical_metrics.csv,3.0495489211309526
6540,3.429367808,3.4658203125,0.00034036598493,historical,raw/1b-dagformer_historical_metrics.csv,3.0463402157738093
6550,3.434610688,3.390625,0.0003402583423035,historical,raw/1b-dagformer_historical_metrics.csv,3.0723353794642856
6560,3.439853568,3.376953125,0.000340150699677,historical,raw/1b-dagformer_historical_metrics.csv,3.130580357142857
6570,3.445096448,2.87109375,0.0003400430570505,historical,raw/1b-dagformer_historical_metrics.csv,3.096958705357143
6580,3.450339328,2.05615234375,0.0003399354144241,historical,raw/1b-dagformer_historical_metrics.csv,3.0924246651785716
6590,3.455582208,3.4482421875,0.0003398277717976,historical,raw/1b-dagformer_historical_metrics.csv,3.1486700148809526
6600,3.460825088,3.3291015625,0.0003397201291711,historical,raw/1b-dagformer_historical_metrics.csv,3.1439267113095237
6610,3.466067968,3.4375,0.0003396124865446,historical,raw/1b-dagformer_historical_metrics.csv,3.197451636904762
6620,3.471310848,3.3896484375,0.0003395048439181,historical,raw/1b-dagformer_historical_metrics.csv,3.192475818452381
6630,3.476553728,3.4609375,0.0003393972012917,historical,raw/1b-dagformer_historical_metrics.csv,3.1942894345238093
6640,3.481796608,3.4921875,0.0003392895586652,historical,raw/1b-dagformer_historical_metrics.csv,3.1961495535714284
6650,3.487039488,3.47265625,0.0003391819160387,historical,raw/1b-dagformer_historical_metrics.csv,3.196382068452381
6660,3.492282368,3.490234375,0.0003390742734122,historical,raw/1b-dagformer_historical_metrics.csv,3.2670433407738093
6670,3.497525248,3.4619140625,0.0003389666307857,historical,raw/1b-dagformer_historical_metrics.csv,3.271693638392857
6680,3.502768128,3.2705078125,0.0003388589881593,historical,raw/1b-dagformer_historical_metrics.csv,3.2637881324404763
6690,3.508011008,3.0361328125,0.0003387513455328,historical,raw/1b-dagformer_historical_metrics.csv,3.243466331845238
6700,3.513253888,3.4609375,0.0003386437029063,historical,raw/1b-dagformer_historical_metrics.csv,3.2811802455357144
6710,3.518496768,3.4638671875,0.0003385360602798,historical,raw/1b-dagformer_historical_metrics.csv,3.3087100074404763
6720,3.523739648,3.3017578125,0.0003384284176533,historical,raw/1b-dagformer_historical_metrics.csv,3.3056408110119047
6730,3.528982528,3.4453125,0.0003383207750269,historical,raw/1b-dagformer_historical_metrics.csv,3.3101050967261907
6740,3.534225408,3.453125,0.0003382131324004,historical,raw/1b-dagformer_historical_metrics.csv,3.313081287202381
6750,3.539468288,3.482421875,0.0003381054897739,historical,raw/1b-dagformer_historical_metrics.csv,3.313871837797619
6760,3.544711168,3.447265625,0.0003379978471474,historical,raw/1b-dagformer_historical_metrics.csv,3.3165690104166665
6770,3.549954048,2.2890625,0.0003378902045209,historical,raw/1b-dagformer_historical_metrics.csv,3.2647646949404763
6780,3.555196928,3.296875,0.0003377825618945,historical,raw/1b-dagformer_historical_metrics.csv,3.2850399925595237
6790,3.560439808,3.6435546875,0.000337674919268,historical,raw/1b-dagformer_historical_metrics.csv,3.360630580357143
6800,3.565682688,3.427734375,0.0003375672766415,historical,raw/1b-dagformer_historical_metrics.csv,3.359654017857143
6810,3.570925568,3.5234375,0.000337459634015,historical,raw/1b-dagformer_historical_metrics.csv,3.3689081101190474
6820,3.576168448,3.3818359375,0.0003373519913885,historical,raw/1b-dagformer_historical_metrics.csv,3.3662574404761907
6830,3.581411328,3.3916015625,0.0003372443487621,historical,raw/1b-dagformer_historical_metrics.csv,3.3663504464285716
6840,3.586654208,3.4091796875,0.0003371367061356,historical,raw/1b-dagformer_historical_metrics.csv,3.3638857886904763
6850,3.591897088,1.69287109375,0.0003370290635091,historical,raw/1b-dagformer_historical_metrics.csv,3.2782040550595237
6860,3.597139968,3.4697265625,0.0003369214208826,historical,raw/1b-dagformer_historical_metrics.csv,3.2780645461309526
6870,3.602382848,2.2275390625,0.0003368137782561,historical,raw/1b-dagformer_historical_metrics.csv,3.2179361979166665
6880,3.607625728,3.384765625,0.0003367061356297,historical,raw/1b-dagformer_historical_metrics.csv,3.214262462797619
6890,3.612868608,3.474609375,0.0003365984930032,historical,raw/1b-dagformer_historical_metrics.csv,3.2239815848214284
6900,3.618111488,3.296875,0.0003364908503767,historical,raw/1b-dagformer_historical_metrics.csv,3.2363978794642856
6910,3.623354368,3.2900390625,0.0003363832077502,historical,raw/1b-dagformer_historical_metrics.csv,3.2282598586309526
6920,3.628597248,3.3974609375,0.0003362755651237,historical,raw/1b-dagformer_historical_metrics.csv,3.22509765625
6930,3.633840128,1.96923828125,0.0003361679224973,historical,raw/1b-dagformer_historical_metrics.csv,3.1616443452380953
6940,3.639083008,3.447265625,0.0003360602798708,historical,raw/1b-dagformer_historical_metrics.csv,3.1617373511904763
6950,3.644325888,3.4091796875,0.0003359526372443,historical,raw/1b-dagformer_historical_metrics.csv,3.1596447172619047
6960,3.649568768,3.3017578125,0.0003358449946178,historical,raw/1b-dagformer_historical_metrics.csv,3.1510416666666665
6970,3.654811648,2.806640625,0.0003357373519913,historical,raw/1b-dagformer_historical_metrics.csv,3.1205357142857144
6980,3.660054528,3.2939453125,0.0003356297093649,historical,raw/1b-dagformer_historical_metrics.csv,3.1683872767857144
6990,3.665297408,3.4248046875,0.0003355220667384,historical,raw/1b-dagformer_historical_metrics.csv,3.1744791666666665
7000,3.670540288,2.90234375,0.0003354144241119,historical,raw/1b-dagformer_historical_metrics.csv,3.1391834077380953
7010,3.675783168,3.2666015625,0.0003353067814854,historical,raw/1b-dagformer_historical_metrics.csv,3.1315104166666665
7020,3.681026048,3.3876953125,0.0003351991388589,historical,raw/1b-dagformer_historical_metrics.csv,3.1250465029761907
7030,3.686268928,3.4306640625,0.0003350914962325,historical,raw/1b-dagformer_historical_metrics.csv,3.1273716517857144
7040,3.691511808,3.2197265625,0.000334983853606,historical,raw/1b-dagformer_historical_metrics.csv,3.1191871279761907
7050,3.696754688,2.7275390625,0.0003348762109795,historical,raw/1b-dagformer_historical_metrics.csv,3.086728050595238
7060,3.701997568,3.3984375,0.000334768568353,historical,raw/1b-dagformer_historical_metrics.csv,3.1679454985119047
7070,3.707240448,3.3515625,0.0003346609257265,historical,raw/1b-dagformer_historical_metrics.csv,3.162318638392857
7080,3.712483328,3.375,0.0003345532831001,historical,raw/1b-dagformer_historical_metrics.csv,3.2169596354166665
7090,3.717726208,3.23828125,0.0003344456404736,historical,raw/1b-dagformer_historical_metrics.csv,3.2099841889880953
7100,3.722969088,3.419921875,0.0003343379978471,historical,raw/1b-dagformer_historical_metrics.csv,3.2073800223214284
7110,3.728211968,3.443359375,0.0003342303552206,historical,raw/1b-dagformer_historical_metrics.csv,3.21435546875
7120,3.733454848,3.205078125,0.0003341227125941,historical,raw/1b-dagformer_historical_metrics.csv,3.2103097098214284
7130,3.738697728,2.6171875,0.0003340150699677,historical,raw/1b-dagformer_historical_metrics.csv,3.173153831845238
7140,3.743940608,2.7763671875,0.0003339074273412,historical,raw/1b-dagformer_historical_metrics.csv,3.2115885416666665
7150,3.749183488,3.3935546875,0.0003337997847147,historical,raw/1b-dagformer_historical_metrics.csv,3.2090308779761907
7160,3.754426368,2.880859375,0.0003336921420882,historical,raw/1b-dagformer_historical_metrics.csv,3.183872767857143
7170,3.759669248,2.8701171875,0.0003335844994617,historical,raw/1b-dagformer_historical_metrics.csv,3.1633184523809526
7180,3.764912128,3.3193359375,0.0003334768568353,historical,raw/1b-dagformer_historical_metrics.csv,3.1877325148809526
7190,3.770155008,2.21044921875,0.0003333692142088,historical,raw/1b-dagformer_historical_metrics.csv,3.136137462797619
7200,3.775397888,3.4228515625,0.0003332615715823,historical,raw/1b-dagformer_historical_metrics.csv,3.136044456845238
7210,3.780640768,2.60546875,0.0003331539289558,historical,raw/1b-dagformer_historical_metrics.csv,3.1219075520833335
7220,3.785883648,3.34375,0.0003330462863293,historical,raw/1b-dagformer_historical_metrics.csv,3.125581287202381
7230,3.791126528,3.4140625,0.0003329386437029,historical,raw/1b-dagformer_historical_metrics.csv,3.1268368675595237
7240,3.796369408,3.35546875,0.0003328310010764,historical,raw/1b-dagformer_historical_metrics.csv,3.123256138392857
7250,3.801612288,2.33349609375,0.0003327233584499,historical,raw/1b-dagformer_historical_metrics.csv,3.0810546875
7260,3.806855168,3.3701171875,0.0003326157158234,historical,raw/1b-dagformer_historical_metrics.csv,3.1116536458333335
7270,3.812098048,2.9208984375,0.0003325080731969,historical,raw/1b-dagformer_historical_metrics.csv,3.0889136904761907
7280,3.817340928,2.56982421875,0.0003324004305705,historical,raw/1b-dagformer_historical_metrics.csv,3.0516880580357144
7290,3.822583808,2.66455078125,0.000332292787944,historical,raw/1b-dagformer_historical_metrics.csv,3.017857142857143
7300,3.827826688,3.4638671875,0.0003321851453175,historical,raw/1b-dagformer_historical_metrics.csv,3.028599330357143
7310,3.833069568,2.1201171875,0.000332077502691,historical,raw/1b-dagformer_historical_metrics.csv,2.966703869047619
7320,3.838312448,3.33984375,0.0003319698600645,historical,raw/1b-dagformer_historical_metrics.csv,2.9617745535714284
7330,3.843555328,3.4443359375,0.0003318622174381,historical,raw/1b-dagformer_historical_metrics.csv,2.9731677827380953
7340,3.848798208,2.18310546875,0.0003317545748116,historical,raw/1b-dagformer_historical_metrics.csv,2.9524972098214284
7350,3.854041088,2.7236328125,0.0003316469321851,historical,raw/1b-dagformer_historical_metrics.csv,2.949986049107143
7360,3.859283968,3.404296875,0.0003315392895586,historical,raw/1b-dagformer_historical_metrics.csv,2.950497581845238
7370,3.864526848,1.99072265625,0.0003314316469321,historical,raw/1b-dagformer_historical_metrics.csv,2.908110119047619
7380,3.869769728,3.3349609375,0.0003313240043057,historical,raw/1b-dagformer_historical_metrics.csv,2.9302455357142856
7390,3.875012608,2.20654296875,0.0003312163616792,historical,raw/1b-dagformer_historical_metrics.csv,2.877255394345238
7400,3.880255488,3.3779296875,0.0003311087190527,historical,raw/1b-dagformer_historical_metrics.csv,2.9328497023809526
7410,3.885498368,3.3671875,0.0003310010764262,historical,raw/1b-dagformer_historical_metrics.csv,2.9301990327380953
7420,3.890741248,3.4326171875,0.0003308934337997,historical,raw/1b-dagformer_historical_metrics.csv,2.9695870535714284
7430,3.895984128,3.34375,0.0003307857911733,historical,raw/1b-dagformer_historical_metrics.csv,2.9695870535714284
7440,3.901227008,3.4033203125,0.0003306781485468,historical,raw/1b-dagformer_historical_metrics.csv,2.9690755208333335
7450,3.906469888,3.3935546875,0.0003305705059203,historical,raw/1b-dagformer_historical_metrics.csv,2.970889136904762
7460,3.911712768,2.7158203125,0.0003304628632938,historical,raw/1b-dagformer_historical_metrics.csv,2.9890950520833335
7470,3.916955648,3.423828125,0.0003303552206673,historical,raw/1b-dagformer_historical_metrics.csv,2.9916527157738093
7480,3.922198528,3.341796875,0.0003302475780409,historical,raw/1b-dagformer_historical_metrics.csv,3.0116954985119047
7490,3.927441408,3.3701171875,0.0003301399354144,historical,raw/1b-dagformer_historical_metrics.csv,3.0498046875
7500,3.932684288,2.34521484375,0.0003300322927879,historical,raw/1b-dagformer_historical_metrics.csv,3.0345982142857144
7510,3.937927168,3.4990234375,0.0003299246501614,historical,raw/1b-dagformer_historical_metrics.csv,3.0362723214285716
7520,3.943170048,3.3974609375,0.0003298170075349,historical,raw/1b-dagformer_historical_metrics.csv,3.0970982142857144
7530,3.948412928,3.33203125,0.0003297093649085,historical,raw/1b-dagformer_historical_metrics.csv,3.0967261904761907
7540,3.953655808,3.3564453125,0.000329601722282,historical,raw/1b-dagformer_historical_metrics.csv,3.0925409226190474
7550,3.958898688,3.4033203125,0.0003294940796555,historical,raw/1b-dagformer_historical_metrics.csv,3.1506463913690474
7560,3.964141568,3.2314453125,0.000329386437029,historical,raw/1b-dagformer_historical_metrics.csv,3.1748279389880953
7570,3.969384448,3.4150390625,0.0003292787944025,historical,raw/1b-dagformer_historical_metrics.csv,3.1753394717261907
7580,3.974627328,3.3017578125,0.0003291711517761,historical,raw/1b-dagformer_historical_metrics.csv,3.2377697172619047
7590,3.979870208,1.85595703125,0.0003290635091496,historical,raw/1b-dagformer_historical_metrics.csv,3.1673409598214284
7600,3.985113088,2.2763671875,0.0003289558665231,historical,raw/1b-dagformer_historical_metrics.csv,3.1706659226190474
7610,3.990355968,2.8076171875,0.0003288482238966,historical,raw/1b-dagformer_historical_metrics.csv,3.1435081845238093
7620,3.995598848,3.38671875,0.0003287405812701,historical,raw/1b-dagformer_historical_metrics.csv,3.144438244047619
7630,4.000841728,2.9140625,0.0003286329386437,historical,raw/1b-dagformer_historical_metrics.csv,3.1197451636904763
7640,4.006084608,3.4521484375,0.0003285252960172,historical,raw/1b-dagformer_historical_metrics.csv,3.124906994047619
7650,4.011327488,3.32421875,0.0003284176533907,historical,raw/1b-dagformer_historical_metrics.csv,3.1211402529761907
7660,4.016570368,3.4072265625,0.0003283100107642,historical,raw/1b-dagformer_historical_metrics.csv,3.121791294642857
7670,4.021813248,3.3935546875,0.0003282023681377,historical,raw/1b-dagformer_historical_metrics.csv,3.1540643601190474
7680,4.027056128,3.365234375,0.0003280947255113,historical,raw/1b-dagformer_historical_metrics.csv,3.151274181547619
7690,4.032299008,3.0,0.0003279870828848,historical,raw/1b-dagformer_historical_metrics.csv,3.1349981398809526
7700,4.037541888,3.2451171875,0.0003278794402583,historical,raw/1b-dagformer_historical_metrics.csv,3.1290457589285716
7710,4.042784768,3.412109375,0.0003277717976318,historical,raw/1b-dagformer_historical_metrics.csv,3.1798502604166665
7720,4.048027648,2.8271484375,0.0003276641550053,historical,raw/1b-dagformer_historical_metrics.csv,3.147856212797619
7730,4.053270528,2.265625,0.0003275565123789,historical,raw/1b-dagformer_historical_metrics.csv,3.093959263392857
7740,4.058513408,3.3603515625,0.0003274488697524,historical,raw/1b-dagformer_historical_metrics.csv,3.095307849702381
7750,4.063756288,3.271484375,0.0003273412271259,historical,raw/1b-dagformer_historical_metrics.csv,3.0912620907738093
7760,4.068999168,3.296875,0.0003272335844994,historical,raw/1b-dagformer_historical_metrics.csv,3.0861932663690474
7770,4.074242048,3.369140625,0.0003271259418729,historical,raw/1b-dagformer_historical_metrics.csv,3.0927501860119047
7780,4.079484928,2.09228515625,0.0003270182992465,historical,raw/1b-dagformer_historical_metrics.csv,3.0297619047619047
7790,4.084727808,3.3349609375,0.00032691065662,historical,raw/1b-dagformer_historical_metrics.csv,3.031343005952381
7800,4.089970688,3.408203125,0.0003268030139935,historical,raw/1b-dagformer_historical_metrics.csv,3.105259486607143
7810,4.095213568,3.4033203125,0.000326695371367,historical,raw/1b-dagformer_historical_metrics.csv,3.1589239211309526
7820,4.100456448,3.2197265625,0.0003265877287405,historical,raw/1b-dagformer_historical_metrics.csv,3.1785481770833335
7830,4.105699328,3.3662109375,0.0003264800861141,historical,raw/1b-dagformer_historical_metrics.csv,3.1775716145833335
7840,4.110942208,3.3564453125,0.0003263724434876,historical,raw/1b-dagformer_historical_metrics.csv,3.198637462797619
7850,4.116185088,3.541015625,0.0003262648008611,historical,raw/1b-dagformer_historical_metrics.csv,3.2028692336309526
7860,4.121427968,3.2763671875,0.0003261571582346,historical,raw/1b-dagformer_historical_metrics.csv,3.200590587797619
7870,4.126670848,2.9189453125,0.0003260495156081,historical,raw/1b-dagformer_historical_metrics.csv,3.177339099702381
7880,4.131913728,3.3076171875,0.0003259418729817,historical,raw/1b-dagformer_historical_metrics.csv,3.173246837797619
7890,4.137156608,1.521728515625,0.0003258342303552,historical,raw/1b-dagformer_historical_metrics.csv,3.0854608444940474
7900,4.142399488,3.4111328125,0.0003257265877287,historical,raw/1b-dagformer_historical_metrics.csv,3.105038597470238
7910,4.147642368,3.2890625,0.0003256189451022,historical,raw/1b-dagformer_historical_metrics.csv,3.1071312313988093
7920,4.152885248,3.341796875,0.0003255113024757,historical,raw/1b-dagformer_historical_metrics.csv,3.1037830171130953
7930,4.158128128,3.3642578125,0.0003254036598493,historical,raw/1b-dagformer_historical_metrics.csv,3.129359654017857
7940,4.163371008,3.4140625,0.0003252960172228,historical,raw/1b-dagformer_historical_metrics.csv,3.184047154017857
7950,4.168613888,3.3623046875,0.0003251883745963,historical,raw/1b-dagformer_historical_metrics.csv,3.184140159970238
7960,4.173856768,2.8046875,0.0003250807319698,historical,raw/1b-dagformer_historical_metrics.csv,3.1619117373511907
7970,4.179099648,2.0478515625,0.0003249730893433,historical,raw/1b-dagformer_historical_metrics.csv,3.1024344308035716
7980,4.184342528,3.3271484375,0.0003248654467168,historical,raw/1b-dagformer_historical_metrics.csv,3.100434802827381
7990,4.189585408,2.93359375,0.0003247578040904,historical,raw/1b-dagformer_historical_metrics.csv,3.1404971168154763
8000,4.194828288,2.849609375,0.0003246501614639,historical,raw/1b-dagformer_historical_metrics.csv,3.1173851376488093
8010,4.200071168,3.4814453125,0.0003245425188374,historical,raw/1b-dagformer_historical_metrics.csv,3.1208728608630953
8020,4.205314048,3.3984375,0.0003244348762109,historical,raw/1b-dagformer_historical_metrics.csv,3.120640345982143
8030,4.210556928,3.3642578125,0.0003243272335844,historical,raw/1b-dagformer_historical_metrics.csv,3.1275227864583335
8040,4.215799808,3.423828125,0.000324219590958,historical,raw/1b-dagformer_historical_metrics.csv,3.1302664620535716
8050,4.221042688,2.12158203125,0.0003241119483315,historical,raw/1b-dagformer_historical_metrics.csv,3.0714634486607144
8060,4.226285568,3.26171875,0.000324004305705,historical,raw/1b-dagformer_historical_metrics.csv,3.058163597470238
8070,4.231528448,2.1337890625,0.0003238966630785,historical,raw/1b-dagformer_historical_metrics.csv,3.003755115327381
8080,4.236771328,2.052734375,0.000323789020452,historical,raw/1b-dagformer_historical_metrics.csv,2.9625069754464284
8090,4.242014208,2.673828125,0.0003236813778256,historical,raw/1b-dagformer_historical_metrics.csv,2.9323265438988093
8100,4.247257088,2.9912109375,0.0003235737351991,historical,raw/1b-dagformer_historical_metrics.csv,3.0023018973214284
8110,4.252499968,3.291015625,0.0003234660925726,historical,raw/1b-dagformer_historical_metrics.csv,2.99658203125
8120,4.257742848,3.380859375,0.0003233584499461,historical,raw/1b-dagformer_historical_metrics.csv,3.0009533110119047
8130,4.262985728,2.11279296875,0.0003232508073196,historical,raw/1b-dagformer_historical_metrics.csv,2.9424293154761907
8140,4.268228608,3.267578125,0.0003231431646932,historical,raw/1b-dagformer_historical_metrics.csv,2.9378255208333335
8150,4.273471488,3.275390625,0.0003230355220667,historical,raw/1b-dagformer_historical_metrics.csv,2.9312220982142856
8160,4.278714368,3.318359375,0.0003229278794402,historical,raw/1b-dagformer_historical_metrics.csv,2.9291294642857144
8170,4.283957248,1.9169921875,0.0003228202368137,historical,raw/1b-dagformer_historical_metrics.csv,2.8868582589285716
8180,4.289200128,3.1806640625,0.0003227125941872,historical,raw/1b-dagformer_historical_metrics.csv,2.9408017113095237
8190,4.294443008,3.2978515625,0.0003226049515608,historical,raw/1b-dagformer_historical_metrics.csv,2.9394066220238093
8200,4.299685888,3.458984375,0.0003224973089343,historical,raw/1b-dagformer_historical_metrics.csv,2.9644252232142856
8210,4.304928768,3.31640625,0.0003223896663078,historical,raw/1b-dagformer_historical_metrics.csv,2.9866536458333335
8220,4.310171648,3.2548828125,0.0003222820236813,historical,raw/1b-dagformer_historical_metrics.csv,2.975864955357143
8230,4.315414528,3.35546875,0.0003221743810548,historical,raw/1b-dagformer_historical_metrics.csv,2.973818824404762
8240,4.320657408,3.361328125,0.0003220667384284,historical,raw/1b-dagformer_historical_metrics.csv,2.9736793154761907
8250,4.325900288,2.01171875,0.0003219590958019,historical,raw/1b-dagformer_historical_metrics.csv,2.906436011904762
8260,4.331143168,3.37890625,0.0003218514531754,historical,raw/1b-dagformer_historical_metrics.csv,2.96630859375
8270,4.336386048,3.271484375,0.0003217438105489,historical,raw/1b-dagformer_historical_metrics.csv,2.9667736235119047
8280,4.341628928,3.4951171875,0.0003216361679224,historical,raw/1b-dagformer_historical_metrics.csv,3.0315987723214284
8290,4.346871808,3.392578125,0.000321528525296,historical,raw/1b-dagformer_historical_metrics.csv,3.095400855654762
8300,4.352114688,2.8916015625,0.0003214208826695,historical,raw/1b-dagformer_historical_metrics.csv,3.105771019345238
8310,4.357357568,3.443359375,0.000321313240043,historical,raw/1b-dagformer_historical_metrics.csv,3.1273018973214284
8320,4.362600448,2.11572265625,0.0003212055974165,historical,raw/1b-dagformer_historical_metrics.csv,3.0713355654761907
8330,4.367843328,3.3818359375,0.00032109795479,historical,raw/1b-dagformer_historical_metrics.csv,3.071382068452381
8340,4.373086208,3.470703125,0.0003209903121636,historical,raw/1b-dagformer_historical_metrics.csv,3.136044456845238
8350,4.378329088,3.306640625,0.0003208826695371,historical,raw/1b-dagformer_historical_metrics.csv,3.137904575892857
8360,4.383571968,3.3955078125,0.0003207750269106,historical,raw/1b-dagformer_historical_metrics.csv,3.1436244419642856
8370,4.388814848,2.0029296875,0.0003206673842841,historical,raw/1b-dagformer_historical_metrics.csv,3.0809849330357144
8380,4.394057728,3.435546875,0.0003205597416576,historical,raw/1b-dagformer_historical_metrics.csv,3.1532970610119047
8390,4.399300608,3.2119140625,0.0003204520990312,historical,raw/1b-dagformer_historical_metrics.csv,3.15478515625
8400,4.404543488,3.400390625,0.0003203444564047,historical,raw/1b-dagformer_historical_metrics.csv,3.15966796875
8410,4.409786368,3.2646484375,0.0003202368137782,historical,raw/1b-dagformer_historical_metrics.csv,3.1504138764880953
8420,4.415029248,2.765625,0.0003201291711517,historical,raw/1b-dagformer_historical_metrics.csv,3.1241861979166665
8430,4.420272128,2.7314453125,0.0003200215285252,historical,raw/1b-dagformer_historical_metrics.csv,3.0992606026785716
8440,4.425515008,3.275390625,0.0003199138858988,historical,raw/1b-dagformer_historical_metrics.csv,3.0954473586309526
8450,4.430757888,1.79345703125,0.0003198062432723,historical,raw/1b-dagformer_historical_metrics.csv,3.020786830357143
8460,4.436000768,2.767578125,0.0003196986006458,historical,raw/1b-dagformer_historical_metrics.csv,3.0567801339285716
8470,4.441243648,2.9404296875,0.0003195909580193,historical,raw/1b-dagformer_historical_metrics.csv,3.0359002976190474
8480,4.446486528,3.2763671875,0.0003194833153928,historical,raw/1b-dagformer_historical_metrics.csv,3.0361328125
8490,4.451729408,3.4306640625,0.0003193756727664,historical,raw/1b-dagformer_historical_metrics.csv,3.0330636160714284
8500,4.456972288,2.828125,0.0003192680301399,historical,raw/1b-dagformer_historical_metrics.csv,3.0061848958333335
8510,4.462215168,3.341796875,0.0003191603875134,historical,raw/1b-dagformer_historical_metrics.csv,3.027622767857143
8520,4.467458048,3.4541015625,0.0003190527448869,historical,raw/1b-dagformer_historical_metrics.csv,3.028134300595238
8530,4.472700928,3.1650390625,0.0003189451022604,historical,raw/1b-dagformer_historical_metrics.csv,3.0781017485119047
8540,4.477943808,2.150390625,0.000318837459634,historical,raw/1b-dagformer_historical_metrics.csv,3.0194614955357144
8550,4.483186688,3.474609375,0.0003187298170075,historical,raw/1b-dagformer_historical_metrics.csv,3.0196475074404763
8560,4.488429568,2.685546875,0.000318622174381,historical,raw/1b-dagformer_historical_metrics.csv,2.9900716145833335
8570,4.493672448,3.3984375,0.0003185145317545,historical,raw/1b-dagformer_historical_metrics.csv,2.9902111235119047
8580,4.498915328,3.4169921875,0.000318406889128,historical,raw/1b-dagformer_historical_metrics.csv,3.0575474330357144
8590,4.504158208,3.21875,0.0003182992465016,historical,raw/1b-dagformer_historical_metrics.csv,3.0472237723214284
8600,4.509401088,3.337890625,0.0003181916038751,historical,raw/1b-dagformer_historical_metrics.csv,3.05322265625
8610,4.514643968,1.998046875,0.0003180839612486,historical,raw/1b-dagformer_historical_metrics.csv,2.9864443824404763
8620,4.519886848,2.08203125,0.0003179763186221,historical,raw/1b-dagformer_historical_metrics.csv,2.9301292782738093
8630,4.525129728,3.3173828125,0.0003178686759956,historical,raw/1b-dagformer_historical_metrics.csv,2.9564034598214284
8640,4.530372608,2.634765625,0.0003177610333692,historical,raw/1b-dagformer_historical_metrics.csv,2.9517996651785716
8650,4.535615488,3.341796875,0.0003176533907427,historical,raw/1b-dagformer_historical_metrics.csv,2.9549618675595237
8660,4.540858368,3.369140625,0.0003175457481162,historical,raw/1b-dagformer_historical_metrics.csv,3.029994419642857
8670,4.546101248,3.232421875,0.0003174381054897,historical,raw/1b-dagformer_historical_metrics.csv,3.0521298363095237
8680,4.551344128,3.333984375,0.0003173304628632,historical,raw/1b-dagformer_historical_metrics.csv,3.0708705357142856
8690,4.556587008,3.2587890625,0.0003172228202368,historical,raw/1b-dagformer_historical_metrics.csv,3.070033482142857
8700,4.561829888,2.8837890625,0.0003171151776103,historical,raw/1b-dagformer_historical_metrics.csv,3.0439918154761907
8710,4.567072768,2.27685546875,0.0003170075349838,historical,raw/1b-dagformer_historical_metrics.csv,3.0177408854166665
8720,4.572315648,2.1171875,0.0003168998923573,historical,raw/1b-dagformer_historical_metrics.csv,2.9594261532738093
8730,4.577558528,3.4345703125,0.0003167922497308,historical,raw/1b-dagformer_historical_metrics.csv,2.95849609375
8740,4.582801408,3.4072265625,0.0003166846071044,historical,raw/1b-dagformer_historical_metrics.csv,2.970028831845238
8750,4.588044288,3.4873046875,0.0003165769644779,historical,raw/1b-dagformer_historical_metrics.csv,3.03369140625
8760,4.593287168,3.37109375,0.0003164693218514,historical,raw/1b-dagformer_historical_metrics.csv,3.0287620907738093
8770,4.598530048,3.5048828125,0.0003163616792249,historical,raw/1b-dagformer_historical_metrics.csv,3.067778087797619
8780,4.603772928,3.2607421875,0.0003162540365984,historical,raw/1b-dagformer_historical_metrics.csv,3.061221168154762
8790,4.609015808,3.3427734375,0.000316146393972,historical,raw/1b-dagformer_historical_metrics.csv,3.0576869419642856
8800,4.614258688,2.150390625,0.0003160387513455,historical,raw/1b-dagformer_historical_metrics.csv,3.0068126860119047
8810,4.619501568,2.841796875,0.000315931108719,historical,raw/1b-dagformer_historical_metrics.csv,2.983189174107143
8820,4.624744448,3.271484375,0.0003158234660925,historical,raw/1b-dagformer_historical_metrics.csv,3.0438290550595237
8830,4.629987328,3.4013671875,0.000315715823466,historical,raw/1b-dagformer_historical_metrics.csv,3.106654575892857
8840,4.635230208,3.28125,0.0003156081808396,historical,raw/1b-dagformer_historical_metrics.csv,3.1049339657738093
8850,4.640473088,3.3134765625,0.0003155005382131,historical,raw/1b-dagformer_historical_metrics.csv,3.1372535342261907
8860,4.645715968,2.984375,0.0003153928955866,historical,raw/1b-dagformer_historical_metrics.csv,3.1202334449404763
8870,4.650958848,3.384765625,0.0003152852529601,historical,raw/1b-dagformer_historical_metrics.csv,3.1209774925595237
8880,4.656201728,2.08447265625,0.0003151776103336,historical,raw/1b-dagformer_historical_metrics.csv,3.066313244047619
8890,4.661444608,2.7822265625,0.0003150699677072,historical,raw/1b-dagformer_historical_metrics.csv,3.0400390625
8900,4.666687488,2.8984375,0.0003149623250807,historical,raw/1b-dagformer_historical_metrics.csv,3.0228794642857144
8910,4.671930368,3.392578125,0.0003148546824542,historical,raw/1b-dagformer_historical_metrics.csv,3.0471075148809526
8920,4.677173248,3.3095703125,0.0003147470398277,historical,raw/1b-dagformer_historical_metrics.csv,3.096284412202381
8930,4.682416128,3.3193359375,0.0003146393972012,historical,raw/1b-dagformer_historical_metrics.csv,3.153529575892857
8940,4.687659008,3.3681640625,0.0003145317545748,historical,raw/1b-dagformer_historical_metrics.csv,3.1503673735119047
8950,4.692901888,2.7177734375,0.0003144241119483,historical,raw/1b-dagformer_historical_metrics.csv,3.1175362723214284
8960,4.698144768,2.03125,0.0003143164693218,historical,raw/1b-dagformer_historical_metrics.csv,3.0482003348214284
8970,4.703387648,2.810546875,0.0003142088266953,historical,raw/1b-dagformer_historical_metrics.csv,3.0215076264880953
8980,4.708630528,3.267578125,0.0003141011840688,historical,raw/1b-dagformer_historical_metrics.csv,3.0102074032738093
8990,4.713873408,3.34765625,0.0003139935414424,historical,raw/1b-dagformer_historical_metrics.csv,3.014346168154762
9000,4.719116288,3.3486328125,0.0003138858988159,historical,raw/1b-dagformer_historical_metrics.csv,3.0146251860119047
9010,4.724359168,2.888671875,0.0003137782561894,historical,raw/1b-dagformer_historical_metrics.csv,3.0497814360119047
9020,4.729602048,2.9580078125,0.0003136706135629,historical,raw/1b-dagformer_historical_metrics.csv,3.0553152901785716
9030,4.734844928,3.33984375,0.0003135629709364,historical,raw/1b-dagformer_historical_metrics.csv,3.0585704985119047
9040,4.740087808,3.1435546875,0.00031345532831,historical,raw/1b-dagformer_historical_metrics.csv,3.046293712797619
9050,4.745330688,2.751953125,0.0003133476856835,historical,raw/1b-dagformer_historical_metrics.csv,3.021089099702381
9060,4.750573568,2.37109375,0.000313240043057,historical,raw/1b-dagformer_historical_metrics.csv,2.9762137276785716
9070,4.755816448,3.3330078125,0.0003131324004305,historical,raw/1b-dagformer_historical_metrics.csv,2.9928152901785716
9080,4.761059328,3.3740234375,0.000313024757804,historical,raw/1b-dagformer_historical_metrics.csv,2.9923037574404763
9090,4.766302208,2.7255859375,0.0003129171151776,historical,raw/1b-dagformer_historical_metrics.csv,3.0228329613095237
9100,4.771545088,3.4970703125,0.0003128094725511,historical,raw/1b-dagformer_historical_metrics.csv,3.0568731398809526
9110,4.776787968,3.291015625,0.0003127018299246,historical,raw/1b-dagformer_historical_metrics.csv,3.0755673363095237
9120,4.782030848,2.9111328125,0.0003125941872981,historical,raw/1b-dagformer_historical_metrics.csv,3.052641369047619
9130,4.787273728,3.3994140625,0.0003124865446716,historical,raw/1b-dagformer_historical_metrics.csv,3.056919642857143
9140,4.792516608,3.341796875,0.0003123789020452,historical,raw/1b-dagformer_historical_metrics.csv,3.0579892113095237
9150,4.797759488,1.900390625,0.0003122712594187,historical,raw/1b-dagformer_historical_metrics.csv,2.988095238095238
9160,4.803002368,2.30419921875,0.0003121636167922,historical,raw/1b-dagformer_historical_metrics.csv,2.9684012276785716
9170,4.808245248,3.33984375,0.0003120559741657,historical,raw/1b-dagformer_historical_metrics.csv,3.0307152157738093
9180,4.813488128,2.07568359375,0.0003119483315392,historical,raw/1b-dagformer_historical_metrics.csv,2.9957217261904763
9190,4.818731008,3.2587890625,0.0003118406889128,historical,raw/1b-dagformer_historical_metrics.csv,2.995303199404762
9200,4.823973888,2.9228515625,0.0003117330462863,historical,raw/1b-dagformer_historical_metrics.csv,2.9750744047619047
9210,4.829216768,2.7255859375,0.0003116254036598,historical,raw/1b-dagformer_historical_metrics.csv,2.945405505952381
9220,4.834459648,3.3837890625,0.0003115177610333,historical,raw/1b-dagformer_historical_metrics.csv,2.9689825148809526
9230,4.839702528,3.416015625,0.0003114101184068,historical,raw/1b-dagformer_historical_metrics.csv,2.9907924107142856
9240,4.844945408,3.337890625,0.0003113024757804,historical,raw/1b-dagformer_historical_metrics.csv,2.9906994047619047
9250,4.850188288,3.302734375,0.0003111948331539,historical,raw/1b-dagformer_historical_metrics.csv,2.9982793898809526
9260,4.855431168,3.0048828125,0.0003110871905274,historical,raw/1b-dagformer_historical_metrics.csv,3.0103236607142856
9270,4.860674048,3.283203125,0.0003109795479009,historical,raw/1b-dagformer_historical_metrics.csv,3.0537574404761907
9280,4.865916928,3.2548828125,0.0003108719052744,historical,raw/1b-dagformer_historical_metrics.csv,3.0500372023809526
9290,4.871159808,1.9169921875,0.000310764262648,historical,raw/1b-dagformer_historical_metrics.csv,2.980654761904762
9300,4.876402688,3.404296875,0.0003106566200215,historical,raw/1b-dagformer_historical_metrics.csv,3.012974330357143
9310,4.881645568,1.78759765625,0.000310548977395,historical,raw/1b-dagformer_historical_metrics.csv,2.9315708705357144
9320,4.886888448,2.826171875,0.0003104413347685,historical,raw/1b-dagformer_historical_metrics.csv,2.9094354538690474
9330,4.892131328,1.010009765625,0.000310333692142,historical,raw/1b-dagformer_historical_metrics.csv,2.818905784970238
9340,4.897374208,2.939453125,0.0003102260495156,historical,raw/1b-dagformer_historical_metrics.csv,2.7970028831845237
9350,4.902617088,1.62109375,0.0003101184068891,historical,raw/1b-dagformer_historical_metrics.csv,2.7150646391369047
9360,4.907859968,3.2939453125,0.0003100107642626,historical,raw/1b-dagformer_historical_metrics.csv,2.7814243861607144
9370,4.913102848,3.3466796875,0.0003099031216361,historical,raw/1b-dagformer_historical_metrics.csv,2.8310663132440474
9380,4.918345728,2.8671875,0.0003097954790096,historical,raw/1b-dagformer_historical_metrics.csv,2.808558872767857
9390,4.923588608,3.3603515625,0.0003096878363832,historical,raw/1b-dagformer_historical_metrics.csv,2.8697335379464284
9400,4.928831488,3.30078125,0.0003095801937567,historical,raw/1b-dagformer_historical_metrics.csv,2.871733165922619
9410,4.934074368,2.80078125,0.0003094725511302,historical,raw/1b-dagformer_historical_metrics.csv,2.8659202938988093
9420,4.939317248,3.2998046875,0.0003093649085037,historical,raw/1b-dagformer_historical_metrics.csv,2.8932640438988093
9430,4.944560128,2.6396484375,0.0003092572658772,historical,raw/1b-dagformer_historical_metrics.csv,2.8578287760416665
9440,4.949803008,3.34375,0.0003091496232508,historical,raw/1b-dagformer_historical_metrics.csv,2.8543875558035716
9450,4.955045888,3.3466796875,0.0003090419806243,historical,raw/1b-dagformer_historical_metrics.csv,2.8548060825892856
9460,4.960288768,2.66357421875,0.0003089343379978,historical,raw/1b-dagformer_historical_metrics.csv,2.824369884672619
9470,4.965531648,3.2353515625,0.0003088266953713,historical,raw/1b-dagformer_historical_metrics.csv,2.8353445870535716
9480,4.970774528,2.8505859375,0.0003087190527448,historical,raw/1b-dagformer_historical_metrics.csv,2.8147437686011907
9490,4.976017408,3.3720703125,0.0003086114101184,historical,raw/1b-dagformer_historical_metrics.csv,2.8203241257440474
9500,4.981260288,2.5234375,0.0003085037674919,historical,raw/1b-dagformer_historical_metrics.csv,2.8492024739583335
9510,4.986503168,3.4072265625,0.0003083961248654,historical,raw/1b-dagformer_historical_metrics.csv,2.8493419828869047
9520,4.991746048,3.3369140625,0.0003082884822389,historical,raw/1b-dagformer_historical_metrics.csv,2.9231189546130953
9530,4.996988928,2.72265625,0.0003081808396124,historical,raw/1b-dagformer_historical_metrics.csv,2.9181896391369047
9540,5.002231808,3.3310546875,0.000308073196986,historical,raw/1b-dagformer_historical_metrics.csv,3.028715587797619
9550,5.007474688,3.0615234375,0.0003079655543595,historical,raw/1b-dagformer_historical_metrics.csv,3.0345284598214284
9560,5.012717568,3.357421875,0.000307857911733,historical,raw/1b-dagformer_historical_metrics.csv,3.1172107514880953
9570,5.017960448,2.7275390625,0.0003077502691065,historical,raw/1b-dagformer_historical_metrics.csv,3.090239025297619
9580,5.023203328,3.345703125,0.00030764262648,historical,raw/1b-dagformer_historical_metrics.csv,3.0901925223214284
9590,5.028446208,2.26611328125,0.0003075349838536,historical,raw/1b-dagformer_historical_metrics.csv,3.0615699404761907
9600,5.033689088,2.0771484375,0.0003074273412271,historical,raw/1b-dagformer_historical_metrics.csv,3.0004650297619047
9610,5.038931968,3.3193359375,0.0003073196986006,historical,raw/1b-dagformer_historical_metrics.csv,3.0013485863095237
9620,5.044174848,3.310546875,0.0003072120559741,historical,raw/1b-dagformer_historical_metrics.csv,3.0256231398809526
9630,5.049417728,3.4375,0.0003071044133476,historical,raw/1b-dagformer_historical_metrics.csv,3.0321800595238093
9640,5.054660608,2.609375,0.0003069967707212,historical,raw/1b-dagformer_historical_metrics.csv,3.0307384672619047
9650,5.059903488,2.44873046875,0.0003068891280947,historical,raw/1b-dagformer_historical_metrics.csv,2.9881184895833335
9660,5.065146368,3.431640625,0.0003067814854682,historical,raw/1b-dagformer_historical_metrics.csv,2.9921642485119047
9670,5.070389248,3.2587890625,0.0003066738428417,historical,raw/1b-dagformer_historical_metrics.csv,3.0205078125
9680,5.075632128,3.3271484375,0.0003065662002152,historical,raw/1b-dagformer_historical_metrics.csv,3.0248790922619047
9690,5.080875008,2.822265625,0.0003064585575888,historical,raw/1b-dagformer_historical_metrics.csv,3.023530505952381
9700,5.086117888,2.1767578125,0.0003063509149623,historical,raw/1b-dagformer_historical_metrics.csv,2.966610863095238
9710,5.091360768,1.72509765625,0.0003062432723358,historical,raw/1b-dagformer_historical_metrics.csv,2.9285946800595237
9720,5.096603648,1.9248046875,0.0003061356297093,historical,raw/1b-dagformer_historical_metrics.csv,2.858003162202381
9730,5.101846528,2.0009765625,0.0003060279870828,historical,raw/1b-dagformer_historical_metrics.csv,2.7943870907738093
9740,5.107089408,3.3798828125,0.0003059203444564,historical,raw/1b-dagformer_historical_metrics.csv,2.82568359375
9750,5.112332288,3.2900390625,0.0003058127018299,historical,raw/1b-dagformer_historical_metrics.csv,2.82373046875
9760,5.117575168,3.2724609375,0.0003057050592034,historical,raw/1b-dagformer_historical_metrics.csv,2.833775111607143
9770,5.122818048,1.93359375,0.0003055974165769,historical,raw/1b-dagformer_historical_metrics.csv,2.7659737723214284
9780,5.128060928,2.04345703125,0.0003054897739504,historical,raw/1b-dagformer_historical_metrics.csv,2.7333984375
9790,5.133303808,1.99658203125,0.000305382131324,historical,raw/1b-dagformer_historical_metrics.csv,2.669154575892857
9800,5.138546688,2.7568359375,0.0003052744886975,historical,raw/1b-dagformer_historical_metrics.csv,2.6925223214285716
9810,5.143789568,3.421875,0.000305166846071,historical,raw/1b-dagformer_historical_metrics.csv,2.756556919642857
9820,5.149032448,3.388671875,0.0003050592034445,historical,raw/1b-dagformer_historical_metrics.csv,2.759858630952381
9830,5.154275328,1.748046875,0.000304951560818,historical,raw/1b-dagformer_historical_metrics.csv,2.685453869047619
9840,5.159518208,3.42578125,0.0003048439181916,historical,raw/1b-dagformer_historical_metrics.csv,2.6848958333333335
9850,5.164761088,3.4326171875,0.0003047362755651,historical,raw/1b-dagformer_historical_metrics.csv,2.7240978422619047
9860,5.170003968,2.69287109375,0.0003046286329386,historical,raw/1b-dagformer_historical_metrics.csv,2.7357235863095237
9870,5.175246848,3.392578125,0.0003045209903121,historical,raw/1b-dagformer_historical_metrics.csv,2.7338634672619047
9880,5.180489728,2.8681640625,0.0003044133476856,historical,raw/1b-dagformer_historical_metrics.csv,2.7152622767857144
9890,5.185732608,2.640625,0.0003043057050592,historical,raw/1b-dagformer_historical_metrics.csv,2.6825706845238093
9900,5.190975488,3.2744140625,0.0003041980624327,historical,raw/1b-dagformer_historical_metrics.csv,2.7041015625
9910,5.196218368,2.6298828125,0.0003040904198062,historical,raw/1b-dagformer_historical_metrics.csv,2.725678943452381
9920,5.201461248,2.0380859375,0.0003039827771797,historical,raw/1b-dagformer_historical_metrics.csv,2.7405831473214284
9930,5.206704128,3.2490234375,0.0003038751345532,historical,raw/1b-dagformer_historical_metrics.csv,2.8036411830357144
9940,5.211947008,2.7705078125,0.0003037674919268,historical,raw/1b-dagformer_historical_metrics.csv,2.8402855282738093
9950,5.217189888,3.359375,0.0003036598493003,historical,raw/1b-dagformer_historical_metrics.csv,2.8393089657738093
9960,5.222432768,3.2353515625,0.0003035522066738,historical,raw/1b-dagformer_historical_metrics.csv,2.836704799107143
9970,5.227675648,3.2666015625,0.0003034445640473,historical,raw/1b-dagformer_historical_metrics.csv,2.83642578125
9980,5.232918528,3.224609375,0.0003033369214208,historical,raw/1b-dagformer_historical_metrics.csv,2.8979027157738093
9990,5.238161408,3.263671875,0.0003032292787944,historical,raw/1b-dagformer_historical_metrics.csv,2.9560081845238093
10000,5.243404288,3.330078125,0.0003031216361679,historical,raw/1b-dagformer_historical_metrics.csv,3.0195079985119047
10010,5.248647168,2.8916015625,0.0003030139935414,historical,raw/1b-dagformer_historical_metrics.csv,3.0259254092261907
10020,5.253890048,2.8291015625,0.0003029063509149,historical,raw/1b-dagformer_historical_metrics.csv,2.9976981026785716
10030,5.259132928,3.208984375,0.0003027987082884,historical,raw/1b-dagformer_historical_metrics.csv,2.9891415550595237
10040,5.264375808,3.232421875,0.000302691065662,historical,raw/1b-dagformer_historical_metrics.csv,3.0598260788690474
10050,5.269618688,3.5390625,0.0003025834230355,historical,raw/1b-dagformer_historical_metrics.csv,3.065220424107143
10060,5.274861568,3.3896484375,0.000302475780409,historical,raw/1b-dagformer_historical_metrics.csv,3.063174293154762
10070,5.280104448,3.2138671875,0.0003023681377825,historical,raw/1b-dagformer_historical_metrics.csv,3.087983630952381
10080,5.285347328,3.236328125,0.000302260495156,historical,raw/1b-dagformer_historical_metrics.csv,3.0805431547619047
10090,5.290590208,3.33203125,0.0003021528525296,historical,raw/1b-dagformer_historical_metrics.csv,3.102632068452381
10100,5.295833088,2.9189453125,0.0003020452099031,historical,raw/1b-dagformer_historical_metrics.csv,3.1158854166666665
10110,5.301075968,3.365234375,0.0003019375672766,historical,raw/1b-dagformer_historical_metrics.csv,3.120210193452381
10120,5.306318848,2.947265625,0.0003018299246501,historical,raw/1b-dagformer_historical_metrics.csv,3.1353236607142856
10130,5.311561728,1.99267578125,0.0003017222820236,historical,raw/1b-dagformer_historical_metrics.csv,3.1331612723214284
10140,5.316804608,2.5703125,0.0003016146393972,historical,raw/1b-dagformer_historical_metrics.csv,3.1008417038690474
10150,5.322047488,3.357421875,0.0003015069967707,historical,raw/1b-dagformer_historical_metrics.csv,3.1287899925595237
10160,5.327290368,3.357421875,0.0003013993541442,historical,raw/1b-dagformer_historical_metrics.csv,3.128696986607143
10170,5.332533248,2.716796875,0.0003012917115177,historical,raw/1b-dagformer_historical_metrics.csv,3.10400390625
10180,5.337776128,3.361328125,0.0003011840688912,historical,raw/1b-dagformer_historical_metrics.csv,3.1085146949404763
10190,5.343019008,3.26953125,0.0003010764262648,historical,raw/1b-dagformer_historical_metrics.csv,3.110653831845238
10200,5.348261888,3.2763671875,0.0003009687836383,historical,raw/1b-dagformer_historical_metrics.csv,3.1112583705357144
10210,5.353504768,1.91943359375,0.0003008611410118,historical,raw/1b-dagformer_historical_metrics.csv,3.0440848214285716
10220,5.358747648,3.27734375,0.0003007534983853,historical,raw/1b-dagformer_historical_metrics.csv,3.0624534970238093
10230,5.363990528,3.3955078125,0.0003006458557588,historical,raw/1b-dagformer_historical_metrics.csv,3.0894252232142856
10240,5.369233408,2.6650390625,0.0003005382131324,historical,raw/1b-dagformer_historical_metrics.csv,3.0635230654761907
10250,5.374476288,3.3896484375,0.0003004305705059,historical,raw/1b-dagformer_historical_metrics.csv,3.071010044642857
10260,5.379719168,2.55322265625,0.0003003229278794,historical,raw/1b-dagformer_historical_metrics.csv,3.0240652901785716
10270,5.384962048,3.3896484375,0.0003002152852529,historical,raw/1b-dagformer_historical_metrics.csv,3.0240652901785716
10280,5.390204928,3.3193359375,0.0003001076426264,historical,raw/1b-dagformer_historical_metrics.csv,3.029087611607143
10290,5.395447808,2.7626953125,0.0003,historical,raw/1b-dagformer_historical_metrics.csv,3.006533668154762
10300,5.400690688,3.2294921875,0.0002998923573735,historical,raw/1b-dagformer_historical_metrics.csv,3.001650855654762
10310,5.405933568,3.3310546875,0.000299784714747,historical,raw/1b-dagformer_historical_metrics.csv,3.021275111607143
10320,5.411176448,1.58154296875,0.0002996770721205,historical,raw/1b-dagformer_historical_metrics.csv,2.936337425595238
10330,5.416419328,2.20751953125,0.000299569429494,historical,raw/1b-dagformer_historical_metrics.csv,2.9011114211309526
10340,5.421662208,3.25,0.0002994617868675,historical,raw/1b-dagformer_historical_metrics.csv,2.9609840029761907
10350,5.426905088,3.3212890625,0.0002993541442411,historical,raw/1b-dagformer_historical_metrics.csv,2.9967447916666665
10360,5.432147968,3.2666015625,0.0002992465016146,historical,raw/1b-dagformer_historical_metrics.csv,2.9924200148809526
10370,5.437390848,1.96923828125,0.0002991388589881,historical,raw/1b-dagformer_historical_metrics.csv,2.9263160342261907
10380,5.442633728,3.24609375,0.0002990312163616,historical,raw/1b-dagformer_historical_metrics.csv,2.9515206473214284
10390,5.447876608,3.2509765625,0.0002989235737351,historical,raw/1b-dagformer_historical_metrics.csv,2.9462658110119047
10400,5.453119488,3.3125,0.0002988159311087,historical,raw/1b-dagformer_historical_metrics.csv,2.9483119419642856
10410,5.458362368,3.298828125,0.0002987082884822,historical,raw/1b-dagformer_historical_metrics.csv,2.9493815104166665
10420,5.463605248,3.70947265625,0.0002986006458557,historical,raw/1b-dagformer_historical_metrics.csv,3.0346214657738093
10430,5.468848128,2.755859375,0.0002984930032292,historical,raw/1b-dagformer_historical_metrics.csv,3.0097888764880953
10440,5.474091008,3.322265625,0.0002983853606027,historical,raw/1b-dagformer_historical_metrics.csv,3.0063011532738093
10450,5.479333888,3.2041015625,0.0002982777179763,historical,raw/1b-dagformer_historical_metrics.csv,3.0319707961309526
10460,5.484576768,3.3115234375,0.0002981700753498,historical,raw/1b-dagformer_historical_metrics.csv,3.0282505580357144
10470,5.489819648,1.79833984375,0.0002980624327233,historical,raw/1b-dagformer_historical_metrics.csv,2.9923037574404763
10480,5.495062528,1.966796875,0.0002979547900968,historical,raw/1b-dagformer_historical_metrics.csv,2.9245489211309526
10490,5.500305408,1.888671875,0.0002978471474703,historical,raw/1b-dagformer_historical_metrics.csv,2.8564220610119047
10500,5.505548288,2.5615234375,0.0002977395048439,historical,raw/1b-dagformer_historical_metrics.csv,2.8468424479166665
10510,5.510791168,3.2802734375,0.0002976318622174,historical,raw/1b-dagformer_historical_metrics.csv,2.8492606026785716
10520,5.516034048,3.3955078125,0.0002975242195909,historical,raw/1b-dagformer_historical_metrics.csv,2.852329799107143
10530,5.521276928,3.3388671875,0.0002974165769644,historical,raw/1b-dagformer_historical_metrics.csv,2.9360119047619047
10540,5.526519808,3.2783203125,0.0002973089343379,historical,raw/1b-dagformer_historical_metrics.csv,2.987002418154762
10550,5.531762688,3.2705078125,0.0002972012917115,historical,raw/1b-dagformer_historical_metrics.csv,2.987978980654762
10560,5.537005568,3.1962890625,0.000297093649085,historical,raw/1b-dagformer_historical_metrics.csv,2.982026599702381
10570,5.542248448,2.8095703125,0.0002969860064585,historical,raw/1b-dagformer_historical_metrics.csv,2.960263206845238
10580,5.547491328,3.18359375,0.000296878363832,historical,raw/1b-dagformer_historical_metrics.csv,3.0180896577380953
10590,5.552734208,3.28125,0.0002967707212055,historical,raw/1b-dagformer_historical_metrics.csv,3.0197637648809526
10600,5.557977088,1.65478515625,0.0002966630785791,historical,raw/1b-dagformer_historical_metrics.csv,2.943754650297619
10610,5.563219968,1.85595703125,0.0002965554359526,historical,raw/1b-dagformer_historical_metrics.csv,2.8743954613095237
10620,5.568462848,3.193359375,0.0002964477933261,historical,raw/1b-dagformer_historical_metrics.csv,2.8693731398809526
10630,5.573705728,3.2666015625,0.0002963401506996,historical,raw/1b-dagformer_historical_metrics.csv,2.8482840401785716
10640,5.578948608,2.7294921875,0.0002962325080731,historical,raw/1b-dagformer_historical_metrics.csv,2.8470284598214284
10650,5.584191488,3.2783203125,0.0002961248654467,historical,raw/1b-dagformer_historical_metrics.csv,2.844935825892857
10660,5.589434368,3.2138671875,0.0002960172228202,historical,raw/1b-dagformer_historical_metrics.csv,2.845400855654762
10670,5.594677248,2.08642578125,0.0002959095801937,historical,raw/1b-dagformer_historical_metrics.csv,2.7870628720238093
10680,5.599920128,3.2216796875,0.0002958019375672,historical,raw/1b-dagformer_historical_metrics.csv,2.8548409598214284
10690,5.605163008,1.9033203125,0.0002956942949407,historical,raw/1b-dagformer_historical_metrics.csv,2.8518182663690474
10700,5.610405888,3.380859375,0.0002955866523143,historical,raw/1b-dagformer_historical_metrics.csv,2.9228748139880953
10710,5.615648768,3.3857421875,0.0002954790096878,historical,raw/1b-dagformer_historical_metrics.csv,2.962123325892857
10720,5.620891648,3.3125,0.0002953713670613,historical,raw/1b-dagformer_historical_metrics.csv,2.963657924107143
10730,5.626134528,3.2890625,0.0002952637244348,historical,raw/1b-dagformer_historical_metrics.csv,2.958589099702381
10740,5.631377408,3.2578125,0.0002951560818083,historical,raw/1b-dagformer_historical_metrics.csv,2.9547293526785716
10750,5.636620288,3.16015625,0.0002950484391819,historical,raw/1b-dagformer_historical_metrics.csv,2.9491024925595237
10760,5.641863168,3.2451171875,0.0002949407965554,historical,raw/1b-dagformer_historical_metrics.csv,2.9478934151785716
10770,5.647106048,3.4580078125,0.0002948331539289,historical,raw/1b-dagformer_historical_metrics.csv,2.960356212797619
10780,5.652348928,2.033203125,0.0002947255113024,historical,raw/1b-dagformer_historical_metrics.csv,2.9233863467261907
10790,5.657591808,2.7568359375,0.0002946178686759,historical,raw/1b-dagformer_historical_metrics.csv,2.9030645461309526
10800,5.662834688,1.9111328125,0.0002945102260495,historical,raw/1b-dagformer_historical_metrics.csv,2.8378208705357144
10810,5.668077568,3.2001953125,0.000294402583423,historical,raw/1b-dagformer_historical_metrics.csv,2.911411830357143
10820,5.673320448,3.279296875,0.0002942949407965,historical,raw/1b-dagformer_historical_metrics.csv,2.979189918154762
10830,5.678563328,3.40625,0.00029418729817,historical,raw/1b-dagformer_historical_metrics.csv,2.9893275669642856
10840,5.683806208,3.3232421875,0.0002940796555435,historical,raw/1b-dagformer_historical_metrics.csv,2.9920247395833335
10850,5.689049088,3.228515625,0.0002939720129171,historical,raw/1b-dagformer_historical_metrics.csv,3.0157877604166665
10860,5.694291968,2.12451171875,0.0002938643702906,historical,raw/1b-dagformer_historical_metrics.csv,2.960844494047619
10870,5.699534848,2.77294921875,0.0002937567276641,historical,raw/1b-dagformer_historical_metrics.csv,2.939848400297619
10880,5.704777728,2.9228515625,0.0002936490850376,historical,raw/1b-dagformer_historical_metrics.csv,2.979678199404762
10890,5.710020608,3.275390625,0.0002935414424111,historical,raw/1b-dagformer_historical_metrics.csv,2.982235863095238
10900,5.715263488,3.2626953125,0.0002934337997847,historical,raw/1b-dagformer_historical_metrics.csv,3.046968005952381
10910,5.720506368,3.328125,0.0002933261571582,historical,raw/1b-dagformer_historical_metrics.csv,3.0444568452380953
10920,5.725749248,3.314453125,0.0002932185145317,historical,raw/1b-dagformer_historical_metrics.csv,3.0410621279761907
10930,5.730992128,2.6259765625,0.0002931108719052,historical,raw/1b-dagformer_historical_metrics.csv,3.0083705357142856
10940,5.736235008,3.259765625,0.0002930032292787,historical,raw/1b-dagformer_historical_metrics.csv,3.0069754464285716
10950,5.741477888,2.701171875,0.0002928955866523,historical,raw/1b-dagformer_historical_metrics.csv,2.98046875
10960,5.746720768,2.62109375,0.0002927879440258,historical,raw/1b-dagformer_historical_metrics.csv,2.954799107142857
10970,5.751963648,2.06689453125,0.0002926803013993,historical,raw/1b-dagformer_historical_metrics.csv,2.8986932663690474
10980,5.757206528,2.12841796875,0.0002925726587728,historical,raw/1b-dagformer_historical_metrics.csv,2.8353794642857144
10990,5.762449408,3.26953125,0.0002924650161463,historical,raw/1b-dagformer_historical_metrics.csv,2.894252232142857
11000,5.767692288,3.4052734375,0.0002923573735199,historical,raw/1b-dagformer_historical_metrics.csv,2.9251302083333335
11010,5.772935168,3.3662109375,0.0002922497308934,historical,raw/1b-dagformer_historical_metrics.csv,2.994419642857143
11020,5.778178048,3.2197265625,0.0002921420882669,historical,raw/1b-dagformer_historical_metrics.csv,2.9953497023809526
11030,5.783420928,1.96435546875,0.0002920344456404,historical,raw/1b-dagformer_historical_metrics.csv,2.9327334449404763
11040,5.788663808,3.2421875,0.0002919268030139,historical,raw/1b-dagformer_historical_metrics.csv,2.9249209449404763
11050,5.793906688,3.2509765625,0.0002918191603875,historical,raw/1b-dagformer_historical_metrics.csv,2.921479724702381
11060,5.799149568,3.166015625,0.000291711517761,historical,raw/1b-dagformer_historical_metrics.csv,2.9185035342261907
11070,5.804392448,1.93505859375,0.0002916038751345,historical,raw/1b-dagformer_historical_metrics.csv,2.909481956845238
11080,5.809635328,2.642578125,0.000291496232508,historical,raw/1b-dagformer_historical_metrics.csv,2.9032738095238093
11090,5.814878208,1.86962890625,0.0002913885898815,historical,raw/1b-dagformer_historical_metrics.csv,2.853120349702381
11100,5.820121088,1.41015625,0.0002912809472551,historical,raw/1b-dagformer_historical_metrics.csv,2.7642996651785716
11110,5.825363968,3.1884765625,0.0002911733046286,historical,raw/1b-dagformer_historical_metrics.csv,2.7607654389880953
11120,5.830606848,3.388671875,0.0002910656620021,historical,raw/1b-dagformer_historical_metrics.csv,2.7636486235119047
11130,5.835849728,3.2353515625,0.0002909580193756,historical,raw/1b-dagformer_historical_metrics.csv,2.7598818824404763
11140,5.841092608,3.3232421875,0.0002908503767491,historical,raw/1b-dagformer_historical_metrics.csv,2.7930850074404763
11150,5.846335488,1.82763671875,0.0002907427341227,historical,raw/1b-dagformer_historical_metrics.csv,2.724888392857143
11160,5.851578368,3.236328125,0.0002906350914962,historical,raw/1b-dagformer_historical_metrics.csv,2.7503720238095237
11170,5.856821248,3.2412109375,0.0002905274488697,historical,raw/1b-dagformer_historical_metrics.csv,2.7799014136904763
11180,5.862064128,2.44873046875,0.0002904198062432,historical,raw/1b-dagformer_historical_metrics.csv,2.7980840773809526
11190,5.867307008,3.3251953125,0.0002903121636167,historical,raw/1b-dagformer_historical_metrics.csv,2.855073474702381
11200,5.872549888,3.1513671875,0.0002902045209903,historical,raw/1b-dagformer_historical_metrics.csv,2.8494466145833335
11210,5.877792768,2.0859375,0.0002900968783638,historical,raw/1b-dagformer_historical_metrics.csv,2.78662109375
11220,5.883035648,1.9931640625,0.0002899892357373,historical,raw/1b-dagformer_historical_metrics.csv,2.7212379092261907
11230,5.888278528,3.26171875,0.0002898815931108,historical,raw/1b-dagformer_historical_metrics.csv,2.723237537202381
11240,5.893521408,3.291015625,0.0002897739504843,historical,raw/1b-dagformer_historical_metrics.csv,2.786411830357143
11250,5.898764288,2.6435546875,0.0002896663078579,historical,raw/1b-dagformer_historical_metrics.csv,2.757905505952381
11260,5.904007168,2.607421875,0.0002895586652314,historical,raw/1b-dagformer_historical_metrics.csv,2.727260044642857
11270,5.909250048,3.28515625,0.0002894510226049,historical,raw/1b-dagformer_historical_metrics.csv,2.7329334077380953
11280,5.914492928,3.2919921875,0.0002893433799784,historical,raw/1b-dagformer_historical_metrics.csv,2.797549293154762
11290,5.919735808,3.2587890625,0.0002892357373519,historical,raw/1b-dagformer_historical_metrics.csv,2.8268926711309526
11300,5.924978688,3.29296875,0.0002891280947255,historical,raw/1b-dagformer_historical_metrics.csv,2.8946707589285716
11310,5.930221568,3.2919921875,0.000289020452099,historical,raw/1b-dagformer_historical_metrics.csv,2.984281994047619
11320,5.935464448,2.20654296875,0.0002889128094725,historical,raw/1b-dagformer_historical_metrics.csv,2.9375232514880953
11330,5.940707328,3.2353515625,0.000288805166846,historical,raw/1b-dagformer_historical_metrics.csv,2.9302222842261907
11340,5.945950208,3.236328125,0.0002886975242195,historical,raw/1b-dagformer_historical_metrics.csv,2.930268787202381
11350,5.951193088,3.08984375,0.0002885898815931,historical,raw/1b-dagformer_historical_metrics.csv,2.919154575892857
11360,5.956435968,3.2099609375,0.0002884822389666,historical,raw/1b-dagformer_historical_metrics.csv,2.9849795386904763
11370,5.961678848,3.2421875,0.0002883745963401,historical,raw/1b-dagformer_historical_metrics.csv,2.985258556547619
11380,5.966921728,1.96533203125,0.0002882669537136,historical,raw/1b-dagformer_historical_metrics.csv,2.924502418154762
11390,5.972164608,2.39892578125,0.0002881593110871,historical,raw/1b-dagformer_historical_metrics.csv,2.9221307663690474
11400,5.977407488,3.2080078125,0.0002880516684607,historical,raw/1b-dagformer_historical_metrics.csv,2.9165504092261907
11410,5.982650368,3.1513671875,0.0002879440258342,historical,raw/1b-dagformer_historical_metrics.csv,2.9165504092261907
11420,5.987893248,1.8408203125,0.0002878363832077,historical,raw/1b-dagformer_historical_metrics.csv,2.904878162202381
11430,5.993136128,3.275390625,0.0002877287405812,historical,raw/1b-dagformer_historical_metrics.csv,2.9659365699404763
11440,5.998379008,3.296875,0.0002876210979547,historical,raw/1b-dagformer_historical_metrics.csv,2.9676106770833335
11450,6.003621888,3.212890625,0.0002875134553283,historical,raw/1b-dagformer_historical_metrics.csv,2.9638904389880953
11460,6.008864768,2.6875,0.0002874058127018,historical,raw/1b-dagformer_historical_metrics.csv,2.9659830729166665
11470,6.014107648,3.1875,0.0002872981700753,historical,raw/1b-dagformer_historical_metrics.csv,2.9936058407738093
11480,6.019350528,3.37890625,0.0002871905274488,historical,raw/1b-dagformer_historical_metrics.csv,2.9980701264880953
11490,6.024593408,1.79638671875,0.0002870828848223,historical,raw/1b-dagformer_historical_metrics.csv,2.926850818452381
11500,6.029836288,1.83056640625,0.0002869752421959,historical,raw/1b-dagformer_historical_metrics.csv,2.8588402157738093
11510,6.035079168,3.326171875,0.0002868675995694,historical,raw/1b-dagformer_historical_metrics.csv,2.8604213169642856
11520,6.040322048,3.162109375,0.0002867599569429,historical,raw/1b-dagformer_historical_metrics.csv,2.8542364211309526
11530,6.045564928,2.34521484375,0.0002866523143164,historical,raw/1b-dagformer_historical_metrics.csv,2.86083984375
11540,6.050807808,1.9501953125,0.0002865446716899,historical,raw/1b-dagformer_historical_metrics.csv,2.7996419270833335
11550,6.056050688,3.30859375,0.0002864370290635,historical,raw/1b-dagformer_historical_metrics.csv,2.8030831473214284
11560,6.061293568,3.2841796875,0.000286329386437,historical,raw/1b-dagformer_historical_metrics.csv,2.8123372395833335
11570,6.066536448,2.06494140625,0.0002862217438105,historical,raw/1b-dagformer_historical_metrics.csv,2.7578125
11580,6.071779328,3.404296875,0.000286114101184,historical,raw/1b-dagformer_historical_metrics.csv,2.765531994047619
11590,6.077022208,3.345703125,0.0002860064585575,historical,raw/1b-dagformer_historical_metrics.csv,2.831263950892857
11600,6.082265088,1.70654296875,0.0002858988159311,historical,raw/1b-dagformer_historical_metrics.csv,2.7982933407738093
11610,6.087507968,3.416015625,0.0002857911733046,historical,raw/1b-dagformer_historical_metrics.csv,2.808198474702381
11620,6.092750848,3.3056640625,0.0002856835306781,historical,raw/1b-dagformer_historical_metrics.csv,2.8155459449404763
11630,6.097993728,3.3193359375,0.0002855758880516,historical,raw/1b-dagformer_historical_metrics.csv,2.885951450892857
11640,6.103236608,3.1474609375,0.0002854682454251,historical,raw/1b-dagformer_historical_metrics.csv,2.8798595610119047
11650,6.108479488,2.1357421875,0.0002853606027987,historical,raw/1b-dagformer_historical_metrics.csv,2.8245675223214284
11660,6.113722368,2.21044921875,0.0002852529601722,historical,raw/1b-dagformer_historical_metrics.csv,2.7768322172619047
11670,6.118965248,1.85595703125,0.0002851453175457,historical,raw/1b-dagformer_historical_metrics.csv,2.7372349330357144
11680,6.124208128,3.267578125,0.0002850376749192,historical,raw/1b-dagformer_historical_metrics.csv,2.7410481770833335
11690,6.129451008,3.2705078125,0.0002849300322927,historical,raw/1b-dagformer_historical_metrics.csv,2.7358863467261907
11700,6.134693888,2.8798828125,0.0002848223896663,historical,raw/1b-dagformer_historical_metrics.csv,2.7874813988095237
11710,6.139936768,3.1875,0.0002847147470398,historical,raw/1b-dagformer_historical_metrics.csv,2.8520972842261907
11720,6.145179648,3.1728515625,0.0002846071044133,historical,raw/1b-dagformer_historical_metrics.csv,2.8447963169642856
11730,6.150422528,3.203125,0.0002844994617868,historical,raw/1b-dagformer_historical_metrics.csv,2.8467494419642856
11740,6.155665408,3.18359375,0.0002843918191603,historical,raw/1b-dagformer_historical_metrics.csv,2.8866722470238093
11750,6.160908288,3.0390625,0.0002842841765339,historical,raw/1b-dagformer_historical_metrics.csv,2.9385230654761907
11760,6.166151168,2.837890625,0.0002841765339074,historical,raw/1b-dagformer_historical_metrics.csv,2.916108630952381
11770,6.171394048,3.23046875,0.0002840688912809,historical,raw/1b-dagformer_historical_metrics.csv,2.9135509672619047
11780,6.176636928,3.279296875,0.0002839612486544,historical,raw/1b-dagformer_historical_metrics.csv,2.971377418154762
11790,6.181879808,1.65625,0.0002838536060279,historical,raw/1b-dagformer_historical_metrics.csv,2.8881370907738093
11800,6.187122688,2.8154296875,0.0002837459634015,historical,raw/1b-dagformer_historical_metrics.csv,2.862885974702381
11810,6.192365568,3.357421875,0.000283638320775,historical,raw/1b-dagformer_historical_metrics.csv,2.941499255952381
11820,6.197608448,3.3115234375,0.0002835306781485,historical,raw/1b-dagformer_historical_metrics.csv,2.9365234375
11830,6.202851328,1.5087890625,0.000283423035522,historical,raw/1b-dagformer_historical_metrics.csv,2.8509579613095237
11840,6.208094208,3.2646484375,0.0002833153928955,historical,raw/1b-dagformer_historical_metrics.csv,2.848353794642857
11850,6.213337088,3.1611328125,0.0002832077502691,historical,raw/1b-dagformer_historical_metrics.csv,2.8490048363095237
11860,6.218579968,2.1435546875,0.0002831001076426,historical,raw/1b-dagformer_historical_metrics.csv,2.8493768601190474
11870,6.223822848,3.271484375,0.0002829924650161,historical,raw/1b-dagformer_historical_metrics.csv,2.89990234375
11880,6.229065728,2.23193359375,0.0002828848223896,historical,raw/1b-dagformer_historical_metrics.csv,2.9178059895833335
11890,6.234308608,2.33837890625,0.0002827771797631,historical,raw/1b-dagformer_historical_metrics.csv,2.8735584077380953
11900,6.239551488,3.3779296875,0.0002826695371367,historical,raw/1b-dagformer_historical_metrics.csv,2.8786737351190474
11910,6.244794368,2.03955078125,0.0002825618945102,historical,raw/1b-dagformer_historical_metrics.csv,2.838657924107143
11920,6.250037248,0.5146484375,0.0002824542518837,historical,raw/1b-dagformer_historical_metrics.csv,2.7113792782738093
11930,6.255280128,3.5009765625,0.0002823466092572,historical,raw/1b-dagformer_historical_metrics.csv,2.7270042782738093
11940,6.260523008,3.2705078125,0.0002822389666307,historical,raw/1b-dagformer_historical_metrics.csv,2.7302129836309526
11950,6.265765888,3.2939453125,0.0002821313240043,historical,raw/1b-dagformer_historical_metrics.csv,2.7354678199404763
11960,6.271008768,3.2470703125,0.0002820236813778,historical,raw/1b-dagformer_historical_metrics.csv,2.7453729538690474
11970,6.276251648,3.2255859375,0.0002819160387513,historical,raw/1b-dagformer_historical_metrics.csv,2.7638346354166665
11980,6.281494528,3.3359375,0.0002818083961248,historical,raw/1b-dagformer_historical_metrics.csv,2.768856956845238
11990,6.286737408,3.2548828125,0.0002817007534983,historical,raw/1b-dagformer_historical_metrics.csv,2.7676943824404763
12000,6.291980288,3.306640625,0.0002815931108719,historical,raw/1b-dagformer_historical_metrics.csv,2.846284412202381
12010,6.297223168,1.7724609375,0.0002814854682454,historical,raw/1b-dagformer_historical_metrics.csv,2.7966192336309526
12020,6.302466048,3.3388671875,0.0002813778256189,historical,raw/1b-dagformer_historical_metrics.csv,2.7957356770833335
12030,6.307708928,3.302734375,0.0002812701829924,historical,raw/1b-dagformer_historical_metrics.csv,2.795317150297619
12040,6.312951808,3.205078125,0.0002811625403659,historical,raw/1b-dagformer_historical_metrics.csv,2.8760928199404763
12050,6.318194688,1.031494140625,0.0002810548977395,historical,raw/1b-dagformer_historical_metrics.csv,2.7697521391369047
12060,6.323437568,1.80078125,0.000280947255113,historical,raw/1b-dagformer_historical_metrics.csv,2.7049734933035716
12070,6.328680448,3.2138671875,0.0002808396124865,historical,raw/1b-dagformer_historical_metrics.csv,2.7559407552083335
12080,6.333923328,2.583984375,0.00028073196986,historical,raw/1b-dagformer_historical_metrics.csv,2.723202659970238
12090,6.339166208,3.181640625,0.0002806243272335,historical,raw/1b-dagformer_historical_metrics.csv,2.7684268043154763
12100,6.344409088,2.748046875,0.0002805166846071,historical,raw/1b-dagformer_historical_metrics.csv,2.787934802827381
12110,6.349651968,1.9189453125,0.0002804090419806,historical,raw/1b-dagformer_historical_metrics.csv,2.7184593563988093
12120,6.354894848,3.3896484375,0.0002803013993541,historical,raw/1b-dagformer_historical_metrics.csv,2.782749720982143
12130,6.360137728,3.2939453125,0.0002801937567276,historical,raw/1b-dagformer_historical_metrics.csv,2.915097191220238
12140,6.365380608,2.65283203125,0.0002800861141011,historical,raw/1b-dagformer_historical_metrics.csv,2.8747093563988093
12150,6.370623488,3.3671875,0.0002799784714747,historical,raw/1b-dagformer_historical_metrics.csv,2.8793131510416665
12160,6.375866368,3.1923828125,0.0002798708288482,historical,raw/1b-dagformer_historical_metrics.csv,2.874476841517857
12170,6.381109248,3.205078125,0.0002797631862217,historical,raw/1b-dagformer_historical_metrics.csv,2.8724772135416665
12180,6.386352128,1.82763671875,0.0002796555435952,historical,raw/1b-dagformer_historical_metrics.csv,2.805908203125
12190,6.391595008,2.763671875,0.0002795479009687,historical,raw/1b-dagformer_historical_metrics.csv,2.778657459077381
12200,6.396837888,3.01171875,0.0002794402583423,historical,raw/1b-dagformer_historical_metrics.csv,2.7670782180059526
12210,6.402080768,2.16748046875,0.0002793326157158,historical,raw/1b-dagformer_historical_metrics.csv,2.712832496279762
12220,6.407323648,3.2685546875,0.0002792249730893,historical,raw/1b-dagformer_historical_metrics.csv,2.7840750558035716
12230,6.412566528,3.234375,0.0002791173304628,historical,raw/1b-dagformer_historical_metrics.csv,2.7790992373511907
12240,6.417809408,1.955078125,0.0002790096878363,historical,raw/1b-dagformer_historical_metrics.csv,2.7149251302083335
12250,6.423052288,3.3037109375,0.0002789020452099,historical,raw/1b-dagformer_historical_metrics.csv,2.7196219308035716
12260,6.428295168,1.54296875,0.0002787944025834,historical,raw/1b-dagformer_historical_metrics.csv,2.7439778645833335
12270,6.433538048,1.67333984375,0.0002786867599569,historical,raw/1b-dagformer_historical_metrics.csv,2.7379092261904763
12280,6.438780928,3.3134765625,0.0002785791173304,historical,raw/1b-dagformer_historical_metrics.csv,2.7426525297619047
12290,6.444023808,3.263671875,0.0002784714747039,historical,raw/1b-dagformer_historical_metrics.csv,2.7750186011904763
12300,6.449266688,2.7265625,0.0002783638320775,historical,raw/1b-dagformer_historical_metrics.csv,2.7533482142857144
12310,6.454509568,3.3828125,0.000278256189451,historical,raw/1b-dagformer_historical_metrics.csv,2.7835751488095237
12320,6.459752448,3.236328125,0.0002781485468245,historical,raw/1b-dagformer_historical_metrics.csv,2.8463076636904763
12330,6.464995328,2.5927734375,0.000278040904198,historical,raw/1b-dagformer_historical_metrics.csv,2.8083612351190474
12340,6.470238208,1.85498046875,0.0002779332615715,historical,raw/1b-dagformer_historical_metrics.csv,2.739839099702381
12350,6.475481088,2.646484375,0.0002778256189451,historical,raw/1b-dagformer_historical_metrics.csv,2.739536830357143
12360,6.480723968,1.57861328125,0.0002777179763186,historical,raw/1b-dagformer_historical_metrics.csv,2.6543666294642856
12370,6.485966848,3.4091796875,0.0002776103336921,historical,raw/1b-dagformer_historical_metrics.csv,2.6646902901785716
12380,6.491209728,3.376953125,0.0002775026910656,historical,raw/1b-dagformer_historical_metrics.csv,2.6728748139880953
12390,6.496452608,0.941650390625,0.0002773950484391,historical,raw/1b-dagformer_historical_metrics.csv,2.6306849888392856
12400,6.501695488,3.275390625,0.0002772874058127,historical,raw/1b-dagformer_historical_metrics.csv,2.6550525483630953
12410,6.506938368,1.9912109375,0.0002771797631862,historical,raw/1b-dagformer_historical_metrics.csv,2.6064569382440474
12420,6.512181248,3.4228515625,0.0002770721205597,historical,raw/1b-dagformer_historical_metrics.csv,2.6662365141369047
12430,6.517424128,2.00146484375,0.0002769644779332,historical,raw/1b-dagformer_historical_metrics.csv,2.605898902529762
12440,6.522667008,3.3193359375,0.0002768568353067,historical,raw/1b-dagformer_historical_metrics.csv,2.6099446614583335
12450,6.527909888,2.7763671875,0.0002767491926803,historical,raw/1b-dagformer_historical_metrics.csv,2.6490536644345237
12460,6.533152768,3.2119140625,0.0002766415500538,historical,raw/1b-dagformer_historical_metrics.csv,2.644682384672619
12470,6.538395648,3.2880859375,0.0002765339074273,historical,raw/1b-dagformer_historical_metrics.csv,2.727783203125
12480,6.543638528,3.2548828125,0.0002764262648008,historical,raw/1b-dagformer_historical_metrics.csv,2.8030947730654763
12490,6.548881408,3.3271484375,0.0002763186221743,historical,raw/1b-dagformer_historical_metrics.csv,2.803745814732143
12500,6.554124288,3.267578125,0.0002762109795479,historical,raw/1b-dagformer_historical_metrics.csv,2.8039318266369047
12510,6.559367168,3.3310546875,0.0002761033369214,historical,raw/1b-dagformer_historical_metrics.csv,2.8327171688988093
12520,6.564610048,2.529296875,0.0002759956942949,historical,raw/1b-dagformer_historical_metrics.csv,2.7920735677083335
12530,6.569852928,3.2412109375,0.0002758880516684,historical,raw/1b-dagformer_historical_metrics.csv,2.7923060825892856
12540,6.575095808,3.255859375,0.0002757804090419,historical,raw/1b-dagformer_historical_metrics.csv,2.823881603422619
12550,6.580338688,3.22265625,0.0002756727664155,historical,raw/1b-dagformer_historical_metrics.csv,2.889009021577381
12560,6.585581568,1.90771484375,0.000275565123789,historical,raw/1b-dagformer_historical_metrics.csv,2.8538295200892856
12570,6.590824448,2.634765625,0.0002754574811625,historical,raw/1b-dagformer_historical_metrics.csv,2.9041224888392856
12580,6.596067328,3.3115234375,0.000275349838536,historical,raw/1b-dagformer_historical_metrics.csv,2.899472191220238
12590,6.601310208,2.009765625,0.0002752421959095,historical,raw/1b-dagformer_historical_metrics.csv,2.8343680245535716
12600,6.606553088,3.2490234375,0.0002751345532831,historical,raw/1b-dagformer_historical_metrics.csv,2.944242931547619
12610,6.611795968,3.298828125,0.0002750269106566,historical,raw/1b-dagformer_historical_metrics.csv,2.9453590029761907
12620,6.617038848,3.2724609375,0.0002749192680301,historical,raw/1b-dagformer_historical_metrics.csv,3.0063709077380953
12630,6.622281728,2.41943359375,0.0002748116254036,historical,raw/1b-dagformer_historical_metrics.csv,2.958589099702381
12640,6.627524608,3.25,0.0002747039827771,historical,raw/1b-dagformer_historical_metrics.csv,3.0180431547619047
12650,6.632767488,3.1796875,0.0002745963401506,historical,raw/1b-dagformer_historical_metrics.csv,3.0113932291666665
12660,6.638010368,1.884765625,0.0002744886975242,historical,raw/1b-dagformer_historical_metrics.csv,2.968936011904762
12670,6.643253248,1.87451171875,0.0002743810548977,historical,raw/1b-dagformer_historical_metrics.csv,2.9052501860119047
12680,6.648496128,3.0966796875,0.0002742734122712,historical,raw/1b-dagformer_historical_metrics.csv,2.8961356026785716
12690,6.653739008,3.189453125,0.0002741657696447,historical,raw/1b-dagformer_historical_metrics.csv,2.8930199032738093
12700,6.658981888,2.52978515625,0.0002740581270182,historical,raw/1b-dagformer_historical_metrics.csv,2.8550502232142856
12710,6.664224768,3.123046875,0.0002739504843918,historical,raw/1b-dagformer_historical_metrics.csv,2.8481677827380953
12720,6.669467648,3.234375,0.0002738428417653,historical,raw/1b-dagformer_historical_metrics.csv,2.843563988095238
12730,6.674710528,1.89990234375,0.0002737351991388,historical,raw/1b-dagformer_historical_metrics.csv,2.8135928199404763
12740,6.679953408,3.2216796875,0.0002736275565123,historical,raw/1b-dagformer_historical_metrics.csv,2.8126627604166665
12750,6.685196288,3.2568359375,0.0002735199138858,historical,raw/1b-dagformer_historical_metrics.csv,2.812709263392857
12760,6.690439168,1.85302734375,0.0002734122712594,historical,raw/1b-dagformer_historical_metrics.csv,2.7474888392857144
12770,6.695682048,2.09814453125,0.0002733046286329,historical,raw/1b-dagformer_historical_metrics.csv,2.756556919642857
12780,6.700924928,2.47265625,0.0002731969860064,historical,raw/1b-dagformer_historical_metrics.csv,2.748837425595238
12790,6.706167808,3.1630859375,0.0002730893433799,historical,raw/1b-dagformer_historical_metrics.csv,2.7417689732142856
12800,6.711410688,1.93603515625,0.0002729817007534,historical,raw/1b-dagformer_historical_metrics.csv,2.7382579985119047
12810,6.716653568,3.1669921875,0.000272874058127,historical,raw/1b-dagformer_historical_metrics.csv,2.7343517485119047
12820,6.721896448,3.185546875,0.0002727664155005,historical,raw/1b-dagformer_historical_metrics.csv,2.7289574032738093
12830,6.727139328,3.2783203125,0.000272658772874,historical,raw/1b-dagformer_historical_metrics.csv,2.7292364211309526
12840,6.732382208,3.2353515625,0.0002725511302475,historical,raw/1b-dagformer_historical_metrics.csv,2.7680896577380953
12850,6.737625088,3.255859375,0.000272443487621,historical,raw/1b-dagformer_historical_metrics.csv,2.768368675595238
12860,6.742867968,3.3017578125,0.0002723358449946,historical,raw/1b-dagformer_historical_metrics.csv,2.7741815476190474
12870,6.748110848,2.69140625,0.0002722282023681,historical,raw/1b-dagformer_historical_metrics.csv,2.812593005952381
12880,6.753353728,3.3330078125,0.0002721205597416,historical,raw/1b-dagformer_historical_metrics.csv,2.882045200892857
12890,6.758596608,3.27734375,0.0002720129171151,historical,raw/1b-dagformer_historical_metrics.csv,2.8906482514880953
12900,6.763839488,3.3056640625,0.0002719052744886,historical,raw/1b-dagformer_historical_metrics.csv,2.896182105654762
12910,6.769082368,3.220703125,0.0002717976318622,historical,raw/1b-dagformer_historical_metrics.csv,2.9290829613095237
12920,6.774325248,3.169921875,0.0002716899892357,historical,raw/1b-dagformer_historical_metrics.csv,2.9313151041666665
12930,6.779568128,1.9169921875,0.0002715823466092,historical,raw/1b-dagformer_historical_metrics.csv,2.8685825892857144
12940,6.784811008,3.140625,0.0002714747039827,historical,raw/1b-dagformer_historical_metrics.csv,2.9276646205357144
12950,6.790053888,1.94140625,0.0002713670613562,historical,raw/1b-dagformer_historical_metrics.csv,2.86669921875
12960,6.795296768,3.35546875,0.0002712594187298,historical,raw/1b-dagformer_historical_metrics.csv,2.871396019345238
12970,6.800539648,3.263671875,0.0002711517761033,historical,raw/1b-dagformer_historical_metrics.csv,2.938569568452381
12980,6.805782528,1.9052734375,0.0002710441334768,historical,raw/1b-dagformer_historical_metrics.csv,2.929385230654762
12990,6.811025408,2.412109375,0.0002709364908503,historical,raw/1b-dagformer_historical_metrics.csv,2.9265020461309526
13000,6.816268288,3.1943359375,0.0002708288482238,historical,raw/1b-dagformer_historical_metrics.csv,2.9279901413690474
13010,6.821511168,1.7724609375,0.0002707212055974,historical,raw/1b-dagformer_historical_metrics.csv,2.920200892857143
13020,6.826754048,3.1943359375,0.0002706135629709,historical,raw/1b-dagformer_historical_metrics.csv,2.9215029761904763
13030,6.831996928,2.22021484375,0.0002705059203444,historical,raw/1b-dagformer_historical_metrics.csv,2.8755347842261907
13040,6.837239808,3.0712890625,0.0002703982777179,historical,raw/1b-dagformer_historical_metrics.csv,2.8656761532738093
13050,6.842482688,3.234375,0.0002702906350914,historical,raw/1b-dagformer_historical_metrics.csv,2.865629650297619
13060,6.847725568,3.30859375,0.000270182992465,historical,raw/1b-dagformer_historical_metrics.csv,2.8681408110119047
13070,6.852968448,3.1572265625,0.0002700753498385,historical,raw/1b-dagformer_historical_metrics.csv,2.8612583705357144
13080,6.858211328,3.39453125,0.000269967707212,historical,raw/1b-dagformer_historical_metrics.csv,2.894740513392857
13090,6.863454208,2.03515625,0.0002698600645855,historical,raw/1b-dagformer_historical_metrics.csv,2.8329380580357144
13100,6.868697088,3.1494140625,0.000269752421959,historical,raw/1b-dagformer_historical_metrics.csv,2.826846168154762
13110,6.873939968,3.2158203125,0.0002696447793326,historical,raw/1b-dagformer_historical_metrics.csv,2.822567894345238
13120,6.879182848,3.33984375,0.0002695371367061,historical,raw/1b-dagformer_historical_metrics.csv,2.8282412574404763
13130,6.884425728,2.28369140625,0.0002694294940796,historical,raw/1b-dagformer_historical_metrics.csv,2.786039806547619
13140,6.889668608,3.3095703125,0.0002693218514531,historical,raw/1b-dagformer_historical_metrics.csv,2.852353050595238
13150,6.894911488,2.8955078125,0.0002692142088266,historical,raw/1b-dagformer_historical_metrics.csv,2.8406808035714284
13160,6.900154368,3.2548828125,0.0002691065662002,historical,raw/1b-dagformer_historical_metrics.csv,2.903227306547619
13170,6.905397248,3.2724609375,0.0002689989235737,historical,raw/1b-dagformer_historical_metrics.csv,2.8992745535714284
13180,6.910640128,1.771484375,0.0002688912809472,historical,raw/1b-dagformer_historical_metrics.csv,2.828218005952381
13190,6.915883008,1.900390625,0.0002687836383207,historical,raw/1b-dagformer_historical_metrics.csv,2.8279854910714284
13200,6.921125888,1.500732421875,0.0002686759956942,historical,raw/1b-dagformer_historical_metrics.csv,2.7845865885416665
13210,6.926368768,3.341796875,0.0002685683530678,historical,raw/1b-dagformer_historical_metrics.csv,2.7916085379464284
13220,6.931611648,3.2919921875,0.0002684607104413,historical,raw/1b-dagformer_historical_metrics.csv,2.8639671688988093
13230,6.936854528,1.880859375,0.0002683530678148,historical,raw/1b-dagformer_historical_metrics.csv,2.801420665922619
13240,6.942097408,3.2236328125,0.0002682454251883,historical,raw/1b-dagformer_historical_metrics.csv,2.8492024739583335
13250,6.947340288,3.2333984375,0.0002681377825618,historical,raw/1b-dagformer_historical_metrics.csv,2.8569219680059526
13260,6.952583168,3.15234375,0.0002680301399354,historical,raw/1b-dagformer_historical_metrics.csv,2.8530157180059526
13270,6.957826048,1.89013671875,0.0002679224973089,historical,raw/1b-dagformer_historical_metrics.csv,2.7854701450892856
13280,6.963068928,3.275390625,0.0002678148546824,historical,raw/1b-dagformer_historical_metrics.csv,2.7910970052083335
13290,6.968311808,3.2607421875,0.0002677072120559,historical,raw/1b-dagformer_historical_metrics.csv,2.784726097470238
13300,6.973554688,2.04345703125,0.0002675995694294,historical,raw/1b-dagformer_historical_metrics.csv,2.785121372767857
13310,6.978797568,3.17578125,0.000267491926803,historical,raw/1b-dagformer_historical_metrics.csv,2.786376953125
13320,6.984040448,1.55322265625,0.0002673842841765,historical,raw/1b-dagformer_historical_metrics.csv,2.7072056361607144
13330,6.989283328,1.744140625,0.00026727664155,historical,raw/1b-dagformer_historical_metrics.csv,2.6312197730654763
13340,6.994526208,3.349609375,0.0002671689989235,historical,raw/1b-dagformer_historical_metrics.csv,2.681977771577381
13350,6.999769088,3.2490234375,0.000267061356297,historical,raw/1b-dagformer_historical_metrics.csv,2.6790945870535716
13360,7.005011968,3.33203125,0.0002669537136706,historical,raw/1b-dagformer_historical_metrics.csv,2.6998814174107144
13370,7.010254848,3.2841796875,0.0002668460710441,historical,raw/1b-dagformer_historical_metrics.csv,2.7012765066964284
13380,7.015497728,3.09375,0.0002667384284176,historical,raw/1b-dagformer_historical_metrics.csv,2.6927664620535716
13390,7.020740608,3.328125,0.0002666307857911,historical,raw/1b-dagformer_historical_metrics.csv,2.7668922061011907
13400,7.025983488,3.294921875,0.0002665231431646,historical,raw/1b-dagformer_historical_metrics.csv,2.8332984561011907
13410,7.031226368,2.6376953125,0.0002664155005382,historical,raw/1b-dagformer_historical_metrics.csv,2.8874395461309526
13420,7.036469248,1.974609375,0.0002663078579117,historical,raw/1b-dagformer_historical_metrics.csv,2.8223353794642856
13430,7.041712128,1.7919921875,0.0002662002152852,historical,raw/1b-dagformer_historical_metrics.csv,2.7509068080357144
13440,7.046955008,3.3447265625,0.0002660925726587,historical,raw/1b-dagformer_historical_metrics.csv,2.820614769345238
13450,7.052197888,3.25,0.0002659849300322,historical,raw/1b-dagformer_historical_metrics.csv,2.821870349702381
13460,7.057440768,3.173828125,0.0002658772874058,historical,raw/1b-dagformer_historical_metrics.csv,2.819033668154762
13470,7.062683648,1.90087890625,0.0002657696447793,historical,raw/1b-dagformer_historical_metrics.csv,2.7594401041666665
13480,7.067926528,3.228515625,0.0002656620021528,historical,raw/1b-dagformer_historical_metrics.csv,2.8231724330357144
13490,7.073169408,3.205078125,0.0002655543595263,historical,raw/1b-dagformer_historical_metrics.csv,2.81982421875
13500,7.078412288,3.1123046875,0.0002654467168998,historical,raw/1b-dagformer_historical_metrics.csv,2.8127557663690474
13510,7.083655168,3.1474609375,0.0002653390742734,historical,raw/1b-dagformer_historical_metrics.csv,2.865327380952381
13520,7.088898048,1.88818359375,0.0002652314316469,historical,raw/1b-dagformer_historical_metrics.csv,2.804013206845238
13530,7.094140928,3.2744140625,0.0002651237890204,historical,raw/1b-dagformer_historical_metrics.csv,2.8859747023809526
13540,7.099383808,3.28125,0.0002650161463939,historical,raw/1b-dagformer_historical_metrics.csv,2.959170386904762
13550,7.104626688,2.22607421875,0.0002649085037674,historical,raw/1b-dagformer_historical_metrics.csv,2.905668712797619
13560,7.109869568,3.3251953125,0.000264800861141,historical,raw/1b-dagformer_historical_metrics.csv,2.9092959449404763
13570,7.115112448,3.376953125,0.0002646932185145,historical,raw/1b-dagformer_historical_metrics.csv,2.911435081845238
13580,7.120355328,2.86328125,0.000264585575888,historical,raw/1b-dagformer_historical_metrics.csv,2.891392299107143
13590,7.125598208,2.5234375,0.0002644779332615,historical,raw/1b-dagformer_historical_metrics.csv,2.8642345610119047
13600,7.130841088,3.1572265625,0.000264370290635,historical,raw/1b-dagformer_historical_metrics.csv,2.8560965401785716
13610,7.136083968,3.6884765625,0.0002642626480086,historical,raw/1b-dagformer_historical_metrics.csv,2.8748372395833335
13620,7.141326848,2.4970703125,0.0002641550053821,historical,raw/1b-dagformer_historical_metrics.csv,2.8681408110119047
13630,7.146569728,3.24609375,0.0002640473627556,historical,raw/1b-dagformer_historical_metrics.csv,2.9286876860119047
13640,7.151812608,1.6181640625,0.0002639397201291,historical,raw/1b-dagformer_historical_metrics.csv,2.92041015625
13650,7.157055488,2.84765625,0.0002638320775026,historical,raw/1b-dagformer_historical_metrics.csv,2.8967401413690474
13660,7.162298368,3.18359375,0.0002637244348762,historical,raw/1b-dagformer_historical_metrics.csv,2.8935779389880953
13670,7.167541248,3.2431640625,0.0002636167922497,historical,raw/1b-dagformer_historical_metrics.csv,2.896879650297619
13680,7.172784128,3.375,0.0002635091496232,historical,raw/1b-dagformer_historical_metrics.csv,2.967075892857143
13690,7.178027008,3.306640625,0.0002634015069967,historical,raw/1b-dagformer_historical_metrics.csv,2.970796130952381
13700,7.183269888,3.162109375,0.0002632938643702,historical,raw/1b-dagformer_historical_metrics.csv,2.96875
13710,7.188512768,3.3095703125,0.0002631862217438,historical,raw/1b-dagformer_historical_metrics.csv,2.9781436011904763
13720,7.193755648,2.0546875,0.0002630785791173,historical,raw/1b-dagformer_historical_metrics.csv,2.9261067708333335
13730,7.198998528,3.18359375,0.0002629709364908,historical,raw/1b-dagformer_historical_metrics.csv,2.98779296875
13740,7.204241408,3.1396484375,0.0002628632938643,historical,raw/1b-dagformer_historical_metrics.csv,2.9813755580357144
13750,7.209484288,2.640625,0.0002627556512378,historical,raw/1b-dagformer_historical_metrics.csv,2.950869605654762
13760,7.214727168,3.2958984375,0.0002626480086114,historical,raw/1b-dagformer_historical_metrics.csv,3.0018136160714284
13770,7.219970048,2.6689453125,0.0002625403659849,historical,raw/1b-dagformer_historical_metrics.csv,2.9705636160714284
13780,7.225212928,3.1181640625,0.0002624327233584,historical,raw/1b-dagformer_historical_metrics.csv,2.9582403273809526
13790,7.230455808,2.6064453125,0.0002623250807319,historical,raw/1b-dagformer_historical_metrics.csv,2.946010044642857
13800,7.235698688,2.8740234375,0.0002622174381054,historical,raw/1b-dagformer_historical_metrics.csv,2.962704613095238
13810,7.240941568,3.0146484375,0.000262109795479,historical,raw/1b-dagformer_historical_metrics.csv,2.9559151785714284
13820,7.246184448,3.134765625,0.0002620021528525,historical,raw/1b-dagformer_historical_metrics.csv,2.9295479910714284
13830,7.251427328,1.5234375,0.000261894510226,historical,raw/1b-dagformer_historical_metrics.csv,2.8831845238095237
13840,7.256670208,3.21484375,0.0002617868675995,historical,raw/1b-dagformer_historical_metrics.csv,2.8816964285714284
13850,7.261913088,2.0322265625,0.000261679224973,historical,raw/1b-dagformer_historical_metrics.csv,2.9014136904761907
13860,7.267155968,1.81591796875,0.0002615715823466,historical,raw/1b-dagformer_historical_metrics.csv,2.8522832961309526
13870,7.272398848,3.1376953125,0.0002614639397201,historical,raw/1b-dagformer_historical_metrics.csv,2.85009765625
13880,7.277641728,3.0908203125,0.0002613562970936,historical,raw/1b-dagformer_historical_metrics.csv,2.8428431919642856
13890,7.282884608,3.1904296875,0.0002612486544671,historical,raw/1b-dagformer_historical_metrics.csv,2.8340541294642856
13900,7.288127488,2.16650390625,0.0002611410118406,historical,raw/1b-dagformer_historical_metrics.csv,2.7797619047619047
13910,7.293370368,2.6357421875,0.0002610333692142,historical,raw/1b-dagformer_historical_metrics.csv,2.754696800595238
13920,7.298613248,2.73046875,0.0002609257265877,historical,raw/1b-dagformer_historical_metrics.csv,2.7271205357142856
13930,7.303856128,3.1953125,0.0002608180839612,historical,raw/1b-dagformer_historical_metrics.csv,2.781436011904762
13940,7.309099008,1.806640625,0.0002607104413347,historical,raw/1b-dagformer_historical_metrics.csv,2.7158668154761907
13950,7.314341888,3.16015625,0.0002606027987082,historical,raw/1b-dagformer_historical_metrics.csv,2.7168433779761907
13960,7.319584768,3.212890625,0.0002604951560818,historical,raw/1b-dagformer_historical_metrics.csv,2.7440941220238093
13970,7.324827648,3.1357421875,0.0002603875134553,historical,raw/1b-dagformer_historical_metrics.csv,2.7364676339285716
13980,7.330070528,1.81982421875,0.0002602798708288,historical,raw/1b-dagformer_historical_metrics.csv,2.6960332961309526
13990,7.335313408,2.6201171875,0.0002601722282023,historical,raw/1b-dagformer_historical_metrics.csv,2.6723167782738093
14000,7.340556288,1.7548828125,0.0002600645855758,historical,raw/1b-dagformer_historical_metrics.csv,2.6317661830357144
14010,7.345799168,3.228515625,0.0002599569429494,historical,raw/1b-dagformer_historical_metrics.csv,2.648646763392857
14020,7.351042048,3.158203125,0.0002598493003229,historical,raw/1b-dagformer_historical_metrics.csv,2.655482700892857
14030,7.356284928,3.1923828125,0.0002597416576964,historical,raw/1b-dagformer_historical_metrics.csv,2.6582263764880953
14040,7.361527808,3.2822265625,0.0002596340150699,historical,raw/1b-dagformer_historical_metrics.csv,2.741978236607143
14050,7.366770688,3.3046875,0.0002595263724434,historical,raw/1b-dagformer_historical_metrics.csv,2.7462565104166665
14060,7.372013568,3.099609375,0.000259418729817,historical,raw/1b-dagformer_historical_metrics.csv,2.797084263392857
14070,7.377256448,2.814453125,0.0002593110871905,historical,raw/1b-dagformer_historical_metrics.csv,2.844633556547619
14080,7.382499328,3.26171875,0.000259203444564,historical,raw/1b-dagformer_historical_metrics.csv,2.8505394345238093
14090,7.387742208,2.30419921875,0.0002590958019375,historical,raw/1b-dagformer_historical_metrics.csv,2.813081287202381
14100,7.392985088,3.32421875,0.000258988159311,historical,raw/1b-dagformer_historical_metrics.csv,2.8194521949404763
14110,7.398227968,3.32421875,0.0002588805166846,historical,raw/1b-dagformer_historical_metrics.csv,2.8745814732142856
14120,7.403470848,2.33154296875,0.0002587728740581,historical,raw/1b-dagformer_historical_metrics.csv,2.8600957961309526
14130,7.408713728,3.2509765625,0.0002586652314316,historical,raw/1b-dagformer_historical_metrics.csv,2.8848818824404763
14140,7.413956608,3.1708984375,0.0002585575888051,historical,raw/1b-dagformer_historical_metrics.csv,2.8837193080357144
14150,7.419199488,1.50244140625,0.0002584499461786,historical,raw/1b-dagformer_historical_metrics.csv,2.869233630952381
14160,7.424442368,3.2705078125,0.0002583423035522,historical,raw/1b-dagformer_historical_metrics.csv,2.8744884672619047
14170,7.429685248,2.7177734375,0.0002582346609257,historical,raw/1b-dagformer_historical_metrics.csv,2.8509114583333335
14180,7.434928128,3.1728515625,0.0002581270182992,historical,raw/1b-dagformer_historical_metrics.csv,2.8526785714285716
14190,7.440171008,3.1630859375,0.0002580193756727,historical,raw/1b-dagformer_historical_metrics.csv,2.9166434151785716
14200,7.445413888,1.783203125,0.0002579117330462,historical,raw/1b-dagformer_historical_metrics.csv,2.8767903645833335
14210,7.450656768,3.0654296875,0.0002578040904198,historical,raw/1b-dagformer_historical_metrics.csv,2.9391973586309526
14220,7.455899648,3.048828125,0.0002576964477933,historical,raw/1b-dagformer_historical_metrics.csv,2.9306408110119047
14230,7.461142528,3.1123046875,0.0002575888051668,historical,raw/1b-dagformer_historical_metrics.csv,2.9284551711309526
14240,7.466385408,3.130859375,0.0002574811625403,historical,raw/1b-dagformer_historical_metrics.csv,2.9255254836309526
14250,7.471628288,3.3095703125,0.0002573735199138,historical,raw/1b-dagformer_historical_metrics.csv,2.9268275669642856
14260,7.476871168,3.0625,0.0002572658772874,historical,raw/1b-dagformer_historical_metrics.csv,2.9152948288690474
14270,7.482114048,3.31640625,0.0002571582346609,historical,raw/1b-dagformer_historical_metrics.csv,2.9256184895833335
14280,7.487356928,2.03369140625,0.0002570505920344,historical,raw/1b-dagformer_historical_metrics.csv,2.8884393601190474
14290,7.492599808,1.93359375,0.0002569429494079,historical,raw/1b-dagformer_historical_metrics.csv,2.8251953125
14300,7.497842688,3.2607421875,0.0002568353067814,historical,raw/1b-dagformer_historical_metrics.csv,2.8707449776785716
14310,7.503085568,1.78759765625,0.000256727664155,historical,raw/1b-dagformer_historical_metrics.csv,2.797572544642857
14320,7.508328448,3.3466796875,0.0002566200215285,historical,raw/1b-dagformer_historical_metrics.csv,2.798642113095238
14330,7.513571328,2.6630859375,0.000256512378902,historical,raw/1b-dagformer_historical_metrics.csv,2.8144298735119047
14340,7.518814208,1.95703125,0.0002564047362755,historical,raw/1b-dagformer_historical_metrics.csv,2.7528134300595237
14350,7.524057088,3.2236328125,0.000256297093649,historical,raw/1b-dagformer_historical_metrics.csv,2.7553245907738093
14360,7.529299968,3.15234375,0.0002561894510226,historical,raw/1b-dagformer_historical_metrics.csv,2.833891369047619
14370,7.534542848,3.208984375,0.0002560818083961,historical,raw/1b-dagformer_historical_metrics.csv,2.830961681547619
14380,7.539785728,2.65234375,0.0002559741657696,historical,raw/1b-dagformer_historical_metrics.csv,2.827845982142857
14390,7.545028608,2.7646484375,0.0002558665231431,historical,raw/1b-dagformer_historical_metrics.csv,2.808407738095238
14400,7.550271488,3.2109375,0.0002557588805166,historical,raw/1b-dagformer_historical_metrics.csv,2.8106863839285716
14410,7.555514368,2.6728515625,0.0002556512378902,historical,raw/1b-dagformer_historical_metrics.csv,2.8530505952380953
14420,7.560757248,3.0986328125,0.0002555435952637,historical,raw/1b-dagformer_historical_metrics.csv,2.8546316964285716
14430,7.566000128,3.291015625,0.0002554359526372,historical,raw/1b-dagformer_historical_metrics.csv,2.8661644345238093
14440,7.571243008,3.2880859375,0.0002553283100107,historical,raw/1b-dagformer_historical_metrics.csv,2.8745349702380953
14450,7.576485888,3.078125,0.0002552206673842,historical,raw/1b-dagformer_historical_metrics.csv,2.8720238095238093
14460,7.581728768,3.265625,0.0002551130247578,historical,raw/1b-dagformer_historical_metrics.csv,2.869931175595238
14470,7.586971648,3.17578125,0.0002550053821313,historical,raw/1b-dagformer_historical_metrics.csv,2.8753255208333335
14480,7.592214528,2.8544921875,0.0002548977395048,historical,raw/1b-dagformer_historical_metrics.csv,2.853329613095238
14490,7.597457408,3.2763671875,0.0002547900968783,historical,raw/1b-dagformer_historical_metrics.csv,2.912504650297619
14500,7.602700288,3.119140625,0.0002546824542518,historical,raw/1b-dagformer_historical_metrics.csv,2.968959263392857
14510,7.607943168,3.203125,0.0002545748116254,historical,raw/1b-dagformer_historical_metrics.csv,2.966215587797619
14520,7.613186048,3.205078125,0.0002544671689989,historical,raw/1b-dagformer_historical_metrics.csv,3.0337146577380953
14530,7.618428928,2.8427734375,0.0002543595263724,historical,raw/1b-dagformer_historical_metrics.csv,3.0097191220238093
14540,7.623671808,3.15234375,0.0002542518837459,historical,raw/1b-dagformer_historical_metrics.csv,3.033017113095238
14550,7.628914688,1.73974609375,0.0002541442411194,historical,raw/1b-dagformer_historical_metrics.csv,3.022670200892857
14560,7.634157568,3.1884765625,0.000254036598493,historical,raw/1b-dagformer_historical_metrics.csv,3.02099609375
14570,7.639400448,3.2099609375,0.0002539289558665,historical,raw/1b-dagformer_historical_metrics.csv,3.023739769345238
14580,7.644643328,3.140625,0.00025382131324,historical,raw/1b-dagformer_historical_metrics.csv,3.0204845610119047
14590,7.649886208,3.5625,0.0002537136706135,historical,raw/1b-dagformer_historical_metrics.csv,3.0638253348214284
14600,7.655129088,2.609375,0.000253606027987,historical,raw/1b-dagformer_historical_metrics.csv,3.056431361607143
14610,7.660371968,3.2646484375,0.0002534983853606,historical,raw/1b-dagformer_historical_metrics.csv,3.058989025297619
14620,7.665614848,3.2353515625,0.0002533907427341,historical,raw/1b-dagformer_historical_metrics.csv,3.0857747395833335
14630,7.670857728,2.5625,0.0002532831001076,historical,raw/1b-dagformer_historical_metrics.csv,3.060244605654762
14640,7.676100608,1.77783203125,0.0002531754574811,historical,raw/1b-dagformer_historical_metrics.csv,2.988188244047619
14650,7.681343488,1.90283203125,0.0002530678148546,historical,raw/1b-dagformer_historical_metrics.csv,2.9222237723214284
14660,7.686586368,2.7509765625,0.0002529601722282,historical,raw/1b-dagformer_historical_metrics.csv,2.906645275297619
14670,7.691829248,3.1875,0.0002528525296017,historical,raw/1b-dagformer_historical_metrics.csv,2.902925037202381
14680,7.697072128,2.552734375,0.0002527448869752,historical,raw/1b-dagformer_historical_metrics.csv,2.873256138392857
14690,7.702315008,2.4765625,0.0002526372443487,historical,raw/1b-dagformer_historical_metrics.csv,2.855259486607143
14700,7.707557888,3.263671875,0.0002525296017222,historical,raw/1b-dagformer_historical_metrics.csv,2.8546549479166665
14710,7.712800768,2.3994140625,0.0002524219590958,historical,raw/1b-dagformer_historical_metrics.csv,2.8203822544642856
14720,7.718043648,1.8310546875,0.0002523143164693,historical,raw/1b-dagformer_historical_metrics.csv,2.7550455729166665
14730,7.723286528,1.71337890625,0.0002522066738428,historical,raw/1b-dagformer_historical_metrics.csv,2.6840122767857144
14740,7.728529408,3.111328125,0.0002520990312163,historical,raw/1b-dagformer_historical_metrics.csv,2.6968005952380953
14750,7.733772288,3.259765625,0.0002519913885898,historical,raw/1b-dagformer_historical_metrics.csv,2.7019159226190474
14760,7.739015168,1.8447265625,0.0002518837459634,historical,raw/1b-dagformer_historical_metrics.csv,2.7069149925595237
14770,7.744258048,2.7900390625,0.0002517761033369,historical,raw/1b-dagformer_historical_metrics.csv,2.6879417782738093
14780,7.749500928,3.2021484375,0.0002516684607104,historical,raw/1b-dagformer_historical_metrics.csv,2.6875697544642856
14790,7.754743808,2.6298828125,0.0002515608180839,historical,raw/1b-dagformer_historical_metrics.csv,2.6632486979166665
14800,7.759986688,3.25390625,0.0002514531754574,historical,raw/1b-dagformer_historical_metrics.csv,2.6485537574404763
14810,7.765229568,1.8681640625,0.000251345532831,historical,raw/1b-dagformer_historical_metrics.csv,2.6132579985119047
14820,7.770472448,1.83251953125,0.0002512378902045,historical,raw/1b-dagformer_historical_metrics.csv,2.5450613839285716
14830,7.775715328,2.884765625,0.000251130247578,historical,raw/1b-dagformer_historical_metrics.csv,2.5283668154761907
14840,7.780958208,1.994140625,0.0002510226049515,historical,raw/1b-dagformer_historical_metrics.csv,2.5013020833333335
14850,7.786201088,1.765625,0.000250914962325,historical,raw/1b-dagformer_historical_metrics.csv,2.5007207961309526
14860,7.791443968,3.2158203125,0.0002508073196986,historical,raw/1b-dagformer_historical_metrics.csv,2.5632440476190474
14870,7.796686848,1.76904296875,0.0002506996770721,historical,raw/1b-dagformer_historical_metrics.csv,2.5164853050595237
14880,7.801929728,2.7861328125,0.0002505920344456,historical,raw/1b-dagformer_historical_metrics.csv,2.497372581845238
14890,7.807172608,3.0517578125,0.0002504843918191,historical,raw/1b-dagformer_historical_metrics.csv,2.5211356026785716
14900,7.812415488,3.0869140625,0.0002503767491926,historical,raw/1b-dagformer_historical_metrics.csv,2.550199962797619
14910,7.817658368,3.208984375,0.0002502691065662,historical,raw/1b-dagformer_historical_metrics.csv,2.5475957961309526
14920,7.822901248,2.48388671875,0.0002501614639397,historical,raw/1b-dagformer_historical_metrics.csv,2.5516183035714284
14930,7.828144128,1.5146484375,0.0002500538213132,historical,raw/1b-dagformer_historical_metrics.csv,2.5365513392857144
14940,7.833387008,3.283203125,0.0002499461786867,historical,raw/1b-dagformer_historical_metrics.csv,2.6113048735119047
14950,7.838629888,2.42822265625,0.0002498385360602,historical,raw/1b-dagformer_historical_metrics.csv,2.5787760416666665
14960,7.843872768,3.9970703125,0.0002497308934337,historical,raw/1b-dagformer_historical_metrics.csv,2.6138857886904763
14970,7.849115648,3.2216796875,0.0002496232508073,historical,raw/1b-dagformer_historical_metrics.csv,2.6794549851190474
14980,7.854358528,3.1513671875,0.0002495156081808,historical,raw/1b-dagformer_historical_metrics.csv,2.6966610863095237
14990,7.859601408,2.7421875,0.0002494079655543,historical,raw/1b-dagformer_historical_metrics.csv,2.6747581845238093
15000,7.864844288,3.205078125,0.0002493003229278,historical,raw/1b-dagformer_historical_metrics.csv,2.7021484375
15010,7.870087168,1.9033203125,0.0002491926803013,historical,raw/1b-dagformer_historical_metrics.csv,2.6378348214285716
15020,7.875330048,3.2490234375,0.0002490850376749,historical,raw/1b-dagformer_historical_metrics.csv,2.7035900297619047
15030,7.880572928,3.2275390625,0.0002489773950484,historical,raw/1b-dagformer_historical_metrics.csv,2.77001953125
15040,7.885815808,3.30859375,0.0002488697524219,historical,raw/1b-dagformer_historical_metrics.csv,2.7902018229166665
15050,7.891058688,2.7080078125,0.0002487621097954,historical,raw/1b-dagformer_historical_metrics.csv,2.8241954985119047
15060,7.896301568,3.10546875,0.0002486544671689,historical,raw/1b-dagformer_historical_metrics.csv,2.887997581845238
15070,7.901544448,1.7802734375,0.0002485468245425,historical,raw/1b-dagformer_historical_metrics.csv,2.819638206845238
15080,7.906787328,3.140625,0.000248439181916,historical,raw/1b-dagformer_historical_metrics.csv,2.884951636904762
15090,7.912030208,3.1923828125,0.0002483315392895,historical,raw/1b-dagformer_historical_metrics.csv,2.904296875
15100,7.917273088,3.1669921875,0.000248223896663,historical,raw/1b-dagformer_historical_metrics.csv,2.9097842261904763
15110,7.922515968,1.64306640625,0.0002481162540365,historical,raw/1b-dagformer_historical_metrics.csv,2.841029575892857
15120,7.927758848,1.3955078125,0.0002480086114101,historical,raw/1b-dagformer_historical_metrics.csv,2.754673549107143
15130,7.933001728,3.18359375,0.0002479009687836,historical,raw/1b-dagformer_historical_metrics.csv,2.787992931547619
15140,7.938244608,1.84521484375,0.0002477933261571,historical,raw/1b-dagformer_historical_metrics.csv,2.8037341889880953
15150,7.943487488,2.50390625,0.0002476856835306,historical,raw/1b-dagformer_historical_metrics.csv,2.7666248139880953
15160,7.948730368,3.1953125,0.0002475780409041,historical,raw/1b-dagformer_historical_metrics.csv,2.8031529017857144
15170,7.953973248,3.294921875,0.0002474703982777,historical,raw/1b-dagformer_historical_metrics.csv,2.769717261904762
15180,7.959216128,3.244140625,0.0002473627556512,historical,raw/1b-dagformer_historical_metrics.csv,2.770786830357143
15190,7.964459008,3.251953125,0.0002472551130247,historical,raw/1b-dagformer_historical_metrics.csv,2.775576636904762
15200,7.969701888,1.94189453125,0.0002471474703982,historical,raw/1b-dagformer_historical_metrics.csv,2.7374674479166665
15210,7.974944768,3.2421875,0.0002470398277717,historical,raw/1b-dagformer_historical_metrics.csv,2.7392345610119047
15220,7.980187648,1.703125,0.0002469321851453,historical,raw/1b-dagformer_historical_metrics.csv,2.729701450892857
15230,7.985430528,1.92236328125,0.0002468245425188,historical,raw/1b-dagformer_historical_metrics.csv,2.6665271577380953
15240,7.990673408,3.3349609375,0.0002467168998923,historical,raw/1b-dagformer_historical_metrics.csv,2.6716424851190474
15250,7.995916288,1.7421875,0.0002466092572658,historical,raw/1b-dagformer_historical_metrics.csv,2.5970517113095237
15260,8.001159168,2.740234375,0.0002465016146393,historical,raw/1b-dagformer_historical_metrics.csv,2.5985863095238093
15270,8.006402048,3.2744140625,0.0002463939720129,historical,raw/1b-dagformer_historical_metrics.csv,2.606631324404762
15280,8.011644928,3.33984375,0.0002462863293864,historical,raw/1b-dagformer_historical_metrics.csv,2.6808965773809526
15290,8.016887808,1.87109375,0.0002461786867599,historical,raw/1b-dagformer_historical_metrics.csv,2.6204427083333335
15300,8.022130688,3.3203125,0.0002460710441334,historical,raw/1b-dagformer_historical_metrics.csv,2.6265345982142856
15310,8.027373568,3.2138671875,0.0002459634015069,historical,raw/1b-dagformer_historical_metrics.csv,2.6287667410714284
15320,8.032616448,2.50830078125,0.0002458557588805,historical,raw/1b-dagformer_historical_metrics.csv,2.6699683779761907
15330,8.037859328,3.166015625,0.000245748116254,historical,raw/1b-dagformer_historical_metrics.csv,2.7542782738095237
15340,8.043102208,2.6875,0.0002456404736275,historical,raw/1b-dagformer_historical_metrics.csv,2.730654761904762
15350,8.048345088,3.1962890625,0.000245532831001,historical,raw/1b-dagformer_historical_metrics.csv,2.7949916294642856
15360,8.053587968,1.794921875,0.0002454251883745,historical,raw/1b-dagformer_historical_metrics.csv,2.76123046875
15370,8.058830848,3.0791015625,0.0002453175457481,historical,raw/1b-dagformer_historical_metrics.csv,2.7556966145833335
15380,8.064073728,3.1845703125,0.0002452099031216,historical,raw/1b-dagformer_historical_metrics.csv,2.7504417782738093
15390,8.069316608,1.81298828125,0.0002451022604951,historical,raw/1b-dagformer_historical_metrics.csv,2.6822916666666665
15400,8.074559488,3.1357421875,0.0002449946178686,historical,raw/1b-dagformer_historical_metrics.csv,2.6767578125
15410,8.079802368,3.1708984375,0.0002448869752421,historical,raw/1b-dagformer_historical_metrics.csv,2.7352818080357144
15420,8.085045248,3.203125,0.0002447793326157,historical,raw/1b-dagformer_historical_metrics.csv,2.7334216889880953
15430,8.090288128,2.41748046875,0.0002446716899892,historical,raw/1b-dagformer_historical_metrics.csv,2.7674386160714284
15440,8.095531008,2.640625,0.0002445640473627,historical,raw/1b-dagformer_historical_metrics.csv,2.8016415550595237
15450,8.100773888,3.267578125,0.0002444564047362,historical,raw/1b-dagformer_historical_metrics.csv,2.798432849702381
15460,8.106016768,3.1572265625,0.0002443487621097,historical,raw/1b-dagformer_historical_metrics.csv,2.865815662202381
15470,8.111259648,3.197265625,0.0002442411194833,historical,raw/1b-dagformer_historical_metrics.csv,2.8875790550595237
15480,8.116502528,2.0126953125,0.0002441334768568,historical,raw/1b-dagformer_historical_metrics.csv,2.8274972098214284
15490,8.121745408,1.95947265625,0.0002440258342303,historical,raw/1b-dagformer_historical_metrics.csv,2.7617652529761907
15500,8.126988288,3.1923828125,0.0002439181916038,historical,raw/1b-dagformer_historical_metrics.csv,2.8246837797619047
15510,8.132231168,3.201171875,0.0002438105489773,historical,raw/1b-dagformer_historical_metrics.csv,2.8190104166666665
15520,8.137474048,3.306640625,0.0002437029063509,historical,raw/1b-dagformer_historical_metrics.csv,2.823428199404762
15530,8.142716928,2.00830078125,0.0002435952637244,historical,raw/1b-dagformer_historical_metrics.csv,2.799618675595238
15540,8.147959808,1.71240234375,0.0002434876210979,historical,raw/1b-dagformer_historical_metrics.csv,2.7303989955357144
15550,8.153202688,3.2177734375,0.0002433799784714,historical,raw/1b-dagformer_historical_metrics.csv,2.755650111607143
15560,8.158445568,3.1923828125,0.0002432723358449,historical,raw/1b-dagformer_historical_metrics.csv,2.755464099702381
15570,8.163688448,3.150390625,0.0002431646932185,historical,raw/1b-dagformer_historical_metrics.csv,2.820010230654762
15580,8.168931328,3.185546875,0.000243057050592,historical,raw/1b-dagformer_historical_metrics.csv,2.8250790550595237
15590,8.174174208,3.03125,0.0002429494079655,historical,raw/1b-dagformer_historical_metrics.csv,2.817778087797619
15600,8.179417088,3.1064453125,0.000242841765339,historical,raw/1b-dagformer_historical_metrics.csv,2.8793712797619047
15610,8.184659968,3.1025390625,0.0002427341227125,historical,raw/1b-dagformer_historical_metrics.csv,2.8777901785714284
15620,8.189902848,3.1240234375,0.0002426264800861,historical,raw/1b-dagformer_historical_metrics.csv,2.8755580357142856
15630,8.195145728,1.955078125,0.0002425188374596,historical,raw/1b-dagformer_historical_metrics.csv,2.816127232142857
15640,8.200388608,3.16796875,0.0002424111948331,historical,raw/1b-dagformer_historical_metrics.csv,2.851864769345238
15650,8.205631488,3.1513671875,0.0002423035522066,historical,raw/1b-dagformer_historical_metrics.csv,2.876185825892857
15660,8.210874368,3.2177734375,0.0002421959095801,historical,raw/1b-dagformer_historical_metrics.csv,2.873814174107143
15670,8.216117248,3.1748046875,0.0002420882669537,historical,raw/1b-dagformer_historical_metrics.csv,2.8746512276785716
15680,8.221360128,3.10546875,0.0002419806243272,historical,raw/1b-dagformer_historical_metrics.csv,2.8702799479166665
15690,8.226603008,3.193359375,0.0002418729817007,historical,raw/1b-dagformer_historical_metrics.csv,2.9265020461309526
15700,8.231845888,3.23828125,0.0002417653390742,historical,raw/1b-dagformer_historical_metrics.csv,2.987397693452381
15710,8.237088768,2.6484375,0.0002416576964477,historical,raw/1b-dagformer_historical_metrics.csv,2.9614955357142856
15720,8.242331648,1.8740234375,0.0002415500538213,historical,raw/1b-dagformer_historical_metrics.csv,2.8982979910714284
15730,8.247574528,1.779296875,0.0002414424111948,historical,raw/1b-dagformer_historical_metrics.csv,2.8255673363095237
15740,8.252817408,2.5244140625,0.0002413347685683,historical,raw/1b-dagformer_historical_metrics.csv,2.8501441592261907
15750,8.258060288,1.5390625,0.0002412271259418,historical,raw/1b-dagformer_historical_metrics.csv,2.841889880952381
15760,8.263303168,2.51513671875,0.0002411194833153,historical,raw/1b-dagformer_historical_metrics.csv,2.8084309895833335
15770,8.268546048,2.09130859375,0.0002410118406889,historical,raw/1b-dagformer_historical_metrics.csv,2.7559988839285716
15780,8.273788928,3.2646484375,0.0002409041980624,historical,raw/1b-dagformer_historical_metrics.csv,2.761439732142857
15790,8.279031808,3.1591796875,0.0002407965554359,historical,raw/1b-dagformer_historical_metrics.csv,2.7601841517857144
15800,8.284274688,3.099609375,0.0002406889128094,historical,raw/1b-dagformer_historical_metrics.csv,2.7634393601190474
15810,8.289517568,3.3486328125,0.0002405812701829,historical,raw/1b-dagformer_historical_metrics.csv,2.7749720982142856
15820,8.294760448,1.99755859375,0.0002404736275565,historical,raw/1b-dagformer_historical_metrics.csv,2.722353980654762
15830,8.300003328,3.16796875,0.00024036598493,historical,raw/1b-dagformer_historical_metrics.csv,2.7244466145833335
15840,8.305246208,2.10546875,0.0002402583423035,historical,raw/1b-dagformer_historical_metrics.csv,2.7316080729166665
15850,8.310489088,3.10546875,0.000240150699677,historical,raw/1b-dagformer_historical_metrics.csv,2.7286318824404763
15860,8.315731968,3.162109375,0.0002400430570505,historical,raw/1b-dagformer_historical_metrics.csv,2.7291434151785716
15870,8.320974848,3.1865234375,0.0002399354144241,historical,raw/1b-dagformer_historical_metrics.csv,2.7276553199404763
15880,8.326217728,3.1416015625,0.0002398277717976,historical,raw/1b-dagformer_historical_metrics.csv,2.72607421875
15890,8.331460608,2.63671875,0.0002397201291711,historical,raw/1b-dagformer_historical_metrics.csv,2.7037527901785716
15900,8.336703488,1.7060546875,0.0002396124865446,historical,raw/1b-dagformer_historical_metrics.csv,2.6329287574404763
15910,8.341946368,3.1767578125,0.0002395048439181,historical,raw/1b-dagformer_historical_metrics.csv,2.6299990699404763
15920,8.347189248,3.28515625,0.0002393972012917,historical,raw/1b-dagformer_historical_metrics.csv,2.6603190104166665
15930,8.352432128,3.171875,0.0002392895586652,historical,raw/1b-dagformer_historical_metrics.csv,2.7221214657738093
15940,8.357675008,2.4921875,0.0002391819160387,historical,raw/1b-dagformer_historical_metrics.csv,2.756068638392857
15950,8.362917888,2.05029296875,0.0002390742734122,historical,raw/1b-dagformer_historical_metrics.csv,2.733491443452381
15960,8.368160768,3.3203125,0.0002389666307857,historical,raw/1b-dagformer_historical_metrics.csv,2.8183128720238093
15970,8.373403648,2.677734375,0.0002388589881593,historical,raw/1b-dagformer_historical_metrics.csv,2.8260556175595237
15980,8.378646528,3.2216796875,0.0002387513455328,historical,raw/1b-dagformer_historical_metrics.csv,2.8798828125
15990,8.383889408,1.76513671875,0.0002386437029063,historical,raw/1b-dagformer_historical_metrics.csv,2.8084774925595237
16000,8.389132288,3.265625,0.0002385360602798,historical,raw/1b-dagformer_historical_metrics.csv,2.8135463169642856
16010,8.394375168,3.0478515625,0.0002384284176533,historical,raw/1b-dagformer_historical_metrics.csv,2.8110816592261907
16020,8.399618048,3.2890625,0.0002383207750269,historical,raw/1b-dagformer_historical_metrics.csv,2.8082449776785716
16030,8.404860928,3.2158203125,0.0002382131324004,historical,raw/1b-dagformer_historical_metrics.csv,2.8662574404761907
16040,8.410103808,2.6357421875,0.0002381054897739,historical,raw/1b-dagformer_historical_metrics.csv,2.840913318452381
16050,8.415346688,3.1513671875,0.0002379978471474,historical,raw/1b-dagformer_historical_metrics.csv,2.890718005952381
16060,8.420589568,3.2109375,0.0002378902045209,historical,raw/1b-dagformer_historical_metrics.csv,2.8957403273809526
16070,8.425832448,3.1201171875,0.0002377825618945,historical,raw/1b-dagformer_historical_metrics.csv,2.893740699404762
16080,8.431075328,1.79638671875,0.000237674919268,historical,raw/1b-dagformer_historical_metrics.csv,2.827543712797619
16090,8.436318208,3.2578125,0.0002375672766415,historical,raw/1b-dagformer_historical_metrics.csv,2.8330775669642856
16100,8.441561088,3.2421875,0.000237459634015,historical,raw/1b-dagformer_historical_metrics.csv,2.861909412202381
16110,8.446803968,3.271484375,0.0002373519913885,historical,raw/1b-dagformer_historical_metrics.csv,2.9364536830357144
16120,8.452046848,3.3564453125,0.0002372443487621,historical,raw/1b-dagformer_historical_metrics.csv,2.945010230654762
16130,8.457289728,3.25390625,0.0002371367061356,historical,raw/1b-dagformer_historical_metrics.csv,2.9435221354166665
16140,8.462532608,1.740234375,0.0002370290635091,historical,raw/1b-dagformer_historical_metrics.csv,2.8753487723214284
16150,8.467775488,2.1923828125,0.0002369214208826,historical,raw/1b-dagformer_historical_metrics.csv,2.8610723586309526
16160,8.473018368,3.1865234375,0.0002368137782561,historical,raw/1b-dagformer_historical_metrics.csv,2.9151785714285716
16170,8.478261248,3.1591796875,0.0002367061356297,historical,raw/1b-dagformer_historical_metrics.csv,2.907505580357143
16180,8.483504128,3.2626953125,0.0002365984930032,historical,raw/1b-dagformer_historical_metrics.csv,2.935360863095238
16190,8.488747008,3.2265625,0.0002364908503767,historical,raw/1b-dagformer_historical_metrics.csv,2.9355933779761907
16200,8.493989888,1.87158203125,0.0002363832077502,historical,raw/1b-dagformer_historical_metrics.csv,2.9406622023809526
16210,8.499232768,3.208984375,0.0002362755651237,historical,raw/1b-dagformer_historical_metrics.csv,2.9379650297619047
16220,8.504475648,3.2998046875,0.0002361679224973,historical,raw/1b-dagformer_historical_metrics.csv,2.9499627976190474
16230,8.509718528,3.189453125,0.0002360602798708,historical,raw/1b-dagformer_historical_metrics.csv,2.945219494047619
16240,8.514961408,1.98291015625,0.0002359526372443,historical,raw/1b-dagformer_historical_metrics.csv,2.886509486607143
16250,8.520204288,3.177734375,0.0002358449946178,historical,raw/1b-dagformer_historical_metrics.csv,2.912318638392857
16260,8.525447168,3.111328125,0.0002357373519913,historical,raw/1b-dagformer_historical_metrics.csv,2.9104120163690474
16270,8.530690048,3.1865234375,0.0002356297093649,historical,raw/1b-dagformer_historical_metrics.csv,2.9092494419642856
16280,8.535932928,2.4189453125,0.0002355220667384,historical,raw/1b-dagformer_historical_metrics.csv,2.8758603050595237
16290,8.541175808,2.6806640625,0.0002354144241119,historical,raw/1b-dagformer_historical_metrics.csv,2.91796875
16300,8.546418688,3.1044921875,0.0002353067814854,historical,raw/1b-dagformer_historical_metrics.csv,2.9106677827380953
16310,8.551661568,3.1669921875,0.0002351991388589,historical,raw/1b-dagformer_historical_metrics.csv,2.9070870535714284
16320,8.556904448,3.134765625,0.0002350914962325,historical,raw/1b-dagformer_historical_metrics.csv,2.900576636904762
16330,8.562147328,3.26171875,0.000234983853606,historical,raw/1b-dagformer_historical_metrics.csv,2.8960658482142856
16340,8.567390208,2.6455078125,0.0002348762109795,historical,raw/1b-dagformer_historical_metrics.csv,2.867094494047619
16350,8.572633088,3.21875,0.000234768568353,historical,raw/1b-dagformer_historical_metrics.csv,2.9375
16360,8.577875968,1.982421875,0.0002346609257265,historical,raw/1b-dagformer_historical_metrics.csv,2.9275018601190474
16370,8.583118848,3.1357421875,0.0002345532831001,historical,raw/1b-dagformer_historical_metrics.csv,2.925083705357143
16380,8.588361728,1.39013671875,0.0002344456404736,historical,raw/1b-dagformer_historical_metrics.csv,2.8408435639880953
16390,8.593604608,2.7880859375,0.0002343379978471,historical,raw/1b-dagformer_historical_metrics.csv,2.8182431175595237
16400,8.598847488,2.60302734375,0.0002342303552206,historical,raw/1b-dagformer_historical_metrics.csv,2.7885509672619047
16410,8.604090368,2.0537109375,0.0002341227125941,historical,raw/1b-dagformer_historical_metrics.csv,2.7972237723214284
16420,8.609333248,1.9677734375,0.0002340150699677,historical,raw/1b-dagformer_historical_metrics.csv,2.7381184895833335
16430,8.614576128,3.3291015625,0.0002339074273412,historical,raw/1b-dagformer_historical_metrics.csv,2.7395135788690474
16440,8.619819008,2.53564453125,0.0002337997847147,historical,raw/1b-dagformer_historical_metrics.csv,2.7083798363095237
16450,8.625061888,3.177734375,0.0002336921420882,historical,raw/1b-dagformer_historical_metrics.csv,2.7652762276785716
16460,8.630304768,3.263671875,0.0002335844994617,historical,raw/1b-dagformer_historical_metrics.csv,2.7693684895833335
16470,8.635547648,3.1787109375,0.0002334768568353,historical,raw/1b-dagformer_historical_metrics.csv,2.7725771949404763
16480,8.640790528,2.5263671875,0.0002333692142088,historical,raw/1b-dagformer_historical_metrics.csv,2.7411411830357144
16490,8.646033408,3.1728515625,0.0002332615715823,historical,raw/1b-dagformer_historical_metrics.csv,2.777041480654762
16500,8.651276288,3.0712890625,0.0002331539289558,historical,raw/1b-dagformer_historical_metrics.csv,2.7956426711309526
16510,8.656519168,2.5712890625,0.0002330462863293,historical,raw/1b-dagformer_historical_metrics.csv,2.7702520461309526
16520,8.661762048,3.30859375,0.0002329386437029,historical,raw/1b-dagformer_historical_metrics.csv,2.7769949776785716
16530,8.667004928,3.158203125,0.0002328310010764,historical,raw/1b-dagformer_historical_metrics.csv,2.778111049107143
16540,8.672247808,3.10546875,0.0002327233584499,historical,raw/1b-dagformer_historical_metrics.csv,2.7706705729166665
16550,8.677490688,3.09765625,0.0002326157158234,historical,raw/1b-dagformer_historical_metrics.csv,2.792201450892857
16560,8.682733568,3.1513671875,0.0002325080731969,historical,raw/1b-dagformer_historical_metrics.csv,2.7889927455357144
16570,8.687976448,3.1123046875,0.0002324004305705,historical,raw/1b-dagformer_historical_metrics.csv,2.8427966889880953
16580,8.693219328,3.0703125,0.000232292787944,historical,raw/1b-dagformer_historical_metrics.csv,2.8396809895833335
16590,8.698462208,2.5595703125,0.0002321851453175,historical,raw/1b-dagformer_historical_metrics.csv,2.8953683035714284
16600,8.703705088,3.0625,0.000232077502691,historical,raw/1b-dagformer_historical_metrics.csv,2.9084356398809526
16610,8.708947968,2.09228515625,0.0002319698600645,historical,raw/1b-dagformer_historical_metrics.csv,2.8841145833333335
16620,8.714190848,2.533203125,0.0002318622174381,historical,raw/1b-dagformer_historical_metrics.csv,2.906947544642857
16630,8.719433728,2.00244140625,0.0002317545748116,historical,raw/1b-dagformer_historical_metrics.csv,2.908598400297619
16640,8.724676608,2.634765625,0.0002316469321851,historical,raw/1b-dagformer_historical_metrics.csv,2.8755347842261907
16650,8.729919488,3.0927734375,0.0002315392895586,historical,raw/1b-dagformer_historical_metrics.csv,2.902064732142857
16660,8.735162368,3.2451171875,0.0002314316469321,historical,raw/1b-dagformer_historical_metrics.csv,2.9052734375
16670,8.740405248,3.0849609375,0.0002313240043057,historical,raw/1b-dagformer_historical_metrics.csv,2.896763392857143
16680,8.745648128,3.2333984375,0.0002312163616792,historical,raw/1b-dagformer_historical_metrics.csv,2.8993675595238093
16690,8.750891008,3.4697265625,0.0002311087190527,historical,raw/1b-dagformer_historical_metrics.csv,2.9442894345238093
16700,8.756133888,3.1279296875,0.0002310010764262,historical,raw/1b-dagformer_historical_metrics.csv,2.9421502976190474
16710,8.761376768,1.6396484375,0.0002308934337997,historical,raw/1b-dagformer_historical_metrics.csv,2.8739769345238093
16720,8.766619648,1.84130859375,0.0002307857911733,historical,raw/1b-dagformer_historical_metrics.csv,2.8392159598214284
16730,8.771862528,0.876708984375,0.0002306781485468,historical,raw/1b-dagformer_historical_metrics.csv,2.7234119233630953
16740,8.777105408,3.1748046875,0.0002305705059203,historical,raw/1b-dagformer_historical_metrics.csv,2.7242024739583335
16750,8.782348288,3.3212890625,0.0002304628632938,historical,raw/1b-dagformer_historical_metrics.csv,2.7344796316964284
16760,8.787591168,3.064453125,0.0002303552206673,historical,raw/1b-dagformer_historical_metrics.csv,2.7328985305059526
16770,8.792834048,3.1650390625,0.0002302475780409,historical,raw/1b-dagformer_historical_metrics.csv,2.733549572172619
16780,8.798076928,3.25,0.0002301399354144,historical,raw/1b-dagformer_historical_metrics.csv,2.7401064918154763
16790,8.803319808,3.185546875,0.0002300322927879,historical,raw/1b-dagformer_historical_metrics.csv,2.7455938430059526
16800,8.808562688,3.1611328125,0.0002299246501614,historical,raw/1b-dagformer_historical_metrics.csv,2.7742396763392856
16810,8.813805568,2.576171875,0.0002298170075349,historical,raw/1b-dagformer_historical_metrics.csv,2.7510811941964284
16820,8.819048448,3.228515625,0.0002297093649085,historical,raw/1b-dagformer_historical_metrics.csv,2.8051874069940474
16830,8.824291328,3.1708984375,0.000229601722282,historical,raw/1b-dagformer_historical_metrics.csv,2.8355538504464284
16840,8.829534208,3.1171875,0.0002294940796555,historical,raw/1b-dagformer_historical_metrics.csv,2.888636997767857
16850,8.834777088,3.1416015625,0.000229386437029,historical,raw/1b-dagformer_historical_metrics.csv,2.9127720424107144
16860,8.840019968,2.0048828125,0.0002292787944025,historical,raw/1b-dagformer_historical_metrics.csv,2.8609677269345237
16870,8.845262848,2.9931640625,0.0002291711517761,historical,raw/1b-dagformer_historical_metrics.csv,2.848969959077381
16880,8.850505728,3.126953125,0.0002290635091496,historical,raw/1b-dagformer_historical_metrics.csv,2.8509695870535716
16890,8.855748608,2.48046875,0.0002289558665231,historical,raw/1b-dagformer_historical_metrics.csv,2.8151157924107144
16900,8.860991488,3.1708984375,0.0002288482238966,historical,raw/1b-dagformer_historical_metrics.csv,2.8008858816964284
16910,8.866234368,3.0595703125,0.0002287405812701,historical,raw/1b-dagformer_historical_metrics.csv,2.7976306733630953
16920,8.871477248,1.3896484375,0.0002286329386437,historical,raw/1b-dagformer_historical_metrics.csv,2.7857259114583335
16930,8.876720128,3.2978515625,0.0002285252960172,historical,raw/1b-dagformer_historical_metrics.csv,2.8550851004464284
16940,8.881963008,3.28515625,0.0002284176533907,historical,raw/1b-dagformer_historical_metrics.csv,2.9697730654761907
16950,8.887205888,2.35498046875,0.0002283100107642,historical,raw/1b-dagformer_historical_metrics.csv,2.9307338169642856
16960,8.892448768,3.2060546875,0.0002282023681377,historical,raw/1b-dagformer_historical_metrics.csv,2.9252464657738093
16970,8.897691648,3.236328125,0.0002280947255113,historical,raw/1b-dagformer_historical_metrics.csv,2.9334309895833335
16980,8.902934528,1.82275390625,0.0002279870828848,historical,raw/1b-dagformer_historical_metrics.csv,2.8695126488095237
16990,8.908177408,3.1689453125,0.0002278794402583,historical,raw/1b-dagformer_historical_metrics.csv,2.8656529017857144
17000,8.913420288,2.6005859375,0.0002277717976318,historical,raw/1b-dagformer_historical_metrics.csv,2.837797619047619
17010,8.918663168,2.765625,0.0002276641550053,historical,raw/1b-dagformer_historical_metrics.csv,2.8189639136904763
17020,8.923906048,3.20703125,0.0002275565123789,historical,raw/1b-dagformer_historical_metrics.csv,2.8490048363095237
17030,8.929148928,3.2685546875,0.0002274488697524,historical,raw/1b-dagformer_historical_metrics.csv,2.8509114583333335
17040,8.934391808,1.63916015625,0.0002273412271259,historical,raw/1b-dagformer_historical_metrics.csv,2.7779715401785716
17050,8.939634688,3.2548828125,0.0002272335844994,historical,raw/1b-dagformer_historical_metrics.csv,2.7845284598214284
17060,8.944877568,2.45703125,0.0002271259418729,historical,raw/1b-dagformer_historical_metrics.csv,2.7519298735119047
17070,8.950120448,3.17578125,0.0002270182992465,historical,raw/1b-dagformer_historical_metrics.csv,2.8076869419642856
17080,8.955363328,3.203125,0.00022691065662,historical,raw/1b-dagformer_historical_metrics.csv,2.817685081845238
17090,8.960606208,1.4267578125,0.0002268030139935,historical,raw/1b-dagformer_historical_metrics.csv,2.736723400297619
17100,8.965849088,3.19921875,0.000226695371367,historical,raw/1b-dagformer_historical_metrics.csv,2.7709495907738093
17110,8.971091968,3.1708984375,0.0002265877287405,historical,raw/1b-dagformer_historical_metrics.csv,2.7709495907738093
17120,8.976334848,3.076171875,0.0002264800861141,historical,raw/1b-dagformer_historical_metrics.csv,2.7717401413690474
17130,8.981577728,3.095703125,0.0002263724434876,historical,raw/1b-dagformer_historical_metrics.csv,2.8529808407738093
17140,8.986820608,2.4560546875,0.0002262648008611,historical,raw/1b-dagformer_historical_metrics.csv,2.812895275297619
17150,8.992063488,2.5537109375,0.0002261571582346,historical,raw/1b-dagformer_historical_metrics.csv,2.7780645461309526
17160,8.997306368,3.2412109375,0.0002260495156081,historical,raw/1b-dagformer_historical_metrics.csv,2.8202659970238093
17170,9.002549248,3.2138671875,0.0002259418729817,historical,raw/1b-dagformer_historical_metrics.csv,2.8206380208333335
17180,9.007792128,3.1513671875,0.0002258342303552,historical,raw/1b-dagformer_historical_metrics.csv,2.816592261904762
17190,9.013035008,1.9462890625,0.0002257265877287,historical,raw/1b-dagformer_historical_metrics.csv,2.822474888392857
17200,9.018277888,2.7490234375,0.0002256189451022,historical,raw/1b-dagformer_historical_metrics.csv,2.8024786086309526
17210,9.023520768,3.2021484375,0.0002255113024757,historical,raw/1b-dagformer_historical_metrics.csv,2.8311244419642856
17220,9.028763648,3.07421875,0.0002254036598493,historical,raw/1b-dagformer_historical_metrics.csv,2.8458193824404763
17230,9.034006528,3.1640625,0.0002252960172228,historical,raw/1b-dagformer_historical_metrics.csv,2.8437732514880953
17240,9.039249408,1.84814453125,0.0002251883745963,historical,raw/1b-dagformer_historical_metrics.csv,2.7761346726190474
17250,9.044492288,3.318359375,0.0002250807319698,historical,raw/1b-dagformer_historical_metrics.csv,2.8560965401785716
17260,9.049735168,3.2451171875,0.0002249730893433,historical,raw/1b-dagformer_historical_metrics.csv,2.8556315104166665
17270,9.054978048,3.1953125,0.0002248654467168,historical,raw/1b-dagformer_historical_metrics.csv,2.8907877604166665
17280,9.060220928,3.1630859375,0.0002247578040904,historical,raw/1b-dagformer_historical_metrics.csv,2.8901832217261907
17290,9.065463808,2.3759765625,0.0002246501614639,historical,raw/1b-dagformer_historical_metrics.csv,2.850795200892857
17300,9.070706688,1.40771484375,0.0002245425188374,historical,raw/1b-dagformer_historical_metrics.csv,2.849888392857143
17310,9.075949568,2.30615234375,0.0002244348762109,historical,raw/1b-dagformer_historical_metrics.csv,2.8073614211309526
17320,9.081192448,3.1865234375,0.0002243272335844,historical,raw/1b-dagformer_historical_metrics.csv,2.80810546875
17330,9.086435328,2.828125,0.000224219590958,historical,raw/1b-dagformer_historical_metrics.csv,2.796293712797619
17340,9.091678208,3.203125,0.0002241119483315,historical,raw/1b-dagformer_historical_metrics.csv,2.8014090401785716
17350,9.096921088,3.1279296875,0.000224004305705,historical,raw/1b-dagformer_historical_metrics.csv,2.833403087797619
17360,9.102163968,1.63623046875,0.0002238966630785,historical,raw/1b-dagformer_historical_metrics.csv,2.7897135416666665
17370,9.107406848,3.224609375,0.000223789020452,historical,raw/1b-dagformer_historical_metrics.csv,2.7889229910714284
17380,9.112649728,1.72021484375,0.0002236813778256,historical,raw/1b-dagformer_historical_metrics.csv,2.7177966889880953
17390,9.117892608,1.978515625,0.0002235737351991,historical,raw/1b-dagformer_historical_metrics.csv,2.6619466145833335
17400,9.123135488,3.052734375,0.0002234660925726,historical,raw/1b-dagformer_historical_metrics.csv,2.714634486607143
17410,9.128378368,3.1572265625,0.0002233584499461,historical,raw/1b-dagformer_historical_metrics.csv,2.734072730654762
17420,9.133621248,1.71875,0.0002232508073196,historical,raw/1b-dagformer_historical_metrics.csv,2.6634347098214284
17430,9.138864128,3.2099609375,0.0002231431646932,historical,raw/1b-dagformer_historical_metrics.csv,2.6698986235119047
17440,9.144107008,3.255859375,0.0002230355220667,historical,raw/1b-dagformer_historical_metrics.csv,2.6742699032738093
17450,9.149349888,3.2529296875,0.0002229278794402,historical,raw/1b-dagformer_historical_metrics.csv,2.7411644345238093
17460,9.154592768,3.0087890625,0.0002228202368137,historical,raw/1b-dagformer_historical_metrics.csv,2.7264229910714284
17470,9.159835648,3.01953125,0.0002227125941872,historical,raw/1b-dagformer_historical_metrics.csv,2.7156808035714284
17480,9.165078528,3.1533203125,0.0002226049515608,historical,raw/1b-dagformer_historical_metrics.csv,2.713681175595238
17490,9.170321408,3.076171875,0.0002224973089343,historical,raw/1b-dagformer_historical_metrics.csv,2.7095424107142856
17500,9.175564288,2.4208984375,0.0002223896663078,historical,raw/1b-dagformer_historical_metrics.csv,2.7116815476190474
17510,9.180807168,3.2744140625,0.0002222820236813,historical,raw/1b-dagformer_historical_metrics.csv,2.800571986607143
17520,9.186050048,3.166015625,0.0002221743810548,historical,raw/1b-dagformer_historical_metrics.csv,2.841517857142857
17530,9.191292928,3.1337890625,0.0002220667384284,historical,raw/1b-dagformer_historical_metrics.csv,2.8390066964285716
17540,9.196535808,3.2041015625,0.0002219590958019,historical,raw/1b-dagformer_historical_metrics.csv,2.8569103422619047
17550,9.201778688,3.2197265625,0.0002218514531754,historical,raw/1b-dagformer_historical_metrics.csv,2.857700892857143
17560,9.207021568,3.296875,0.0002217438105489,historical,raw/1b-dagformer_historical_metrics.csv,2.8657459077380953
17570,9.212264448,2.470703125,0.0002216361679224,historical,raw/1b-dagformer_historical_metrics.csv,2.905482700892857
17580,9.217507328,3.2724609375,0.000221528525296,historical,raw/1b-dagformer_historical_metrics.csv,2.9077613467261907
17590,9.222750208,3.138671875,0.0002214208826695,historical,raw/1b-dagformer_historical_metrics.csv,2.975306919642857
17600,9.227993088,3.1953125,0.000221313240043,historical,raw/1b-dagformer_historical_metrics.csv,3.0332496279761907
17610,9.233235968,3.0966796875,0.0002212055974165,historical,raw/1b-dagformer_historical_metrics.csv,3.035342261904762
17620,9.238478848,3.2744140625,0.00022109795479,historical,raw/1b-dagformer_historical_metrics.csv,3.040922619047619
17630,9.243721728,3.3203125,0.0002209903121636,historical,raw/1b-dagformer_historical_metrics.csv,3.1171875
17640,9.248964608,3.1826171875,0.0002208826695371,historical,raw/1b-dagformer_historical_metrics.csv,3.1158854166666665
17650,9.254207488,2.62890625,0.0002207750269106,historical,raw/1b-dagformer_historical_metrics.csv,3.086030505952381
17660,9.259450368,1.61083984375,0.0002206673842841,historical,raw/1b-dagformer_historical_metrics.csv,3.0078357514880953
17670,9.264693248,3.17578125,0.0002205597416576,historical,raw/1b-dagformer_historical_metrics.csv,3.0157877604166665
17680,9.269936128,3.126953125,0.0002204520990312,historical,raw/1b-dagformer_historical_metrics.csv,3.020903087797619
17690,9.275179008,3.1787109375,0.0002203444564047,historical,raw/1b-dagformer_historical_metrics.csv,3.0221121651785716
17700,9.280421888,3.2646484375,0.0002202368137782,historical,raw/1b-dagformer_historical_metrics.csv,3.0310872395833335
17710,9.285664768,3.1474609375,0.0002201291711517,historical,raw/1b-dagformer_historical_metrics.csv,3.0656854538690474
17720,9.290907648,3.21484375,0.0002200215285252,historical,raw/1b-dagformer_historical_metrics.csv,3.0628487723214284
17730,9.296150528,3.13671875,0.0002199138858988,historical,raw/1b-dagformer_historical_metrics.csv,3.0614536830357144
17740,9.301393408,3.0400390625,0.0002198062432723,historical,raw/1b-dagformer_historical_metrics.csv,3.0569893973214284
17750,9.306636288,2.36962890625,0.0002196986006458,historical,raw/1b-dagformer_historical_metrics.csv,3.0172526041666665
17760,9.311879168,3.1640625,0.0002195909580193,historical,raw/1b-dagformer_historical_metrics.csv,3.0146019345238093
17770,9.317122048,2.7861328125,0.0002194833153928,historical,raw/1b-dagformer_historical_metrics.csv,2.9902808779761907
17780,9.322364928,1.89013671875,0.0002193756727664,historical,raw/1b-dagformer_historical_metrics.csv,2.9626348586309526
17790,9.327607808,3.1005859375,0.0002192680301399,historical,raw/1b-dagformer_historical_metrics.csv,2.9544503348214284
17800,9.332850688,3.3193359375,0.0002191603875134,historical,raw/1b-dagformer_historical_metrics.csv,2.9630533854166665
17810,9.338093568,3.2138671875,0.0002190527448869,historical,raw/1b-dagformer_historical_metrics.csv,2.9639369419642856
17820,9.343336448,2.65234375,0.0002189451022604,historical,raw/1b-dagformer_historical_metrics.csv,2.942778087797619
17830,9.348579328,3.1787109375,0.000218837459634,historical,raw/1b-dagformer_historical_metrics.csv,2.9382207961309526
17840,9.353822208,3.0537109375,0.0002187298170075,historical,raw/1b-dagformer_historical_metrics.csv,2.9255254836309526
17850,9.359065088,3.0966796875,0.000218622174381,historical,raw/1b-dagformer_historical_metrics.csv,2.9214332217261907
17860,9.364307968,1.69677734375,0.0002185145317545,historical,raw/1b-dagformer_historical_metrics.csv,2.877046130952381
17870,9.369550848,3.32421875,0.000218406889128,historical,raw/1b-dagformer_historical_metrics.csv,2.9586356026785716
17880,9.374793728,3.11328125,0.0002182992465016,historical,raw/1b-dagformer_historical_metrics.csv,2.955659412202381
17890,9.380036608,3.1435546875,0.0002181916038751,historical,raw/1b-dagformer_historical_metrics.csv,2.956449962797619
17900,9.385279488,2.751953125,0.0002180839612486,historical,raw/1b-dagformer_historical_metrics.csv,2.936128162202381
17910,9.390522368,2.072265625,0.0002179763186221,historical,raw/1b-dagformer_historical_metrics.csv,2.8793480282738093
17920,9.395765248,3.169921875,0.0002178686759956,historical,raw/1b-dagformer_historical_metrics.csv,2.8804175967261907
17930,9.401008128,3.2041015625,0.0002177610333692,historical,raw/1b-dagformer_historical_metrics.csv,2.8799060639880953
17940,9.406251008,2.66015625,0.0002176533907427,historical,raw/1b-dagformer_historical_metrics.csv,2.857212611607143
17950,9.411493888,1.6953125,0.0002175457481162,historical,raw/1b-dagformer_historical_metrics.csv,2.793178013392857
17960,9.416736768,3.07421875,0.0002174381054897,historical,raw/1b-dagformer_historical_metrics.csv,2.8267299107142856
17970,9.421979648,3.1669921875,0.0002173304628632,historical,raw/1b-dagformer_historical_metrics.csv,2.826869419642857
17980,9.427222528,3.1025390625,0.0002172228202368,historical,raw/1b-dagformer_historical_metrics.csv,2.8419363839285716
17990,9.432465408,2.673828125,0.0002171151776103,historical,raw/1b-dagformer_historical_metrics.csv,2.8792550223214284
18000,9.437708288,3.2333984375,0.0002170075349838,historical,raw/1b-dagformer_historical_metrics.csv,2.8855794270833335
18010,9.442951168,3.1298828125,0.0002168998923573,historical,raw/1b-dagformer_historical_metrics.csv,2.876557849702381
18020,9.448194048,3.111328125,0.0002167922497308,historical,raw/1b-dagformer_historical_metrics.csv,2.871675037202381
18030,9.453436928,3.2626953125,0.0002166846071044,historical,raw/1b-dagformer_historical_metrics.csv,2.9007393973214284
18040,9.458679808,3.1494140625,0.0002165769644779,historical,raw/1b-dagformer_historical_metrics.csv,2.8993443080357144
18050,9.463922688,2.0791015625,0.0002164693218514,historical,raw/1b-dagformer_historical_metrics.csv,2.852934337797619
18060,9.469165568,3.2080078125,0.0002163616792249,historical,raw/1b-dagformer_historical_metrics.csv,2.8582356770833335
18070,9.474408448,3.1474609375,0.0002162540365984,historical,raw/1b-dagformer_historical_metrics.csv,2.9273158482142856
18080,9.479651328,3.236328125,0.000216146393972,historical,raw/1b-dagformer_historical_metrics.csv,2.923130580357143
18090,9.484894208,1.66259765625,0.0002160387513455,historical,raw/1b-dagformer_historical_metrics.csv,2.8540504092261907
18100,9.490137088,1.7529296875,0.000215931108719,historical,raw/1b-dagformer_historical_metrics.csv,2.7878301711309526
18110,9.495379968,3.1748046875,0.0002158234660925,historical,raw/1b-dagformer_historical_metrics.csv,2.8079659598214284
18120,9.500622848,3.1767578125,0.000215715823466,historical,raw/1b-dagformer_historical_metrics.csv,2.860560825892857
18130,9.505865728,3.1865234375,0.0002156081808396,historical,raw/1b-dagformer_historical_metrics.csv,2.8613513764880953
18140,9.511108608,3.267578125,0.0002155005382131,historical,raw/1b-dagformer_historical_metrics.csv,2.8643740699404763
18150,9.516351488,2.720703125,0.0002153928955866,historical,raw/1b-dagformer_historical_metrics.csv,2.8672572544642856
18160,9.521594368,1.794921875,0.0002152852529601,historical,raw/1b-dagformer_historical_metrics.csv,2.8720005580357144
18170,9.526837248,1.84814453125,0.0002151776103336,historical,raw/1b-dagformer_historical_metrics.csv,2.8136160714285716
18180,9.532080128,2.5859375,0.0002150699677072,historical,raw/1b-dagformer_historical_metrics.csv,2.785946800595238
18190,9.537323008,2.7763671875,0.0002149623250807,historical,raw/1b-dagformer_historical_metrics.csv,2.770414806547619
18200,9.542565888,3.20703125,0.0002148546824542,historical,raw/1b-dagformer_historical_metrics.csv,2.795805431547619
18210,9.547808768,3.1962890625,0.0002147470398277,historical,raw/1b-dagformer_historical_metrics.csv,2.794038318452381
18220,9.553051648,3.05859375,0.0002146393972012,historical,raw/1b-dagformer_historical_metrics.csv,2.7906436011904763
18230,9.558294528,3.2177734375,0.0002145317545748,historical,raw/1b-dagformer_historical_metrics.csv,2.795712425595238
18240,9.563537408,3.171875,0.0002144241119483,historical,raw/1b-dagformer_historical_metrics.csv,2.7913876488095237
18250,9.568780288,3.0087890625,0.0002143164693218,historical,raw/1b-dagformer_historical_metrics.csv,2.7846912202380953
18260,9.574023168,3.1806640625,0.0002142088266953,historical,raw/1b-dagformer_historical_metrics.csv,2.8371465773809526
18270,9.579266048,3.126953125,0.0002141011840688,historical,raw/1b-dagformer_historical_metrics.csv,2.833286830357143
18280,9.584508928,3.6220703125,0.0002139935414424,historical,raw/1b-dagformer_historical_metrics.csv,2.8558872767857144
18290,9.589751808,1.7841796875,0.0002138858988159,historical,raw/1b-dagformer_historical_metrics.csv,2.7867373511904763
18300,9.594994688,1.9921875,0.0002137782561894,historical,raw/1b-dagformer_historical_metrics.csv,2.802432105654762
18310,9.600237568,3.076171875,0.0002136706135629,historical,raw/1b-dagformer_historical_metrics.csv,2.865443638392857
18320,9.605480448,3.046875,0.0002135629709364,historical,raw/1b-dagformer_historical_metrics.csv,2.8593517485119047
18330,9.610723328,3.2421875,0.00021345532831,historical,raw/1b-dagformer_historical_metrics.csv,2.8624674479166665
18340,9.615966208,3.09765625,0.0002133476856835,historical,raw/1b-dagformer_historical_metrics.csv,2.8582356770833335
18350,9.621209088,3.146484375,0.000213240043057,historical,raw/1b-dagformer_historical_metrics.csv,2.8524693080357144
18360,9.626451968,3.08203125,0.0002131324004305,historical,raw/1b-dagformer_historical_metrics.csv,2.8696754092261907
18370,9.631694848,3.0439453125,0.000213024757804,historical,raw/1b-dagformer_historical_metrics.csv,2.9291527157738093
18380,9.636937728,3.28125,0.0002129171151776,historical,raw/1b-dagformer_historical_metrics.csv,2.9973958333333335
18390,9.642180608,3.123046875,0.0002128094725511,historical,raw/1b-dagformer_historical_metrics.csv,3.0229724702380953
18400,9.647423488,3.1416015625,0.0002127018299246,historical,raw/1b-dagformer_historical_metrics.csv,3.0403645833333335
18410,9.652666368,3.1884765625,0.0002125941872981,historical,raw/1b-dagformer_historical_metrics.csv,3.0394810267857144
18420,9.657909248,3.126953125,0.0002124865446716,historical,raw/1b-dagformer_historical_metrics.csv,3.0361793154761907
18430,9.663152128,1.88427734375,0.0002123789020452,historical,raw/1b-dagformer_historical_metrics.csv,2.980259486607143
18440,9.668395008,3.16015625,0.0002122712594187,historical,raw/1b-dagformer_historical_metrics.csv,2.9775158110119047
18450,9.673637888,3.134765625,0.0002121636167922,historical,raw/1b-dagformer_historical_metrics.csv,2.9757486979166665
18460,9.678880768,3.2490234375,0.0002120559741657,historical,raw/1b-dagformer_historical_metrics.csv,2.9871884300595237
18470,9.684123648,2.72265625,0.0002119483315392,historical,raw/1b-dagformer_historical_metrics.csv,2.9653785342261907
18480,9.689366528,1.9365234375,0.0002118406889128,historical,raw/1b-dagformer_historical_metrics.csv,2.90869140625
18490,9.694609408,3.10546875,0.0002117330462863,historical,raw/1b-dagformer_historical_metrics.csv,2.884091331845238
18500,9.699852288,2.10498046875,0.0002116254036598,historical,raw/1b-dagformer_historical_metrics.csv,2.8993675595238093
18510,9.705095168,3.0166015625,0.0002115177610333,historical,raw/1b-dagformer_historical_metrics.csv,2.948149181547619
18520,9.710338048,2.6328125,0.0002114101184068,historical,raw/1b-dagformer_historical_metrics.csv,2.927036830357143
18530,9.715580928,3.107421875,0.0002113024757804,historical,raw/1b-dagformer_historical_metrics.csv,2.9299200148809526
18540,9.720823808,3.2001953125,0.0002111948331539,historical,raw/1b-dagformer_historical_metrics.csv,2.927920386904762
18550,9.726066688,3.271484375,0.0002110871905274,historical,raw/1b-dagformer_historical_metrics.csv,2.9361979166666665
18560,9.731309568,3.1767578125,0.0002109795479009,historical,raw/1b-dagformer_historical_metrics.csv,2.9376395089285716
18570,9.736552448,3.08984375,0.0002108719052744,historical,raw/1b-dagformer_historical_metrics.csv,2.9380115327380953
18580,9.741795328,2.6328125,0.000210764262648,historical,raw/1b-dagformer_historical_metrics.csv,2.9184337797619047
18590,9.747038208,3.0751953125,0.0002106566200215,historical,raw/1b-dagformer_historical_metrics.csv,2.9086216517857144
18600,9.752281088,3.0517578125,0.000210548977395,historical,raw/1b-dagformer_historical_metrics.csv,2.9052269345238093
18610,9.757523968,2.955078125,0.0002104413347685,historical,raw/1b-dagformer_historical_metrics.csv,2.8963448660714284
18620,9.762766848,1.62158203125,0.000210333692142,historical,raw/1b-dagformer_historical_metrics.csv,2.8217308407738093
18630,9.768009728,2.279296875,0.0002102260495156,historical,raw/1b-dagformer_historical_metrics.csv,2.7813662574404763
18640,9.773252608,2.68359375,0.0002101184068891,historical,raw/1b-dagformer_historical_metrics.csv,2.819428943452381
18650,9.778495488,3.103515625,0.0002100107642626,historical,raw/1b-dagformer_historical_metrics.csv,2.8167317708333335
18660,9.783738368,3.1044921875,0.0002099031216361,historical,raw/1b-dagformer_historical_metrics.csv,2.8152901785714284
18670,9.788981248,1.36474609375,0.0002097954790096,historical,raw/1b-dagformer_historical_metrics.csv,2.7255626860119047
18680,9.794224128,3.1748046875,0.0002096878363832,historical,raw/1b-dagformer_historical_metrics.csv,2.7470935639880953
18690,9.799467008,3.1982421875,0.0002095801937567,historical,raw/1b-dagformer_historical_metrics.csv,2.8071754092261907
18700,9.804709888,3.04296875,0.0002094725511302,historical,raw/1b-dagformer_historical_metrics.csv,2.80419921875
18710,9.809952768,1.60009765625,0.0002093649085037,historical,raw/1b-dagformer_historical_metrics.csv,2.7801571800595237
18720,9.815195648,3.166015625,0.0002092572658772,historical,raw/1b-dagformer_historical_metrics.csv,2.7872721354166665
18730,9.820438528,1.72900390625,0.0002091496232508,historical,raw/1b-dagformer_historical_metrics.csv,2.744233630952381
18740,9.825681408,1.95947265625,0.0002090419806243,historical,raw/1b-dagformer_historical_metrics.csv,2.6895693824404763
18750,9.830924288,3.26953125,0.0002089343379978,historical,raw/1b-dagformer_historical_metrics.csv,2.69287109375
18760,9.836167168,3.1494140625,0.0002088266953713,historical,raw/1b-dagformer_historical_metrics.csv,2.6870582217261907
18770,9.841410048,3.193359375,0.0002087190527448,historical,raw/1b-dagformer_historical_metrics.csv,2.6878487723214284
18780,9.846652928,3.1376953125,0.0002086114101184,historical,raw/1b-dagformer_historical_metrics.csv,2.690127418154762
18790,9.851895808,1.703125,0.0002085037674919,historical,raw/1b-dagformer_historical_metrics.csv,2.6458565848214284
18800,9.857138688,3.1181640625,0.0002083961248654,historical,raw/1b-dagformer_historical_metrics.csv,2.6479027157738093
18810,9.862381568,1.77880859375,0.0002082884822389,historical,raw/1b-dagformer_historical_metrics.csv,2.5872860863095237
18820,9.867624448,3.162109375,0.0002081808396124,historical,raw/1b-dagformer_historical_metrics.csv,2.5971447172619047
18830,9.872867328,3.0810546875,0.000208073196986,historical,raw/1b-dagformer_historical_metrics.csv,2.6666434151785716
18840,9.878110208,1.576171875,0.0002079655543595,historical,raw/1b-dagformer_historical_metrics.csv,2.6331612723214284
18850,9.883353088,3.14453125,0.000207857911733,historical,raw/1b-dagformer_historical_metrics.csv,2.6551106770833335
18860,9.888595968,2.529296875,0.0002077502691065,historical,raw/1b-dagformer_historical_metrics.csv,2.6277669270833335
18870,9.893838848,1.82568359375,0.00020764262648,historical,raw/1b-dagformer_historical_metrics.csv,2.5668712797619047
18880,9.899081728,3.1943359375,0.0002075349838536,historical,raw/1b-dagformer_historical_metrics.csv,2.653994605654762
18890,9.904324608,1.7177734375,0.0002074273412271,historical,raw/1b-dagformer_historical_metrics.csv,2.5846121651785716
18900,9.909567488,3.2119140625,0.0002073196986006,historical,raw/1b-dagformer_historical_metrics.csv,2.585263206845238
18910,9.914810368,3.111328125,0.0002072120559741,historical,raw/1b-dagformer_historical_metrics.csv,2.5885184151785716
18920,9.920053248,3.193359375,0.0002071044133476,historical,raw/1b-dagformer_historical_metrics.csv,2.6643880208333335
18930,9.925296128,1.98388671875,0.0002069967707212,historical,raw/1b-dagformer_historical_metrics.csv,2.608096168154762
18940,9.930539008,3.126953125,0.0002068891280947,historical,raw/1b-dagformer_historical_metrics.csv,2.6746651785714284
18950,9.935781888,3.3662109375,0.0002067814854682,historical,raw/1b-dagformer_historical_metrics.csv,2.7416527157738093
18960,9.941024768,3.12109375,0.0002066738428417,historical,raw/1b-dagformer_historical_metrics.csv,2.734584263392857
18970,9.946267648,1.7587890625,0.0002065662002152,historical,raw/1b-dagformer_historical_metrics.csv,2.668364025297619
18980,9.951510528,3.158203125,0.0002064585575888,historical,raw/1b-dagformer_historical_metrics.csv,2.666689918154762
18990,9.956753408,2.5283203125,0.0002063509149623,historical,raw/1b-dagformer_historical_metrics.csv,2.6376720610119047
19000,9.961996288,3.173828125,0.0002062432723358,historical,raw/1b-dagformer_historical_metrics.csv,2.707705543154762
19010,9.967239168,3.177734375,0.0002061356297093,historical,raw/1b-dagformer_historical_metrics.csv,2.710542224702381
19020,9.972482048,1.80810546875,0.0002060279870828,historical,raw/1b-dagformer_historical_metrics.csv,2.7119373139880953
19030,9.977724928,3.0791015625,0.0002059203444564,historical,raw/1b-dagformer_historical_metrics.csv,2.7079845610119047
19040,9.982967808,3.31640625,0.0002058127018299,historical,raw/1b-dagformer_historical_metrics.csv,2.7191917782738093
19050,9.988210688,2.587890625,0.0002057050592034,historical,raw/1b-dagformer_historical_metrics.csv,2.767368861607143
19060,9.993453568,3.1259765625,0.0002055974165769,historical,raw/1b-dagformer_historical_metrics.csv,2.7664853050595237
19070,9.998696448,2.646484375,0.0002054897739504,historical,raw/1b-dagformer_historical_metrics.csv,2.772065662202381
19080,10.003939328,3.2578125,0.000205382131324,historical,raw/1b-dagformer_historical_metrics.csv,2.8402622767857144
19090,10.009182208,2.5009765625,0.0002052744886975,historical,raw/1b-dagformer_historical_metrics.csv,2.8072451636904763
19100,10.014425088,1.59033203125,0.000205166846071,historical,raw/1b-dagformer_historical_metrics.csv,2.801176525297619
19110,10.019667968,3.146484375,0.0002050592034445,historical,raw/1b-dagformer_historical_metrics.csv,2.798060825892857
19120,10.024910848,3.0849609375,0.000204951560818,historical,raw/1b-dagformer_historical_metrics.csv,2.7968052455357144
19130,10.030153728,3.2216796875,0.0002048439181916,historical,raw/1b-dagformer_historical_metrics.csv,2.798153831845238
19140,10.035396608,1.62646484375,0.0002047362755651,historical,raw/1b-dagformer_historical_metrics.csv,2.7811337425595237
19150,10.040639488,2.830078125,0.0002046286329386,historical,raw/1b-dagformer_historical_metrics.csv,2.766996837797619
19160,10.045882368,3.2119140625,0.0002045209903121,historical,raw/1b-dagformer_historical_metrics.csv,2.7596493675595237
19170,10.051125248,3.1396484375,0.0002044133476856,historical,raw/1b-dagformer_historical_metrics.csv,2.760532924107143
19180,10.056368128,3.03515625,0.0002043057050592,historical,raw/1b-dagformer_historical_metrics.csv,2.8213123139880953
19190,10.061611008,3.220703125,0.0002041980624327,historical,raw/1b-dagformer_historical_metrics.csv,2.8242885044642856
19200,10.066853888,2.5498046875,0.0002040904198062,historical,raw/1b-dagformer_historical_metrics.csv,2.8253115699404763
19210,10.072096768,3.15625,0.0002039827771797,historical,raw/1b-dagformer_historical_metrics.csv,2.8244745163690474
19220,10.077339648,3.26953125,0.0002038751345532,historical,raw/1b-dagformer_historical_metrics.csv,2.8288457961309526
19230,10.082582528,3.130859375,0.0002037674919268,historical,raw/1b-dagformer_historical_metrics.csv,2.8918340773809526
19240,10.087825408,2.6201171875,0.0002036598493003,historical,raw/1b-dagformer_historical_metrics.csv,2.8699776785714284
19250,10.093068288,1.56396484375,0.0002035522066738,historical,raw/1b-dagformer_historical_metrics.csv,2.786528087797619
19260,10.098311168,2.6162109375,0.0002034445640473,historical,raw/1b-dagformer_historical_metrics.csv,2.787876674107143
19270,10.103554048,3.162109375,0.0002033369214208,historical,raw/1b-dagformer_historical_metrics.csv,2.7895972842261907
19280,10.108796928,2.4052734375,0.0002032292787944,historical,raw/1b-dagformer_historical_metrics.csv,2.778111049107143
19290,10.114039808,3.0390625,0.0002031216361679,historical,raw/1b-dagformer_historical_metrics.csv,2.7676943824404763
19300,10.119282688,3.12109375,0.0002030139935414,historical,raw/1b-dagformer_historical_metrics.csv,2.7972237723214284
19310,10.124525568,2.673828125,0.0002029063509149,historical,raw/1b-dagformer_historical_metrics.csv,2.848818824404762
19320,10.129768448,2.16748046875,0.0002027987082884,historical,raw/1b-dagformer_historical_metrics.csv,2.8021995907738093
19330,10.135011328,2.0341796875,0.000202691065662,historical,raw/1b-dagformer_historical_metrics.csv,2.752162388392857
19340,10.140254208,1.64453125,0.0002025834230355,historical,raw/1b-dagformer_historical_metrics.csv,2.677060081845238
19350,10.145497088,3.21875,0.000202475780409,historical,raw/1b-dagformer_historical_metrics.csv,2.7528831845238093
19360,10.150739968,1.63916015625,0.0002023681377825,historical,raw/1b-dagformer_historical_metrics.csv,2.6961728050595237
19370,10.155982848,3.0576171875,0.000202260495156,historical,raw/1b-dagformer_historical_metrics.csv,2.6888253348214284
19380,10.161225728,3.169921875,0.0002021528525296,historical,raw/1b-dagformer_historical_metrics.csv,2.6902669270833335
19390,10.166468608,1.8876953125,0.0002020452099031,historical,raw/1b-dagformer_historical_metrics.csv,2.6356259300595237
19400,10.171711488,3.1533203125,0.0002019375672766,historical,raw/1b-dagformer_historical_metrics.csv,2.632417224702381
19410,10.176954368,2.98046875,0.0002018299246501,historical,raw/1b-dagformer_historical_metrics.csv,2.652925037202381
19420,10.182197248,3.068359375,0.0002017222820236,historical,raw/1b-dagformer_historical_metrics.csv,2.648739769345238
19430,10.187440128,3.158203125,0.0002016146393972,historical,raw/1b-dagformer_historical_metrics.csv,2.6434384300595237
19440,10.192683008,3.1884765625,0.0002015069967707,historical,raw/1b-dagformer_historical_metrics.csv,2.646182105654762
19450,10.197925888,1.712890625,0.0002013993541442,historical,raw/1b-dagformer_historical_metrics.csv,2.6029808407738093
19460,10.203168768,3.16015625,0.0002012917115177,historical,raw/1b-dagformer_historical_metrics.csv,2.678989955357143
19470,10.208411648,2.7509765625,0.0002011840688912,historical,raw/1b-dagformer_historical_metrics.csv,2.6854073660714284
19480,10.213654528,3.1630859375,0.0002010764262648,historical,raw/1b-dagformer_historical_metrics.csv,2.685453869047619
19490,10.218897408,1.57958984375,0.0002009687836383,historical,raw/1b-dagformer_historical_metrics.csv,2.6461356026785716
19500,10.224140288,3.10546875,0.0002008611410118,historical,raw/1b-dagformer_historical_metrics.csv,2.6492978050595237
19510,10.229383168,1.837890625,0.0002007534983853,historical,raw/1b-dagformer_historical_metrics.csv,2.588192894345238
19520,10.234626048,3.087890625,0.0002006458557588,historical,raw/1b-dagformer_historical_metrics.csv,2.60791015625
19530,10.239868928,3.1044921875,0.0002005382131324,historical,raw/1b-dagformer_historical_metrics.csv,2.652529761904762
19540,10.245111808,1.6630859375,0.0002004305705059,historical,raw/1b-dagformer_historical_metrics.csv,2.634858630952381
19550,10.250354688,3.017578125,0.0002003229278794,historical,raw/1b-dagformer_historical_metrics.csv,2.7002418154761907
19560,10.255597568,1.45068359375,0.0002002152852529,historical,raw/1b-dagformer_historical_metrics.csv,2.6160481770833335
19570,10.260840448,3.2001953125,0.0002001076426264,historical,raw/1b-dagformer_historical_metrics.csv,2.6903831845238093
19580,10.266083328,2.6328125,0.0002,historical,raw/1b-dagformer_historical_metrics.csv,2.6701543898809526
19590,10.271326208,2.6435546875,0.0001998923573735,historical,raw/1b-dagformer_historical_metrics.csv,2.6450892857142856
19600,10.276569088,1.5703125,0.000199784714747,historical,raw/1b-dagformer_historical_metrics.csv,2.629975818452381
19610,10.281811968,3.25,0.0001996770721205,historical,raw/1b-dagformer_historical_metrics.csv,2.634579613095238
19620,10.287054848,3.0205078125,0.000199569429494,historical,raw/1b-dagformer_historical_metrics.csv,2.6364862351190474
19630,10.292297728,2.6708984375,0.0001994617868675,historical,raw/1b-dagformer_historical_metrics.csv,2.6175595238095237
19640,10.297540608,3.1640625,0.0001993541442411,historical,raw/1b-dagformer_historical_metrics.csv,2.6178385416666665
19650,10.302783488,3.1220703125,0.0001992465016146,historical,raw/1b-dagformer_historical_metrics.csv,2.6146763392857144
19660,10.308026368,3.0869140625,0.0001991388589881,historical,raw/1b-dagformer_historical_metrics.csv,2.6801060267857144
19670,10.313269248,3.0,0.0001990312163616,historical,raw/1b-dagformer_historical_metrics.csv,2.6724795386904763
19680,10.318512128,3.177734375,0.0001989235737351,historical,raw/1b-dagformer_historical_metrics.csv,2.6928013392857144
19690,10.323755008,3.0966796875,0.0001988159311087,historical,raw/1b-dagformer_historical_metrics.csv,2.689639136904762
19700,10.328997888,3.0625,0.0001987082884822,historical,raw/1b-dagformer_historical_metrics.csv,2.76025390625
19710,10.334240768,1.98095703125,0.0001986006458557,historical,raw/1b-dagformer_historical_metrics.csv,2.7067057291666665
19720,10.339483648,2.7353515625,0.0001984930032292,historical,raw/1b-dagformer_historical_metrics.csv,2.7494419642857144
19730,10.344726528,3.1025390625,0.0001983853606027,historical,raw/1b-dagformer_historical_metrics.csv,2.7501395089285716
19740,10.349969408,3.1728515625,0.0001982777179763,historical,raw/1b-dagformer_historical_metrics.csv,2.7533947172619047
19750,10.355212288,3.087890625,0.0001981700753498,historical,raw/1b-dagformer_historical_metrics.csv,2.8212425595238093
19760,10.360455168,3.2568359375,0.0001980624327233,historical,raw/1b-dagformer_historical_metrics.csv,2.8326357886904763
19770,10.365698048,3.1787109375,0.0001979547900968,historical,raw/1b-dagformer_historical_metrics.csv,2.9149228050595237
19780,10.370940928,3.20703125,0.0001978471474703,historical,raw/1b-dagformer_historical_metrics.csv,2.915248325892857
19790,10.376183808,3.0244140625,0.0001977395048439,historical,raw/1b-dagformer_historical_metrics.csv,2.933896019345238
19800,10.381426688,2.5654296875,0.0001976318622174,historical,raw/1b-dagformer_historical_metrics.csv,2.93017578125
19810,10.386669568,3.150390625,0.0001975242195909,historical,raw/1b-dagformer_historical_metrics.csv,3.0054175967261907
19820,10.391912448,3.38671875,0.0001974165769644,historical,raw/1b-dagformer_historical_metrics.csv,3.011928013392857
19830,10.397155328,3.181640625,0.0001973089343379,historical,raw/1b-dagformer_historical_metrics.csv,3.0196010044642856
19840,10.402398208,1.7783203125,0.0001972012917115,historical,raw/1b-dagformer_historical_metrics.csv,2.9770972842261907
19850,10.407641088,2.59375,0.000197093649085,historical,raw/1b-dagformer_historical_metrics.csv,2.9499395461309526
19860,10.412883968,3.0751953125,0.0001969860064585,historical,raw/1b-dagformer_historical_metrics.csv,2.9477074032738093
19870,10.418126848,3.1435546875,0.000196878363832,historical,raw/1b-dagformer_historical_metrics.csv,2.950404575892857
19880,10.423369728,2.51953125,0.0001967707212055,historical,raw/1b-dagformer_historical_metrics.csv,2.927525111607143
19890,10.428612608,3.06640625,0.0001966630785791,historical,raw/1b-dagformer_historical_metrics.csv,2.9222237723214284
19900,10.433855488,2.75390625,0.0001965554359526,historical,raw/1b-dagformer_historical_metrics.csv,2.9059012276785716
19910,10.439098368,2.7216796875,0.0001964477933261,historical,raw/1b-dagformer_historical_metrics.csv,2.8896716889880953
19920,10.444341248,2.767578125,0.0001963401506996,historical,raw/1b-dagformer_historical_metrics.csv,2.9271298363095237
19930,10.449584128,3.13671875,0.0001962325080731,historical,raw/1b-dagformer_historical_metrics.csv,2.9462425595238093
19940,10.454827008,3.171875,0.0001961248654467,historical,raw/1b-dagformer_historical_metrics.csv,2.9495442708333335
19950,10.460069888,3.169921875,0.0001960172228202,historical,raw/1b-dagformer_historical_metrics.csv,2.949404761904762
19960,10.465312768,3.236328125,0.0001959095801937,historical,raw/1b-dagformer_historical_metrics.csv,2.9564732142857144
19970,10.470555648,2.5625,0.0001958019375672,historical,raw/1b-dagformer_historical_metrics.csv,2.9234095982142856
19980,10.475798528,2.40966796875,0.0001956942949407,historical,raw/1b-dagformer_historical_metrics.csv,2.8867885044642856
19990,10.481041408,1.916015625,0.0001955866523143,historical,raw/1b-dagformer_historical_metrics.csv,2.8253115699404763
20000,10.486284288,2.0654296875,0.0001954790096878,historical,raw/1b-dagformer_historical_metrics.csv,2.7796456473214284
20010,10.491527168,2.634765625,0.0001953713670613,historical,raw/1b-dagformer_historical_metrics.csv,2.7829473586309526
20020,10.496770048,3.1435546875,0.0001952637244348,historical,raw/1b-dagformer_historical_metrics.csv,2.782621837797619
20030,10.502012928,1.84814453125,0.0001951560818083,historical,raw/1b-dagformer_historical_metrics.csv,2.7093563988095237
20040,10.507255808,3.150390625,0.0001950484391819,historical,raw/1b-dagformer_historical_metrics.csv,2.7078683035714284
20050,10.512498688,2.51953125,0.0001949407965554,historical,raw/1b-dagformer_historical_metrics.csv,2.7431640625
20060,10.517741568,3.291015625,0.0001948331539289,historical,raw/1b-dagformer_historical_metrics.csv,2.7763671875
20070,10.522984448,3.154296875,0.0001947255113024,historical,raw/1b-dagformer_historical_metrics.csv,2.7801339285714284
20080,10.528227328,1.72119140625,0.0001946178686759,historical,raw/1b-dagformer_historical_metrics.csv,2.71240234375
20090,10.533470208,3.142578125,0.0001945102260495,historical,raw/1b-dagformer_historical_metrics.csv,2.7420712425595237
20100,10.538713088,3.0234375,0.000194402583423,historical,raw/1b-dagformer_historical_metrics.csv,2.740025111607143
20110,10.543955968,2.6240234375,0.0001942949407965,historical,raw/1b-dagformer_historical_metrics.csv,2.7338402157738093
20120,10.549198848,3.32421875,0.00019418729817,historical,raw/1b-dagformer_historical_metrics.csv,2.7625325520833335
20130,10.554441728,1.64697265625,0.0001940796555435,historical,raw/1b-dagformer_historical_metrics.csv,2.709170386904762
20140,10.559684608,2.65185546875,0.0001939720129171,historical,raw/1b-dagformer_historical_metrics.csv,2.6860816592261907
20150,10.564927488,2.7802734375,0.0001938643702906,historical,raw/1b-dagformer_historical_metrics.csv,2.6674339657738093
20160,10.570170368,3.0419921875,0.0001937567276641,historical,raw/1b-dagformer_historical_metrics.csv,2.661342075892857
20170,10.575413248,3.0029296875,0.0001936490850376,historical,raw/1b-dagformer_historical_metrics.csv,2.6502278645833335
20180,10.580656128,3.0361328125,0.0001935414424111,historical,raw/1b-dagformer_historical_metrics.csv,2.6727818080357144
20190,10.585899008,1.431640625,0.0001934337997847,historical,raw/1b-dagformer_historical_metrics.csv,2.6262090773809526
20200,10.591141888,3.322265625,0.0001933261571582,historical,raw/1b-dagformer_historical_metrics.csv,2.693173363095238
20210,10.596384768,3.1982421875,0.0001932185145317,historical,raw/1b-dagformer_historical_metrics.csv,2.7471168154761907
20220,10.601627648,3.2021484375,0.0001931108719052,historical,raw/1b-dagformer_historical_metrics.csv,2.774135044642857
20230,10.606870528,3.1591796875,0.0001930032292787,historical,raw/1b-dagformer_historical_metrics.csv,2.7748790922619047
20240,10.612113408,3.08203125,0.0001928955866523,historical,raw/1b-dagformer_historical_metrics.csv,2.8336356026785716
20250,10.617356288,3.1171875,0.0001927879440258,historical,raw/1b-dagformer_historical_metrics.csv,2.8320545014880953
20260,10.622599168,3.1513671875,0.0001926803013993,historical,raw/1b-dagformer_historical_metrics.csv,2.8621419270833335
20270,10.627842048,3.1337890625,0.0001925726587728,historical,raw/1b-dagformer_historical_metrics.csv,2.8546549479166665
20280,10.633084928,3.310546875,0.0001924650161463,historical,raw/1b-dagformer_historical_metrics.csv,2.862095424107143
20290,10.638327808,3.2197265625,0.0001923573735199,historical,raw/1b-dagformer_historical_metrics.csv,2.9334542410714284
20300,10.643570688,2.9794921875,0.0001922497308934,historical,raw/1b-dagformer_historical_metrics.csv,2.925688244047619
20310,10.648813568,1.3466796875,0.0001921420882669,historical,raw/1b-dagformer_historical_metrics.csv,2.8458426339285716
20320,10.654056448,2.53564453125,0.0001920344456404,historical,raw/1b-dagformer_historical_metrics.csv,2.8416341145833335
20330,10.659299328,3.2001953125,0.0001919268030139,historical,raw/1b-dagformer_historical_metrics.csv,2.835728236607143
20340,10.664542208,3.2373046875,0.0001918191603875,historical,raw/1b-dagformer_historical_metrics.csv,2.9114583333333335
20350,10.669785088,3.099609375,0.000191711517761,historical,raw/1b-dagformer_historical_metrics.csv,2.9327799479166665
20360,10.675027968,3.07421875,0.0001916038751345,historical,raw/1b-dagformer_historical_metrics.csv,2.94677734375
20370,10.680270848,3.2236328125,0.000191496232508,historical,raw/1b-dagformer_historical_metrics.csv,2.9554268973214284
20380,10.685513728,3.2373046875,0.0001913885898815,historical,raw/1b-dagformer_historical_metrics.csv,2.966587611607143
20390,10.690756608,3.1875,0.0001912809472551,historical,raw/1b-dagformer_historical_metrics.csv,2.9737955729166665
20400,10.695999488,3.146484375,0.0001911733046286,historical,raw/1b-dagformer_historical_metrics.csv,3.055454799107143
20410,10.701242368,3.115234375,0.0001910656620021,historical,raw/1b-dagformer_historical_metrics.csv,3.045596168154762
20420,10.706485248,1.70703125,0.0001909580193756,historical,raw/1b-dagformer_historical_metrics.csv,2.9745861235119047
20430,10.711728128,2.9453125,0.0001908503767491,historical,raw/1b-dagformer_historical_metrics.csv,2.9623558407738093
20440,10.716971008,3.255859375,0.0001907427341227,historical,raw/1b-dagformer_historical_metrics.csv,2.9669596354166665
20450,10.722213888,3.216796875,0.0001906350914962,historical,raw/1b-dagformer_historical_metrics.csv,2.9733770461309526
20460,10.727456768,1.70654296875,0.0001905274488697,historical,raw/1b-dagformer_historical_metrics.csv,2.9062034970238093
20470,10.732699648,3.1318359375,0.0001904198062432,historical,raw/1b-dagformer_historical_metrics.csv,2.9052734375
20480,10.737942528,3.189453125,0.0001903121636167,historical,raw/1b-dagformer_historical_metrics.csv,2.907924107142857
20490,10.743185408,3.0791015625,0.0001902045209903,historical,raw/1b-dagformer_historical_metrics.csv,2.8969029017857144
20500,10.748428288,3.2294921875,0.0001900968783638,historical,raw/1b-dagformer_historical_metrics.csv,2.897367931547619
20510,10.753671168,1.7734375,0.0001899892357373,historical,raw/1b-dagformer_historical_metrics.csv,2.839936755952381
20520,10.758914048,2.7568359375,0.0001898815931108,historical,raw/1b-dagformer_historical_metrics.csv,2.9070870535714284
20530,10.764156928,3.08203125,0.0001897739504843,historical,raw/1b-dagformer_historical_metrics.csv,2.93310546875
20540,10.769399808,3.232421875,0.0001896663078579,historical,raw/1b-dagformer_historical_metrics.csv,2.9346400669642856
20550,10.774642688,3.125,0.0001895586652314,historical,raw/1b-dagformer_historical_metrics.csv,2.929292224702381
20560,10.779885568,3.1982421875,0.0001894510226049,historical,raw/1b-dagformer_historical_metrics.csv,2.933989025297619
20570,10.785128448,1.89013671875,0.0001893433799784,historical,raw/1b-dagformer_historical_metrics.csv,2.8776041666666665
20580,10.790371328,3.275390625,0.0001892357373519,historical,raw/1b-dagformer_historical_metrics.csv,2.880068824404762
20590,10.795614208,3.1142578125,0.0001891280947255,historical,raw/1b-dagformer_historical_metrics.csv,2.874209449404762
20600,10.800857088,3.1640625,0.000189020452099,historical,raw/1b-dagformer_historical_metrics.csv,2.8730933779761907
20610,10.806099968,2.5537109375,0.0001889128094725,historical,raw/1b-dagformer_historical_metrics.csv,2.8448660714285716
20620,10.811342848,3.1748046875,0.000188805166846,historical,raw/1b-dagformer_historical_metrics.csv,2.8477027529761907
20630,10.816585728,1.68310546875,0.0001886975242195,historical,raw/1b-dagformer_historical_metrics.csv,2.8465634300595237
20640,10.821828608,3.0791015625,0.0001885898815931,historical,raw/1b-dagformer_historical_metrics.csv,2.852934337797619
20650,10.827071488,3.1171875,0.0001884822389666,historical,raw/1b-dagformer_historical_metrics.csv,2.8463309151785716
20660,10.832314368,2.3876953125,0.0001883745963401,historical,raw/1b-dagformer_historical_metrics.csv,2.806849888392857
20670,10.837557248,3.0966796875,0.0001882669537136,historical,raw/1b-dagformer_historical_metrics.csv,2.873046875
20680,10.842800128,3.2412109375,0.0001881593110871,historical,raw/1b-dagformer_historical_metrics.csv,2.8782552083333335
20690,10.848043008,3.1376953125,0.0001880516684607,historical,raw/1b-dagformer_historical_metrics.csv,2.875790550595238
20700,10.853285888,2.37744140625,0.0001879440258342,historical,raw/1b-dagformer_historical_metrics.csv,2.842378162202381
20710,10.858528768,3.236328125,0.0001878363832077,historical,raw/1b-dagformer_historical_metrics.csv,2.8427036830357144
20720,10.863771648,3.0908203125,0.0001877287405812,historical,raw/1b-dagformer_historical_metrics.csv,2.9054361979166665
20730,10.869014528,3.12890625,0.0001876210979547,historical,raw/1b-dagformer_historical_metrics.csv,2.923153831845238
20740,10.874257408,2.6357421875,0.0001875134553283,historical,raw/1b-dagformer_historical_metrics.csv,2.9019019717261907
20750,10.879500288,3.2041015625,0.0001874058127018,historical,raw/1b-dagformer_historical_metrics.csv,2.9005533854166665
20760,10.884743168,3.2041015625,0.0001872981700753,historical,raw/1b-dagformer_historical_metrics.csv,2.9043201264880953
20770,10.889986048,3.048828125,0.0001871905274488,historical,raw/1b-dagformer_historical_metrics.csv,2.8972051711309526
20780,10.895228928,3.169921875,0.0001870828848223,historical,raw/1b-dagformer_historical_metrics.csv,2.9581473214285716
20790,10.900471808,3.177734375,0.0001869752421959,historical,raw/1b-dagformer_historical_metrics.csv,2.9534970238095237
20800,10.905714688,3.0302734375,0.0001868675995694,historical,raw/1b-dagformer_historical_metrics.csv,2.949497767857143
20810,10.910957568,2.29931640625,0.0001867599569429,historical,raw/1b-dagformer_historical_metrics.csv,2.9083193824404763
20820,10.916200448,3.107421875,0.0001866523143164,historical,raw/1b-dagformer_historical_metrics.csv,2.9346865699404763
20830,10.921443328,1.669921875,0.0001865446716899,historical,raw/1b-dagformer_historical_metrics.csv,2.8630254836309526
20840,10.926686208,3.103515625,0.0001864370290635,historical,raw/1b-dagformer_historical_metrics.csv,2.9306640625
20850,10.931929088,2.6435546875,0.000186329386437,historical,raw/1b-dagformer_historical_metrics.csv,2.9099237351190474
20860,10.937171968,3.13671875,0.0001862217438105,historical,raw/1b-dagformer_historical_metrics.csv,2.910853794642857
20870,10.942414848,3.1513671875,0.000186114101184,historical,raw/1b-dagformer_historical_metrics.csv,2.9472191220238093
20880,10.947657728,3.2294921875,0.0001860064585575,historical,raw/1b-dagformer_historical_metrics.csv,2.9535435267857144
20890,10.952900608,3.3193359375,0.0001858988159311,historical,raw/1b-dagformer_historical_metrics.csv,2.9572637648809526
20900,10.958143488,2.564453125,0.0001857911733046,historical,raw/1b-dagformer_historical_metrics.csv,2.929966517857143
20910,10.963386368,2.4951171875,0.0001856835306781,historical,raw/1b-dagformer_historical_metrics.csv,2.9355701264880953
20920,10.968629248,3.1416015625,0.0001855758880516,historical,raw/1b-dagformer_historical_metrics.csv,2.931059337797619
20930,10.973872128,3.0751953125,0.0001854682454251,historical,raw/1b-dagformer_historical_metrics.csv,2.9303152901785716
20940,10.979115008,2.55078125,0.0001853606027987,historical,raw/1b-dagformer_historical_metrics.csv,2.9027855282738093
20950,10.984357888,1.601806640625,0.0001852529601722,historical,raw/1b-dagformer_historical_metrics.csv,2.853550502232143
20960,10.989600768,2.6171875,0.0001851453175457,historical,raw/1b-dagformer_historical_metrics.csv,2.8256022135416665
20970,10.994843648,3.1171875,0.0001850376749192,historical,raw/1b-dagformer_historical_metrics.csv,2.8214634486607144
20980,11.000086528,2.6796875,0.0001849300322927,historical,raw/1b-dagformer_historical_metrics.csv,2.8038853236607144
20990,11.005329408,3.1064453125,0.0001848223896663,historical,raw/1b-dagformer_historical_metrics.csv,2.8008626302083335
21000,11.010572288,3.1015625,0.0001847147470398,historical,raw/1b-dagformer_historical_metrics.csv,2.7972353980654763
21010,11.015815168,3.1689453125,0.0001846071044133,historical,raw/1b-dagformer_historical_metrics.csv,2.8038388206845237
21020,11.021058048,3.138671875,0.0001844994617868,historical,raw/1b-dagformer_historical_metrics.csv,2.843808128720238
21030,11.026300928,2.47265625,0.0001843918191603,historical,raw/1b-dagformer_historical_metrics.csv,2.8135811941964284
21040,11.031543808,3.1455078125,0.0001842841765339,historical,raw/1b-dagformer_historical_metrics.csv,2.883847191220238
21050,11.036786688,3.1318359375,0.0001841765339074,historical,raw/1b-dagformer_historical_metrics.csv,2.885195777529762
21060,11.042029568,3.1865234375,0.0001840688912809,historical,raw/1b-dagformer_historical_metrics.csv,2.9110514322916665
21070,11.047272448,3.025390625,0.0001839612486544,historical,raw/1b-dagformer_historical_metrics.csv,2.9057500930059526
21080,11.052515328,3.046875,0.0001838536060279,historical,raw/1b-dagformer_historical_metrics.csv,2.9007742745535716
21090,11.057758208,0.8623046875,0.0001837459634015,historical,raw/1b-dagformer_historical_metrics.csv,2.788051060267857
21100,11.063001088,3.130859375,0.000183638320775,historical,raw/1b-dagformer_historical_metrics.csv,2.7790759858630953
21110,11.068243968,3.0927734375,0.0001835306781485,historical,raw/1b-dagformer_historical_metrics.csv,2.804234095982143
21120,11.073486848,3.126953125,0.000183423035522,historical,raw/1b-dagformer_historical_metrics.csv,2.834321521577381
21130,11.078729728,3.068359375,0.0001833153928955,historical,raw/1b-dagformer_historical_metrics.csv,2.8308337983630953
21140,11.083972608,3.26171875,0.0001832077502691,historical,raw/1b-dagformer_historical_metrics.csv,2.8397158668154763
21150,11.089215488,1.775390625,0.0001831001076426,historical,raw/1b-dagformer_historical_metrics.csv,2.802792503720238
21160,11.094458368,2.0546875,0.0001829924650161,historical,raw/1b-dagformer_historical_metrics.csv,2.8243582589285716
21170,11.099701248,3.1650390625,0.0001828848223896,historical,raw/1b-dagformer_historical_metrics.csv,2.8504464285714284
21180,11.104944128,2.52587890625,0.0001827771797631,historical,raw/1b-dagformer_historical_metrics.csv,2.8222888764880953
21190,11.110187008,3.0810546875,0.0001826695371367,historical,raw/1b-dagformer_historical_metrics.csv,2.841401599702381
21200,11.115429888,3.1767578125,0.0001825618945102,historical,raw/1b-dagformer_historical_metrics.csv,2.8447498139880953
21210,11.120672768,3.236328125,0.0001824542518837,historical,raw/1b-dagformer_historical_metrics.csv,2.851167224702381
21220,11.125915648,2.53125,0.0001823466092572,historical,raw/1b-dagformer_historical_metrics.csv,2.82080078125
21230,11.131158528,3.2080078125,0.0001822389666307,historical,raw/1b-dagformer_historical_metrics.csv,2.8241024925595237
21240,11.136401408,3.001953125,0.0001821313240043,historical,raw/1b-dagformer_historical_metrics.csv,2.849307105654762
21250,11.141644288,1.476318359375,0.0001820236813778,historical,raw/1b-dagformer_historical_metrics.csv,2.7698218936011907
21260,11.146887168,3.1689453125,0.0001819160387513,historical,raw/1b-dagformer_historical_metrics.csv,2.7715890066964284
21270,11.152130048,3.1962890625,0.0001818083961248,historical,raw/1b-dagformer_historical_metrics.csv,2.7720540364583335
21280,11.157372928,2.6103515625,0.0001817007534983,historical,raw/1b-dagformer_historical_metrics.csv,2.752290271577381
21290,11.162615808,3.134765625,0.0001815931108719,historical,raw/1b-dagformer_historical_metrics.csv,2.7564755394345237
21300,11.167858688,3.048828125,0.0001814854682454,historical,raw/1b-dagformer_historical_metrics.csv,2.860595703125
21310,11.173101568,3.0966796875,0.0001813778256189,historical,raw/1b-dagformer_historical_metrics.csv,2.8589680989583335
21320,11.178344448,2.61474609375,0.0001812701829924,historical,raw/1b-dagformer_historical_metrics.csv,2.8362048921130953
21330,11.183587328,3.2958984375,0.0001811625403659,historical,raw/1b-dagformer_historical_metrics.csv,2.8442499069940474
21340,11.188830208,1.3125,0.0001810548977395,historical,raw/1b-dagformer_historical_metrics.csv,2.7606375558035716
21350,11.194073088,2.49609375,0.000180947255113,historical,raw/1b-dagformer_historical_metrics.csv,2.724179222470238
21360,11.199315968,3.166015625,0.0001808396124865,historical,raw/1b-dagformer_historical_metrics.csv,2.7903994605654763
21370,11.204558848,3.2451171875,0.00018073196986,historical,raw/1b-dagformer_historical_metrics.csv,2.8470865885416665
21380,11.209801728,3.0693359375,0.0001806243272335,historical,raw/1b-dagformer_historical_metrics.csv,2.842529296875
21390,11.215044608,3.177734375,0.0001805166846071,historical,raw/1b-dagformer_historical_metrics.csv,2.873570033482143
21400,11.220287488,3.0537109375,0.0001804090419806,historical,raw/1b-dagformer_historical_metrics.csv,2.8722679501488093
21410,11.225530368,3.134765625,0.0001803013993541,historical,raw/1b-dagformer_historical_metrics.csv,2.870268322172619
21420,11.230773248,3.1806640625,0.0001801937567276,historical,raw/1b-dagformer_historical_metrics.csv,2.867617652529762
21430,11.236016128,3.27734375,0.0001800861141011,historical,raw/1b-dagformer_historical_metrics.csv,2.9031459263392856
21440,11.241259008,3.0673828125,0.0001799784714747,historical,raw/1b-dagformer_historical_metrics.csv,2.896449497767857
21450,11.246501888,2.6943359375,0.0001798708288482,historical,raw/1b-dagformer_historical_metrics.csv,2.881801060267857
21460,11.251744768,3.1884765625,0.0001797631862217,historical,raw/1b-dagformer_historical_metrics.csv,2.9633324032738093
21470,11.256987648,3.1689453125,0.0001796555435952,historical,raw/1b-dagformer_historical_metrics.csv,2.9633324032738093
21480,11.262230528,3.1689453125,0.0001795479009687,historical,raw/1b-dagformer_historical_metrics.csv,2.9620303199404763
21490,11.267473408,3.09765625,0.0001794402583423,historical,raw/1b-dagformer_historical_metrics.csv,2.9852353050595237
21500,11.272716288,3.1103515625,0.0001793326157158,historical,raw/1b-dagformer_historical_metrics.csv,2.984072730654762
21510,11.277959168,3.0849609375,0.0001792249730893,historical,raw/1b-dagformer_historical_metrics.csv,2.9857933407738093
21520,11.283202048,1.955078125,0.0001791173304628,historical,raw/1b-dagformer_historical_metrics.csv,2.931431361607143
21530,11.288444928,3.109375,0.0001790096878363,historical,raw/1b-dagformer_historical_metrics.csv,2.954985119047619
21540,11.293687808,3.1328125,0.0001789020452099,historical,raw/1b-dagformer_historical_metrics.csv,2.9472191220238093
21550,11.298930688,2.517578125,0.0001787944025834,historical,raw/1b-dagformer_historical_metrics.csv,3.004603794642857
21560,11.304173568,2.6181640625,0.0001786867599569,historical,raw/1b-dagformer_historical_metrics.csv,3.0104166666666665
21570,11.309416448,2.76953125,0.0001785791173304,historical,raw/1b-dagformer_historical_metrics.csv,2.9915364583333335
21580,11.314659328,2.40576171875,0.0001784714747039,historical,raw/1b-dagformer_historical_metrics.csv,2.951567150297619
21590,11.319902208,3.2373046875,0.0001783638320775,historical,raw/1b-dagformer_historical_metrics.csv,2.959565662202381
21600,11.325145088,3.04296875,0.000178256189451,historical,raw/1b-dagformer_historical_metrics.csv,2.9531482514880953
21610,11.330387968,3.1328125,0.0001781485468245,historical,raw/1b-dagformer_historical_metrics.csv,2.9569149925595237
21620,11.335630848,3.158203125,0.000178040904198,historical,raw/1b-dagformer_historical_metrics.csv,2.9580310639880953
21630,11.340873728,1.91357421875,0.0001779332615715,historical,raw/1b-dagformer_historical_metrics.csv,2.8976934523809526
21640,11.346116608,2.49609375,0.0001778256189451,historical,raw/1b-dagformer_historical_metrics.csv,2.8604910714285716
21650,11.351359488,3.2060546875,0.0001777179763186,historical,raw/1b-dagformer_historical_metrics.csv,2.867094494047619
21660,11.356602368,3.130859375,0.0001776103336921,historical,raw/1b-dagformer_historical_metrics.csv,2.887881324404762
21670,11.361845248,1.47509765625,0.0001775026910656,historical,raw/1b-dagformer_historical_metrics.csv,2.8062918526785716
21680,11.367088128,3.181640625,0.0001773950484391,historical,raw/1b-dagformer_historical_metrics.csv,2.8068963913690474
21690,11.372331008,3.1005859375,0.0001772874058127,historical,raw/1b-dagformer_historical_metrics.csv,2.8036411830357144
21700,11.377573888,3.1318359375,0.0001771797631862,historical,raw/1b-dagformer_historical_metrics.csv,2.805268787202381
21710,11.382816768,3.09375,0.0001770721205597,historical,raw/1b-dagformer_historical_metrics.csv,2.804478236607143
21720,11.388059648,3.1279296875,0.0001769644779332,historical,raw/1b-dagformer_historical_metrics.csv,2.8065243675595237
21730,11.393302528,3.1669921875,0.0001768568353067,historical,raw/1b-dagformer_historical_metrics.csv,2.8642345610119047
21740,11.398545408,3.1015625,0.0001767491926803,historical,raw/1b-dagformer_historical_metrics.csv,2.863862537202381
21750,11.403788288,3.16015625,0.0001766415500538,historical,raw/1b-dagformer_historical_metrics.csv,2.8651646205357144
21760,11.409031168,3.228515625,0.0001765339074273,historical,raw/1b-dagformer_historical_metrics.csv,2.899018787202381
21770,11.414274048,3.0986328125,0.0001764262648008,historical,raw/1b-dagformer_historical_metrics.csv,2.9218982514880953
21780,11.419516928,3.033203125,0.0001763186221743,historical,raw/1b-dagformer_historical_metrics.csv,2.9344540550595237
21790,11.424759808,2.521484375,0.0001762109795479,historical,raw/1b-dagformer_historical_metrics.csv,2.9399646577380953
21800,11.430002688,3.234375,0.0001761033369214,historical,raw/1b-dagformer_historical_metrics.csv,2.9398251488095237
21810,11.435245568,3.0107421875,0.0001759956942949,historical,raw/1b-dagformer_historical_metrics.csv,2.938290550595238
21820,11.440488448,2.4951171875,0.0001758880516684,historical,raw/1b-dagformer_historical_metrics.csv,2.907924107142857
21830,11.445731328,3.1982421875,0.0001757804090419,historical,raw/1b-dagformer_historical_metrics.csv,2.9098307291666665
21840,11.450974208,1.79248046875,0.0001756727664155,historical,raw/1b-dagformer_historical_metrics.csv,2.9040643601190474
21850,11.456217088,1.662109375,0.000175565123789,historical,raw/1b-dagformer_historical_metrics.csv,2.864350818452381
21860,11.461459968,3.1318359375,0.0001754574811625,historical,raw/1b-dagformer_historical_metrics.csv,2.8608165922619047
21870,11.466702848,1.62646484375,0.000175349838536,historical,raw/1b-dagformer_historical_metrics.csv,2.7891787574404763
21880,11.471945728,3.1669921875,0.0001752421959095,historical,raw/1b-dagformer_historical_metrics.csv,2.8697451636904763
21890,11.477188608,3.142578125,0.0001751345532831,historical,raw/1b-dagformer_historical_metrics.csv,2.867885044642857
21900,11.482431488,3.220703125,0.0001750269106566,historical,raw/1b-dagformer_historical_metrics.csv,2.8736049107142856
21910,11.487674368,3.1982421875,0.0001749192680301,historical,raw/1b-dagformer_historical_metrics.csv,2.876767113095238
21920,11.492917248,3.13671875,0.0001748116254036,historical,raw/1b-dagformer_historical_metrics.csv,2.878813244047619
21930,11.498160128,2.4365234375,0.0001747039827771,historical,raw/1b-dagformer_historical_metrics.csv,2.845889136904762
21940,11.503403008,1.66455078125,0.0001745963401506,historical,raw/1b-dagformer_historical_metrics.csv,2.7743443080357144
21950,11.508645888,3.0751953125,0.0001744886975242,historical,raw/1b-dagformer_historical_metrics.csv,2.7730887276785716
21960,11.513888768,1.908203125,0.0001743810548977,historical,raw/1b-dagformer_historical_metrics.csv,2.713471912202381
21970,11.519131648,1.64794921875,0.0001742734122712,historical,raw/1b-dagformer_historical_metrics.csv,2.6382068452380953
21980,11.524374528,3.125,0.0001741657696447,historical,raw/1b-dagformer_historical_metrics.csv,2.639462425595238
21990,11.529617408,2.9833984375,0.0001740581270182,historical,raw/1b-dagformer_historical_metrics.csv,2.6370907738095237
22000,11.534860288,2.6640625,0.0001739504843918,historical,raw/1b-dagformer_historical_metrics.csv,2.6438802083333335
22010,11.540103168,2.74072265625,0.0001738428417653,historical,raw/1b-dagformer_historical_metrics.csv,2.6203729538690474
22020,11.545346048,3.0927734375,0.0001737351991388,historical,raw/1b-dagformer_historical_metrics.csv,2.6242792038690474
22030,11.550588928,3.09375,0.0001736275565123,historical,raw/1b-dagformer_historical_metrics.csv,2.6527855282738093
22040,11.555831808,3.119140625,0.0001735199138858,historical,raw/1b-dagformer_historical_metrics.csv,2.649018787202381
22050,11.561074688,1.80322265625,0.0001734122712594,historical,raw/1b-dagformer_historical_metrics.csv,2.6495303199404763
22060,11.566317568,3.025390625,0.0001733046286329,historical,raw/1b-dagformer_historical_metrics.csv,2.714448474702381
22070,11.571560448,1.84912109375,0.0001731969860064,historical,raw/1b-dagformer_historical_metrics.csv,2.6533668154761907
22080,11.576803328,3.232421875,0.0001730893433799,historical,raw/1b-dagformer_historical_metrics.csv,2.7298409598214284
22090,11.582046208,2.693359375,0.0001729817007534,historical,raw/1b-dagformer_historical_metrics.csv,2.7072870163690474
22100,11.587289088,2.681640625,0.000172874058127,historical,raw/1b-dagformer_historical_metrics.csv,2.685337611607143
22110,11.592531968,2.7978515625,0.0001727664155005,historical,raw/1b-dagformer_historical_metrics.csv,2.6652018229166665
22120,11.597774848,3.146484375,0.000172658772874,historical,raw/1b-dagformer_historical_metrics.csv,2.6627371651785716
22130,11.603017728,3.2119140625,0.0001725511302475,historical,raw/1b-dagformer_historical_metrics.csv,2.666317894345238
22140,11.608260608,3.1279296875,0.000172443487621,historical,raw/1b-dagformer_historical_metrics.csv,2.6992420014880953
22150,11.613503488,1.8388671875,0.0001723358449946,historical,raw/1b-dagformer_historical_metrics.csv,2.7075427827380953
22160,11.618746368,3.095703125,0.0001722282023681,historical,raw/1b-dagformer_historical_metrics.csv,2.7085193452380953
22170,11.623989248,1.873046875,0.0001721205597416,historical,raw/1b-dagformer_historical_metrics.csv,2.706845238095238
22180,11.629232128,3.15625,0.0001720129171151,historical,raw/1b-dagformer_historical_metrics.csv,2.7786690848214284
22190,11.634475008,3.13671875,0.0001719052744886,historical,raw/1b-dagformer_historical_metrics.csv,2.7792271205357144
22200,11.639717888,3.0302734375,0.0001717976318622,historical,raw/1b-dagformer_historical_metrics.csv,2.781459263392857
22210,11.644960768,2.916015625,0.0001716899892357,historical,raw/1b-dagformer_historical_metrics.csv,2.79345703125
22220,11.650203648,3.125,0.0001715823466092,historical,raw/1b-dagformer_historical_metrics.csv,2.8117559523809526
22230,11.655446528,3.0615234375,0.0001714747039827,historical,raw/1b-dagformer_historical_metrics.csv,2.810267857142857
22240,11.660689408,3.087890625,0.0001713670613562,historical,raw/1b-dagformer_historical_metrics.csv,2.8099888392857144
22250,11.665932288,2.7685546875,0.0001712594187298,historical,raw/1b-dagformer_historical_metrics.csv,2.7932942708333335
22260,11.671175168,3.0390625,0.0001711517761033,historical,raw/1b-dagformer_historical_metrics.csv,2.852143787202381
22270,11.676418048,2.189453125,0.0001710441334768,historical,raw/1b-dagformer_historical_metrics.csv,2.8123372395833335
22280,11.681660928,3.0546875,0.0001709364908503,historical,raw/1b-dagformer_historical_metrics.csv,2.8697451636904763
22290,11.686903808,3.2431640625,0.0001708288482238,historical,raw/1b-dagformer_historical_metrics.csv,2.8702566964285716
22300,11.692146688,3.0615234375,0.0001707212055974,historical,raw/1b-dagformer_historical_metrics.csv,2.887788318452381
22310,11.697389568,3.1259765625,0.0001706135629709,historical,raw/1b-dagformer_historical_metrics.csv,2.9089471726190474
22320,11.702632448,3.05859375,0.0001705059203444,historical,raw/1b-dagformer_historical_metrics.csv,2.9213634672619047
22330,11.707875328,3.2001953125,0.0001703982777179,historical,raw/1b-dagformer_historical_metrics.csv,2.923921130952381
22340,11.713118208,3.2431640625,0.0001702906350914,historical,raw/1b-dagformer_historical_metrics.csv,2.9254092261904763
22350,11.718361088,3.0986328125,0.000170182992465,historical,raw/1b-dagformer_historical_metrics.csv,2.924014136904762
22360,11.723603968,3.0693359375,0.0001700753498385,historical,raw/1b-dagformer_historical_metrics.csv,2.982607886904762
22370,11.728846848,2.04296875,0.000169967707212,historical,raw/1b-dagformer_historical_metrics.csv,2.9324776785714284
22380,11.734089728,1.78271484375,0.0001698600645855,historical,raw/1b-dagformer_historical_metrics.csv,2.9281761532738093
22390,11.739332608,3.142578125,0.000169752421959,historical,raw/1b-dagformer_historical_metrics.csv,2.927525111607143
22400,11.744575488,3.1220703125,0.0001696447793326,historical,raw/1b-dagformer_historical_metrics.csv,2.9268275669642856
22410,11.749818368,3.12890625,0.0001695371367061,historical,raw/1b-dagformer_historical_metrics.csv,2.9315243675595237
22420,11.755061248,3.2568359375,0.0001694294940796,historical,raw/1b-dagformer_historical_metrics.csv,2.94775390625
22430,11.760304128,3.1474609375,0.0001693218514531,historical,raw/1b-dagformer_historical_metrics.csv,2.948823474702381
22440,11.765547008,3.1142578125,0.0001692142088266,historical,raw/1b-dagformer_historical_metrics.csv,2.9513346354166665
22450,11.770789888,3.1103515625,0.0001691065662002,historical,raw/1b-dagformer_historical_metrics.csv,2.9524042038690474
22460,11.776032768,2.36767578125,0.0001689989235737,historical,raw/1b-dagformer_historical_metrics.csv,2.933314732142857
22470,11.781275648,3.1611328125,0.0001688912809472,historical,raw/1b-dagformer_historical_metrics.csv,2.9391276041666665
22480,11.786518528,2.6796875,0.0001687836383207,historical,raw/1b-dagformer_historical_metrics.csv,2.9624720982142856
22490,11.791761408,3.0791015625,0.0001686759956942,historical,raw/1b-dagformer_historical_metrics.csv,2.9636346726190474
22500,11.797004288,3.0927734375,0.0001685683530678,historical,raw/1b-dagformer_historical_metrics.csv,2.9564732142857144
22510,11.802247168,3.21484375,0.0001684607104413,historical,raw/1b-dagformer_historical_metrics.csv,2.963774181547619
22520,11.807490048,3.1123046875,0.0001683530678148,historical,raw/1b-dagformer_historical_metrics.csv,2.9631231398809526
22530,11.812732928,3.109375,0.0001682454251883,historical,raw/1b-dagformer_historical_metrics.csv,2.965541294642857
22540,11.817975808,3.1328125,0.0001681377825618,historical,raw/1b-dagformer_historical_metrics.csv,2.9623325892857144
22550,11.823218688,2.4765625,0.0001680301399354,historical,raw/1b-dagformer_historical_metrics.csv,2.9258277529761907
22560,11.828461568,2.4931640625,0.0001679224973089,historical,raw/1b-dagformer_historical_metrics.csv,2.8969959077380953
22570,11.833704448,3.0859375,0.0001678148546824,historical,raw/1b-dagformer_historical_metrics.csv,2.8977864583333335
22580,11.838947328,3.1240234375,0.0001677072120559,historical,raw/1b-dagformer_historical_metrics.csv,2.9492652529761907
22590,11.844190208,3.2607421875,0.0001675995694294,historical,raw/1b-dagformer_historical_metrics.csv,3.0196475074404763
22600,11.849433088,3.2021484375,0.000167491926803,historical,raw/1b-dagformer_historical_metrics.csv,3.0224841889880953
22610,11.854675968,2.4814453125,0.0001673842841765,historical,raw/1b-dagformer_historical_metrics.csv,2.991978236607143
22620,11.859918848,1.58984375,0.00016727664155,historical,raw/1b-dagformer_historical_metrics.csv,2.9186895461309526
22630,11.865161728,3.205078125,0.0001671689989235,historical,raw/1b-dagformer_historical_metrics.csv,2.916224888392857
22640,11.870404608,3.0849609375,0.000167061356297,historical,raw/1b-dagformer_historical_metrics.csv,2.9132486979166665
22650,11.875647488,3.17578125,0.0001669537136706,historical,raw/1b-dagformer_historical_metrics.csv,2.9161783854166665
22660,11.880890368,3.12890625,0.0001668460710441,historical,raw/1b-dagformer_historical_metrics.csv,2.9170619419642856
22670,11.886133248,1.6435546875,0.0001667384284176,historical,raw/1b-dagformer_historical_metrics.csv,2.8825799851190474
22680,11.891376128,3.1083984375,0.0001666307857911,historical,raw/1b-dagformer_historical_metrics.csv,2.880068824404762
22690,11.896619008,2.6201171875,0.0001665231431646,historical,raw/1b-dagformer_historical_metrics.csv,2.877232142857143
22700,11.901861888,3.1953125,0.0001664155005382,historical,raw/1b-dagformer_historical_metrics.csv,2.8827659970238093
22710,11.907104768,3.0546875,0.0001663078579117,historical,raw/1b-dagformer_historical_metrics.csv,2.880952380952381
22720,11.912347648,3.09765625,0.0001662002152852,historical,raw/1b-dagformer_historical_metrics.csv,2.8753720238095237
22730,11.917590528,3.0947265625,0.0001660925726587,historical,raw/1b-dagformer_historical_metrics.csv,2.8745349702380953
22740,11.922833408,1.77734375,0.0001659849300322,historical,raw/1b-dagformer_historical_metrics.csv,2.8111049107142856
22750,11.928076288,3.185546875,0.0001658772874058,historical,raw/1b-dagformer_historical_metrics.csv,2.8136160714285716
22760,11.933319168,2.48681640625,0.0001657696447793,historical,raw/1b-dagformer_historical_metrics.csv,2.8141043526785716
22770,11.938562048,3.1787109375,0.0001656620021528,historical,raw/1b-dagformer_historical_metrics.csv,2.8467494419642856
22780,11.943804928,3.1474609375,0.0001655543595263,historical,raw/1b-dagformer_historical_metrics.csv,2.8496791294642856
22790,11.949047808,3.0322265625,0.0001654467168998,historical,raw/1b-dagformer_historical_metrics.csv,2.845307849702381
22800,11.954290688,2.427734375,0.0001653390742734,historical,raw/1b-dagformer_historical_metrics.csv,2.8056408110119047
22810,11.959533568,3.2490234375,0.0001652314316469,historical,raw/1b-dagformer_historical_metrics.csv,2.8078729538690474
22820,11.964776448,3.0869140625,0.0001651237890204,historical,raw/1b-dagformer_historical_metrics.csv,2.836704799107143
22830,11.970019328,1.892578125,0.0001650161463939,historical,raw/1b-dagformer_historical_metrics.csv,2.8511207217261907
22840,11.975262208,2.7275390625,0.0001649085037674,historical,raw/1b-dagformer_historical_metrics.csv,2.8283807663690474
22850,11.980505088,1.626953125,0.000164800861141,historical,raw/1b-dagformer_historical_metrics.csv,2.7589518229166665
22860,11.985747968,3.1376953125,0.0001646932185145,historical,raw/1b-dagformer_historical_metrics.csv,2.757138206845238
22870,11.990990848,3.212890625,0.000164585575888,historical,raw/1b-dagformer_historical_metrics.csv,2.761137462797619
22880,11.996233728,3.08984375,0.0001644779332615,historical,raw/1b-dagformer_historical_metrics.csv,2.8300083705357144
22890,12.001476608,3.234375,0.000164370290635,historical,raw/1b-dagformer_historical_metrics.csv,2.8360072544642856
22900,12.006719488,3.0263671875,0.0001642626480086,historical,raw/1b-dagformer_historical_metrics.csv,2.8553524925595237
22910,12.011962368,1.8251953125,0.0001641550053821,historical,raw/1b-dagformer_historical_metrics.csv,2.7901088169642856
22920,12.017205248,3.20703125,0.0001640473627556,historical,raw/1b-dagformer_historical_metrics.csv,2.79736328125
22930,12.022448128,2.7451171875,0.0001639397201291,historical,raw/1b-dagformer_historical_metrics.csv,2.780575706845238
22940,12.027691008,3.13671875,0.0001638320775026,historical,raw/1b-dagformer_historical_metrics.csv,2.7825753348214284
22950,12.032933888,2.5712890625,0.0001637244348762,historical,raw/1b-dagformer_historical_metrics.csv,2.8203822544642856
22960,12.038176768,3.076171875,0.0001636167922497,historical,raw/1b-dagformer_historical_metrics.csv,2.8151739211309526
22970,12.043419648,3.29296875,0.0001635091496232,historical,raw/1b-dagformer_historical_metrics.csv,2.8535621279761907
22980,12.048662528,3.1611328125,0.0001634015069967,historical,raw/1b-dagformer_historical_metrics.csv,2.852725074404762
22990,12.053905408,3.076171875,0.0001632938643702,historical,raw/1b-dagformer_historical_metrics.csv,2.849330357142857
23000,12.059148288,3.1962890625,0.0001631862217438,historical,raw/1b-dagformer_historical_metrics.csv,2.857142857142857
23010,12.064391168,1.47869873046875,0.0001630785791173,historical,raw/1b-dagformer_historical_metrics.csv,2.81195068359375
23020,12.069634048,1.87255859375,0.0001629709364908,historical,raw/1b-dagformer_historical_metrics.csv,2.7464047386532737
23030,12.074876928,2.02392578125,0.0001628632938643,historical,raw/1b-dagformer_historical_metrics.csv,2.6957862490699407
23040,12.080119808,3.1591796875,0.0001627556512378,historical,raw/1b-dagformer_historical_metrics.csv,2.756100609188988
23050,12.085362688,2.51953125,0.0001626480086114,historical,raw/1b-dagformer_historical_metrics.csv,2.7461954752604165
23060,12.090605568,3.1337890625,0.0001625403659849,historical,raw/1b-dagformer_historical_metrics.csv,2.8179495675223216
23070,12.095848448,3.1240234375,0.0001624327233584,historical,raw/1b-dagformer_historical_metrics.csv,2.8172985258556547
23080,12.101091328,3.205078125,0.0001623250807319,historical,raw/1b-dagformer_historical_metrics.csv,2.816926502046131
23090,12.106334208,3.0654296875,0.0001622174381054,historical,raw/1b-dagformer_historical_metrics.csv,2.815763927641369
23100,12.111577088,2.3056640625,0.000162109795479,historical,raw/1b-dagformer_historical_metrics.csv,2.7715395972842263
23110,12.116819968,3.1142578125,0.0001620021528525,historical,raw/1b-dagformer_historical_metrics.csv,2.775724865141369
23120,12.122062848,2.6591796875,0.000161894510226,historical,raw/1b-dagformer_historical_metrics.csv,2.8154384068080356
23130,12.127305728,3.04296875,0.0001617868675995,historical,raw/1b-dagformer_historical_metrics.csv,2.8076259068080356
23140,12.132548608,1.794921875,0.000161679224973,historical,raw/1b-dagformer_historical_metrics.csv,2.7623785109747026
23150,12.137791488,2.5498046875,0.0001615715823466,historical,raw/1b-dagformer_historical_metrics.csv,2.7344302222842263
23160,12.143034368,3.1162109375,0.0001614639397201,historical,raw/1b-dagformer_historical_metrics.csv,2.760378882998512
23170,12.148277248,3.0634765625,0.0001613562970936,historical,raw/1b-dagformer_historical_metrics.csv,2.7597743443080356
23180,12.153520128,3.0927734375,0.0001612486544671,historical,raw/1b-dagformer_historical_metrics.csv,2.750241234188988
23190,12.158763008,1.58837890625,0.0001611410118406,historical,raw/1b-dagformer_historical_metrics.csv,2.6753481910342263
23200,12.164005888,3.0244140625,0.0001610333692142,historical,raw/1b-dagformer_historical_metrics.csv,2.672883533296131
23210,12.169248768,3.09375,0.0001609257265877,historical,raw/1b-dagformer_historical_metrics.csv,2.668000720796131
23220,12.174491648,3.1796875,0.0001608180839612,historical,raw/1b-dagformer_historical_metrics.csv,2.7490001860119047
23230,12.179734528,2.60498046875,0.0001607104413347,historical,raw/1b-dagformer_historical_metrics.csv,2.783877418154762
23240,12.184977408,3.109375,0.0001606027987082,historical,raw/1b-dagformer_historical_metrics.csv,2.8355654761904763
23250,12.190220288,3.0712890625,0.0001604951560818,historical,raw/1b-dagformer_historical_metrics.csv,2.8313802083333335
23260,12.195463168,2.9921875,0.0001603875134553,historical,raw/1b-dagformer_historical_metrics.csv,2.8538876488095237
23270,12.200706048,2.36376953125,0.0001602798708288,historical,raw/1b-dagformer_historical_metrics.csv,2.8172200520833335
23280,12.205948928,3.03515625,0.0001601722282023,historical,raw/1b-dagformer_historical_metrics.csv,2.81298828125
23290,12.211191808,3.130859375,0.0001600645855758,historical,raw/1b-dagformer_historical_metrics.csv,2.8094540550595237
23300,12.216434688,3.041015625,0.0001599569429494,historical,raw/1b-dagformer_historical_metrics.csv,2.808291480654762
23310,12.221677568,3.18359375,0.0001598493003229,historical,raw/1b-dagformer_historical_metrics.csv,2.85009765625
23320,12.226920448,3.140625,0.0001597416576964,historical,raw/1b-dagformer_historical_metrics.csv,2.851353236607143
23330,12.232163328,3.09375,0.0001596340150699,historical,raw/1b-dagformer_historical_metrics.csv,2.8720470610119047
23340,12.237406208,3.2822265625,0.0001595263724434,historical,raw/1b-dagformer_historical_metrics.csv,2.8834402901785716
23350,12.242649088,3.1123046875,0.000159418729817,historical,raw/1b-dagformer_historical_metrics.csv,2.9461728050595237
23360,12.247891968,3.1318359375,0.0001593110871905,historical,raw/1b-dagformer_historical_metrics.csv,2.9738885788690474
23370,12.253134848,3.0625,0.000159203444564,historical,raw/1b-dagformer_historical_metrics.csv,2.9713309151785716
23380,12.258377728,2.6748046875,0.0001590958019375,historical,raw/1b-dagformer_historical_metrics.csv,2.952822730654762
23390,12.263620608,3.08203125,0.000158988159311,historical,raw/1b-dagformer_historical_metrics.csv,2.9523111979166665
23400,12.268863488,3.2333984375,0.0001588805166846,historical,raw/1b-dagformer_historical_metrics.csv,3.0306454613095237
23410,12.274106368,3.0546875,0.0001587728740581,historical,raw/1b-dagformer_historical_metrics.csv,3.0320870535714284
23420,12.279349248,2.5888671875,0.0001586652314316,historical,raw/1b-dagformer_historical_metrics.csv,3.0080450148809526
23430,12.284592128,3.095703125,0.0001585575888051,historical,raw/1b-dagformer_historical_metrics.csv,3.0040457589285716
23440,12.289835008,3.0595703125,0.0001584499461786,historical,raw/1b-dagformer_historical_metrics.csv,3.025692894345238
23450,12.295077888,3.0908203125,0.0001583423035522,historical,raw/1b-dagformer_historical_metrics.csv,3.024809337797619
23460,12.300320768,2.4892578125,0.0001582346609257,historical,raw/1b-dagformer_historical_metrics.csv,2.9970935639880953
23470,12.305563648,1.81005859375,0.0001581270182992,historical,raw/1b-dagformer_historical_metrics.csv,2.9408017113095237
23480,12.310806528,3.125,0.0001580193756727,historical,raw/1b-dagformer_historical_metrics.csv,2.97705078125
23490,12.316049408,3.23046875,0.0001579117330462,historical,raw/1b-dagformer_historical_metrics.csv,2.9863513764880953
23500,12.321292288,1.72265625,0.0001578040904198,historical,raw/1b-dagformer_historical_metrics.csv,2.9192940848214284
23510,12.326535168,3.15625,0.0001576964477933,historical,raw/1b-dagformer_historical_metrics.csv,2.9247814360119047
23520,12.331778048,1.80419921875,0.0001575888051668,historical,raw/1b-dagformer_historical_metrics.csv,2.859095982142857
23530,12.337020928,3.11328125,0.0001574811625403,historical,raw/1b-dagformer_historical_metrics.csv,2.8577938988095237
23540,12.342263808,2.47998046875,0.0001573735199138,historical,raw/1b-dagformer_historical_metrics.csv,2.8285667782738093
23550,12.347506688,3.140625,0.0001572658772874,historical,raw/1b-dagformer_historical_metrics.csv,2.8218238467261907
23560,12.352749568,3.0498046875,0.0001571582346609,historical,raw/1b-dagformer_historical_metrics.csv,2.81884765625
23570,12.357992448,3.048828125,0.0001570505920344,historical,raw/1b-dagformer_historical_metrics.csv,2.8148949032738093
23580,12.363235328,2.60546875,0.0001569429494079,historical,raw/1b-dagformer_historical_metrics.csv,2.7931315104166665
23590,12.368478208,2.4345703125,0.0001568353067814,historical,raw/1b-dagformer_historical_metrics.csv,2.7816917782738093
23600,12.373721088,3.078125,0.000156727664155,historical,raw/1b-dagformer_historical_metrics.csv,2.7815057663690474
23610,12.378963968,3.0830078125,0.0001566200215285,historical,raw/1b-dagformer_historical_metrics.csv,2.7743443080357144
23620,12.384206848,3.169921875,0.000156512378902,historical,raw/1b-dagformer_historical_metrics.csv,2.7798316592261907
23630,12.389449728,2.5283203125,0.0001564047362755,historical,raw/1b-dagformer_historical_metrics.csv,2.776948474702381
23640,12.394692608,3.205078125,0.000156297093649,historical,raw/1b-dagformer_historical_metrics.csv,2.7821568080357144
23650,12.399935488,3.095703125,0.0001561894510226,historical,raw/1b-dagformer_historical_metrics.csv,2.783877418154762
23660,12.405178368,2.9755859375,0.0001560818083961,historical,raw/1b-dagformer_historical_metrics.csv,2.7783900669642856
23670,12.410421248,3.259765625,0.0001559741657696,historical,raw/1b-dagformer_historical_metrics.csv,2.8150809151785716
23680,12.415664128,3.158203125,0.0001558665231431,historical,raw/1b-dagformer_historical_metrics.csv,2.8792782738095237
23690,12.420907008,3.12890625,0.0001557588805166,historical,raw/1b-dagformer_historical_metrics.csv,2.8794642857142856
23700,12.426149888,3.1611328125,0.0001556512378902,historical,raw/1b-dagformer_historical_metrics.csv,2.876162574404762
23710,12.431392768,3.10546875,0.0001555435952637,historical,raw/1b-dagformer_historical_metrics.csv,2.9420107886904763
23720,12.436635648,3.15234375,0.0001554359526372,historical,raw/1b-dagformer_historical_metrics.csv,2.9418247767857144
23730,12.441878528,3.1396484375,0.0001553283100107,historical,raw/1b-dagformer_historical_metrics.csv,3.0054175967261907
23740,12.447121408,2.5771484375,0.0001552206673842,historical,raw/1b-dagformer_historical_metrics.csv,2.979887462797619
23750,12.452364288,2.9638671875,0.0001551130247578,historical,raw/1b-dagformer_historical_metrics.csv,3.0029296875
23760,12.457607168,2.994140625,0.0001550053821313,historical,raw/1b-dagformer_historical_metrics.csv,2.9959542410714284
23770,12.462850048,3.0927734375,0.0001548977395048,historical,raw/1b-dagformer_historical_metrics.csv,2.9980003720238093
23780,12.468092928,3.1767578125,0.0001547900968783,historical,raw/1b-dagformer_historical_metrics.csv,3.004092261904762
23790,12.473335808,3.12109375,0.0001546824542518,historical,raw/1b-dagformer_historical_metrics.csv,3.0286458333333335
23800,12.478578688,1.4931640625,0.0001545748116254,historical,raw/1b-dagformer_historical_metrics.csv,2.9838169642857144
23810,12.483821568,3.0966796875,0.0001544671689989,historical,raw/1b-dagformer_historical_metrics.csv,2.9847005208333335
23820,12.489064448,3.22265625,0.0001543595263724,historical,raw/1b-dagformer_historical_metrics.csv,2.9913504464285716
23830,12.494307328,3.1162109375,0.0001542518837459,historical,raw/1b-dagformer_historical_metrics.csv,2.9887927827380953
23840,12.499550208,3.1162109375,0.0001541442411194,historical,raw/1b-dagformer_historical_metrics.csv,3.016787574404762
23850,12.504793088,3.1484375,0.000154036598493,historical,raw/1b-dagformer_historical_metrics.csv,3.0140904017857144
23860,12.510035968,2.9482421875,0.0001539289558665,historical,raw/1b-dagformer_historical_metrics.csv,3.0070684523809526
23870,12.515278848,1.56591796875,0.00015382131324,historical,raw/1b-dagformer_historical_metrics.csv,2.93994140625
23880,12.520521728,2.6396484375,0.0001537136706135,historical,raw/1b-dagformer_historical_metrics.csv,2.9104120163690474
23890,12.525764608,1.7470703125,0.000153606027987,historical,raw/1b-dagformer_historical_metrics.csv,2.8432152157738093
23900,12.531007488,3.4130859375,0.0001534983853606,historical,raw/1b-dagformer_historical_metrics.csv,2.856747581845238
23910,12.536250368,3.0341796875,0.0001533907427341,historical,raw/1b-dagformer_historical_metrics.csv,2.8507021949404763
23920,12.541493248,3.1806640625,0.0001532831001076,historical,raw/1b-dagformer_historical_metrics.csv,2.854282924107143
23930,12.546736128,3.0615234375,0.0001531754574811,historical,raw/1b-dagformer_historical_metrics.csv,2.8499581473214284
23940,12.551979008,1.76318359375,0.0001530678148546,historical,raw/1b-dagformer_historical_metrics.csv,2.7844122023809526
23950,12.557221888,3.142578125,0.0001529601722282,historical,raw/1b-dagformer_historical_metrics.csv,2.811337425595238
23960,12.562464768,1.55029296875,0.0001528525296017,historical,raw/1b-dagformer_historical_metrics.csv,2.7440243675595237
23970,12.567707648,1.53564453125,0.0001527448869752,historical,raw/1b-dagformer_historical_metrics.csv,2.6745721726190474
23980,12.572950528,1.90283203125,0.0001526372443487,historical,raw/1b-dagformer_historical_metrics.csv,2.6179082961309526
23990,12.578193408,3.30859375,0.0001525296017222,historical,raw/1b-dagformer_historical_metrics.csv,2.6241861979166665
24000,12.583436288,1.9453125,0.0001524219590958,historical,raw/1b-dagformer_historical_metrics.csv,2.5681966145833335
24010,12.588679168,2.5888671875,0.0001523143164693,historical,raw/1b-dagformer_historical_metrics.csv,2.6203729538690474
24020,12.593922048,2.478515625,0.0001522066738428,historical,raw/1b-dagformer_historical_metrics.csv,2.5909365699404763
24030,12.599164928,1.9677734375,0.0001520990312163,historical,raw/1b-dagformer_historical_metrics.csv,2.5311802455357144
24040,12.604407808,3.1845703125,0.0001519913885898,historical,raw/1b-dagformer_historical_metrics.csv,2.5344354538690474
24050,12.609650688,2.591796875,0.0001518837459634,historical,raw/1b-dagformer_historical_metrics.csv,2.509463355654762
24060,12.614893568,2.154296875,0.0001517761033369,historical,raw/1b-dagformer_historical_metrics.csv,2.462123325892857
24070,12.620136448,2.611328125,0.0001516684607104,historical,raw/1b-dagformer_historical_metrics.csv,2.446079799107143
24080,12.625379328,3.15234375,0.0001515608180839,historical,raw/1b-dagformer_historical_metrics.csv,2.5216238839285716
24090,12.630622208,3.087890625,0.0001514531754574,historical,raw/1b-dagformer_historical_metrics.csv,2.54296875
24100,12.635865088,2.4990234375,0.000151345532831,historical,raw/1b-dagformer_historical_metrics.csv,2.5787760416666665
24110,12.641107968,3.0849609375,0.0001512378902045,historical,raw/1b-dagformer_historical_metrics.csv,2.5631510416666665
24120,12.646350848,2.35791015625,0.000151130247578,historical,raw/1b-dagformer_historical_metrics.csv,2.530947730654762
24130,12.651593728,3.08984375,0.0001510226049515,historical,raw/1b-dagformer_historical_metrics.csv,2.5266229538690474
24140,12.656836608,3.0849609375,0.000150914962325,historical,raw/1b-dagformer_historical_metrics.csv,2.527739025297619
24150,12.662079488,3.1572265625,0.0001508073196986,historical,raw/1b-dagformer_historical_metrics.csv,2.5941220238095237
24160,12.667322368,3.1298828125,0.0001506996770721,historical,raw/1b-dagformer_historical_metrics.csv,2.5935174851190474
24170,12.672565248,3.1201171875,0.0001505920344456,historical,raw/1b-dagformer_historical_metrics.csv,2.668271019345238
24180,12.677808128,3.03466796875,0.0001504843918191,historical,raw/1b-dagformer_historical_metrics.csv,2.739653087797619
24190,12.683051008,3.1328125,0.0001503767491926,historical,raw/1b-dagformer_historical_metrics.csv,2.7982235863095237
24200,12.688293888,3.1357421875,0.0001502691065662,historical,raw/1b-dagformer_historical_metrics.csv,2.7899925595238093
24210,12.693536768,1.81640625,0.0001501614639397,historical,raw/1b-dagformer_historical_metrics.csv,2.7838541666666665
24220,12.698779648,3.1669921875,0.0001500538213132,historical,raw/1b-dagformer_historical_metrics.csv,2.8113839285714284
24230,12.704022528,3.0615234375,0.0001499461786867,historical,raw/1b-dagformer_historical_metrics.csv,2.839146205357143
24240,12.709265408,3.0546875,0.0001498385360602,historical,raw/1b-dagformer_historical_metrics.csv,2.890904017857143
24250,12.714508288,3.087890625,0.0001497308934337,historical,raw/1b-dagformer_historical_metrics.csv,2.8863002232142856
24260,12.719751168,2.6806640625,0.0001496232508073,historical,raw/1b-dagformer_historical_metrics.csv,2.890531994047619
24270,12.724994048,3.1845703125,0.0001495156081808,historical,raw/1b-dagformer_historical_metrics.csv,2.9395926339285716
24280,12.730236928,2.5546875,0.0001494079655543,historical,raw/1b-dagformer_historical_metrics.csv,2.9368954613095237
24290,12.735479808,2.474609375,0.0001493003229278,historical,raw/1b-dagformer_historical_metrics.csv,2.9046223958333335
24300,12.740722688,3.11328125,0.0001491926803013,historical,raw/1b-dagformer_historical_metrics.csv,2.9058314732142856
24310,12.745965568,3.1513671875,0.0001490850376749,historical,raw/1b-dagformer_historical_metrics.csv,2.9368954613095237
24320,12.751208448,2.8125,0.0001489773950484,historical,raw/1b-dagformer_historical_metrics.csv,2.923921130952381
24330,12.756451328,3.1171875,0.0001488697524219,historical,raw/1b-dagformer_historical_metrics.csv,2.9600771949404763
24340,12.761694208,3.16015625,0.0001487621097954,historical,raw/1b-dagformer_historical_metrics.csv,2.9634254092261907
24350,12.766937088,3.0185546875,0.0001486544671689,historical,raw/1b-dagformer_historical_metrics.csv,2.960263206845238
24360,12.772179968,3.1494140625,0.0001485468245425,historical,raw/1b-dagformer_historical_metrics.csv,2.9598911830357144
24370,12.777422848,3.234375,0.000148439181916,historical,raw/1b-dagformer_historical_metrics.csv,2.9648670014880953
24380,12.782665728,3.1552734375,0.0001483315392895,historical,raw/1b-dagformer_historical_metrics.csv,2.9665411086309526
24390,12.787908608,3.087890625,0.000148223896663,historical,raw/1b-dagformer_historical_metrics.csv,2.9690755208333335
24400,12.793151488,3.0751953125,0.0001481162540365,historical,raw/1b-dagformer_historical_metrics.csv,2.9663318452380953
24410,12.798394368,3.03125,0.0001480086114101,historical,raw/1b-dagformer_historical_metrics.csv,2.9613560267857144
24420,12.803637248,2.6513671875,0.0001479009687836,historical,raw/1b-dagformer_historical_metrics.csv,3.0011160714285716
24430,12.808880128,1.54638671875,0.0001477933261571,historical,raw/1b-dagformer_historical_metrics.csv,2.9239443824404763
24440,12.814123008,3.0791015625,0.0001476856835306,historical,raw/1b-dagformer_historical_metrics.csv,2.9247814360119047
24450,12.819365888,1.764404296875,0.0001475780409041,historical,raw/1b-dagformer_historical_metrics.csv,2.863339378720238
24460,12.824608768,3.095703125,0.0001474703982777,historical,raw/1b-dagformer_historical_metrics.csv,2.863711402529762
24470,12.829851648,3.0830078125,0.0001473627556512,historical,raw/1b-dagformer_historical_metrics.csv,2.882870628720238
24480,12.835094528,3.1865234375,0.0001472551130247,historical,raw/1b-dagformer_historical_metrics.csv,2.882963634672619
24490,12.840337408,2.44384765625,0.0001471474703982,historical,raw/1b-dagformer_historical_metrics.csv,2.877685546875
24500,12.845580288,3.109375,0.0001470398277717,historical,raw/1b-dagformer_historical_metrics.csv,2.9079124813988093
24510,12.850823168,2.6318359375,0.0001469321851453,historical,raw/1b-dagformer_historical_metrics.csv,2.8849865141369047
24520,12.856066048,3.19921875,0.0001468245425188,historical,raw/1b-dagformer_historical_metrics.csv,2.887265159970238
24530,12.861308928,3.0673828125,0.0001467168998923,historical,raw/1b-dagformer_historical_metrics.csv,2.8994024367559526
24540,12.866551808,1.47119140625,0.0001466092572658,historical,raw/1b-dagformer_historical_metrics.csv,2.8210216703869047
24550,12.871794688,3.1630859375,0.0001465016146393,historical,raw/1b-dagformer_historical_metrics.csv,2.8211611793154763
24560,12.877037568,3.0849609375,0.0001463939720129,historical,raw/1b-dagformer_historical_metrics.csv,2.8243233816964284
24570,12.882280448,2.4765625,0.0001462863293864,historical,raw/1b-dagformer_historical_metrics.csv,2.7922828311011907
24580,12.887523328,3.0126953125,0.0001461786867599,historical,raw/1b-dagformer_historical_metrics.csv,2.7817266555059526
24590,12.892766208,3.10546875,0.0001460710441334,historical,raw/1b-dagformer_historical_metrics.csv,2.779355003720238
24600,12.898009088,3.1708984375,0.0001459634015069,historical,raw/1b-dagformer_historical_metrics.csv,2.7833077566964284
24610,12.903251968,3.16015625,0.0001458557588805,historical,raw/1b-dagformer_historical_metrics.csv,2.787353515625
24620,12.908494848,1.74365234375,0.000145748116254,historical,raw/1b-dagformer_historical_metrics.csv,2.726039341517857
24630,12.913737728,2.4609375,0.0001456404736275,historical,raw/1b-dagformer_historical_metrics.csv,2.7169712611607144
24640,12.918980608,2.9775390625,0.000145532831001,historical,raw/1b-dagformer_historical_metrics.csv,2.785121372767857
24650,12.924223488,3.2197265625,0.0001454251883745,historical,raw/1b-dagformer_historical_metrics.csv,2.7918178013392856
24660,12.929466368,2.767578125,0.0001453175457481,historical,raw/1b-dagformer_historical_metrics.csv,2.8395879836309526
24670,12.934709248,3.1396484375,0.0001452099031216,historical,raw/1b-dagformer_historical_metrics.csv,2.8416806175595237
24680,12.939952128,3.1943359375,0.0001451022604951,historical,raw/1b-dagformer_historical_metrics.csv,2.846981956845238
24690,12.945195008,3.08984375,0.0001449946178686,historical,raw/1b-dagformer_historical_metrics.csv,2.842378162202381
24700,12.950437888,3.017578125,0.0001448869752421,historical,raw/1b-dagformer_historical_metrics.csv,2.8696986607142856
24710,12.955680768,3.015625,0.0001447793326157,historical,raw/1b-dagformer_historical_metrics.csv,2.865234375
24720,12.960923648,3.107421875,0.0001446716899892,historical,raw/1b-dagformer_historical_metrics.csv,2.887881324404762
24730,12.966166528,2.16259765625,0.0001445640473627,historical,raw/1b-dagformer_historical_metrics.csv,2.8385184151785716
24740,12.971409408,3.0751953125,0.0001444564047362,historical,raw/1b-dagformer_historical_metrics.csv,2.8388904389880953
24750,12.976652288,3.0947265625,0.0001443487621097,historical,raw/1b-dagformer_historical_metrics.csv,2.916201636904762
24760,12.981895168,3.205078125,0.0001442411194833,historical,raw/1b-dagformer_historical_metrics.csv,2.9182012648809526
24770,12.987138048,3.201171875,0.0001441334768568,historical,raw/1b-dagformer_historical_metrics.csv,2.923735119047619
24780,12.992380928,3.1064453125,0.0001440258342303,historical,raw/1b-dagformer_historical_metrics.csv,2.9537295386904763
24790,12.997623808,2.5634765625,0.0001439181916038,historical,raw/1b-dagformer_historical_metrics.csv,2.932338169642857
24800,13.002866688,2.435546875,0.0001438105489773,historical,raw/1b-dagformer_historical_metrics.csv,2.9004371279761907
24810,13.008109568,1.87841796875,0.0001437029063509,historical,raw/1b-dagformer_historical_metrics.csv,2.8388904389880953
24820,13.013352448,1.8994140625,0.0001435952637244,historical,raw/1b-dagformer_historical_metrics.csv,2.7788550967261907
24830,13.018595328,3.0361328125,0.0001434876210979,historical,raw/1b-dagformer_historical_metrics.csv,2.8404017857142856
24840,13.023838208,3.185546875,0.0001433799784714,historical,raw/1b-dagformer_historical_metrics.csv,2.874906994047619
24850,13.029081088,3.0966796875,0.0001432723358449,historical,raw/1b-dagformer_historical_metrics.csv,2.880580357142857
24860,13.034323968,3.0693359375,0.0001431646932185,historical,raw/1b-dagformer_historical_metrics.csv,2.8734188988095237
24870,13.039566848,3.2216796875,0.000143057050592,historical,raw/1b-dagformer_historical_metrics.csv,2.8950427827380953
24880,13.044809728,1.6044921875,0.0001429494079655,historical,raw/1b-dagformer_historical_metrics.csv,2.8219401041666665
24890,13.050052608,2.501953125,0.000142841765339,historical,raw/1b-dagformer_historical_metrics.csv,2.788969494047619
24900,13.055295488,2.345703125,0.0001427341227125,historical,raw/1b-dagformer_historical_metrics.csv,2.7535342261904763
24910,13.060538368,3.3642578125,0.0001426264800861,historical,raw/1b-dagformer_historical_metrics.csv,2.7700427827380953
24920,13.065781248,3.1572265625,0.0001425188374596,historical,raw/1b-dagformer_historical_metrics.csv,2.7767857142857144
24930,13.071024128,3.10546875,0.0001424111948331,historical,raw/1b-dagformer_historical_metrics.csv,2.7766927083333335
24940,13.076267008,3.0966796875,0.0001423035522066,historical,raw/1b-dagformer_historical_metrics.csv,2.8211728050595237
24950,13.081509888,3.1865234375,0.0001421959095801,historical,raw/1b-dagformer_historical_metrics.csv,2.826474144345238
24960,13.086752768,3.2109375,0.0001420882669537,historical,raw/1b-dagformer_historical_metrics.csv,2.8320079985119047
24970,13.091995648,3.271484375,0.0001419806243272,historical,raw/1b-dagformer_historical_metrics.csv,2.835170200892857
24980,13.097238528,1.407958984375,0.0001418729817007,historical,raw/1b-dagformer_historical_metrics.csv,2.7497791108630953
24990,13.102481408,2.6484375,0.0001417653390742,historical,raw/1b-dagformer_historical_metrics.csv,2.727969215029762
25000,13.107724288,3.138671875,0.0001416576964477,historical,raw/1b-dagformer_historical_metrics.csv,2.7553594680059526
25010,13.112967168,3.0537109375,0.0001415500538213,historical,raw/1b-dagformer_historical_metrics.csv,2.7847958519345237
25020,13.118210048,3.2265625,0.0001414424111948,historical,raw/1b-dagformer_historical_metrics.csv,2.8489932105654763
25030,13.123452928,3.1015625,0.0001413347685683,historical,raw/1b-dagformer_historical_metrics.csv,2.9062383742559526
25040,13.128695808,3.130859375,0.0001412271259418,historical,raw/1b-dagformer_historical_metrics.csv,2.9107491629464284
25050,13.133938688,1.5244140625,0.0001411194833153,historical,raw/1b-dagformer_historical_metrics.csv,2.8316476004464284
25060,13.139181568,3.2451171875,0.0001410118406889,historical,raw/1b-dagformer_historical_metrics.csv,2.838716052827381
25070,13.144424448,3.0419921875,0.0001409041980624,historical,raw/1b-dagformer_historical_metrics.csv,2.8374139694940474
25080,13.149667328,3.1845703125,0.0001407965554359,historical,raw/1b-dagformer_historical_metrics.csv,2.8356468563988093
25090,13.154910208,3.1982421875,0.0001406889128094,historical,raw/1b-dagformer_historical_metrics.csv,2.9115397135416665
25100,13.160153088,3.10546875,0.0001405812701829,historical,raw/1b-dagformer_historical_metrics.csv,2.940278552827381
25110,13.165395968,3.12890625,0.0001404736275565,historical,raw/1b-dagformer_historical_metrics.csv,2.977573939732143
25120,13.170638848,3.052734375,0.00014036598493,historical,raw/1b-dagformer_historical_metrics.csv,2.962739490327381
25130,13.175881728,1.9072265625,0.0001402583423035,historical,raw/1b-dagformer_historical_metrics.csv,2.9032156808035716
25140,13.181124608,3.0576171875,0.000140150699677,historical,raw/1b-dagformer_historical_metrics.csv,2.900937034970238
25150,13.186367488,3.0693359375,0.0001400430570505,historical,raw/1b-dagformer_historical_metrics.csv,2.8996349516369047
25160,13.191610368,3.044921875,0.0001399354144241,historical,raw/1b-dagformer_historical_metrics.csv,2.8928920200892856
25170,13.196853248,3.078125,0.0001398277717976,historical,raw/1b-dagformer_historical_metrics.csv,2.886567615327381
25180,13.202096128,2.998046875,0.0001397201291711,historical,raw/1b-dagformer_historical_metrics.csv,2.8735467819940474
25190,13.207339008,2.953125,0.0001396124865446,historical,raw/1b-dagformer_historical_metrics.csv,2.9471261160714284
25200,13.212581888,2.330078125,0.0001395048439181,historical,raw/1b-dagformer_historical_metrics.csv,2.9319661458333335
25210,13.217824768,3.1484375,0.0001393972012917,historical,raw/1b-dagformer_historical_metrics.csv,2.932431175595238
25220,13.223067648,3.130859375,0.0001392895586652,historical,raw/1b-dagformer_historical_metrics.csv,2.9361049107142856
25230,13.228310528,1.8125,0.0001391819160387,historical,raw/1b-dagformer_historical_metrics.csv,2.8687686011904763
25240,13.233553408,3.166015625,0.0001390742734122,historical,raw/1b-dagformer_historical_metrics.csv,2.8718377976190474
25250,13.238796288,3.091796875,0.0001389666307857,historical,raw/1b-dagformer_historical_metrics.csv,2.8699776785714284
25260,13.244039168,3.115234375,0.0001388589881593,historical,raw/1b-dagformer_historical_metrics.csv,2.9457310267857144
25270,13.249282048,3.169921875,0.0001387513455328,historical,raw/1b-dagformer_historical_metrics.csv,2.9421502976190474
25280,13.254524928,3.154296875,0.0001386437029063,historical,raw/1b-dagformer_historical_metrics.csv,2.9474981398809526
25290,13.259767808,3.2890625,0.0001385360602798,historical,raw/1b-dagformer_historical_metrics.csv,2.9524739583333335
25300,13.265010688,3.1708984375,0.0001384284176533,historical,raw/1b-dagformer_historical_metrics.csv,2.951171875
25310,13.270253568,1.6962890625,0.0001383207750269,historical,raw/1b-dagformer_historical_metrics.csv,2.884068080357143
25320,13.275496448,1.84912109375,0.0001382131324004,historical,raw/1b-dagformer_historical_metrics.csv,2.8231259300595237
25330,13.280739328,3.06640625,0.0001381054897739,historical,raw/1b-dagformer_historical_metrics.csv,2.8237769717261907
25340,13.285982208,3.2333984375,0.0001379978471474,historical,raw/1b-dagformer_historical_metrics.csv,2.886928013392857
25350,13.291225088,3.05859375,0.0001378902045209,historical,raw/1b-dagformer_historical_metrics.csv,2.8869745163690474
25360,13.296467968,2.49853515625,0.0001377825618945,historical,raw/1b-dagformer_historical_metrics.csv,2.8597935267857144
25370,13.301710848,3.013671875,0.000137674919268,historical,raw/1b-dagformer_historical_metrics.csv,2.858305431547619
25380,13.306953728,2.6103515625,0.0001375672766415,historical,raw/1b-dagformer_historical_metrics.csv,2.836030505952381
25390,13.312196608,2.603515625,0.000137459634015,historical,raw/1b-dagformer_historical_metrics.csv,2.8172433035714284
25400,13.317439488,2.484375,0.0001373519913885,historical,raw/1b-dagformer_historical_metrics.csv,2.794921875
25410,13.322682368,3.232421875,0.0001372443487621,historical,raw/1b-dagformer_historical_metrics.csv,2.837890625
25420,13.327925248,3.0849609375,0.0001371367061356,historical,raw/1b-dagformer_historical_metrics.csv,2.834867931547619
25430,13.333168128,3.1484375,0.0001370290635091,historical,raw/1b-dagformer_historical_metrics.csv,2.8357049851190474
25440,13.338411008,3.060546875,0.0001369214208826,historical,raw/1b-dagformer_historical_metrics.csv,2.8951357886904763
25450,13.343653888,2.51953125,0.0001368137782561,historical,raw/1b-dagformer_historical_metrics.csv,2.864350818452381
25460,13.348896768,1.67333984375,0.0001367061356297,historical,raw/1b-dagformer_historical_metrics.csv,2.7968052455357144
25470,13.354139648,2.46435546875,0.0001365984930032,historical,raw/1b-dagformer_historical_metrics.csv,2.765811011904762
25480,13.359382528,3.1591796875,0.0001364908503767,historical,raw/1b-dagformer_historical_metrics.csv,2.7652994791666665
25490,13.364625408,1.783203125,0.0001363832077502,historical,raw/1b-dagformer_historical_metrics.csv,2.700009300595238
25500,13.369868288,2.9736328125,0.0001362755651237,historical,raw/1b-dagformer_historical_metrics.csv,2.6849888392857144
25510,13.375111168,3.09375,0.0001361679224973,historical,raw/1b-dagformer_historical_metrics.csv,2.6813151041666665
25520,13.380354048,1.274658203125,0.0001360602798708,historical,raw/1b-dagformer_historical_metrics.csv,2.6612374441964284
25530,13.385596928,3.1396484375,0.0001359526372443,historical,raw/1b-dagformer_historical_metrics.csv,2.722691127232143
25540,13.390839808,1.7412109375,0.0001358449946178,historical,raw/1b-dagformer_historical_metrics.csv,2.6595865885416665
25550,13.396082688,3.052734375,0.0001357373519913,historical,raw/1b-dagformer_historical_metrics.csv,2.6509835379464284
25560,13.401325568,1.58154296875,0.0001356297093649,historical,raw/1b-dagformer_historical_metrics.csv,2.5806477864583335
25570,13.406568448,3.0205078125,0.0001355220667384,historical,raw/1b-dagformer_historical_metrics.csv,2.605503627232143
25580,13.411811328,3.0439453125,0.0001354144241119,historical,raw/1b-dagformer_historical_metrics.csv,2.6069452194940474
25590,13.417054208,3.1279296875,0.0001353067814854,historical,raw/1b-dagformer_historical_metrics.csv,2.631591796875
25600,13.422297088,3.0400390625,0.0001351991388589,historical,raw/1b-dagformer_historical_metrics.csv,2.652378627232143
25610,13.427539968,1.68408203125,0.0001350914962325,historical,raw/1b-dagformer_historical_metrics.csv,2.6142694382440474
25620,13.432782848,3.1220703125,0.000134983853606,historical,raw/1b-dagformer_historical_metrics.csv,2.6090146019345237
25630,13.438025728,3.095703125,0.0001348762109795,historical,raw/1b-dagformer_historical_metrics.csv,2.609526134672619
25640,13.443268608,1.9453125,0.000134768568353,historical,raw/1b-dagformer_historical_metrics.csv,2.5522344680059526
25650,13.448511488,2.5341796875,0.0001346609257265,historical,raw/1b-dagformer_historical_metrics.csv,2.5271693638392856
25660,13.453754368,3.0029296875,0.0001345532831001,historical,raw/1b-dagformer_historical_metrics.csv,2.5501883370535716
25670,13.458997248,3.01171875,0.0001344456404736,historical,raw/1b-dagformer_historical_metrics.csv,2.613920665922619
25680,13.464240128,3.16015625,0.0001343379978471,historical,raw/1b-dagformer_historical_metrics.csv,2.6470540364583335
25690,13.469483008,1.90283203125,0.0001342303552206,historical,raw/1b-dagformer_historical_metrics.csv,2.5872279575892856
25700,13.474725888,3.07421875,0.0001341227125941,historical,raw/1b-dagformer_historical_metrics.csv,2.6487048921130953
25710,13.479968768,3.072265625,0.0001340150699677,historical,raw/1b-dagformer_historical_metrics.csv,2.6534016927083335
25720,13.485211648,3.150390625,0.0001339074273412,historical,raw/1b-dagformer_historical_metrics.csv,2.656098865327381
25730,13.490454528,3.16015625,0.0001337997847147,historical,raw/1b-dagformer_historical_metrics.csv,2.745884486607143
25740,13.495697408,3.0625,0.0001336921420882,historical,raw/1b-dagformer_historical_metrics.csv,2.7422107514880953
25750,13.500940288,2.5556640625,0.0001335844994617,historical,raw/1b-dagformer_historical_metrics.csv,2.7809942336309526
25760,13.506183168,2.5654296875,0.0001334768568353,historical,raw/1b-dagformer_historical_metrics.csv,2.7577892485119047
25770,13.511426048,2.529296875,0.0001333692142088,historical,raw/1b-dagformer_historical_metrics.csv,2.802920386904762
25780,13.516668928,3.080078125,0.0001332615715823,historical,raw/1b-dagformer_historical_metrics.csv,2.805757068452381
25790,13.521911808,3.0927734375,0.0001331539289558,historical,raw/1b-dagformer_historical_metrics.csv,2.8080822172619047
25800,13.527154688,1.77294921875,0.0001330462863293,historical,raw/1b-dagformer_historical_metrics.csv,2.743559337797619
25810,13.532397568,3.126953125,0.0001329386437029,historical,raw/1b-dagformer_historical_metrics.csv,2.7476981026785716
25820,13.537640448,3.0302734375,0.0001328310010764,historical,raw/1b-dagformer_historical_metrics.csv,2.811802455357143
25830,13.542883328,3.1923828125,0.0001327233584499,historical,raw/1b-dagformer_historical_metrics.csv,2.815150669642857
25840,13.548126208,2.57421875,0.0001326157158234,historical,raw/1b-dagformer_historical_metrics.csv,2.790318080357143
25850,13.553369088,3.1025390625,0.0001325080731969,historical,raw/1b-dagformer_historical_metrics.csv,2.845424107142857
25860,13.558611968,2.994140625,0.0001324004305705,historical,raw/1b-dagformer_historical_metrics.csv,2.8673270089285716
25870,13.563854848,2.94140625,0.000132292787944,historical,raw/1b-dagformer_historical_metrics.csv,2.8643973214285716
25880,13.569097728,3.1259765625,0.0001321851453175,historical,raw/1b-dagformer_historical_metrics.csv,2.869838169642857
25890,13.574340608,3.0009765625,0.000132077502691,historical,raw/1b-dagformer_historical_metrics.csv,2.8622581845238093
25900,13.579583488,1.935546875,0.0001319698600645,historical,raw/1b-dagformer_historical_metrics.csv,2.8638160342261907
25910,13.584826368,3.1044921875,0.0001318622174381,historical,raw/1b-dagformer_historical_metrics.csv,2.8652576264880953
25920,13.590069248,2.603515625,0.0001317545748116,historical,raw/1b-dagformer_historical_metrics.csv,2.8429361979166665
25930,13.595312128,3.1064453125,0.0001316469321851,historical,raw/1b-dagformer_historical_metrics.csv,2.8408435639880953
25940,13.600555008,3.1318359375,0.0001315392895586,historical,raw/1b-dagformer_historical_metrics.csv,2.8394949776785716
25950,13.605797888,3.201171875,0.0001314316469321,historical,raw/1b-dagformer_historical_metrics.csv,2.846098400297619
25960,13.611040768,2.6796875,0.0001313240043057,historical,raw/1b-dagformer_historical_metrics.csv,2.8520042782738093
25970,13.616283648,2.583984375,0.0001312163616792,historical,raw/1b-dagformer_historical_metrics.csv,2.8528878348214284
25980,13.621526528,3.0849609375,0.0001311087190527,historical,raw/1b-dagformer_historical_metrics.csv,2.8793480282738093
25990,13.626769408,2.42529296875,0.0001310010764262,historical,raw/1b-dagformer_historical_metrics.csv,2.8481677827380953
26000,13.632012288,3.1474609375,0.0001308934337997,historical,raw/1b-dagformer_historical_metrics.csv,2.850771949404762
26010,13.637255168,2.6171875,0.0001307857911733,historical,raw/1b-dagformer_historical_metrics.csv,2.8909737723214284
26020,13.642498048,3.0087890625,0.0001306781485468,historical,raw/1b-dagformer_historical_metrics.csv,2.885346912202381
26030,13.647740928,3.1630859375,0.0001305705059203,historical,raw/1b-dagformer_historical_metrics.csv,2.8916713169642856
26040,13.652983808,1.35498046875,0.0001304628632938,historical,raw/1b-dagformer_historical_metrics.csv,2.8041759672619047
26050,13.658226688,2.6552734375,0.0001303552206673,historical,raw/1b-dagformer_historical_metrics.csv,2.8080357142857144
26060,13.663469568,3.076171875,0.0001302475780409,historical,raw/1b-dagformer_historical_metrics.csv,2.8067801339285716
26070,13.668712448,3.10546875,0.0001301399354144,historical,raw/1b-dagformer_historical_metrics.csv,2.8120814732142856
26080,13.673955328,3.115234375,0.0001300322927879,historical,raw/1b-dagformer_historical_metrics.csv,2.8203590029761907
26090,13.679198208,3.1025390625,0.0001299246501614,historical,raw/1b-dagformer_historical_metrics.csv,2.819242931547619
26100,13.684441088,3.1162109375,0.0001298170075349,historical,raw/1b-dagformer_historical_metrics.csv,2.8247302827380953
26110,13.689683968,3.0498046875,0.0001297093649085,historical,raw/1b-dagformer_historical_metrics.csv,2.8777901785714284
26120,13.694926848,3.080078125,0.000129601722282,historical,raw/1b-dagformer_historical_metrics.csv,2.8766276041666665
26130,13.700169728,3.08984375,0.0001294940796555,historical,raw/1b-dagformer_historical_metrics.csv,2.8997860863095237
26140,13.705412608,1.66064453125,0.000129386437029,historical,raw/1b-dagformer_historical_metrics.csv,2.8309384300595237
26150,13.710655488,3.1376953125,0.0001292787944025,historical,raw/1b-dagformer_historical_metrics.csv,2.8312174479166665
26160,13.715898368,3.1396484375,0.0001291711517761,historical,raw/1b-dagformer_historical_metrics.csv,2.8282877604166665
26170,13.721141248,1.6005859375,0.0001290635091496,historical,raw/1b-dagformer_historical_metrics.csv,2.7769019717261907
26180,13.726384128,3.0751953125,0.0001289558665231,historical,raw/1b-dagformer_historical_metrics.csv,2.80029296875
26190,13.731627008,2.98828125,0.0001288482238966,historical,raw/1b-dagformer_historical_metrics.csv,2.795689174107143
26200,13.736869888,3.142578125,0.0001287405812701,historical,raw/1b-dagformer_historical_metrics.csv,2.8298456101190474
26210,13.742112768,2.583984375,0.0001286329386437,historical,raw/1b-dagformer_historical_metrics.csv,2.803013392857143
26220,13.747355648,2.4794921875,0.0001285252960172,historical,raw/1b-dagformer_historical_metrics.csv,2.7964564732142856
26230,13.752598528,2.41552734375,0.0001284176533907,historical,raw/1b-dagformer_historical_metrics.csv,2.7682059151785716
26240,13.757841408,3.083984375,0.0001283100107642,historical,raw/1b-dagformer_historical_metrics.csv,2.764439174107143
26250,13.763084288,2.890625,0.0001282023681377,historical,raw/1b-dagformer_historical_metrics.csv,2.8375651041666665
26260,13.768327168,3.1884765625,0.0001280947255113,historical,raw/1b-dagformer_historical_metrics.csv,2.8629557291666665
26270,13.773570048,1.62890625,0.0001279870828848,historical,raw/1b-dagformer_historical_metrics.csv,2.794038318452381
26280,13.778812928,3.068359375,0.0001278794402583,historical,raw/1b-dagformer_historical_metrics.csv,2.792271205357143
26290,13.784055808,1.719970703125,0.0001277717976318,historical,raw/1b-dagformer_historical_metrics.csv,2.725830078125
26300,13.789298688,3.1474609375,0.0001276641550053,historical,raw/1b-dagformer_historical_metrics.csv,2.727969215029762
26310,13.794541568,1.84912109375,0.0001275565123789,historical,raw/1b-dagformer_historical_metrics.csv,2.667631603422619
26320,13.799784448,3.0078125,0.0001274488697524,historical,raw/1b-dagformer_historical_metrics.csv,2.6656319754464284
26330,13.805027328,3.2978515625,0.0001273412271259,historical,raw/1b-dagformer_historical_metrics.csv,2.6760021391369047
26340,13.810270208,1.57763671875,0.0001272335844994,historical,raw/1b-dagformer_historical_metrics.csv,2.6039922805059526
26350,13.815513088,2.5947265625,0.0001271259418729,historical,raw/1b-dagformer_historical_metrics.csv,2.648472377232143
26360,13.820755968,2.681640625,0.0001270182992465,historical,raw/1b-dagformer_historical_metrics.csv,2.6267554873511907
26370,13.825998848,3.0458984375,0.00012691065662,historical,raw/1b-dagformer_historical_metrics.csv,2.6222912016369047
26380,13.831241728,1.95068359375,0.0001268030139935,historical,raw/1b-dagformer_historical_metrics.csv,2.6389625186011907
26390,13.836484608,3.080078125,0.000126695371367,historical,raw/1b-dagformer_historical_metrics.csv,2.639195033482143
26400,13.841727488,1.8544921875,0.0001265877287405,historical,raw/1b-dagformer_historical_metrics.csv,2.585205078125
26410,13.846970368,3.0458984375,0.0001264800861141,historical,raw/1b-dagformer_historical_metrics.csv,2.580601283482143
26420,13.852213248,3.1123046875,0.0001263724434876,historical,raw/1b-dagformer_historical_metrics.csv,2.6057593936011907
26430,13.857456128,1.8916015625,0.0001262648008611,historical,raw/1b-dagformer_historical_metrics.csv,2.5777646019345237
26440,13.862699008,2.59765625,0.0001261571582346,historical,raw/1b-dagformer_historical_metrics.csv,2.5864374069940474
26450,13.867941888,2.9931640625,0.0001260495156081,historical,raw/1b-dagformer_historical_metrics.csv,2.5821126302083335
26460,13.873184768,3.216796875,0.0001259418729817,historical,raw/1b-dagformer_historical_metrics.csv,2.5976446242559526
26470,13.878427648,3.08984375,0.0001258342303552,historical,raw/1b-dagformer_historical_metrics.csv,2.5929478236607144
26480,13.883670528,1.57470703125,0.0001257265877287,historical,raw/1b-dagformer_historical_metrics.csv,2.590366908482143
26490,13.888913408,3.1748046875,0.0001256189451022,historical,raw/1b-dagformer_historical_metrics.csv,2.5954357328869047
26500,13.894156288,1.83642578125,0.0001255113024757,historical,raw/1b-dagformer_historical_metrics.csv,2.600981212797619
26510,13.899399168,3.19921875,0.0001254036598493,historical,raw/1b-dagformer_historical_metrics.csv,2.6034458705357144
26520,13.904642048,2.00341796875,0.0001252960172228,historical,raw/1b-dagformer_historical_metrics.csv,2.6107933407738093
26530,13.909884928,1.5625,0.0001251883745963,historical,raw/1b-dagformer_historical_metrics.csv,2.5419689360119047
26540,13.915127808,1.55859375,0.0001250807319698,historical,raw/1b-dagformer_historical_metrics.csv,2.4591471354166665
26550,13.920370688,3.0751953125,0.0001249730893433,historical,raw/1b-dagformer_historical_metrics.csv,2.530459449404762
26560,13.925613568,1.60009765625,0.0001248654467168,historical,raw/1b-dagformer_historical_metrics.csv,2.483096168154762
26570,13.930856448,3.02734375,0.0001247578040904,historical,raw/1b-dagformer_historical_metrics.csv,2.4995582217261907
26580,13.936099328,3.1181640625,0.0001246501614639,historical,raw/1b-dagformer_historical_metrics.csv,2.5029994419642856
26590,13.941342208,2.6943359375,0.0001245425188374,historical,raw/1b-dagformer_historical_metrics.csv,2.5384114583333335
26600,13.946585088,3.052734375,0.0001244348762109,historical,raw/1b-dagformer_historical_metrics.csv,2.537109375
26610,13.951827968,3.076171875,0.0001243272335844,historical,raw/1b-dagformer_historical_metrics.csv,2.5952845982142856
26620,13.957070848,1.650390625,0.000124219590958,historical,raw/1b-dagformer_historical_metrics.csv,2.5288318452380953
26630,13.962313728,3.1767578125,0.0001241119483315,historical,raw/1b-dagformer_historical_metrics.csv,2.5319010416666665
26640,13.967556608,3.119140625,0.000124004305705,historical,raw/1b-dagformer_historical_metrics.csv,2.5903552827380953
26650,13.972799488,3.1201171875,0.0001238966630785,historical,raw/1b-dagformer_historical_metrics.csv,2.615234375
26660,13.978042368,3.1376953125,0.000123789020452,historical,raw/1b-dagformer_historical_metrics.csv,2.6221168154761907
26670,13.983285248,3.11328125,0.0001236813778256,historical,raw/1b-dagformer_historical_metrics.csv,2.6171875
26680,13.988528128,3.0361328125,0.0001235737351991,historical,raw/1b-dagformer_historical_metrics.csv,2.6146298363095237
26690,13.993771008,3.1005859375,0.0001234660925726,historical,raw/1b-dagformer_historical_metrics.csv,2.687290736607143
26700,13.999013888,2.28076171875,0.0001233584499461,historical,raw/1b-dagformer_historical_metrics.csv,2.644717261904762
26710,14.004256768,2.7255859375,0.0001232508073196,historical,raw/1b-dagformer_historical_metrics.csv,2.6870582217261907
26720,14.009499648,3.0283203125,0.0001231431646932,historical,raw/1b-dagformer_historical_metrics.csv,2.678920200892857
26730,14.014742528,3.123046875,0.0001230355220667,historical,raw/1b-dagformer_historical_metrics.csv,2.732235863095238
26740,14.019985408,2.00732421875,0.0001229278794402,historical,raw/1b-dagformer_historical_metrics.csv,2.75341796875
26750,14.025228288,3.1455078125,0.0001228202368137,historical,raw/1b-dagformer_historical_metrics.csv,2.8289853050595237
26760,14.030471168,2.7158203125,0.0001227125941872,historical,raw/1b-dagformer_historical_metrics.csv,2.8118722098214284
26770,14.035714048,2.4072265625,0.0001226049515608,historical,raw/1b-dagformer_historical_metrics.csv,2.850306919642857
26780,14.040956928,3.1611328125,0.0001224973089343,historical,raw/1b-dagformer_historical_metrics.csv,2.8566778273809526
26790,14.046199808,2.6513671875,0.0001223896663078,historical,raw/1b-dagformer_historical_metrics.csv,2.8344494047619047
26800,14.051442688,3.1123046875,0.0001222820236813,historical,raw/1b-dagformer_historical_metrics.csv,2.8543526785714284
26810,14.056685568,2.5830078125,0.0001221743810548,historical,raw/1b-dagformer_historical_metrics.csv,2.8319847470238093
26820,14.061928448,3.16796875,0.0001220667384284,historical,raw/1b-dagformer_historical_metrics.csv,2.8363560267857144
26830,14.067171328,1.619140625,0.0001219590958019,historical,raw/1b-dagformer_historical_metrics.csv,2.834867931547619
26840,14.072414208,3.05859375,0.0001218514531754,historical,raw/1b-dagformer_historical_metrics.csv,2.8292410714285716
26850,14.077657088,3.2109375,0.0001217438105489,historical,raw/1b-dagformer_historical_metrics.csv,2.8336123511904763
26860,14.082899968,2.396484375,0.0001216361679224,historical,raw/1b-dagformer_historical_metrics.csv,2.7991536458333335
26870,14.088142848,1.4345703125,0.000121528525296,historical,raw/1b-dagformer_historical_metrics.csv,2.718052455357143
26880,14.093385728,3.1640625,0.0001214208826695,historical,raw/1b-dagformer_historical_metrics.csv,2.7204706101190474
26890,14.098628608,3.0234375,0.000121313240043,historical,raw/1b-dagformer_historical_metrics.csv,2.7198660714285716
26900,14.103871488,3.0732421875,0.0001212055974165,historical,raw/1b-dagformer_historical_metrics.csv,2.718563988095238
26910,14.109114368,1.74169921875,0.00012109795479,historical,raw/1b-dagformer_historical_metrics.csv,2.6928943452380953
26920,14.114357248,3.0634765625,0.0001209903121636,historical,raw/1b-dagformer_historical_metrics.csv,2.708984375
26930,14.119600128,3.01171875,0.0001208826695371,historical,raw/1b-dagformer_historical_metrics.csv,2.708193824404762
26940,14.124843008,3.0048828125,0.0001207750269106,historical,raw/1b-dagformer_historical_metrics.csv,2.7025669642857144
26950,14.130085888,2.26171875,0.0001206673842841,historical,raw/1b-dagformer_historical_metrics.csv,2.7146809895833335
26960,14.135328768,3.0888671875,0.0001205597416576,historical,raw/1b-dagformer_historical_metrics.csv,2.7119838169642856
26970,14.140571648,3.1943359375,0.0001204520990312,historical,raw/1b-dagformer_historical_metrics.csv,2.734770275297619
26980,14.145814528,1.65673828125,0.0001203444564047,historical,raw/1b-dagformer_historical_metrics.csv,2.699032738095238
26990,14.151057408,2.95703125,0.0001202368137782,historical,raw/1b-dagformer_historical_metrics.csv,2.6893136160714284
27000,14.156300288,2.7431640625,0.0001201291711517,historical,raw/1b-dagformer_historical_metrics.csv,2.6936848958333335
27010,14.161543168,3.001953125,0.0001200215285252,historical,raw/1b-dagformer_historical_metrics.csv,2.6884300595238093
27020,14.166786048,2.28369140625,0.0001199138858988,historical,raw/1b-dagformer_historical_metrics.csv,2.6741768973214284
27030,14.172028928,2.6552734375,0.0001198062432723,historical,raw/1b-dagformer_historical_metrics.csv,2.6497628348214284
27040,14.177271808,2.67578125,0.0001196986006458,historical,raw/1b-dagformer_historical_metrics.csv,2.7000790550595237
27050,14.182514688,1.79931640625,0.0001195909580193,historical,raw/1b-dagformer_historical_metrics.csv,2.6401134672619047
27060,14.187757568,2.18359375,0.0001194833153928,historical,raw/1b-dagformer_historical_metrics.csv,2.5911923363095237
27070,14.193000448,1.578125,0.0001193756727664,historical,raw/1b-dagformer_historical_metrics.csv,2.5522228422619047
27080,14.198243328,2.5595703125,0.0001192680301399,historical,raw/1b-dagformer_historical_metrics.csv,2.6057942708333335
27090,14.203486208,2.23583984375,0.0001191603875134,historical,raw/1b-dagformer_historical_metrics.csv,2.5615931919642856
27100,14.208729088,2.25341796875,0.0001190527448869,historical,raw/1b-dagformer_historical_metrics.csv,2.5249255952380953
27110,14.213971968,2.6142578125,0.0001189451022604,historical,raw/1b-dagformer_historical_metrics.csv,2.5030691964285716
27120,14.219214848,3.1513671875,0.000118837459634,historical,raw/1b-dagformer_historical_metrics.csv,2.5701962425595237
27130,14.224457728,3.1826171875,0.0001187298170075,historical,raw/1b-dagformer_historical_metrics.csv,2.575869605654762
27140,14.229700608,3.021484375,0.000118622174381,historical,raw/1b-dagformer_historical_metrics.csv,2.5763346354166665
27150,14.234943488,1.94677734375,0.0001185145317545,historical,raw/1b-dagformer_historical_metrics.csv,2.5259486607142856
27160,14.240186368,1.75830078125,0.000118406889128,historical,raw/1b-dagformer_historical_metrics.csv,2.5019763764880953
27170,14.245429248,1.684326171875,0.0001182992465016,historical,raw/1b-dagformer_historical_metrics.csv,2.435093470982143
27180,14.250672128,3.12109375,0.0001181916038751,historical,raw/1b-dagformer_historical_metrics.csv,2.431605747767857
27190,14.255915008,3.0146484375,0.0001180839612486,historical,raw/1b-dagformer_historical_metrics.csv,2.4962681361607144
27200,14.261157888,3.177734375,0.0001179763186221,historical,raw/1b-dagformer_historical_metrics.csv,2.506777808779762
27210,14.266400768,2.5546875,0.0001178686759956,historical,raw/1b-dagformer_historical_metrics.csv,2.497802734375
27220,14.271643648,2.513671875,0.0001177610333692,historical,raw/1b-dagformer_historical_metrics.csv,2.474551246279762
27230,14.276886528,3.12890625,0.0001176533907427,historical,raw/1b-dagformer_historical_metrics.csv,2.514799572172619
27240,14.282129408,2.98828125,0.0001175457481162,historical,raw/1b-dagformer_historical_metrics.csv,2.5306570870535716
27250,14.287372288,3.11328125,0.0001174381054897,historical,raw/1b-dagformer_historical_metrics.csv,2.5514904203869047
27260,14.292615168,3.1142578125,0.0001173304628632,historical,raw/1b-dagformer_historical_metrics.csv,2.614106677827381
27270,14.297858048,2.328125,0.0001172228202368,historical,raw/1b-dagformer_historical_metrics.csv,2.6209891183035716
27280,14.303100928,2.3798828125,0.0001171151776103,historical,raw/1b-dagformer_historical_metrics.csv,2.6591680617559526
27290,14.308343808,1.47265625,0.0001170075349838,historical,raw/1b-dagformer_historical_metrics.csv,2.6074102492559526
27300,14.313586688,2.5732421875,0.0001168998923573,historical,raw/1b-dagformer_historical_metrics.csv,2.623477027529762
27310,14.318829568,3.0498046875,0.0001167922497308,historical,raw/1b-dagformer_historical_metrics.csv,2.6614002046130953
27320,14.324072448,1.31298828125,0.0001166846071044,historical,raw/1b-dagformer_historical_metrics.csv,2.5994349888392856
27330,14.329315328,2.9453125,0.0001165769644779,historical,raw/1b-dagformer_historical_metrics.csv,2.5896228608630953
27340,14.334558208,1.84228515625,0.0001164693218514,historical,raw/1b-dagformer_historical_metrics.csv,2.5257975260416665
27350,14.339801088,3.0126953125,0.0001163616792249,historical,raw/1b-dagformer_historical_metrics.csv,2.5253789992559526
27360,14.345043968,2.47119140625,0.0001162540365984,historical,raw/1b-dagformer_historical_metrics.csv,2.550351097470238
27370,14.350286848,2.5478515625,0.000116146393972,historical,raw/1b-dagformer_historical_metrics.csv,2.587948753720238
27380,14.355529728,3.138671875,0.0001160387513455,historical,raw/1b-dagformer_historical_metrics.csv,2.6572033110119047
27390,14.360772608,3.1513671875,0.000115931108719,historical,raw/1b-dagformer_historical_metrics.csv,2.6586449032738093
27400,14.366015488,3.0986328125,0.0001158234660925,historical,raw/1b-dagformer_historical_metrics.csv,2.6626441592261907
27410,14.371258368,3.154296875,0.000115715823466,historical,raw/1b-dagformer_historical_metrics.csv,2.661528087797619
27420,14.376501248,1.82080078125,0.0001156081808396,historical,raw/1b-dagformer_historical_metrics.csv,2.6265811011904763
27430,14.381744128,3.06640625,0.0001155005382131,historical,raw/1b-dagformer_historical_metrics.csv,2.6529017857142856
27440,14.386987008,1.83740234375,0.0001153928955866,historical,raw/1b-dagformer_historical_metrics.csv,2.591401599702381
27450,14.392229888,2.27490234375,0.0001152852529601,historical,raw/1b-dagformer_historical_metrics.csv,2.557431175595238
27460,14.397472768,2.33984375,0.0001151776103336,historical,raw/1b-dagformer_historical_metrics.csv,2.520600818452381
27470,14.402715648,3.228515625,0.0001150699677072,historical,raw/1b-dagformer_historical_metrics.csv,2.5260416666666665
27480,14.407958528,2.9228515625,0.0001149623250807,historical,raw/1b-dagformer_historical_metrics.csv,2.5543619791666665
27490,14.413201408,2.2275390625,0.0001148546824542,historical,raw/1b-dagformer_historical_metrics.csv,2.5471075148809526
27500,14.418444288,2.51171875,0.0001147470398277,historical,raw/1b-dagformer_historical_metrics.csv,2.596586681547619
27510,14.423687168,2.99609375,0.0001146393972012,historical,raw/1b-dagformer_historical_metrics.csv,2.6167224702380953
27520,14.428930048,3.103515625,0.0001145317545748,historical,raw/1b-dagformer_historical_metrics.csv,2.6192801339285716
27530,14.434172928,3.185546875,0.0001144241119483,historical,raw/1b-dagformer_historical_metrics.csv,2.7084495907738093
27540,14.439415808,3.02734375,0.0001143164693218,historical,raw/1b-dagformer_historical_metrics.csv,2.7123558407738093
27550,14.444658688,3.0869140625,0.0001142088266953,historical,raw/1b-dagformer_historical_metrics.csv,2.7716238839285716
27560,14.449901568,2.595703125,0.0001141011840688,historical,raw/1b-dagformer_historical_metrics.csv,2.751767113095238
27570,14.455144448,2.067138671875,0.0001139935414424,historical,raw/1b-dagformer_historical_metrics.csv,2.7325265066964284
27580,14.460387328,2.314453125,0.0001138858988159,historical,raw/1b-dagformer_historical_metrics.csv,2.7214122953869047
27590,14.465630208,3.0341796875,0.0001137782561894,historical,raw/1b-dagformer_historical_metrics.csv,2.7164364769345237
27600,14.470873088,1.89013671875,0.0001136706135629,historical,raw/1b-dagformer_historical_metrics.csv,2.6563778831845237
27610,14.476115968,1.89404296875,0.0001135629709364,historical,raw/1b-dagformer_historical_metrics.csv,2.5990164620535716
27620,14.481358848,1.8134765625,0.00011345532831,historical,raw/1b-dagformer_historical_metrics.csv,2.5351678757440474
27630,14.486601728,3.0166015625,0.0001133476856835,historical,raw/1b-dagformer_historical_metrics.csv,2.5921107700892856
27640,14.491844608,3.1396484375,0.000113240043057,historical,raw/1b-dagformer_historical_metrics.csv,2.5955984933035716
27650,14.497087488,3.0810546875,0.0001131324004305,historical,raw/1b-dagformer_historical_metrics.csv,2.654820033482143
27660,14.502330368,1.6015625,0.000113024757804,historical,raw/1b-dagformer_historical_metrics.csv,2.6227562313988093
27670,14.507573248,3.18359375,0.0001129171151776,historical,raw/1b-dagformer_historical_metrics.csv,2.662934802827381
27680,14.512816128,2.49609375,0.0001128094725511,historical,raw/1b-dagformer_historical_metrics.csv,2.6280575706845237
27690,14.518059008,3.009765625,0.0001127018299246,historical,raw/1b-dagformer_historical_metrics.csv,2.6321963355654763
27700,14.523301888,1.486328125,0.0001125941872981,historical,raw/1b-dagformer_historical_metrics.csv,2.5969005766369047
27710,14.528544768,3.130859375,0.0001124865446716,historical,raw/1b-dagformer_historical_metrics.csv,2.6263834635416665
27720,14.533787648,1.58935546875,0.0001123789020452,historical,raw/1b-dagformer_historical_metrics.csv,2.5593959263392856
27730,14.539030528,3.20703125,0.0001122712594187,historical,raw/1b-dagformer_historical_metrics.csv,2.5643252418154763
27740,14.544273408,2.591796875,0.0001121636167922,historical,raw/1b-dagformer_historical_metrics.csv,2.5360514322916665
27750,14.549516288,3.0673828125,0.0001120559741657,historical,raw/1b-dagformer_historical_metrics.csv,2.5379580543154763
27760,14.554759168,3.0,0.0001119483315392,historical,raw/1b-dagformer_historical_metrics.csv,2.5338192894345237
27770,14.560002048,3.0693359375,0.0001118406889128,historical,raw/1b-dagformer_historical_metrics.csv,2.5563732328869047
27780,14.565244928,3.244140625,0.0001117330462863,historical,raw/1b-dagformer_historical_metrics.csv,2.6124209449404763
27790,14.570487808,2.413818359375,0.0001116254036598,historical,raw/1b-dagformer_historical_metrics.csv,2.617152622767857
27800,14.575730688,2.9765625,0.0001115177610333,historical,raw/1b-dagformer_historical_metrics.csv,2.614408947172619
27810,14.580973568,3.0107421875,0.0001114101184068,historical,raw/1b-dagformer_historical_metrics.csv,2.6677711123511907
27820,14.586216448,3.1025390625,0.0001113024757804,historical,raw/1b-dagformer_historical_metrics.csv,2.7253185453869047
27830,14.591459328,3.14453125,0.0001111948331539,historical,raw/1b-dagformer_historical_metrics.csv,2.7887021019345237
27840,14.596702208,3.1279296875,0.0001110871905274,historical,raw/1b-dagformer_historical_metrics.csv,2.794003441220238
27850,14.601945088,2.29736328125,0.0001109795479009,historical,raw/1b-dagformer_historical_metrics.csv,2.7538946242559526
27860,14.607187968,3.0625,0.0001108719052744,historical,raw/1b-dagformer_historical_metrics.csv,2.7530110677083335
27870,14.612430848,1.8525390625,0.000110764262648,historical,raw/1b-dagformer_historical_metrics.csv,2.7649623325892856
27880,14.617673728,3.1611328125,0.0001106566200215,historical,raw/1b-dagformer_historical_metrics.csv,2.7638927641369047
27890,14.622916608,3.1533203125,0.000110548977395,historical,raw/1b-dagformer_historical_metrics.csv,2.7951892671130953
27900,14.628159488,3.12109375,0.0001104413347685,historical,raw/1b-dagformer_historical_metrics.csv,2.8004906063988093
27910,14.633402368,1.76123046875,0.000110333692142,historical,raw/1b-dagformer_historical_metrics.csv,2.8135811941964284
27920,14.638645248,2.5712890625,0.0001102260495156,historical,raw/1b-dagformer_historical_metrics.csv,2.7869349888392856
27930,14.643888128,3.0244140625,0.0001101184068891,historical,raw/1b-dagformer_historical_metrics.csv,2.8552711123511907
27940,14.649131008,1.51904296875,0.0001100107642626,historical,raw/1b-dagformer_historical_metrics.csv,2.7748907180059526
27950,14.654373888,2.3271484375,0.0001099031216361,historical,raw/1b-dagformer_historical_metrics.csv,2.7622884114583335
27960,14.659616768,2.9970703125,0.0001097954790096,historical,raw/1b-dagformer_historical_metrics.csv,2.758940197172619
27970,14.664859648,3.2138671875,0.0001096878363832,historical,raw/1b-dagformer_historical_metrics.csv,2.7691243489583335
27980,14.670102528,2.5029296875,0.0001095801937567,historical,raw/1b-dagformer_historical_metrics.csv,2.742152622767857
27990,14.675345408,3.052734375,0.0001094725511302,historical,raw/1b-dagformer_historical_metrics.csv,2.7330380394345237
28000,14.680588288,3.041015625,0.0001093649085037,historical,raw/1b-dagformer_historical_metrics.csv,2.762904575892857
28010,14.685831168,1.889404296875,0.0001092572658772,historical,raw/1b-dagformer_historical_metrics.csv,2.7111351376488093
28020,14.691074048,2.26513671875,0.0001091496232508,historical,raw/1b-dagformer_historical_metrics.csv,2.675630115327381
28030,14.696316928,3.2177734375,0.0001090419806243,historical,raw/1b-dagformer_historical_metrics.csv,2.681117466517857
28040,14.701559808,2.55078125,0.0001089343379978,historical,raw/1b-dagformer_historical_metrics.csv,2.6528436569940474
28050,14.706802688,3.1982421875,0.0001088266953713,historical,raw/1b-dagformer_historical_metrics.csv,2.656191871279762
28060,14.712045568,3.0458984375,0.0001087190527448,historical,raw/1b-dagformer_historical_metrics.csv,2.691836402529762
28070,14.717288448,1.6533203125,0.0001086114101184,historical,raw/1b-dagformer_historical_metrics.csv,2.6247326078869047
28080,14.722531328,2.4755859375,0.0001085037674919,historical,raw/1b-dagformer_historical_metrics.csv,2.6544015066964284
28090,14.727774208,3.0654296875,0.0001083961248654,historical,raw/1b-dagformer_historical_metrics.csv,2.649844215029762
28100,14.733017088,3.3466796875,0.0001082884822389,historical,raw/1b-dagformer_historical_metrics.csv,2.6590518043154763
28110,14.738259968,1.7177734375,0.0001081808396124,historical,raw/1b-dagformer_historical_metrics.csv,2.592227027529762
28120,14.743502848,3.0322265625,0.000108073196986,historical,raw/1b-dagformer_historical_metrics.csv,2.6527506510416665
28130,14.748745728,2.9833984375,0.0001079655543595,historical,raw/1b-dagformer_historical_metrics.csv,2.6723749069940474
28140,14.753988608,3.1015625,0.000107857911733,historical,raw/1b-dagformer_historical_metrics.csv,2.6760486421130953
28150,14.759231488,3.0673828125,0.0001077502691065,historical,raw/1b-dagformer_historical_metrics.csv,2.7497791108630953
28160,14.764474368,3.0927734375,0.00010764262648,historical,raw/1b-dagformer_historical_metrics.csv,2.7862374441964284
28170,14.769717248,3.060546875,0.0001075349838536,historical,raw/1b-dagformer_historical_metrics.csv,2.7892601376488093
28180,14.774960128,1.83349609375,0.0001074273412271,historical,raw/1b-dagformer_historical_metrics.csv,2.7235281808035716
28190,14.780203008,3.0537109375,0.0001073196986006,historical,raw/1b-dagformer_historical_metrics.csv,2.749755859375
28200,14.785445888,3.09375,0.0001072120559741,historical,raw/1b-dagformer_historical_metrics.csv,2.751708984375
28210,14.790688768,1.70947265625,0.0001071044133476,historical,raw/1b-dagformer_historical_metrics.csv,2.6883021763392856
28220,14.795931648,3.25,0.0001069967707212,historical,raw/1b-dagformer_historical_metrics.csv,2.7530924479166665
28230,14.801174528,2.978515625,0.0001068891280947,historical,raw/1b-dagformer_historical_metrics.csv,2.7870628720238093
28240,14.806417408,3.1484375,0.0001067814854682,historical,raw/1b-dagformer_historical_metrics.csv,2.7837611607142856
28250,14.811660288,2.25927734375,0.0001066738428417,historical,raw/1b-dagformer_historical_metrics.csv,2.7698800223214284
28260,14.816903168,3.2373046875,0.0001065662002152,historical,raw/1b-dagformer_historical_metrics.csv,2.7717401413690474
28270,14.822146048,1.4249267578125,0.0001064585575888,historical,raw/1b-dagformer_historical_metrics.csv,2.694551013764881
28280,14.827388928,1.55078125,0.0001063509149623,historical,raw/1b-dagformer_historical_metrics.csv,2.689668201264881
28290,14.832631808,2.529296875,0.0001062432723358,historical,raw/1b-dagformer_historical_metrics.csv,2.692225864955357
28300,14.837874688,3.0224609375,0.0001061356297093,historical,raw/1b-dagformer_historical_metrics.csv,2.6901797340029763
28310,14.843117568,2.53857421875,0.0001060279870828,historical,raw/1b-dagformer_historical_metrics.csv,2.651698521205357
28320,14.848360448,2.5390625,0.0001059203444564,historical,raw/1b-dagformer_historical_metrics.csv,2.6908075241815474
28330,14.853603328,2.9873046875,0.0001058127018299,historical,raw/1b-dagformer_historical_metrics.csv,2.6886683872767856
28340,14.858846208,3.6396484375,0.0001057050592034,historical,raw/1b-dagformer_historical_metrics.csv,2.7199183872767856
28350,14.864089088,2.3193359375,0.0001055974165769,historical,raw/1b-dagformer_historical_metrics.csv,2.6826695033482144
28360,14.869331968,3.1005859375,0.0001054897739504,historical,raw/1b-dagformer_historical_metrics.csv,2.6842506045386907
28370,14.874574848,2.4609375,0.000105382131324,historical,raw/1b-dagformer_historical_metrics.csv,2.6541631789434526
28380,14.879817728,1.87255859375,0.0001052744886975,historical,raw/1b-dagformer_historical_metrics.csv,2.597592308407738
28390,14.885060608,3.220703125,0.000105166846071,historical,raw/1b-dagformer_historical_metrics.csv,2.6636497860863093
28400,14.890303488,3.1435546875,0.0001050592034445,historical,raw/1b-dagformer_historical_metrics.csv,2.6679280598958335
28410,14.895546368,3.0771484375,0.000104951560818,historical,raw/1b-dagformer_historical_metrics.csv,2.6671375093005953
28420,14.900789248,3.0859375,0.0001048439181916,historical,raw/1b-dagformer_historical_metrics.csv,2.7326834542410716
28430,14.906032128,1.734375,0.0001047362755651,historical,raw/1b-dagformer_historical_metrics.csv,2.6605108351934526
28440,14.911275008,1.52001953125,0.0001046286329386,historical,raw/1b-dagformer_historical_metrics.csv,2.5910586402529763
28450,14.916517888,3.1416015625,0.0001045209903121,historical,raw/1b-dagformer_historical_metrics.csv,2.590733119419643
28460,14.921760768,3.1015625,0.0001044133476856,historical,raw/1b-dagformer_historical_metrics.csv,2.6308419363839284
28470,14.927003648,2.7802734375,0.0001043057050592,historical,raw/1b-dagformer_historical_metrics.csv,2.6090785435267856
28480,14.932246528,3.2099609375,0.0001041980624327,historical,raw/1b-dagformer_historical_metrics.csv,2.6940801711309526
28490,14.937489408,1.619140625,0.0001040904198062,historical,raw/1b-dagformer_historical_metrics.csv,2.6973353794642856
28500,14.942732288,3.1064453125,0.0001039827771797,historical,raw/1b-dagformer_historical_metrics.csv,2.724818638392857
28510,14.947975168,3.0771484375,0.0001038751345532,historical,raw/1b-dagformer_historical_metrics.csv,2.7274228050595237
28520,14.953218048,2.556640625,0.0001037674919268,historical,raw/1b-dagformer_historical_metrics.csv,2.7282831101190474
28530,14.958460928,1.68359375,0.0001036598493003,historical,raw/1b-dagformer_historical_metrics.csv,2.6875465029761907
28540,14.963703808,2.73046875,0.0001035522066738,historical,raw/1b-dagformer_historical_metrics.csv,2.6753162202380953
28550,14.968946688,2.4716796875,0.0001034445640473,historical,raw/1b-dagformer_historical_metrics.csv,2.6196986607142856
28560,14.974189568,3.091796875,0.0001033369214208,historical,raw/1b-dagformer_historical_metrics.csv,2.6564825148809526
28570,14.979432448,3.11328125,0.0001032292787944,historical,raw/1b-dagformer_historical_metrics.csv,2.6570870535714284
28580,14.984675328,2.3701171875,0.0001031216361679,historical,raw/1b-dagformer_historical_metrics.csv,2.6527622767857144
28590,14.989918208,3.06640625,0.0001030139935414,historical,raw/1b-dagformer_historical_metrics.csv,2.7096121651785716
28600,14.995161088,2.57421875,0.0001029063509149,historical,raw/1b-dagformer_historical_metrics.csv,2.6788271949404763
28610,15.000403968,3.138671875,0.0001027987082884,historical,raw/1b-dagformer_historical_metrics.csv,2.6785946800595237
28620,15.005646848,1.63232421875,0.000102691065662,historical,raw/1b-dagformer_historical_metrics.csv,2.6097935267857144
28630,15.010889728,2.9853515625,0.0001025834230355,historical,raw/1b-dagformer_historical_metrics.csv,2.6050037202380953
28640,15.016132608,3.1298828125,0.000102475780409,historical,raw/1b-dagformer_historical_metrics.csv,2.6714564732142856
28650,15.021375488,3.1572265625,0.0001023681377825,historical,raw/1b-dagformer_historical_metrics.csv,2.749418712797619
28660,15.026618368,1.56396484375,0.000102260495156,historical,raw/1b-dagformer_historical_metrics.csv,2.6742931547619047
28670,15.031861248,3.12109375,0.0001021528525296,historical,raw/1b-dagformer_historical_metrics.csv,2.6752232142857144
28680,15.037104128,2.33056640625,0.0001020452099031,historical,raw/1b-dagformer_historical_metrics.csv,2.65380859375
28690,15.042347008,1.72705078125,0.0001019375672766,historical,raw/1b-dagformer_historical_metrics.csv,2.583193824404762
28700,15.047589888,3.142578125,0.0001018299246501,historical,raw/1b-dagformer_historical_metrics.csv,2.6557384672619047
28710,15.052832768,2.5234375,0.0001017222820236,historical,raw/1b-dagformer_historical_metrics.csv,2.6279761904761907
28720,15.058075648,3.13671875,0.0001016146393972,historical,raw/1b-dagformer_historical_metrics.csv,2.6308128720238093
28730,15.063318528,2.30322265625,0.0001015069967707,historical,raw/1b-dagformer_historical_metrics.csv,2.618745349702381
28740,15.068561408,1.588623046875,0.0001013993541442,historical,raw/1b-dagformer_historical_metrics.csv,2.614222935267857
28750,15.073804288,1.634765625,0.0001012917115177,historical,raw/1b-dagformer_historical_metrics.csv,2.562046595982143
28760,15.079047168,3.0625,0.0001011840688912,historical,raw/1b-dagformer_historical_metrics.csv,2.590180896577381
28770,15.084290048,2.724609375,0.0001010764262648,historical,raw/1b-dagformer_historical_metrics.csv,2.572695777529762
28780,15.089532928,3.1455078125,0.0001009687836383,historical,raw/1b-dagformer_historical_metrics.csv,2.5742303757440474
28790,15.094775808,3.0400390625,0.0001008611410118,historical,raw/1b-dagformer_historical_metrics.csv,2.6061314174107144
28800,15.100018688,1.84765625,0.0001007534983853,historical,raw/1b-dagformer_historical_metrics.csv,2.548095703125
28810,15.105261568,3.0146484375,0.0001006458557588,historical,raw/1b-dagformer_historical_metrics.csv,2.5690685453869047
28820,15.110504448,3.0185546875,0.0001005382131324,historical,raw/1b-dagformer_historical_metrics.csv,2.5633486793154763
28830,15.115747328,3.125,0.0001004305705059,historical,raw/1b-dagformer_historical_metrics.csv,2.634428478422619
28840,15.120990208,1.58056640625,0.0001003229278794,historical,raw/1b-dagformer_historical_metrics.csv,2.567533947172619
28850,15.126233088,1.9462890625,0.0001002152852529,historical,raw/1b-dagformer_historical_metrics.csv,2.511172340029762
28860,15.131475968,3.1181640625,0.0001001076426264,historical,raw/1b-dagformer_historical_metrics.csv,2.509312220982143
28870,15.136718848,3.123046875,0.0001,historical,raw/1b-dagformer_historical_metrics.csv,2.583554222470238
28880,15.141961728,1.40673828125,9.989235737351994e-05,historical,raw/1b-dagformer_historical_metrics.csv,2.501918247767857
28890,15.147204608,3.0791015625,9.978471474703984e-05,historical,raw/1b-dagformer_historical_metrics.csv,2.537562779017857
28900,15.152447488,3.048828125,9.967707212055976e-05,historical,raw/1b-dagformer_historical_metrics.csv,2.6005045572916665
28910,15.157690368,3.0458984375,9.956942949407966e-05,historical,raw/1b-dagformer_historical_metrics.csv,2.5959007626488093
28920,15.162933248,3.0224609375,9.94617868675996e-05,historical,raw/1b-dagformer_historical_metrics.csv,2.619663783482143
28930,15.168176128,3.1279296875,9.935414424111948e-05,historical,raw/1b-dagformer_historical_metrics.csv,2.6192452566964284
28940,15.173419008,3.0654296875,9.924650161463942e-05,historical,raw/1b-dagformer_historical_metrics.csv,2.6555408296130953
28950,15.178661888,2.4990234375,9.913885898815931e-05,historical,raw/1b-dagformer_historical_metrics.csv,2.6988932291666665
28960,15.183904768,3.150390625,9.903121636167925e-05,historical,raw/1b-dagformer_historical_metrics.csv,2.7710658482142856
28970,15.189147648,2.4130859375,9.892357373519914e-05,historical,raw/1b-dagformer_historical_metrics.csv,2.740141369047619
28980,15.194390528,2.525390625,9.881593110871908e-05,historical,raw/1b-dagformer_historical_metrics.csv,2.730654761904762
28990,15.199633408,2.326171875,9.870828848223896e-05,historical,raw/1b-dagformer_historical_metrics.csv,2.6916387648809526
29000,15.204876288,3.18359375,9.86006458557589e-05,historical,raw/1b-dagformer_historical_metrics.csv,2.6984747023809526
29010,15.210119168,2.36376953125,9.84930032292788e-05,historical,raw/1b-dagformer_historical_metrics.csv,2.723051525297619
29020,15.215362048,3.0419921875,9.838536060279872e-05,historical,raw/1b-dagformer_historical_metrics.csv,2.7243536086309526
29030,15.220604928,3.150390625,9.82777179763186e-05,historical,raw/1b-dagformer_historical_metrics.csv,2.7306315104166665
29040,15.225847808,3.150390625,9.817007534983855e-05,historical,raw/1b-dagformer_historical_metrics.csv,2.731840587797619
29050,15.231090688,1.71142578125,9.806243272335844e-05,historical,raw/1b-dagformer_historical_metrics.csv,2.738071986607143
29060,15.236333568,1.59375,9.795479009687838e-05,historical,raw/1b-dagformer_historical_metrics.csv,2.721284412202381
29070,15.241576448,3.234375,9.784714747039828e-05,historical,raw/1b-dagformer_historical_metrics.csv,2.7268182663690474
29080,15.246819328,3.046875,9.77395048439182e-05,historical,raw/1b-dagformer_historical_metrics.csv,2.7231910342261907
29090,15.252062208,3.1455078125,9.76318622174381e-05,historical,raw/1b-dagformer_historical_metrics.csv,2.8059895833333335
29100,15.257305088,3.05859375,9.752421959095804e-05,historical,raw/1b-dagformer_historical_metrics.csv,2.8050130208333335
29110,15.262547968,3.1494140625,9.741657696447792e-05,historical,raw/1b-dagformer_historical_metrics.csv,2.8098028273809526
29120,15.267790848,2.7080078125,9.730893433799786e-05,historical,raw/1b-dagformer_historical_metrics.csv,2.7937127976190474
29130,15.273033728,2.5732421875,9.720129171151775e-05,historical,raw/1b-dagformer_historical_metrics.csv,2.7723214285714284
29140,15.278276608,2.37451171875,9.709364908503769e-05,historical,raw/1b-dagformer_historical_metrics.csv,2.7364443824404763
29150,15.283519488,3.0615234375,9.698600645855758e-05,historical,raw/1b-dagformer_historical_metrics.csv,2.7362583705357144
29160,15.288762368,3.0224609375,9.68783638320775e-05,historical,raw/1b-dagformer_historical_metrics.csv,2.7611839657738093
29170,15.294005248,2.9912109375,9.67707212055974e-05,historical,raw/1b-dagformer_historical_metrics.csv,2.753603980654762
29180,15.299248128,3.0849609375,9.666307857911734e-05,historical,raw/1b-dagformer_historical_metrics.csv,2.7855980282738093
29190,15.304491008,1.9619140625,9.655543595263724e-05,historical,raw/1b-dagformer_historical_metrics.csv,2.7587658110119047
29200,15.309733888,2.974609375,9.644779332615716e-05,historical,raw/1b-dagformer_historical_metrics.csv,2.789643787202381
29210,15.314976768,3.1083984375,9.634015069967704e-05,historical,raw/1b-dagformer_historical_metrics.csv,2.7860630580357144
29220,15.320219648,3.181640625,9.6232508073197e-05,historical,raw/1b-dagformer_historical_metrics.csv,2.825009300595238
29230,15.325462528,3.080078125,9.612486544671689e-05,historical,raw/1b-dagformer_historical_metrics.csv,2.8268229166666665
29240,15.330705408,3.154296875,9.601722282023682e-05,historical,raw/1b-dagformer_historical_metrics.csv,2.8270089285714284
29250,15.335948288,3.146484375,9.590958019375676e-05,historical,raw/1b-dagformer_historical_metrics.csv,2.8268229166666665
29260,15.341191168,3.2568359375,9.580193756727664e-05,historical,raw/1b-dagformer_historical_metrics.csv,2.9004138764880953
29270,15.346434048,3.16015625,9.569429494079658e-05,historical,raw/1b-dagformer_historical_metrics.csv,2.975004650297619
29280,15.351676928,3.025390625,9.558665231431648e-05,historical,raw/1b-dagformer_historical_metrics.csv,2.965053013392857
29290,15.356919808,3.04296875,9.54790096878364e-05,historical,raw/1b-dagformer_historical_metrics.csv,2.9648670014880953
29300,15.362162688,2.248046875,9.53713670613563e-05,historical,raw/1b-dagformer_historical_metrics.csv,2.9221307663690474
29310,15.367405568,1.720703125,9.526372443487624e-05,historical,raw/1b-dagformer_historical_metrics.csv,2.8584216889880953
29320,15.372648448,2.29638671875,9.515608180839613e-05,historical,raw/1b-dagformer_historical_metrics.csv,2.8178013392857144
29330,15.377891328,3.1201171875,9.504843918191606e-05,historical,raw/1b-dagformer_historical_metrics.csv,2.8374255952380953
29340,15.383134208,3.1650390625,9.494079655543596e-05,historical,raw/1b-dagformer_historical_metrics.csv,2.8656063988095237
29350,15.388377088,3.068359375,9.483315392895588e-05,historical,raw/1b-dagformer_historical_metrics.csv,2.898646763392857
29360,15.393619968,3.052734375,9.472551130247578e-05,historical,raw/1b-dagformer_historical_metrics.csv,2.898228236607143
29370,15.398862848,3.0498046875,9.461786867599572e-05,historical,raw/1b-dagformer_historical_metrics.csv,2.8995303199404763
29380,15.404105728,2.35595703125,9.45102260495156e-05,historical,raw/1b-dagformer_historical_metrics.csv,2.8692801339285716
29390,15.409348608,1.74609375,9.440258342303556e-05,historical,raw/1b-dagformer_historical_metrics.csv,2.8055245535714284
29400,15.414591488,3.044921875,9.429494079655544e-05,historical,raw/1b-dagformer_historical_metrics.csv,2.8570963541666665
29410,15.419834368,3.064453125,9.418729817007537e-05,historical,raw/1b-dagformer_historical_metrics.csv,2.8613746279761907
29420,15.425077248,2.97265625,9.407965554359526e-05,historical,raw/1b-dagformer_historical_metrics.csv,2.8549107142857144
29430,15.430320128,2.4794921875,9.39720129171152e-05,historical,raw/1b-dagformer_historical_metrics.csv,2.821475074404762
29440,15.435563008,3.1689453125,9.386437029063508e-05,historical,raw/1b-dagformer_historical_metrics.csv,2.8257068452380953
29450,15.440805888,3.0458984375,9.375672766415502e-05,historical,raw/1b-dagformer_historical_metrics.csv,2.8205450148809526
29460,15.446048768,3.1962890625,9.364908503767492e-05,historical,raw/1b-dagformer_historical_metrics.csv,2.8229166666666665
29470,15.451291648,3.0078125,9.354144241119484e-05,historical,raw/1b-dagformer_historical_metrics.csv,2.8110584077380953
29480,15.456534528,3.1640625,9.343379978471472e-05,historical,raw/1b-dagformer_historical_metrics.csv,2.811244419642857
29490,15.461777408,3.0810546875,9.332615715823468e-05,historical,raw/1b-dagformer_historical_metrics.csv,2.8138950892857144
29500,15.467020288,1.62841796875,9.321851453175457e-05,historical,raw/1b-dagformer_historical_metrics.csv,2.7465355282738093
29510,15.472263168,2.9599609375,9.31108719052745e-05,historical,raw/1b-dagformer_historical_metrics.csv,2.7804361979166665
29520,15.477506048,1.46435546875,9.30032292787944e-05,historical,raw/1b-dagformer_historical_metrics.csv,2.7682291666666665
29530,15.482748928,3.1552734375,9.289558665231432e-05,historical,raw/1b-dagformer_historical_metrics.csv,2.8091285342261907
29540,15.487991808,1.64599609375,9.278794402583422e-05,historical,raw/1b-dagformer_historical_metrics.csv,2.7389322916666665
29550,15.493234688,3.0234375,9.268030139935416e-05,historical,raw/1b-dagformer_historical_metrics.csv,2.7321893601190474
29560,15.498477568,2.51220703125,9.257265877287404e-05,historical,raw/1b-dagformer_historical_metrics.csv,2.7057059151785716
29570,15.503720448,3.046875,9.2465016146394e-05,historical,raw/1b-dagformer_historical_metrics.csv,2.7054268973214284
29580,15.508963328,3.1201171875,9.235737351991388e-05,historical,raw/1b-dagformer_historical_metrics.csv,2.708775111607143
29590,15.514206208,2.521484375,9.22497308934338e-05,historical,raw/1b-dagformer_historical_metrics.csv,2.7166573660714284
29600,15.519449088,3.0048828125,9.21420882669537e-05,historical,raw/1b-dagformer_historical_metrics.csv,2.7765997023809526
29610,15.524691968,3.0478515625,9.203444564047364e-05,historical,raw/1b-dagformer_historical_metrics.csv,2.7767392113095237
29620,15.529934848,2.955078125,9.192680301399356e-05,historical,raw/1b-dagformer_historical_metrics.csv,2.7715308779761907
29630,15.535177728,3.203125,9.181916038751346e-05,historical,raw/1b-dagformer_historical_metrics.csv,2.782505580357143
29640,15.540420608,3.1748046875,9.17115177610334e-05,historical,raw/1b-dagformer_historical_metrics.csv,2.815615699404762
29650,15.545663488,2.765625,9.160387513455328e-05,historical,raw/1b-dagformer_historical_metrics.csv,2.7964099702380953
29660,15.550906368,3.142578125,9.149623250807324e-05,historical,raw/1b-dagformer_historical_metrics.csv,2.8010137648809526
29670,15.556149248,3.0703125,9.138858988159312e-05,historical,raw/1b-dagformer_historical_metrics.csv,2.795014880952381
29680,15.561392128,3.14453125,9.128094725511305e-05,historical,raw/1b-dagformer_historical_metrics.csv,2.8015252976190474
29690,15.566635008,3.1513671875,9.117330462863294e-05,historical,raw/1b-dagformer_historical_metrics.csv,2.8009207589285716
29700,15.571877888,2.4521484375,9.106566200215288e-05,historical,raw/1b-dagformer_historical_metrics.csv,2.7709728422619047
29710,15.577120768,3.0693359375,9.095801937567276e-05,historical,raw/1b-dagformer_historical_metrics.csv,2.8395879836309526
29720,15.582363648,1.83349609375,9.08503767491927e-05,historical,raw/1b-dagformer_historical_metrics.csv,2.785946800595238
29730,15.587606528,3.07421875,9.07427341227126e-05,historical,raw/1b-dagformer_historical_metrics.csv,2.862606956845238
29740,15.592849408,3.0830078125,9.063509149623252e-05,historical,raw/1b-dagformer_historical_metrics.csv,2.859165736607143
29750,15.598092288,3.103515625,9.05274488697524e-05,historical,raw/1b-dagformer_historical_metrics.csv,2.9285714285714284
29760,15.603335168,2.4951171875,9.041980624327236e-05,historical,raw/1b-dagformer_historical_metrics.csv,2.903413318452381
29770,15.608578048,1.568359375,9.031216361679225e-05,historical,raw/1b-dagformer_historical_metrics.csv,2.8584681919642856
29780,15.613820928,2.44140625,9.020452099031218e-05,historical,raw/1b-dagformer_historical_metrics.csv,2.8296363467261907
29790,15.619063808,1.583984375,9.009687836383208e-05,historical,raw/1b-dagformer_historical_metrics.csv,2.7564871651785716
29800,15.624306688,3.044921875,8.998923573735201e-05,historical,raw/1b-dagformer_historical_metrics.csv,2.7814127604166665
29810,15.629549568,3.0791015625,8.98815931108719e-05,historical,raw/1b-dagformer_historical_metrics.csv,2.784946986607143
29820,15.634792448,3.05078125,8.977395048439183e-05,historical,raw/1b-dagformer_historical_metrics.csv,2.7850864955357144
29830,15.640035328,2.4619140625,8.966630785791172e-05,historical,raw/1b-dagformer_historical_metrics.csv,2.7616024925595237
29840,15.645278208,3.013671875,8.955866523143167e-05,historical,raw/1b-dagformer_historical_metrics.csv,2.7525809151785716
29850,15.650521088,3.0654296875,8.945102260495156e-05,historical,raw/1b-dagformer_historical_metrics.csv,2.747372581845238
29860,15.655763968,2.7529296875,8.934337997847149e-05,historical,raw/1b-dagformer_historical_metrics.csv,2.746768043154762
29870,15.661006848,2.45166015625,8.923573735199138e-05,historical,raw/1b-dagformer_historical_metrics.csv,2.7138671875
29880,15.666249728,3.078125,8.912809472551131e-05,historical,raw/1b-dagformer_historical_metrics.csv,2.7142392113095237
29890,15.671492608,2.490234375,8.902045209903121e-05,historical,raw/1b-dagformer_historical_metrics.csv,2.6830822172619047
29900,15.676735488,2.49609375,8.891280947255114e-05,historical,raw/1b-dagformer_historical_metrics.csv,2.6518787202380953
29910,15.681978368,2.4521484375,8.880516684607103e-05,historical,raw/1b-dagformer_historical_metrics.csv,2.6518787202380953
29920,15.687221248,3.041015625,8.869752421959096e-05,historical,raw/1b-dagformer_historical_metrics.csv,2.6505301339285716
29930,15.692464128,3.048828125,8.858988159311085e-05,historical,raw/1b-dagformer_historical_metrics.csv,2.708403087797619
29940,15.697707008,3.1181640625,8.84822389666308e-05,historical,raw/1b-dagformer_historical_metrics.csv,2.7104957217261907
29950,15.702949888,3.0458984375,8.837459634015069e-05,historical,raw/1b-dagformer_historical_metrics.csv,2.7087286086309526
29960,15.708192768,3.0771484375,8.826695371367062e-05,historical,raw/1b-dagformer_historical_metrics.csv,2.7074730282738093
29970,15.713435648,3.03515625,8.815931108719051e-05,historical,raw/1b-dagformer_historical_metrics.csv,2.733189174107143
29980,15.718678528,1.52587890625,8.805166846071045e-05,historical,raw/1b-dagformer_historical_metrics.csv,2.731166294642857
29990,15.723921408,3.09765625,8.794402583423038e-05,historical,raw/1b-dagformer_historical_metrics.csv,2.762416294642857
30000,15.729164288,2.9296875,8.783638320775027e-05,historical,raw/1b-dagformer_historical_metrics.csv,2.8264973958333335
30010,15.734407168,3.0771484375,8.77287405812702e-05,historical,raw/1b-dagformer_historical_metrics.csv,2.828031994047619
30020,15.739650048,3.103515625,8.762109795479009e-05,historical,raw/1b-dagformer_historical_metrics.csv,2.829194568452381
30030,15.744892928,1.81591796875,8.751345532831004e-05,historical,raw/1b-dagformer_historical_metrics.csv,2.7703915550595237
30040,15.750135808,3.1943359375,8.740581270182993e-05,historical,raw/1b-dagformer_historical_metrics.csv,2.805268787202381
30050,15.755378688,3.1630859375,8.729817007534986e-05,historical,raw/1b-dagformer_historical_metrics.csv,2.8123837425595237
30060,15.760621568,3.0810546875,8.719052744886975e-05,historical,raw/1b-dagformer_historical_metrics.csv,2.8131277901785716
30070,15.765864448,3.068359375,8.708288482238969e-05,historical,raw/1b-dagformer_historical_metrics.csv,2.8281482514880953
30080,15.771107328,3.1650390625,8.697524219590958e-05,historical,raw/1b-dagformer_historical_metrics.csv,2.862118675595238
30090,15.776350208,2.60546875,8.686759956942951e-05,historical,raw/1b-dagformer_historical_metrics.csv,2.8396112351190474
30100,15.781593088,3.1142578125,8.67599569429494e-05,historical,raw/1b-dagformer_historical_metrics.csv,2.869326636904762
30110,15.786835968,2.4716796875,8.665231431646935e-05,historical,raw/1b-dagformer_historical_metrics.csv,2.8681640625
30120,15.792078848,1.76416015625,8.654467168998924e-05,historical,raw/1b-dagformer_historical_metrics.csv,2.8354027157738093
30130,15.797321728,1.8203125,8.643702906350917e-05,historical,raw/1b-dagformer_historical_metrics.csv,2.7772739955357144
30140,15.802564608,3.0185546875,8.632938643702906e-05,historical,raw/1b-dagformer_historical_metrics.csv,2.7758324032738093
30150,15.807807488,1.57763671875,8.622174381054899e-05,historical,raw/1b-dagformer_historical_metrics.csv,2.7024739583333335
30160,15.813050368,3.2236328125,8.611410118406889e-05,historical,raw/1b-dagformer_historical_metrics.csv,2.7109375
30170,15.818293248,3.005859375,8.600645855758882e-05,historical,raw/1b-dagformer_historical_metrics.csv,2.7075427827380953
30180,15.823536128,3.1708984375,8.589881593110871e-05,historical,raw/1b-dagformer_historical_metrics.csv,2.7140066964285716
30190,15.828779008,3.19921875,8.579117330462864e-05,historical,raw/1b-dagformer_historical_metrics.csv,2.7936895461309526
30200,15.834021888,3.0595703125,8.568353067814853e-05,historical,raw/1b-dagformer_historical_metrics.csv,2.7918759300595237
30210,15.839264768,3.0322265625,8.557588805166848e-05,historical,raw/1b-dagformer_historical_metrics.csv,2.7967587425595237
30220,15.844507648,2.4951171875,8.546824542518837e-05,historical,raw/1b-dagformer_historical_metrics.csv,2.76904296875
30230,15.849750528,3.3408203125,8.53606027987083e-05,historical,raw/1b-dagformer_historical_metrics.csv,2.7803431919642856
30240,15.854993408,3.1962890625,8.525296017222819e-05,historical,raw/1b-dagformer_historical_metrics.csv,2.8460751488095237
30250,15.860236288,3.177734375,8.514531754574813e-05,historical,raw/1b-dagformer_historical_metrics.csv,2.8452845982142856
30260,15.865479168,1.83837890625,8.503767491926802e-05,historical,raw/1b-dagformer_historical_metrics.csv,2.7822033110119047
30270,15.870722048,3.1025390625,8.493003229278795e-05,historical,raw/1b-dagformer_historical_metrics.csv,2.7832263764880953
30280,15.875964928,2.59228515625,8.482238966630784e-05,historical,raw/1b-dagformer_historical_metrics.csv,2.760556175595238
30290,15.881207808,1.5888671875,8.471474703982779e-05,historical,raw/1b-dagformer_historical_metrics.csv,2.6855003720238093
30300,15.886450688,3.111328125,8.460710441334768e-05,historical,raw/1b-dagformer_historical_metrics.csv,2.7095889136904763
30310,15.891693568,2.5185546875,8.449946178686761e-05,historical,raw/1b-dagformer_historical_metrics.csv,2.6812220982142856
30320,15.896936448,1.2919921875,8.43918191603875e-05,historical,raw/1b-dagformer_historical_metrics.csv,2.6250465029761907
30330,15.902179328,3.08642578125,8.428417653390743e-05,historical,raw/1b-dagformer_historical_metrics.csv,2.6880115327380953
30340,15.907422208,2.4609375,8.417653390742732e-05,historical,raw/1b-dagformer_historical_metrics.csv,2.7185174851190474
30350,15.912665088,3.0322265625,8.406889128094726e-05,historical,raw/1b-dagformer_historical_metrics.csv,2.7191685267857144
30360,15.917907968,2.6640625,8.396124865446719e-05,historical,raw/1b-dagformer_historical_metrics.csv,2.770903087797619
30370,15.923150848,3.1884765625,8.385360602798708e-05,historical,raw/1b-dagformer_historical_metrics.csv,2.769228980654762
30380,15.928393728,2.958984375,8.374596340150703e-05,historical,raw/1b-dagformer_historical_metrics.csv,2.766996837797619
30390,15.933636608,1.75,8.363832077502692e-05,historical,raw/1b-dagformer_historical_metrics.csv,2.6993350074404763
30400,15.938879488,3.109375,8.353067814854685e-05,historical,raw/1b-dagformer_historical_metrics.csv,2.6950567336309526
30410,15.944122368,2.48046875,8.342303552206674e-05,historical,raw/1b-dagformer_historical_metrics.csv,2.66748046875
30420,15.949365248,1.266357421875,8.331539289558667e-05,historical,raw/1b-dagformer_historical_metrics.csv,2.5833914620535716
30430,15.954608128,3.11328125,8.320775026910657e-05,historical,raw/1b-dagformer_historical_metrics.csv,2.612827845982143
30440,15.959851008,3.00390625,8.31001076426265e-05,historical,raw/1b-dagformer_historical_metrics.csv,2.5967843191964284
30450,15.965093888,2.30810546875,8.299246501614639e-05,historical,raw/1b-dagformer_historical_metrics.csv,2.5544898623511907
30460,15.970336768,3.130859375,8.288482238966632e-05,historical,raw/1b-dagformer_historical_metrics.csv,2.5522577194940474
30470,15.975579648,3.1357421875,8.277717976318621e-05,historical,raw/1b-dagformer_historical_metrics.csv,2.6140369233630953
30480,15.980822528,3.009765625,8.266953713670616e-05,historical,raw/1b-dagformer_historical_metrics.csv,2.609619140625
30490,15.986065408,2.904296875,8.256189451022605e-05,historical,raw/1b-dagformer_historical_metrics.csv,2.624476841517857
30500,15.991308288,1.572265625,8.245425188374598e-05,historical,raw/1b-dagformer_historical_metrics.csv,2.623686290922619
30510,15.996551168,1.68408203125,8.234660925726587e-05,historical,raw/1b-dagformer_historical_metrics.csv,2.555722191220238
30520,16.001794048,1.489013671875,8.223896663078581e-05,historical,raw/1b-dagformer_historical_metrics.csv,2.5066964285714284
30530,16.007036928,3.1337890625,8.21313240043057e-05,historical,raw/1b-dagformer_historical_metrics.csv,2.5944010416666665
30540,16.012279808,1.61279296875,8.202368137782563e-05,historical,raw/1b-dagformer_historical_metrics.csv,2.524228050595238
30550,16.017522688,2.7763671875,8.191603875134552e-05,historical,raw/1b-dagformer_historical_metrics.csv,2.539248511904762
30560,16.022765568,1.5361328125,8.180839612486547e-05,historical,raw/1b-dagformer_historical_metrics.csv,2.4680059523809526
30570,16.028008448,2.36962890625,8.170075349838536e-05,historical,raw/1b-dagformer_historical_metrics.csv,2.4539853050595237
30580,16.033251328,2.30419921875,8.159311087190529e-05,historical,raw/1b-dagformer_historical_metrics.csv,2.4118768601190474
30590,16.038494208,3.0302734375,8.148546824542518e-05,historical,raw/1b-dagformer_historical_metrics.csv,2.4152715773809526
30600,16.043737088,3.123046875,8.137782561894511e-05,historical,raw/1b-dagformer_historical_metrics.csv,2.480654761904762
30610,16.048979968,3.033203125,8.1270182992465e-05,historical,raw/1b-dagformer_historical_metrics.csv,2.4770275297619047
30620,16.054222848,3.134765625,8.116254036598494e-05,historical,raw/1b-dagformer_historical_metrics.csv,2.5081845238095237
30630,16.059465728,1.5849609375,8.105489773950483e-05,historical,raw/1b-dagformer_historical_metrics.csv,2.5233561197916665
30640,16.064708608,1.958984375,8.094725511302476e-05,historical,raw/1b-dagformer_historical_metrics.csv,2.4683896019345237
30650,16.069951488,3.0791015625,8.083961248654465e-05,historical,raw/1b-dagformer_historical_metrics.csv,2.4719703311011907
30660,16.075194368,3.0986328125,8.07319698600646e-05,historical,raw/1b-dagformer_historical_metrics.csv,2.509614490327381
30670,16.080437248,3.2119140625,8.062432723358449e-05,historical,raw/1b-dagformer_historical_metrics.csv,2.5134742373511907
30680,16.085680128,1.8642578125,8.051668460710442e-05,historical,raw/1b-dagformer_historical_metrics.csv,2.4529273623511907
30690,16.090923008,1.6240234375,8.040904198062431e-05,historical,raw/1b-dagformer_historical_metrics.csv,2.3869396391369047
30700,16.096165888,3.0166015625,8.030139935414425e-05,historical,raw/1b-dagformer_historical_metrics.csv,2.3922874813988093
30710,16.101408768,3.1572265625,8.019375672766414e-05,historical,raw/1b-dagformer_historical_metrics.csv,2.4677618117559526
30720,16.106651648,2.966796875,8.008611410118407e-05,historical,raw/1b-dagformer_historical_metrics.csv,2.528843470982143
30730,16.111894528,2.5322265625,7.9978471474704e-05,historical,raw/1b-dagformer_historical_metrics.csv,2.578520275297619
30740,16.117137408,3.1875,7.98708288482239e-05,historical,raw/1b-dagformer_historical_metrics.csv,2.5810779389880953
30750,16.122380288,3.111328125,7.976318622174384e-05,historical,raw/1b-dagformer_historical_metrics.csv,2.652436755952381
30760,16.127623168,2.24951171875,7.965554359526373e-05,historical,raw/1b-dagformer_historical_metrics.csv,2.627348400297619
30770,16.132866048,2.044921875,7.954790096878366e-05,historical,raw/1b-dagformer_historical_metrics.csv,2.651576450892857
30780,16.138108928,3.05078125,7.944025834230355e-05,historical,raw/1b-dagformer_historical_metrics.csv,2.6840122767857144
30790,16.143351808,1.865234375,7.933261571582349e-05,historical,raw/1b-dagformer_historical_metrics.csv,2.6631091889880953
30800,16.148594688,1.5302734375,7.922497308934338e-05,historical,raw/1b-dagformer_historical_metrics.csv,2.5916806175595237
30810,16.153837568,2.6953125,7.911733046286331e-05,historical,raw/1b-dagformer_historical_metrics.csv,2.5713123139880953
30820,16.159080448,1.2490234375,7.90096878363832e-05,historical,raw/1b-dagformer_historical_metrics.csv,2.4863513764880953
30830,16.164323328,3.240234375,7.890204520990315e-05,historical,raw/1b-dagformer_historical_metrics.csv,2.4913736979166665
30840,16.169566208,1.72509765625,7.879440258342304e-05,historical,raw/1b-dagformer_historical_metrics.csv,2.498046875
30850,16.174809088,1.803466796875,7.868675995694297e-05,historical,raw/1b-dagformer_historical_metrics.csv,2.4906412760416665
30860,16.180051968,3.10546875,7.857911733046286e-05,historical,raw/1b-dagformer_historical_metrics.csv,2.4918968563988093
30870,16.185294848,2.947265625,7.847147470398279e-05,historical,raw/1b-dagformer_historical_metrics.csv,2.4846888950892856
30880,16.190537728,3.00390625,7.836383207750269e-05,historical,raw/1b-dagformer_historical_metrics.csv,2.4747837611607144
30890,16.195780608,2.24169921875,7.825618945102262e-05,historical,raw/1b-dagformer_historical_metrics.csv,2.4927571614583335
30900,16.201023488,3.0263671875,7.814854682454251e-05,historical,raw/1b-dagformer_historical_metrics.csv,2.559535435267857
30910,16.206266368,2.34765625,7.804090419806244e-05,historical,raw/1b-dagformer_historical_metrics.csv,2.527680896577381
30920,16.211509248,2.9677734375,7.793326157158233e-05,historical,raw/1b-dagformer_historical_metrics.csv,2.5186593191964284
30930,16.216752128,1.88671875,7.782561894510228e-05,historical,raw/1b-dagformer_historical_metrics.csv,2.467227027529762
30940,16.221995008,2.361328125,7.771797631862217e-05,historical,raw/1b-dagformer_historical_metrics.csv,2.4590890066964284
30950,16.227237888,2.50732421875,7.76103336921421e-05,historical,raw/1b-dagformer_historical_metrics.csv,2.426699683779762
30960,16.232480768,1.71875,7.750269106566199e-05,historical,raw/1b-dagformer_historical_metrics.csv,2.360386439732143
30970,16.237723648,1.48779296875,7.739504843918193e-05,historical,raw/1b-dagformer_historical_metrics.csv,2.3241141183035716
30980,16.242966528,3.21484375,7.728740581270182e-05,historical,raw/1b-dagformer_historical_metrics.csv,2.379824683779762
30990,16.248209408,3.046875,7.717976318622175e-05,historical,raw/1b-dagformer_historical_metrics.csv,2.379638671875
31000,16.253452288,3.0732421875,7.707212055974164e-05,historical,raw/1b-dagformer_historical_metrics.csv,2.437162853422619
31010,16.258695168,1.63525390625,7.696447793326157e-05,continuation,raw/1b-dagformer_continuation_metrics.csv,1.63525390625
31020,16.263938048,3.0732421875,7.685683530678148e-05,continuation,raw/1b-dagformer_continuation_metrics.csv,2.354248046875
31030,16.269180928,3.0439453125,7.674919268030141e-05,continuation,raw/1b-dagformer_continuation_metrics.csv,2.5841471354166665
31040,16.274423808,2.5712890625,7.66415500538213e-05,continuation,raw/1b-dagformer_continuation_metrics.csv,2.5809326171875
31050,16.279666688,3.212890625,7.653390742734123e-05,continuation,raw/1b-dagformer_continuation_metrics.csv,2.70732421875
31060,16.284909568,2.9873046875,7.642626480086112e-05,continuation,raw/1b-dagformer_continuation_metrics.csv,2.7539876302083335
31070,16.290152448,2.9833984375,7.631862217438106e-05,continuation,raw/1b-dagformer_continuation_metrics.csv,2.7867606026785716
31080,16.295395328,1.73876953125,7.621097954790095e-05,continuation,raw/1b-dagformer_continuation_metrics.csv,2.65576171875
31090,16.300638208,3.0703125,7.610333692142088e-05,continuation,raw/1b-dagformer_continuation_metrics.csv,2.7018229166666665
31100,16.305881088,1.84130859375,7.599569429494083e-05,continuation,raw/1b-dagformer_continuation_metrics.csv,2.615771484375
31110,16.311123968,3.1298828125,7.588805166846072e-05,continuation,raw/1b-dagformer_continuation_metrics.csv,2.662508877840909
31120,16.316366848,3.0693359375,7.578040904198065e-05,continuation,raw/1b-dagformer_continuation_metrics.csv,2.6964111328125
31130,16.321609728,3.0400390625,7.567276641550054e-05,continuation,raw/1b-dagformer_continuation_metrics.csv,2.722844050480769
31140,16.326852608,3.0703125,7.556512378902047e-05,continuation,raw/1b-dagformer_continuation_metrics.csv,2.7476632254464284
31150,16.332095488,1.63916015625,7.545748116254037e-05,continuation,raw/1b-dagformer_continuation_metrics.csv,2.6737630208333334
31160,16.337338368,2.94140625,7.53498385360603e-05,continuation,raw/1b-dagformer_continuation_metrics.csv,2.69049072265625
31170,16.342581248,1.55859375,7.52421959095802e-05,continuation,raw/1b-dagformer_continuation_metrics.csv,2.6239085477941178
31180,16.347824128,1.9794921875,7.513455328310012e-05,continuation,raw/1b-dagformer_continuation_metrics.csv,2.588107638888889
31190,16.353067008,2.29248046875,7.502691065662001e-05,continuation,raw/1b-dagformer_continuation_metrics.csv,2.5725483141447367
31200,16.358309888,3.060546875,7.491926803013996e-05,continuation,raw/1b-dagformer_continuation_metrics.csv,2.5969482421875
31210,16.363552768,2.974609375,7.481162540365985e-05,continuation,raw/1b-dagformer_continuation_metrics.csv,2.614932105654762
31220,16.368795648,2.3134765625,7.470398277717978e-05,continuation,raw/1b-dagformer_continuation_metrics.csv,2.6472284226190474
31230,16.374038528,3.1923828125,7.459634015069967e-05,continuation,raw/1b-dagformer_continuation_metrics.csv,2.6529017857142856
31240,16.379281408,2.982421875,7.448869752421961e-05,continuation,raw/1b-dagformer_continuation_metrics.csv,2.6499720982142856
31250,16.384524288,3.2265625,7.43810548977395e-05,continuation,raw/1b-dagformer_continuation_metrics.csv,2.6811755952380953
31260,16.389767168,1.59326171875,7.427341227125943e-05,continuation,raw/1b-dagformer_continuation_metrics.csv,2.6040504092261907
31270,16.395010048,3.177734375,7.416576964477932e-05,continuation,raw/1b-dagformer_continuation_metrics.csv,2.6131184895833335
31280,16.400252928,2.9970703125,7.405812701829927e-05,continuation,raw/1b-dagformer_continuation_metrics.csv,2.61376953125
31290,16.405495808,1.908203125,7.395048439181916e-05,continuation,raw/1b-dagformer_continuation_metrics.csv,2.6218377976190474
31300,16.410738688,3.1044921875,7.384284176533909e-05,continuation,raw/1b-dagformer_continuation_metrics.csv,2.6234654017857144
31310,16.415981568,3.0693359375,7.373519913885898e-05,continuation,raw/1b-dagformer_continuation_metrics.csv,2.681942894345238
31320,16.421224448,3.0673828125,7.362755651237891e-05,continuation,raw/1b-dagformer_continuation_metrics.csv,2.6789667038690474
31330,16.426467328,3.044921875,7.35199138858988e-05,continuation,raw/1b-dagformer_continuation_metrics.csv,2.6778041294642856
31340,16.431710208,3.2451171875,7.341227125941874e-05,continuation,raw/1b-dagformer_continuation_metrics.csv,2.6875697544642856
31350,16.436953088,2.5810546875,7.330462863293863e-05,continuation,raw/1b-dagformer_continuation_metrics.csv,2.664271763392857
31360,16.442195968,3.068359375,7.319698600645856e-05,continuation,raw/1b-dagformer_continuation_metrics.csv,2.732328869047619
31370,16.447438848,3.1943359375,7.308934337997845e-05,continuation,raw/1b-dagformer_continuation_metrics.csv,2.7443731398809526
31380,16.452681728,1.951171875,7.29817007534984e-05,continuation,raw/1b-dagformer_continuation_metrics.csv,2.7630673363095237
31390,16.457924608,3.021484375,7.287405812701829e-05,continuation,raw/1b-dagformer_continuation_metrics.csv,2.812686011904762
31400,16.463167488,1.6513671875,7.276641550053822e-05,continuation,raw/1b-dagformer_continuation_metrics.csv,2.7821568080357144
31410,16.468410368,3.201171875,7.265877287405811e-05,continuation,raw/1b-dagformer_continuation_metrics.csv,2.788853236607143
31420,16.473653248,1.35498046875,7.255113024757805e-05,continuation,raw/1b-dagformer_continuation_metrics.csv,2.711728050595238
31430,16.478896128,3.1044921875,7.244348762109794e-05,continuation,raw/1b-dagformer_continuation_metrics.csv,2.7493954613095237
31440,16.484139008,1.822265625,7.233584499461787e-05,continuation,raw/1b-dagformer_continuation_metrics.csv,2.6841517857142856
31450,16.489381888,3.013671875,7.222820236813776e-05,continuation,raw/1b-dagformer_continuation_metrics.csv,2.685639880952381
31460,16.494624768,3.0517578125,7.21205597416577e-05,continuation,raw/1b-dagformer_continuation_metrics.csv,2.6773158482142856
31470,16.499867648,1.81298828125,7.20129171151776e-05,continuation,raw/1b-dagformer_continuation_metrics.csv,2.687779017857143
31480,16.505110528,2.4228515625,7.190527448869753e-05,continuation,raw/1b-dagformer_continuation_metrics.csv,2.6518322172619047
31490,16.510353408,2.5546875,7.179763186221746e-05,continuation,raw/1b-dagformer_continuation_metrics.csv,2.630766369047619
31500,16.515596288,2.6806640625,7.168998923573735e-05,continuation,raw/1b-dagformer_continuation_metrics.csv,2.6675502232142856
31510,16.520839168,3.19921875,7.15823466092573e-05,continuation,raw/1b-dagformer_continuation_metrics.csv,2.672061011904762
31520,16.526082048,3.0126953125,7.147470398277718e-05,continuation,raw/1b-dagformer_continuation_metrics.csv,2.6693638392857144
31530,16.531324928,2.962890625,7.136706135629711e-05,continuation,raw/1b-dagformer_continuation_metrics.csv,2.6643880208333335
31540,16.536567808,3.1728515625,7.1259418729817e-05,continuation,raw/1b-dagformer_continuation_metrics.csv,2.6704799107142856
31550,16.541810688,3.0234375,7.115177610333695e-05,continuation,raw/1b-dagformer_continuation_metrics.csv,2.6599237351190474
31560,16.547053568,3.1884765625,7.104413347685684e-05,continuation,raw/1b-dagformer_continuation_metrics.csv,2.6888485863095237
31570,16.552296448,1.810546875,7.093649085037677e-05,continuation,raw/1b-dagformer_continuation_metrics.csv,2.6289527529761907
31580,16.557539328,3.2080078125,7.082884822389666e-05,continuation,raw/1b-dagformer_continuation_metrics.csv,2.629603794642857
31590,16.562782208,3.1376953125,7.072120559741659e-05,continuation,raw/1b-dagformer_continuation_metrics.csv,2.6861049107142856
31600,16.568025088,1.86572265625,7.061356297093648e-05,continuation,raw/1b-dagformer_continuation_metrics.csv,2.631068638392857
31610,16.573267968,3.0048828125,7.050592034445642e-05,continuation,raw/1b-dagformer_continuation_metrics.csv,2.695521763392857
31620,16.578510848,3.0791015625,7.039827771797631e-05,continuation,raw/1b-dagformer_continuation_metrics.csv,2.6897088913690474
31630,16.583753728,3.1796875,7.029063509149624e-05,continuation,raw/1b-dagformer_continuation_metrics.csv,2.7765997023809526
31640,16.588996608,2.9580078125,7.018299246501613e-05,continuation,raw/1b-dagformer_continuation_metrics.csv,2.769624255952381
31650,16.594239488,3.1689453125,7.007534983853608e-05,continuation,raw/1b-dagformer_continuation_metrics.csv,2.8337518601190474
31660,16.599482368,1.4306640625,6.996770721205597e-05,continuation,raw/1b-dagformer_continuation_metrics.csv,2.7583705357142856
31670,16.604725248,2.4228515625,6.98600645855759e-05,continuation,raw/1b-dagformer_continuation_metrics.csv,2.728422619047619
31680,16.609968128,3.0087890625,6.975242195909579e-05,continuation,raw/1b-dagformer_continuation_metrics.csv,2.785365513392857
31690,16.615211008,1.7529296875,6.964477933261573e-05,continuation,raw/1b-dagformer_continuation_metrics.csv,2.7534644717261907
31700,16.620453888,2.6875,6.953713670613562e-05,continuation,raw/1b-dagformer_continuation_metrics.csv,2.7597888764880953
31710,16.625696768,1.41845703125,6.942949407965555e-05,continuation,raw/1b-dagformer_continuation_metrics.csv,2.6996837797619047
31720,16.630939648,1.331298828125,6.932185145317544e-05,continuation,raw/1b-dagformer_continuation_metrics.csv,2.6107352120535716
31730,16.636182528,3.0576171875,6.921420882669538e-05,continuation,raw/1b-dagformer_continuation_metrics.csv,2.6128743489583335
31740,16.641425408,3.17578125,6.910656620021528e-05,continuation,raw/1b-dagformer_continuation_metrics.csv,2.623011997767857
31750,16.646668288,3.0869140625,6.899892357373521e-05,continuation,raw/1b-dagformer_continuation_metrics.csv,2.6189197358630953
31760,16.651911168,1.60693359375,6.88912809472551e-05,continuation,raw/1b-dagformer_continuation_metrics.csv,2.5514671688988093
31770,16.657154048,3.1015625,6.878363832077503e-05,continuation,raw/1b-dagformer_continuation_metrics.csv,2.547328404017857
31780,16.662396928,3.13671875,6.867599569429492e-05,continuation,raw/1b-dagformer_continuation_metrics.csv,2.6104794456845237
31790,16.667639808,1.83740234375,6.856835306781486e-05,continuation,raw/1b-dagformer_continuation_metrics.csv,2.5452125186011907
31800,16.672882688,2.544921875,6.846071044133475e-05,continuation,raw/1b-dagformer_continuation_metrics.csv,2.5169852120535716
31810,16.678125568,3.0810546875,6.835306781485468e-05,continuation,raw/1b-dagformer_continuation_metrics.csv,2.574858165922619
31820,16.683368448,3.0966796875,6.824542518837457e-05,continuation,raw/1b-dagformer_continuation_metrics.csv,2.5792294456845237
31830,16.688611328,2.537109375,6.813778256189452e-05,continuation,raw/1b-dagformer_continuation_metrics.csv,2.5534202938988093
31840,16.693854208,2.9921875,6.803013993541441e-05,continuation,raw/1b-dagformer_continuation_metrics.csv,2.544491722470238
31850,16.699097088,3.0732421875,6.792249730893434e-05,continuation,raw/1b-dagformer_continuation_metrics.csv,2.5499790736607144
31860,16.704339968,3.0908203125,6.781485468245427e-05,continuation,raw/1b-dagformer_continuation_metrics.csv,2.5462588355654763
31870,16.709582848,3.0634765625,6.770721205597417e-05,continuation,raw/1b-dagformer_continuation_metrics.csv,2.6240118117559526
31880,16.714825728,3.1064453125,6.75995694294941e-05,continuation,raw/1b-dagformer_continuation_metrics.csv,2.6565638950892856
31890,16.720068608,1.8115234375,6.7491926803014e-05,continuation,raw/1b-dagformer_continuation_metrics.csv,2.599551246279762
31900,16.725311488,3.099609375,6.738428417653393e-05,continuation,raw/1b-dagformer_continuation_metrics.csv,2.6636788504464284
31910,16.730554368,2.474609375,6.727664155005382e-05,continuation,raw/1b-dagformer_continuation_metrics.csv,2.6535412016369047
31920,16.735797248,3.2314453125,6.716899892357376e-05,continuation,raw/1b-dagformer_continuation_metrics.csv,2.7398739769345237
31930,16.741040128,3.1591796875,6.706135629709365e-05,continuation,raw/1b-dagformer_continuation_metrics.csv,2.8269159226190474
31940,16.746283008,3.0576171875,6.695371367061358e-05,continuation,raw/1b-dagformer_continuation_metrics.csv,2.8269159226190474
31950,16.751525888,1.63427734375,6.684607104413347e-05,continuation,raw/1b-dagformer_continuation_metrics.csv,2.753510974702381
31960,16.756768768,3.0869140625,6.673842841765341e-05,continuation,raw/1b-dagformer_continuation_metrics.csv,2.753510974702381
31970,16.762011648,3.080078125,6.66307857911733e-05,continuation,raw/1b-dagformer_continuation_metrics.csv,2.8236607142857144
31980,16.767254528,2.5693359375,6.652314316469324e-05,continuation,raw/1b-dagformer_continuation_metrics.csv,2.7983165922619047
31990,16.772497408,3.1025390625,6.641550053821313e-05,continuation,raw/1b-dagformer_continuation_metrics.csv,2.796688988095238
32000,16.777740288,3.1015625,6.630785791173306e-05,continuation,raw/1b-dagformer_continuation_metrics.csv,2.8568870907738093
32010,16.782983168,3.0087890625,6.620021528525296e-05,continuation,raw/1b-dagformer_continuation_metrics.csv,2.8789760044642856
32020,16.788226048,2.5703125,6.609257265877289e-05,continuation,raw/1b-dagformer_continuation_metrics.csv,2.8546549479166665
32030,16.793468928,1.669921875,6.598493003229278e-05,continuation,raw/1b-dagformer_continuation_metrics.csv,2.786714099702381
32040,16.798711808,1.8583984375,6.587728740581271e-05,continuation,raw/1b-dagformer_continuation_metrics.csv,2.75439453125
32050,16.803954688,2.90625,6.57696447793326e-05,continuation,raw/1b-dagformer_continuation_metrics.csv,2.750302269345238
32060,16.809197568,2.07470703125,6.566200215285254e-05,continuation,raw/1b-dagformer_continuation_metrics.csv,2.7027529761904763
32070,16.814440448,3.2900390625,6.555435952637243e-05,continuation,raw/1b-dagformer_continuation_metrics.csv,2.7122395833333335
32080,16.819683328,3.16796875,6.544671689989237e-05,continuation,raw/1b-dagformer_continuation_metrics.csv,2.7172154017857144
32090,16.824926208,2.69921875,6.533907427341226e-05,continuation,raw/1b-dagformer_continuation_metrics.csv,2.6978236607142856
32100,16.830169088,2.8505859375,6.52314316469322e-05,continuation,raw/1b-dagformer_continuation_metrics.csv,2.7473028273809526
32110,16.835411968,2.9814453125,6.512378902045209e-05,continuation,raw/1b-dagformer_continuation_metrics.csv,2.7416759672619047
32120,16.840654848,2.44921875,6.501614639397202e-05,continuation,raw/1b-dagformer_continuation_metrics.csv,2.7404668898809526
32130,16.845897728,3.208984375,6.490850376749191e-05,continuation,raw/1b-dagformer_continuation_metrics.csv,2.7393973214285716
32140,16.851140608,3.095703125,6.480086114101185e-05,continuation,raw/1b-dagformer_continuation_metrics.csv,2.7363746279761907
32150,16.856383488,3.02734375,6.469321851453174e-05,continuation,raw/1b-dagformer_continuation_metrics.csv,2.7349330357142856
32160,16.861626368,3.0595703125,6.458557588805168e-05,continuation,raw/1b-dagformer_continuation_metrics.csv,2.8028041294642856
32170,16.866869248,1.2998046875,6.447793326157157e-05,continuation,raw/1b-dagformer_continuation_metrics.csv,2.7177036830357144
32180,16.872112128,3.1083984375,6.43702906350915e-05,continuation,raw/1b-dagformer_continuation_metrics.csv,2.719052269345238
32190,16.877355008,2.5166015625,6.426264800861139e-05,continuation,raw/1b-dagformer_continuation_metrics.csv,2.7165411086309526
32200,16.882597888,3.08203125,6.415500538213133e-05,continuation,raw/1b-dagformer_continuation_metrics.csv,2.7155645461309526
32210,16.887840768,3.1669921875,6.404736275565122e-05,continuation,raw/1b-dagformer_continuation_metrics.csv,2.7186802455357144
32220,16.893083648,3.2568359375,6.393972012917115e-05,continuation,raw/1b-dagformer_continuation_metrics.csv,2.7304920014880953
32230,16.898326528,3.130859375,6.38320775026911e-05,continuation,raw/1b-dagformer_continuation_metrics.csv,2.7571847098214284
32240,16.903569408,3.09765625,6.372443487621098e-05,continuation,raw/1b-dagformer_continuation_metrics.csv,2.8251720610119047
32250,16.908812288,3.0859375,6.361679224973092e-05,continuation,raw/1b-dagformer_continuation_metrics.csv,2.8836263020833335
32260,16.914055168,1.44140625,6.35091496232508e-05,continuation,raw/1b-dagformer_continuation_metrics.csv,2.813871837797619
32270,16.919298048,1.76025390625,6.340150699677075e-05,continuation,raw/1b-dagformer_continuation_metrics.csv,2.7988978794642856
32280,16.924540928,2.5390625,6.329386437029064e-05,continuation,raw/1b-dagformer_continuation_metrics.csv,2.7631370907738093
32290,16.929783808,1.615234375,6.318622174381057e-05,continuation,raw/1b-dagformer_continuation_metrics.csv,2.6891973586309526
32300,16.935026688,3.0791015625,6.307857911733046e-05,continuation,raw/1b-dagformer_continuation_metrics.csv,2.7072870163690474
32310,16.940269568,3.111328125,6.297093649085039e-05,continuation,raw/1b-dagformer_continuation_metrics.csv,2.7197033110119047
32320,16.945512448,2.4169921875,6.286329386437028e-05,continuation,raw/1b-dagformer_continuation_metrics.csv,2.6928245907738093
32330,16.950755328,2.7255859375,6.275565123789023e-05,continuation,raw/1b-dagformer_continuation_metrics.csv,2.7059849330357144
32340,16.955998208,3.0517578125,6.264800861141012e-05,continuation,raw/1b-dagformer_continuation_metrics.csv,2.6984979538690474
32350,16.961241088,3.123046875,6.254036598493005e-05,continuation,raw/1b-dagformer_continuation_metrics.csv,2.699800037202381
32360,16.966483968,3.1005859375,6.243272335844994e-05,continuation,raw/1b-dagformer_continuation_metrics.csv,2.7032877604166665
32370,16.971726848,1.56396484375,6.232508073196988e-05,continuation,raw/1b-dagformer_continuation_metrics.csv,2.6320684523809526
32380,16.976969728,3.0908203125,6.221743810548977e-05,continuation,raw/1b-dagformer_continuation_metrics.csv,2.7173549107142856
32390,16.982212608,3.2158203125,6.21097954790097e-05,continuation,raw/1b-dagformer_continuation_metrics.csv,2.722470238095238
32400,16.987455488,3.23046875,6.200215285252959e-05,continuation,raw/1b-dagformer_continuation_metrics.csv,2.7564639136904763
32410,16.992698368,3.09765625,6.189451022604954e-05,continuation,raw/1b-dagformer_continuation_metrics.csv,2.7572079613095237
32420,16.997941248,3.1669921875,6.178686759956943e-05,continuation,raw/1b-dagformer_continuation_metrics.csv,2.7572079613095237
32430,17.003184128,3.0849609375,6.167922497308936e-05,continuation,raw/1b-dagformer_continuation_metrics.csv,2.7490234375
32440,17.008427008,1.80029296875,6.157158234660925e-05,continuation,raw/1b-dagformer_continuation_metrics.csv,2.6856631324404763
32450,17.013669888,1.85986328125,6.146393972012918e-05,continuation,raw/1b-dagformer_continuation_metrics.csv,2.6267206101190474
32460,17.018912768,3.13671875,6.135629709364908e-05,continuation,raw/1b-dagformer_continuation_metrics.csv,2.6291387648809526
32470,17.024155648,3.1044921875,6.124865446716901e-05,continuation,raw/1b-dagformer_continuation_metrics.csv,2.7083333333333335
32480,17.029398528,3.06640625,6.11410118406889e-05,continuation,raw/1b-dagformer_continuation_metrics.csv,2.7705310639880953
32490,17.034641408,1.53125,6.103336921420884e-05,continuation,raw/1b-dagformer_continuation_metrics.csv,2.7225399925595237
32500,17.039884288,3.0908203125,6.092572658772873e-05,continuation,raw/1b-dagformer_continuation_metrics.csv,2.7928059895833335
32510,17.045127168,3.09765625,6.081808396124866e-05,continuation,raw/1b-dagformer_continuation_metrics.csv,2.7936895461309526
32520,17.050370048,3.0576171875,6.071044133476856e-05,continuation,raw/1b-dagformer_continuation_metrics.csv,2.7911318824404763
32530,17.055612928,2.5634765625,6.0602798708288486e-05,continuation,raw/1b-dagformer_continuation_metrics.csv,2.7981073288690474
32540,17.060855808,2.48388671875,6.049515608180838e-05,continuation,raw/1b-dagformer_continuation_metrics.csv,2.7865978422619047
32550,17.066098688,3.1318359375,6.0387513455328313e-05,continuation,raw/1b-dagformer_continuation_metrics.csv,2.7904110863095237
32560,17.071341568,2.5947265625,6.02798708288482e-05,continuation,raw/1b-dagformer_continuation_metrics.csv,2.7652529761904763
32570,17.076584448,3.0859375,6.017222820236814e-05,continuation,raw/1b-dagformer_continuation_metrics.csv,2.764555431547619
32580,17.081827328,3.1142578125,6.006458557588803e-05,continuation,raw/1b-dagformer_continuation_metrics.csv,2.83837890625
32590,17.087070208,2.3447265625,5.995694294940797e-05,continuation,raw/1b-dagformer_continuation_metrics.csv,2.8028506324404763
32600,17.092313088,3.11328125,5.984930032292791e-05,continuation,raw/1b-dagformer_continuation_metrics.csv,2.7979678199404763
32610,17.097555968,2.98046875,5.97416576964478e-05,continuation,raw/1b-dagformer_continuation_metrics.csv,2.7860630580357144
32620,17.102798848,3.0927734375,5.963401506996773e-05,continuation,raw/1b-dagformer_continuation_metrics.csv,2.785830543154762
32630,17.108041728,3.044921875,5.952637244348762e-05,continuation,raw/1b-dagformer_continuation_metrics.csv,2.7800176711309526
32640,17.113284608,2.5556640625,5.9418729817007554e-05,continuation,raw/1b-dagformer_continuation_metrics.csv,2.7548130580357144
32650,17.118527488,2.4609375,5.931108719052745e-05,continuation,raw/1b-dagformer_continuation_metrics.csv,2.7862723214285716
32660,17.123770368,3.0966796875,5.920344456404738e-05,continuation,raw/1b-dagformer_continuation_metrics.csv,2.8451683407738093
32670,17.129013248,3.00390625,5.909580193756727e-05,continuation,raw/1b-dagformer_continuation_metrics.csv,2.8388439360119047
32680,17.134256128,3.08203125,5.898815931108721e-05,continuation,raw/1b-dagformer_continuation_metrics.csv,2.8377743675595237
32690,17.139499008,2.39404296875,5.88805166846071e-05,continuation,raw/1b-dagformer_continuation_metrics.csv,2.805757068452381
32700,17.144741888,3.1064453125,5.877287405812704e-05,continuation,raw/1b-dagformer_continuation_metrics.csv,2.880766369047619
32710,17.149984768,2.3564453125,5.8665231431646926e-05,continuation,raw/1b-dagformer_continuation_metrics.csv,2.845796130952381
32720,17.155227648,3.0068359375,5.8557588805166864e-05,continuation,raw/1b-dagformer_continuation_metrics.csv,2.8414713541666665
32730,17.160470528,3.1435546875,5.8449946178686754e-05,continuation,raw/1b-dagformer_continuation_metrics.csv,2.8455636160714284
32740,17.165713408,3.1103515625,5.834230355220669e-05,continuation,raw/1b-dagformer_continuation_metrics.csv,2.8716052827380953
32750,17.170956288,1.884765625,5.823466092572658e-05,continuation,raw/1b-dagformer_continuation_metrics.csv,2.843075706845238
32760,17.176199168,3.052734375,5.812701829924652e-05,continuation,raw/1b-dagformer_continuation_metrics.csv,2.8393089657738093
32770,17.181442048,1.58203125,5.801937567276641e-05,continuation,raw/1b-dagformer_continuation_metrics.csv,2.7910853794642856
32780,17.186684928,3.0068359375,5.7911733046286346e-05,continuation,raw/1b-dagformer_continuation_metrics.csv,2.787318638392857
32790,17.191927808,2.564453125,5.780409041980624e-05,continuation,raw/1b-dagformer_continuation_metrics.csv,2.761137462797619
32800,17.197170688,1.184326171875,5.7696447793326167e-05,continuation,raw/1b-dagformer_continuation_metrics.csv,2.7058803013392856
32810,17.202413568,3.0146484375,5.758880516684606e-05,continuation,raw/1b-dagformer_continuation_metrics.csv,2.7011835007440474
32820,17.207656448,2.962890625,5.7481162540366e-05,continuation,raw/1b-dagformer_continuation_metrics.csv,2.700346447172619
32830,17.212899328,2.9541015625,5.737351991388589e-05,continuation,raw/1b-dagformer_continuation_metrics.csv,2.6937430245535716
32840,17.218142208,3.046875,5.726587728740582e-05,continuation,raw/1b-dagformer_continuation_metrics.csv,2.6938360305059526
32850,17.223385088,3.0771484375,5.715823466092571e-05,continuation,raw/1b-dagformer_continuation_metrics.csv,2.7186686197916665
32860,17.228627968,2.9189453125,5.705059203444565e-05,continuation,raw/1b-dagformer_continuation_metrics.csv,2.740478515625
32870,17.233870848,1.81005859375,5.694294940796554e-05,continuation,raw/1b-dagformer_continuation_metrics.csv,2.6792108444940474
32880,17.239113728,3.1298828125,5.683530678148548e-05,continuation,raw/1b-dagformer_continuation_metrics.csv,2.685209728422619
32890,17.244356608,3.0625,5.6727664155005366e-05,continuation,raw/1b-dagformer_continuation_metrics.csv,2.6842796688988093
32900,17.249599488,3.052734375,5.66200215285253e-05,continuation,raw/1b-dagformer_continuation_metrics.csv,2.7156459263392856
32910,17.254842368,2.43994140625,5.65123789020452e-05,continuation,raw/1b-dagformer_continuation_metrics.csv,2.6839076450892856
32920,17.260085248,2.20068359375,5.640473627556513e-05,continuation,raw/1b-dagformer_continuation_metrics.csv,2.6764904203869047
32930,17.265328128,3.166015625,5.629709364908502e-05,continuation,raw/1b-dagformer_continuation_metrics.csv,2.6840704055059526
32940,17.270571008,3.3232421875,5.618945102260496e-05,continuation,raw/1b-dagformer_continuation_metrics.csv,2.692626953125
32950,17.275813888,2.9228515625,5.608180839612485e-05,continuation,raw/1b-dagformer_continuation_metrics.csv,2.6836983816964284
32960,17.281056768,3.0693359375,5.597416576964478e-05,continuation,raw/1b-dagformer_continuation_metrics.csv,2.7401064918154763
32970,17.286299648,3.1748046875,5.586652314316472e-05,continuation,raw/1b-dagformer_continuation_metrics.csv,2.7459193638392856
32980,17.291542528,2.60400390625,5.575888051668461e-05,continuation,raw/1b-dagformer_continuation_metrics.csv,2.794584728422619
32990,17.296785408,2.568359375,5.5651237890204544e-05,continuation,raw/1b-dagformer_continuation_metrics.csv,2.7737048921130953
33000,17.302028288,3.1201171875,5.5543595263724434e-05,continuation,raw/1b-dagformer_continuation_metrics.csv,2.8001650855654763
33010,17.307271168,2.61865234375,5.543595263724437e-05,continuation,raw/1b-dagformer_continuation_metrics.csv,2.868466331845238
33020,17.312514048,3.1923828125,5.532831001076426e-05,continuation,raw/1b-dagformer_continuation_metrics.csv,2.8769298735119047
33030,17.317756928,2.669921875,5.52206673842842e-05,continuation,raw/1b-dagformer_continuation_metrics.csv,2.862978980654762
33040,17.322999808,3.103515625,5.511302475780409e-05,continuation,raw/1b-dagformer_continuation_metrics.csv,2.8700939360119047
33050,17.328242688,1.646484375,5.5005382131324026e-05,continuation,raw/1b-dagformer_continuation_metrics.csv,2.803408668154762
33060,17.333485568,2.7490234375,5.489773950484392e-05,continuation,raw/1b-dagformer_continuation_metrics.csv,2.787783668154762
33070,17.338728448,1.67626953125,5.479009687836385e-05,continuation,raw/1b-dagformer_continuation_metrics.csv,2.728608630952381
33080,17.343971328,2.9541015625,5.4682454251883744e-05,continuation,raw/1b-dagformer_continuation_metrics.csv,2.7830868675595237
33090,17.349214208,3.0341796875,5.457481162540368e-05,continuation,raw/1b-dagformer_continuation_metrics.csv,2.778529575892857
33100,17.354457088,1.62744140625,5.446716899892357e-05,continuation,raw/1b-dagformer_continuation_metrics.csv,2.7101934523809526
33110,17.359699968,1.6982421875,5.43595263724435e-05,continuation,raw/1b-dagformer_continuation_metrics.csv,2.645693824404762
33120,17.364942848,1.61328125,5.425188374596339e-05,continuation,raw/1b-dagformer_continuation_metrics.csv,2.6063290550595237
33130,17.370185728,1.6728515625,5.414424111948333e-05,continuation,raw/1b-dagformer_continuation_metrics.csv,2.5811941964285716
33140,17.375428608,1.6279296875,5.403659849300322e-05,continuation,raw/1b-dagformer_continuation_metrics.csv,2.5079520089285716
33150,17.380671488,1.89990234375,5.392895586652316e-05,continuation,raw/1b-dagformer_continuation_metrics.csv,2.4401739211309526
33160,17.385914368,3.0283203125,5.382131324004305e-05,continuation,raw/1b-dagformer_continuation_metrics.csv,2.4451962425595237
33170,17.391157248,3.0888671875,5.371367061356298e-05,continuation,raw/1b-dagformer_continuation_metrics.csv,2.4461263020833335
33180,17.396400128,3.0869140625,5.360602798708288e-05,continuation,raw/1b-dagformer_continuation_metrics.csv,2.4419410342261907
33190,17.401643008,3.0341796875,5.349838536060281e-05,continuation,raw/1b-dagformer_continuation_metrics.csv,2.4624255952380953
33200,17.406885888,3.1396484375,5.33907427341227e-05,continuation,raw/1b-dagformer_continuation_metrics.csv,2.4896298363095237
33210,17.412128768,1.5283203125,5.328310010764264e-05,continuation,raw/1b-dagformer_continuation_metrics.csv,2.4138299851190474
33220,17.417371648,3.162109375,5.317545748116253e-05,continuation,raw/1b-dagformer_continuation_metrics.csv,2.4397088913690474
33230,17.422614528,2.46923828125,5.306781485468246e-05,continuation,raw/1b-dagformer_continuation_metrics.csv,2.4052734375
33240,17.427857408,3.021484375,5.296017222820236e-05,continuation,raw/1b-dagformer_continuation_metrics.csv,2.4220145089285716
33250,17.433100288,2.5732421875,5.285252960172229e-05,continuation,raw/1b-dagformer_continuation_metrics.csv,2.396763392857143
33260,17.438343168,3.0537109375,5.274488697524218e-05,continuation,raw/1b-dagformer_continuation_metrics.csv,2.463774181547619
33270,17.443586048,2.9892578125,5.263724434876212e-05,continuation,raw/1b-dagformer_continuation_metrics.csv,2.4752139136904763
33280,17.448828928,2.4267578125,5.2529601722282005e-05,continuation,raw/1b-dagformer_continuation_metrics.csv,2.510951450892857
33290,17.454071808,3.154296875,5.242195909580194e-05,continuation,raw/1b-dagformer_continuation_metrics.csv,2.5204845610119047
33300,17.459314688,3.0146484375,5.231431646932183e-05,continuation,raw/1b-dagformer_continuation_metrics.csv,2.5195545014880953
33310,17.464557568,1.9990234375,5.220667384284177e-05,continuation,raw/1b-dagformer_continuation_metrics.csv,2.5372488839285716
33320,17.469800448,1.64404296875,5.209903121636166e-05,continuation,raw/1b-dagformer_continuation_metrics.csv,2.53466796875
33330,17.475043328,3.0654296875,5.19913885898816e-05,continuation,raw/1b-dagformer_continuation_metrics.csv,2.603817894345238
33340,17.480286208,3.0546875,5.1883745963401534e-05,continuation,raw/1b-dagformer_continuation_metrics.csv,2.669619605654762
33350,17.485529088,3.0205078125,5.1776103336921424e-05,continuation,raw/1b-dagformer_continuation_metrics.csv,2.735932849702381
33360,17.490771968,3.14453125,5.166846071044136e-05,continuation,raw/1b-dagformer_continuation_metrics.csv,2.795200892857143
33370,17.496014848,2.4423828125,5.156081808396125e-05,continuation,raw/1b-dagformer_continuation_metrics.csv,2.767299107142857
33380,17.501257728,1.82958984375,5.145317545748118e-05,continuation,raw/1b-dagformer_continuation_metrics.csv,2.707333519345238
33390,17.506500608,2.9970703125,5.134553283100107e-05,continuation,raw/1b-dagformer_continuation_metrics.csv,2.7030552455357144
33400,17.511743488,1.83837890625,5.123789020452101e-05,continuation,raw/1b-dagformer_continuation_metrics.csv,2.6461123511904763
33410,17.516986368,1.7607421875,5.11302475780409e-05,continuation,raw/1b-dagformer_continuation_metrics.csv,2.5804501488095237
33420,17.522229248,2.24755859375,5.102260495156084e-05,continuation,raw/1b-dagformer_continuation_metrics.csv,2.6146995907738093
33430,17.527472128,2.9990234375,5.091496232508073e-05,continuation,raw/1b-dagformer_continuation_metrics.csv,2.60693359375
33440,17.532715008,2.68359375,5.0807319698600665e-05,continuation,raw/1b-dagformer_continuation_metrics.csv,2.6171409970238093
33450,17.537957888,3.0556640625,5.069967707212056e-05,continuation,raw/1b-dagformer_continuation_metrics.csv,2.6187686011904763
33460,17.543200768,2.951171875,5.059203444564049e-05,continuation,raw/1b-dagformer_continuation_metrics.csv,2.6367652529761907
33470,17.548443648,1.54638671875,5.048439181916038e-05,continuation,raw/1b-dagformer_continuation_metrics.csv,2.5649879092261907
33480,17.553686528,3.076171875,5.037674919268032e-05,continuation,raw/1b-dagformer_continuation_metrics.csv,2.569126674107143
33490,17.558929408,1.49560546875,5.026910656620021e-05,continuation,raw/1b-dagformer_continuation_metrics.csv,2.5247860863095237
33500,17.564172288,1.62060546875,5.016146393972014e-05,continuation,raw/1b-dagformer_continuation_metrics.csv,2.451753162202381
33510,17.569415168,3.033203125,5.005382131324004e-05,continuation,raw/1b-dagformer_continuation_metrics.csv,2.45263671875
33520,17.574658048,3.0625,4.994617868675997e-05,continuation,raw/1b-dagformer_continuation_metrics.csv,2.5032784598214284
33530,17.579900928,2.29931640625,4.9838536060279865e-05,continuation,raw/1b-dagformer_continuation_metrics.csv,2.534481956845238
33540,17.585143808,2.67578125,4.97308934337998e-05,continuation,raw/1b-dagformer_continuation_metrics.csv,2.515927269345238
33550,17.590386688,3.166015625,4.9623250807319685e-05,continuation,raw/1b-dagformer_continuation_metrics.csv,2.5212286086309526
33560,17.595629568,3.033203125,4.951560818083962e-05,continuation,raw/1b-dagformer_continuation_metrics.csv,2.5218331473214284
33570,17.600872448,3.134765625,4.940796555435951e-05,continuation,raw/1b-dagformer_continuation_metrics.csv,2.5213681175595237
33580,17.606115328,2.490234375,4.930032292787945e-05,continuation,raw/1b-dagformer_continuation_metrics.csv,2.523646763392857
33590,17.611358208,3.09375,4.919268030139934e-05,continuation,raw/1b-dagformer_continuation_metrics.csv,2.5838448660714284
33600,17.616601088,3.1171875,4.908503767491928e-05,continuation,raw/1b-dagformer_continuation_metrics.csv,2.589564732142857
33610,17.621843968,2.35888671875,4.897739504843917e-05,continuation,raw/1b-dagformer_continuation_metrics.csv,2.614350818452381
33620,17.627086848,3.080078125,4.886975242195911e-05,continuation,raw/1b-dagformer_continuation_metrics.csv,2.6771763392857144
33630,17.632329728,2.6572265625,4.8762109795479e-05,continuation,raw/1b-dagformer_continuation_metrics.csv,2.696684337797619
33640,17.637572608,3.2294921875,4.865446716899893e-05,continuation,raw/1b-dagformer_continuation_metrics.csv,2.7076590401785716
33650,17.642815488,2.994140625,4.854682454251882e-05,continuation,raw/1b-dagformer_continuation_metrics.csv,2.722446986607143
33660,17.648058368,3.208984375,4.843918191603875e-05,continuation,raw/1b-dagformer_continuation_metrics.csv,2.7297479538690474
33670,17.653301248,2.44140625,4.833153928955865e-05,continuation,raw/1b-dagformer_continuation_metrics.csv,2.705473400297619
33680,17.658544128,3.1318359375,4.822389666307858e-05,continuation,raw/1b-dagformer_continuation_metrics.csv,2.780970982142857
33690,17.663787008,3.1796875,4.811625403659847e-05,continuation,raw/1b-dagformer_continuation_metrics.csv,2.7859002976190474
33700,17.669029888,3.1650390625,4.800861141011841e-05,continuation,raw/1b-dagformer_continuation_metrics.csv,2.8653971354166665
33710,17.674272768,3.0224609375,4.7900968783638345e-05,continuation,raw/1b-dagformer_continuation_metrics.csv,2.9321521577380953
33720,17.679515648,3.1435546875,4.779332615715824e-05,continuation,raw/1b-dagformer_continuation_metrics.csv,2.937406994047619
33730,17.684758528,1.94287109375,4.768568353067817e-05,continuation,raw/1b-dagformer_continuation_metrics.csv,2.884091331845238
33740,17.690001408,3.0966796875,4.757804090419806e-05,continuation,raw/1b-dagformer_continuation_metrics.csv,2.922061011904762
33750,17.695244288,3.0810546875,4.7470398277718e-05,continuation,raw/1b-dagformer_continuation_metrics.csv,2.9413597470238093
33760,17.700487168,2.38671875,4.736275565123789e-05,continuation,raw/1b-dagformer_continuation_metrics.csv,2.9042503720238093
33770,17.705730048,3.1767578125,4.725511302475783e-05,continuation,raw/1b-dagformer_continuation_metrics.csv,2.9110863095238093
33780,17.710972928,3.14453125,4.714747039827772e-05,continuation,raw/1b-dagformer_continuation_metrics.csv,2.9115513392857144
33790,17.716215808,3.0126953125,4.703982777179765e-05,continuation,raw/1b-dagformer_continuation_metrics.csv,2.936430431547619
33800,17.721458688,3.15625,4.6932185145317545e-05,continuation,raw/1b-dagformer_continuation_metrics.csv,2.9394066220238093
33810,17.726701568,3.03125,4.682454251883748e-05,continuation,raw/1b-dagformer_continuation_metrics.csv,2.9353143601190474
33820,17.731944448,3.080078125,4.6716899892357366e-05,continuation,raw/1b-dagformer_continuation_metrics.csv,2.9696568080357144
33830,17.737187328,2.9755859375,4.66092572658773e-05,continuation,raw/1b-dagformer_continuation_metrics.csv,2.9646809895833335
33840,17.742430208,2.2294921875,4.650161463939719e-05,continuation,raw/1b-dagformer_continuation_metrics.csv,2.9443126860119047
33850,17.747673088,2.591796875,4.639397201291713e-05,continuation,raw/1b-dagformer_continuation_metrics.csv,2.9139462425595237
33860,17.752915968,1.53125,4.628632938643702e-05,continuation,raw/1b-dagformer_continuation_metrics.csv,2.8442847842261907
33870,17.758158848,3.275390625,4.617868675995696e-05,continuation,raw/1b-dagformer_continuation_metrics.csv,2.847446986607143
33880,17.763401728,3.1142578125,4.607104413347685e-05,continuation,raw/1b-dagformer_continuation_metrics.csv,2.879487537202381
33890,17.768644608,3.04296875,4.596340150699679e-05,continuation,raw/1b-dagformer_continuation_metrics.csv,2.8752557663690474
33900,17.773887488,2.9638671875,4.585575888051668e-05,continuation,raw/1b-dagformer_continuation_metrics.csv,2.8649786086309526
33910,17.779130368,2.9990234375,4.574811625403661e-05,continuation,raw/1b-dagformer_continuation_metrics.csv,2.8570731026785716
33920,17.784373248,3.0693359375,4.56404736275565e-05,continuation,raw/1b-dagformer_continuation_metrics.csv,2.8593052455357144
33930,17.789616128,1.74951171875,4.553283100107644e-05,continuation,raw/1b-dagformer_continuation_metrics.csv,2.7929222470238093
33940,17.794859008,3.1181640625,4.542518837459633e-05,continuation,raw/1b-dagformer_continuation_metrics.csv,2.8488885788690474
33950,17.800101888,3.0556640625,4.531754574811626e-05,continuation,raw/1b-dagformer_continuation_metrics.csv,2.8469354538690474
33960,17.805344768,1.85107421875,4.520990312163616e-05,continuation,raw/1b-dagformer_continuation_metrics.csv,2.788364955357143
33970,17.810587648,1.91650390625,4.510226049515609e-05,continuation,raw/1b-dagformer_continuation_metrics.csv,2.7659737723214284
33980,17.815830528,1.8291015625,4.499461786867598e-05,continuation,raw/1b-dagformer_continuation_metrics.csv,2.7017996651785716
33990,17.821073408,3.0673828125,4.488697524219592e-05,continuation,raw/1b-dagformer_continuation_metrics.csv,2.6981259300595237
34000,17.826316288,2.9912109375,4.4779332615715806e-05,continuation,raw/1b-dagformer_continuation_metrics.csv,2.6971028645833335
34010,17.831559168,2.5498046875,4.467168998923574e-05,continuation,raw/1b-dagformer_continuation_metrics.csv,2.6682245163690474
34020,17.836802048,1.89697265625,4.456404736275563e-05,continuation,raw/1b-dagformer_continuation_metrics.csv,2.6142113095238093
34030,17.842044928,3.07421875,4.445640473627557e-05,continuation,raw/1b-dagformer_continuation_metrics.csv,2.6139322916666665
34040,17.847287808,3.0712890625,4.434876210979546e-05,continuation,raw/1b-dagformer_continuation_metrics.csv,2.6184895833333335
34050,17.852530688,1.73876953125,4.42411194833154e-05,continuation,raw/1b-dagformer_continuation_metrics.csv,2.595121837797619
34060,17.857773568,2.748046875,4.413347685683529e-05,continuation,raw/1b-dagformer_continuation_metrics.csv,2.6025623139880953
34070,17.863016448,2.3173828125,4.4025834230355226e-05,continuation,raw/1b-dagformer_continuation_metrics.csv,2.6399972098214284
34080,17.868259328,1.61962890625,4.391819160387516e-05,continuation,raw/1b-dagformer_continuation_metrics.csv,2.5611514136904763
34090,17.873502208,3.048828125,4.3810548977395046e-05,continuation,raw/1b-dagformer_continuation_metrics.csv,2.5580357142857144
34100,17.878745088,3.11328125,4.370290635091498e-05,continuation,raw/1b-dagformer_continuation_metrics.csv,2.5613839285714284
34110,17.883987968,3.078125,4.359526372443488e-05,continuation,raw/1b-dagformer_continuation_metrics.csv,2.5668247767857144
34120,17.889230848,3.173828125,4.348762109795481e-05,continuation,raw/1b-dagformer_continuation_metrics.csv,2.5751488095238093
34130,17.894473728,3.095703125,4.33799784714747e-05,continuation,raw/1b-dagformer_continuation_metrics.csv,2.5764043898809526
34140,17.899716608,3.177734375,4.327233584499464e-05,continuation,raw/1b-dagformer_continuation_metrics.csv,2.6444149925595237
34150,17.904959488,2.94140625,4.316469321851453e-05,continuation,raw/1b-dagformer_continuation_metrics.csv,2.6359979538690474
34160,17.910202368,3.1103515625,4.305705059203447e-05,continuation,raw/1b-dagformer_continuation_metrics.csv,2.6386021205357144
34170,17.915445248,3.0,4.294940796555436e-05,continuation,raw/1b-dagformer_continuation_metrics.csv,2.6933128720238093
34180,17.920688128,2.7294921875,4.284176533907429e-05,continuation,raw/1b-dagformer_continuation_metrics.csv,2.732026599702381
34190,17.925931008,3.09765625,4.273412271259418e-05,continuation,raw/1b-dagformer_continuation_metrics.csv,2.7924339657738093
34200,17.931173888,2.998046875,4.262648008611412e-05,continuation,raw/1b-dagformer_continuation_metrics.csv,2.7891322544642856
34210,17.936416768,2.5244140625,4.251883745963401e-05,continuation,raw/1b-dagformer_continuation_metrics.csv,2.766903831845238
34220,17.941659648,3.0361328125,4.241119483315394e-05,continuation,raw/1b-dagformer_continuation_metrics.csv,2.7900623139880953
34230,17.946902528,2.962890625,4.230355220667384e-05,continuation,raw/1b-dagformer_continuation_metrics.csv,2.8408203125
34240,17.952145408,3.09765625,4.219590958019377e-05,continuation,raw/1b-dagformer_continuation_metrics.csv,2.8419363839285716
34250,17.957388288,1.55126953125,4.208826695371366e-05,continuation,raw/1b-dagformer_continuation_metrics.csv,2.7695545014880953
34260,17.962631168,3.0185546875,4.19806243272336e-05,continuation,raw/1b-dagformer_continuation_metrics.csv,2.8304966517857144
34270,17.967874048,2.5703125,4.1872981700753486e-05,continuation,raw/1b-dagformer_continuation_metrics.csv,2.8220331101190474
34280,17.973116928,3.2001953125,4.1765339074273424e-05,continuation,raw/1b-dagformer_continuation_metrics.csv,2.864071800595238
34290,17.978359808,2.7568359375,4.1657696447793314e-05,continuation,raw/1b-dagformer_continuation_metrics.csv,2.9182245163690474
34300,17.983602688,2.18505859375,4.155005382131325e-05,continuation,raw/1b-dagformer_continuation_metrics.csv,2.8770926339285716
34310,17.988845568,3.07421875,4.144241119483314e-05,continuation,raw/1b-dagformer_continuation_metrics.csv,2.8752325148809526
34320,17.994088448,3.103515625,4.133476856835308e-05,continuation,raw/1b-dagformer_continuation_metrics.csv,2.8764415922619047
34330,17.999331328,3.099609375,4.122712594187297e-05,continuation,raw/1b-dagformer_continuation_metrics.csv,2.8729073660714284
34340,18.004574208,2.6904296875,4.1119483315392906e-05,continuation,raw/1b-dagformer_continuation_metrics.csv,2.853608630952381
34350,18.009817088,3.05078125,4.10118406889128e-05,continuation,raw/1b-dagformer_continuation_metrics.csv,2.847563244047619
34360,18.015059968,3.1689453125,4.090419806243273e-05,continuation,raw/1b-dagformer_continuation_metrics.csv,2.8583984375
34370,18.020302848,3.044921875,4.0796555435952623e-05,continuation,raw/1b-dagformer_continuation_metrics.csv,2.855282738095238
34380,18.025545728,3.23828125,4.068891280947256e-05,continuation,raw/1b-dagformer_continuation_metrics.csv,2.8666294642857144
34390,18.030788608,3.1015625,4.058127018299245e-05,continuation,raw/1b-dagformer_continuation_metrics.csv,2.8843470982142856
34400,18.036031488,3.0634765625,4.047362755651238e-05,continuation,raw/1b-dagformer_continuation_metrics.csv,2.882719494047619
34410,18.041274368,1.9130859375,4.036598493003227e-05,continuation,raw/1b-dagformer_continuation_metrics.csv,2.8310546875
34420,18.046517248,3.041015625,4.025834230355221e-05,continuation,raw/1b-dagformer_continuation_metrics.csv,2.855654761904762
34430,18.051760128,1.7216796875,4.01506996770721e-05,continuation,raw/1b-dagformer_continuation_metrics.csv,2.793061755952381
34440,18.057003008,3.068359375,4.004305705059204e-05,continuation,raw/1b-dagformer_continuation_metrics.csv,2.7980840773809526
34450,18.062245888,2.716796875,3.993541442411197e-05,continuation,raw/1b-dagformer_continuation_metrics.csv,2.7799479166666665
34460,18.067488768,3.0234375,3.982777179763186e-05,continuation,raw/1b-dagformer_continuation_metrics.csv,2.8500511532738093
34470,18.072731648,2.9755859375,3.97201291711518e-05,continuation,raw/1b-dagformer_continuation_metrics.csv,2.8480050223214284
34480,18.077974528,1.90478515625,3.961248654467169e-05,continuation,raw/1b-dagformer_continuation_metrics.csv,2.816313244047619
34490,18.083217408,3.14453125,3.950484391819162e-05,continuation,raw/1b-dagformer_continuation_metrics.csv,2.813662574404762
34500,18.088460288,2.46875,3.939720129171152e-05,continuation,raw/1b-dagformer_continuation_metrics.csv,2.7999441964285716
34510,18.093703168,3.080078125,3.928955866523145e-05,continuation,raw/1b-dagformer_continuation_metrics.csv,2.842564174107143
34520,18.098946048,2.455078125,3.918191603875135e-05,continuation,raw/1b-dagformer_continuation_metrics.csv,2.813081287202381
34530,18.104188928,3.0908203125,3.907427341227128e-05,continuation,raw/1b-dagformer_continuation_metrics.csv,2.8124767485119047
34540,18.109431808,1.828125,3.896663078579117e-05,continuation,raw/1b-dagformer_continuation_metrics.csv,2.7519298735119047
34550,18.114674688,2.5908203125,3.8858988159311104e-05,continuation,raw/1b-dagformer_continuation_metrics.csv,2.7471865699404763
34560,18.119917568,3.16015625,3.8751345532830994e-05,continuation,raw/1b-dagformer_continuation_metrics.csv,2.7523949032738093
34570,18.125160448,2.6171875,3.864370290635093e-05,continuation,raw/1b-dagformer_continuation_metrics.csv,2.7261207217261907
34580,18.130403328,2.4775390625,3.853606027987082e-05,continuation,raw/1b-dagformer_continuation_metrics.csv,2.6991024925595237
34590,18.135646208,2.9892578125,3.842841765339076e-05,continuation,raw/1b-dagformer_continuation_metrics.csv,2.6872442336309526
34600,18.140889088,2.2939453125,3.832077502691065e-05,continuation,raw/1b-dagformer_continuation_metrics.csv,2.6487862723214284
34610,18.146131968,3.0673828125,3.8213132400430587e-05,continuation,raw/1b-dagformer_continuation_metrics.csv,2.6489722842261907
34620,18.151374848,3.111328125,3.810548977395048e-05,continuation,raw/1b-dagformer_continuation_metrics.csv,2.7060314360119047
34630,18.156617728,3.1533203125,3.7997847147470414e-05,continuation,raw/1b-dagformer_continuation_metrics.csv,2.7113792782738093
34640,18.161860608,3.1787109375,3.7890204520990304e-05,continuation,raw/1b-dagformer_continuation_metrics.csv,2.78076171875
34650,18.167103488,2.9873046875,3.778256189451024e-05,continuation,raw/1b-dagformer_continuation_metrics.csv,2.7769019717261907
34660,18.172346368,3.0908203125,3.767491926803013e-05,continuation,raw/1b-dagformer_continuation_metrics.csv,2.794712611607143
34670,18.177589248,1.68017578125,3.756727664155006e-05,continuation,raw/1b-dagformer_continuation_metrics.csv,2.730747767857143
34680,18.182832128,3.0751953125,3.745963401506995e-05,continuation,raw/1b-dagformer_continuation_metrics.csv,2.7354910714285716
34690,18.188075008,3.025390625,3.735199138858989e-05,continuation,raw/1b-dagformer_continuation_metrics.csv,2.788853236607143
34700,18.193317888,2.9638671875,3.724434876210978e-05,continuation,raw/1b-dagformer_continuation_metrics.csv,2.7802501860119047
34710,18.198560768,3.1845703125,3.713670613562972e-05,continuation,raw/1b-dagformer_continuation_metrics.csv,2.8143368675595237
34720,18.203803648,3.1123046875,3.702906350914961e-05,continuation,raw/1b-dagformer_continuation_metrics.csv,2.8158714657738093
34730,18.209046528,2.38427734375,3.692142088266954e-05,continuation,raw/1b-dagformer_continuation_metrics.csv,2.8125
34740,18.214289408,2.4794921875,3.681377825618944e-05,continuation,raw/1b-dagformer_continuation_metrics.csv,2.783389136904762
34750,18.219532288,3.0205078125,3.670613562970937e-05,continuation,raw/1b-dagformer_continuation_metrics.csv,2.8401692708333335
34760,18.224775168,2.71484375,3.659849300322926e-05,continuation,raw/1b-dagformer_continuation_metrics.csv,2.8460751488095237
34770,18.230018048,3.0439453125,3.64908503767492e-05,continuation,raw/1b-dagformer_continuation_metrics.csv,2.840541294642857
34780,18.235260928,3.0478515625,3.638320775026909e-05,continuation,raw/1b-dagformer_continuation_metrics.csv,2.861049107142857
34790,18.240503808,3.2197265625,3.627556512378903e-05,continuation,raw/1b-dagformer_continuation_metrics.csv,2.896391369047619
34800,18.245746688,3.0703125,3.616792249730892e-05,continuation,raw/1b-dagformer_continuation_metrics.csv,2.9002511160714284
34810,18.250989568,3.0537109375,3.606027987082885e-05,continuation,raw/1b-dagformer_continuation_metrics.csv,2.936430431547619
34820,18.256232448,3.02734375,3.5952637244348785e-05,continuation,raw/1b-dagformer_continuation_metrics.csv,2.9345238095238093
34830,18.261475328,1.85498046875,3.5844994617868675e-05,continuation,raw/1b-dagformer_continuation_metrics.csv,2.874697730654762
34840,18.266718208,3.0927734375,3.573735199138861e-05,continuation,raw/1b-dagformer_continuation_metrics.csv,2.8718145461309526
34850,18.271961088,3.005859375,3.56297093649085e-05,continuation,raw/1b-dagformer_continuation_metrics.csv,2.863583519345238
34860,18.277203968,3.126953125,3.552206673842844e-05,continuation,raw/1b-dagformer_continuation_metrics.csv,2.8702334449404763
34870,18.282446848,2.658203125,3.541442411194833e-05,continuation,raw/1b-dagformer_continuation_metrics.csv,2.8496326264880953
34880,18.287689728,3.140625,3.530678148546827e-05,continuation,raw/1b-dagformer_continuation_metrics.csv,2.9191778273809526
34890,18.292932608,3.033203125,3.519913885898816e-05,continuation,raw/1b-dagformer_continuation_metrics.csv,2.917178199404762
34900,18.298175488,1.337890625,3.5091496232508094e-05,continuation,raw/1b-dagformer_continuation_metrics.csv,2.836821056547619
34910,18.303418368,3.0654296875,3.4983853606027984e-05,continuation,raw/1b-dagformer_continuation_metrics.csv,2.8416573660714284
34920,18.308661248,3.037109375,3.487621097954792e-05,continuation,raw/1b-dagformer_continuation_metrics.csv,2.8346354166666665
34930,18.313904128,2.6025390625,3.476856835306781e-05,continuation,raw/1b-dagformer_continuation_metrics.csv,2.810360863095238
34940,18.319147008,3.1298828125,3.466092572658774e-05,continuation,raw/1b-dagformer_continuation_metrics.csv,2.8458658854166665
34950,18.324389888,2.548828125,3.455328310010764e-05,continuation,raw/1b-dagformer_continuation_metrics.csv,2.8491675967261907
34960,18.329632768,2.9990234375,3.444564047362757e-05,continuation,raw/1b-dagformer_continuation_metrics.csv,2.84814453125
34970,18.334875648,3.1875,3.433799784714746e-05,continuation,raw/1b-dagformer_continuation_metrics.csv,2.8706519717261907
34980,18.340118528,3.177734375,3.42303552206674e-05,continuation,raw/1b-dagformer_continuation_metrics.csv,2.8770228794642856
34990,18.345361408,3.0869140625,3.412271259418729e-05,continuation,raw/1b-dagformer_continuation_metrics.csv,2.8788829985119047
35000,18.350604288,2.39453125,3.4015069967707225e-05,continuation,raw/1b-dagformer_continuation_metrics.csv,2.8395879836309526
35010,18.355847168,1.62744140625,3.3907427341227115e-05,continuation,raw/1b-dagformer_continuation_metrics.csv,2.7708798363095237
35020,18.361090048,3.046875,3.379978471474705e-05,continuation,raw/1b-dagformer_continuation_metrics.csv,2.7705543154761907
35030,18.366332928,3.0927734375,3.369214208826694e-05,continuation,raw/1b-dagformer_continuation_metrics.csv,2.7736700148809526
35040,18.371575808,2.9970703125,3.358449946178688e-05,continuation,raw/1b-dagformer_continuation_metrics.csv,2.8280552455357144
35050,18.376818688,3.0673828125,3.347685683530677e-05,continuation,raw/1b-dagformer_continuation_metrics.csv,2.826846168154762
35060,18.382061568,1.6787109375,3.336921420882671e-05,continuation,raw/1b-dagformer_continuation_metrics.csv,2.7636486235119047
35070,18.387304448,3.1845703125,3.32615715823466e-05,continuation,raw/1b-dagformer_continuation_metrics.csv,2.766392299107143
35080,18.392547328,2.6181640625,3.315392895586653e-05,continuation,raw/1b-dagformer_continuation_metrics.csv,2.7644856770833335
35090,18.397790208,3.162109375,3.3046286329386425e-05,continuation,raw/1b-dagformer_continuation_metrics.csv,2.7655087425595237
35100,18.403033088,2.1630859375,3.2938643702906355e-05,continuation,raw/1b-dagformer_continuation_metrics.csv,2.7240745907738093
35110,18.408275968,3.0380859375,3.283100107642625e-05,continuation,raw/1b-dagformer_continuation_metrics.csv,2.8050362723214284
35120,18.413518848,1.60693359375,3.272335844994618e-05,continuation,raw/1b-dagformer_continuation_metrics.csv,2.7355840773809526
35130,18.418761728,2.9912109375,3.261571582346607e-05,continuation,raw/1b-dagformer_continuation_metrics.csv,2.7333984375
35140,18.424004608,1.7021484375,3.250807319698601e-05,continuation,raw/1b-dagformer_continuation_metrics.csv,2.690522693452381
35150,18.429247488,2.556640625,3.24004305705059e-05,continuation,raw/1b-dagformer_continuation_metrics.csv,2.6632254464285716
35160,18.434490368,3.0126953125,3.229278794402584e-05,continuation,raw/1b-dagformer_continuation_metrics.csv,2.6853143601190474
35170,18.439733248,3.0244140625,3.218514531754573e-05,continuation,raw/1b-dagformer_continuation_metrics.csv,2.6865234375
35180,18.444976128,3.0400390625,3.2077502691065665e-05,continuation,raw/1b-dagformer_continuation_metrics.csv,2.679501488095238
35190,18.450219008,2.9892578125,3.19698600645856e-05,continuation,raw/1b-dagformer_continuation_metrics.csv,2.6705264136904763
35200,18.455461888,3.115234375,3.186221743810549e-05,continuation,raw/1b-dagformer_continuation_metrics.csv,2.671875
35210,18.460704768,3.0908203125,3.175457481162542e-05,continuation,raw/1b-dagformer_continuation_metrics.csv,2.7050316220238093
35220,18.465947648,2.1923828125,3.164693218514532e-05,continuation,raw/1b-dagformer_continuation_metrics.csv,2.73193359375
35230,18.471190528,3.10546875,3.153928955866525e-05,continuation,raw/1b-dagformer_continuation_metrics.csv,2.7347237723214284
35240,18.476433408,3.0791015625,3.143164693218514e-05,continuation,raw/1b-dagformer_continuation_metrics.csv,2.734072730654762
35250,18.481676288,2.5341796875,3.132400430570508e-05,continuation,raw/1b-dagformer_continuation_metrics.csv,2.7120303199404763
35260,18.486919168,3.0673828125,3.121636167922497e-05,continuation,raw/1b-dagformer_continuation_metrics.csv,2.7120303199404763
35270,18.492162048,1.33447265625,3.1108719052744905e-05,continuation,raw/1b-dagformer_continuation_metrics.csv,2.6956380208333335
35280,18.497404928,2.4931640625,3.1001076426264795e-05,continuation,raw/1b-dagformer_continuation_metrics.csv,2.6627139136904763
35290,18.502647808,3.0791015625,3.089343379978473e-05,continuation,raw/1b-dagformer_continuation_metrics.csv,2.684663318452381
35300,18.507890688,2.6240234375,3.078579117330462e-05,continuation,raw/1b-dagformer_continuation_metrics.csv,2.6590401785714284
35310,18.513133568,3.1279296875,3.067814854682456e-05,continuation,raw/1b-dagformer_continuation_metrics.csv,2.704985119047619
35320,18.518376448,2.5576171875,3.057050592034445e-05,continuation,raw/1b-dagformer_continuation_metrics.csv,2.6821056547619047
35330,18.523619328,2.7265625,3.0462863293864384e-05,continuation,raw/1b-dagformer_continuation_metrics.csv,2.7354213169642856
35340,18.528862208,3.2138671875,3.035522066738428e-05,continuation,raw/1b-dagformer_continuation_metrics.csv,2.7460239955357144
35350,18.534105088,2.5673828125,3.024757804090421e-05,continuation,raw/1b-dagformer_continuation_metrics.csv,2.7872256324404763
35360,18.539347968,3.0986328125,3.0139935414424105e-05,continuation,raw/1b-dagformer_continuation_metrics.csv,2.8130347842261907
35370,18.544590848,1.685546875,3.003229278794404e-05,continuation,raw/1b-dagformer_continuation_metrics.csv,2.7498372395833335
35380,18.549833728,3.0517578125,2.992465016146393e-05,continuation,raw/1b-dagformer_continuation_metrics.csv,2.7511393229166665
35390,18.555076608,3.08984375,2.9817007534983867e-05,continuation,raw/1b-dagformer_continuation_metrics.csv,2.753510974702381
35400,18.560319488,2.5654296875,2.970936490850376e-05,continuation,raw/1b-dagformer_continuation_metrics.csv,2.7333286830357144
35410,18.565562368,3.1044921875,2.960172228202369e-05,continuation,raw/1b-dagformer_continuation_metrics.csv,2.732817150297619
35420,18.570805248,3.1064453125,2.9494079655543584e-05,continuation,raw/1b-dagformer_continuation_metrics.csv,2.7335611979166665
35430,18.576048128,2.9658203125,2.938643702906352e-05,continuation,raw/1b-dagformer_continuation_metrics.csv,2.7703915550595237
35440,18.581291008,1.6806640625,2.9278794402583408e-05,continuation,raw/1b-dagformer_continuation_metrics.csv,2.702543712797619
35450,18.586533888,3.0458984375,2.9171151776103346e-05,continuation,raw/1b-dagformer_continuation_metrics.csv,2.700962611607143
35460,18.591776768,3.0576171875,2.906350914962324e-05,continuation,raw/1b-dagformer_continuation_metrics.csv,2.725888206845238
35470,18.597019648,2.525390625,2.8955866523143173e-05,continuation,raw/1b-dagformer_continuation_metrics.csv,2.7000790550595237
35480,18.602262528,3.1865234375,2.8848223896663063e-05,continuation,raw/1b-dagformer_continuation_metrics.csv,2.788271949404762
35490,18.607505408,2.45703125,2.8740581270183e-05,continuation,raw/1b-dagformer_continuation_metrics.csv,2.7865513392857144
35500,18.612748288,2.94921875,2.863293864370289e-05,continuation,raw/1b-dagformer_continuation_metrics.csv,2.780366443452381
35510,18.617991168,2.42724609375,2.8525296017222824e-05,continuation,raw/1b-dagformer_continuation_metrics.csv,2.77099609375
35520,18.623234048,2.8984375,2.8417653390742714e-05,continuation,raw/1b-dagformer_continuation_metrics.csv,2.760067894345238
35530,18.628476928,2.994140625,2.831001076426265e-05,continuation,raw/1b-dagformer_continuation_metrics.csv,2.780854724702381
35540,18.633719808,1.4501953125,2.8202368137782545e-05,continuation,raw/1b-dagformer_continuation_metrics.csv,2.7200753348214284
35550,18.638962688,1.0498046875,2.809472551130248e-05,continuation,raw/1b-dagformer_continuation_metrics.csv,2.6170247395833335
35560,18.644205568,3.1806640625,2.7987082884822413e-05,continuation,raw/1b-dagformer_continuation_metrics.csv,2.6462286086309526
35570,18.649448448,3.1630859375,2.7879440258342303e-05,continuation,raw/1b-dagformer_continuation_metrics.csv,2.6492978050595237
35580,18.654691328,3.0634765625,2.777179763186224e-05,continuation,raw/1b-dagformer_continuation_metrics.csv,2.7149135044642856
35590,18.659934208,2.9814453125,2.766415500538213e-05,continuation,raw/1b-dagformer_continuation_metrics.csv,2.7115652901785716
35600,18.665177088,3.1337890625,2.7556512378902065e-05,continuation,raw/1b-dagformer_continuation_metrics.csv,2.713657924107143
35610,18.670419968,3.013671875,2.744886975242196e-05,continuation,raw/1b-dagformer_continuation_metrics.csv,2.7350027901785716
35620,18.675662848,3.13671875,2.734122712594189e-05,continuation,raw/1b-dagformer_continuation_metrics.csv,2.736537388392857
35630,18.680905728,3.029296875,2.7233584499461786e-05,continuation,raw/1b-dagformer_continuation_metrics.csv,2.7328636532738093
35640,18.686148608,3.203125,2.712594187298172e-05,continuation,raw/1b-dagformer_continuation_metrics.csv,2.7441638764880953
35650,18.691391488,3.1279296875,2.701829924650161e-05,continuation,raw/1b-dagformer_continuation_metrics.csv,2.813081287202381
35660,18.696634368,2.671875,2.6910656620021547e-05,continuation,raw/1b-dagformer_continuation_metrics.csv,2.7952706473214284
35670,18.701877248,3.21875,2.680301399354144e-05,continuation,raw/1b-dagformer_continuation_metrics.csv,2.802943638392857
35680,18.707120128,2.41796875,2.669537136706137e-05,continuation,raw/1b-dagformer_continuation_metrics.csv,2.7978283110119047
35690,18.712363008,3.05859375,2.6587728740581265e-05,continuation,raw/1b-dagformer_continuation_metrics.csv,2.7917364211309526
35700,18.717605888,2.546875,2.64800861141012e-05,continuation,raw/1b-dagformer_continuation_metrics.csv,2.7960146949404763
35710,18.722848768,2.6259765625,2.637244348762109e-05,continuation,raw/1b-dagformer_continuation_metrics.csv,2.7806222098214284
35720,18.728091648,3.0908203125,2.6264800861141023e-05,continuation,raw/1b-dagformer_continuation_metrics.csv,2.812220982142857
35730,18.733334528,3.21875,2.615715823466092e-05,continuation,raw/1b-dagformer_continuation_metrics.csv,2.8274739583333335
35740,18.738577408,1.82470703125,2.6049515608180853e-05,continuation,raw/1b-dagformer_continuation_metrics.csv,2.771786644345238
35750,18.743820288,3.0244140625,2.5941872981700743e-05,continuation,raw/1b-dagformer_continuation_metrics.csv,2.8467494419642856
35760,18.749063168,3.134765625,2.583423035522068e-05,continuation,raw/1b-dagformer_continuation_metrics.csv,2.9460332961309526
35770,18.754306048,2.541015625,2.572658772874057e-05,continuation,raw/1b-dagformer_continuation_metrics.csv,2.9155738467261907
35780,18.759548928,3.0361328125,2.5618945102260505e-05,continuation,raw/1b-dagformer_continuation_metrics.csv,2.9095284598214284
35790,18.764791808,1.364990234375,2.5511302475780395e-05,continuation,raw/1b-dagformer_continuation_metrics.csv,2.828648158482143
35800,18.770034688,3.0888671875,2.540365984930033e-05,continuation,raw/1b-dagformer_continuation_metrics.csv,2.8337634858630953
35810,18.775277568,3.1142578125,2.5296017222820222e-05,continuation,raw/1b-dagformer_continuation_metrics.csv,2.8328334263392856
35820,18.780520448,1.55126953125,2.518837459634016e-05,continuation,raw/1b-dagformer_continuation_metrics.csv,2.7631952194940474
35830,18.785763328,1.88916015625,2.508073196986005e-05,continuation,raw/1b-dagformer_continuation_metrics.csv,2.7037876674107144
35840,18.791006208,3.1162109375,2.4973089343379984e-05,continuation,raw/1b-dagformer_continuation_metrics.csv,2.7079264322916665
35850,18.796249088,0.14404296875,2.486544671689988e-05,continuation,raw/1b-dagformer_continuation_metrics.csv,2.562255859375
35860,18.801491968,2.904296875,2.475780409041981e-05,continuation,raw/1b-dagformer_continuation_metrics.csv,2.551606677827381
35870,18.806734848,2.9306640625,2.46501614639397e-05,continuation,raw/1b-dagformer_continuation_metrics.csv,2.563929966517857
35880,18.811977728,3.0419921875,2.454251883745964e-05,continuation,raw/1b-dagformer_continuation_metrics.csv,2.555512927827381
35890,18.817220608,1.5693359375,2.443487621097953e-05,continuation,raw/1b-dagformer_continuation_metrics.csv,2.515101841517857
35900,18.822463488,3.1044921875,2.4327233584499463e-05,continuation,raw/1b-dagformer_continuation_metrics.csv,2.5172874813988093
35910,18.827706368,3.1103515625,2.421959095801936e-05,continuation,raw/1b-dagformer_continuation_metrics.csv,2.5441196986607144
35920,18.832949248,3.11328125,2.411194833153929e-05,continuation,raw/1b-dagformer_continuation_metrics.csv,2.567324683779762
35930,18.838192128,3.125,2.4004305705059184e-05,continuation,raw/1b-dagformer_continuation_metrics.csv,2.5689522879464284
35940,18.843435008,1.518798828125,2.389666307857912e-05,continuation,raw/1b-dagformer_continuation_metrics.csv,2.488002232142857
35950,18.848677888,1.98388671875,2.378902045209905e-05,continuation,raw/1b-dagformer_continuation_metrics.csv,2.4955822172619047
35960,18.853920768,2.8583984375,2.3681377825618945e-05,continuation,raw/1b-dagformer_continuation_metrics.csv,2.4876767113095237
35970,18.859163648,2.6884765625,2.357373519913888e-05,continuation,raw/1b-dagformer_continuation_metrics.csv,2.4664248511904763
35980,18.864406528,2.490234375,2.3466092572658773e-05,continuation,raw/1b-dagformer_continuation_metrics.csv,2.4640066964285716
35990,18.869649408,1.806640625,2.3358449946178707e-05,continuation,raw/1b-dagformer_continuation_metrics.csv,2.405459449404762
36000,18.874892288,3.0,2.32508073196986e-05,continuation,raw/1b-dagformer_continuation_metrics.csv,2.4833170572916665
36010,18.880135168,1.59228515625,2.314316469321853e-05,continuation,raw/1b-dagformer_continuation_metrics.csv,2.412051246279762
36020,18.885378048,2.431640625,2.3035522066738424e-05,continuation,raw/1b-dagformer_continuation_metrics.csv,2.379545665922619
36030,18.890620928,3.05078125,2.292787944025836e-05,continuation,raw/1b-dagformer_continuation_metrics.csv,2.4509509858630953
36040,18.895863808,2.6396484375,2.282023681377825e-05,continuation,raw/1b-dagformer_continuation_metrics.csv,2.4866885230654763
36050,18.901106688,2.5625,2.2712594187298185e-05,continuation,raw/1b-dagformer_continuation_metrics.csv,2.4603213355654763
36060,18.906349568,3.1025390625,2.260495156081808e-05,continuation,raw/1b-dagformer_continuation_metrics.csv,2.6012021019345237
36070,18.911592448,3.15625,2.2497308934338013e-05,continuation,raw/1b-dagformer_continuation_metrics.csv,2.6131998697916665
36080,18.916835328,3.0576171875,2.2389666307857903e-05,continuation,raw/1b-dagformer_continuation_metrics.csv,2.6192452566964284
36090,18.922078208,3.0849609375,2.228202368137784e-05,continuation,raw/1b-dagformer_continuation_metrics.csv,2.6212913876488093
36100,18.927321088,2.2529296875,2.217438105489773e-05,continuation,raw/1b-dagformer_continuation_metrics.csv,2.653843470982143
36110,18.932563968,3.2392578125,2.2066738428417664e-05,continuation,raw/1b-dagformer_continuation_metrics.csv,2.6602608816964284
36120,18.937806848,3.1455078125,2.195909580193756e-05,continuation,raw/1b-dagformer_continuation_metrics.csv,2.6619349888392856
36130,18.943049728,2.97119140625,2.185145317545749e-05,continuation,raw/1b-dagformer_continuation_metrics.csv,2.6551688058035716
36140,18.948292608,2.4951171875,2.1743810548977385e-05,continuation,raw/1b-dagformer_continuation_metrics.csv,2.6251743861607144
36150,18.953535488,3.0556640625,2.163616792249732e-05,continuation,raw/1b-dagformer_continuation_metrics.csv,2.6983584449404763
36160,18.958778368,3.0712890625,2.152852529601721e-05,continuation,raw/1b-dagformer_continuation_metrics.csv,2.7501395089285716
36170,18.964021248,3.181640625,2.1420882669537147e-05,continuation,raw/1b-dagformer_continuation_metrics.csv,2.765531994047619
36180,18.969264128,3.2236328125,2.131324004305704e-05,continuation,raw/1b-dagformer_continuation_metrics.csv,2.791015625
36190,18.974507008,3.048828125,2.120559741657697e-05,continuation,raw/1b-dagformer_continuation_metrics.csv,2.8176153273809526
36200,18.979749888,2.72265625,2.1097954790096864e-05,continuation,raw/1b-dagformer_continuation_metrics.csv,2.861235119047619
36210,18.984992768,3.203125,2.09903121636168e-05,continuation,raw/1b-dagformer_continuation_metrics.csv,2.870907738095238
36220,18.990235648,2.6533203125,2.0882669537136688e-05,continuation,raw/1b-dagformer_continuation_metrics.csv,2.9214332217261907
36230,18.995478528,2.9306640625,2.0775026910656626e-05,continuation,raw/1b-dagformer_continuation_metrics.csv,2.9451962425595237
36240,19.000721408,1.6787109375,2.066738428417652e-05,continuation,raw/1b-dagformer_continuation_metrics.csv,2.8798595610119047
36250,19.005964288,3.0595703125,2.0559741657696453e-05,continuation,raw/1b-dagformer_continuation_metrics.csv,2.8998558407738093
36260,19.011207168,2.552734375,2.0452099031216343e-05,continuation,raw/1b-dagformer_continuation_metrics.csv,2.8993908110119047
36270,19.016450048,1.8046875,2.034445640473628e-05,continuation,raw/1b-dagformer_continuation_metrics.csv,2.837588355654762
36280,19.021692928,3.0595703125,2.023681377825617e-05,continuation,raw/1b-dagformer_continuation_metrics.csv,2.8329845610119047
36290,19.026935808,0.72998046875,2.0129171151776104e-05,continuation,raw/1b-dagformer_continuation_metrics.csv,2.7221447172619047
36300,19.032178688,3.09765625,2.0021528525295994e-05,continuation,raw/1b-dagformer_continuation_metrics.csv,2.722749255952381
36310,19.037421568,3.005859375,1.991388589881593e-05,continuation,raw/1b-dagformer_continuation_metrics.csv,2.758603050595238
36320,19.042664448,3.17578125,1.9806243272335863e-05,continuation,raw/1b-dagformer_continuation_metrics.csv,2.755580357142857
36330,19.047907328,3.1162109375,1.969860064585576e-05,continuation,raw/1b-dagformer_continuation_metrics.csv,2.754185267857143
36340,19.053150208,2.640625,1.9590958019375693e-05,continuation,raw/1b-dagformer_continuation_metrics.csv,2.7384440104166665
36350,19.058393088,3.0458984375,1.9483315392895583e-05,continuation,raw/1b-dagformer_continuation_metrics.csv,2.7646716889880953
36360,19.063635968,3.087890625,1.937567276641552e-05,continuation,raw/1b-dagformer_continuation_metrics.csv,2.766206287202381
36370,19.068878848,2.447265625,1.926803013993541e-05,continuation,raw/1b-dagformer_continuation_metrics.csv,2.7364908854166665
36380,19.074121728,2.98046875,1.9160387513455348e-05,continuation,raw/1b-dagformer_continuation_metrics.csv,2.7269112723214284
36390,19.079364608,2.62890625,1.905274488697524e-05,continuation,raw/1b-dagformer_continuation_metrics.csv,2.6985909598214284
36400,19.084607488,2.48046875,1.894510226049517e-05,continuation,raw/1b-dagformer_continuation_metrics.csv,2.6715262276785716
36410,19.089850368,2.98828125,1.8837459634015062e-05,continuation,raw/1b-dagformer_continuation_metrics.csv,2.684175037202381
36420,19.095093248,3.08984375,1.8729817007535e-05,continuation,raw/1b-dagformer_continuation_metrics.csv,2.6787806919642856
36430,19.100336128,3.0986328125,1.862217438105489e-05,continuation,raw/1b-dagformer_continuation_metrics.csv,2.699986049107143
36440,19.105579008,1.57568359375,1.8514531754574827e-05,continuation,raw/1b-dagformer_continuation_metrics.csv,2.635463169642857
36450,19.110821888,3.1259765625,1.840688912809472e-05,continuation,raw/1b-dagformer_continuation_metrics.csv,2.704380580357143
36460,19.116064768,1.876953125,1.829924650161465e-05,continuation,raw/1b-dagformer_continuation_metrics.csv,2.6480654761904763
36470,19.121307648,2.21142578125,1.8191603875134545e-05,continuation,raw/1b-dagformer_continuation_metrics.csv,2.6318126860119047
36480,19.126550528,3.2021484375,1.808396124865448e-05,continuation,raw/1b-dagformer_continuation_metrics.csv,2.6983584449404763
36490,19.131793408,3.0654296875,1.7976318622174372e-05,continuation,raw/1b-dagformer_continuation_metrics.csv,2.698637462797619
36500,19.137036288,3.0927734375,1.7868675995694306e-05,continuation,raw/1b-dagformer_continuation_metrics.csv,2.8111514136904763
36510,19.142279168,3.23046875,1.7761033369214196e-05,continuation,raw/1b-dagformer_continuation_metrics.csv,2.817475818452381
36520,19.147522048,3.0380859375,1.7653390742734134e-05,continuation,raw/1b-dagformer_continuation_metrics.csv,2.8190104166666665
36530,19.152764928,3.0791015625,1.7545748116254024e-05,continuation,raw/1b-dagformer_continuation_metrics.csv,2.8144066220238093
36540,19.158007808,1.69921875,1.743810548977396e-05,continuation,raw/1b-dagformer_continuation_metrics.csv,2.7469308035714284
36550,19.163250688,1.87255859375,1.733046286329385e-05,continuation,raw/1b-dagformer_continuation_metrics.csv,2.710356212797619
36560,19.168493568,2.44189453125,1.7222820236813785e-05,continuation,raw/1b-dagformer_continuation_metrics.csv,2.6815941220238093
36570,19.173736448,3.173828125,1.711517761033368e-05,continuation,raw/1b-dagformer_continuation_metrics.csv,2.6856863839285716
36580,19.178979328,3.056640625,1.7007534983853612e-05,continuation,raw/1b-dagformer_continuation_metrics.csv,2.7147042410714284
36590,19.184222208,3.142578125,1.6899892357373502e-05,continuation,raw/1b-dagformer_continuation_metrics.csv,2.7224237351190474
36600,19.189465088,3.203125,1.679224973089344e-05,continuation,raw/1b-dagformer_continuation_metrics.csv,2.7497674851190474
36610,19.194707968,3.177734375,1.668460710441333e-05,continuation,raw/1b-dagformer_continuation_metrics.csv,2.7829706101190474
36620,19.199950848,3.275390625,1.6576964477933264e-05,continuation,raw/1b-dagformer_continuation_metrics.csv,2.7966424851190474
36630,19.205193728,3.32421875,1.6469321851453157e-05,continuation,raw/1b-dagformer_continuation_metrics.csv,2.807803199404762
36640,19.210436608,3.0791015625,1.636167922497309e-05,continuation,raw/1b-dagformer_continuation_metrics.csv,2.8068731398809526
36650,19.215679488,2.5322265625,1.6254036598492985e-05,continuation,raw/1b-dagformer_continuation_metrics.csv,2.8524228050595237
36660,19.220922368,3.0361328125,1.614639397201292e-05,continuation,raw/1b-dagformer_continuation_metrics.csv,2.84814453125
36670,19.226165248,2.505859375,1.603875134553281e-05,continuation,raw/1b-dagformer_continuation_metrics.csv,2.8780924479166665
36680,19.231408128,3.1884765625,1.5931108719052746e-05,continuation,raw/1b-dagformer_continuation_metrics.csv,2.924618675595238
36690,19.236651008,3.0439453125,1.582346609257268e-05,continuation,raw/1b-dagformer_continuation_metrics.csv,2.917085193452381
36700,19.241893888,2.361328125,1.571582346609257e-05,continuation,raw/1b-dagformer_continuation_metrics.csv,2.8835565476190474
36710,19.247136768,2.978515625,1.5608180839612508e-05,continuation,raw/1b-dagformer_continuation_metrics.csv,2.878115699404762
36720,19.252379648,1.76123046875,1.5500538213132398e-05,continuation,raw/1b-dagformer_continuation_metrics.csv,2.8081519717261907
36730,19.257622528,2.6044921875,1.5392895586652335e-05,continuation,raw/1b-dagformer_continuation_metrics.csv,2.787504650297619
36740,19.262865408,3.212890625,1.5285252960172225e-05,continuation,raw/1b-dagformer_continuation_metrics.csv,2.7938755580357144
36750,19.268108288,2.62158203125,1.517761033369216e-05,continuation,raw/1b-dagformer_continuation_metrics.csv,2.837797619047619
36760,19.273351168,3.041015625,1.5069967707212053e-05,continuation,raw/1b-dagformer_continuation_metrics.csv,2.8934384300595237
36770,19.278594048,3.34375,1.4962325080731988e-05,continuation,raw/1b-dagformer_continuation_metrics.csv,2.9363839285714284
36780,19.283836928,3.029296875,1.4854682454251878e-05,continuation,raw/1b-dagformer_continuation_metrics.csv,2.929501488095238
36790,19.289079808,3.14453125,1.4747039827771814e-05,continuation,raw/1b-dagformer_continuation_metrics.csv,2.933686755952381
36800,19.294322688,2.9970703125,1.4639397201291704e-05,continuation,raw/1b-dagformer_continuation_metrics.csv,2.9267578125
36810,19.299565568,1.5673828125,1.453175457481164e-05,continuation,raw/1b-dagformer_continuation_metrics.csv,2.8488653273809526
36820,19.304808448,1.669921875,1.4424111948331531e-05,continuation,raw/1b-dagformer_continuation_metrics.csv,2.777064732142857
36830,19.310051328,3.1279296875,1.4316469321851467e-05,continuation,raw/1b-dagformer_continuation_metrics.csv,2.7700427827380953
36840,19.315294208,3.0947265625,1.4208826695371356e-05,continuation,raw/1b-dagformer_continuation_metrics.csv,2.7591145833333335
36850,19.320537088,3.2451171875,1.4101184068891291e-05,continuation,raw/1b-dagformer_continuation_metrics.csv,2.7670200892857144
36860,19.325779968,3.1025390625,1.3993541442411185e-05,continuation,raw/1b-dagformer_continuation_metrics.csv,2.7941778273809526
36870,19.331022848,1.8505859375,1.388589881593112e-05,continuation,raw/1b-dagformer_continuation_metrics.csv,2.7377232142857144
36880,19.336265728,3.0126953125,1.377825618945101e-05,continuation,raw/1b-dagformer_continuation_metrics.csv,2.7618582589285716
36890,19.341508608,1.67041015625,1.3670613562970946e-05,continuation,raw/1b-dagformer_continuation_metrics.csv,2.6895693824404763
36900,19.346751488,2.2265625,1.3562970936490838e-05,continuation,raw/1b-dagformer_continuation_metrics.csv,2.6506463913690474
36910,19.351994368,3.0068359375,1.3455328310010774e-05,continuation,raw/1b-dagformer_continuation_metrics.csv,2.6813848586309526
36920,19.357237248,3.107421875,1.3347685683530664e-05,continuation,raw/1b-dagformer_continuation_metrics.csv,2.6875232514880953
36930,19.362480128,3.1279296875,1.32400430570506e-05,continuation,raw/1b-dagformer_continuation_metrics.csv,2.7526041666666665
36940,19.367723008,3.1123046875,1.3132400430570493e-05,continuation,raw/1b-dagformer_continuation_metrics.csv,2.7767857142857144
36950,19.372965888,3.0771484375,1.3024757804090428e-05,continuation,raw/1b-dagformer_continuation_metrics.csv,2.770321800595238
36960,19.378208768,3.029296875,1.2917115177610317e-05,continuation,raw/1b-dagformer_continuation_metrics.csv,2.789736793154762
36970,19.383451648,3.24609375,1.2809472551130252e-05,continuation,raw/1b-dagformer_continuation_metrics.csv,2.799502418154762
36980,19.388694528,2.498046875,1.2701829924650144e-05,continuation,raw/1b-dagformer_continuation_metrics.csv,2.7592308407738093
36990,19.393937408,3.021484375,1.259418729817008e-05,continuation,raw/1b-dagformer_continuation_metrics.csv,2.7588588169642856
37000,19.399180288,3.2001953125,1.248654467168997e-05,continuation,raw/1b-dagformer_continuation_metrics.csv,2.761509486607143
37010,19.404423168,3.224609375,1.2378902045209906e-05,continuation,raw/1b-dagformer_continuation_metrics.csv,2.7723446800595237
37020,19.409666048,3.1083984375,1.2271259418729796e-05,continuation,raw/1b-dagformer_continuation_metrics.csv,2.8457263764880953
37030,19.414908928,3.0947265625,1.2163616792249731e-05,continuation,raw/1b-dagformer_continuation_metrics.csv,2.91357421875
37040,19.420151808,2.583984375,1.2055974165769625e-05,continuation,raw/1b-dagformer_continuation_metrics.csv,2.8876720610119047
37050,19.425394688,1.94921875,1.194833153928956e-05,continuation,raw/1b-dagformer_continuation_metrics.csv,2.8331240699404763
37060,19.430637568,2.37744140625,1.1840688912809496e-05,continuation,raw/1b-dagformer_continuation_metrics.csv,2.791806175595238
37070,19.435880448,2.712890625,1.1733046286329386e-05,continuation,raw/1b-dagformer_continuation_metrics.csv,2.773251488095238
37080,19.441123328,1.369140625,1.162540365984932e-05,continuation,raw/1b-dagformer_continuation_metrics.csv,2.7503255208333335
37090,19.446366208,2.9775390625,1.1517761033369212e-05,continuation,raw/1b-dagformer_continuation_metrics.csv,2.7486514136904763
37100,19.451609088,3.0478515625,1.1410118406889148e-05,continuation,raw/1b-dagformer_continuation_metrics.csv,2.814243861607143
37110,19.456851968,3.0908203125,1.130247578040904e-05,continuation,raw/1b-dagformer_continuation_metrics.csv,2.8553989955357144
37120,19.462094848,2.44921875,1.1194833153928972e-05,continuation,raw/1b-dagformer_continuation_metrics.csv,2.8288457961309526
37130,19.467337728,3.02734375,1.1087190527448863e-05,continuation,raw/1b-dagformer_continuation_metrics.csv,2.8250325520833335
37140,19.472580608,3.18359375,1.09795479009688e-05,continuation,raw/1b-dagformer_continuation_metrics.csv,2.8276832217261907
37150,19.477823488,2.9521484375,1.0871905274488693e-05,continuation,raw/1b-dagformer_continuation_metrics.csv,2.8200567336309526
37160,19.483066368,3.1298828125,1.0764262648008628e-05,continuation,raw/1b-dagformer_continuation_metrics.csv,2.822567894345238
37170,19.488309248,3.0693359375,1.0656620021528518e-05,continuation,raw/1b-dagformer_continuation_metrics.csv,2.8244745163690474
37180,19.493552128,3.0439453125,1.0548977395048454e-05,continuation,raw/1b-dagformer_continuation_metrics.csv,2.814848400297619
37190,19.498795008,3.169921875,1.0441334768568344e-05,continuation,raw/1b-dagformer_continuation_metrics.csv,2.8468424479166665
37200,19.504037888,1.46337890625,1.033369214208828e-05,continuation,raw/1b-dagformer_continuation_metrics.csv,2.772646949404762
37210,19.509280768,3.0810546875,1.0226049515608172e-05,continuation,raw/1b-dagformer_continuation_metrics.csv,2.7669735863095237
37220,19.514523648,1.654296875,1.0118406889128107e-05,continuation,raw/1b-dagformer_continuation_metrics.csv,2.692196800595238
37230,19.519766528,3.162109375,1.0010764262647996e-05,continuation,raw/1b-dagformer_continuation_metrics.csv,2.6947544642857144
37240,19.525009408,2.587890625,9.903121636167931e-06,continuation,raw/1b-dagformer_continuation_metrics.csv,2.670619419642857
37250,19.530252288,1.669921875,9.795479009687825e-06,continuation,raw/1b-dagformer_continuation_metrics.csv,2.6270926339285716
37260,19.535495168,1.861328125,9.68783638320776e-06,continuation,raw/1b-dagformer_continuation_metrics.csv,2.6229073660714284
37270,19.540738048,3.134765625,9.58019375672765e-06,continuation,raw/1b-dagformer_continuation_metrics.csv,2.658970424107143
37280,19.545980928,2.9765625,9.472551130247586e-06,continuation,raw/1b-dagformer_continuation_metrics.csv,2.6715262276785716
37290,19.551223808,2.3271484375,9.364908503767478e-06,continuation,raw/1b-dagformer_continuation_metrics.csv,2.7171456473214284
37300,19.556466688,3.0693359375,9.257265877287414e-06,continuation,raw/1b-dagformer_continuation_metrics.csv,2.7215169270833335
37310,19.561709568,2.5546875,9.149623250807304e-06,continuation,raw/1b-dagformer_continuation_metrics.csv,2.698032924107143
37320,19.566952448,2.732421875,9.04198062432724e-06,continuation,raw/1b-dagformer_continuation_metrics.csv,2.680966331845238
37330,19.572195328,2.9580078125,8.934337997847131e-06,continuation,raw/1b-dagformer_continuation_metrics.csv,2.7051943824404763
37340,19.577438208,3.0322265625,8.826695371367067e-06,continuation,raw/1b-dagformer_continuation_metrics.csv,2.7054268973214284
37350,19.582681088,1.36962890625,8.719052744886957e-06,continuation,raw/1b-dagformer_continuation_metrics.csv,2.619047619047619
37360,19.587923968,3.0537109375,8.611410118406893e-06,continuation,raw/1b-dagformer_continuation_metrics.csv,2.6238839285714284
37370,19.593166848,3.0458984375,8.503767491926784e-06,continuation,raw/1b-dagformer_continuation_metrics.csv,2.6198846726190474
37380,19.598409728,3.1474609375,8.39612486544672e-06,continuation,raw/1b-dagformer_continuation_metrics.csv,2.6236049107142856
37390,19.603652608,3.0146484375,8.28848223896661e-06,continuation,raw/1b-dagformer_continuation_metrics.csv,2.6222098214285716
37400,19.608895488,3.021484375,8.180839612486546e-06,continuation,raw/1b-dagformer_continuation_metrics.csv,2.615141369047619
37410,19.614138368,3.3046875,8.073196986006437e-06,continuation,raw/1b-dagformer_continuation_metrics.csv,2.702822730654762
37420,19.619381248,1.3935546875,7.965554359526373e-06,continuation,raw/1b-dagformer_continuation_metrics.csv,2.622465587797619
37430,19.624624128,3.0908203125,7.857911733046309e-06,continuation,raw/1b-dagformer_continuation_metrics.csv,2.6908714657738093
37440,19.629867008,3.0712890625,7.750269106566199e-06,continuation,raw/1b-dagformer_continuation_metrics.csv,2.6865466889880953
37450,19.635109888,1.666015625,7.642626480086135e-06,continuation,raw/1b-dagformer_continuation_metrics.csv,2.6426478794642856
37460,19.640352768,2.9541015625,7.5349838536060254e-06,continuation,raw/1b-dagformer_continuation_metrics.csv,2.703799293154762
37470,19.645595648,1.7177734375,7.427341227125961e-06,continuation,raw/1b-dagformer_continuation_metrics.csv,2.696963355654762
37480,19.650838528,3.03515625,7.319698600645852e-06,continuation,raw/1b-dagformer_continuation_metrics.csv,2.6922200520833335
37490,19.656081408,3.08203125,7.212055974165788e-06,continuation,raw/1b-dagformer_continuation_metrics.csv,2.6972423735119047
37500,19.661324288,2.47265625,7.104413347685679e-06,continuation,raw/1b-dagformer_continuation_metrics.csv,2.7041713169642856
37510,19.666567168,3.099609375,6.996770721205614e-06,continuation,raw/1b-dagformer_continuation_metrics.csv,2.7056129092261907
37520,19.671810048,3.142578125,6.889128094725505e-06,continuation,raw/1b-dagformer_continuation_metrics.csv,2.733607700892857
37530,19.677052928,3.203125,6.781485468245441e-06,continuation,raw/1b-dagformer_continuation_metrics.csv,2.7560221354166665
37540,19.682295808,3.0400390625,6.673842841765332e-06,continuation,raw/1b-dagformer_continuation_metrics.csv,2.7599283854166665
37550,19.687538688,2.728515625,6.566200215285268e-06,continuation,raw/1b-dagformer_continuation_metrics.csv,2.7454659598214284
37560,19.692781568,1.63916015625,6.458557588805158e-06,continuation,raw/1b-dagformer_continuation_metrics.csv,2.75830078125
37570,19.698024448,3.0556640625,6.350914962325094e-06,continuation,raw/1b-dagformer_continuation_metrics.csv,2.758393787202381
37580,19.703267328,2.98046875,6.243272335844985e-06,continuation,raw/1b-dagformer_continuation_metrics.csv,2.755278087797619
37590,19.708510208,3.1484375,6.135629709364921e-06,continuation,raw/1b-dagformer_continuation_metrics.csv,2.7553245907738093
37600,19.713753088,1.265625,6.027987082884812e-06,continuation,raw/1b-dagformer_continuation_metrics.csv,2.6720377604166665
37610,19.718995968,2.509765625,5.920344456404747e-06,continuation,raw/1b-dagformer_continuation_metrics.csv,2.647670200892857
37620,19.724238848,3.056640625,5.812701829924638e-06,continuation,raw/1b-dagformer_continuation_metrics.csv,2.6358584449404763
37630,19.729481728,3.12109375,5.705059203444574e-06,continuation,raw/1b-dagformer_continuation_metrics.csv,2.7181222098214284
37640,19.734724608,1.7578125,5.597416576964465e-06,continuation,raw/1b-dagformer_continuation_metrics.csv,2.6546456473214284
37650,19.739967488,3.1474609375,5.4897739504844005e-06,continuation,raw/1b-dagformer_continuation_metrics.csv,2.6582728794642856
37660,19.745210368,2.966796875,5.382131324004291e-06,continuation,raw/1b-dagformer_continuation_metrics.csv,2.72021484375
37670,19.750453248,3.109375,5.274488697524227e-06,continuation,raw/1b-dagformer_continuation_metrics.csv,2.7276088169642856
37680,19.755696128,2.4521484375,5.166846071044118e-06,continuation,raw/1b-dagformer_continuation_metrics.csv,2.7625790550595237
37690,19.760939008,2.57421875,5.059203444564054e-06,continuation,raw/1b-dagformer_continuation_metrics.csv,2.740629650297619
37700,19.766181888,1.48486328125,4.9515608180839445e-06,continuation,raw/1b-dagformer_continuation_metrics.csv,2.6645740327380953
37710,19.771424768,3.068359375,4.84391819160388e-06,continuation,raw/1b-dagformer_continuation_metrics.csv,2.6929408482142856
37720,19.776667648,3.060546875,4.736275565123771e-06,continuation,raw/1b-dagformer_continuation_metrics.csv,2.6910807291666665
37730,19.781910528,3.0302734375,4.628632938643707e-06,continuation,raw/1b-dagformer_continuation_metrics.csv,2.685732886904762
37740,19.787153408,3.0732421875,4.520990312163598e-06,continuation,raw/1b-dagformer_continuation_metrics.csv,2.6795479910714284
37750,19.792396288,3.0859375,4.413347685683533e-06,continuation,raw/1b-dagformer_continuation_metrics.csv,2.681733630952381
37760,19.797639168,2.365234375,4.305705059203424e-06,continuation,raw/1b-dagformer_continuation_metrics.csv,2.6644345238095237
37770,19.802882048,3.12109375,4.19806243272336e-06,continuation,raw/1b-dagformer_continuation_metrics.csv,2.7350027901785716
37780,19.808124928,2.5810546875,4.090419806243251e-06,continuation,raw/1b-dagformer_continuation_metrics.csv,2.71240234375
37790,19.813367808,3.0869140625,3.9827771797631866e-06,continuation,raw/1b-dagformer_continuation_metrics.csv,2.717471168154762
37800,19.818610688,2.255859375,3.8751345532831214e-06,continuation,raw/1b-dagformer_continuation_metrics.csv,2.6749674479166665
37810,19.823853568,1.5830078125,3.7674919268030127e-06,continuation,raw/1b-dagformer_continuation_metrics.csv,2.6900809151785716
37820,19.829096448,3.001953125,3.659849300322949e-06,continuation,raw/1b-dagformer_continuation_metrics.csv,2.7135184151785716
37830,19.834339328,2.9423828125,3.5522066738428397e-06,continuation,raw/1b-dagformer_continuation_metrics.csv,2.7080775669642856
37840,19.839582208,3.0810546875,3.444564047362775e-06,continuation,raw/1b-dagformer_continuation_metrics.csv,2.7061709449404763
37850,19.844825088,3.056640625,3.336921420882666e-06,continuation,raw/1b-dagformer_continuation_metrics.csv,2.7680199032738093
37860,19.850067968,3.0517578125,3.2292787944026016e-06,continuation,raw/1b-dagformer_continuation_metrics.csv,2.763462611607143
37870,19.855310848,3.1005859375,3.1216361679224925e-06,continuation,raw/1b-dagformer_continuation_metrics.csv,2.769833519345238
37880,19.860553728,3.0537109375,3.013993541442428e-06,continuation,raw/1b-dagformer_continuation_metrics.csv,2.767182849702381
37890,19.865796608,3.0654296875,2.906350914962319e-06,continuation,raw/1b-dagformer_continuation_metrics.csv,2.79638671875
37900,19.871039488,2.39404296875,2.798708288482255e-06,continuation,raw/1b-dagformer_continuation_metrics.csv,2.787806919642857
37910,19.876282368,3.025390625,2.6910656620021456e-06,continuation,raw/1b-dagformer_continuation_metrics.csv,2.8611653645833335
37920,19.881525248,1.69384765625,2.5834230355220814e-06,continuation,raw/1b-dagformer_continuation_metrics.csv,2.795712425595238
37930,19.886768128,3.01171875,2.475780409041972e-06,continuation,raw/1b-dagformer_continuation_metrics.csv,2.7933872767857144
37940,19.892011008,3.09765625,2.368137782561908e-06,continuation,raw/1b-dagformer_continuation_metrics.csv,2.796595982142857
37950,19.897253888,3.015625,2.260495156081799e-06,continuation,raw/1b-dagformer_continuation_metrics.csv,2.793852306547619
37960,19.902496768,3.037109375,2.152852529601734e-06,continuation,raw/1b-dagformer_continuation_metrics.csv,2.7915271577380953
37970,19.907739648,3.1357421875,2.0452099031216254e-06,continuation,raw/1b-dagformer_continuation_metrics.csv,2.828218005952381
37980,19.912982528,2.9931640625,1.9375672766415607e-06,continuation,raw/1b-dagformer_continuation_metrics.csv,2.8221261160714284
37990,19.918225408,3.017578125,1.829924650161452e-06,continuation,raw/1b-dagformer_continuation_metrics.csv,2.8429129464285716
38000,19.923468288,3.03515625,1.7222820236813875e-06,continuation,raw/1b-dagformer_continuation_metrics.csv,2.8404482886904763
38010,19.928711168,2.982421875,1.6146393972012786e-06,continuation,raw/1b-dagformer_continuation_metrics.csv,2.8750465029761907
38020,19.933954048,3.1298828125,1.506996770721214e-06,continuation,raw/1b-dagformer_continuation_metrics.csv,2.9487072172619047
38030,19.939196928,1.5078125,1.3993541442411052e-06,continuation,raw/1b-dagformer_continuation_metrics.csv,2.8775576636904763
38040,19.944439808,3.146484375,1.2917115177610407e-06,continuation,raw/1b-dagformer_continuation_metrics.csv,2.8872767857142856
38050,19.949682688,1.59423828125,1.1840688912809318e-06,continuation,raw/1b-dagformer_continuation_metrics.csv,2.8164760044642856
38060,19.954925568,2.43505859375,1.076426264800867e-06,continuation,raw/1b-dagformer_continuation_metrics.csv,2.7868768601190474
38070,19.960168448,3.123046875,9.687836383207583e-07,continuation,raw/1b-dagformer_continuation_metrics.csv,2.7902715773809526
38080,19.965411328,3.091796875,8.611410118406938e-07,continuation,raw/1b-dagformer_continuation_metrics.csv,2.789853050595238
38090,19.970654208,1.65283203125,7.534983853605848e-07,continuation,raw/1b-dagformer_continuation_metrics.csv,2.72314453125
38100,19.975897088,3.123046875,6.458557588805203e-07,continuation,raw/1b-dagformer_continuation_metrics.csv,2.725888206845238
38110,19.981139968,1.33984375,5.382131324004114e-07,continuation,raw/1b-dagformer_continuation_metrics.csv,2.675688244047619
38120,19.986382848,2.9658203125,4.305705059203469e-07,continuation,raw/1b-dagformer_continuation_metrics.csv,2.6728515625
38130,19.991625728,3.083984375,3.22927879440238e-07,continuation,raw/1b-dagformer_continuation_metrics.csv,2.739048549107143
38140,19.996868608,3.130859375,2.1528525296017347e-07,continuation,raw/1b-dagformer_continuation_metrics.csv,2.744721912202381
38150,20.002111488,1.22119140625,1.0764262648006453e-07,continuation,raw/1b-dagformer_continuation_metrics.csv,2.655366443452381
