step,tokens_B,train_nll,lr,phase,source_file,display_rolling21_nll
0,0.000524288,11.80078125,0.0,historical,raw/600m-dagformer_historical_metrics.csv,11.80078125
10,0.005767168,11.68359375,8.999999999999999e-06,historical,raw/600m-dagformer_historical_metrics.csv,11.7421875
20,0.011010048,10.83984375,1.7999999999999997e-05,historical,raw/600m-dagformer_historical_metrics.csv,11.44140625
30,0.016252928,10.05078125,2.7e-05,historical,raw/600m-dagformer_historical_metrics.csv,11.09375
40,0.021495808,9.7421875,3.5999999999999994e-05,historical,raw/600m-dagformer_historical_metrics.csv,10.8234375
50,0.026738688,8.6953125,4.5e-05,historical,raw/600m-dagformer_historical_metrics.csv,10.46875
60,0.031981568,8.25,5.4e-05,historical,raw/600m-dagformer_historical_metrics.csv,10.151785714285714
70,0.037224448,8.20703125,6.3e-05,historical,raw/600m-dagformer_historical_metrics.csv,9.90869140625
80,0.042467328,7.8828125,7.199999999999999e-05,historical,raw/600m-dagformer_historical_metrics.csv,9.68359375
90,0.047710208,7.09765625,8.1e-05,historical,raw/600m-dagformer_historical_metrics.csv,9.425
100,0.052953088,7.603515625,8.999999999999999e-05,historical,raw/600m-dagformer_historical_metrics.csv,9.259410511363637
110,0.058195968,6.994140625,9.9e-05,historical,raw/600m-dagformer_historical_metrics.csv,9.070638020833334
120,0.063438848,6.904296875,0.000108,historical,raw/600m-dagformer_historical_metrics.csv,8.90399639423077
130,0.068681728,7.48828125,0.000117,historical,raw/600m-dagformer_historical_metrics.csv,8.802873883928571
140,0.073924608,6.931640625,0.000126,historical,raw/600m-dagformer_historical_metrics.csv,8.678125
150,0.079167488,6.3828125,0.000135,historical,raw/600m-dagformer_historical_metrics.csv,8.53466796875
160,0.084410368,6.537109375,0.0001439999999999,historical,raw/600m-dagformer_historical_metrics.csv,8.417164522058824
170,0.089653248,6.212890625,0.000153,historical,raw/600m-dagformer_historical_metrics.csv,8.29470486111111
180,0.094896128,6.056640625,0.000162,historical,raw/600m-dagformer_historical_metrics.csv,8.176912006578947
190,0.100139008,5.724609375,0.0001709999999999,historical,raw/600m-dagformer_historical_metrics.csv,8.054296875
200,0.105381888,5.7578125,0.0001799999999999,historical,raw/600m-dagformer_historical_metrics.csv,7.944940476190476
210,0.110624768,6.810546875,0.000189,historical,raw/600m-dagformer_historical_metrics.csv,7.707310267857143
220,0.115867648,6.029296875,0.000198,historical,raw/600m-dagformer_historical_metrics.csv,7.438058035714286
230,0.121110528,5.759765625,0.000207,historical,raw/600m-dagformer_historical_metrics.csv,7.196149553571429
240,0.126353408,6.150390625,0.000216,historical,raw/600m-dagformer_historical_metrics.csv,7.010416666666667
250,0.131596288,6.06640625,0.000225,historical,raw/600m-dagformer_historical_metrics.csv,6.835379464285714
260,0.136839168,5.57421875,0.000234,historical,raw/600m-dagformer_historical_metrics.csv,6.6867559523809526
270,0.142082048,5.390625,0.000243,historical,raw/600m-dagformer_historical_metrics.csv,6.550595238095238
280,0.147324928,5.6328125,0.000252,historical,raw/600m-dagformer_historical_metrics.csv,6.428013392857143
290,0.152567808,5.71484375,0.000261,historical,raw/600m-dagformer_historical_metrics.csv,6.324776785714286
300,0.157810688,5.166015625,0.00027,historical,raw/600m-dagformer_historical_metrics.csv,6.232793898809524
310,0.163053568,5.384765625,0.0002789999999999,historical,raw/600m-dagformer_historical_metrics.csv,6.127139136904762
320,0.168296448,5.126953125,0.0002879999999999,historical,raw/600m-dagformer_historical_metrics.csv,6.038225446428571
330,0.173539328,5.375,0.000297,historical,raw/600m-dagformer_historical_metrics.csv,5.965401785714286
340,0.178782208,5.216796875,0.000306,historical,raw/600m-dagformer_historical_metrics.csv,5.857235863095238
350,0.184025088,5.443359375,0.000315,historical,raw/600m-dagformer_historical_metrics.csv,5.7863653273809526
360,0.189267968,5.22265625,0.000324,historical,raw/600m-dagformer_historical_metrics.csv,5.731119791666667
370,0.194510848,5.24609375,0.000333,historical,raw/600m-dagformer_historical_metrics.csv,5.669642857142857
380,0.199753728,5.345703125,0.0003419999999999,historical,raw/600m-dagformer_historical_metrics.csv,5.628348214285714
390,0.204996608,5.009765625,0.0003509999999999,historical,raw/600m-dagformer_historical_metrics.csv,5.578497023809524
400,0.210239488,4.958984375,0.0003599999999999,historical,raw/600m-dagformer_historical_metrics.csv,5.542038690476191
410,0.215482368,5.056640625,0.0003689999999999,historical,raw/600m-dagformer_historical_metrics.csv,5.508649553571429
420,0.220725248,4.87109375,0.000378,historical,raw/600m-dagformer_historical_metrics.csv,5.416294642857143
430,0.225968128,4.916015625,0.000387,historical,raw/600m-dagformer_historical_metrics.csv,5.36328125
440,0.231211008,4.97265625,0.000396,historical,raw/600m-dagformer_historical_metrics.csv,5.325799851190476
450,0.236453888,5.091796875,0.000405,historical,raw/600m-dagformer_historical_metrics.csv,5.275390625
460,0.241696768,4.6640625,0.000414,historical,raw/600m-dagformer_historical_metrics.csv,5.208612351190476
470,0.246939648,4.609375,0.000423,historical,raw/600m-dagformer_historical_metrics.csv,5.162667410714286
480,0.252182528,5.208984375,0.000432,historical,raw/600m-dagformer_historical_metrics.csv,5.154017857142857
490,0.257425408,4.81640625,0.000441,historical,raw/600m-dagformer_historical_metrics.csv,5.115141369047619
500,0.262668288,4.802734375,0.00045,historical,raw/600m-dagformer_historical_metrics.csv,5.071707589285714
510,0.267911168,4.734375,0.0004497991071428,historical,raw/600m-dagformer_historical_metrics.csv,5.051153273809524
520,0.273154048,4.728515625,0.0004495982142857,historical,raw/600m-dagformer_historical_metrics.csv,5.019903273809524
530,0.278396928,4.708984375,0.0004493973214285,historical,raw/600m-dagformer_historical_metrics.csv,5.0
540,0.283639808,4.455078125,0.0004491964285714,historical,raw/600m-dagformer_historical_metrics.csv,4.956194196428571
550,0.288882688,4.71484375,0.0004489955357142,historical,raw/600m-dagformer_historical_metrics.csv,4.932291666666667
560,0.294125568,4.798828125,0.0004487946428571,historical,raw/600m-dagformer_historical_metrics.csv,4.9015997023809526
570,0.299368448,5.048828125,0.00044859375,historical,raw/600m-dagformer_historical_metrics.csv,4.8933221726190474
580,0.304611328,4.421875,0.0004483928571428,historical,raw/600m-dagformer_historical_metrics.csv,4.854073660714286
590,0.309854208,4.71875,0.0004481919642857,historical,raw/600m-dagformer_historical_metrics.csv,4.82421875
600,0.315097088,4.44921875,0.0004479910714285,historical,raw/600m-dagformer_historical_metrics.csv,4.797526041666667
610,0.320339968,4.654296875,0.0004477901785714,historical,raw/600m-dagformer_historical_metrics.csv,4.783017113095238
620,0.325582848,4.626953125,0.0004475892857142,historical,raw/600m-dagformer_historical_metrics.csv,4.762555803571429
630,0.330825728,4.703125,0.0004473883928571,historical,raw/600m-dagformer_historical_metrics.csv,4.754557291666667
640,0.336068608,4.451171875,0.0004471875,historical,raw/600m-dagformer_historical_metrics.csv,4.732421875
650,0.341311488,4.23828125,0.0004469866071428,historical,raw/600m-dagformer_historical_metrics.csv,4.697451636904762
660,0.346554368,4.439453125,0.0004467857142857,historical,raw/600m-dagformer_historical_metrics.csv,4.666387648809524
670,0.351797248,4.291015625,0.0004465848214285,historical,raw/600m-dagformer_historical_metrics.csv,4.648623511904762
680,0.357040128,4.634765625,0.0004463839285714,historical,raw/600m-dagformer_historical_metrics.csv,4.649832589285714
690,0.362283008,4.1796875,0.0004461830357142,historical,raw/600m-dagformer_historical_metrics.csv,4.6008184523809526
700,0.367525888,4.302734375,0.0004459821428571,historical,raw/600m-dagformer_historical_metrics.csv,4.576357886904762
710,0.372768768,4.380859375,0.00044578125,historical,raw/600m-dagformer_historical_metrics.csv,4.556268601190476
720,0.378011648,4.23046875,0.0004455803571428,historical,raw/600m-dagformer_historical_metrics.csv,4.532273065476191
730,0.383254528,3.9619140625,0.0004453794642857,historical,raw/600m-dagformer_historical_metrics.csv,4.495768229166667
740,0.388497408,3.5595703125,0.0004451785714285,historical,raw/600m-dagformer_historical_metrics.csv,4.441034226190476
750,0.393740288,4.521484375,0.0004449776785714,historical,raw/600m-dagformer_historical_metrics.csv,4.444196428571429
760,0.398983168,4.2431640625,0.0004447767857142,historical,raw/600m-dagformer_historical_metrics.csv,4.421735491071429
770,0.404226048,4.2734375,0.0004445758928571,historical,raw/600m-dagformer_historical_metrics.csv,4.3967168898809526
780,0.409468928,4.3828125,0.000444375,historical,raw/600m-dagformer_historical_metrics.csv,4.3650018601190474
790,0.414711808,3.8984375,0.0004441741071428,historical,raw/600m-dagformer_historical_metrics.csv,4.3400762648809526
800,0.419954688,4.3125,0.0004439732142857,historical,raw/600m-dagformer_historical_metrics.csv,4.320731026785714
810,0.425197568,4.3125,0.0004437723214285,historical,raw/600m-dagformer_historical_metrics.csv,4.3142206101190474
820,0.430440448,4.0419921875,0.0004435714285714,historical,raw/600m-dagformer_historical_metrics.csv,4.285063244047619
830,0.435683328,4.259765625,0.0004433705357142,historical,raw/600m-dagformer_historical_metrics.csv,4.267578125
840,0.440926208,4.134765625,0.0004431696428571,historical,raw/600m-dagformer_historical_metrics.csv,4.240513392857143
850,0.446169088,4.080078125,0.00044296875,historical,raw/600m-dagformer_historical_metrics.csv,4.222842261904762
860,0.451411968,4.39453125,0.0004427678571428,historical,raw/600m-dagformer_historical_metrics.csv,4.230282738095238
870,0.456654848,3.865234375,0.0004425669642857,historical,raw/600m-dagformer_historical_metrics.csv,4.202938988095238
880,0.461897728,3.8330078125,0.0004423660714285,historical,raw/600m-dagformer_historical_metrics.csv,4.181129092261905
890,0.467140608,4.130859375,0.0004421651785714,historical,raw/600m-dagformer_historical_metrics.csv,4.157133556547619
900,0.472383488,4.328125,0.0004419642857142,historical,raw/600m-dagformer_historical_metrics.csv,4.164202008928571
910,0.477626368,4.046875,0.0004417633928571,historical,raw/600m-dagformer_historical_metrics.csv,4.152018229166667
920,0.482869248,3.94921875,0.0004415624999999,historical,raw/600m-dagformer_historical_metrics.csv,4.131463913690476
930,0.488112128,4.1220703125,0.0004413616071428,historical,raw/600m-dagformer_historical_metrics.csv,4.126302083333333
940,0.493355008,3.9892578125,0.0004411607142857,historical,raw/600m-dagformer_historical_metrics.csv,4.127604166666667
950,0.498597888,4.1728515625,0.0004409598214285,historical,raw/600m-dagformer_historical_metrics.csv,4.156808035714286
960,0.503840768,3.634765625,0.0004407589285714,historical,raw/600m-dagformer_historical_metrics.csv,4.114583333333333
970,0.509083648,4.0654296875,0.0004405580357142,historical,raw/600m-dagformer_historical_metrics.csv,4.106119791666667
980,0.514326528,3.7373046875,0.0004403571428571,historical,raw/600m-dagformer_historical_metrics.csv,4.080589657738095
990,0.519569408,3.6708984375,0.00044015625,historical,raw/600m-dagformer_historical_metrics.csv,4.046688988095238
1000,0.524812288,3.662109375,0.0004399553571428,historical,raw/600m-dagformer_historical_metrics.csv,4.035435267857143
1010,0.530055168,3.8408203125,0.0004397544642857,historical,raw/600m-dagformer_historical_metrics.csv,4.012974330357143
1020,0.535298048,4.09765625,0.0004395535714285,historical,raw/600m-dagformer_historical_metrics.csv,4.002743675595238
1030,0.540540928,3.71484375,0.0004393526785714,historical,raw/600m-dagformer_historical_metrics.csv,3.9871651785714284
1040,0.545783808,4.0361328125,0.0004391517857142,historical,raw/600m-dagformer_historical_metrics.csv,3.9765159970238093
1050,0.551026688,3.630859375,0.0004389508928571,historical,raw/600m-dagformer_historical_metrics.csv,3.9525204613095237
1060,0.556269568,4.0029296875,0.0004387499999999,historical,raw/600m-dagformer_historical_metrics.csv,3.9488467261904763
1070,0.561512448,3.9052734375,0.0004385491071428,historical,raw/600m-dagformer_historical_metrics.csv,3.9255487351190474
1080,0.566755328,4.1171875,0.0004383482142857,historical,raw/600m-dagformer_historical_metrics.csv,3.9375465029761907
1090,0.571998208,3.8896484375,0.0004381473214285,historical,raw/600m-dagformer_historical_metrics.csv,3.940243675595238
1100,0.577241088,3.96875,0.0004379464285714,historical,raw/600m-dagformer_historical_metrics.csv,3.932524181547619
1110,0.582483968,3.6669921875,0.0004377455357142,historical,raw/600m-dagformer_historical_metrics.csv,3.9010416666666665
1120,0.587726848,3.658203125,0.0004375446428571,historical,raw/600m-dagformer_historical_metrics.csv,3.882533482142857
1130,0.592969728,3.802734375,0.00043734375,historical,raw/600m-dagformer_historical_metrics.csv,3.8755580357142856
1140,0.598212608,3.8798828125,0.0004371428571428,historical,raw/600m-dagformer_historical_metrics.csv,3.8640252976190474
1150,0.603455488,3.5673828125,0.0004369419642857,historical,raw/600m-dagformer_historical_metrics.csv,3.843936011904762
1160,0.608698368,3.5908203125,0.0004367410714285,historical,raw/600m-dagformer_historical_metrics.csv,3.816220238095238
1170,0.613941248,3.998046875,0.0004365401785714,historical,raw/600m-dagformer_historical_metrics.csv,3.8335193452380953
1180,0.619184128,3.7529296875,0.0004363392857142,historical,raw/600m-dagformer_historical_metrics.csv,3.818638392857143
1190,0.624427008,3.263671875,0.0004361383928571,historical,raw/600m-dagformer_historical_metrics.csv,3.796084449404762
1200,0.629669888,3.7421875,0.0004359374999999,historical,raw/600m-dagformer_historical_metrics.csv,3.7994791666666665
1210,0.634912768,3.6796875,0.0004357366071428,historical,raw/600m-dagformer_historical_metrics.csv,3.8003162202380953
1220,0.640155648,3.9306640625,0.0004355357142857,historical,raw/600m-dagformer_historical_metrics.csv,3.804594494047619
1230,0.645398528,4.404296875,0.0004353348214285,historical,raw/600m-dagformer_historical_metrics.csv,3.8191964285714284
1240,0.650641408,3.7783203125,0.0004351339285714,historical,raw/600m-dagformer_historical_metrics.csv,3.8222191220238093
1250,0.655884288,3.966796875,0.0004349330357142,historical,raw/600m-dagformer_historical_metrics.csv,3.8189174107142856
1260,0.661127168,3.56640625,0.0004347321428571,historical,raw/600m-dagformer_historical_metrics.csv,3.8158482142857144
1270,0.666370048,3.9228515625,0.0004345312499999,historical,raw/600m-dagformer_historical_metrics.csv,3.8120349702380953
1280,0.671612928,3.84375,0.0004343303571428,historical,raw/600m-dagformer_historical_metrics.csv,3.8091052827380953
1290,0.676855808,3.5419921875,0.0004341294642857,historical,raw/600m-dagformer_historical_metrics.csv,3.7817150297619047
1300,0.682098688,3.9384765625,0.0004339285714285,historical,raw/600m-dagformer_historical_metrics.csv,3.7840401785714284
1310,0.687341568,3.744140625,0.0004337276785714,historical,raw/600m-dagformer_historical_metrics.csv,3.773344494047619
1320,0.692584448,3.8623046875,0.0004335267857142,historical,raw/600m-dagformer_historical_metrics.csv,3.7826450892857144
1330,0.697827328,3.6650390625,0.0004333258928571,historical,raw/600m-dagformer_historical_metrics.csv,3.7829706101190474
1340,0.703070208,3.501953125,0.000433125,historical,raw/600m-dagformer_historical_metrics.csv,3.768647693452381
1350,0.708313088,4.2939453125,0.0004329241071428,historical,raw/600m-dagformer_historical_metrics.csv,3.788364955357143
1360,0.713555968,4.1689453125,0.0004327232142857,historical,raw/600m-dagformer_historical_metrics.csv,3.8170107886904763
1370,0.718798848,4.0087890625,0.0004325223214285,historical,raw/600m-dagformer_historical_metrics.csv,3.8369140625
1380,0.724041728,3.6416015625,0.0004323214285714,historical,raw/600m-dagformer_historical_metrics.csv,3.8199404761904763
1390,0.729284608,3.80859375,0.0004321205357142,historical,raw/600m-dagformer_historical_metrics.csv,3.8225911458333335
1400,0.734527488,3.6416015625,0.0004319196428571,historical,raw/600m-dagformer_historical_metrics.csv,3.8405877976190474
1410,0.739770368,3.62890625,0.00043171875,historical,raw/600m-dagformer_historical_metrics.csv,3.8351934523809526
1420,0.745013248,4.681640625,0.0004315178571428,historical,raw/600m-dagformer_historical_metrics.csv,3.882905505952381
1430,0.750256128,3.7216796875,0.0004313169642857,historical,raw/600m-dagformer_historical_metrics.csv,3.872953869047619
1440,0.755499008,3.775390625,0.0004311160714285,historical,raw/600m-dagformer_historical_metrics.csv,3.8430059523809526
1450,0.760741888,3.783203125,0.0004309151785714,historical,raw/600m-dagformer_historical_metrics.csv,3.8432384672619047
1460,0.765984768,3.9404296875,0.0004307142857142,historical,raw/600m-dagformer_historical_metrics.csv,3.841982886904762
1470,0.771227648,3.70703125,0.0004305133928571,historical,raw/600m-dagformer_historical_metrics.csv,3.8486793154761907
1480,0.776470528,3.46484375,0.0004303125,historical,raw/600m-dagformer_historical_metrics.csv,3.826869419642857
1490,0.781713408,3.61328125,0.0004301116071428,historical,raw/600m-dagformer_historical_metrics.csv,3.8158947172619047
1500,0.786956288,3.837890625,0.0004299107142857,historical,raw/600m-dagformer_historical_metrics.csv,3.829985119047619
1510,0.792199168,3.533203125,0.0004297098214285,historical,raw/600m-dagformer_historical_metrics.csv,3.8106863839285716
1520,0.797442048,3.9443359375,0.0004295089285714,historical,raw/600m-dagformer_historical_metrics.csv,3.820219494047619
1530,0.802684928,3.5703125,0.0004293080357142,historical,raw/600m-dagformer_historical_metrics.csv,3.8063151041666665
1540,0.807927808,3.6923828125,0.0004291071428571,historical,raw/600m-dagformer_historical_metrics.csv,3.8076171875
1550,0.813170688,3.6650390625,0.00042890625,historical,raw/600m-dagformer_historical_metrics.csv,3.8153831845238093
1560,0.818413568,3.734375,0.0004287053571428,historical,raw/600m-dagformer_historical_metrics.csv,3.7887369791666665
1570,0.823656448,3.51953125,0.0004285044642857,historical,raw/600m-dagformer_historical_metrics.csv,3.7578125
1580,0.828899328,3.775390625,0.0004283035714285,historical,raw/600m-dagformer_historical_metrics.csv,3.7466982886904763
1590,0.834142208,3.7255859375,0.0004281026785714,historical,raw/600m-dagformer_historical_metrics.csv,3.750697544642857
1600,0.839385088,3.82421875,0.0004279017857142,historical,raw/600m-dagformer_historical_metrics.csv,3.7514415922619047
1610,0.844627968,3.7060546875,0.0004277008928571,historical,raw/600m-dagformer_historical_metrics.csv,3.7545107886904763
1620,0.849870848,3.7314453125,0.0004275,historical,raw/600m-dagformer_historical_metrics.csv,3.7593936011904763
1630,0.855113728,4.20703125,0.0004272991071428,historical,raw/600m-dagformer_historical_metrics.csv,3.7367931547619047
1640,0.860356608,3.44140625,0.0004270982142857,historical,raw/600m-dagformer_historical_metrics.csv,3.723446800595238
1650,0.865599488,3.59765625,0.0004268973214285,historical,raw/600m-dagformer_historical_metrics.csv,3.7149832589285716
1660,0.870842368,4.669921875,0.0004266964285714,historical,raw/600m-dagformer_historical_metrics.csv,3.7572079613095237
1670,0.876085248,3.517578125,0.0004264955357142,historical,raw/600m-dagformer_historical_metrics.csv,3.7370721726190474
1680,0.881328128,3.0419921875,0.0004262946428571,historical,raw/600m-dagformer_historical_metrics.csv,3.7054036458333335
1690,0.886571008,3.9990234375,0.00042609375,historical,raw/600m-dagformer_historical_metrics.csv,3.7308407738095237
1700,0.891813888,2.9912109375,0.0004258928571428,historical,raw/600m-dagformer_historical_metrics.csv,3.7012183779761907
1710,0.897056768,3.701171875,0.0004256919642857,historical,raw/600m-dagformer_historical_metrics.csv,3.6947079613095237
1720,0.902299648,3.65234375,0.0004254910714285,historical,raw/600m-dagformer_historical_metrics.csv,3.700381324404762
1730,0.907542528,3.689453125,0.0004252901785714,historical,raw/600m-dagformer_historical_metrics.csv,3.6882440476190474
1740,0.912785408,3.8896484375,0.0004250892857142,historical,raw/600m-dagformer_historical_metrics.csv,3.7034505208333335
1750,0.918028288,3.6376953125,0.0004248883928571,historical,raw/600m-dagformer_historical_metrics.csv,3.7008463541666665
1760,0.923271168,3.3984375,0.0004246875,historical,raw/600m-dagformer_historical_metrics.csv,3.6881510416666665
1770,0.928514048,3.70703125,0.0004244866071428,historical,raw/600m-dagformer_historical_metrics.csv,3.6868489583333335
1780,0.933756928,3.228515625,0.0004242857142857,historical,raw/600m-dagformer_historical_metrics.csv,3.6729910714285716
1790,0.938999808,3.830078125,0.0004240848214285,historical,raw/600m-dagformer_historical_metrics.csv,3.675595238095238
1800,0.944242688,3.630859375,0.0004238839285714,historical,raw/600m-dagformer_historical_metrics.csv,3.671084449404762
1810,0.949485568,3.7548828125,0.0004236830357142,historical,raw/600m-dagformer_historical_metrics.csv,3.667782738095238
1820,0.954728448,3.712890625,0.0004234821428571,historical,raw/600m-dagformer_historical_metrics.csv,3.6681082589285716
1830,0.959971328,3.7421875,0.00042328125,historical,raw/600m-dagformer_historical_metrics.csv,3.6686197916666665
1840,0.965214208,3.8115234375,0.0004230803571428,historical,raw/600m-dagformer_historical_metrics.csv,3.6497860863095237
1850,0.970457088,3.564453125,0.0004228794642857,historical,raw/600m-dagformer_historical_metrics.csv,3.6556454613095237
1860,0.975699968,3.7080078125,0.0004226785714285,historical,raw/600m-dagformer_historical_metrics.csv,3.6609002976190474
1870,0.980942848,3.5,0.0004224776785714,historical,raw/600m-dagformer_historical_metrics.csv,3.605189732142857
1880,0.986185728,3.6943359375,0.0004222767857142,historical,raw/600m-dagformer_historical_metrics.csv,3.6136067708333335
1890,0.991428608,3.7626953125,0.0004220758928571,historical,raw/600m-dagformer_historical_metrics.csv,3.6479259672619047
1900,0.996671488,3.720703125,0.000421875,historical,raw/600m-dagformer_historical_metrics.csv,3.634672619047619
1910,1.001914368,3.4296875,0.0004216741071428,historical,raw/600m-dagformer_historical_metrics.csv,3.655552455357143
1920,1.007157248,3.666015625,0.0004214732142857,historical,raw/600m-dagformer_historical_metrics.csv,3.6538783482142856
1930,1.012400128,3.544921875,0.0004212723214285,historical,raw/600m-dagformer_historical_metrics.csv,3.6487630208333335
1940,1.017643008,3.6396484375,0.0004210714285714,historical,raw/600m-dagformer_historical_metrics.csv,3.646391369047619
1950,1.022885888,3.65234375,0.0004208705357142,historical,raw/600m-dagformer_historical_metrics.csv,3.6350911458333335
1960,1.028128768,3.4375,0.0004206696428571,historical,raw/600m-dagformer_historical_metrics.csv,3.6255580357142856
1970,1.033371648,3.845703125,0.0004204687499999,historical,raw/600m-dagformer_historical_metrics.csv,3.6468563988095237
1980,1.038614528,3.7841796875,0.0004202678571428,historical,raw/600m-dagformer_historical_metrics.csv,3.6505301339285716
1990,1.043857408,3.525390625,0.0004200669642857,historical,raw/600m-dagformer_historical_metrics.csv,3.6646670386904763
2000,1.049100288,3.5576171875,0.0004198660714285,historical,raw/600m-dagformer_historical_metrics.csv,3.6516927083333335
2010,1.054343168,3.7431640625,0.0004196651785714,historical,raw/600m-dagformer_historical_metrics.csv,3.657040550595238
2020,1.059586048,3.8330078125,0.0004194642857142,historical,raw/600m-dagformer_historical_metrics.csv,3.6607607886904763
2030,1.064828928,3.3388671875,0.0004192633928571,historical,raw/600m-dagformer_historical_metrics.csv,3.6429501488095237
2040,1.070071808,3.4599609375,0.0004190625,historical,raw/600m-dagformer_historical_metrics.csv,3.6295107886904763
2050,1.075314688,3.7314453125,0.0004188616071428,historical,raw/600m-dagformer_historical_metrics.csv,3.625697544642857
2060,1.080557568,3.6142578125,0.0004186607142857,historical,raw/600m-dagformer_historical_metrics.csv,3.6280691964285716
2070,1.085800448,3.908203125,0.0004184598214285,historical,raw/600m-dagformer_historical_metrics.csv,3.637602306547619
2080,1.091043328,3.779296875,0.0004182589285714,historical,raw/600m-dagformer_historical_metrics.csv,3.6509021577380953
2090,1.096286208,3.5087890625,0.0004180580357142,historical,raw/600m-dagformer_historical_metrics.csv,3.6420665922619047
2100,1.101529088,3.6142578125,0.0004178571428571,historical,raw/600m-dagformer_historical_metrics.csv,3.6349981398809526
2110,1.106771968,3.46484375,0.00041765625,historical,raw/600m-dagformer_historical_metrics.csv,3.6228143601190474
2120,1.112014848,3.513671875,0.0004174553571428,historical,raw/600m-dagformer_historical_metrics.csv,3.6268136160714284
2130,1.117257728,3.86328125,0.0004172544642857,historical,raw/600m-dagformer_historical_metrics.csv,3.6362072172619047
2140,1.122500608,3.22265625,0.0004170535714285,historical,raw/600m-dagformer_historical_metrics.csv,3.6208612351190474
2150,1.127743488,3.2490234375,0.0004168526785714,historical,raw/600m-dagformer_historical_metrics.csv,3.602260044642857
2160,1.132986368,3.5419921875,0.0004166517857142,historical,raw/600m-dagformer_historical_metrics.csv,3.5970052083333335
2170,1.138229248,3.771484375,0.0004164508928571,historical,raw/600m-dagformer_historical_metrics.csv,3.6129092261904763
2180,1.143472128,3.5283203125,0.00041625,historical,raw/600m-dagformer_historical_metrics.csv,3.5977957589285716
2190,1.148715008,3.689453125,0.0004160491071428,historical,raw/600m-dagformer_historical_metrics.csv,3.5932849702380953
2200,1.153957888,3.5927734375,0.0004158482142857,historical,raw/600m-dagformer_historical_metrics.csv,3.596493675595238
2210,1.159200768,3.2978515625,0.0004156473214285,historical,raw/600m-dagformer_historical_metrics.csv,3.5841238839285716
2220,1.164443648,2.8212890625,0.0004154464285714,historical,raw/600m-dagformer_historical_metrics.csv,3.540225074404762
2230,1.169686528,3.353515625,0.0004152455357142,historical,raw/600m-dagformer_historical_metrics.csv,3.517392113095238
2240,1.174929408,3.453125,0.0004150446428571,historical,raw/600m-dagformer_historical_metrics.csv,3.5228329613095237
2250,1.180172288,3.4990234375,0.00041484375,historical,raw/600m-dagformer_historical_metrics.csv,3.524693080357143
2260,1.185415168,3.5693359375,0.0004146428571428,historical,raw/600m-dagformer_historical_metrics.csv,3.5169735863095237
2270,1.190658048,3.4365234375,0.0004144419642857,historical,raw/600m-dagformer_historical_metrics.csv,3.508510044642857
2280,1.195900928,3.5673828125,0.0004142410714285,historical,raw/600m-dagformer_historical_metrics.csv,3.492280505952381
2290,1.201143808,3.638671875,0.0004140401785714,historical,raw/600m-dagformer_historical_metrics.csv,3.4855840773809526
2300,1.206386688,3.4658203125,0.0004138392857142,historical,raw/600m-dagformer_historical_metrics.csv,3.4835379464285716
2310,1.211629568,3.3134765625,0.0004136383928571,historical,raw/600m-dagformer_historical_metrics.csv,3.4692150297619047
2320,1.216872448,4.0830078125,0.0004134374999999,historical,raw/600m-dagformer_historical_metrics.csv,3.4986514136904763
2330,1.222115328,3.4599609375,0.0004132366071428,historical,raw/600m-dagformer_historical_metrics.csv,3.49609375
2340,1.227358208,3.8369140625,0.0004130357142857,historical,raw/600m-dagformer_historical_metrics.csv,3.494838169642857
2350,1.232601088,3.7041015625,0.0004128348214285,historical,raw/600m-dagformer_historical_metrics.csv,3.517764136904762
2360,1.237843968,3.9482421875,0.0004126339285714,historical,raw/600m-dagformer_historical_metrics.csv,3.551060267857143
2370,1.243086848,3.529296875,0.0004124330357142,historical,raw/600m-dagformer_historical_metrics.csv,3.5504557291666665
2380,1.248329728,3.6142578125,0.0004122321428571,historical,raw/600m-dagformer_historical_metrics.csv,3.54296875
2390,1.253572608,3.404296875,0.00041203125,historical,raw/600m-dagformer_historical_metrics.csv,3.5370628720238093
2400,1.258815488,3.4169921875,0.0004118303571428,historical,raw/600m-dagformer_historical_metrics.csv,3.5240885416666665
2410,1.264058368,3.3251953125,0.0004116294642857,historical,raw/600m-dagformer_historical_metrics.csv,3.5113467261904763
2420,1.269301248,3.892578125,0.0004114285714285,historical,raw/600m-dagformer_historical_metrics.csv,3.5396670386904763
2430,1.274544128,3.841796875,0.0004112276785714,historical,raw/600m-dagformer_historical_metrics.csv,3.5882626488095237
2440,1.279787008,3.5078125,0.0004110267857142,historical,raw/600m-dagformer_historical_metrics.csv,3.595610119047619
2450,1.285029888,3.443359375,0.0004108258928571,historical,raw/600m-dagformer_historical_metrics.csv,3.5951450892857144
2460,1.290272768,3.51171875,0.0004106249999999,historical,raw/600m-dagformer_historical_metrics.csv,3.5957496279761907
2470,1.295515648,3.232421875,0.0004104241071428,historical,raw/600m-dagformer_historical_metrics.csv,3.5797061011904763
2480,1.300758528,3.251953125,0.0004102232142857,historical,raw/600m-dagformer_historical_metrics.csv,3.5709170386904763
2490,1.306001408,3.736328125,0.0004100223214285,historical,raw/600m-dagformer_historical_metrics.csv,3.5789620535714284
2500,1.311244288,3.453125,0.0004098214285714,historical,raw/600m-dagformer_historical_metrics.csv,3.570126488095238
2510,1.316487168,3.5009765625,0.0004096205357142,historical,raw/600m-dagformer_historical_metrics.csv,3.5718005952380953
2520,1.321730048,3.6103515625,0.0004094196428571,historical,raw/600m-dagformer_historical_metrics.csv,3.5859375
2530,1.326972928,3.5546875,0.00040921875,historical,raw/600m-dagformer_historical_metrics.csv,3.5607793898809526
2540,1.332215808,3.4228515625,0.0004090178571428,historical,raw/600m-dagformer_historical_metrics.csv,3.5590122767857144
2550,1.337458688,3.4072265625,0.0004088169642857,historical,raw/600m-dagformer_historical_metrics.csv,3.5385509672619047
2560,1.342701568,3.3017578125,0.0004086160714285,historical,raw/600m-dagformer_historical_metrics.csv,3.5193917410714284
2570,1.347944448,3.6416015625,0.0004084151785714,historical,raw/600m-dagformer_historical_metrics.csv,3.504789806547619
2580,1.353187328,3.5517578125,0.0004082142857142,historical,raw/600m-dagformer_historical_metrics.csv,3.505859375
2590,1.358430208,3.900390625,0.0004080133928571,historical,raw/600m-dagformer_historical_metrics.csv,3.5194847470238093
2600,1.363673088,4.0205078125,0.0004078124999999,historical,raw/600m-dagformer_historical_metrics.csv,3.548828125
2610,1.368915968,3.9951171875,0.0004076116071428,historical,raw/600m-dagformer_historical_metrics.csv,3.576357886904762
2620,1.374158848,4.005859375,0.0004074107142857,historical,raw/600m-dagformer_historical_metrics.csv,3.6087704613095237
2630,1.379401728,3.376953125,0.0004072098214285,historical,raw/600m-dagformer_historical_metrics.csv,3.5842168898809526
2640,1.384644608,3.5205078125,0.0004070089285714,historical,raw/600m-dagformer_historical_metrics.csv,3.5689174107142856
2650,1.389887488,3.34375,0.0004068080357142,historical,raw/600m-dagformer_historical_metrics.csv,3.5611049107142856
2660,1.395130368,3.3642578125,0.0004066071428571,historical,raw/600m-dagformer_historical_metrics.csv,3.557338169642857
2670,1.400373248,3.4697265625,0.00040640625,historical,raw/600m-dagformer_historical_metrics.csv,3.5553385416666665
2680,1.405616128,3.6748046875,0.0004062053571428,historical,raw/600m-dagformer_historical_metrics.csv,3.5764043898809526
2690,1.410859008,3.533203125,0.0004060044642857,historical,raw/600m-dagformer_historical_metrics.csv,3.5897972470238093
2700,1.416101888,3.560546875,0.0004058035714285,historical,raw/600m-dagformer_historical_metrics.csv,3.5814267113095237
2710,1.421344768,3.16015625,0.0004056026785714,historical,raw/600m-dagformer_historical_metrics.csv,3.567475818452381
2720,1.426587648,3.1484375,0.0004054017857142,historical,raw/600m-dagformer_historical_metrics.csv,3.550688244047619
2730,1.431830528,3.322265625,0.0004052008928571,historical,raw/600m-dagformer_historical_metrics.csv,3.5369698660714284
2740,1.437073408,3.3095703125,0.000405,historical,raw/600m-dagformer_historical_metrics.csv,3.525297619047619
2750,1.442316288,3.2119140625,0.0004047991071428,historical,raw/600m-dagformer_historical_metrics.csv,3.5152529761904763
2760,1.447559168,3.6953125,0.0004045982142857,historical,raw/600m-dagformer_historical_metrics.csv,3.5289713541666665
2770,1.452802048,4.4111328125,0.0004043973214285,historical,raw/600m-dagformer_historical_metrics.csv,3.5817987351190474
2780,1.458044928,3.443359375,0.0004041964285714,historical,raw/600m-dagformer_historical_metrics.csv,3.572358630952381
2790,1.463287808,3.4775390625,0.0004039955357142,historical,raw/600m-dagformer_historical_metrics.csv,3.5688244047619047
2800,1.468530688,3.638671875,0.0004037946428571,historical,raw/600m-dagformer_historical_metrics.csv,3.556361607142857
2810,1.473773568,3.25,0.00040359375,historical,raw/600m-dagformer_historical_metrics.csv,3.5196707589285716
2820,1.479016448,3.361328125,0.0004033928571428,historical,raw/600m-dagformer_historical_metrics.csv,3.4894903273809526
2830,1.484259328,3.5146484375,0.0004031919642857,historical,raw/600m-dagformer_historical_metrics.csv,3.466099330357143
2840,1.489502208,3.09375,0.0004029910714285,historical,raw/600m-dagformer_historical_metrics.csv,3.4526134672619047
2850,1.494745088,3.5029296875,0.0004027901785714,historical,raw/600m-dagformer_historical_metrics.csv,3.4517764136904763
2860,1.499987968,3.50390625,0.0004025892857142,historical,raw/600m-dagformer_historical_metrics.csv,3.4594029017857144
2870,1.505230848,3.46484375,0.0004023883928571,historical,raw/600m-dagformer_historical_metrics.csv,3.4641927083333335
2880,1.510473728,3.4794921875,0.0004021875,historical,raw/600m-dagformer_historical_metrics.csv,3.464657738095238
2890,1.515716608,3.568359375,0.0004019866071428,historical,raw/600m-dagformer_historical_metrics.csv,3.4595889136904763
2900,1.520959488,3.7802734375,0.0004017857142857,historical,raw/600m-dagformer_historical_metrics.csv,3.4713541666666665
2910,1.526202368,3.3974609375,0.0004015848214285,historical,raw/600m-dagformer_historical_metrics.csv,3.463588169642857
2920,1.531445248,3.642578125,0.0004013839285714,historical,raw/600m-dagformer_historical_metrics.csv,3.4865606398809526
2930,1.536688128,3.75,0.0004011830357142,historical,raw/600m-dagformer_historical_metrics.csv,3.5152064732142856
2940,1.541931008,3.5791015625,0.0004009821428571,historical,raw/600m-dagformer_historical_metrics.csv,3.527436755952381
2950,1.547173888,3.7060546875,0.00040078125,historical,raw/600m-dagformer_historical_metrics.csv,3.5463169642857144
2960,1.552416768,3.7001953125,0.0004005803571428,historical,raw/600m-dagformer_historical_metrics.csv,3.5695684523809526
2970,1.557659648,3.767578125,0.0004003794642857,historical,raw/600m-dagformer_historical_metrics.csv,3.5730096726190474
2980,1.562902528,3.4169921875,0.0004001785714285,historical,raw/600m-dagformer_historical_metrics.csv,3.525669642857143
2990,1.568145408,3.4404296875,0.0003999776785714,historical,raw/600m-dagformer_historical_metrics.csv,3.5255301339285716
3000,1.573388288,3.703125,0.0003997767857142,historical,raw/600m-dagformer_historical_metrics.csv,3.5362723214285716
3010,1.578631168,3.6796875,0.0003995758928571,historical,raw/600m-dagformer_historical_metrics.csv,3.5382254464285716
3020,1.583874048,3.2470703125,0.000399375,historical,raw/600m-dagformer_historical_metrics.csv,3.5380859375
3030,1.589116928,3.623046875,0.0003991741071428,historical,raw/600m-dagformer_historical_metrics.csv,3.5505487351190474
3040,1.594359808,3.513671875,0.0003989732142857,historical,raw/600m-dagformer_historical_metrics.csv,3.550502232142857
3050,1.599602688,3.4716796875,0.0003987723214285,historical,raw/600m-dagformer_historical_metrics.csv,3.5684988839285716
3060,1.604845568,3.259765625,0.0003985714285714,historical,raw/600m-dagformer_historical_metrics.csv,3.556919642857143
3070,1.610088448,3.3994140625,0.0003983705357142,historical,raw/600m-dagformer_historical_metrics.csv,3.551943824404762
3080,1.615331328,3.119140625,0.0003981696428571,historical,raw/600m-dagformer_historical_metrics.csv,3.5354817708333335
3090,1.620574208,3.38671875,0.00039796875,historical,raw/600m-dagformer_historical_metrics.csv,3.531063988095238
3100,1.625817088,3.6767578125,0.0003977678571428,historical,raw/600m-dagformer_historical_metrics.csv,3.536225818452381
3110,1.631059968,3.529296875,0.0003975669642857,historical,raw/600m-dagformer_historical_metrics.csv,3.5242745535714284
3120,1.636302848,3.45703125,0.0003973660714285,historical,raw/600m-dagformer_historical_metrics.csv,3.5271112351190474
3130,1.641545728,3.5419921875,0.0003971651785714,historical,raw/600m-dagformer_historical_metrics.csv,3.5223214285714284
3140,1.646788608,3.314453125,0.0003969642857142,historical,raw/600m-dagformer_historical_metrics.csv,3.5015811011904763
3150,1.652031488,3.2275390625,0.0003967633928571,historical,raw/600m-dagformer_historical_metrics.csv,3.4848400297619047
3160,1.657274368,4.04296875,0.0003965625,historical,raw/600m-dagformer_historical_metrics.csv,3.500883556547619
3170,1.662517248,3.2421875,0.0003963616071428,historical,raw/600m-dagformer_historical_metrics.csv,3.4790736607142856
3180,1.667760128,3.2412109375,0.0003961607142857,historical,raw/600m-dagformer_historical_metrics.csv,3.454008556547619
3190,1.673003008,3.1748046875,0.0003959598214285,historical,raw/600m-dagformer_historical_metrics.csv,3.442475818452381
3200,1.678245888,3.4228515625,0.0003957589285714,historical,raw/600m-dagformer_historical_metrics.csv,3.4416387648809526
3210,1.683488768,3.6240234375,0.0003955580357142,historical,raw/600m-dagformer_historical_metrics.csv,3.4378720238095237
3220,1.688731648,2.8291015625,0.0003953571428571,historical,raw/600m-dagformer_historical_metrics.csv,3.397367931547619
3230,1.693974528,3.18359375,0.00039515625,historical,raw/600m-dagformer_historical_metrics.csv,3.394345238095238
3240,1.699217408,3.34375,0.0003949553571428,historical,raw/600m-dagformer_historical_metrics.csv,3.381045386904762
3250,1.704460288,3.19921875,0.0003947544642857,historical,raw/600m-dagformer_historical_metrics.csv,3.3660714285714284
3260,1.709703168,3.3857421875,0.0003945535714285,historical,raw/600m-dagformer_historical_metrics.csv,3.3619791666666665
3270,1.714946048,3.4716796875,0.0003943526785714,historical,raw/600m-dagformer_historical_metrics.csv,3.3720703125
3280,1.720188928,3.3759765625,0.0003941517857142,historical,raw/600m-dagformer_historical_metrics.csv,3.3709542410714284
3290,1.725431808,2.9453125,0.0003939508928571,historical,raw/600m-dagformer_historical_metrics.csv,3.3626767113095237
3300,1.730674688,3.4169921875,0.00039375,historical,raw/600m-dagformer_historical_metrics.csv,3.3641183035714284
3310,1.735917568,3.4833984375,0.0003935491071428,historical,raw/600m-dagformer_historical_metrics.csv,3.3549107142857144
3320,1.741160448,3.4482421875,0.0003933482142857,historical,raw/600m-dagformer_historical_metrics.csv,3.3510509672619047
3330,1.746403328,3.458984375,0.0003931473214285,historical,raw/600m-dagformer_historical_metrics.csv,3.3511439732142856
3340,1.751646208,3.20703125,0.0003929464285714,historical,raw/600m-dagformer_historical_metrics.csv,3.3351934523809526
3350,1.756889088,3.3017578125,0.0003927455357142,historical,raw/600m-dagformer_historical_metrics.csv,3.3345889136904763
3360,1.762131968,3.2861328125,0.0003925446428571,historical,raw/600m-dagformer_historical_metrics.csv,3.3373790922619047
3370,1.767374848,3.271484375,0.0003923437499999,historical,raw/600m-dagformer_historical_metrics.csv,3.3006417410714284
3380,1.772617728,3.2685546875,0.0003921428571428,historical,raw/600m-dagformer_historical_metrics.csv,3.3018973214285716
3390,1.777860608,3.30859375,0.0003919419642857,historical,raw/600m-dagformer_historical_metrics.csv,3.3051060267857144
3400,1.783103488,3.4404296875,0.0003917410714285,historical,raw/600m-dagformer_historical_metrics.csv,3.3177548363095237
3410,1.788346368,3.5029296875,0.0003915401785714,historical,raw/600m-dagformer_historical_metrics.csv,3.321568080357143
3420,1.793589248,3.5126953125,0.0003913392857142,historical,raw/600m-dagformer_historical_metrics.csv,3.3162667410714284
3430,1.798832128,3.2705078125,0.0003911383928571,historical,raw/600m-dagformer_historical_metrics.csv,3.3372860863095237
3440,1.804075008,3.390625,0.0003909375,historical,raw/600m-dagformer_historical_metrics.csv,3.3471447172619047
3450,1.809317888,3.3232421875,0.0003907366071428,historical,raw/600m-dagformer_historical_metrics.csv,3.3461681547619047
3460,1.814560768,3.3232421875,0.0003905357142857,historical,raw/600m-dagformer_historical_metrics.csv,3.3520740327380953
3470,1.819803648,3.4794921875,0.0003903348214285,historical,raw/600m-dagformer_historical_metrics.csv,3.356538318452381
3480,1.825046528,3.486328125,0.0003901339285714,historical,raw/600m-dagformer_historical_metrics.csv,3.357235863095238
3490,1.830289408,3.130859375,0.0003899330357142,historical,raw/600m-dagformer_historical_metrics.csv,3.3455636160714284
3500,1.835532288,3.4775390625,0.0003897321428571,historical,raw/600m-dagformer_historical_metrics.csv,3.370907738095238
3510,1.840775168,3.4970703125,0.0003895312499999,historical,raw/600m-dagformer_historical_metrics.csv,3.374720982142857
3520,1.846018048,3.587890625,0.0003893303571428,historical,raw/600m-dagformer_historical_metrics.csv,3.379696800595238
3530,1.851260928,3.3642578125,0.0003891294642857,historical,raw/600m-dagformer_historical_metrics.csv,3.375697544642857
3540,1.856503808,3.193359375,0.0003889285714285,historical,raw/600m-dagformer_historical_metrics.csv,3.3630487351190474
3550,1.861746688,3.3095703125,0.0003887276785714,historical,raw/600m-dagformer_historical_metrics.csv,3.3679315476190474
3560,1.866989568,3.2578125,0.0003885267857142,historical,raw/600m-dagformer_historical_metrics.csv,3.3658389136904763
3570,1.872232448,3.7255859375,0.0003883258928571,historical,raw/600m-dagformer_historical_metrics.csv,3.3867652529761907
3580,1.877475328,3.365234375,0.000388125,historical,raw/600m-dagformer_historical_metrics.csv,3.3912295386904763
3590,1.882718208,3.6953125,0.0003879241071428,historical,raw/600m-dagformer_historical_metrics.csv,3.4115513392857144
3600,1.887961088,3.34765625,0.0003877232142857,historical,raw/600m-dagformer_historical_metrics.csv,3.4134114583333335
3610,1.893203968,3.384765625,0.0003875223214285,historical,raw/600m-dagformer_historical_metrics.csv,3.4107607886904763
3620,1.898446848,3.458984375,0.0003873214285714,historical,raw/600m-dagformer_historical_metrics.csv,3.4086681547619047
3630,1.903689728,3.2353515625,0.0003871205357142,historical,raw/600m-dagformer_historical_metrics.csv,3.3954613095238093
3640,1.908932608,3.4287109375,0.0003869196428571,historical,raw/600m-dagformer_historical_metrics.csv,3.4029947916666665
3650,1.914175488,3.9892578125,0.0003867187499999,historical,raw/600m-dagformer_historical_metrics.csv,3.4315011160714284
3660,1.919418368,3.5322265625,0.0003865178571428,historical,raw/600m-dagformer_historical_metrics.csv,3.4414527529761907
3670,1.924661248,3.3544921875,0.0003863169642857,historical,raw/600m-dagformer_historical_metrics.csv,3.4429408482142856
3680,1.929904128,3.27734375,0.0003861160714285,historical,raw/600m-dagformer_historical_metrics.csv,3.433314732142857
3690,1.935147008,3.5966796875,0.0003859151785714,historical,raw/600m-dagformer_historical_metrics.csv,3.438569568452381
3700,1.940389888,2.6162109375,0.0003857142857142,historical,raw/600m-dagformer_historical_metrics.csv,3.4140625
3710,1.945632768,2.662109375,0.0003855133928571,historical,raw/600m-dagformer_historical_metrics.csv,3.3752325148809526
3720,1.950875648,3.77734375,0.0003853124999999,historical,raw/600m-dagformer_historical_metrics.csv,3.388578869047619
3730,1.956118528,3.7060546875,0.0003851116071428,historical,raw/600m-dagformer_historical_metrics.csv,3.3942057291666665
3740,1.961361408,3.5419921875,0.0003849107142857,historical,raw/600m-dagformer_historical_metrics.csv,3.4026692708333335
3750,1.966604288,3.5263671875,0.0003847098214285,historical,raw/600m-dagformer_historical_metrics.csv,3.4185267857142856
3760,1.971847168,3.791015625,0.0003845089285714,historical,raw/600m-dagformer_historical_metrics.csv,3.4414527529761907
3770,1.977090048,3.5185546875,0.0003843080357142,historical,raw/600m-dagformer_historical_metrics.csv,3.4538690476190474
3780,1.982332928,3.49609375,0.0003841071428571,historical,raw/600m-dagformer_historical_metrics.csv,3.4429408482142856
3790,1.987575808,3.4951171875,0.00038390625,historical,raw/600m-dagformer_historical_metrics.csv,3.449125744047619
3800,1.992818688,3.2177734375,0.0003837053571428,historical,raw/600m-dagformer_historical_metrics.csv,3.4263857886904763
3810,1.998061568,3.2900390625,0.0003835044642857,historical,raw/600m-dagformer_historical_metrics.csv,3.423642113095238
3820,2.003304448,2.9970703125,0.0003833035714285,historical,raw/600m-dagformer_historical_metrics.csv,3.405180431547619
3830,2.008547328,3.1689453125,0.0003831026785714,historical,raw/600m-dagformer_historical_metrics.csv,3.3913690476190474
3840,2.013790208,3.115234375,0.0003829017857142,historical,raw/600m-dagformer_historical_metrics.csv,3.385649181547619
3850,2.019033088,3.921875,0.0003827008928571,historical,raw/600m-dagformer_historical_metrics.csv,3.4091331845238093
3860,2.024275968,3.287109375,0.0003825,historical,raw/600m-dagformer_historical_metrics.csv,3.375697544642857
3870,2.029518848,3.376953125,0.0003822991071428,historical,raw/600m-dagformer_historical_metrics.csv,3.3683035714285716
3880,2.034761728,3.193359375,0.0003820982142857,historical,raw/600m-dagformer_historical_metrics.csv,3.360630580357143
3890,2.040004608,3.5146484375,0.0003818973214285,historical,raw/600m-dagformer_historical_metrics.csv,3.3719308035714284
3900,2.045247488,3.875,0.0003816964285714,historical,raw/600m-dagformer_historical_metrics.csv,3.3851841517857144
3910,2.050490368,2.65771484375,0.0003814955357142,historical,raw/600m-dagformer_historical_metrics.csv,3.3871605282738093
3920,2.055733248,3.072265625,0.0003812946428571,historical,raw/600m-dagformer_historical_metrics.csv,3.4066917782738093
3930,2.060976128,3.5224609375,0.00038109375,historical,raw/600m-dagformer_historical_metrics.csv,3.3945545014880953
3940,2.066219008,3.1923828125,0.0003808928571428,historical,raw/600m-dagformer_historical_metrics.csv,3.3700939360119047
3950,2.071461888,3.40234375,0.0003806919642857,historical,raw/600m-dagformer_historical_metrics.csv,3.3634440104166665
3960,2.076704768,3.10546875,0.0003804910714285,historical,raw/600m-dagformer_historical_metrics.csv,3.3434012276785716
3970,2.081947648,3.2626953125,0.0003802901785714,historical,raw/600m-dagformer_historical_metrics.csv,3.3182431175595237
3980,2.087190528,3.208984375,0.0003800892857142,historical,raw/600m-dagformer_historical_metrics.csv,3.303501674107143
3990,2.092433408,3.298828125,0.0003798883928571,historical,raw/600m-dagformer_historical_metrics.csv,3.2941080729166665
4000,2.097676288,3.3017578125,0.0003796875,historical,raw/600m-dagformer_historical_metrics.csv,3.2849004836309526
4010,2.102919168,3.2421875,0.0003794866071428,historical,raw/600m-dagformer_historical_metrics.csv,3.2860630580357144
4020,2.108162048,3.30078125,0.0003792857142857,historical,raw/600m-dagformer_historical_metrics.csv,3.2865745907738093
4030,2.113404928,3.3212890625,0.0003790848214285,historical,raw/600m-dagformer_historical_metrics.csv,3.3020135788690474
4040,2.118647808,3.2109375,0.0003788839285714,historical,raw/600m-dagformer_historical_metrics.csv,3.304013206845238
4050,2.123890688,3.125,0.0003786830357142,historical,raw/600m-dagformer_historical_metrics.csv,3.304478236607143
4060,2.129133568,3.1025390625,0.0003784821428571,historical,raw/600m-dagformer_historical_metrics.csv,3.2654622395833335
4070,2.134376448,3.0576171875,0.00037828125,historical,raw/600m-dagformer_historical_metrics.csv,3.2545340401785716
4080,2.139619328,3.2373046875,0.0003780803571428,historical,raw/600m-dagformer_historical_metrics.csv,3.2478841145833335
4090,2.144862208,3.142578125,0.0003778794642857,historical,raw/600m-dagformer_historical_metrics.csv,3.2454659598214284
4100,2.150105088,3.3203125,0.0003776785714285,historical,raw/600m-dagformer_historical_metrics.csv,3.2362118675595237
4110,2.155347968,3.2734375,0.0003774776785714,historical,raw/600m-dagformer_historical_metrics.csv,3.2075660342261907
4120,2.160590848,2.962890625,0.0003772767857142,historical,raw/600m-dagformer_historical_metrics.csv,3.2220982142857144
4130,2.165833728,3.21875,0.0003770758928571,historical,raw/600m-dagformer_historical_metrics.csv,3.2290736607142856
4140,2.171076608,3.2578125,0.000376875,historical,raw/600m-dagformer_historical_metrics.csv,3.2164713541666665
4150,2.176319488,3.068359375,0.0003766741071428,historical,raw/600m-dagformer_historical_metrics.csv,3.2105654761904763
4160,2.181562368,3.6630859375,0.0003764732142857,historical,raw/600m-dagformer_historical_metrics.csv,3.2229817708333335
4170,2.186805248,3.236328125,0.0003762723214285,historical,raw/600m-dagformer_historical_metrics.csv,3.229213169642857
4180,2.192048128,3.3076171875,0.0003760714285714,historical,raw/600m-dagformer_historical_metrics.csv,3.231352306547619
4190,2.197291008,3.2880859375,0.0003758705357142,historical,raw/600m-dagformer_historical_metrics.csv,3.2351190476190474
4200,2.202533888,3.2255859375,0.0003756696428571,historical,raw/600m-dagformer_historical_metrics.csv,3.231631324404762
4210,2.207776768,3.505859375,0.00037546875,historical,raw/600m-dagformer_historical_metrics.csv,3.2413504464285716
4220,2.213019648,3.220703125,0.0003752678571428,historical,raw/600m-dagformer_historical_metrics.csv,3.240327380952381
4230,2.218262528,3.17578125,0.0003750669642857,historical,raw/600m-dagformer_historical_metrics.csv,3.234375
4240,2.223505408,2.958984375,0.0003748660714285,historical,raw/600m-dagformer_historical_metrics.csv,3.2171223958333335
4250,2.228748288,3.4775390625,0.0003746651785714,historical,raw/600m-dagformer_historical_metrics.csv,3.2298177083333335
4260,2.233991168,3.1376953125,0.0003744642857142,historical,raw/600m-dagformer_historical_metrics.csv,3.2304222470238093
4270,2.239234048,3.1318359375,0.0003742633928571,historical,raw/600m-dagformer_historical_metrics.csv,3.2318173363095237
4280,2.244476928,3.4873046875,0.0003740625,historical,raw/600m-dagformer_historical_metrics.csv,3.2522786458333335
4290,2.249719808,3.1513671875,0.0003738616071428,historical,raw/600m-dagformer_historical_metrics.csv,3.2481863839285716
4300,2.254962688,3.00390625,0.0003736607142857,historical,raw/600m-dagformer_historical_metrics.csv,3.2415829613095237
4310,2.260205568,3.1923828125,0.0003734598214285,historical,raw/600m-dagformer_historical_metrics.csv,3.2354910714285716
4320,2.265448448,3.3544921875,0.0003732589285714,historical,raw/600m-dagformer_historical_metrics.csv,3.239350818452381
4330,2.270691328,2.888671875,0.0003730580357142,historical,raw/600m-dagformer_historical_metrics.csv,3.2358165922619047
4340,2.275934208,3.505859375,0.0003728571428571,historical,raw/600m-dagformer_historical_metrics.csv,3.2494884672619047
4350,2.281177088,3.287109375,0.00037265625,historical,raw/600m-dagformer_historical_metrics.csv,3.250883556547619
4360,2.286419968,3.2744140625,0.0003724553571428,historical,raw/600m-dagformer_historical_metrics.csv,3.2606956845238093
4370,2.291662848,3.2060546875,0.0003722544642857,historical,raw/600m-dagformer_historical_metrics.csv,3.2389322916666665
4380,2.296905728,3.5341796875,0.0003720535714285,historical,raw/600m-dagformer_historical_metrics.csv,3.253115699404762
4390,2.302148608,2.3857421875,0.0003718526785714,historical,raw/600m-dagformer_historical_metrics.csv,3.2092168898809526
4400,2.307391488,2.5205078125,0.0003716517857142,historical,raw/600m-dagformer_historical_metrics.csv,3.172665550595238
4410,2.312634368,3.54296875,0.0003714508928571,historical,raw/600m-dagformer_historical_metrics.csv,3.187779017857143
4420,2.317877248,3.671875,0.0003712499999999,historical,raw/600m-dagformer_historical_metrics.csv,3.1956845238095237
4430,2.323120128,3.21484375,0.0003710491071428,historical,raw/600m-dagformer_historical_metrics.csv,3.195405505952381
4440,2.328363008,3.373046875,0.0003708482142857,historical,raw/600m-dagformer_historical_metrics.csv,3.204799107142857
4450,2.333605888,3.4072265625,0.0003706473214285,historical,raw/600m-dagformer_historical_metrics.csv,3.2261439732142856
4460,2.338848768,3.576171875,0.0003704464285714,historical,raw/600m-dagformer_historical_metrics.csv,3.2308407738095237
4470,2.344091648,3.326171875,0.0003702455357142,historical,raw/600m-dagformer_historical_metrics.csv,3.2398158482142856
4480,2.349334528,3.234375,0.0003700446428571,historical,raw/600m-dagformer_historical_metrics.csv,3.2446986607142856
4490,2.354577408,3.2236328125,0.00036984375,historical,raw/600m-dagformer_historical_metrics.csv,3.232142857142857
4500,2.359820288,3.337890625,0.0003696428571428,historical,raw/600m-dagformer_historical_metrics.csv,3.241024925595238
4510,2.365063168,2.89453125,0.0003694419642857,historical,raw/600m-dagformer_historical_metrics.csv,3.2358165922619047
4520,2.370306048,3.427734375,0.0003692410714285,historical,raw/600m-dagformer_historical_metrics.csv,3.2470238095238093
4530,2.375548928,3.2705078125,0.0003690401785714,historical,raw/600m-dagformer_historical_metrics.csv,3.2430245535714284
4540,2.380791808,3.341796875,0.0003688392857142,historical,raw/600m-dagformer_historical_metrics.csv,3.2646019345238093
4550,2.386034688,3.5693359375,0.0003686383928571,historical,raw/600m-dagformer_historical_metrics.csv,3.2676246279761907
4560,2.391277568,3.31640625,0.0003684375,historical,raw/600m-dagformer_historical_metrics.csv,3.2690197172619047
4570,2.396520448,3.2666015625,0.0003682366071428,historical,raw/600m-dagformer_historical_metrics.csv,3.268647693452381
4580,2.401763328,3.201171875,0.0003680357142857,historical,raw/600m-dagformer_historical_metrics.csv,3.2684151785714284
4590,2.407006208,3.0869140625,0.0003678348214285,historical,raw/600m-dagformer_historical_metrics.csv,3.2471168154761907
4600,2.412249088,3.142578125,0.0003676339285714,historical,raw/600m-dagformer_historical_metrics.csv,3.2831566220238093
4610,2.417491968,2.8837890625,0.0003674330357142,historical,raw/600m-dagformer_historical_metrics.csv,3.3004557291666665
4620,2.422734848,3.5546875,0.0003672321428571,historical,raw/600m-dagformer_historical_metrics.csv,3.3010137648809526
4630,2.427977728,3.998046875,0.00036703125,historical,raw/600m-dagformer_historical_metrics.csv,3.3165457589285716
4640,2.433220608,3.1611328125,0.0003668303571428,historical,raw/600m-dagformer_historical_metrics.csv,3.3139880952380953
4650,2.438463488,3.4677734375,0.0003666294642857,historical,raw/600m-dagformer_historical_metrics.csv,3.3184988839285716
4660,2.443706368,3.42578125,0.0003664285714285,historical,raw/600m-dagformer_historical_metrics.csv,3.3193824404761907
4670,2.448949248,3.7431640625,0.0003662276785714,historical,raw/600m-dagformer_historical_metrics.csv,3.327334449404762
4680,2.454192128,3.25,0.0003660267857142,historical,raw/600m-dagformer_historical_metrics.csv,3.3237072172619047
4690,2.459435008,2.9736328125,0.0003658258928571,historical,raw/600m-dagformer_historical_metrics.csv,3.3112909226190474
4700,2.464677888,3.2451171875,0.000365625,historical,raw/600m-dagformer_historical_metrics.csv,3.312313988095238
4710,2.469920768,3.2333984375,0.0003654241071428,historical,raw/600m-dagformer_historical_metrics.csv,3.307338169642857
4720,2.475163648,3.0810546875,0.0003652232142857,historical,raw/600m-dagformer_historical_metrics.csv,3.316220238095238
4730,2.480406528,3.021484375,0.0003650223214285,historical,raw/600m-dagformer_historical_metrics.csv,3.296875
4740,2.485649408,3.33203125,0.0003648214285714,historical,raw/600m-dagformer_historical_metrics.csv,3.2998046875
4750,2.490892288,3.3779296875,0.0003646205357142,historical,raw/600m-dagformer_historical_metrics.csv,3.3015252976190474
4760,2.496135168,3.4267578125,0.0003644196428571,historical,raw/600m-dagformer_historical_metrics.csv,3.294735863095238
4770,2.501378048,3.2802734375,0.0003642187499999,historical,raw/600m-dagformer_historical_metrics.csv,3.2930152529761907
4780,2.506620928,3.4453125,0.0003640178571428,historical,raw/600m-dagformer_historical_metrics.csv,3.3015252976190474
4790,2.511863808,3.2587890625,0.0003638169642857,historical,raw/600m-dagformer_historical_metrics.csv,3.3042689732142856
4800,2.517106688,3.3134765625,0.0003636160714285,historical,raw/600m-dagformer_historical_metrics.csv,3.3150576636904763
4810,2.522349568,3.4228515625,0.0003634151785714,historical,raw/600m-dagformer_historical_metrics.csv,3.328404017857143
4820,2.527592448,3.4033203125,0.0003632142857142,historical,raw/600m-dagformer_historical_metrics.csv,3.3531436011904763
4830,2.532835328,3.3935546875,0.0003630133928571,historical,raw/600m-dagformer_historical_metrics.csv,3.3454706101190474
4840,2.538078208,3.2529296875,0.0003628125,historical,raw/600m-dagformer_historical_metrics.csv,3.3099888392857144
4850,2.543321088,3.2822265625,0.0003626116071428,historical,raw/600m-dagformer_historical_metrics.csv,3.3157552083333335
4860,2.548563968,3.2958984375,0.0003624107142857,historical,raw/600m-dagformer_historical_metrics.csv,3.3075706845238093
4870,2.553806848,3.39453125,0.0003622098214285,historical,raw/600m-dagformer_historical_metrics.csv,3.3060825892857144
4880,2.559049728,3.1953125,0.0003620089285714,historical,raw/600m-dagformer_historical_metrics.csv,3.279994419642857
4890,2.564292608,3.43359375,0.0003618080357142,historical,raw/600m-dagformer_historical_metrics.csv,3.2887369791666665
4900,2.569535488,3.662109375,0.0003616071428571,historical,raw/600m-dagformer_historical_metrics.csv,3.3215215773809526
4910,2.574778368,3.1220703125,0.0003614062499999,historical,raw/600m-dagformer_historical_metrics.csv,3.3156622023809526
4920,2.580021248,3.51171875,0.0003612053571428,historical,raw/600m-dagformer_historical_metrics.csv,3.328915550595238
4930,2.585264128,3.84765625,0.0003610044642857,historical,raw/600m-dagformer_historical_metrics.csv,3.365420386904762
4940,2.590507008,2.9013671875,0.0003608035714285,historical,raw/600m-dagformer_historical_metrics.csv,3.3597005208333335
4950,2.595749888,3.4521484375,0.0003606026785714,historical,raw/600m-dagformer_historical_metrics.csv,3.365420386904762
4960,2.600992768,3.205078125,0.0003604017857142,historical,raw/600m-dagformer_historical_metrics.csv,3.3571893601190474
4970,2.606235648,3.2841796875,0.0003602008928571,historical,raw/600m-dagformer_historical_metrics.csv,3.350399925595238
4980,2.611478528,3.251953125,0.00036,historical,raw/600m-dagformer_historical_metrics.csv,3.3490513392857144
4990,2.616721408,2.6328125,0.0003597991071428,historical,raw/600m-dagformer_historical_metrics.csv,3.310360863095238
5000,2.621964288,2.9365234375,0.0003595982142857,historical,raw/600m-dagformer_historical_metrics.csv,3.295014880952381
5010,2.627207168,3.419921875,0.0003593973214285,historical,raw/600m-dagformer_historical_metrics.csv,3.300083705357143
5020,2.632450048,2.9033203125,0.0003591964285714,historical,raw/600m-dagformer_historical_metrics.csv,3.2753441220238093
5030,2.637692928,2.140625,0.0003589955357142,historical,raw/600m-dagformer_historical_metrics.csv,3.2152157738095237
5040,2.642935808,2.20361328125,0.0003587946428571,historical,raw/600m-dagformer_historical_metrics.csv,3.1585518973214284
5050,2.648178688,3.3271484375,0.0003585937499999,historical,raw/600m-dagformer_historical_metrics.csv,3.1620861235119047
5060,2.653421568,3.404296875,0.0003583928571428,historical,raw/600m-dagformer_historical_metrics.csv,3.1678989955357144
5070,2.658664448,3.384765625,0.0003581919642857,historical,raw/600m-dagformer_historical_metrics.csv,3.1721307663690474
5080,2.663907328,3.330078125,0.0003579910714285,historical,raw/600m-dagformer_historical_metrics.csv,3.1690615699404763
5090,2.669150208,3.490234375,0.0003577901785714,historical,raw/600m-dagformer_historical_metrics.csv,3.18310546875
5100,2.674393088,3.3515625,0.0003575892857142,historical,raw/600m-dagformer_historical_metrics.csv,3.17919921875
5110,2.679635968,3.248046875,0.0003573883928571,historical,raw/600m-dagformer_historical_metrics.csv,3.159481956845238
5120,2.684878848,3.3515625,0.0003571875,historical,raw/600m-dagformer_historical_metrics.csv,3.17041015625
5130,2.690121728,3.435546875,0.0003569866071428,historical,raw/600m-dagformer_historical_metrics.csv,3.166782924107143
5140,2.695364608,3.2216796875,0.0003567857142857,historical,raw/600m-dagformer_historical_metrics.csv,3.1369745163690474
5150,2.700607488,3.421875,0.0003565848214285,historical,raw/600m-dagformer_historical_metrics.csv,3.1617606026785716
5160,2.705850368,3.3544921875,0.0003563839285714,historical,raw/600m-dagformer_historical_metrics.csv,3.1571103050595237
5170,2.711093248,3.083984375,0.0003561830357142,historical,raw/600m-dagformer_historical_metrics.csv,3.1513439360119047
5180,2.716336128,3.291015625,0.0003559821428571,historical,raw/600m-dagformer_historical_metrics.csv,3.151669456845238
5190,2.721579008,2.9140625,0.00035578125,historical,raw/600m-dagformer_historical_metrics.csv,3.1355794270833335
5200,2.726821888,3.421875,0.0003555803571428,historical,raw/600m-dagformer_historical_metrics.csv,3.173153831845238
5210,2.732064768,3.2392578125,0.0003553794642857,historical,raw/600m-dagformer_historical_metrics.csv,3.1875697544642856
5220,2.737307648,3.03515625,0.0003551785714285,historical,raw/600m-dagformer_historical_metrics.csv,3.169247581845238
5230,2.742550528,3.4404296875,0.0003549776785714,historical,raw/600m-dagformer_historical_metrics.csv,3.19482421875
5240,2.747793408,3.47265625,0.0003547767857142,historical,raw/600m-dagformer_historical_metrics.csv,3.2582542782738093
5250,2.753036288,3.2509765625,0.0003545758928571,historical,raw/600m-dagformer_historical_metrics.csv,3.3081287202380953
5260,2.758279168,3.2587890625,0.000354375,historical,raw/600m-dagformer_historical_metrics.csv,3.304873511904762
5270,2.763522048,3.2666015625,0.0003541741071428,historical,raw/600m-dagformer_historical_metrics.csv,3.2983165922619047
5280,2.768764928,3.1435546875,0.0003539732142857,historical,raw/600m-dagformer_historical_metrics.csv,3.286830357142857
5290,2.774007808,2.9296875,0.0003537723214285,historical,raw/600m-dagformer_historical_metrics.csv,3.267764136904762
5300,2.779250688,2.982421875,0.0003535714285714,historical,raw/600m-dagformer_historical_metrics.csv,3.2435825892857144
5310,2.784493568,3.193359375,0.0003533705357142,historical,raw/600m-dagformer_historical_metrics.csv,3.236049107142857
5320,2.789736448,3.0234375,0.0003531696428571,historical,raw/600m-dagformer_historical_metrics.csv,3.2253534226190474
5330,2.794979328,3.251953125,0.00035296875,historical,raw/600m-dagformer_historical_metrics.csv,3.220610119047619
5340,2.800222208,3.4775390625,0.0003527678571428,historical,raw/600m-dagformer_historical_metrics.csv,3.2226097470238093
5350,2.805465088,3.1181640625,0.0003525669642857,historical,raw/600m-dagformer_historical_metrics.csv,3.217680431547619
5360,2.810707968,3.1396484375,0.0003523660714285,historical,raw/600m-dagformer_historical_metrics.csv,3.2042410714285716
5370,2.815950848,2.8759765625,0.0003521651785714,historical,raw/600m-dagformer_historical_metrics.csv,3.181454613095238
5380,2.821193728,3.2900390625,0.0003519642857142,historical,raw/600m-dagformer_historical_metrics.csv,3.1912667410714284
5390,2.826436608,2.9375,0.0003517633928571,historical,raw/600m-dagformer_historical_metrics.csv,3.1744326636904763
5400,2.831679488,2.7978515625,0.0003515625,historical,raw/600m-dagformer_historical_metrics.csv,3.1688988095238093
5410,2.836922368,3.0966796875,0.0003513616071428,historical,raw/600m-dagformer_historical_metrics.csv,3.153413318452381
5420,2.842165248,2.9873046875,0.0003511607142857,historical,raw/600m-dagformer_historical_metrics.csv,3.141415550595238
5430,2.847408128,2.9091796875,0.0003509598214285,historical,raw/600m-dagformer_historical_metrics.csv,3.1354166666666665
5440,2.852651008,2.76171875,0.0003507589285714,historical,raw/600m-dagformer_historical_metrics.csv,3.1030970982142856
5450,2.857893888,3.146484375,0.0003505580357142,historical,raw/600m-dagformer_historical_metrics.csv,3.0875651041666665
5460,2.863136768,3.21484375,0.0003503571428571,historical,raw/600m-dagformer_historical_metrics.csv,3.085844494047619
5470,2.868379648,3.330078125,0.00035015625,historical,raw/600m-dagformer_historical_metrics.csv,3.0892392113095237
5480,2.873622528,3.16796875,0.0003499553571428,historical,raw/600m-dagformer_historical_metrics.csv,3.0845424107142856
5490,2.878865408,3.2841796875,0.0003497544642857,historical,raw/600m-dagformer_historical_metrics.csv,3.0912388392857144
5500,2.884108288,3.1728515625,0.0003495535714285,historical,raw/600m-dagformer_historical_metrics.csv,3.102818080357143
5510,2.889351168,3.21875,0.0003493526785714,historical,raw/600m-dagformer_historical_metrics.csv,3.114071800595238
5520,2.894594048,3.2587890625,0.0003491517857142,historical,raw/600m-dagformer_historical_metrics.csv,3.1171875
5530,2.899836928,3.32421875,0.0003489508928571,historical,raw/600m-dagformer_historical_metrics.csv,3.1315104166666665
5540,2.905079808,3.1953125,0.00034875,historical,raw/600m-dagformer_historical_metrics.csv,3.128813244047619
5550,2.910322688,3.1953125,0.0003485491071428,historical,raw/600m-dagformer_historical_metrics.csv,3.1153738839285716
5560,2.915565568,3.10546875,0.0003483482142857,historical,raw/600m-dagformer_historical_metrics.csv,3.1147693452380953
5570,2.920808448,3.3349609375,0.0003481473214285,historical,raw/600m-dagformer_historical_metrics.csv,3.1240699404761907
5580,2.926051328,3.5107421875,0.0003479464285714,historical,raw/600m-dagformer_historical_metrics.csv,3.154296875
5590,2.931294208,3.1494140625,0.0003477455357142,historical,raw/600m-dagformer_historical_metrics.csv,3.1476004464285716
5600,2.936537088,3.3125,0.0003475446428571,historical,raw/600m-dagformer_historical_metrics.csv,3.1654575892857144
5610,2.941779968,3.5234375,0.00034734375,historical,raw/600m-dagformer_historical_metrics.csv,3.200009300595238
5620,2.947022848,2.841796875,0.0003471428571428,historical,raw/600m-dagformer_historical_metrics.csv,3.1878720238095237
5630,2.952265728,3.4462890625,0.0003469419642857,historical,raw/600m-dagformer_historical_metrics.csv,3.2097284226190474
5640,2.957508608,3.291015625,0.0003467410714285,historical,raw/600m-dagformer_historical_metrics.csv,3.2279110863095237
5650,2.962751488,2.962890625,0.0003465401785714,historical,raw/600m-dagformer_historical_metrics.csv,3.237490699404762
5660,2.967994368,3.0908203125,0.0003463392857142,historical,raw/600m-dagformer_historical_metrics.csv,3.2348400297619047
5670,2.973237248,3.0791015625,0.0003461383928571,historical,raw/600m-dagformer_historical_metrics.csv,3.2283761160714284
5680,2.978480128,3.2451171875,0.0003459375,historical,raw/600m-dagformer_historical_metrics.csv,3.224330357142857
5690,2.983723008,3.1875,0.0003457366071428,historical,raw/600m-dagformer_historical_metrics.csv,3.2252604166666665
5700,2.988965888,2.5859375,0.0003455357142857,historical,raw/600m-dagformer_historical_metrics.csv,3.1920107886904763
5710,2.994208768,2.8642578125,0.0003453348214285,historical,raw/600m-dagformer_historical_metrics.csv,3.1773158482142856
5720,2.999451648,3.08984375,0.0003451339285714,historical,raw/600m-dagformer_historical_metrics.csv,3.171177455357143
5730,3.004694528,1.8583984375,0.0003449330357142,historical,raw/600m-dagformer_historical_metrics.csv,3.1044921875
5740,3.009937408,1.5751953125,0.0003447321428571,historical,raw/600m-dagformer_historical_metrics.csv,3.021205357142857
5750,3.015180288,2.255859375,0.00034453125,historical,raw/600m-dagformer_historical_metrics.csv,2.976469494047619
5760,3.020423168,3.2509765625,0.0003443303571428,historical,raw/600m-dagformer_historical_metrics.csv,2.9791201636904763
5770,3.025666048,3.400390625,0.0003441294642857,historical,raw/600m-dagformer_historical_metrics.csv,2.9931640625
5780,3.030908928,3.1962890625,0.0003439285714285,historical,raw/600m-dagformer_historical_metrics.csv,2.9865606398809526
5790,3.036151808,3.25390625,0.0003437276785714,historical,raw/600m-dagformer_historical_metrics.csv,2.974330357142857
5800,3.041394688,3.3974609375,0.0003435267857142,historical,raw/600m-dagformer_historical_metrics.csv,2.986142113095238
5810,3.046637568,3.265625,0.0003433258928571,historical,raw/600m-dagformer_historical_metrics.csv,2.9839099702380953
5820,3.051880448,3.1953125,0.0003431249999999,historical,raw/600m-dagformer_historical_metrics.csv,2.9682849702380953
5830,3.057123328,3.1728515625,0.0003429241071428,historical,raw/600m-dagformer_historical_metrics.csv,2.9840494791666665
5840,3.062366208,3.08984375,0.0003427232142857,historical,raw/600m-dagformer_historical_metrics.csv,2.967075892857143
5850,3.067609088,3.015625,0.0003425223214285,historical,raw/600m-dagformer_historical_metrics.csv,2.9539620535714284
5860,3.072851968,3.146484375,0.0003423214285714,historical,raw/600m-dagformer_historical_metrics.csv,2.962704613095238
5870,3.078094848,3.3291015625,0.0003421205357142,historical,raw/600m-dagformer_historical_metrics.csv,2.9740513392857144
5880,3.083337728,2.9716796875,0.0003419196428571,historical,raw/600m-dagformer_historical_metrics.csv,2.968936011904762
5890,3.088580608,2.8486328125,0.00034171875,historical,raw/600m-dagformer_historical_metrics.csv,2.9500558035714284
5900,3.093823488,2.74462890625,0.0003415178571428,historical,raw/600m-dagformer_historical_metrics.csv,2.9289667038690474
5910,3.099066368,3.400390625,0.0003413169642857,historical,raw/600m-dagformer_historical_metrics.csv,2.9677501860119047
5920,3.104309248,3.1005859375,0.0003411160714285,historical,raw/600m-dagformer_historical_metrics.csv,2.97900390625
5930,3.109552128,2.9208984375,0.0003409151785714,historical,raw/600m-dagformer_historical_metrics.csv,2.9709588913690474
5940,3.114795008,3.150390625,0.0003407142857142,historical,raw/600m-dagformer_historical_metrics.csv,3.0324823288690474
5950,3.120037888,3.2783203125,0.0003405133928571,historical,raw/600m-dagformer_historical_metrics.csv,3.113583519345238
5960,3.125280768,3.0810546875,0.0003403124999999,historical,raw/600m-dagformer_historical_metrics.csv,3.1528785342261907
5970,3.130523648,3.28125,0.0003401116071428,historical,raw/600m-dagformer_historical_metrics.csv,3.1543201264880953
5980,3.135766528,3.30859375,0.0003399107142857,historical,raw/600m-dagformer_historical_metrics.csv,3.1499488467261907
5990,3.141009408,3.6357421875,0.0003397098214285,historical,raw/600m-dagformer_historical_metrics.csv,3.1708751860119047
6000,3.146252288,3.3662109375,0.0003395089285714,historical,raw/600m-dagformer_historical_metrics.csv,3.1762230282738093
6010,3.151495168,3.45703125,0.0003393080357142,historical,raw/600m-dagformer_historical_metrics.csv,3.1790597098214284
6020,3.156738048,3.39453125,0.0003391071428571,historical,raw/600m-dagformer_historical_metrics.csv,3.1851981026785716
6030,3.161980928,3.55078125,0.00033890625,historical,raw/600m-dagformer_historical_metrics.csv,3.2021251860119047
6040,3.167223808,3.267578125,0.0003387053571428,historical,raw/600m-dagformer_historical_metrics.csv,3.206635974702381
6050,3.172466688,3.1943359375,0.0003385044642857,historical,raw/600m-dagformer_historical_metrics.csv,3.211611793154762
6060,3.177709568,3.595703125,0.0003383035714285,historical,raw/600m-dagformer_historical_metrics.csv,3.2392345610119047
6070,3.182952448,3.3916015625,0.0003381026785714,historical,raw/600m-dagformer_historical_metrics.csv,3.2509068080357144
6080,3.188195328,3.4462890625,0.0003379017857142,historical,raw/600m-dagformer_historical_metrics.csv,3.2564871651785716
6090,3.193438208,3.3134765625,0.0003377008928571,historical,raw/600m-dagformer_historical_metrics.csv,3.272763206845238
6100,3.198681088,2.5263671875,0.0003375,historical,raw/600m-dagformer_historical_metrics.csv,3.257417224702381
6110,3.203923968,4.1015625,0.0003372991071428,historical,raw/600m-dagformer_historical_metrics.csv,3.3220331101190474
6120,3.209166848,3.3447265625,0.0003370982142857,historical,raw/600m-dagformer_historical_metrics.csv,3.3193824404761907
6130,3.214409728,3.4873046875,0.0003368973214285,historical,raw/600m-dagformer_historical_metrics.csv,3.337797619047619
6140,3.219652608,3.115234375,0.0003366964285714,historical,raw/600m-dagformer_historical_metrics.csv,3.3470517113095237
6150,3.224895488,3.224609375,0.0003364955357142,historical,raw/600m-dagformer_historical_metrics.csv,3.3505859375
6160,3.230138368,3.3115234375,0.0003362946428571,historical,raw/600m-dagformer_historical_metrics.csv,3.3521670386904763
6170,3.235381248,3.2041015625,0.0003360937499999,historical,raw/600m-dagformer_historical_metrics.csv,3.3580264136904763
6180,3.240624128,3.158203125,0.0003358928571428,historical,raw/600m-dagformer_historical_metrics.csv,3.3521670386904763
6190,3.245867008,2.310546875,0.0003356919642857,historical,raw/600m-dagformer_historical_metrics.csv,3.3046409970238093
6200,3.251109888,3.2060546875,0.0003354910714285,historical,raw/600m-dagformer_historical_metrics.csv,3.2841796875
6210,3.256352768,4.033203125,0.0003352901785714,historical,raw/600m-dagformer_historical_metrics.csv,3.3159412202380953
6220,3.261595648,3.3017578125,0.0003350892857142,historical,raw/600m-dagformer_historical_metrics.csv,3.3085472470238093
6230,3.266838528,3.4912109375,0.0003348883928571,historical,raw/600m-dagformer_historical_metrics.csv,3.3131510416666665
6240,3.272081408,3.2314453125,0.0003346875,historical,raw/600m-dagformer_historical_metrics.csv,3.297944568452381
6250,3.277324288,3.5048828125,0.0003344866071428,historical,raw/600m-dagformer_historical_metrics.csv,3.3092447916666665
6260,3.282567168,4.2666015625,0.0003342857142857,historical,raw/600m-dagformer_historical_metrics.csv,3.3603050595238093
6270,3.287810048,3.3564453125,0.0003340848214285,historical,raw/600m-dagformer_historical_metrics.csv,3.348911830357143
6280,3.293052928,3.27734375,0.0003338839285714,historical,raw/600m-dagformer_historical_metrics.csv,3.343470982142857
6290,3.298295808,3.171875,0.0003336830357142,historical,raw/600m-dagformer_historical_metrics.csv,3.3304036458333335
6300,3.303538688,3.30859375,0.0003334821428571,historical,raw/600m-dagformer_historical_metrics.csv,3.330171130952381
6310,3.308781568,2.9462890625,0.00033328125,historical,raw/600m-dagformer_historical_metrics.csv,3.3501674107142856
6320,3.314024448,3.3623046875,0.0003330803571428,historical,raw/600m-dagformer_historical_metrics.csv,3.3149646577380953
6330,3.319267328,3.298828125,0.0003328794642857,historical,raw/600m-dagformer_historical_metrics.csv,3.312779017857143
6340,3.324510208,3.1904296875,0.0003326785714285,historical,raw/600m-dagformer_historical_metrics.csv,3.298642113095238
6350,3.329753088,3.2138671875,0.0003324776785714,historical,raw/600m-dagformer_historical_metrics.csv,3.3033389136904763
6360,3.334995968,3.4287109375,0.0003322767857142,historical,raw/600m-dagformer_historical_metrics.csv,3.3130580357142856
6370,3.340238848,3.2705078125,0.0003320758928571,historical,raw/600m-dagformer_historical_metrics.csv,3.3111049107142856
6380,3.345481728,3.552734375,0.000331875,historical,raw/600m-dagformer_historical_metrics.csv,3.3277064732142856
6390,3.350724608,3.6669921875,0.0003316741071428,historical,raw/600m-dagformer_historical_metrics.csv,3.3519345238095237
6400,3.355967488,3.2314453125,0.0003314732142857,historical,raw/600m-dagformer_historical_metrics.csv,3.395786830357143
6410,3.361210368,3.087890625,0.0003312723214285,historical,raw/600m-dagformer_historical_metrics.csv,3.3901599702380953
6420,3.366453248,3.2998046875,0.0003310714285714,historical,raw/600m-dagformer_historical_metrics.csv,3.3552362351190474
6430,3.371696128,2.931640625,0.0003308705357142,historical,raw/600m-dagformer_historical_metrics.csv,3.337611607142857
6440,3.376939008,3.4736328125,0.0003306696428571,historical,raw/600m-dagformer_historical_metrics.csv,3.3367745535714284
6450,3.382181888,3.1201171875,0.00033046875,historical,raw/600m-dagformer_historical_metrics.csv,3.3314732142857144
6460,3.387424768,4.0908203125,0.0003302678571428,historical,raw/600m-dagformer_historical_metrics.csv,3.359375
6470,3.392667648,3.408203125,0.0003300669642857,historical,raw/600m-dagformer_historical_metrics.csv,3.3184988839285716
6480,3.397910528,3.1923828125,0.0003298660714285,historical,raw/600m-dagformer_historical_metrics.csv,3.3106863839285716
6490,3.403153408,3.0146484375,0.0003296651785714,historical,raw/600m-dagformer_historical_metrics.csv,3.2981770833333335
6500,3.408396288,3.119140625,0.0003294642857142,historical,raw/600m-dagformer_historical_metrics.csv,3.2956659226190474
6510,3.413639168,3.11328125,0.0003292633928571,historical,raw/600m-dagformer_historical_metrics.csv,3.2863653273809526
6520,3.418882048,3.08203125,0.0003290625,historical,raw/600m-dagformer_historical_metrics.csv,3.2928292410714284
6530,3.424124928,3.177734375,0.0003288616071428,historical,raw/600m-dagformer_historical_metrics.csv,3.2840401785714284
6540,3.429367808,3.1044921875,0.0003286607142857,historical,raw/600m-dagformer_historical_metrics.csv,3.2747860863095237
6550,3.434610688,3.1328125,0.0003284598214285,historical,raw/600m-dagformer_historical_metrics.csv,3.2720424107142856
6560,3.439853568,3.5751953125,0.0003282589285714,historical,raw/600m-dagformer_historical_metrics.csv,3.289248511904762
6570,3.445096448,3.4140625,0.0003280580357142,historical,raw/600m-dagformer_historical_metrics.csv,3.2885509672619047
6580,3.450339328,3.30859375,0.0003278571428571,historical,raw/600m-dagformer_historical_metrics.csv,3.2903645833333335
6590,3.455582208,2.9580078125,0.00032765625,historical,raw/600m-dagformer_historical_metrics.csv,3.2620442708333335
6600,3.460825088,3.060546875,0.0003274553571428,historical,raw/600m-dagformer_historical_metrics.csv,3.2331659226190474
6610,3.466067968,3.0400390625,0.0003272544642857,historical,raw/600m-dagformer_historical_metrics.csv,3.2240513392857144
6620,3.471310848,3.09765625,0.0003270535714285,historical,raw/600m-dagformer_historical_metrics.csv,3.224516369047619
6630,3.476553728,2.6748046875,0.0003268526785714,historical,raw/600m-dagformer_historical_metrics.csv,3.1947544642857144
6640,3.481796608,3.158203125,0.0003266517857142,historical,raw/600m-dagformer_historical_metrics.csv,3.2055431547619047
6650,3.487039488,3.10546875,0.0003264508928571,historical,raw/600m-dagformer_historical_metrics.csv,3.1880115327380953
6660,3.492282368,3.3876953125,0.00032625,historical,raw/600m-dagformer_historical_metrics.csv,3.2007533482142856
6670,3.497525248,3.19921875,0.0003260491071428,historical,raw/600m-dagformer_historical_metrics.csv,3.158296130952381
6680,3.502768128,2.701171875,0.0003258482142857,historical,raw/600m-dagformer_historical_metrics.csv,3.1246279761904763
6690,3.508011008,3.14453125,0.0003256473214285,historical,raw/600m-dagformer_historical_metrics.csv,3.122349330357143
6700,3.513253888,3.0947265625,0.0003254464285714,historical,raw/600m-dagformer_historical_metrics.csv,3.126162574404762
6710,3.518496768,3.228515625,0.0003252455357142,historical,raw/600m-dagformer_historical_metrics.csv,3.1313709077380953
6720,3.523739648,2.4658203125,0.0003250446428571,historical,raw/600m-dagformer_historical_metrics.csv,3.1005394345238093
6730,3.528982528,3.611328125,0.00032484375,historical,raw/600m-dagformer_historical_metrics.csv,3.1257440476190474
6740,3.534225408,2.646484375,0.0003246428571428,historical,raw/600m-dagformer_historical_metrics.csv,3.1004464285714284
6750,3.539468288,3.0625,0.0003244419642857,historical,raw/600m-dagformer_historical_metrics.csv,3.098446800595238
6760,3.544711168,3.154296875,0.0003242410714285,historical,raw/600m-dagformer_historical_metrics.csv,3.0994698660714284
6770,3.549954048,3.0400390625,0.0003240401785714,historical,raw/600m-dagformer_historical_metrics.csv,3.0739862351190474
6780,3.555196928,3.1943359375,0.0003238392857142,historical,raw/600m-dagformer_historical_metrics.csv,3.0635230654761907
6790,3.560439808,2.68359375,0.0003236383928571,historical,raw/600m-dagformer_historical_metrics.csv,3.0337611607142856
6800,3.565682688,3.171875,0.0003234375,historical,raw/600m-dagformer_historical_metrics.csv,3.0439453125
6810,3.570925568,3.482421875,0.0003232366071428,historical,raw/600m-dagformer_historical_metrics.csv,3.0640345982142856
6820,3.576168448,2.224609375,0.0003230357142857,historical,raw/600m-dagformer_historical_metrics.csv,3.025204613095238
6830,3.581411328,3.1865234375,0.0003228348214285,historical,raw/600m-dagformer_historical_metrics.csv,3.0294363839285716
6840,3.586654208,3.1005859375,0.0003226339285714,historical,raw/600m-dagformer_historical_metrics.csv,3.049711681547619
6850,3.591897088,3.1357421875,0.0003224330357142,historical,raw/600m-dagformer_historical_metrics.csv,3.048642113095238
6860,3.597139968,3.2255859375,0.0003222321428571,historical,raw/600m-dagformer_historical_metrics.csv,3.0543619791666665
6870,3.602382848,3.2626953125,0.00032203125,historical,raw/600m-dagformer_historical_metrics.csv,3.0484095982142856
6880,3.607625728,3.451171875,0.0003218303571428,historical,raw/600m-dagformer_historical_metrics.csv,3.0604073660714284
6890,3.612868608,3.4560546875,0.0003216294642857,historical,raw/600m-dagformer_historical_metrics.csv,3.0963541666666665
6900,3.618111488,3.1611328125,0.0003214285714285,historical,raw/600m-dagformer_historical_metrics.csv,3.0971447172619047
6910,3.623354368,3.0087890625,0.0003212276785714,historical,raw/600m-dagformer_historical_metrics.csv,3.093052455357143
6920,3.628597248,3.248046875,0.0003210267857142,historical,raw/600m-dagformer_historical_metrics.csv,3.0939825148809526
6930,3.633840128,3.28515625,0.0003208258928571,historical,raw/600m-dagformer_historical_metrics.csv,3.132998511904762
6940,3.639083008,3.083984375,0.000320625,historical,raw/600m-dagformer_historical_metrics.csv,3.1078869047619047
6950,3.644325888,3.150390625,0.0003204241071428,historical,raw/600m-dagformer_historical_metrics.csv,3.1318824404761907
6960,3.649568768,3.08984375,0.0003202232142857,historical,raw/600m-dagformer_historical_metrics.csv,3.1331845238095237
6970,3.654811648,3.2880859375,0.0003200223214285,historical,raw/600m-dagformer_historical_metrics.csv,3.139555431547619
6980,3.660054528,2.98046875,0.0003198214285714,historical,raw/600m-dagformer_historical_metrics.csv,3.13671875
6990,3.665297408,3.357421875,0.0003196205357142,historical,raw/600m-dagformer_historical_metrics.csv,3.1444847470238093
7000,3.670540288,3.173828125,0.0003194196428571,historical,raw/600m-dagformer_historical_metrics.csv,3.1678292410714284
7010,3.675783168,3.0166015625,0.00031921875,historical,raw/600m-dagformer_historical_metrics.csv,3.160435267857143
7020,3.681026048,3.265625,0.0003190178571428,historical,raw/600m-dagformer_historical_metrics.csv,3.150111607142857
7030,3.686268928,3.12890625,0.0003188169642857,historical,raw/600m-dagformer_historical_metrics.csv,3.193173363095238
7040,3.691511808,2.9326171875,0.0003186160714285,historical,raw/600m-dagformer_historical_metrics.csv,3.1810825892857144
7050,3.696754688,3.4267578125,0.0003184151785714,historical,raw/600m-dagformer_historical_metrics.csv,3.1966145833333335
7060,3.701997568,3.0771484375,0.0003182142857142,historical,raw/600m-dagformer_historical_metrics.csv,3.1938244047619047
7070,3.707240448,3.0986328125,0.0003180133928571,historical,raw/600m-dagformer_historical_metrics.csv,3.187779017857143
7080,3.712483328,3.10546875,0.0003178125,historical,raw/600m-dagformer_historical_metrics.csv,3.1802920386904763
7090,3.717726208,2.7001953125,0.0003176116071428,historical,raw/600m-dagformer_historical_metrics.csv,3.14453125
7100,3.722969088,3.154296875,0.0003174107142857,historical,raw/600m-dagformer_historical_metrics.csv,3.130161830357143
7110,3.728211968,3.0859375,0.0003172098214285,historical,raw/600m-dagformer_historical_metrics.csv,3.1265811011904763
7120,3.733454848,2.6416015625,0.0003170089285714,historical,raw/600m-dagformer_historical_metrics.csv,3.109095982142857
7130,3.738697728,2.99609375,0.0003168080357142,historical,raw/600m-dagformer_historical_metrics.csv,3.0970982142857144
7140,3.743940608,3.2099609375,0.0003166071428571,historical,raw/600m-dagformer_historical_metrics.csv,3.0935174851190474
7150,3.749183488,2.904296875,0.00031640625,historical,raw/600m-dagformer_historical_metrics.csv,3.0849609375
7160,3.754426368,2.74658203125,0.0003162053571428,historical,raw/600m-dagformer_historical_metrics.csv,3.065731956845238
7170,3.759669248,3.1513671875,0.0003160044642857,historical,raw/600m-dagformer_historical_metrics.csv,3.068661644345238
7180,3.764912128,3.0908203125,0.0003158035714285,historical,raw/600m-dagformer_historical_metrics.csv,3.059268043154762
7190,3.770155008,3.10546875,0.0003156026785714,historical,raw/600m-dagformer_historical_metrics.csv,3.065220424107143
7200,3.775397888,2.8359375,0.0003154017857142,historical,raw/600m-dagformer_historical_metrics.csv,3.0403878348214284
7210,3.780640768,2.9365234375,0.0003152008928571,historical,raw/600m-dagformer_historical_metrics.csv,3.029087611607143
7220,3.785883648,3.2333984375,0.0003149999999999,historical,raw/600m-dagformer_historical_metrics.csv,3.0394112723214284
7230,3.791126528,3.2138671875,0.0003147991071428,historical,raw/600m-dagformer_historical_metrics.csv,3.0369466145833335
7240,3.796369408,3.2509765625,0.0003145982142857,historical,raw/600m-dagformer_historical_metrics.csv,3.042759486607143
7250,3.801612288,3.51171875,0.0003143973214285,historical,raw/600m-dagformer_historical_metrics.csv,3.0703357514880953
7260,3.806855168,3.3935546875,0.0003141964285714,historical,raw/600m-dagformer_historical_metrics.csv,3.068754650297619
7270,3.812098048,3.056640625,0.0003139955357142,historical,raw/600m-dagformer_historical_metrics.csv,3.067778087797619
7280,3.817340928,3.5234375,0.0003137946428571,historical,raw/600m-dagformer_historical_metrics.csv,3.0880068824404763
7290,3.822583808,3.876953125,0.00031359375,historical,raw/600m-dagformer_historical_metrics.csv,3.1247442336309526
7300,3.827826688,3.0546875,0.0003133928571428,historical,raw/600m-dagformer_historical_metrics.csv,3.1416248139880953
7310,3.833069568,3.513671875,0.0003131919642857,historical,raw/600m-dagformer_historical_metrics.csv,3.1587379092261907
7320,3.838312448,3.3056640625,0.0003129910714285,historical,raw/600m-dagformer_historical_metrics.csv,3.1692010788690474
7330,3.843555328,3.310546875,0.0003127901785714,historical,raw/600m-dagformer_historical_metrics.csv,3.2010556175595237
7340,3.848798208,3.5673828125,0.0003125892857142,historical,raw/600m-dagformer_historical_metrics.csv,3.2282598586309526
7350,3.854041088,3.11328125,0.0003123883928571,historical,raw/600m-dagformer_historical_metrics.csv,3.2236560639880953
7360,3.859283968,3.1357421875,0.0003121874999999,historical,raw/600m-dagformer_historical_metrics.csv,3.234677269345238
7370,3.864526848,3.234375,0.0003119866071428,historical,raw/600m-dagformer_historical_metrics.csv,3.257905505952381
7380,3.869769728,3.4189453125,0.0003117857142857,historical,raw/600m-dagformer_historical_metrics.csv,3.2706473214285716
7390,3.875012608,3.2333984375,0.0003115848214285,historical,raw/600m-dagformer_historical_metrics.csv,3.277436755952381
7400,3.880255488,3.2724609375,0.0003113839285714,historical,raw/600m-dagformer_historical_metrics.csv,3.2853887648809526
7410,3.885498368,3.0009765625,0.0003111830357142,historical,raw/600m-dagformer_historical_metrics.csv,3.293247767857143
7420,3.890741248,3.05859375,0.0003109821428571,historical,raw/600m-dagformer_historical_metrics.csv,3.2990606398809526
7430,3.895984128,3.349609375,0.00031078125,historical,raw/600m-dagformer_historical_metrics.csv,3.304594494047619
7440,3.901227008,3.1337890625,0.0003105803571428,historical,raw/600m-dagformer_historical_metrics.csv,3.30078125
7450,3.906469888,3.298828125,0.0003103794642857,historical,raw/600m-dagformer_historical_metrics.csv,3.3030598958333335
7460,3.911712768,2.900390625,0.0003101785714285,historical,raw/600m-dagformer_historical_metrics.csv,3.2739490327380953
7470,3.916955648,3.2294921875,0.0003099776785714,historical,raw/600m-dagformer_historical_metrics.csv,3.2661365327380953
7480,3.922198528,1.91064453125,0.0003097767857142,historical,raw/600m-dagformer_historical_metrics.csv,3.2115652901785716
7490,3.927441408,3.1328125,0.0003095758928571,historical,raw/600m-dagformer_historical_metrics.csv,3.192964099702381
7500,3.932684288,3.533203125,0.0003093749999999,historical,raw/600m-dagformer_historical_metrics.csv,3.1765950520833335
7510,3.937927168,3.2890625,0.0003091741071428,historical,raw/600m-dagformer_historical_metrics.csv,3.1877557663690474
7520,3.943170048,3.052734375,0.0003089732142857,historical,raw/600m-dagformer_historical_metrics.csv,3.165806361607143
7530,3.948412928,3.185546875,0.0003087723214285,historical,raw/600m-dagformer_historical_metrics.csv,3.1600864955357144
7540,3.953655808,3.2158203125,0.0003085714285714,historical,raw/600m-dagformer_historical_metrics.csv,3.155575706845238
7550,3.958898688,3.1298828125,0.0003083705357142,historical,raw/600m-dagformer_historical_metrics.csv,3.1347423735119047
7560,3.964141568,3.0693359375,0.0003081696428571,historical,raw/600m-dagformer_historical_metrics.csv,3.1326497395833335
7570,3.969384448,3.1298828125,0.00030796875,historical,raw/600m-dagformer_historical_metrics.csv,3.1323707217261907
7580,3.974627328,2.98046875,0.0003077678571428,historical,raw/600m-dagformer_historical_metrics.csv,3.1202799479166665
7590,3.979870208,3.0654296875,0.0003075669642857,historical,raw/600m-dagformer_historical_metrics.csv,3.1034458705357144
7600,3.985113088,2.8515625,0.0003073660714285,historical,raw/600m-dagformer_historical_metrics.csv,3.085263206845238
7610,3.990355968,2.88671875,0.0003071651785714,historical,raw/600m-dagformer_historical_metrics.csv,3.06689453125
7620,3.995598848,3.15234375,0.0003069642857142,historical,raw/600m-dagformer_historical_metrics.csv,3.0741024925595237
7630,4.000841728,3.5419921875,0.0003067633928571,historical,raw/600m-dagformer_historical_metrics.csv,3.0971214657738093
7640,4.006084608,3.1787109375,0.0003065625,historical,raw/600m-dagformer_historical_metrics.csv,3.0889834449404763
7650,4.011327488,3.4892578125,0.0003063616071428,historical,raw/600m-dagformer_historical_metrics.csv,3.1059105282738093
7660,4.016570368,2.8671875,0.0003061607142857,historical,raw/600m-dagformer_historical_metrics.csv,3.085356212797619
7670,4.021813248,3.3515625,0.0003059598214285,historical,raw/600m-dagformer_historical_metrics.csv,3.106840587797619
7680,4.027056128,3.1982421875,0.0003057589285714,historical,raw/600m-dagformer_historical_metrics.csv,3.1053524925595237
7690,4.032299008,3.091796875,0.0003055580357142,historical,raw/600m-dagformer_historical_metrics.csv,3.1615978422619047
7700,4.037541888,3.494140625,0.0003053571428571,historical,raw/600m-dagformer_historical_metrics.csv,3.178803943452381
7710,4.042784768,3.115234375,0.00030515625,historical,raw/600m-dagformer_historical_metrics.csv,3.158900669642857
7720,4.048027648,3.033203125,0.0003049553571428,historical,raw/600m-dagformer_historical_metrics.csv,3.1467168898809526
7730,4.053270528,3.388671875,0.0003047544642857,historical,raw/600m-dagformer_historical_metrics.csv,3.1627139136904763
7740,4.058513408,3.087890625,0.0003045535714285,historical,raw/600m-dagformer_historical_metrics.csv,3.1580636160714284
7750,4.063756288,3.0322265625,0.0003043526785714,historical,raw/600m-dagformer_historical_metrics.csv,3.149321056547619
7760,4.068999168,3.12890625,0.0003041517857142,historical,raw/600m-dagformer_historical_metrics.csv,3.1492745535714284
7770,4.074242048,3.4931640625,0.0003039508928571,historical,raw/600m-dagformer_historical_metrics.csv,3.1694568452380953
7780,4.079484928,3.134765625,0.00030375,historical,raw/600m-dagformer_historical_metrics.csv,3.1696893601190474
7790,4.084727808,3.2431640625,0.0003035491071428,historical,raw/600m-dagformer_historical_metrics.csv,3.1821986607142856
7800,4.089970688,3.0595703125,0.0003033482142857,historical,raw/600m-dagformer_historical_metrics.csv,3.181919642857143
7810,4.095213568,3.3681640625,0.0003031473214285,historical,raw/600m-dagformer_historical_metrics.csv,3.2065197172619047
7820,4.100456448,3.41796875,0.0003029464285714,historical,raw/600m-dagformer_historical_metrics.csv,3.2318173363095237
7830,4.105699328,2.9541015625,0.0003027455357142,historical,raw/600m-dagformer_historical_metrics.csv,3.222377232142857
7840,4.110942208,3.0595703125,0.0003025446428571,historical,raw/600m-dagformer_historical_metrics.csv,3.199404761904762
7850,4.116185088,3.2255859375,0.00030234375,historical,raw/600m-dagformer_historical_metrics.csv,3.2016369047619047
7860,4.121427968,3.1953125,0.0003021428571428,historical,raw/600m-dagformer_historical_metrics.csv,3.1876395089285716
7870,4.126670848,3.2158203125,0.0003019419642857,historical,raw/600m-dagformer_historical_metrics.csv,3.2042410714285716
7880,4.131913728,2.4521484375,0.0003017410714285,historical,raw/600m-dagformer_historical_metrics.csv,3.161411830357143
7890,4.137156608,3.123046875,0.0003015401785714,historical,raw/600m-dagformer_historical_metrics.csv,3.1578311011904763
7900,4.142399488,3.537109375,0.0003013392857142,historical,raw/600m-dagformer_historical_metrics.csv,3.1790364583333335
7910,4.147642368,3.13720703125,0.0003011383928571,historical,raw/600m-dagformer_historical_metrics.csv,3.1620396205357144
7920,4.152885248,3.390625,0.0003009375,historical,raw/600m-dagformer_historical_metrics.csv,3.1751534598214284
7930,4.158128128,3.396484375,0.0003007366071428,historical,raw/600m-dagformer_historical_metrics.csv,3.1924525669642856
7940,4.163371008,3.2373046875,0.0003005357142857,historical,raw/600m-dagformer_historical_metrics.csv,3.185244605654762
7950,4.168613888,2.759765625,0.0003003348214285,historical,raw/600m-dagformer_historical_metrics.csv,3.169619605654762
7960,4.173856768,3.2783203125,0.0003001339285714,historical,raw/600m-dagformer_historical_metrics.csv,3.181338355654762
7970,4.179099648,3.9765625,0.0002999330357142,historical,raw/600m-dagformer_historical_metrics.csv,3.2217029389880953
7980,4.184342528,3.154296875,0.0002997321428571,historical,raw/600m-dagformer_historical_metrics.csv,3.20556640625
7990,4.189585408,2.99609375,0.00029953125,historical,raw/600m-dagformer_historical_metrics.csv,3.1989629836309526
8000,4.194828288,3.1318359375,0.0002993303571428,historical,raw/600m-dagformer_historical_metrics.csv,3.193661644345238
8010,4.200071168,3.1474609375,0.0002991294642857,historical,raw/600m-dagformer_historical_metrics.csv,3.197846912202381
8020,4.205314048,3.0869140625,0.0002989285714285,historical,raw/600m-dagformer_historical_metrics.csv,3.1844540550595237
8030,4.210556928,3.18359375,0.0002987276785714,historical,raw/600m-dagformer_historical_metrics.csv,3.1732933407738093
8040,4.215799808,2.916015625,0.0002985267857142,historical,raw/600m-dagformer_historical_metrics.csv,3.171479724702381
8050,4.221042688,3.189453125,0.0002983258928571,historical,raw/600m-dagformer_historical_metrics.csv,3.1776646205357144
8060,4.226285568,3.1689453125,0.000298125,historical,raw/600m-dagformer_historical_metrics.csv,3.1749674479166665
8070,4.231528448,3.60546875,0.0002979241071428,historical,raw/600m-dagformer_historical_metrics.csv,3.1944986979166665
8080,4.236771328,2.8876953125,0.0002977232142857,historical,raw/600m-dagformer_historical_metrics.csv,3.1788736979166665
8090,4.242014208,3.22265625,0.0002975223214285,historical,raw/600m-dagformer_historical_metrics.csv,3.2155645461309526
8100,4.247257088,3.28125,0.0002973214285714,historical,raw/600m-dagformer_historical_metrics.csv,3.2230980282738093
8110,4.252499968,2.890625,0.0002971205357142,historical,raw/600m-dagformer_historical_metrics.csv,3.1923130580357144
8120,4.257742848,2.9140625,0.0002969196428571,historical,raw/600m-dagformer_historical_metrics.csv,3.1816871279761907
8130,4.262985728,3.0986328125,0.00029671875,historical,raw/600m-dagformer_historical_metrics.csv,3.167782738095238
8140,4.268228608,3.205078125,0.0002965178571428,historical,raw/600m-dagformer_historical_metrics.csv,3.1586681547619047
8150,4.273471488,3.220703125,0.0002963169642857,historical,raw/600m-dagformer_historical_metrics.csv,3.1578776041666665
8160,4.278714368,3.1298828125,0.0002961160714285,historical,raw/600m-dagformer_historical_metrics.csv,3.175502232142857
8170,4.283957248,3.1962890625,0.0002959151785714,historical,raw/600m-dagformer_historical_metrics.csv,3.171595982142857
8180,4.289200128,3.5478515625,0.0002957142857142,historical,raw/600m-dagformer_historical_metrics.csv,3.151181175595238
8190,4.294443008,3.0322265625,0.0002955133928571,historical,raw/600m-dagformer_historical_metrics.csv,3.1453683035714284
8200,4.299685888,2.859375,0.0002953125,historical,raw/600m-dagformer_historical_metrics.csv,3.138857886904762
8210,4.304928768,2.8896484375,0.0002951116071428,historical,raw/600m-dagformer_historical_metrics.csv,3.1273251488095237
8220,4.310171648,2.86328125,0.0002949107142857,historical,raw/600m-dagformer_historical_metrics.csv,3.1137927827380953
8230,4.315414528,3.6337890625,0.0002947098214285,historical,raw/600m-dagformer_historical_metrics.csv,3.139834449404762
8240,4.320657408,2.830078125,0.0002945089285714,historical,raw/600m-dagformer_historical_metrics.csv,3.1230003720238093
8250,4.325900288,2.5615234375,0.0002943080357142,historical,raw/600m-dagformer_historical_metrics.csv,3.1061197916666665
8260,4.331143168,2.80078125,0.0002941071428571,historical,raw/600m-dagformer_historical_metrics.csv,3.087611607142857
8270,4.336386048,2.6650390625,0.0002939062499999,historical,raw/600m-dagformer_historical_metrics.csv,3.0636160714285716
8280,4.341628928,2.8505859375,0.0002937053571428,historical,raw/600m-dagformer_historical_metrics.csv,3.0276692708333335
8290,4.346871808,2.8427734375,0.0002935044642857,historical,raw/600m-dagformer_historical_metrics.csv,3.0255301339285716
8300,4.352114688,2.978515625,0.0002933035714285,historical,raw/600m-dagformer_historical_metrics.csv,3.0139043898809526
8310,4.357357568,3.1630859375,0.0002931026785714,historical,raw/600m-dagformer_historical_metrics.csv,3.0082775297619047
8320,4.362600448,3.1162109375,0.0002929017857142,historical,raw/600m-dagformer_historical_metrics.csv,3.0190197172619047
8330,4.367843328,3.283203125,0.0002927008928571,historical,raw/600m-dagformer_historical_metrics.csv,3.0365978422619047
8340,4.373086208,3.3642578125,0.0002925,historical,raw/600m-dagformer_historical_metrics.csv,3.0492466517857144
8350,4.378329088,3.2578125,0.0002922991071428,historical,raw/600m-dagformer_historical_metrics.csv,3.0517578125
8360,4.383571968,2.9951171875,0.0002920982142857,historical,raw/600m-dagformer_historical_metrics.csv,3.041015625
8370,4.388814848,3.7890625,0.0002918973214285,historical,raw/600m-dagformer_historical_metrics.csv,3.0724051339285716
8380,4.394057728,3.0458984375,0.0002916964285714,historical,raw/600m-dagformer_historical_metrics.csv,3.065243675595238
8390,4.399300608,2.5546875,0.0002914955357142,historical,raw/600m-dagformer_historical_metrics.csv,3.0179501488095237
8400,4.404543488,3.2490234375,0.0002912946428571,historical,raw/600m-dagformer_historical_metrics.csv,3.0282738095238093
8410,4.409786368,3.1357421875,0.0002910937499999,historical,raw/600m-dagformer_historical_metrics.csv,3.0414341517857144
8420,4.415029248,2.94189453125,0.0002908928571428,historical,raw/600m-dagformer_historical_metrics.csv,3.0439220610119047
8430,4.420272128,3.193359375,0.0002906919642857,historical,raw/600m-dagformer_historical_metrics.csv,3.0596400669642856
8440,4.425515008,3.5107421875,0.0002904910714285,historical,raw/600m-dagformer_historical_metrics.csv,3.0537806919642856
8450,4.430757888,2.9423828125,0.0002902901785714,historical,raw/600m-dagformer_historical_metrics.csv,3.0591285342261907
8460,4.436000768,3.16015625,0.0002900892857142,historical,raw/600m-dagformer_historical_metrics.csv,3.0876348586309526
8470,4.441243648,2.7548828125,0.0002898883928571,historical,raw/600m-dagformer_historical_metrics.csv,3.08544921875
8480,4.446486528,2.8583984375,0.0002896875,historical,raw/600m-dagformer_historical_metrics.csv,3.0946568080357144
8490,4.451729408,3.080078125,0.0002894866071428,historical,raw/600m-dagformer_historical_metrics.csv,3.1055850074404763
8500,4.456972288,3.2236328125,0.0002892857142857,historical,raw/600m-dagformer_historical_metrics.csv,3.123721168154762
8510,4.462215168,2.8369140625,0.0002890848214285,historical,raw/600m-dagformer_historical_metrics.csv,3.116978236607143
8520,4.467458048,3.1337890625,0.0002888839285714,historical,raw/600m-dagformer_historical_metrics.csv,3.1155831473214284
8530,4.472700928,3.1357421875,0.0002886830357142,historical,raw/600m-dagformer_historical_metrics.csv,3.116513206845238
8540,4.477943808,2.751953125,0.0002884821428571,historical,raw/600m-dagformer_historical_metrics.csv,3.091215587797619
8550,4.483186688,3.96484375,0.00028828125,historical,raw/600m-dagformer_historical_metrics.csv,3.119814918154762
8560,4.488429568,2.86328125,0.0002880803571428,historical,raw/600m-dagformer_historical_metrics.csv,3.1010277157738093
8570,4.493672448,3.0546875,0.0002878794642857,historical,raw/600m-dagformer_historical_metrics.csv,3.1038643973214284
8580,4.498915328,2.791015625,0.0002876785714285,historical,raw/600m-dagformer_historical_metrics.csv,3.056338355654762
8590,4.504158208,2.4716796875,0.0002874776785714,historical,raw/600m-dagformer_historical_metrics.csv,3.028994605654762
8600,4.509401088,3.1416015625,0.0002872767857142,historical,raw/600m-dagformer_historical_metrics.csv,3.056942894345238
8610,4.514643968,2.8896484375,0.0002870758928571,historical,raw/600m-dagformer_historical_metrics.csv,3.039829799107143
8620,4.519886848,3.6923828125,0.0002868749999999,historical,raw/600m-dagformer_historical_metrics.csv,3.0663364955357144
8630,4.525129728,3.416015625,0.0002866741071428,historical,raw/600m-dagformer_historical_metrics.csv,3.0889136904761907
8640,4.530372608,3.1875,0.0002864732142857,historical,raw/600m-dagformer_historical_metrics.csv,3.0886346726190474
8650,4.535615488,3.4560546875,0.0002862723214285,historical,raw/600m-dagformer_historical_metrics.csv,3.086030505952381
8660,4.540858368,3.146484375,0.0002860714285714,historical,raw/600m-dagformer_historical_metrics.csv,3.0957496279761907
8670,4.546101248,3.2119140625,0.0002858705357142,historical,raw/600m-dagformer_historical_metrics.csv,3.0982142857142856
8680,4.551344128,3.369140625,0.0002856696428571,historical,raw/600m-dagformer_historical_metrics.csv,3.1274646577380953
8690,4.556587008,3.4404296875,0.00028546875,historical,raw/600m-dagformer_historical_metrics.csv,3.155180431547619
8700,4.561829888,3.39453125,0.0002852678571428,historical,raw/600m-dagformer_historical_metrics.csv,3.1701543898809526
8710,4.567072768,3.146484375,0.0002850669642857,historical,raw/600m-dagformer_historical_metrics.csv,3.1664806547619047
8720,4.572315648,3.1005859375,0.0002848660714285,historical,raw/600m-dagformer_historical_metrics.csv,3.1790364583333335
8730,4.577558528,3.1572265625,0.0002846651785714,historical,raw/600m-dagformer_historical_metrics.csv,3.1801525297619047
8740,4.582801408,2.96484375,0.0002844642857142,historical,raw/600m-dagformer_historical_metrics.csv,3.1720145089285716
8750,4.588044288,3.3642578125,0.0002842633928571,historical,raw/600m-dagformer_historical_metrics.csv,3.201171875
8760,4.593287168,3.171875,0.0002840624999999,historical,raw/600m-dagformer_historical_metrics.csv,3.1634114583333335
8770,4.598530048,3.1337890625,0.0002838616071428,historical,raw/600m-dagformer_historical_metrics.csv,3.1762927827380953
8780,4.603772928,3.3583984375,0.0002836607142857,historical,raw/600m-dagformer_historical_metrics.csv,3.1907552083333335
8790,4.609015808,3.181640625,0.0002834598214285,historical,raw/600m-dagformer_historical_metrics.csv,3.2093563988095237
8800,4.614258688,3.0859375,0.0002832589285714,historical,raw/600m-dagformer_historical_metrics.csv,3.2386067708333335
8810,4.619501568,3.4306640625,0.0002830580357142,historical,raw/600m-dagformer_historical_metrics.csv,3.2523716517857144
8820,4.624744448,2.8251953125,0.0002828571428571,historical,raw/600m-dagformer_historical_metrics.csv,3.249302455357143
8830,4.629987328,3.0234375,0.00028265625,historical,raw/600m-dagformer_historical_metrics.csv,3.2174479166666665
8840,4.635230208,2.7978515625,0.0002824553571428,historical,raw/600m-dagformer_historical_metrics.csv,3.1880115327380953
8850,4.640473088,3.009765625,0.0002822544642857,historical,raw/600m-dagformer_historical_metrics.csv,3.1795479910714284
8860,4.645715968,3.6376953125,0.0002820535714285,historical,raw/600m-dagformer_historical_metrics.csv,3.188197544642857
8870,4.650958848,3.3896484375,0.0002818526785714,historical,raw/600m-dagformer_historical_metrics.csv,3.1997767857142856
8880,4.656201728,3.134765625,0.0002816517857142,historical,raw/600m-dagformer_historical_metrics.csv,3.196103050595238
8890,4.661444608,3.2138671875,0.0002814508928571,historical,raw/600m-dagformer_historical_metrics.csv,3.1887090773809526
8900,4.666687488,2.6396484375,0.00028125,historical,raw/600m-dagformer_historical_metrics.csv,3.150576636904762
8910,4.671930368,3.1025390625,0.0002810491071428,historical,raw/600m-dagformer_historical_metrics.csv,3.1366722470238093
8920,4.677173248,2.9033203125,0.0002808482142857,historical,raw/600m-dagformer_historical_metrics.csv,3.125093005952381
8930,4.682416128,3.0126953125,0.0002806473214285,historical,raw/600m-dagformer_historical_metrics.csv,3.120907738095238
8940,4.687659008,2.984375,0.0002804464285714,historical,raw/600m-dagformer_historical_metrics.csv,3.1126767113095237
8950,4.692901888,2.96484375,0.0002802455357142,historical,raw/600m-dagformer_historical_metrics.csv,3.1126767113095237
8960,4.698144768,3.220703125,0.0002800446428571,historical,raw/600m-dagformer_historical_metrics.csv,3.1058407738095237
8970,4.703387648,2.96875,0.00027984375,historical,raw/600m-dagformer_historical_metrics.csv,3.0961681547619047
8980,4.708630528,3.0068359375,0.0002796428571428,historical,raw/600m-dagformer_historical_metrics.csv,3.090122767857143
8990,4.713873408,3.0078125,0.0002794419642857,historical,raw/600m-dagformer_historical_metrics.csv,3.073428199404762
9000,4.719116288,3.0673828125,0.0002792410714285,historical,raw/600m-dagformer_historical_metrics.csv,3.0679873511904763
9010,4.724359168,3.0185546875,0.0002790401785714,historical,raw/600m-dagformer_historical_metrics.csv,3.0647786458333335
9020,4.729602048,3.13671875,0.0002788392857142,historical,raw/600m-dagformer_historical_metrics.csv,3.05078125
9030,4.734844928,2.9775390625,0.0002786383928571,historical,raw/600m-dagformer_historical_metrics.csv,3.0580357142857144
9040,4.740087808,2.90234375,0.0002784375,historical,raw/600m-dagformer_historical_metrics.csv,3.0522693452380953
9050,4.745330688,2.26171875,0.0002782366071428,historical,raw/600m-dagformer_historical_metrics.csv,3.0267392113095237
9060,4.750573568,3.2138671875,0.0002780357142857,historical,raw/600m-dagformer_historical_metrics.csv,3.0364583333333335
9070,4.755816448,3.16796875,0.0002778348214285,historical,raw/600m-dagformer_historical_metrics.csv,3.0140904017857144
9080,4.761059328,3.2421875,0.0002776339285714,historical,raw/600m-dagformer_historical_metrics.csv,3.0070684523809526
9090,4.766302208,2.90625,0.0002774330357142,historical,raw/600m-dagformer_historical_metrics.csv,2.996186755952381
9100,4.771545088,2.9931640625,0.0002772321428571,historical,raw/600m-dagformer_historical_metrics.csv,2.9856770833333335
9110,4.776787968,3.4482421875,0.00027703125,historical,raw/600m-dagformer_historical_metrics.csv,3.0241815476190474
9120,4.782030848,2.95703125,0.0002768303571428,historical,raw/600m-dagformer_historical_metrics.csv,3.0172526041666665
9130,4.787273728,2.8984375,0.0002766294642857,historical,raw/600m-dagformer_historical_metrics.csv,3.0170200892857144
9140,4.792516608,2.9755859375,0.0002764285714285,historical,raw/600m-dagformer_historical_metrics.csv,3.0152529761904763
9150,4.797759488,3.1953125,0.0002762276785714,historical,raw/600m-dagformer_historical_metrics.csv,3.025297619047619
9160,4.803002368,3.2822265625,0.0002760267857142,historical,raw/600m-dagformer_historical_metrics.csv,3.0404110863095237
9170,4.808245248,3.318359375,0.0002758258928571,historical,raw/600m-dagformer_historical_metrics.csv,3.0450613839285716
9180,4.813488128,3.1455078125,0.000275625,historical,raw/600m-dagformer_historical_metrics.csv,3.0534784226190474
9190,4.818731008,3.2265625,0.0002754241071428,historical,raw/600m-dagformer_historical_metrics.csv,3.0639415922619047
9200,4.823973888,3.1923828125,0.0002752232142857,historical,raw/600m-dagformer_historical_metrics.csv,3.0727306547619047
9210,4.829216768,3.216796875,0.0002750223214285,historical,raw/600m-dagformer_historical_metrics.csv,3.0798456101190474
9220,4.834459648,3.04296875,0.0002748214285714,historical,raw/600m-dagformer_historical_metrics.csv,3.0810081845238093
9230,4.839702528,3.2529296875,0.0002746205357142,historical,raw/600m-dagformer_historical_metrics.csv,3.0865420386904763
9240,4.844945408,3.0791015625,0.0002744196428571,historical,raw/600m-dagformer_historical_metrics.csv,3.0913783482142856
9250,4.850188288,3.1220703125,0.00027421875,historical,raw/600m-dagformer_historical_metrics.csv,3.101841517857143
9260,4.855431168,2.8564453125,0.0002740178571428,historical,raw/600m-dagformer_historical_metrics.csv,3.130161830357143
9270,4.860674048,3.302734375,0.0002738169642857,historical,raw/600m-dagformer_historical_metrics.csv,3.1343936011904763
9280,4.865916928,2.8857421875,0.0002736160714285,historical,raw/600m-dagformer_historical_metrics.csv,3.1209542410714284
9290,4.871159808,2.7705078125,0.0002734151785714,historical,raw/600m-dagformer_historical_metrics.csv,3.0984933035714284
9300,4.876402688,2.9638671875,0.0002732142857142,historical,raw/600m-dagformer_historical_metrics.csv,3.1012369791666665
9310,4.881645568,2.97265625,0.0002730133928571,historical,raw/600m-dagformer_historical_metrics.csv,3.1002604166666665
9320,4.886888448,3.3115234375,0.0002728125,historical,raw/600m-dagformer_historical_metrics.csv,3.09375
9330,4.892131328,3.1953125,0.0002726116071428,historical,raw/600m-dagformer_historical_metrics.csv,3.1050967261904763
9340,4.897374208,2.884765625,0.0002724107142857,historical,raw/600m-dagformer_historical_metrics.csv,3.1044456845238093
9350,4.902617088,3.123046875,0.0002722098214285,historical,raw/600m-dagformer_historical_metrics.csv,3.1114676339285716
9360,4.907859968,3.08984375,0.0002720089285714,historical,raw/600m-dagformer_historical_metrics.csv,3.1064453125
9370,4.913102848,3.1767578125,0.0002718080357142,historical,raw/600m-dagformer_historical_metrics.csv,3.1014229910714284
9380,4.918345728,3.4765625,0.0002716071428571,historical,raw/600m-dagformer_historical_metrics.csv,3.1089564732142856
9390,4.923588608,3.0205078125,0.00027140625,historical,raw/600m-dagformer_historical_metrics.csv,3.1030040922619047
9400,4.928831488,3.3271484375,0.0002712053571428,historical,raw/600m-dagformer_historical_metrics.csv,3.1077938988095237
9410,4.934074368,3.4228515625,0.0002710044642857,historical,raw/600m-dagformer_historical_metrics.csv,3.1187686011904763
9420,4.939317248,3.2939453125,0.0002708035714285,historical,raw/600m-dagformer_historical_metrics.csv,3.1224423363095237
9430,4.944560128,3.078125,0.0002706026785714,historical,raw/600m-dagformer_historical_metrics.csv,3.124116443452381
9440,4.949803008,3.2099609375,0.0002704017857142,historical,raw/600m-dagformer_historical_metrics.csv,3.1220703125
9450,4.955045888,2.8369140625,0.0002702008928571,historical,raw/600m-dagformer_historical_metrics.csv,3.110537574404762
9460,4.960288768,2.9423828125,0.00027,historical,raw/600m-dagformer_historical_metrics.csv,3.1019810267857144
9470,4.965531648,3.0751953125,0.0002697991071428,historical,raw/600m-dagformer_historical_metrics.csv,3.112397693452381
9480,4.970774528,2.9765625,0.0002695982142857,historical,raw/600m-dagformer_historical_metrics.csv,3.096865699404762
9490,4.976017408,3.6513671875,0.0002693973214285,historical,raw/600m-dagformer_historical_metrics.csv,3.1333240327380953
9500,4.981260288,2.8720703125,0.0002691964285714,historical,raw/600m-dagformer_historical_metrics.csv,3.1381603422619047
9510,4.986503168,2.970703125,0.0002689955357142,historical,raw/600m-dagformer_historical_metrics.csv,3.138485863095238
9520,4.991746048,3.046875,0.0002687946428571,historical,raw/600m-dagformer_historical_metrics.csv,3.1420200892857144
9530,4.996988928,3.234375,0.00026859375,historical,raw/600m-dagformer_historical_metrics.csv,3.1383463541666665
9540,5.002231808,3.3974609375,0.0002683928571428,historical,raw/600m-dagformer_historical_metrics.csv,3.1479724702380953
9550,5.007474688,3.07421875,0.0002681919642857,historical,raw/600m-dagformer_historical_metrics.csv,3.1569940476190474
9560,5.012717568,2.9892578125,0.0002679910714285,historical,raw/600m-dagformer_historical_metrics.csv,3.1506231398809526
9570,5.017960448,3.2412109375,0.0002677901785714,historical,raw/600m-dagformer_historical_metrics.csv,3.1578311011904763
9580,5.023203328,3.0986328125,0.0002675892857142,historical,raw/600m-dagformer_historical_metrics.csv,3.154110863095238
9590,5.028446208,3.212890625,0.0002673883928571,historical,raw/600m-dagformer_historical_metrics.csv,3.1415550595238093
9600,5.033689088,3.28515625,0.0002671875,historical,raw/600m-dagformer_historical_metrics.csv,3.1541573660714284
9610,5.038931968,3.9345703125,0.0002669866071428,historical,raw/600m-dagformer_historical_metrics.csv,3.1830822172619047
9620,5.044174848,3.7021484375,0.0002667857142857,historical,raw/600m-dagformer_historical_metrics.csv,3.196382068452381
9630,5.049417728,3.205078125,0.0002665848214285,historical,raw/600m-dagformer_historical_metrics.csv,3.1921502976190474
9640,5.054660608,3.4990234375,0.0002663839285714,historical,raw/600m-dagformer_historical_metrics.csv,3.212193080357143
9650,5.059903488,2.9814453125,0.0002661830357142,historical,raw/600m-dagformer_historical_metrics.csv,3.2013113839285716
9660,5.065146368,2.962890625,0.0002659821428571,historical,raw/600m-dagformer_historical_metrics.csv,3.207310267857143
9670,5.070389248,3.3515625,0.0002657812499999,historical,raw/600m-dagformer_historical_metrics.csv,3.2267950148809526
9680,5.075632128,4.1123046875,0.0002655803571428,historical,raw/600m-dagformer_historical_metrics.csv,3.276181175595238
9690,5.080875008,3.71484375,0.0002653794642857,historical,raw/600m-dagformer_historical_metrics.csv,3.311337425595238
9700,5.086117888,3.216796875,0.0002651785714285,historical,raw/600m-dagformer_historical_metrics.csv,3.2906436011904763
9710,5.091360768,3.0751953125,0.0002649776785714,historical,raw/600m-dagformer_historical_metrics.csv,3.3003162202380953
9720,5.096603648,3.236328125,0.0002647767857142,historical,raw/600m-dagformer_historical_metrics.csv,3.3129650297619047
9730,5.101846528,3.4599609375,0.0002645758928571,historical,raw/600m-dagformer_historical_metrics.csv,3.3326357886904763
9740,5.107089408,3.5537109375,0.000264375,historical,raw/600m-dagformer_historical_metrics.csv,3.347842261904762
9750,5.112332288,3.166015625,0.0002641741071428,historical,raw/600m-dagformer_historical_metrics.csv,3.336821056547619
9760,5.117575168,3.376953125,0.0002639732142857,historical,raw/600m-dagformer_historical_metrics.csv,3.3512369791666665
9770,5.122818048,3.47265625,0.0002637723214285,historical,raw/600m-dagformer_historical_metrics.csv,3.3742559523809526
9780,5.128060928,3.19140625,0.0002635714285714,historical,raw/600m-dagformer_historical_metrics.csv,3.371884300595238
9790,5.133303808,2.892578125,0.0002633705357142,historical,raw/600m-dagformer_historical_metrics.csv,3.3620721726190474
9800,5.138546688,3.3017578125,0.0002631696428571,historical,raw/600m-dagformer_historical_metrics.csv,3.366303943452381
9810,5.143789568,3.6083984375,0.0002629687499999,historical,raw/600m-dagformer_historical_metrics.csv,3.3816964285714284
9820,5.149032448,3.2607421875,0.0002627678571428,historical,raw/600m-dagformer_historical_metrics.csv,3.349609375
9830,5.154275328,3.41796875,0.0002625669642857,historical,raw/600m-dagformer_historical_metrics.csv,3.3360770089285716
9840,5.159518208,3.7099609375,0.0002623660714285,historical,raw/600m-dagformer_historical_metrics.csv,3.3601190476190474
9850,5.164761088,3.1943359375,0.0002621651785714,historical,raw/600m-dagformer_historical_metrics.csv,3.345610119047619
9860,5.170003968,3.0185546875,0.0002619642857142,historical,raw/600m-dagformer_historical_metrics.csv,3.347377232142857
9870,5.175246848,3.1015625,0.0002617633928571,historical,raw/600m-dagformer_historical_metrics.csv,3.3539806547619047
9880,5.180489728,2.7822265625,0.0002615625,historical,raw/600m-dagformer_historical_metrics.csv,3.326869419642857
9890,5.185732608,3.12109375,0.0002613616071428,historical,raw/600m-dagformer_historical_metrics.csv,3.2796688988095237
9900,5.190975488,3.30859375,0.0002611607142857,historical,raw/600m-dagformer_historical_metrics.csv,3.2603236607142856
9910,5.196218368,3.5859375,0.0002609598214285,historical,raw/600m-dagformer_historical_metrics.csv,3.2779017857142856
9920,5.201461248,3.3466796875,0.0002607589285714,historical,raw/600m-dagformer_historical_metrics.csv,3.290829613095238
9930,5.206704128,2.7841796875,0.0002605580357142,historical,raw/600m-dagformer_historical_metrics.csv,3.2692987351190474
9940,5.211947008,3.1689453125,0.0002603571428571,historical,raw/600m-dagformer_historical_metrics.csv,3.2554408482142856
9950,5.217189888,3.3212890625,0.0002601562499999,historical,raw/600m-dagformer_historical_metrics.csv,3.2443731398809526
9960,5.222432768,2.8935546875,0.0002599553571428,historical,raw/600m-dagformer_historical_metrics.csv,3.2313988095238093
9970,5.227675648,3.1005859375,0.0002597544642857,historical,raw/600m-dagformer_historical_metrics.csv,3.2182384672619047
9980,5.232918528,3.3583984375,0.0002595535714285,historical,raw/600m-dagformer_historical_metrics.csv,3.212797619047619
9990,5.238161408,3.052734375,0.0002593526785714,historical,raw/600m-dagformer_historical_metrics.csv,3.2061941964285716
10000,5.243404288,3.1123046875,0.0002591517857142,historical,raw/600m-dagformer_historical_metrics.csv,3.2166573660714284
10010,5.248647168,3.3408203125,0.0002589508928571,historical,raw/600m-dagformer_historical_metrics.csv,3.2185174851190474
10020,5.253890048,2.9833984375,0.00025875,historical,raw/600m-dagformer_historical_metrics.csv,3.188755580357143
10030,5.259132928,3.1025390625,0.0002585491071428,historical,raw/600m-dagformer_historical_metrics.csv,3.1812220982142856
10040,5.264375808,3.1591796875,0.0002583482142857,historical,raw/600m-dagformer_historical_metrics.csv,3.1688988095238093
10050,5.269618688,3.173828125,0.0002581473214285,historical,raw/600m-dagformer_historical_metrics.csv,3.143368675595238
10060,5.274861568,3.234375,0.0002579464285714,historical,raw/600m-dagformer_historical_metrics.csv,3.1452752976190474
10070,5.280104448,2.962890625,0.0002577455357142,historical,raw/600m-dagformer_historical_metrics.csv,3.1426246279761907
10080,5.285347328,2.9384765625,0.0002575446428571,historical,raw/600m-dagformer_historical_metrics.csv,3.134858630952381
10090,5.290590208,3.0341796875,0.00025734375,historical,raw/600m-dagformer_historical_metrics.csv,3.1468563988095237
10100,5.295833088,3.1298828125,0.0002571428571428,historical,raw/600m-dagformer_historical_metrics.csv,3.147274925595238
10110,5.301075968,3.16796875,0.0002569419642857,historical,raw/600m-dagformer_historical_metrics.csv,3.1405784970238093
10120,5.306318848,4.259765625,0.0002567410714285,historical,raw/600m-dagformer_historical_metrics.csv,3.172665550595238
10130,5.311561728,2.982421875,0.0002565401785714,historical,raw/600m-dagformer_historical_metrics.csv,3.1553199404761907
10140,5.316804608,3.26171875,0.0002563392857142,historical,raw/600m-dagformer_historical_metrics.csv,3.1780598958333335
10150,5.322047488,3.02734375,0.0002561383928571,historical,raw/600m-dagformer_historical_metrics.csv,3.1713169642857144
10160,5.327290368,3.25,0.0002559375,historical,raw/600m-dagformer_historical_metrics.csv,3.1679222470238093
10170,5.332533248,3.119140625,0.0002557366071428,historical,raw/600m-dagformer_historical_metrics.csv,3.1786644345238093
10180,5.337776128,3.0908203125,0.0002555357142857,historical,raw/600m-dagformer_historical_metrics.csv,3.1781994047619047
10190,5.343019008,3.0986328125,0.0002553348214285,historical,raw/600m-dagformer_historical_metrics.csv,3.165829613095238
10200,5.348261888,3.537109375,0.0002551339285714,historical,raw/600m-dagformer_historical_metrics.csv,3.1888950892857144
10210,5.353504768,3.7451171875,0.0002549330357142,historical,raw/600m-dagformer_historical_metrics.csv,3.219029017857143
10220,5.358747648,3.830078125,0.0002547321428571,historical,raw/600m-dagformer_historical_metrics.csv,3.2423270089285716
10230,5.363990528,3.6904296875,0.00025453125,historical,raw/600m-dagformer_historical_metrics.csv,3.2759951636904763
10240,5.369233408,3.1533203125,0.0002543303571428,historical,raw/600m-dagformer_historical_metrics.csv,3.278413318452381
10250,5.374476288,3.16015625,0.0002541294642857,historical,raw/600m-dagformer_historical_metrics.csv,3.2784598214285716
10260,5.379719168,3.376953125,0.0002539285714285,historical,raw/600m-dagformer_historical_metrics.csv,3.2881324404761907
10270,5.384962048,3.0380859375,0.0002537276785714,historical,raw/600m-dagformer_historical_metrics.csv,3.2787853422619047
10280,5.390204928,3.8310546875,0.0002535267857142,historical,raw/600m-dagformer_historical_metrics.csv,3.320126488095238
10290,5.395447808,3.7138671875,0.0002533258928571,historical,raw/600m-dagformer_historical_metrics.csv,3.3570498511904763
10300,5.400690688,3.4072265625,0.000253125,historical,raw/600m-dagformer_historical_metrics.csv,3.374813988095238
10310,5.405933568,3.453125,0.0002529241071428,historical,raw/600m-dagformer_historical_metrics.csv,3.3902064732142856
10320,5.411176448,3.212890625,0.0002527232142857,historical,raw/600m-dagformer_historical_metrics.csv,3.3923456101190474
10330,5.416419328,3.0302734375,0.0002525223214285,historical,raw/600m-dagformer_historical_metrics.csv,3.333798363095238
10340,5.421662208,2.810546875,0.0002523214285714,historical,raw/600m-dagformer_historical_metrics.csv,3.3256138392857144
10350,5.426905088,3.5380859375,0.0002521205357142,historical,raw/600m-dagformer_historical_metrics.csv,3.338774181547619
10360,5.432147968,3.1630859375,0.0002519196428571,historical,raw/600m-dagformer_historical_metrics.csv,3.3452380952380953
10370,5.437390848,3.09375,0.00025171875,historical,raw/600m-dagformer_historical_metrics.csv,3.337797619047619
10380,5.442633728,3.2978515625,0.0002515178571428,historical,raw/600m-dagformer_historical_metrics.csv,3.3463076636904763
10390,5.447876608,3.171875,0.0002513169642857,historical,raw/600m-dagformer_historical_metrics.csv,3.3501674107142856
10400,5.453119488,2.9619140625,0.0002511160714285,historical,raw/600m-dagformer_historical_metrics.csv,3.343656994047619
10410,5.458362368,3.10546875,0.0002509151785714,historical,raw/600m-dagformer_historical_metrics.csv,3.3231026785714284
10420,5.463605248,2.8935546875,0.0002507142857142,historical,raw/600m-dagformer_historical_metrics.csv,3.2825520833333335
10430,5.468848128,2.798828125,0.0002505133928571,historical,raw/600m-dagformer_historical_metrics.csv,3.2334449404761907
10440,5.474091008,3.0615234375,0.0002503125,historical,raw/600m-dagformer_historical_metrics.csv,3.2034970238095237
10450,5.479333888,3.111328125,0.0002501116071428,historical,raw/600m-dagformer_historical_metrics.csv,3.2014973958333335
10460,5.484576768,3.3349609375,0.0002499107142857,historical,raw/600m-dagformer_historical_metrics.csv,3.2098214285714284
10470,5.489819648,3.1728515625,0.0002497098214285,historical,raw/600m-dagformer_historical_metrics.csv,3.200102306547619
10480,5.495062528,2.9560546875,0.0002495089285714,historical,raw/600m-dagformer_historical_metrics.csv,3.196196056547619
10490,5.500305408,3.294921875,0.0002493080357142,historical,raw/600m-dagformer_historical_metrics.csv,3.1706659226190474
10500,5.505548288,2.978515625,0.0002491071428571,historical,raw/600m-dagformer_historical_metrics.csv,3.135649181547619
10510,5.510791168,3.3154296875,0.00024890625,historical,raw/600m-dagformer_historical_metrics.csv,3.1312779017857144
10520,5.516034048,3.6162109375,0.0002487053571428,historical,raw/600m-dagformer_historical_metrics.csv,3.1390438988095237
10530,5.521276928,3.3193359375,0.0002485044642857,historical,raw/600m-dagformer_historical_metrics.csv,3.1441127232142856
10540,5.526519808,2.7705078125,0.0002483035714285,historical,raw/600m-dagformer_historical_metrics.csv,3.131742931547619
10550,5.531762688,2.986328125,0.0002481026785714,historical,raw/600m-dagformer_historical_metrics.csv,3.1401134672619047
10560,5.537005568,3.001953125,0.0002479017857142,historical,raw/600m-dagformer_historical_metrics.csv,3.1145833333333335
10570,5.542248448,3.22265625,0.0002477008928571,historical,raw/600m-dagformer_historical_metrics.csv,3.1174200148809526
10580,5.547491328,2.8154296875,0.0002475,historical,raw/600m-dagformer_historical_metrics.csv,3.1041666666666665
10590,5.552734208,3.2470703125,0.0002472991071428,historical,raw/600m-dagformer_historical_metrics.csv,3.101748511904762
10600,5.557977088,3.1552734375,0.0002470982142857,historical,raw/600m-dagformer_historical_metrics.csv,3.1009579613095237
10610,5.563219968,3.482421875,0.0002468973214285,historical,raw/600m-dagformer_historical_metrics.csv,3.1257440476190474
10620,5.568462848,3.0830078125,0.0002466964285714,historical,raw/600m-dagformer_historical_metrics.csv,3.1246744791666665
10630,5.573705728,3.1953125,0.0002464955357142,historical,raw/600m-dagformer_historical_metrics.csv,3.1390438988095237
10640,5.578948608,3.4091796875,0.0002462946428571,historical,raw/600m-dagformer_historical_metrics.csv,3.1681082589285716
10650,5.584191488,3.1064453125,0.00024609375,historical,raw/600m-dagformer_historical_metrics.csv,3.1702473958333335
10660,5.589434368,3.11328125,0.0002458928571428,historical,raw/600m-dagformer_historical_metrics.csv,3.1703404017857144
10670,5.594677248,2.560546875,0.0002456919642857,historical,raw/600m-dagformer_historical_metrics.csv,3.1334635416666665
10680,5.599920128,3.1201171875,0.0002454910714285,historical,raw/600m-dagformer_historical_metrics.csv,3.130952380952381
10690,5.605163008,3.111328125,0.0002452901785714,historical,raw/600m-dagformer_historical_metrics.csv,3.1383463541666665
10700,5.610405888,3.0830078125,0.0002450892857142,historical,raw/600m-dagformer_historical_metrics.csv,3.1282552083333335
10710,5.615648768,3.2880859375,0.0002448883928571,historical,raw/600m-dagformer_historical_metrics.csv,3.1429966517857144
10720,5.620891648,2.91796875,0.0002446874999999,historical,raw/600m-dagformer_historical_metrics.csv,3.1240699404761907
10730,5.626134528,3.04296875,0.0002444866071428,historical,raw/600m-dagformer_historical_metrics.csv,3.096772693452381
10740,5.631377408,3.1259765625,0.0002442857142857,historical,raw/600m-dagformer_historical_metrics.csv,3.0875651041666665
10750,5.636620288,3.193359375,0.0002440848214285,historical,raw/600m-dagformer_historical_metrics.csv,3.107700892857143
10760,5.641863168,3.607421875,0.0002438839285714,historical,raw/600m-dagformer_historical_metrics.csv,3.1372767857142856
10770,5.647106048,3.029296875,0.0002436830357142,historical,raw/600m-dagformer_historical_metrics.csv,3.138578869047619
10780,5.652348928,3.4609375,0.0002434821428571,historical,raw/600m-dagformer_historical_metrics.csv,3.1499255952380953
10790,5.657591808,3.0869140625,0.00024328125,historical,raw/600m-dagformer_historical_metrics.csv,3.1628534226190474
10800,5.662834688,3.3876953125,0.0002430803571428,historical,raw/600m-dagformer_historical_metrics.csv,3.1695498511904763
10810,5.668077568,3.00390625,0.0002428794642857,historical,raw/600m-dagformer_historical_metrics.csv,3.1623418898809526
10820,5.673320448,3.1826171875,0.0002426785714285,historical,raw/600m-dagformer_historical_metrics.csv,3.1480654761904763
10830,5.678563328,3.2646484375,0.0002424776785714,historical,raw/600m-dagformer_historical_metrics.csv,3.1567150297619047
10840,5.683806208,3.22265625,0.0002422767857142,historical,raw/600m-dagformer_historical_metrics.csv,3.158017113095238
10850,5.689049088,3.162109375,0.0002420758928571,historical,raw/600m-dagformer_historical_metrics.csv,3.1462518601190474
10860,5.694291968,2.7001953125,0.0002418749999999,historical,raw/600m-dagformer_historical_metrics.csv,3.1269066220238093
10870,5.699534848,3.107421875,0.0002416741071428,historical,raw/600m-dagformer_historical_metrics.csv,3.1266276041666665
10880,5.704777728,3.09765625,0.0002414732142857,historical,raw/600m-dagformer_historical_metrics.csv,3.1522042410714284
10890,5.710020608,3.0126953125,0.0002412723214285,historical,raw/600m-dagformer_historical_metrics.csv,3.1470889136904763
10900,5.715263488,3.1298828125,0.0002410714285714,historical,raw/600m-dagformer_historical_metrics.csv,3.1479724702380953
10910,5.720506368,3.0341796875,0.0002408705357142,historical,raw/600m-dagformer_historical_metrics.csv,3.1456473214285716
10920,5.725749248,3.513671875,0.0002406696428571,historical,raw/600m-dagformer_historical_metrics.csv,3.1563895089285716
10930,5.730992128,2.876953125,0.00024046875,historical,raw/600m-dagformer_historical_metrics.csv,3.1544363839285716
10940,5.736235008,3.1435546875,0.0002402678571428,historical,raw/600m-dagformer_historical_metrics.csv,3.1592261904761907
10950,5.741477888,2.833984375,0.0002400669642857,historical,raw/600m-dagformer_historical_metrics.csv,3.145321800595238
10960,5.746720768,3.44921875,0.0002398660714285,historical,raw/600m-dagformer_historical_metrics.csv,3.157505580357143
10970,5.751963648,2.9267578125,0.0002396651785714,historical,raw/600m-dagformer_historical_metrics.csv,3.125093005952381
10980,5.757206528,3.02734375,0.0002394642857142,historical,raw/600m-dagformer_historical_metrics.csv,3.125
10990,5.762449408,3.056640625,0.0002392633928571,historical,raw/600m-dagformer_historical_metrics.csv,3.105747767857143
11000,5.767692288,3.189453125,0.0002390625,historical,raw/600m-dagformer_historical_metrics.csv,3.110630580357143
11010,5.772935168,3.234375,0.0002388616071428,historical,raw/600m-dagformer_historical_metrics.csv,3.103329613095238
11020,5.778178048,3.0283203125,0.0002386607142857,historical,raw/600m-dagformer_historical_metrics.csv,3.1044921875
11030,5.783420928,2.853515625,0.0002384598214285,historical,raw/600m-dagformer_historical_metrics.csv,3.0888206845238093
11040,5.788663808,3.3359375,0.0002382589285714,historical,raw/600m-dagformer_historical_metrics.csv,3.0922154017857144
11050,5.793906688,3.4072265625,0.0002380580357142,historical,raw/600m-dagformer_historical_metrics.csv,3.1010044642857144
11060,5.799149568,3.0166015625,0.0002378571428571,historical,raw/600m-dagformer_historical_metrics.csv,3.0940755208333335
11070,5.804392448,3.6328125,0.0002376562499999,historical,raw/600m-dagformer_historical_metrics.csv,3.138485863095238
11080,5.809635328,3.2041015625,0.0002374553571428,historical,raw/600m-dagformer_historical_metrics.csv,3.1430896577380953
11090,5.814878208,3.265625,0.0002372544642857,historical,raw/600m-dagformer_historical_metrics.csv,3.151088169642857
11100,5.820121088,3.388671875,0.0002370535714285,historical,raw/600m-dagformer_historical_metrics.csv,3.1689918154761907
11110,5.825363968,3.3486328125,0.0002368526785714,historical,raw/600m-dagformer_historical_metrics.csv,3.179408482142857
11120,5.830606848,3.2724609375,0.0002366517857142,historical,raw/600m-dagformer_historical_metrics.csv,3.1907552083333335
11130,5.835849728,3.21484375,0.0002364508928571,historical,raw/600m-dagformer_historical_metrics.csv,3.1765252976190474
11140,5.841092608,3.439453125,0.00023625,historical,raw/600m-dagformer_historical_metrics.csv,3.203311011904762
11150,5.846335488,3.1708984375,0.0002360491071428,historical,raw/600m-dagformer_historical_metrics.csv,3.2046130952380953
11160,5.851578368,3.2412109375,0.0002358482142857,historical,raw/600m-dagformer_historical_metrics.csv,3.2240048363095237
11170,5.856821248,2.9521484375,0.0002356473214285,historical,raw/600m-dagformer_historical_metrics.csv,3.2003348214285716
11180,5.862064128,3.4658203125,0.0002354464285714,historical,raw/600m-dagformer_historical_metrics.csv,3.2260044642857144
11190,5.867307008,3.2412109375,0.0002352455357142,historical,raw/600m-dagformer_historical_metrics.csv,3.2361886160714284
11200,5.872549888,3.1015625,0.0002350446428571,historical,raw/600m-dagformer_historical_metrics.csv,3.2383277529761907
11210,5.877792768,3.10546875,0.0002348437499999,historical,raw/600m-dagformer_historical_metrics.csv,3.2343284970238093
11220,5.883035648,3.0234375,0.0002346428571428,historical,raw/600m-dagformer_historical_metrics.csv,3.2242838541666665
11230,5.888278528,3.1826171875,0.0002344419642857,historical,raw/600m-dagformer_historical_metrics.csv,3.231631324404762
11240,5.893521408,3.1552734375,0.0002342410714285,historical,raw/600m-dagformer_historical_metrics.csv,3.246000744047619
11250,5.898764288,3.10546875,0.0002340401785714,historical,raw/600m-dagformer_historical_metrics.csv,3.2350260416666665
11260,5.904007168,2.943359375,0.0002338392857142,historical,raw/600m-dagformer_historical_metrics.csv,3.2129371279761907
11270,5.909250048,3.3623046875,0.0002336383928571,historical,raw/600m-dagformer_historical_metrics.csv,3.229399181547619
11280,5.914492928,2.7802734375,0.0002334375,historical,raw/600m-dagformer_historical_metrics.csv,3.1888020833333335
11290,5.919735808,3.2021484375,0.0002332366071428,historical,raw/600m-dagformer_historical_metrics.csv,3.1887090773809526
11300,5.924978688,3.05078125,0.0002330357142857,historical,raw/600m-dagformer_historical_metrics.csv,3.1784784226190474
11310,5.930221568,2.9375,0.0002328348214285,historical,raw/600m-dagformer_historical_metrics.csv,3.1569940476190474
11320,5.935464448,3.2080078125,0.0002326339285714,historical,raw/600m-dagformer_historical_metrics.csv,3.150297619047619
11330,5.940707328,2.955078125,0.0002324330357142,historical,raw/600m-dagformer_historical_metrics.csv,3.1351841517857144
11340,5.945950208,3.1943359375,0.0002322321428571,historical,raw/600m-dagformer_historical_metrics.csv,3.1342075892857144
11350,5.951193088,3.2060546875,0.00023203125,historical,raw/600m-dagformer_historical_metrics.csv,3.1230933779761907
11360,5.956435968,3.2373046875,0.0002318303571428,historical,raw/600m-dagformer_historical_metrics.csv,3.126255580357143
11370,5.961678848,3.2373046875,0.0002316294642857,historical,raw/600m-dagformer_historical_metrics.csv,3.126069568452381
11380,5.966921728,3.3544921875,0.0002314285714285,historical,raw/600m-dagformer_historical_metrics.csv,3.145228794642857
11390,5.972164608,2.9375,0.0002312276785714,historical,raw/600m-dagformer_historical_metrics.csv,3.1200706845238093
11400,5.977407488,3.3671875,0.0002310267857142,historical,raw/600m-dagformer_historical_metrics.csv,3.126069568452381
11410,5.982650368,2.91796875,0.0002308258928571,historical,raw/600m-dagformer_historical_metrics.csv,3.1173270089285716
11420,5.987893248,3.2138671875,0.0002306249999999,historical,raw/600m-dagformer_historical_metrics.csv,3.1224888392857144
11430,5.993136128,2.98046875,0.0002304241071428,historical,raw/600m-dagformer_historical_metrics.csv,3.1204427083333335
11440,5.998379008,3.140625,0.0002302232142857,historical,raw/600m-dagformer_historical_metrics.csv,3.118443080357143
11450,6.003621888,2.970703125,0.0002300223214285,historical,raw/600m-dagformer_historical_metrics.csv,3.109654017857143
11460,6.008864768,3.2421875,0.0002298214285714,historical,raw/600m-dagformer_historical_metrics.csv,3.1161644345238093
11470,6.014107648,2.7197265625,0.0002296205357142,historical,raw/600m-dagformer_historical_metrics.csv,3.1055152529761907
11480,6.019350528,2.9150390625,0.0002294196428571,historical,raw/600m-dagformer_historical_metrics.csv,3.0842168898809526
11490,6.024593408,3.091796875,0.00022921875,historical,raw/600m-dagformer_historical_metrics.csv,3.0990513392857144
11500,6.029836288,3.12109375,0.0002290178571428,historical,raw/600m-dagformer_historical_metrics.csv,3.0951915922619047
11510,6.035079168,3.029296875,0.0002288169642857,historical,raw/600m-dagformer_historical_metrics.csv,3.0941685267857144
11520,6.040322048,3.126953125,0.0002286160714285,historical,raw/600m-dagformer_historical_metrics.csv,3.1031901041666665
11530,6.045564928,2.9130859375,0.0002284151785714,historical,raw/600m-dagformer_historical_metrics.csv,3.089146205357143
11540,6.050807808,2.814453125,0.0002282142857142,historical,raw/600m-dagformer_historical_metrics.csv,3.0824497767857144
11550,6.056050688,3.1298828125,0.0002280133928571,historical,raw/600m-dagformer_historical_metrics.csv,3.079380580357143
11560,6.061293568,3.0751953125,0.0002278125,historical,raw/600m-dagformer_historical_metrics.csv,3.073149181547619
11570,6.066536448,3.2900390625,0.0002276116071428,historical,raw/600m-dagformer_historical_metrics.csv,3.0756603422619047
11580,6.071779328,2.94921875,0.0002274107142857,historical,raw/600m-dagformer_historical_metrics.csv,3.0619419642857144
11590,6.077022208,3.1416015625,0.0002272098214285,historical,raw/600m-dagformer_historical_metrics.csv,3.0518043154761907
11600,6.082265088,3.08984375,0.0002270089285714,historical,raw/600m-dagformer_historical_metrics.csv,3.0590587797619047
11610,6.087507968,2.7822265625,0.0002268080357142,historical,raw/600m-dagformer_historical_metrics.csv,3.0312034970238093
11620,6.092750848,3.1806640625,0.0002266071428571,historical,raw/600m-dagformer_historical_metrics.csv,3.0437127976190474
11630,6.097993728,3.478515625,0.00022640625,historical,raw/600m-dagformer_historical_metrics.csv,3.0563151041666665
11640,6.103236608,3.1748046875,0.0002262053571428,historical,raw/600m-dagformer_historical_metrics.csv,3.0655691964285716
11650,6.108479488,3.2001953125,0.0002260044642857,historical,raw/600m-dagformer_historical_metrics.csv,3.0684058779761907
11660,6.113722368,2.9921875,0.0002258035714285,historical,raw/600m-dagformer_historical_metrics.csv,3.069428943452381
11670,6.118965248,3.41796875,0.0002256026785714,historical,raw/600m-dagformer_historical_metrics.csv,3.0777994791666665
11680,6.124208128,3.166015625,0.0002254017857142,historical,raw/600m-dagformer_historical_metrics.csv,3.0990513392857144
11690,6.129451008,3.251953125,0.0002252008928571,historical,raw/600m-dagformer_historical_metrics.csv,3.1150948660714284
11700,6.134693888,3.224609375,0.000225,historical,raw/600m-dagformer_historical_metrics.csv,3.1214192708333335
11710,6.139936768,3.23828125,0.0002247991071428,historical,raw/600m-dagformer_historical_metrics.csv,3.1269996279761907
11720,6.145179648,2.9599609375,0.0002245982142857,historical,raw/600m-dagformer_historical_metrics.csv,3.1236979166666665
11730,6.150422528,3.2578125,0.0002243973214285,historical,raw/600m-dagformer_historical_metrics.csv,3.1299293154761907
11740,6.155665408,3.3203125,0.0002241964285714,historical,raw/600m-dagformer_historical_metrics.csv,3.149321056547619
11750,6.160908288,3.0419921875,0.0002239955357142,historical,raw/600m-dagformer_historical_metrics.csv,3.16015625
11760,6.166151168,3.0927734375,0.0002237946428571,historical,raw/600m-dagformer_historical_metrics.csv,3.158389136904762
11770,6.171394048,2.9892578125,0.0002235937499999,historical,raw/600m-dagformer_historical_metrics.csv,3.154296875
11780,6.176636928,3.1982421875,0.0002233928571428,historical,raw/600m-dagformer_historical_metrics.csv,3.1499255952380953
11790,6.181879808,3.51953125,0.0002231919642857,historical,raw/600m-dagformer_historical_metrics.csv,3.1770833333333335
11800,6.187122688,3.0,0.0002229910714285,historical,raw/600m-dagformer_historical_metrics.csv,3.1703404017857144
11810,6.192365568,2.966796875,0.0002227901785714,historical,raw/600m-dagformer_historical_metrics.csv,3.1644810267857144
11820,6.197608448,3.0322265625,0.0002225892857142,historical,raw/600m-dagformer_historical_metrics.csv,3.1763857886904763
11830,6.202851328,2.7705078125,0.0002223883928571,historical,raw/600m-dagformer_historical_metrics.csv,3.1568545386904763
11840,6.208094208,3.1552734375,0.0002221875,historical,raw/600m-dagformer_historical_metrics.csv,3.1414620535714284
11850,6.213337088,3.1953125,0.0002219866071428,historical,raw/600m-dagformer_historical_metrics.csv,3.1424386160714284
11860,6.218579968,2.810546875,0.0002217857142857,historical,raw/600m-dagformer_historical_metrics.csv,3.1238839285714284
11870,6.223822848,3.087890625,0.0002215848214285,historical,raw/600m-dagformer_historical_metrics.csv,3.1284412202380953
11880,6.229065728,3.4912109375,0.0002213839285714,historical,raw/600m-dagformer_historical_metrics.csv,3.131928943452381
11890,6.234308608,2.712890625,0.0002211830357142,historical,raw/600m-dagformer_historical_metrics.csv,3.1103515625
11900,6.239551488,3.06005859375,0.0002209821428571,historical,raw/600m-dagformer_historical_metrics.csv,3.1012137276785716
11910,6.244794368,3.1923828125,0.0002207812499999,historical,raw/600m-dagformer_historical_metrics.csv,3.0996791294642856
11920,6.250037248,2.828125,0.0002205803571428,historical,raw/600m-dagformer_historical_metrics.csv,3.0801478794642856
11930,6.255280128,2.8857421875,0.0002203794642857,historical,raw/600m-dagformer_historical_metrics.csv,3.0766136532738093
11940,6.260523008,2.9892578125,0.0002201785714285,historical,raw/600m-dagformer_historical_metrics.csv,3.0638253348214284
11950,6.265765888,3.130859375,0.0002199776785714,historical,raw/600m-dagformer_historical_metrics.csv,3.0548037574404763
11960,6.271008768,3.2509765625,0.0002197767857142,historical,raw/600m-dagformer_historical_metrics.csv,3.064755394345238
11970,6.276251648,3.134765625,0.0002195758928571,historical,raw/600m-dagformer_historical_metrics.csv,3.0667550223214284
11980,6.281494528,2.8466796875,0.000219375,historical,raw/600m-dagformer_historical_metrics.csv,3.059965587797619
11990,6.286737408,2.91796875,0.0002191741071428,historical,raw/600m-dagformer_historical_metrics.csv,3.0466192336309526
12000,6.291980288,2.9052734375,0.0002189732142857,historical,raw/600m-dagformer_historical_metrics.csv,3.017368861607143
12010,6.297223168,2.5166015625,0.0002187723214285,historical,raw/600m-dagformer_historical_metrics.csv,2.994349888392857
12020,6.302466048,3.0126953125,0.0002185714285714,historical,raw/600m-dagformer_historical_metrics.csv,2.9965355282738093
12030,6.307708928,3.4140625,0.0002183705357142,historical,raw/600m-dagformer_historical_metrics.csv,3.0147181919642856
12040,6.312951808,3.0732421875,0.0002181696428571,historical,raw/600m-dagformer_historical_metrics.csv,3.0291341145833335
12050,6.318194688,3.0205078125,0.0002179687499999,historical,raw/600m-dagformer_historical_metrics.csv,3.0227167038690474
12060,6.323437568,2.9267578125,0.0002177678571428,historical,raw/600m-dagformer_historical_metrics.csv,3.0099283854166665
12070,6.328680448,3.044921875,0.0002175669642857,historical,raw/600m-dagformer_historical_metrics.csv,3.021089099702381
12080,6.333923328,3.6650390625,0.0002173660714285,historical,raw/600m-dagformer_historical_metrics.csv,3.0485723586309526
12090,6.339166208,2.9677734375,0.0002171651785714,historical,raw/600m-dagformer_historical_metrics.csv,3.023646763392857
12100,6.344409088,2.9775390625,0.0002169642857142,historical,raw/600m-dagformer_historical_metrics.csv,3.0362490699404763
12110,6.349651968,3.0869140625,0.0002167633928571,historical,raw/600m-dagformer_historical_metrics.csv,3.0375279017857144
12120,6.354894848,2.9130859375,0.0002165624999999,historical,raw/600m-dagformer_historical_metrics.csv,3.024228050595238
12130,6.360137728,3.0107421875,0.0002163616071428,historical,raw/600m-dagformer_historical_metrics.csv,3.032924107142857
12140,6.365380608,2.9169921875,0.0002161607142857,historical,raw/600m-dagformer_historical_metrics.csv,3.0344122023809526
12150,6.370623488,3.396484375,0.0002159598214285,historical,raw/600m-dagformer_historical_metrics.csv,3.053803943452381
12160,6.375866368,3.42578125,0.0002157589285714,historical,raw/600m-dagformer_historical_metrics.csv,3.0678478422619047
12170,6.381109248,3.109375,0.0002155580357142,historical,raw/600m-dagformer_historical_metrics.csv,3.0611049107142856
12180,6.386352128,2.748046875,0.0002153571428571,historical,raw/600m-dagformer_historical_metrics.csv,3.042689732142857
12190,6.391595008,3.181640625,0.00021515625,historical,raw/600m-dagformer_historical_metrics.csv,3.0586402529761907
12200,6.396837888,2.97265625,0.0002149553571428,historical,raw/600m-dagformer_historical_metrics.csv,3.061244419642857
12210,6.402080768,3.80078125,0.0002147544642857,historical,raw/600m-dagformer_historical_metrics.csv,3.1038876488095237
12220,6.407323648,3.2890625,0.0002145535714285,historical,raw/600m-dagformer_historical_metrics.csv,3.1406715029761907
12230,6.412566528,3.1337890625,0.0002143526785714,historical,raw/600m-dagformer_historical_metrics.csv,3.1464378720238093
12240,6.417809408,3.365234375,0.0002141517857142,historical,raw/600m-dagformer_historical_metrics.csv,3.1441127232142856
12250,6.423052288,3.16015625,0.0002139508928571,historical,raw/600m-dagformer_historical_metrics.csv,3.148251488095238
12260,6.428295168,3.1982421875,0.00021375,historical,raw/600m-dagformer_historical_metrics.csv,3.1567150297619047
12270,6.433538048,3.0224609375,0.0002135491071428,historical,raw/600m-dagformer_historical_metrics.csv,3.1612723214285716
12280,6.438780928,3.259765625,0.0002133482142857,historical,raw/600m-dagformer_historical_metrics.csv,3.1715029761904763
12290,6.444023808,3.2333984375,0.0002131473214285,historical,raw/600m-dagformer_historical_metrics.csv,3.1509486607142856
12300,6.449266688,2.931640625,0.0002129464285714,historical,raw/600m-dagformer_historical_metrics.csv,3.149228050595238
12310,6.454509568,2.7783203125,0.0002127455357142,historical,raw/600m-dagformer_historical_metrics.csv,3.139741443452381
12320,6.459752448,3.3564453125,0.0002125446428571,historical,raw/600m-dagformer_historical_metrics.csv,3.1525762648809526
12330,6.464995328,2.9296875,0.00021234375,historical,raw/600m-dagformer_historical_metrics.csv,3.1533668154761907
12340,6.470238208,2.83203125,0.0002121428571428,historical,raw/600m-dagformer_historical_metrics.csv,3.1448567708333335
12350,6.475481088,3.166015625,0.0002119419642857,historical,raw/600m-dagformer_historical_metrics.csv,3.1567150297619047
12360,6.480723968,3.0361328125,0.0002117410714285,historical,raw/600m-dagformer_historical_metrics.csv,3.139555431547619
12370,6.485966848,3.177734375,0.0002115401785714,historical,raw/600m-dagformer_historical_metrics.csv,3.127743675595238
12380,6.491209728,3.083984375,0.0002113392857142,historical,raw/600m-dagformer_historical_metrics.csv,3.1265345982142856
12390,6.496452608,3.115234375,0.0002111383928571,historical,raw/600m-dagformer_historical_metrics.csv,3.1440197172619047
12400,6.501695488,3.1220703125,0.0002109375,historical,raw/600m-dagformer_historical_metrics.csv,3.1411830357142856
12410,6.506938368,2.9326171875,0.0002107366071428,historical,raw/600m-dagformer_historical_metrics.csv,3.1392764136904763
12420,6.512181248,2.9287109375,0.0002105357142857,historical,raw/600m-dagformer_historical_metrics.csv,3.097749255952381
12430,6.517424128,2.740234375,0.0002103348214285,historical,raw/600m-dagformer_historical_metrics.csv,3.0716145833333335
12440,6.522667008,3.021484375,0.0002101339285714,historical,raw/600m-dagformer_historical_metrics.csv,3.0662667410714284
12450,6.527909888,3.0107421875,0.0002099330357142,historical,raw/600m-dagformer_historical_metrics.csv,3.0493861607142856
12460,6.533152768,2.59375,0.0002097321428571,historical,raw/600m-dagformer_historical_metrics.csv,3.0224144345238093
12470,6.538395648,3.2783203125,0.0002095312499999,historical,raw/600m-dagformer_historical_metrics.csv,3.0262276785714284
12480,6.543638528,3.0869140625,0.0002093303571428,historical,raw/600m-dagformer_historical_metrics.csv,3.029296875
12490,6.548881408,3.1630859375,0.0002091294642857,historical,raw/600m-dagformer_historical_metrics.csv,3.024693080357143
12500,6.554124288,3.169921875,0.0002089285714285,historical,raw/600m-dagformer_historical_metrics.csv,3.021670386904762
12510,6.559367168,3.1328125,0.0002087276785714,historical,raw/600m-dagformer_historical_metrics.csv,3.03125
12520,6.564610048,3.3916015625,0.0002085267857142,historical,raw/600m-dagformer_historical_metrics.csv,3.060453869047619
12530,6.569852928,3.3994140625,0.0002083258928571,historical,raw/600m-dagformer_historical_metrics.csv,3.0625
12540,6.575095808,2.9423828125,0.000208125,historical,raw/600m-dagformer_historical_metrics.csv,3.0631045386904763
12550,6.580338688,3.025390625,0.0002079241071428,historical,raw/600m-dagformer_historical_metrics.csv,3.0723121279761907
12560,6.585581568,3.0859375,0.0002077232142857,historical,raw/600m-dagformer_historical_metrics.csv,3.0684988839285716
12570,6.590824448,3.078125,0.0002075223214285,historical,raw/600m-dagformer_historical_metrics.csv,3.070498511904762
12580,6.596067328,3.1015625,0.0002073214285714,historical,raw/600m-dagformer_historical_metrics.csv,3.0668712797619047
12590,6.601310208,2.9677734375,0.0002071205357142,historical,raw/600m-dagformer_historical_metrics.csv,3.061337425595238
12600,6.606553088,2.8193359375,0.0002069196428571,historical,raw/600m-dagformer_historical_metrics.csv,3.0472470238095237
12610,6.611795968,2.8310546875,0.0002067187499999,historical,raw/600m-dagformer_historical_metrics.csv,3.033389136904762
12620,6.617038848,3.0478515625,0.0002065178571428,historical,raw/600m-dagformer_historical_metrics.csv,3.038876488095238
12630,6.622281728,3.2685546875,0.0002063169642857,historical,raw/600m-dagformer_historical_metrics.csv,3.0550595238095237
12640,6.627524608,3.1884765625,0.0002061160714285,historical,raw/600m-dagformer_historical_metrics.csv,3.0764043898809526
12650,6.632767488,2.974609375,0.0002059151785714,historical,raw/600m-dagformer_historical_metrics.csv,3.0741722470238093
12660,6.638010368,2.8740234375,0.0002057142857142,historical,raw/600m-dagformer_historical_metrics.csv,3.067661830357143
12670,6.643253248,2.818359375,0.0002055133928571,historical,raw/600m-dagformer_historical_metrics.csv,3.0783575148809526
12680,6.648496128,3.0771484375,0.0002053125,historical,raw/600m-dagformer_historical_metrics.csv,3.0687779017857144
12690,6.653739008,3.0087890625,0.0002051116071428,historical,raw/600m-dagformer_historical_metrics.csv,3.0650576636904763
12700,6.658981888,3.1083984375,0.0002049107142857,historical,raw/600m-dagformer_historical_metrics.csv,3.0624534970238093
12710,6.664224768,3.0869140625,0.0002047098214285,historical,raw/600m-dagformer_historical_metrics.csv,3.058500744047619
12720,6.669467648,3.0869140625,0.0002045089285714,historical,raw/600m-dagformer_historical_metrics.csv,3.0563151041666665
12730,6.674710528,2.9267578125,0.0002043080357142,historical,raw/600m-dagformer_historical_metrics.csv,3.0341796875
12740,6.679953408,3.314453125,0.0002041071428571,historical,raw/600m-dagformer_historical_metrics.csv,3.0301339285714284
12750,6.685196288,2.86572265625,0.0002039062499999,historical,raw/600m-dagformer_historical_metrics.csv,3.0264834449404763
12760,6.690439168,3.1318359375,0.0002037053571428,historical,raw/600m-dagformer_historical_metrics.csv,3.031552269345238
12770,6.695682048,2.986328125,0.0002035044642857,historical,raw/600m-dagformer_historical_metrics.csv,3.0268089657738093
12780,6.700924928,3.0478515625,0.0002033035714285,historical,raw/600m-dagformer_historical_metrics.csv,3.0253673735119047
12790,6.706167808,3.2265625,0.0002031026785714,historical,raw/600m-dagformer_historical_metrics.csv,3.0313197544642856
12800,6.711410688,3.21484375,0.0002029017857142,historical,raw/600m-dagformer_historical_metrics.csv,3.0430850074404763
12810,6.716653568,3.2470703125,0.0002027008928571,historical,raw/600m-dagformer_historical_metrics.csv,3.0634533110119047
12820,6.721896448,2.810546875,0.0002024999999999,historical,raw/600m-dagformer_historical_metrics.csv,3.0624767485119047
12830,6.727139328,3.98828125,0.0002022991071428,historical,raw/600m-dagformer_historical_metrics.csv,3.1072591145833335
12840,6.732382208,3.2548828125,0.0002020982142857,historical,raw/600m-dagformer_historical_metrics.csv,3.1066080729166665
12850,6.737625088,3.0771484375,0.0002018973214285,historical,raw/600m-dagformer_historical_metrics.csv,3.1013067336309526
12860,6.742867968,3.3125,0.0002016964285714,historical,raw/600m-dagformer_historical_metrics.csv,3.117396763392857
12870,6.748110848,3.078125,0.0002014955357142,historical,raw/600m-dagformer_historical_metrics.csv,3.1271158854166665
12880,6.753353728,3.0400390625,0.0002012946428571,historical,raw/600m-dagformer_historical_metrics.csv,3.1376720610119047
12890,6.758596608,3.1279296875,0.00020109375,historical,raw/600m-dagformer_historical_metrics.csv,3.1400902157738093
12900,6.763839488,3.0927734375,0.0002008928571428,historical,raw/600m-dagformer_historical_metrics.csv,3.1440894717261907
12910,6.769082368,3.052734375,0.0002006919642857,historical,raw/600m-dagformer_historical_metrics.csv,3.1414388020833335
12920,6.774325248,3.2685546875,0.0002004910714285,historical,raw/600m-dagformer_historical_metrics.csv,3.150088355654762
12930,6.779568128,3.23046875,0.0002002901785714,historical,raw/600m-dagformer_historical_metrics.csv,3.156924293154762
12940,6.784811008,3.021484375,0.0002000892857142,historical,raw/600m-dagformer_historical_metrics.csv,3.161435081845238
12950,6.790053888,3.1083984375,0.0001998883928571,historical,raw/600m-dagformer_historical_metrics.csv,3.1516229538690474
12960,6.795296768,2.9775390625,0.0001996875,historical,raw/600m-dagformer_historical_metrics.csv,3.156947544642857
12970,6.800539648,3.30078125,0.0001994866071428,historical,raw/600m-dagformer_historical_metrics.csv,3.1649925595238093
12980,6.805782528,3.1591796875,0.0001992857142857,historical,raw/600m-dagformer_historical_metrics.csv,3.1732235863095237
12990,6.811025408,3.4013671875,0.0001990848214285,historical,raw/600m-dagformer_historical_metrics.csv,3.1900576636904763
13000,6.816268288,3.2744140625,0.0001988839285714,historical,raw/600m-dagformer_historical_metrics.csv,3.1923363095238093
13010,6.821511168,3.15625,0.0001986830357142,historical,raw/600m-dagformer_historical_metrics.csv,3.189546130952381
13020,6.826754048,2.935546875,0.0001984821428571,historical,raw/600m-dagformer_historical_metrics.csv,3.174711681547619
13030,6.831996928,3.3173828125,0.00019828125,historical,raw/600m-dagformer_historical_metrics.csv,3.1988467261904763
13040,6.837239808,2.650390625,0.0001980803571428,historical,raw/600m-dagformer_historical_metrics.csv,3.1351376488095237
13050,6.842482688,3.01171875,0.0001978794642857,historical,raw/600m-dagformer_historical_metrics.csv,3.1235584077380953
13060,6.847725568,3.0830078125,0.0001976785714285,historical,raw/600m-dagformer_historical_metrics.csv,3.123837425595238
13070,6.852968448,2.8408203125,0.0001974776785714,historical,raw/600m-dagformer_historical_metrics.csv,3.101376488095238
13080,6.858211328,3.03515625,0.0001972767857142,historical,raw/600m-dagformer_historical_metrics.csv,3.099330357142857
13090,6.863454208,3.341796875,0.0001970758928571,historical,raw/600m-dagformer_historical_metrics.csv,3.1136997767857144
13100,6.868697088,2.9697265625,0.000196875,historical,raw/600m-dagformer_historical_metrics.csv,3.106166294642857
13110,6.873939968,2.9443359375,0.0001966741071428,historical,raw/600m-dagformer_historical_metrics.csv,3.0990978422619047
13120,6.879182848,2.9140625,0.0001964732142857,historical,raw/600m-dagformer_historical_metrics.csv,3.092494419642857
13130,6.884425728,3.0927734375,0.0001962723214285,historical,raw/600m-dagformer_historical_metrics.csv,3.0841238839285716
13140,6.889668608,3.0625,0.0001960714285714,historical,raw/600m-dagformer_historical_metrics.csv,3.0761253720238093
13150,6.894911488,2.80078125,0.0001958705357142,historical,raw/600m-dagformer_historical_metrics.csv,3.065615699404762
13160,6.900154368,2.900390625,0.0001956696428571,historical,raw/600m-dagformer_historical_metrics.csv,3.0557105654761907
13170,6.905397248,2.7861328125,0.0001954687499999,historical,raw/600m-dagformer_historical_metrics.csv,3.046595982142857
13180,6.910640128,3.5361328125,0.0001952678571428,historical,raw/600m-dagformer_historical_metrics.csv,3.057803199404762
13190,6.915883008,2.8642578125,0.0001950669642857,historical,raw/600m-dagformer_historical_metrics.csv,3.043759300595238
13200,6.921125888,2.9033203125,0.0001948660714285,historical,raw/600m-dagformer_historical_metrics.csv,3.0200427827380953
13210,6.926368768,2.8359375,0.0001946651785714,historical,raw/600m-dagformer_historical_metrics.csv,2.9991629464285716
13220,6.931611648,3.4111328125,0.0001944642857142,historical,raw/600m-dagformer_historical_metrics.csv,3.0113002232142856
13230,6.936854528,2.732421875,0.0001942633928571,historical,raw/600m-dagformer_historical_metrics.csv,3.0016276041666665
13240,6.942097408,3.44140625,0.0001940625,historical,raw/600m-dagformer_historical_metrics.csv,3.007533482142857
13250,6.947340288,2.9580078125,0.0001938616071428,historical,raw/600m-dagformer_historical_metrics.csv,3.022181919642857
13260,6.952583168,3.0283203125,0.0001936607142857,historical,raw/600m-dagformer_historical_metrics.csv,3.0229724702380953
13270,6.957826048,3.3779296875,0.0001934598214285,historical,raw/600m-dagformer_historical_metrics.csv,3.037016369047619
13280,6.963068928,3.0947265625,0.0001932589285714,historical,raw/600m-dagformer_historical_metrics.csv,3.049107142857143
13290,6.968311808,3.3349609375,0.0001930580357142,historical,raw/600m-dagformer_historical_metrics.csv,3.063383556547619
13300,6.973554688,3.1806640625,0.0001928571428571,historical,raw/600m-dagformer_historical_metrics.csv,3.0557105654761907
13310,6.978797568,2.9873046875,0.0001926562499999,historical,raw/600m-dagformer_historical_metrics.csv,3.056547619047619
13320,6.984040448,3.142578125,0.0001924553571428,historical,raw/600m-dagformer_historical_metrics.csv,3.0659877232142856
13330,6.989283328,2.9482421875,0.0001922544642857,historical,raw/600m-dagformer_historical_metrics.csv,3.0676153273809526
13340,6.994526208,3.361328125,0.0001920535714285,historical,raw/600m-dagformer_historical_metrics.csv,3.0804036458333335
13350,6.999769088,2.8466796875,0.0001918526785714,historical,raw/600m-dagformer_historical_metrics.csv,3.070126488095238
13360,7.005011968,3.365234375,0.0001916517857142,historical,raw/600m-dagformer_historical_metrics.csv,3.0970052083333335
13370,7.010254848,2.802734375,0.0001914508928571,historical,raw/600m-dagformer_historical_metrics.csv,3.0923549107142856
13380,7.015497728,3.357421875,0.00019125,historical,raw/600m-dagformer_historical_metrics.csv,3.1195591517857144
13390,7.020740608,3.212890625,0.0001910491071428,historical,raw/600m-dagformer_historical_metrics.csv,3.1041666666666665
13400,7.025983488,3.1904296875,0.0001908482142857,historical,raw/600m-dagformer_historical_metrics.csv,3.1196986607142856
13410,7.031226368,3.1826171875,0.0001906473214285,historical,raw/600m-dagformer_historical_metrics.csv,3.132998511904762
13420,7.036469248,2.8798828125,0.0001904464285714,historical,raw/600m-dagformer_historical_metrics.csv,3.1350911458333335
13430,7.041712128,2.8271484375,0.0001902455357142,historical,raw/600m-dagformer_historical_metrics.csv,3.1072823660714284
13440,7.046955008,2.638671875,0.0001900446428571,historical,raw/600m-dagformer_historical_metrics.csv,3.102818080357143
13450,7.052197888,2.9052734375,0.00018984375,historical,raw/600m-dagformer_historical_metrics.csv,3.0772879464285716
13460,7.057440768,2.9462890625,0.0001896428571428,historical,raw/600m-dagformer_historical_metrics.csv,3.0767299107142856
13470,7.062683648,3.16796875,0.0001894419642857,historical,raw/600m-dagformer_historical_metrics.csv,3.0833798363095237
13480,7.067926528,3.3564453125,0.0001892410714285,historical,raw/600m-dagformer_historical_metrics.csv,3.0823567708333335
13490,7.073169408,2.8369140625,0.0001890401785714,historical,raw/600m-dagformer_historical_metrics.csv,3.0700799851190474
13500,7.078412288,2.9072265625,0.0001888392857142,historical,raw/600m-dagformer_historical_metrics.csv,3.049711681547619
13510,7.083655168,3.3505859375,0.0001886383928571,historical,raw/600m-dagformer_historical_metrics.csv,3.057803199404762
13520,7.088898048,3.1044921875,0.0001884374999999,historical,raw/600m-dagformer_historical_metrics.csv,3.063383556547619
13530,7.094140928,2.9130859375,0.0001882366071428,historical,raw/600m-dagformer_historical_metrics.csv,3.052455357142857
13540,7.099383808,3.1533203125,0.0001880357142857,historical,raw/600m-dagformer_historical_metrics.csv,3.062220982142857
13550,7.104626688,3.173828125,0.0001878348214285,historical,raw/600m-dagformer_historical_metrics.csv,3.0532924107142856
13560,7.109869568,3.208984375,0.0001876339285714,historical,raw/600m-dagformer_historical_metrics.csv,3.0705450148809526
13570,7.115112448,2.986328125,0.0001874330357142,historical,raw/600m-dagformer_historical_metrics.csv,3.0525018601190474
13580,7.120355328,3.091796875,0.0001872321428571,historical,raw/600m-dagformer_historical_metrics.csv,3.0662667410714284
13590,7.125598208,3.1005859375,0.00018703125,historical,raw/600m-dagformer_historical_metrics.csv,3.0540364583333335
13600,7.130841088,3.1884765625,0.0001868303571428,historical,raw/600m-dagformer_historical_metrics.csv,3.0528738839285716
13610,7.136083968,2.994140625,0.0001866294642857,historical,raw/600m-dagformer_historical_metrics.csv,3.0435267857142856
13620,7.141326848,3.1162109375,0.0001864285714285,historical,raw/600m-dagformer_historical_metrics.csv,3.0403645833333335
13630,7.146569728,3.087890625,0.0001862276785714,historical,raw/600m-dagformer_historical_metrics.csv,3.0502697172619047
13640,7.151812608,3.0302734375,0.0001860267857142,historical,raw/600m-dagformer_historical_metrics.csv,3.0599423363095237
13650,7.157055488,2.923828125,0.0001858258928571,historical,raw/600m-dagformer_historical_metrics.csv,3.073521205357143
13660,7.162298368,3.15234375,0.0001856249999999,historical,raw/600m-dagformer_historical_metrics.csv,3.0852864583333335
13670,7.167541248,2.87109375,0.0001854241071428,historical,raw/600m-dagformer_historical_metrics.csv,3.0817057291666665
13680,7.172784128,2.873046875,0.0001852232142857,historical,raw/600m-dagformer_historical_metrics.csv,3.067661830357143
13690,7.178027008,3.0146484375,0.0001850223214285,historical,raw/600m-dagformer_historical_metrics.csv,3.0513857886904763
13700,7.183269888,2.9921875,0.0001848214285714,historical,raw/600m-dagformer_historical_metrics.csv,3.058779761904762
13710,7.188512768,3.0810546875,0.0001846205357142,historical,raw/600m-dagformer_historical_metrics.csv,3.0670572916666665
13720,7.193755648,2.826171875,0.0001844196428571,historical,raw/600m-dagformer_historical_metrics.csv,3.042085193452381
13730,7.198998528,2.94921875,0.00018421875,historical,raw/600m-dagformer_historical_metrics.csv,3.0346912202380953
13740,7.204241408,3.08984375,0.0001840178571428,historical,raw/600m-dagformer_historical_metrics.csv,3.0431082589285716
13750,7.209484288,3.1474609375,0.0001838169642857,historical,raw/600m-dagformer_historical_metrics.csv,3.0428292410714284
13760,7.214727168,3.0595703125,0.0001836160714285,historical,raw/600m-dagformer_historical_metrics.csv,3.037388392857143
13770,7.219970048,3.150390625,0.0001834151785714,historical,raw/600m-dagformer_historical_metrics.csv,3.0345982142857144
13780,7.225212928,2.7841796875,0.0001832142857142,historical,raw/600m-dagformer_historical_metrics.csv,3.0249720982142856
13790,7.230455808,2.98046875,0.0001830133928571,historical,raw/600m-dagformer_historical_metrics.csv,3.0196707589285716
13800,7.235698688,2.865234375,0.0001828125,historical,raw/600m-dagformer_historical_metrics.csv,3.0084635416666665
13810,7.240941568,3.4658203125,0.0001826116071428,historical,raw/600m-dagformer_historical_metrics.csv,3.021670386904762
13820,7.246184448,3.0712890625,0.0001824107142857,historical,raw/600m-dagformer_historical_metrics.csv,3.0253441220238093
13830,7.251427328,2.88671875,0.0001822098214285,historical,raw/600m-dagformer_historical_metrics.csv,3.0144159226190474
13840,7.256670208,3.3154296875,0.0001820089285714,historical,raw/600m-dagformer_historical_metrics.csv,3.0252511160714284
13850,7.261913088,2.94140625,0.0001818080357142,historical,raw/600m-dagformer_historical_metrics.csv,3.0210193452380953
13860,7.267155968,3.716796875,0.0001816071428571,historical,raw/600m-dagformer_historical_metrics.csv,3.058779761904762
13870,7.272398848,3.212890625,0.0001814062499999,historical,raw/600m-dagformer_historical_metrics.csv,3.0616629464285716
13880,7.277641728,3.0625,0.0001812053571428,historical,raw/600m-dagformer_historical_metrics.csv,3.0707775297619047
13890,7.282884608,3.2412109375,0.0001810044642857,historical,raw/600m-dagformer_historical_metrics.csv,3.0883091517857144
13900,7.288127488,2.9404296875,0.0001808035714285,historical,raw/600m-dagformer_historical_metrics.csv,3.084774925595238
13910,7.293370368,2.8759765625,0.0001806026785714,historical,raw/600m-dagformer_historical_metrics.csv,3.0792410714285716
13920,7.298613248,3.4404296875,0.0001804017857142,historical,raw/600m-dagformer_historical_metrics.csv,3.0963541666666665
13930,7.303856128,3.12890625,0.0001802008928571,historical,raw/600m-dagformer_historical_metrics.csv,3.1107700892857144
13940,7.309099008,2.896484375,0.00018,historical,raw/600m-dagformer_historical_metrics.csv,3.1082589285714284
13950,7.314341888,2.8056640625,0.0001797991071428,historical,raw/600m-dagformer_historical_metrics.csv,3.0947265625
13960,7.319584768,3.1103515625,0.0001795982142857,historical,raw/600m-dagformer_historical_metrics.csv,3.092959449404762
13970,7.324827648,2.8984375,0.0001793973214285,historical,raw/600m-dagformer_historical_metrics.csv,3.0852864583333335
13980,7.330070528,2.96484375,0.0001791964285714,historical,raw/600m-dagformer_historical_metrics.csv,3.076450892857143
13990,7.335313408,3.119140625,0.0001789955357142,historical,raw/600m-dagformer_historical_metrics.csv,3.0924014136904763
14000,7.340556288,3.193359375,0.0001787946428571,historical,raw/600m-dagformer_historical_metrics.csv,3.1025390625
14010,7.345799168,3.615234375,0.00017859375,continuation,raw/600m-dagformer_continuation_metrics.csv,3.615234375
14020,7.351042048,3.005859375,0.0001783928571428,continuation,raw/600m-dagformer_continuation_metrics.csv,3.310546875
14030,7.356284928,2.80859375,0.0001781919642857,continuation,raw/600m-dagformer_continuation_metrics.csv,3.1432291666666665
14040,7.361527808,2.9892578125,0.0001779910714285,continuation,raw/600m-dagformer_continuation_metrics.csv,3.104736328125
14050,7.366770688,2.8681640625,0.0001777901785714,continuation,raw/600m-dagformer_continuation_metrics.csv,3.057421875
14060,7.372013568,3.2734375,0.0001775892857142,continuation,raw/600m-dagformer_continuation_metrics.csv,3.0934244791666665
14070,7.377256448,3.1005859375,0.0001773883928571,continuation,raw/600m-dagformer_continuation_metrics.csv,3.094447544642857
14080,7.382499328,3.0556640625,0.0001771875,continuation,raw/600m-dagformer_continuation_metrics.csv,3.089599609375
14090,7.387742208,3.1484375,0.0001769866071428,continuation,raw/600m-dagformer_continuation_metrics.csv,3.0961371527777777
14100,7.392985088,3.0205078125,0.0001767857142857,continuation,raw/600m-dagformer_continuation_metrics.csv,3.08857421875
14110,7.398227968,3.7841796875,0.0001765848214285,continuation,raw/600m-dagformer_continuation_metrics.csv,3.1518110795454546
14120,7.403470848,2.9873046875,0.0001763839285714,continuation,raw/600m-dagformer_continuation_metrics.csv,3.1381022135416665
14130,7.408713728,3.00390625,0.0001761830357142,continuation,raw/600m-dagformer_continuation_metrics.csv,3.1277794471153846
14140,7.413956608,3.2880859375,0.0001759821428571,continuation,raw/600m-dagformer_continuation_metrics.csv,3.1392299107142856
14150,7.419199488,3.0703125,0.00017578125,continuation,raw/600m-dagformer_continuation_metrics.csv,3.134635416666667
14160,7.424442368,3.59375,0.0001755803571428,continuation,raw/600m-dagformer_continuation_metrics.csv,3.163330078125
14170,7.429685248,3.37109375,0.0001753794642857,continuation,raw/600m-dagformer_continuation_metrics.csv,3.1755514705882355
14180,7.434928128,2.9873046875,0.0001751785714285,continuation,raw/600m-dagformer_continuation_metrics.csv,3.1650933159722223
14190,7.440171008,2.6748046875,0.0001749776785714,continuation,raw/600m-dagformer_continuation_metrics.csv,3.1392886513157894
14200,7.445413888,3.0322265625,0.0001747767857142,continuation,raw/600m-dagformer_continuation_metrics.csv,3.133935546875
14210,7.450656768,3.44140625,0.0001745758928571,continuation,raw/600m-dagformer_continuation_metrics.csv,3.1485770089285716
14220,7.455899648,3.2333984375,0.0001743749999999,continuation,raw/600m-dagformer_continuation_metrics.csv,3.1303943452380953
14230,7.461142528,2.873046875,0.0001741741071428,continuation,raw/600m-dagformer_continuation_metrics.csv,3.1240699404761907
14240,7.466385408,3.0908203125,0.0001739732142857,continuation,raw/600m-dagformer_continuation_metrics.csv,3.137509300595238
14250,7.471628288,3.7109375,0.0001737723214285,continuation,raw/600m-dagformer_continuation_metrics.csv,3.171875
14260,7.476871168,2.96875,0.0001735714285714,continuation,raw/600m-dagformer_continuation_metrics.csv,3.176664806547619
14270,7.482114048,3.1962890625,0.0001733705357142,continuation,raw/600m-dagformer_continuation_metrics.csv,3.1729910714285716
14280,7.487356928,2.951171875,0.0001731696428571,continuation,raw/600m-dagformer_continuation_metrics.csv,3.1658761160714284
14290,7.492599808,3.017578125,0.00017296875,continuation,raw/600m-dagformer_continuation_metrics.csv,3.1640625
14300,7.497842688,3.2578125,0.0001727678571428,continuation,raw/600m-dagformer_continuation_metrics.csv,3.1692708333333335
14310,7.503085568,2.99609375,0.0001725669642857,continuation,raw/600m-dagformer_continuation_metrics.csv,3.1681082589285716
14320,7.508328448,2.8486328125,0.0001723660714285,continuation,raw/600m-dagformer_continuation_metrics.csv,3.1235584077380953
14330,7.513571328,2.994140625,0.0001721651785714,continuation,raw/600m-dagformer_continuation_metrics.csv,3.1238839285714284
14340,7.518814208,2.994140625,0.0001719642857142,continuation,raw/600m-dagformer_continuation_metrics.csv,3.1234188988095237
14350,7.524057088,3.1923828125,0.0001717633928571,continuation,raw/600m-dagformer_continuation_metrics.csv,3.118861607142857
14360,7.529299968,2.935546875,0.0001715624999999,continuation,raw/600m-dagformer_continuation_metrics.csv,3.1124441964285716
14370,7.534542848,3.0283203125,0.0001713616071428,continuation,raw/600m-dagformer_continuation_metrics.csv,3.0855189732142856
14380,7.539785728,3.2978515625,0.0001711607142857,continuation,raw/600m-dagformer_continuation_metrics.csv,3.08203125
14390,7.545028608,2.9072265625,0.0001709598214285,continuation,raw/600m-dagformer_continuation_metrics.csv,3.078218005952381
14400,7.550271488,3.1279296875,0.0001707589285714,continuation,raw/600m-dagformer_continuation_metrics.csv,3.099795386904762
14410,7.555514368,2.84375,0.0001705580357142,continuation,raw/600m-dagformer_continuation_metrics.csv,3.0908203125
14420,7.560757248,3.2626953125,0.0001703571428571,continuation,raw/600m-dagformer_continuation_metrics.csv,3.082310267857143
14430,7.566000128,3.0751953125,0.00017015625,continuation,raw/600m-dagformer_continuation_metrics.csv,3.0747767857142856
14440,7.571243008,3.2431640625,0.0001699553571428,continuation,raw/600m-dagformer_continuation_metrics.csv,3.0924014136904763
14450,7.576485888,3.1796875,0.0001697544642857,continuation,raw/600m-dagformer_continuation_metrics.csv,3.0966331845238093
14460,7.581728768,3.0205078125,0.0001695535714285,continuation,raw/600m-dagformer_continuation_metrics.csv,3.063755580357143
14470,7.586971648,3.2646484375,0.0001693526785714,continuation,raw/600m-dagformer_continuation_metrics.csv,3.077845982142857
14480,7.592214528,3.30078125,0.0001691517857142,continuation,raw/600m-dagformer_continuation_metrics.csv,3.082821800595238
14490,7.597457408,2.818359375,0.0001689508928571,continuation,raw/600m-dagformer_continuation_metrics.csv,3.0764973958333335
14500,7.602700288,3.1865234375,0.00016875,continuation,raw/600m-dagformer_continuation_metrics.csv,3.0845424107142856
14510,7.607943168,3.5,0.0001685491071428,continuation,raw/600m-dagformer_continuation_metrics.csv,3.0960751488095237
14520,7.613186048,2.876953125,0.0001683482142857,continuation,raw/600m-dagformer_continuation_metrics.csv,3.0904017857142856
14530,7.618428928,2.826171875,0.0001681473214285,continuation,raw/600m-dagformer_continuation_metrics.csv,3.0893322172619047
14540,7.623671808,3.2177734375,0.0001679464285714,continuation,raw/600m-dagformer_continuation_metrics.csv,3.0999813988095237
14550,7.628914688,2.9990234375,0.0001677455357142,continuation,raw/600m-dagformer_continuation_metrics.csv,3.1002139136904763
14560,7.634157568,2.9443359375,0.0001675446428571,continuation,raw/600m-dagformer_continuation_metrics.csv,3.0884021577380953
14570,7.639400448,3.5517578125,0.0001673437499999,continuation,raw/600m-dagformer_continuation_metrics.csv,3.1177455357142856
14580,7.644643328,3.146484375,0.0001671428571428,continuation,raw/600m-dagformer_continuation_metrics.csv,3.1233723958333335
14590,7.649886208,2.60498046875,0.0001669419642857,continuation,raw/600m-dagformer_continuation_metrics.csv,3.0903785342261907
14600,7.655129088,3.1865234375,0.0001667410714285,continuation,raw/600m-dagformer_continuation_metrics.csv,3.1036783854166665
14610,7.660371968,3.208984375,0.0001665401785714,continuation,raw/600m-dagformer_continuation_metrics.csv,3.1075381324404763
14620,7.665614848,3.037109375,0.0001663392857142,continuation,raw/600m-dagformer_continuation_metrics.csv,3.1167457217261907
14630,7.670857728,3.177734375,0.0001661383928571,continuation,raw/600m-dagformer_continuation_metrics.csv,3.112699962797619
14640,7.676100608,2.958984375,0.0001659375,continuation,raw/600m-dagformer_continuation_metrics.csv,3.1071661086309526
14650,7.681343488,3.3173828125,0.0001657366071428,continuation,raw/600m-dagformer_continuation_metrics.csv,3.1107003348214284
14660,7.686586368,3.015625,0.0001655357142857,continuation,raw/600m-dagformer_continuation_metrics.csv,3.1028878348214284
14670,7.691829248,3.0361328125,0.0001653348214285,continuation,raw/600m-dagformer_continuation_metrics.csv,3.1036318824404763
14680,7.697072128,3.0146484375,0.0001651339285714,continuation,raw/600m-dagformer_continuation_metrics.csv,3.0917271205357144
14690,7.702315008,3.140625,0.0001649330357142,continuation,raw/600m-dagformer_continuation_metrics.csv,3.0841006324404763
14700,7.707557888,2.91796875,0.0001647321428571,continuation,raw/600m-dagformer_continuation_metrics.csv,3.0888439360119047
14710,7.712800768,2.8876953125,0.00016453125,continuation,raw/600m-dagformer_continuation_metrics.csv,3.074614025297619
14720,7.718043648,3.3017578125,0.0001643303571428,continuation,raw/600m-dagformer_continuation_metrics.csv,3.0651739211309526
14730,7.723286528,3.2158203125,0.0001641294642857,continuation,raw/600m-dagformer_continuation_metrics.csv,3.0813104538690474
14740,7.728529408,3.375,0.0001639285714285,continuation,raw/600m-dagformer_continuation_metrics.csv,3.1074451264880953
14750,7.733772288,3.34765625,0.0001637276785714,continuation,raw/600m-dagformer_continuation_metrics.csv,3.1136300223214284
14760,7.739015168,3.12109375,0.0001635267857142,continuation,raw/600m-dagformer_continuation_metrics.csv,3.119442894345238
14770,7.744258048,3.1201171875,0.0001633258928571,continuation,raw/600m-dagformer_continuation_metrics.csv,3.1278134300595237
14780,7.749500928,2.9775390625,0.000163125,continuation,raw/600m-dagformer_continuation_metrics.csv,3.1004696800595237
14790,7.754743808,3.1416015625,0.0001629241071428,continuation,raw/600m-dagformer_continuation_metrics.csv,3.1002371651785716
14800,7.759986688,3.10546875,0.0001627232142857,continuation,raw/600m-dagformer_continuation_metrics.csv,3.1240699404761907
14810,7.765229568,3.1123046875,0.0001625223214285,continuation,raw/600m-dagformer_continuation_metrics.csv,3.1205357142857144
14820,7.770472448,3.443359375,0.0001623214285714,continuation,raw/600m-dagformer_continuation_metrics.csv,3.1316964285714284
14830,7.775715328,2.80078125,0.0001621205357142,continuation,raw/600m-dagformer_continuation_metrics.csv,3.1204427083333335
14840,7.780958208,3.072265625,0.0001619196428571,continuation,raw/600m-dagformer_continuation_metrics.csv,3.115420386904762
14850,7.786201088,2.916015625,0.00016171875,continuation,raw/600m-dagformer_continuation_metrics.csv,3.113374255952381
14860,7.791443968,2.9853515625,0.0001615178571428,continuation,raw/600m-dagformer_continuation_metrics.csv,3.097563244047619
14870,7.796686848,3.1923828125,0.0001613169642857,continuation,raw/600m-dagformer_continuation_metrics.csv,3.1059802827380953
14880,7.801929728,3.046875,0.0001611160714285,continuation,raw/600m-dagformer_continuation_metrics.csv,3.1064918154761907
14890,7.807172608,2.880859375,0.0001609151785714,continuation,raw/600m-dagformer_continuation_metrics.csv,3.1001209077380953
14900,7.812415488,3.0205078125,0.0001607142857142,continuation,raw/600m-dagformer_continuation_metrics.csv,3.0944010416666665
14910,7.817658368,3.1591796875,0.0001605133928571,continuation,raw/600m-dagformer_continuation_metrics.csv,3.1058872767857144
14920,7.822901248,2.890625,0.0001603124999999,continuation,raw/600m-dagformer_continuation_metrics.csv,3.1060267857142856
14930,7.828144128,2.9033203125,0.0001601116071428,continuation,raw/600m-dagformer_continuation_metrics.csv,3.0870535714285716
14940,7.833387008,2.939453125,0.0001599107142857,continuation,raw/600m-dagformer_continuation_metrics.csv,3.0738932291666665
14950,7.838629888,2.9541015625,0.0001597098214285,continuation,raw/600m-dagformer_continuation_metrics.csv,3.0538504464285716
14960,7.843872768,3.0166015625,0.0001595089285714,continuation,raw/600m-dagformer_continuation_metrics.csv,3.0380859375
14970,7.849115648,2.982421875,0.0001593080357142,continuation,raw/600m-dagformer_continuation_metrics.csv,3.0314825148809526
14980,7.854358528,3.298828125,0.0001591071428571,continuation,raw/600m-dagformer_continuation_metrics.csv,3.0399925595238093
14990,7.859601408,3.0966796875,0.00015890625,continuation,raw/600m-dagformer_continuation_metrics.csv,3.0456659226190474
15000,7.864844288,3.0390625,0.0001587053571428,continuation,raw/600m-dagformer_continuation_metrics.csv,3.0407831101190474
15010,7.870087168,2.830078125,0.0001585044642857,continuation,raw/600m-dagformer_continuation_metrics.csv,3.0276692708333335
15020,7.875330048,2.9599609375,0.0001583035714285,continuation,raw/600m-dagformer_continuation_metrics.csv,3.020414806547619
15030,7.880572928,3.1591796875,0.0001581026785714,continuation,raw/600m-dagformer_continuation_metrics.csv,3.0068824404761907
15040,7.885815808,2.91015625,0.0001579017857142,continuation,raw/600m-dagformer_continuation_metrics.csv,3.0120907738095237
15050,7.891058688,3.125,0.0001577008928571,continuation,raw/600m-dagformer_continuation_metrics.csv,3.0146019345238093
15060,7.896301568,3.283203125,0.0001574999999999,continuation,raw/600m-dagformer_continuation_metrics.csv,3.0320870535714284
15070,7.901544448,3.2314453125,0.0001572991071428,continuation,raw/600m-dagformer_continuation_metrics.csv,3.0438058035714284
15080,7.906787328,3.0205078125,0.0001570982142857,continuation,raw/600m-dagformer_continuation_metrics.csv,3.0356212797619047
15090,7.912030208,3.05859375,0.0001568973214285,continuation,raw/600m-dagformer_continuation_metrics.csv,3.0361793154761907
15100,7.917273088,2.97265625,0.0001566964285714,continuation,raw/600m-dagformer_continuation_metrics.csv,3.0405505952380953
15110,7.922515968,2.95703125,0.0001564955357142,continuation,raw/600m-dagformer_continuation_metrics.csv,3.0375279017857144
15120,7.927758848,2.96484375,0.0001562946428571,continuation,raw/600m-dagformer_continuation_metrics.csv,3.0282738095238093
15130,7.933001728,3.025390625,0.00015609375,continuation,raw/600m-dagformer_continuation_metrics.csv,3.0346912202380953
15140,7.938244608,3.091796875,0.0001558928571428,continuation,raw/600m-dagformer_continuation_metrics.csv,3.043666294642857
15150,7.943487488,3.314453125,0.0001556919642857,continuation,raw/600m-dagformer_continuation_metrics.csv,3.0615234375
15160,7.948730368,2.3271484375,0.0001554910714285,continuation,raw/600m-dagformer_continuation_metrics.csv,3.0316685267857144
15170,7.953973248,2.8310546875,0.0001552901785714,continuation,raw/600m-dagformer_continuation_metrics.csv,3.0228329613095237
15180,7.959216128,3.25390625,0.0001550892857142,continuation,raw/600m-dagformer_continuation_metrics.csv,3.0357607886904763
15190,7.964459008,2.71337890625,0.0001548883928571,continuation,raw/600m-dagformer_continuation_metrics.csv,3.0078822544642856
15200,7.969701888,3.267578125,0.0001546874999999,continuation,raw/600m-dagformer_continuation_metrics.csv,3.016020275297619
15210,7.974944768,3.119140625,0.0001544866071428,continuation,raw/600m-dagformer_continuation_metrics.csv,3.019833519345238
15220,7.980187648,3.1796875,0.0001542857142857,continuation,raw/600m-dagformer_continuation_metrics.csv,3.0364815848214284
15230,7.985430528,2.8876953125,0.0001540848214285,continuation,raw/600m-dagformer_continuation_metrics.csv,3.0330403645833335
15240,7.990673408,2.86328125,0.0001538839285714,continuation,raw/600m-dagformer_continuation_metrics.csv,3.018949962797619
15250,7.995916288,3.130859375,0.0001536830357142,continuation,raw/600m-dagformer_continuation_metrics.csv,3.0294596354166665
15260,8.001159168,2.70703125,0.0001534821428571,continuation,raw/600m-dagformer_continuation_metrics.csv,3.009556361607143
15270,8.006402048,2.94921875,0.00015328125,continuation,raw/600m-dagformer_continuation_metrics.csv,2.99365234375
15280,8.011644928,3.03515625,0.0001530803571428,continuation,raw/600m-dagformer_continuation_metrics.csv,2.9843052455357144
15290,8.016887808,2.9462890625,0.0001528794642857,continuation,raw/600m-dagformer_continuation_metrics.csv,2.980771019345238
15300,8.022130688,2.71923828125,0.0001526785714285,continuation,raw/600m-dagformer_continuation_metrics.csv,2.9646112351190474
15310,8.027373568,3.078125,0.0001524776785714,continuation,raw/600m-dagformer_continuation_metrics.csv,2.969633556547619
15320,8.032616448,3.1171875,0.0001522767857142,continuation,raw/600m-dagformer_continuation_metrics.csv,2.977260044642857
15330,8.037859328,3.4150390625,0.0001520758928571,continuation,raw/600m-dagformer_continuation_metrics.csv,2.9986979166666665
15340,8.043102208,3.0478515625,0.000151875,continuation,raw/600m-dagformer_continuation_metrics.csv,2.9997674851190474
15350,8.048345088,3.0703125,0.0001516741071428,continuation,raw/600m-dagformer_continuation_metrics.csv,2.998744419642857
15360,8.053587968,2.92578125,0.0001514732142857,continuation,raw/600m-dagformer_continuation_metrics.csv,2.9802362351190474
15370,8.058830848,2.998046875,0.0001512723214285,continuation,raw/600m-dagformer_continuation_metrics.csv,3.0121837797619047
15380,8.064073728,2.841796875,0.0001510714285714,continuation,raw/600m-dagformer_continuation_metrics.csv,3.0126953125
15390,8.069316608,2.8759765625,0.0001508705357142,continuation,raw/600m-dagformer_continuation_metrics.csv,2.9946986607142856
15400,8.074559488,3.1357421875,0.0001506696428571,continuation,raw/600m-dagformer_continuation_metrics.csv,3.0148111979166665
15410,8.079802368,3.498046875,0.00015046875,continuation,raw/600m-dagformer_continuation_metrics.csv,3.025785900297619
15420,8.085045248,3.31640625,0.0001502678571428,continuation,raw/600m-dagformer_continuation_metrics.csv,3.0351795014880953
15430,8.090288128,3.279296875,0.0001500669642857,continuation,raw/600m-dagformer_continuation_metrics.csv,3.0399228050595237
15440,8.095531008,3.126953125,0.0001498660714285,continuation,raw/600m-dagformer_continuation_metrics.csv,3.0513160342261907
15450,8.100773888,3.2568359375,0.0001496651785714,continuation,raw/600m-dagformer_continuation_metrics.csv,3.0700567336309526
15460,8.106016768,2.865234375,0.0001494642857142,continuation,raw/600m-dagformer_continuation_metrics.csv,3.057407924107143
15470,8.111259648,2.767578125,0.0001492633928571,continuation,raw/600m-dagformer_continuation_metrics.csv,3.0602911086309526
15480,8.116502528,3.0107421875,0.0001490625,continuation,raw/600m-dagformer_continuation_metrics.csv,3.0632207961309526
15490,8.121745408,2.912109375,0.0001488616071428,continuation,raw/600m-dagformer_continuation_metrics.csv,3.0573614211309526
15500,8.126988288,3.056640625,0.0001486607142857,continuation,raw/600m-dagformer_continuation_metrics.csv,3.0626162574404763
15510,8.132231168,2.921875,0.0001484598214285,continuation,raw/600m-dagformer_continuation_metrics.csv,3.072265625
15520,8.137474048,3.263671875,0.0001482589285714,continuation,raw/600m-dagformer_continuation_metrics.csv,3.0811011904761907
15530,8.142716928,2.828125,0.0001480580357142,continuation,raw/600m-dagformer_continuation_metrics.csv,3.0673363095238093
15540,8.147959808,2.763671875,0.0001478571428571,continuation,raw/600m-dagformer_continuation_metrics.csv,3.036318824404762
15550,8.153202688,2.9208984375,0.00014765625,continuation,raw/600m-dagformer_continuation_metrics.csv,3.0302734375
15560,8.158445568,3.5029296875,0.0001474553571428,continuation,raw/600m-dagformer_continuation_metrics.csv,3.050874255952381
15570,8.163688448,3.3916015625,0.0001472544642857,continuation,raw/600m-dagformer_continuation_metrics.csv,3.073056175595238
15580,8.168931328,3.6435546875,0.0001470535714285,continuation,raw/600m-dagformer_continuation_metrics.csv,3.103794642857143
15590,8.174174208,3.5361328125,0.0001468526785714,continuation,raw/600m-dagformer_continuation_metrics.csv,3.1368582589285716
15600,8.179417088,3.2255859375,0.0001466517857142,continuation,raw/600m-dagformer_continuation_metrics.csv,3.153506324404762
15610,8.184659968,3.0009765625,0.0001464508928571,continuation,raw/600m-dagformer_continuation_metrics.csv,3.1470889136904763
15620,8.189902848,2.85546875,0.0001462499999999,continuation,raw/600m-dagformer_continuation_metrics.csv,3.116489955357143
15630,8.195145728,2.9814453125,0.0001460491071428,continuation,raw/600m-dagformer_continuation_metrics.csv,3.1005394345238093
15640,8.200388608,3.2060546875,0.0001458482142857,continuation,raw/600m-dagformer_continuation_metrics.csv,3.0970517113095237
15650,8.205631488,3.2802734375,0.0001456473214285,continuation,raw/600m-dagformer_continuation_metrics.csv,3.1043526785714284
15660,8.210874368,3.0361328125,0.0001454464285714,continuation,raw/600m-dagformer_continuation_metrics.csv,3.093843005952381
15670,8.216117248,2.7255859375,0.0001452455357142,continuation,raw/600m-dagformer_continuation_metrics.csv,3.087193080357143
15680,8.221360128,2.44921875,0.0001450446428571,continuation,raw/600m-dagformer_continuation_metrics.csv,3.0720331101190474
15690,8.226603008,3.1357421875,0.00014484375,continuation,raw/600m-dagformer_continuation_metrics.csv,3.0779854910714284
15700,8.231845888,2.8515625,0.0001446428571428,continuation,raw/600m-dagformer_continuation_metrics.csv,3.075102306547619
15710,8.237088768,3.0244140625,0.0001444419642857,continuation,raw/600m-dagformer_continuation_metrics.csv,3.0735677083333335
15720,8.242331648,3.2734375,0.0001442410714285,continuation,raw/600m-dagformer_continuation_metrics.csv,3.0903087797619047
15730,8.247574528,3.3076171875,0.0001440401785714,continuation,raw/600m-dagformer_continuation_metrics.csv,3.0924014136904763
15740,8.252817408,3.1025390625,0.0001438392857142,continuation,raw/600m-dagformer_continuation_metrics.csv,3.10546875
15750,8.258060288,3.1669921875,0.0001436383928571,continuation,raw/600m-dagformer_continuation_metrics.csv,3.1246744791666665
15760,8.263303168,3.0576171875,0.0001434374999999,continuation,raw/600m-dagformer_continuation_metrics.csv,3.1311848958333335
15770,8.268546048,2.966796875,0.0001432366071428,continuation,raw/600m-dagformer_continuation_metrics.csv,3.105654761904762
15780,8.273788928,3.3193359375,0.0001430357142857,continuation,raw/600m-dagformer_continuation_metrics.csv,3.1022135416666665
15790,8.279031808,2.587890625,0.0001428348214285,continuation,raw/600m-dagformer_continuation_metrics.csv,3.051943824404762
15800,8.284274688,3.439453125,0.0001426339285714,continuation,raw/600m-dagformer_continuation_metrics.csv,3.0473400297619047
15810,8.289517568,2.6416015625,0.0001424330357142,continuation,raw/600m-dagformer_continuation_metrics.csv,3.01953125
15820,8.294760448,2.8505859375,0.0001422321428571,continuation,raw/600m-dagformer_continuation_metrics.csv,3.0123697916666665
15830,8.300003328,2.88671875,0.00014203125,continuation,raw/600m-dagformer_continuation_metrics.csv,3.013857886904762
15840,8.305246208,2.9013671875,0.0001418303571428,continuation,raw/600m-dagformer_continuation_metrics.csv,3.010044642857143
15850,8.310489088,2.8681640625,0.0001416294642857,continuation,raw/600m-dagformer_continuation_metrics.csv,2.993954613095238
15860,8.315731968,3.2060546875,0.0001414285714285,continuation,raw/600m-dagformer_continuation_metrics.csv,2.990420386904762
15870,8.320974848,2.748046875,0.0001412276785714,continuation,raw/600m-dagformer_continuation_metrics.csv,2.9767020089285716
15880,8.326217728,3.498046875,0.0001410267857142,continuation,raw/600m-dagformer_continuation_metrics.csv,3.013485863095238
15890,8.331460608,2.7197265625,0.0001408258928571,continuation,raw/600m-dagformer_continuation_metrics.csv,3.0263671875
15900,8.336703488,3.1162109375,0.000140625,continuation,raw/600m-dagformer_continuation_metrics.csv,3.0254371279761907
15910,8.341946368,3.2890625,0.0001404241071428,continuation,raw/600m-dagformer_continuation_metrics.csv,3.0462704613095237
15920,8.347189248,3.2177734375,0.0001402232142857,continuation,raw/600m-dagformer_continuation_metrics.csv,3.055478050595238
15930,8.352432128,2.8583984375,0.0001400223214285,continuation,raw/600m-dagformer_continuation_metrics.csv,3.0357142857142856
15940,8.357675008,2.9375,0.0001398214285714,continuation,raw/600m-dagformer_continuation_metrics.csv,3.0180896577380953
15950,8.362917888,2.986328125,0.0001396205357142,continuation,raw/600m-dagformer_continuation_metrics.csv,3.0125558035714284
15960,8.368160768,1.9970703125,0.0001394196428571,continuation,raw/600m-dagformer_continuation_metrics.csv,2.956845238095238
15970,8.373403648,1.57861328125,0.0001392187499999,continuation,raw/600m-dagformer_continuation_metrics.csv,2.886416480654762
15980,8.378646528,2.8330078125,0.0001390178571428,continuation,raw/600m-dagformer_continuation_metrics.csv,2.8800455729166665
15990,8.383889408,3.0,0.0001388169642857,continuation,raw/600m-dagformer_continuation_metrics.csv,2.864839099702381
16000,8.389132288,3.28515625,0.0001386160714285,continuation,raw/600m-dagformer_continuation_metrics.csv,2.898042224702381
16010,8.394375168,3.4921875,0.0001384151785714,continuation,raw/600m-dagformer_continuation_metrics.csv,2.9005533854166665
16020,8.399618048,3.1953125,0.0001382142857142,continuation,raw/600m-dagformer_continuation_metrics.csv,2.9269205729166665
16030,8.404860928,3.22265625,0.0001380133928571,continuation,raw/600m-dagformer_continuation_metrics.csv,2.944638206845238
16040,8.410103808,2.9462890625,0.0001378125,continuation,raw/600m-dagformer_continuation_metrics.csv,2.947474888392857
16050,8.415346688,2.8837890625,0.0001376116071428,continuation,raw/600m-dagformer_continuation_metrics.csv,2.9466378348214284
16060,8.420589568,2.9169921875,0.0001374107142857,continuation,raw/600m-dagformer_continuation_metrics.csv,2.9489629836309526
16070,8.425832448,2.767578125,0.0001372098214285,continuation,raw/600m-dagformer_continuation_metrics.csv,2.9280831473214284
16080,8.431075328,2.8662109375,0.0001370089285714,continuation,raw/600m-dagformer_continuation_metrics.csv,2.9337100074404763
16090,8.436318208,3.4033203125,0.0001368080357142,continuation,raw/600m-dagformer_continuation_metrics.csv,2.92919921875
16100,8.441561088,3.091796875,0.0001366071428571,continuation,raw/600m-dagformer_continuation_metrics.csv,2.9469168526785716
16110,8.446803968,3.1533203125,0.00013640625,continuation,raw/600m-dagformer_continuation_metrics.csv,2.9486839657738093
16120,8.452046848,3.23046875,0.0001362053571428,continuation,raw/600m-dagformer_continuation_metrics.csv,2.945893787202381
16130,8.457289728,3.2392578125,0.0001360044642857,continuation,raw/600m-dagformer_continuation_metrics.csv,2.9469168526785716
16140,8.462532608,3.1328125,0.0001358035714285,continuation,raw/600m-dagformer_continuation_metrics.csv,2.9599841889880953
16150,8.467775488,2.9921875,0.0001356026785714,continuation,raw/600m-dagformer_continuation_metrics.csv,2.962588355654762
16160,8.473018368,3.2021484375,0.0001354017857142,continuation,raw/600m-dagformer_continuation_metrics.csv,2.972865513392857
16170,8.478261248,3.10986328125,0.0001352008928571,continuation,raw/600m-dagformer_continuation_metrics.csv,3.0258556547619047
16180,8.483504128,3.294921875,0.000135,continuation,raw/600m-dagformer_continuation_metrics.csv,3.1075846354166665
16190,8.488747008,2.9833984375,0.0001347991071428,continuation,raw/600m-dagformer_continuation_metrics.csv,3.11474609375
16200,8.493989888,3.2158203125,0.0001345982142857,continuation,raw/600m-dagformer_continuation_metrics.csv,3.1250232514880953
16210,8.499232768,3.20703125,0.0001343973214285,continuation,raw/600m-dagformer_continuation_metrics.csv,3.121303013392857
16220,8.504475648,3.34765625,0.0001341964285714,continuation,raw/600m-dagformer_continuation_metrics.csv,3.1144205729166665
16230,8.509718528,3.267578125,0.0001339955357142,continuation,raw/600m-dagformer_continuation_metrics.csv,3.117861793154762
16240,8.514961408,3.53515625,0.0001337946428571,continuation,raw/600m-dagformer_continuation_metrics.csv,3.1327427455357144
16250,8.520204288,3.7099609375,0.00013359375,continuation,raw/600m-dagformer_continuation_metrics.csv,3.1691080729166665
16260,8.525447168,3.3740234375,0.0001333928571428,continuation,raw/600m-dagformer_continuation_metrics.csv,3.1924525669642856
16270,8.530690048,3.017578125,0.0001331919642857,continuation,raw/600m-dagformer_continuation_metrics.csv,3.1972423735119047
16280,8.535932928,3.11328125,0.0001329910714285,continuation,raw/600m-dagformer_continuation_metrics.csv,3.2137044270833335
16290,8.541175808,3.125,0.0001327901785714,continuation,raw/600m-dagformer_continuation_metrics.csv,3.2260277157738093
16300,8.546418688,3.1533203125,0.0001325892857142,continuation,raw/600m-dagformer_continuation_metrics.csv,3.2141229538690474
16310,8.551661568,2.953125,0.0001323883928571,continuation,raw/600m-dagformer_continuation_metrics.csv,3.20751953125
16320,8.556904448,2.7919921875,0.0001321874999999,continuation,raw/600m-dagformer_continuation_metrics.csv,3.1903134300595237
16330,8.562147328,2.642578125,0.0001319866071428,continuation,raw/600m-dagformer_continuation_metrics.csv,3.162318638392857
16340,8.567390208,3.3447265625,0.0001317857142857,continuation,raw/600m-dagformer_continuation_metrics.csv,3.1673409598214284
16350,8.572633088,3.37109375,0.0001315848214285,continuation,raw/600m-dagformer_continuation_metrics.csv,3.1786876860119047
16360,8.577875968,3.1650390625,0.0001313839285714,continuation,raw/600m-dagformer_continuation_metrics.csv,3.186918712797619
16370,8.583118848,2.921875,0.0001311830357142,continuation,raw/600m-dagformer_continuation_metrics.csv,3.1735723586309526
16380,8.588361728,2.98046875,0.0001309821428571,continuation,raw/600m-dagformer_continuation_metrics.csv,3.1674107142857144
16390,8.593604608,3.0224609375,0.00013078125,continuation,raw/600m-dagformer_continuation_metrics.csv,3.1544363839285716
16400,8.598847488,3.1953125,0.0001305803571428,continuation,raw/600m-dagformer_continuation_metrics.csv,3.1645275297619047
16410,8.604090368,3.1533203125,0.0001303794642857,continuation,raw/600m-dagformer_continuation_metrics.csv,3.1615513392857144
16420,8.609333248,3.1201171875,0.0001301785714285,continuation,raw/600m-dagformer_continuation_metrics.csv,3.157412574404762
16430,8.614576128,2.8154296875,0.0001299776785714,continuation,raw/600m-dagformer_continuation_metrics.csv,3.1320684523809526
16440,8.619819008,3.1708984375,0.0001297767857142,continuation,raw/600m-dagformer_continuation_metrics.csv,3.1274646577380953
16450,8.625061888,3.1796875,0.0001295758928571,continuation,raw/600m-dagformer_continuation_metrics.csv,3.110537574404762
16460,8.630304768,2.9189453125,0.000129375,continuation,raw/600m-dagformer_continuation_metrics.csv,3.0728701636904763
16470,8.635547648,3.2841796875,0.0001291741071428,continuation,raw/600m-dagformer_continuation_metrics.csv,3.0685918898809526
16480,8.640790528,2.7744140625,0.0001289732142857,continuation,raw/600m-dagformer_continuation_metrics.csv,3.0570126488095237
16490,8.646033408,3.2060546875,0.0001287723214285,continuation,raw/600m-dagformer_continuation_metrics.csv,3.061430431547619
16500,8.651276288,2.892578125,0.0001285714285714,continuation,raw/600m-dagformer_continuation_metrics.csv,3.0503627232142856
16510,8.656519168,3.19140625,0.0001283705357142,continuation,raw/600m-dagformer_continuation_metrics.csv,3.0521763392857144
16520,8.661762048,2.97265625,0.0001281696428571,continuation,raw/600m-dagformer_continuation_metrics.csv,3.0531063988095237
16530,8.667004928,3.0869140625,0.00012796875,continuation,raw/600m-dagformer_continuation_metrics.csv,3.0671502976190474
16540,8.672247808,3.115234375,0.0001277678571428,continuation,raw/600m-dagformer_continuation_metrics.csv,3.089657738095238
16550,8.677490688,3.1083984375,0.0001275669642857,continuation,raw/600m-dagformer_continuation_metrics.csv,3.078404017857143
16560,8.682733568,3.162109375,0.0001273660714285,continuation,raw/600m-dagformer_continuation_metrics.csv,3.068452380952381
16570,8.687976448,2.865234375,0.0001271651785714,continuation,raw/600m-dagformer_continuation_metrics.csv,3.0541759672619047
16580,8.693219328,3.0556640625,0.0001269642857142,continuation,raw/600m-dagformer_continuation_metrics.csv,3.060546875
16590,8.698462208,3.0,0.0001267633928571,continuation,raw/600m-dagformer_continuation_metrics.csv,3.0614769345238093
16600,8.703705088,3.40234375,0.0001265625,continuation,raw/600m-dagformer_continuation_metrics.csv,3.0795665922619047
16610,8.708947968,2.9833984375,0.0001263616071428,continuation,raw/600m-dagformer_continuation_metrics.csv,3.0694754464285716
16620,8.714190848,2.947265625,0.0001261607142857,continuation,raw/600m-dagformer_continuation_metrics.csv,3.059663318452381
16630,8.719433728,2.072998046875,0.0001259598214285,continuation,raw/600m-dagformer_continuation_metrics.csv,3.009800502232143
16640,8.724676608,3.19921875,0.0001257589285714,continuation,raw/600m-dagformer_continuation_metrics.csv,3.028076171875
16650,8.729919488,3.271484375,0.0001255580357142,continuation,raw/600m-dagformer_continuation_metrics.csv,3.032865978422619
16660,8.735162368,3.2138671875,0.0001253571428571,continuation,raw/600m-dagformer_continuation_metrics.csv,3.0344935825892856
16670,8.740405248,3.21875,0.0001251562499999,continuation,raw/600m-dagformer_continuation_metrics.csv,3.048769996279762
16680,8.745648128,3.1669921875,0.0001249553571428,continuation,raw/600m-dagformer_continuation_metrics.csv,3.0431896391369047
16690,8.750891008,2.734375,0.0001247544642857,continuation,raw/600m-dagformer_continuation_metrics.csv,3.0412830171130953
16700,8.756133888,3.255859375,0.0001245535714285,continuation,raw/600m-dagformer_continuation_metrics.csv,3.0436546688988093
16710,8.761376768,3.1953125,0.0001243526785714,continuation,raw/600m-dagformer_continuation_metrics.csv,3.058070591517857
16720,8.766619648,2.8505859375,0.0001241517857142,continuation,raw/600m-dagformer_continuation_metrics.csv,3.041841052827381
16730,8.771862528,2.685546875,0.0001239508928571,continuation,raw/600m-dagformer_continuation_metrics.csv,3.028169177827381
16740,8.777105408,3.34375,0.00012375,continuation,raw/600m-dagformer_continuation_metrics.csv,3.0403994605654763
16750,8.782348288,3.5126953125,0.0001235491071428,continuation,raw/600m-dagformer_continuation_metrics.csv,3.059326171875
16760,8.787591168,2.8671875,0.0001233482142857,continuation,raw/600m-dagformer_continuation_metrics.csv,3.0478399367559526
16770,8.792834048,3.3828125,0.0001231473214285,continuation,raw/600m-dagformer_continuation_metrics.csv,3.058349609375
16780,8.798076928,2.9443359375,0.0001229464285714,continuation,raw/600m-dagformer_continuation_metrics.csv,3.0621163504464284
16790,8.803319808,2.9580078125,0.0001227455357142,continuation,raw/600m-dagformer_continuation_metrics.csv,3.057466052827381
16800,8.808562688,3.3720703125,0.0001225446428571,continuation,raw/600m-dagformer_continuation_metrics.csv,3.0751836867559526
16810,8.813805568,3.2080078125,0.0001223437499999,continuation,raw/600m-dagformer_continuation_metrics.csv,3.0659295944940474
16820,8.819048448,3.0888671875,0.0001221428571428,continuation,raw/600m-dagformer_continuation_metrics.csv,3.070951915922619
16830,8.824291328,3.1748046875,0.0001219419642857,continuation,raw/600m-dagformer_continuation_metrics.csv,3.081787109375
16840,8.829534208,3.623046875,0.0001217410714285,continuation,raw/600m-dagformer_continuation_metrics.csv,3.1555989583333335
16850,8.834777088,3.1376953125,0.0001215401785714,continuation,raw/600m-dagformer_continuation_metrics.csv,3.1526692708333335
16860,8.840019968,3.11328125,0.0001213392857142,continuation,raw/600m-dagformer_continuation_metrics.csv,3.1451357886904763
16870,8.845262848,3.1162109375,0.0001211383928571,continuation,raw/600m-dagformer_continuation_metrics.csv,3.1404854910714284
16880,8.850505728,3.134765625,0.0001209375,continuation,raw/600m-dagformer_continuation_metrics.csv,3.1364862351190474
16890,8.855748608,3.380859375,0.0001207366071428,continuation,raw/600m-dagformer_continuation_metrics.csv,3.146670386904762
16900,8.860991488,2.7529296875,0.0001205357142857,continuation,raw/600m-dagformer_continuation_metrics.csv,3.147553943452381
16910,8.866234368,2.9013671875,0.0001203348214285,continuation,raw/600m-dagformer_continuation_metrics.csv,3.130673363095238
16920,8.871477248,3.0146484375,0.0001201339285714,continuation,raw/600m-dagformer_continuation_metrics.csv,3.1220703125
16930,8.876720128,3.2216796875,0.0001199330357142,continuation,raw/600m-dagformer_continuation_metrics.csv,3.139741443452381
16940,8.881963008,3.23046875,0.0001197321428571,continuation,raw/600m-dagformer_continuation_metrics.csv,3.1656901041666665
16950,8.887205888,3.0068359375,0.00011953125,continuation,raw/600m-dagformer_continuation_metrics.csv,3.1496465773809526
16960,8.892448768,2.8583984375,0.0001193303571428,continuation,raw/600m-dagformer_continuation_metrics.csv,3.1184895833333335
16970,8.897691648,2.63671875,0.0001191294642857,continuation,raw/600m-dagformer_continuation_metrics.csv,3.107514880952381
16980,8.902934528,2.818359375,0.0001189285714285,continuation,raw/600m-dagformer_continuation_metrics.csv,3.0806361607142856
16990,8.908177408,2.7548828125,0.0001187276785714,continuation,raw/600m-dagformer_continuation_metrics.csv,3.0716145833333335
17000,8.913420288,3.2490234375,0.0001185267857142,continuation,raw/600m-dagformer_continuation_metrics.csv,3.0854724702380953
17010,8.918663168,2.890625,0.0001183258928571,continuation,raw/600m-dagformer_continuation_metrics.csv,3.0625465029761907
17020,8.923906048,3.041015625,0.0001181249999999,continuation,raw/600m-dagformer_continuation_metrics.csv,3.054594494047619
17030,8.929148928,2.8251953125,0.0001179241071428,continuation,raw/600m-dagformer_continuation_metrics.csv,3.0420386904761907
17040,8.934391808,3.1103515625,0.0001177232142857,continuation,raw/600m-dagformer_continuation_metrics.csv,3.038969494047619
17050,8.939634688,3.2958984375,0.0001175223214285,continuation,raw/600m-dagformer_continuation_metrics.csv,3.0233909970238093
17060,8.944877568,3.2529296875,0.0001173214285714,continuation,raw/600m-dagformer_continuation_metrics.csv,3.0288783482142856
17070,8.950120448,3.0703125,0.0001171205357142,continuation,raw/600m-dagformer_continuation_metrics.csv,3.0268322172619047
17080,8.955363328,3.15625,0.0001169196428571,continuation,raw/600m-dagformer_continuation_metrics.csv,3.0287388392857144
17090,8.960606208,3.20703125,0.00011671875,continuation,raw/600m-dagformer_continuation_metrics.csv,3.0321800595238093
17100,8.965849088,3.0546875,0.0001165178571428,continuation,raw/600m-dagformer_continuation_metrics.csv,3.0166480654761907
17110,8.971091968,2.9375,0.0001163169642857,continuation,raw/600m-dagformer_continuation_metrics.csv,3.0254371279761907
17120,8.976334848,2.9287109375,0.0001161160714285,continuation,raw/600m-dagformer_continuation_metrics.csv,3.0267392113095237
17130,8.981577728,3.0205078125,0.0001159151785714,continuation,raw/600m-dagformer_continuation_metrics.csv,3.0270182291666665
17140,8.986820608,3.0517578125,0.0001157142857142,continuation,raw/600m-dagformer_continuation_metrics.csv,3.0189267113095237
17150,8.992063488,2.923828125,0.0001155133928571,continuation,raw/600m-dagformer_continuation_metrics.csv,3.0043247767857144
17160,8.997306368,3.2724609375,0.0001153124999999,continuation,raw/600m-dagformer_continuation_metrics.csv,3.0169735863095237
17170,9.002549248,2.90234375,0.0001151116071428,continuation,raw/600m-dagformer_continuation_metrics.csv,3.0190662202380953
17180,9.007792128,3.0546875,0.0001149107142857,continuation,raw/600m-dagformer_continuation_metrics.csv,3.038969494047619
17190,9.013035008,3.05859375,0.0001147098214285,continuation,raw/600m-dagformer_continuation_metrics.csv,3.0504092261904763
17200,9.018277888,3.1611328125,0.0001145089285714,continuation,raw/600m-dagformer_continuation_metrics.csv,3.0697544642857144
17210,9.023520768,2.8798828125,0.0001143080357142,continuation,raw/600m-dagformer_continuation_metrics.csv,3.0521763392857144
17220,9.028763648,2.6171875,0.0001141071428571,continuation,raw/600m-dagformer_continuation_metrics.csv,3.039155505952381
17230,9.034006528,3.06640625,0.00011390625,continuation,raw/600m-dagformer_continuation_metrics.csv,3.0403645833333335
17240,9.039249408,2.365234375,0.0001137053571428,continuation,raw/600m-dagformer_continuation_metrics.csv,3.018461681547619
17250,9.044492288,2.970703125,0.0001135044642857,continuation,raw/600m-dagformer_continuation_metrics.csv,3.011811755952381
17260,9.049735168,3.083984375,0.0001133035714285,continuation,raw/600m-dagformer_continuation_metrics.csv,3.0017206101190474
17270,9.054978048,3.013671875,0.0001131026785714,continuation,raw/600m-dagformer_continuation_metrics.csv,2.990327380952381
17280,9.060220928,2.7978515625,0.0001129017857142,continuation,raw/600m-dagformer_continuation_metrics.csv,2.977353050595238
17290,9.065463808,2.7509765625,0.0001127008928571,continuation,raw/600m-dagformer_continuation_metrics.csv,2.9580543154761907
17300,9.070706688,2.66552734375,0.0001125,continuation,raw/600m-dagformer_continuation_metrics.csv,2.9322684151785716
17310,9.075949568,3.1005859375,0.0001122991071428,continuation,raw/600m-dagformer_continuation_metrics.csv,2.9344540550595237
17320,9.081192448,3.21875,0.0001120982142857,continuation,raw/600m-dagformer_continuation_metrics.csv,2.947846912202381
17330,9.086435328,3.12109375,0.0001118973214285,continuation,raw/600m-dagformer_continuation_metrics.csv,2.9570079985119047
17340,9.091678208,3.23046875,0.0001116964285714,continuation,raw/600m-dagformer_continuation_metrics.csv,2.967006138392857
17350,9.096921088,3.3369140625,0.0001114955357142,continuation,raw/600m-dagformer_continuation_metrics.csv,2.9805850074404763
17360,9.102163968,3.0732421875,0.0001112946428571,continuation,raw/600m-dagformer_continuation_metrics.csv,2.987699962797619
17370,9.107406848,3.1904296875,0.0001110937499999,continuation,raw/600m-dagformer_continuation_metrics.csv,2.983793712797619
17380,9.112649728,3.2392578125,0.0001108928571428,continuation,raw/600m-dagformer_continuation_metrics.csv,2.9998372395833335
17390,9.117892608,3.4306640625,0.0001106919642857,continuation,raw/600m-dagformer_continuation_metrics.csv,3.0177408854166665
17400,9.123135488,3.1455078125,0.0001104910714285,continuation,raw/600m-dagformer_continuation_metrics.csv,3.021879650297619
17410,9.128378368,3.083984375,0.0001102901785714,continuation,raw/600m-dagformer_continuation_metrics.csv,3.0182059151785716
17420,9.133621248,3.0634765625,0.0001100892857142,continuation,raw/600m-dagformer_continuation_metrics.csv,3.026948474702381
17430,9.138864128,2.236328125,0.0001098883928571,continuation,raw/600m-dagformer_continuation_metrics.csv,3.0088123139880953
17440,9.144107008,3.15234375,0.0001096875,continuation,raw/600m-dagformer_continuation_metrics.csv,3.012904575892857
17450,9.149349888,3.42578125,0.0001094866071428,continuation,raw/600m-dagformer_continuation_metrics.csv,3.0634068080357144
17460,9.154592768,2.9453125,0.0001092857142857,continuation,raw/600m-dagformer_continuation_metrics.csv,3.062197730654762
17470,9.159835648,3.3974609375,0.0001090848214285,continuation,raw/600m-dagformer_continuation_metrics.csv,3.0771251860119047
17480,9.165078528,2.88330078125,0.0001088839285714,continuation,raw/600m-dagformer_continuation_metrics.csv,3.0709170386904763
17490,9.170321408,2.9384765625,0.0001086830357142,continuation,raw/600m-dagformer_continuation_metrics.csv,3.0776134672619047
17500,9.175564288,2.8857421875,0.0001084821428571,continuation,raw/600m-dagformer_continuation_metrics.csv,3.0840308779761907
17510,9.180807168,3.3740234375,0.0001082812499999,continuation,raw/600m-dagformer_continuation_metrics.csv,3.117768787202381
17520,9.186050048,2.837890625,0.0001080803571428,continuation,raw/600m-dagformer_continuation_metrics.csv,3.105259486607143
17530,9.191292928,2.8125,0.0001078794642857,continuation,raw/600m-dagformer_continuation_metrics.csv,3.0859142485119047
17540,9.196535808,3.1123046875,0.0001076785714285,continuation,raw/600m-dagformer_continuation_metrics.csv,3.0854957217261907
17550,9.201778688,3.0673828125,0.0001074776785714,continuation,raw/600m-dagformer_continuation_metrics.csv,3.077729724702381
17560,9.207021568,3.05078125,0.0001072767857142,continuation,raw/600m-dagformer_continuation_metrics.csv,3.0641043526785716
17570,9.212264448,2.9755859375,0.0001070758928571,continuation,raw/600m-dagformer_continuation_metrics.csv,3.0594540550595237
17580,9.217507328,3.0595703125,0.000106875,continuation,raw/600m-dagformer_continuation_metrics.csv,3.05322265625
17590,9.222750208,2.8134765625,0.0001066741071428,continuation,raw/600m-dagformer_continuation_metrics.csv,3.0329473586309526
17600,9.227993088,2.9150390625,0.0001064732142857,continuation,raw/600m-dagformer_continuation_metrics.csv,3.008393787202381
17610,9.233235968,3.4228515625,0.0001062723214285,continuation,raw/600m-dagformer_continuation_metrics.csv,3.0216006324404763
17620,9.238478848,3.15234375,0.0001060714285714,continuation,raw/600m-dagformer_continuation_metrics.csv,3.0248558407738093
17630,9.243721728,3.103515625,0.0001058705357142,continuation,raw/600m-dagformer_continuation_metrics.csv,3.026762462797619
17640,9.248964608,3.15625,0.0001056696428571,continuation,raw/600m-dagformer_continuation_metrics.csv,3.0705682663690474
17650,9.254207488,3.34375,0.00010546875,continuation,raw/600m-dagformer_continuation_metrics.csv,3.079682849702381
17660,9.259450368,3.244140625,0.0001052678571428,continuation,raw/600m-dagformer_continuation_metrics.csv,3.0710332961309526
17670,9.264693248,2.998046875,0.0001050669642857,continuation,raw/600m-dagformer_continuation_metrics.csv,3.073544456845238
17680,9.269936128,3.068359375,0.0001048660714285,continuation,raw/600m-dagformer_continuation_metrics.csv,3.0578729538690474
17690,9.275179008,3.544921875,0.0001046651785714,continuation,raw/600m-dagformer_continuation_metrics.csv,3.0893787202380953
17700,9.280421888,2.8359375,0.0001044642857142,continuation,raw/600m-dagformer_continuation_metrics.csv,3.0844959077380953
17710,9.285664768,2.876953125,0.0001042633928571,continuation,raw/600m-dagformer_continuation_metrics.csv,3.084077380952381
17720,9.290907648,2.880859375,0.0001040624999999,continuation,raw/600m-dagformer_continuation_metrics.csv,3.0605933779761907
17730,9.296150528,2.7763671875,0.0001038616071428,continuation,raw/600m-dagformer_continuation_metrics.csv,3.0576636904761907
17740,9.301393408,2.7666015625,0.0001036607142857,continuation,raw/600m-dagformer_continuation_metrics.csv,3.055478050595238
17750,9.306636288,3.0341796875,0.0001034598214285,continuation,raw/600m-dagformer_continuation_metrics.csv,3.0517578125
17760,9.311879168,2.837890625,0.0001032589285714,continuation,raw/600m-dagformer_continuation_metrics.csv,3.040829613095238
17770,9.317122048,3.59375,0.0001030580357142,continuation,raw/600m-dagformer_continuation_metrics.csv,3.066685267857143
17780,9.322364928,3.21484375,0.0001028571428571,continuation,raw/600m-dagformer_continuation_metrics.csv,3.0780784970238093
17790,9.327607808,3.109375,0.00010265625,continuation,raw/600m-dagformer_continuation_metrics.csv,3.0804501488095237
17800,9.332850688,3.109375,0.0001024553571428,continuation,raw/600m-dagformer_continuation_metrics.csv,3.094540550595238
17810,9.338093568,2.896484375,0.0001022544642857,continuation,raw/600m-dagformer_continuation_metrics.csv,3.093656994047619
17820,9.343336448,2.787109375,0.0001020535714285,continuation,raw/600m-dagformer_continuation_metrics.csv,3.063383556547619
17830,9.348579328,2.8583984375,0.0001018526785714,continuation,raw/600m-dagformer_continuation_metrics.csv,3.0493861607142856
17840,9.353822208,2.9736328125,0.0001016517857142,continuation,raw/600m-dagformer_continuation_metrics.csv,3.0432012648809526
17850,9.359065088,3.2138671875,0.0001014508928571,continuation,raw/600m-dagformer_continuation_metrics.csv,3.0459449404761907
17860,9.364307968,3.6025390625,0.0001012499999999,continuation,raw/600m-dagformer_continuation_metrics.csv,3.0582682291666665
17870,9.369550848,3.001953125,0.0001010491071428,continuation,raw/600m-dagformer_continuation_metrics.csv,3.0467354910714284
17880,9.374793728,3.154296875,0.0001008482142857,continuation,raw/600m-dagformer_continuation_metrics.csv,3.0541759672619047
17890,9.380036608,2.9130859375,0.0001006473214285,continuation,raw/600m-dagformer_continuation_metrics.csv,3.046781994047619
17900,9.385279488,3.1650390625,0.0001004464285714,continuation,raw/600m-dagformer_continuation_metrics.csv,3.0286923363095237
17910,9.390522368,3.83203125,0.0001002455357142,continuation,raw/600m-dagformer_continuation_metrics.csv,3.0761253720238093
17920,9.395765248,3.1025390625,0.0001000446428571,continuation,raw/600m-dagformer_continuation_metrics.csv,3.0868675595238093
17930,9.401008128,2.9970703125,9.984375e-05,continuation,raw/600m-dagformer_continuation_metrics.csv,3.0924014136904763
17940,9.406251008,2.908203125,9.964285714285712e-05,continuation,raw/600m-dagformer_continuation_metrics.csv,3.0986793154761907
17950,9.411493888,2.9013671875,9.94419642857143e-05,continuation,raw/600m-dagformer_continuation_metrics.csv,3.1050967261904763
17960,9.416736768,3.017578125,9.924107142857144e-05,continuation,raw/600m-dagformer_continuation_metrics.csv,3.104306175595238
17970,9.421979648,3.185546875,9.90401785714286e-05,continuation,raw/600m-dagformer_continuation_metrics.csv,3.1208612351190474
17980,9.427222528,2.11962890625,9.88392857142857e-05,continuation,raw/600m-dagformer_continuation_metrics.csv,3.0506649925595237
17990,9.432465408,2.90625,9.863839285714288e-05,continuation,raw/600m-dagformer_continuation_metrics.csv,3.0359700520833335
18000,9.437708288,3.544921875,9.84375e-05,continuation,raw/600m-dagformer_continuation_metrics.csv,3.0567103794642856
18010,9.442951168,3.0947265625,9.823660714285712e-05,continuation,raw/600m-dagformer_continuation_metrics.csv,3.0560128348214284
18020,9.448194048,2.9892578125,9.803571428571428e-05,continuation,raw/600m-dagformer_continuation_metrics.csv,3.0604306175595237
18030,9.453436928,3.0556640625,9.78348214285714e-05,continuation,raw/600m-dagformer_continuation_metrics.csv,3.0732189360119047
18040,9.458679808,3.0986328125,9.763392857142858e-05,continuation,raw/600m-dagformer_continuation_metrics.csv,3.084658668154762
18050,9.463922688,3.16015625,9.74330357142857e-05,continuation,raw/600m-dagformer_continuation_metrics.csv,3.093540736607143
18060,9.469165568,3.0576171875,9.723214285714286e-05,continuation,raw/600m-dagformer_continuation_metrics.csv,3.0861002604166665
18070,9.474408448,2.701171875,9.703124999999998e-05,continuation,raw/600m-dagformer_continuation_metrics.csv,3.043178013392857
18080,9.479651328,3.0400390625,9.683035714285716e-05,continuation,raw/600m-dagformer_continuation_metrics.csv,3.0449916294642856
18090,9.484894208,2.935546875,9.662946428571428e-05,continuation,raw/600m-dagformer_continuation_metrics.csv,3.034574962797619
18100,9.490137088,2.9208984375,9.642857142857145e-05,continuation,raw/600m-dagformer_continuation_metrics.csv,3.034946986607143
18110,9.495379968,2.80078125,9.622767857142857e-05,continuation,raw/600m-dagformer_continuation_metrics.csv,3.0176013764880953
18120,9.500622848,2.880859375,9.602678571428573e-05,continuation,raw/600m-dagformer_continuation_metrics.csv,2.9723074776785716
18130,9.505865728,3.3330078125,9.582589285714285e-05,continuation,raw/600m-dagformer_continuation_metrics.csv,2.9832821800595237
18140,9.511108608,3.2529296875,9.5625e-05,continuation,raw/600m-dagformer_continuation_metrics.csv,2.9954659598214284
18150,9.516351488,2.8837890625,9.542410714285711e-05,continuation,raw/600m-dagformer_continuation_metrics.csv,2.9943033854166665
18160,9.521594368,2.8671875,9.52232142857143e-05,continuation,raw/600m-dagformer_continuation_metrics.csv,2.99267578125
18170,9.526837248,3.8564453125,9.50223214285714e-05,continuation,raw/600m-dagformer_continuation_metrics.csv,3.032621837797619
18180,9.532080128,2.6865234375,9.482142857142858e-05,continuation,raw/600m-dagformer_continuation_metrics.csv,3.0088588169642856
18190,9.537323008,3.28515625,9.46205357142857e-05,continuation,raw/600m-dagformer_continuation_metrics.csv,3.064360119047619
18200,9.542565888,3.0830078125,9.441964285714286e-05,continuation,raw/600m-dagformer_continuation_metrics.csv,3.0727771577380953
18210,9.547808768,3.1455078125,9.421874999999998e-05,continuation,raw/600m-dagformer_continuation_metrics.csv,3.0537574404761907
18220,9.553051648,2.9052734375,9.401785714285716e-05,continuation,raw/600m-dagformer_continuation_metrics.csv,3.044735863095238
18230,9.558294528,3.255859375,9.381696428571428e-05,continuation,raw/600m-dagformer_continuation_metrics.csv,3.057431175595238
18240,9.563537408,3.33203125,9.361607142857144e-05,continuation,raw/600m-dagformer_continuation_metrics.csv,3.070591517857143
18250,9.568780288,2.951171875,9.341517857142856e-05,continuation,raw/600m-dagformer_continuation_metrics.csv,3.063569568452381
18260,9.574023168,2.9423828125,9.321428571428572e-05,continuation,raw/600m-dagformer_continuation_metrics.csv,3.0531994047619047
18270,9.579266048,3.4052734375,9.301339285714284e-05,continuation,raw/600m-dagformer_continuation_metrics.csv,3.0697544642857144
18280,9.584508928,3.080078125,9.28125e-05,continuation,raw/600m-dagformer_continuation_metrics.csv,3.087797619047619
18290,9.589751808,3.162109375,9.261160714285712e-05,continuation,raw/600m-dagformer_continuation_metrics.csv,3.0936104910714284
18300,9.594994688,3.2998046875,9.241071428571432e-05,continuation,raw/600m-dagformer_continuation_metrics.csv,3.1109561011904763
18310,9.600237568,2.927734375,9.220982142857144e-05,continuation,raw/600m-dagformer_continuation_metrics.csv,3.1112816220238093
18320,9.605480448,2.8681640625,9.20089285714286e-05,continuation,raw/600m-dagformer_continuation_metrics.csv,3.1144903273809526
18330,9.610723328,2.9326171875,9.180803571428572e-05,continuation,raw/600m-dagformer_continuation_metrics.csv,3.1169549851190474
18340,9.615966208,3.0322265625,9.160714285714288e-05,continuation,raw/600m-dagformer_continuation_metrics.csv,3.102632068452381
18350,9.621209088,2.9384765625,9.140625e-05,continuation,raw/600m-dagformer_continuation_metrics.csv,3.0876581101190474
18360,9.626451968,3.35546875,9.120535714285712e-05,continuation,raw/600m-dagformer_continuation_metrics.csv,3.1101190476190474
18370,9.631694848,3.087890625,9.100446428571428e-05,continuation,raw/600m-dagformer_continuation_metrics.csv,3.1206287202380953
18380,9.636937728,3.1083984375,9.08035714285714e-05,continuation,raw/600m-dagformer_continuation_metrics.csv,3.0850074404761907
18390,9.642180608,2.8994140625,9.060267857142858e-05,continuation,raw/600m-dagformer_continuation_metrics.csv,3.0951450892857144
18400,9.647423488,2.7041015625,9.040178571428568e-05,continuation,raw/600m-dagformer_continuation_metrics.csv,3.067475818452381
18410,9.652666368,2.923828125,9.020089285714286e-05,continuation,raw/600m-dagformer_continuation_metrics.csv,3.0598958333333335
18420,9.657909248,3.068359375,8.999999999999998e-05,continuation,raw/600m-dagformer_continuation_metrics.csv,3.0562220982142856
18430,9.663152128,2.9599609375,8.979910714285715e-05,continuation,raw/600m-dagformer_continuation_metrics.csv,3.0588262648809526
18440,9.668395008,2.8095703125,8.959821428571426e-05,continuation,raw/600m-dagformer_continuation_metrics.csv,3.0375744047619047
18450,9.673637888,3.572265625,8.939732142857143e-05,continuation,raw/600m-dagformer_continuation_metrics.csv,3.049014136904762
18460,9.678880768,3.185546875,8.919642857142855e-05,continuation,raw/600m-dagformer_continuation_metrics.csv,3.0601748511904763
18470,9.684123648,3.0625,8.899553571428571e-05,continuation,raw/600m-dagformer_continuation_metrics.csv,3.0658947172619047
18480,9.689366528,3.2314453125,8.879464285714283e-05,continuation,raw/600m-dagformer_continuation_metrics.csv,3.0576171875
18490,9.694609408,3.0078125,8.859375000000001e-05,continuation,raw/600m-dagformer_continuation_metrics.csv,3.0541759672619047
18500,9.699852288,3.0419921875,8.839285714285713e-05,continuation,raw/600m-dagformer_continuation_metrics.csv,3.0484561011904763
18510,9.705095168,3.2099609375,8.819196428571429e-05,continuation,raw/600m-dagformer_continuation_metrics.csv,3.0441778273809526
18520,9.710338048,3.1552734375,8.799107142857141e-05,continuation,raw/600m-dagformer_continuation_metrics.csv,3.0550130208333335
18530,9.715580928,2.9326171875,8.779017857142858e-05,continuation,raw/600m-dagformer_continuation_metrics.csv,3.0580822172619047
18540,9.720823808,3.0673828125,8.75892857142857e-05,continuation,raw/600m-dagformer_continuation_metrics.csv,3.0644996279761907
18550,9.726066688,2.9658203125,8.738839285714286e-05,continuation,raw/600m-dagformer_continuation_metrics.csv,3.061337425595238
18560,9.731309568,3.1650390625,8.718749999999998e-05,continuation,raw/600m-dagformer_continuation_metrics.csv,3.0721261160714284
18570,9.736552448,3.1240234375,8.698660714285716e-05,continuation,raw/600m-dagformer_continuation_metrics.csv,3.0611049107142856
18580,9.741795328,2.962890625,8.678571428571428e-05,continuation,raw/600m-dagformer_continuation_metrics.csv,3.0551525297619047
18590,9.747038208,3.56640625,8.658482142857144e-05,continuation,raw/600m-dagformer_continuation_metrics.csv,3.076962425595238
18600,9.752281088,2.267578125,8.638392857142856e-05,continuation,raw/600m-dagformer_continuation_metrics.csv,3.046875
18610,9.757523968,3.185546875,8.618303571428573e-05,continuation,raw/600m-dagformer_continuation_metrics.csv,3.0698009672619047
18620,9.762766848,3.6728515625,8.598214285714285e-05,continuation,raw/600m-dagformer_continuation_metrics.csv,3.10546875
18630,9.768009728,3.1162109375,8.578125000000001e-05,continuation,raw/600m-dagformer_continuation_metrics.csv,3.1077473958333335
18640,9.773252608,2.97265625,8.558035714285713e-05,continuation,raw/600m-dagformer_continuation_metrics.csv,3.1083519345238093
18650,9.778495488,2.7470703125,8.537946428571431e-05,continuation,raw/600m-dagformer_continuation_metrics.csv,3.105375744047619
18660,9.783738368,2.8681640625,8.517857142857143e-05,continuation,raw/600m-dagformer_continuation_metrics.csv,3.0718470982142856
18670,9.788981248,2.9365234375,8.497767857142859e-05,continuation,raw/600m-dagformer_continuation_metrics.csv,3.0599888392857144
18680,9.794224128,3.193359375,8.477678571428571e-05,continuation,raw/600m-dagformer_continuation_metrics.csv,3.066220238095238
18690,9.799467008,3.310546875,8.457589285714288e-05,continuation,raw/600m-dagformer_continuation_metrics.csv,3.0699869791666665
18700,9.804709888,3.001953125,8.4375e-05,continuation,raw/600m-dagformer_continuation_metrics.csv,3.0697079613095237
18710,9.809952768,3.140625,8.417410714285711e-05,continuation,raw/600m-dagformer_continuation_metrics.csv,3.074404761904762
18720,9.815195648,3.138671875,8.397321428571429e-05,continuation,raw/600m-dagformer_continuation_metrics.csv,3.071010044642857
18730,9.820438528,2.9892578125,8.37723214285714e-05,continuation,raw/600m-dagformer_continuation_metrics.csv,3.0631045386904763
18740,9.825681408,3.0654296875,8.357142857142857e-05,continuation,raw/600m-dagformer_continuation_metrics.csv,3.069428943452381
18750,9.830924288,3.19921875,8.337053571428569e-05,continuation,raw/600m-dagformer_continuation_metrics.csv,3.0757068452380953
18760,9.836167168,3.1748046875,8.316964285714286e-05,continuation,raw/600m-dagformer_continuation_metrics.csv,3.085658482142857
18770,9.841410048,3.078125,8.296874999999998e-05,continuation,raw/600m-dagformer_continuation_metrics.csv,3.0815197172619047
18780,9.846652928,2.787109375,8.276785714285714e-05,continuation,raw/600m-dagformer_continuation_metrics.csv,3.0654761904761907
18790,9.851895808,3.1640625,8.256696428571426e-05,continuation,raw/600m-dagformer_continuation_metrics.csv,3.0750558035714284
18800,9.857138688,3.1875,8.236607142857144e-05,continuation,raw/600m-dagformer_continuation_metrics.csv,3.0570126488095237
18810,9.862381568,3.2978515625,8.216517857142856e-05,continuation,raw/600m-dagformer_continuation_metrics.csv,3.1060732886904763
18820,9.867624448,2.669921875,8.196428571428572e-05,continuation,raw/600m-dagformer_continuation_metrics.csv,3.0815197172619047
18830,9.872867328,3.66015625,8.176339285714284e-05,continuation,raw/600m-dagformer_continuation_metrics.csv,3.0809151785714284
18840,9.878110208,3.755859375,8.156250000000001e-05,continuation,raw/600m-dagformer_continuation_metrics.csv,3.1113746279761907
18850,9.883353088,4.0771484375,8.136160714285713e-05,continuation,raw/600m-dagformer_continuation_metrics.csv,3.163969494047619
18860,9.888595968,2.328125,8.116071428571429e-05,continuation,raw/600m-dagformer_continuation_metrics.csv,3.1440197172619047
18870,9.893838848,3.1669921875,8.095982142857141e-05,continuation,raw/600m-dagformer_continuation_metrics.csv,3.1582496279761907
18880,9.899081728,2.7744140625,8.075892857142859e-05,continuation,raw/600m-dagformer_continuation_metrics.csv,3.1505301339285716
18890,9.904324608,2.9306640625,8.05580357142857e-05,continuation,raw/600m-dagformer_continuation_metrics.csv,3.1380208333333335
18900,9.909567488,3.205078125,8.035714285714287e-05,continuation,raw/600m-dagformer_continuation_metrics.csv,3.132998511904762
18910,9.914810368,2.9287109375,8.015624999999999e-05,continuation,raw/600m-dagformer_continuation_metrics.csv,3.1295107886904763
18920,9.920053248,3.1171875,7.995535714285716e-05,continuation,raw/600m-dagformer_continuation_metrics.csv,3.1283947172619047
18930,9.925296128,3.0,7.975446428571428e-05,continuation,raw/600m-dagformer_continuation_metrics.csv,3.121791294642857
18940,9.930539008,3.291015625,7.955357142857144e-05,continuation,raw/600m-dagformer_continuation_metrics.csv,3.1361607142857144
18950,9.935781888,3.6796875,7.935267857142856e-05,continuation,raw/600m-dagformer_continuation_metrics.csv,3.1654110863095237
18960,9.941024768,2.8916015625,7.915178571428574e-05,continuation,raw/600m-dagformer_continuation_metrics.csv,3.1507626488095237
18970,9.946267648,2.9443359375,7.895089285714284e-05,continuation,raw/600m-dagformer_continuation_metrics.csv,3.1397879464285716
18980,9.951510528,3.220703125,7.875000000000002e-05,continuation,raw/600m-dagformer_continuation_metrics.csv,3.146577380952381
18990,9.956753408,3.0625,7.854910714285714e-05,continuation,raw/600m-dagformer_continuation_metrics.csv,3.1596912202380953
19000,9.961996288,3.48046875,7.834821428571431e-05,continuation,raw/600m-dagformer_continuation_metrics.csv,3.1747581845238093
19010,9.967239168,2.9296875,7.814732142857142e-05,continuation,raw/600m-dagformer_continuation_metrics.csv,3.1624813988095237
19020,9.972482048,3.0751953125,7.794642857142859e-05,continuation,raw/600m-dagformer_continuation_metrics.csv,3.1518787202380953
19030,9.977724928,2.9501953125,7.774553571428571e-05,continuation,raw/600m-dagformer_continuation_metrics.csv,3.165225074404762
19040,9.982967808,3.109375,7.754464285714287e-05,continuation,raw/600m-dagformer_continuation_metrics.csv,3.1389973958333335
19050,9.988210688,2.974609375,7.734374999999999e-05,continuation,raw/600m-dagformer_continuation_metrics.csv,3.1017950148809526
19060,9.993453568,3.2529296875,7.714285714285711e-05,continuation,raw/600m-dagformer_continuation_metrics.csv,3.0625465029761907
19070,9.998696448,3.072265625,7.694196428571429e-05,continuation,raw/600m-dagformer_continuation_metrics.csv,3.0979817708333335
19080,10.003939328,3.1552734375,7.674107142857141e-05,continuation,raw/600m-dagformer_continuation_metrics.csv,3.0974237351190474
19090,10.009182208,2.7822265625,7.654017857142857e-05,continuation,raw/600m-dagformer_continuation_metrics.csv,3.0977957589285716
19100,10.014425088,3.046875,7.633928571428569e-05,continuation,raw/600m-dagformer_continuation_metrics.csv,3.103329613095238
19110,10.019667968,2.9404296875,7.613839285714286e-05,continuation,raw/600m-dagformer_continuation_metrics.csv,3.090727306547619
19120,10.024910848,3.05078125,7.593749999999998e-05,continuation,raw/600m-dagformer_continuation_metrics.csv,3.0965401785714284
19130,10.030153728,3.0546875,7.573660714285714e-05,continuation,raw/600m-dagformer_continuation_metrics.csv,3.093563988095238
19140,10.035396608,3.0380859375,7.553571428571426e-05,continuation,raw/600m-dagformer_continuation_metrics.csv,3.0953776041666665
19150,10.040639488,3.1982421875,7.533482142857144e-05,continuation,raw/600m-dagformer_continuation_metrics.csv,3.0909598214285716
19160,10.045882368,3.1416015625,7.513392857142856e-05,continuation,raw/600m-dagformer_continuation_metrics.csv,3.065336681547619
19170,10.051125248,2.876953125,7.493303571428572e-05,continuation,raw/600m-dagformer_continuation_metrics.csv,3.064639136904762
19180,10.056368128,3.091796875,7.473214285714284e-05,continuation,raw/600m-dagformer_continuation_metrics.csv,3.0716610863095237
19190,10.061611008,2.9931640625,7.453125000000001e-05,continuation,raw/600m-dagformer_continuation_metrics.csv,3.060825892857143
19200,10.066853888,2.94140625,7.433035714285713e-05,continuation,raw/600m-dagformer_continuation_metrics.csv,3.0550595238095237
19210,10.072096768,3.4072265625,7.41294642857143e-05,continuation,raw/600m-dagformer_continuation_metrics.csv,3.051571800595238
19220,10.077339648,3.5654296875,7.392857142857141e-05,continuation,raw/600m-dagformer_continuation_metrics.csv,3.081845238095238
19230,10.082582528,2.6171875,7.372767857142859e-05,continuation,raw/600m-dagformer_continuation_metrics.csv,3.0600353422619047
19240,10.087825408,2.42578125,7.35267857142857e-05,continuation,raw/600m-dagformer_continuation_metrics.csv,3.035063244047619
19250,10.093068288,3.0224609375,7.332589285714287e-05,continuation,raw/600m-dagformer_continuation_metrics.csv,3.0309244791666665
19260,10.098311168,2.791015625,7.312499999999999e-05,continuation,raw/600m-dagformer_continuation_metrics.csv,3.022181919642857
19270,10.103554048,3.73828125,7.292410714285716e-05,continuation,raw/600m-dagformer_continuation_metrics.csv,3.0452938988095237
19280,10.108796928,3.123046875,7.272321428571427e-05,continuation,raw/600m-dagformer_continuation_metrics.csv,3.0477120535714284
19290,10.114039808,2.947265625,7.252232142857144e-05,continuation,raw/600m-dagformer_continuation_metrics.csv,3.037806919642857
19300,10.119282688,3.2333984375,7.232142857142856e-05,continuation,raw/600m-dagformer_continuation_metrics.csv,3.059291294642857
19310,10.124525568,3.3291015625,7.212053571428572e-05,continuation,raw/600m-dagformer_continuation_metrics.csv,3.0727306547619047
19320,10.129768448,2.947265625,7.191964285714284e-05,continuation,raw/600m-dagformer_continuation_metrics.csv,3.073056175595238
19330,10.135011328,3.279296875,7.171875000000002e-05,continuation,raw/600m-dagformer_continuation_metrics.csv,3.0839378720238093
19340,10.140254208,2.7275390625,7.151785714285714e-05,continuation,raw/600m-dagformer_continuation_metrics.csv,3.068359375
19350,10.145497088,2.951171875,7.13169642857143e-05,continuation,raw/600m-dagformer_continuation_metrics.csv,3.0642206101190474
19360,10.150739968,2.736328125,7.111607142857142e-05,continuation,raw/600m-dagformer_continuation_metrics.csv,3.0422247023809526
19370,10.155982848,2.955078125,7.09151785714286e-05,continuation,raw/600m-dagformer_continuation_metrics.csv,3.0333426339285716
19380,10.161225728,2.98046875,7.071428571428571e-05,continuation,raw/600m-dagformer_continuation_metrics.csv,3.038271949404762
19390,10.166468608,3.0654296875,7.051339285714287e-05,continuation,raw/600m-dagformer_continuation_metrics.csv,3.037016369047619
19400,10.171711488,3.1064453125,7.03125e-05,continuation,raw/600m-dagformer_continuation_metrics.csv,3.0424107142857144
19410,10.176954368,2.978515625,7.011160714285711e-05,continuation,raw/600m-dagformer_continuation_metrics.csv,3.0441778273809526
19420,10.182197248,2.935546875,6.991071428571429e-05,continuation,raw/600m-dagformer_continuation_metrics.csv,3.0217168898809526
19430,10.187440128,2.9970703125,6.970982142857141e-05,continuation,raw/600m-dagformer_continuation_metrics.csv,2.9946521577380953
19440,10.192683008,2.93359375,6.950892857142857e-05,continuation,raw/600m-dagformer_continuation_metrics.csv,3.0097191220238093
19450,10.197925888,3.8896484375,6.930803571428569e-05,continuation,raw/600m-dagformer_continuation_metrics.csv,3.0794270833333335
19460,10.203168768,4.2099609375,6.910714285714286e-05,continuation,raw/600m-dagformer_continuation_metrics.csv,3.1359747023809526
19470,10.208411648,3.18359375,6.890624999999998e-05,continuation,raw/600m-dagformer_continuation_metrics.csv,3.1546688988095237
19480,10.213654528,2.9345703125,6.870535714285714e-05,continuation,raw/600m-dagformer_continuation_metrics.csv,3.116396949404762
19490,10.218897408,2.8310546875,6.850446428571427e-05,continuation,raw/600m-dagformer_continuation_metrics.csv,3.1024925595238093
19500,10.224140288,3.0263671875,6.830357142857144e-05,continuation,raw/600m-dagformer_continuation_metrics.csv,3.106259300595238
19510,10.229383168,3.5546875,6.810267857142855e-05,continuation,raw/600m-dagformer_continuation_metrics.csv,3.1215587797619047
19520,10.234626048,3.0185546875,6.790178571428572e-05,continuation,raw/600m-dagformer_continuation_metrics.csv,3.1067708333333335
19530,10.239868928,3.3271484375,6.770089285714284e-05,continuation,raw/600m-dagformer_continuation_metrics.csv,3.1248604910714284
19540,10.245111808,3.0830078125,6.750000000000001e-05,continuation,raw/600m-dagformer_continuation_metrics.csv,3.115513392857143
19550,10.250354688,3.3603515625,6.729910714285712e-05,continuation,raw/600m-dagformer_continuation_metrics.csv,3.1456473214285716
19560,10.255597568,2.8359375,6.70982142857143e-05,continuation,raw/600m-dagformer_continuation_metrics.csv,3.1401599702380953
19570,10.260840448,3.2177734375,6.689732142857142e-05,continuation,raw/600m-dagformer_continuation_metrics.csv,3.1630859375
19580,10.266083328,2.572265625,6.669642857142858e-05,continuation,raw/600m-dagformer_continuation_metrics.csv,3.1448567708333335
19590,10.271326208,2.931640625,6.64955357142857e-05,continuation,raw/600m-dagformer_continuation_metrics.csv,3.1425316220238093
19600,10.276569088,3.57421875,6.629464285714287e-05,continuation,raw/600m-dagformer_continuation_metrics.csv,3.1667596726190474
19610,10.281811968,3.1552734375,6.609374999999999e-05,continuation,raw/600m-dagformer_continuation_metrics.csv,3.1690848214285716
19620,10.287054848,3.3271484375,6.589285714285715e-05,continuation,raw/600m-dagformer_continuation_metrics.csv,3.1856863839285716
19630,10.292297728,2.90673828125,6.569196428571427e-05,continuation,raw/600m-dagformer_continuation_metrics.csv,3.1843145461309526
19640,10.297540608,2.498046875,6.549107142857145e-05,continuation,raw/600m-dagformer_continuation_metrics.csv,3.160551525297619
19650,10.302783488,2.8115234375,6.529017857142857e-05,continuation,raw/600m-dagformer_continuation_metrics.csv,3.1547386532738093
19660,10.308026368,3.119140625,6.508928571428573e-05,continuation,raw/600m-dagformer_continuation_metrics.csv,3.1180478050595237
19670,10.313269248,3.2392578125,6.488839285714285e-05,continuation,raw/600m-dagformer_continuation_metrics.csv,3.0718238467261907
19680,10.318512128,3.3447265625,6.468750000000002e-05,continuation,raw/600m-dagformer_continuation_metrics.csv,3.079496837797619
19690,10.323755008,2.939453125,6.448660714285714e-05,continuation,raw/600m-dagformer_continuation_metrics.csv,3.0797293526785716
19700,10.328997888,3.08984375,6.42857142857143e-05,continuation,raw/600m-dagformer_continuation_metrics.csv,3.0920526413690474
19710,10.334240768,2.7509765625,6.408482142857142e-05,continuation,raw/600m-dagformer_continuation_metrics.csv,3.0789388020833335
19720,10.339483648,3.083984375,6.38839285714286e-05,continuation,raw/600m-dagformer_continuation_metrics.csv,3.0565243675595237
19730,10.344726528,2.8115234375,6.368303571428572e-05,continuation,raw/600m-dagformer_continuation_metrics.csv,3.046665736607143
19740,10.349969408,1.91015625,6.348214285714288e-05,continuation,raw/600m-dagformer_continuation_metrics.csv,2.979189918154762
19750,10.355212288,2.9287109375,6.328125e-05,continuation,raw/600m-dagformer_continuation_metrics.csv,2.9718424479166665
19760,10.360455168,2.875,6.308035714285712e-05,continuation,raw/600m-dagformer_continuation_metrics.csv,2.94873046875
19770,10.365698048,3.7109375,6.287946428571429e-05,continuation,raw/600m-dagformer_continuation_metrics.csv,2.9903971354166665
19780,10.370940928,2.8427734375,6.26785714285714e-05,continuation,raw/600m-dagformer_continuation_metrics.csv,2.9725399925595237
19790,10.376183808,4.291015625,6.247767857142857e-05,continuation,raw/600m-dagformer_continuation_metrics.csv,3.054385230654762
19800,10.381426688,2.873046875,6.227678571428569e-05,continuation,raw/600m-dagformer_continuation_metrics.csv,3.0515950520833335
19810,10.386669568,2.7763671875,6.207589285714287e-05,continuation,raw/600m-dagformer_continuation_metrics.csv,3.0136021205357144
19820,10.391912448,2.8779296875,6.187499999999997e-05,continuation,raw/600m-dagformer_continuation_metrics.csv,3.000395275297619
19830,10.397155328,3.2783203125,6.167410714285715e-05,continuation,raw/600m-dagformer_continuation_metrics.csv,2.9980701264880953
19840,10.402398208,3.2841796875,6.147321428571427e-05,continuation,raw/600m-dagformer_continuation_metrics.csv,3.0160435267857144
19850,10.407641088,2.8828125,6.127232142857143e-05,continuation,raw/600m-dagformer_continuation_metrics.csv,3.034365699404762
19860,10.412883968,3.1162109375,6.107142857142855e-05,continuation,raw/600m-dagformer_continuation_metrics.csv,3.0488746279761907
19870,10.418126848,2.6708984375,6.087053571428572e-05,continuation,raw/600m-dagformer_continuation_metrics.csv,3.027529761904762
19880,10.423369728,3.2236328125,6.066964285714284e-05,continuation,raw/600m-dagformer_continuation_metrics.csv,3.0267857142857144
19890,10.428612608,3.07421875,6.046875000000001e-05,continuation,raw/600m-dagformer_continuation_metrics.csv,3.0139043898809526
19900,10.433855488,3.03125,6.026785714285713e-05,continuation,raw/600m-dagformer_continuation_metrics.csv,3.018275669642857
19910,10.439098368,2.94921875,6.00669642857143e-05,continuation,raw/600m-dagformer_continuation_metrics.csv,3.0115792410714284
19920,10.444341248,3.0302734375,5.986607142857142e-05,continuation,raw/600m-dagformer_continuation_metrics.csv,3.0248790922619047
19930,10.449584128,2.5498046875,5.9665178571428585e-05,continuation,raw/600m-dagformer_continuation_metrics.csv,2.9994419642857144
19940,10.454827008,2.17724609375,5.94642857142857e-05,continuation,raw/600m-dagformer_continuation_metrics.csv,2.96923828125
19950,10.460069888,1.9404296875,5.926339285714287e-05,continuation,raw/600m-dagformer_continuation_metrics.csv,2.9706798735119047
19960,10.465312768,1.9296875,5.906249999999999e-05,continuation,raw/600m-dagformer_continuation_metrics.csv,2.9231073288690474
19970,10.470555648,2.17626953125,5.886160714285716e-05,continuation,raw/600m-dagformer_continuation_metrics.csv,2.889834449404762
19980,10.475798528,2.625,5.866071428571427e-05,continuation,raw/600m-dagformer_continuation_metrics.csv,2.8381231398809526
19990,10.481041408,2.93359375,5.845982142857145e-05,continuation,raw/600m-dagformer_continuation_metrics.csv,2.8424479166666665
20000,10.486284288,2.859375,5.825892857142856e-05,continuation,raw/600m-dagformer_continuation_metrics.csv,2.7742745535714284
20010,10.491527168,2.94921875,5.805803571428573e-05,continuation,raw/600m-dagformer_continuation_metrics.csv,2.7779017857142856
20020,10.496770048,3.400390625,5.785714285714285e-05,continuation,raw/600m-dagformer_continuation_metrics.csv,2.8076171875
20030,10.502012928,2.9267578125,5.7656250000000016e-05,continuation,raw/600m-dagformer_continuation_metrics.csv,2.8099423363095237
20040,10.507255808,3.3701171875,5.7455357142857136e-05,continuation,raw/600m-dagformer_continuation_metrics.csv,2.8143136160714284
20050,10.512498688,3.130859375,5.72544642857143e-05,continuation,raw/600m-dagformer_continuation_metrics.csv,2.8070126488095237
20060,10.517741568,2.892578125,5.705357142857142e-05,continuation,raw/600m-dagformer_continuation_metrics.csv,2.8074776785714284
20070,10.522984448,3.0908203125,5.685267857142859e-05,continuation,raw/600m-dagformer_continuation_metrics.csv,2.8062686011904763
20080,10.528227328,3.42578125,5.665178571428571e-05,continuation,raw/600m-dagformer_continuation_metrics.csv,2.8422154017857144
20090,10.533470208,3.1337890625,5.645089285714288e-05,continuation,raw/600m-dagformer_continuation_metrics.csv,2.8379371279761907
20100,10.538713088,3.263671875,5.625e-05,continuation,raw/600m-dagformer_continuation_metrics.csv,2.846958705357143
20110,10.543955968,3.248046875,5.604910714285712e-05,continuation,raw/600m-dagformer_continuation_metrics.csv,2.8572823660714284
20120,10.549198848,2.908203125,5.5848214285714286e-05,continuation,raw/600m-dagformer_continuation_metrics.csv,2.8553292410714284
20130,10.554441728,2.90625,5.5647321428571406e-05,continuation,raw/600m-dagformer_continuation_metrics.csv,2.849423363095238
20140,10.559684608,2.94140625,5.5446428571428574e-05,continuation,raw/600m-dagformer_continuation_metrics.csv,2.868071056547619
20150,10.564927488,2.9697265625,5.5245535714285694e-05,continuation,raw/600m-dagformer_continuation_metrics.csv,2.9058082217261907
20160,10.570170368,2.9931640625,5.504464285714286e-05,continuation,raw/600m-dagformer_continuation_metrics.csv,2.9559384300595237
20170,10.575413248,3.0673828125,5.484374999999998e-05,continuation,raw/600m-dagformer_continuation_metrics.csv,3.0101143973214284
20180,10.580656128,3.0732421875,5.464285714285715e-05,continuation,raw/600m-dagformer_continuation_metrics.csv,3.052827380952381
20190,10.585899008,2.890625,5.444196428571427e-05,continuation,raw/600m-dagformer_continuation_metrics.csv,3.0654761904761907
20200,10.591141888,3.0908203125,5.424107142857144e-05,continuation,raw/600m-dagformer_continuation_metrics.csv,3.072963169642857
20210,10.596384768,2.9208984375,5.404017857142855e-05,continuation,raw/600m-dagformer_continuation_metrics.csv,3.075892857142857
20220,10.601627648,2.62890625,5.383928571428573e-05,continuation,raw/600m-dagformer_continuation_metrics.csv,3.060639880952381
20230,10.606870528,3.0888671875,5.363839285714284e-05,continuation,raw/600m-dagformer_continuation_metrics.csv,3.045805431547619
20240,10.612113408,3.9052734375,5.343750000000001e-05,continuation,raw/600m-dagformer_continuation_metrics.csv,3.0924014136904763
20250,10.617356288,2.5625,5.3236607142857125e-05,continuation,raw/600m-dagformer_continuation_metrics.csv,3.0539434523809526
20260,10.622599168,2.98046875,5.30357142857143e-05,continuation,raw/600m-dagformer_continuation_metrics.csv,3.046781994047619
20270,10.627842048,2.919921875,5.283482142857141e-05,continuation,raw/600m-dagformer_continuation_metrics.csv,3.0480840773809526
20280,10.633084928,3.2421875,5.263392857142858e-05,continuation,raw/600m-dagformer_continuation_metrics.csv,3.0552920386904763
20290,10.638327808,3.0693359375,5.24330357142857e-05,continuation,raw/600m-dagformer_continuation_metrics.csv,3.0383184523809526
20300,10.643570688,3.05859375,5.223214285714287e-05,continuation,raw/600m-dagformer_continuation_metrics.csv,3.0347377232142856
20310,10.648813568,2.95703125,5.203124999999999e-05,continuation,raw/600m-dagformer_continuation_metrics.csv,3.0201357886904763
20320,10.654056448,3.26953125,5.183035714285716e-05,continuation,raw/600m-dagformer_continuation_metrics.csv,3.0211588541666665
20330,10.659299328,3.2265625,5.162946428571428e-05,continuation,raw/600m-dagformer_continuation_metrics.csv,3.036318824404762
20340,10.664542208,3.5244140625,5.142857142857144e-05,continuation,raw/600m-dagformer_continuation_metrics.csv,3.0657552083333335
20350,10.669785088,3.0068359375,5.122767857142856e-05,continuation,raw/600m-dagformer_continuation_metrics.csv,3.0688709077380953
20360,10.675027968,3.326171875,5.102678571428573e-05,continuation,raw/600m-dagformer_continuation_metrics.csv,3.085844494047619
20370,10.680270848,3.0234375,5.082589285714285e-05,continuation,raw/600m-dagformer_continuation_metrics.csv,3.0872860863095237
20380,10.685513728,2.736328125,5.062500000000002e-05,continuation,raw/600m-dagformer_continuation_metrics.csv,3.0715215773809526
20390,10.690756608,2.759765625,5.042410714285714e-05,continuation,raw/600m-dagformer_continuation_metrics.csv,3.0565941220238093
20400,10.695999488,2.9501953125,5.022321428571431e-05,continuation,raw/600m-dagformer_continuation_metrics.csv,3.0594308035714284
20410,10.701242368,3.0703125,5.002232142857143e-05,continuation,raw/600m-dagformer_continuation_metrics.csv,3.0584542410714284
20420,10.706485248,3.0322265625,4.982142857142859e-05,continuation,raw/600m-dagformer_continuation_metrics.csv,3.063755580357143
20430,10.711728128,3.138671875,4.962053571428571e-05,continuation,raw/600m-dagformer_continuation_metrics.csv,3.0880301339285716
20440,10.716971008,3.0791015625,4.941964285714288e-05,continuation,raw/600m-dagformer_continuation_metrics.csv,3.0875651041666665
20450,10.722213888,2.9912109375,4.921875e-05,continuation,raw/600m-dagformer_continuation_metrics.csv,3.044038318452381
20460,10.727456768,2.8955078125,4.901785714285712e-05,continuation,raw/600m-dagformer_continuation_metrics.csv,3.0598958333333335
20470,10.732699648,2.55859375,4.881696428571429e-05,continuation,raw/600m-dagformer_continuation_metrics.csv,3.0398065476190474
20480,10.737942528,3.111328125,4.86160714285714e-05,continuation,raw/600m-dagformer_continuation_metrics.csv,3.048921130952381
20490,10.743185408,3.0537109375,4.8415178571428575e-05,continuation,raw/600m-dagformer_continuation_metrics.csv,3.039946056547619
20500,10.748428288,2.767578125,4.821428571428569e-05,continuation,raw/600m-dagformer_continuation_metrics.csv,3.025576636904762
20510,10.753671168,2.81689453125,4.801339285714286e-05,continuation,raw/600m-dagformer_continuation_metrics.csv,3.014067150297619
20520,10.758914048,2.86328125,4.7812499999999976e-05,continuation,raw/600m-dagformer_continuation_metrics.csv,3.0096028645833335
20530,10.764156928,2.8857421875,4.761160714285715e-05,continuation,raw/600m-dagformer_continuation_metrics.csv,2.9913271949404763
20540,10.769399808,3.083984375,4.741071428571426e-05,continuation,raw/600m-dagformer_continuation_metrics.csv,2.9845377604166665
20550,10.774642688,3.2890625,4.720982142857143e-05,continuation,raw/600m-dagformer_continuation_metrics.csv,2.973330543154762
20560,10.779885568,2.8935546875,4.700892857142855e-05,continuation,raw/600m-dagformer_continuation_metrics.csv,2.9679361979166665
20570,10.785128448,3.3603515625,4.680803571428572e-05,continuation,raw/600m-dagformer_continuation_metrics.csv,2.9695638020833335
20580,10.790371328,3.232421875,4.660714285714284e-05,continuation,raw/600m-dagformer_continuation_metrics.csv,2.9795154389880953
20590,10.795614208,2.8125,4.6406250000000007e-05,continuation,raw/600m-dagformer_continuation_metrics.csv,2.9831426711309526
20600,10.800857088,2.857421875,4.6205357142857127e-05,continuation,raw/600m-dagformer_continuation_metrics.csv,2.98779296875
20610,10.806099968,3.2548828125,4.600446428571429e-05,continuation,raw/600m-dagformer_continuation_metrics.csv,3.0023018973214284
20620,10.811342848,3.0234375,4.580357142857141e-05,continuation,raw/600m-dagformer_continuation_metrics.csv,3.0000697544642856
20630,10.816585728,3.166015625,4.560267857142858e-05,continuation,raw/600m-dagformer_continuation_metrics.csv,3.006440662202381
20640,10.821828608,2.7021484375,4.54017857142857e-05,continuation,raw/600m-dagformer_continuation_metrics.csv,2.985653831845238
20650,10.827071488,3.1396484375,4.520089285714287e-05,continuation,raw/600m-dagformer_continuation_metrics.csv,2.9885370163690474
20660,10.832314368,3.0673828125,4.499999999999999e-05,continuation,raw/600m-dagformer_continuation_metrics.csv,2.9921642485119047
20670,10.837557248,2.8310546875,4.479910714285716e-05,continuation,raw/600m-dagformer_continuation_metrics.csv,2.9890950520833335
20680,10.842800128,3.044921875,4.459821428571428e-05,continuation,raw/600m-dagformer_continuation_metrics.csv,3.0122535342261907
20690,10.848043008,3.0556640625,4.439732142857144e-05,continuation,raw/600m-dagformer_continuation_metrics.csv,3.0096028645833335
20700,10.853285888,2.8603515625,4.419642857142856e-05,continuation,raw/600m-dagformer_continuation_metrics.csv,3.000395275297619
20710,10.858528768,2.9541015625,4.399553571428573e-05,continuation,raw/600m-dagformer_continuation_metrics.csv,3.00927734375
20720,10.863771648,3.0302734375,4.379464285714285e-05,continuation,raw/600m-dagformer_continuation_metrics.csv,3.019438244047619
20730,10.869014528,3.11328125,4.359375000000002e-05,continuation,raw/600m-dagformer_continuation_metrics.csv,3.031343005952381
20740,10.874257408,3.140625,4.339285714285714e-05,continuation,raw/600m-dagformer_continuation_metrics.csv,3.0434802827380953
20750,10.879500288,3.03515625,4.319196428571431e-05,continuation,raw/600m-dagformer_continuation_metrics.csv,3.0411551339285716
20760,10.884743168,2.65234375,4.299107142857143e-05,continuation,raw/600m-dagformer_continuation_metrics.csv,3.010835193452381
20770,10.889986048,2.7890625,4.27901785714286e-05,continuation,raw/600m-dagformer_continuation_metrics.csv,3.005859375
20780,10.895228928,3.080078125,4.258928571428572e-05,continuation,raw/600m-dagformer_continuation_metrics.csv,2.9925130208333335
20790,10.900471808,3.095703125,4.238839285714288e-05,continuation,raw/600m-dagformer_continuation_metrics.csv,2.9860026041666665
20800,10.905714688,2.921875,4.21875e-05,continuation,raw/600m-dagformer_continuation_metrics.csv,2.9912109375
20810,10.910957568,3.1484375,4.198660714285712e-05,continuation,raw/600m-dagformer_continuation_metrics.csv,3.005068824404762
20820,10.916200448,3.515625,4.178571428571428e-05,continuation,raw/600m-dagformer_continuation_metrics.csv,3.017485119047619
20830,10.921443328,3.138671875,4.15848214285714e-05,continuation,raw/600m-dagformer_continuation_metrics.csv,3.0229724702380953
20840,10.926686208,3.134765625,4.138392857142857e-05,continuation,raw/600m-dagformer_continuation_metrics.csv,3.021484375
20850,10.931929088,3.2451171875,4.118303571428569e-05,continuation,raw/600m-dagformer_continuation_metrics.csv,3.0473400297619047
20860,10.937171968,2.81689453125,4.098214285714286e-05,continuation,raw/600m-dagformer_continuation_metrics.csv,3.0319707961309526
20870,10.942414848,3.181640625,4.078124999999998e-05,continuation,raw/600m-dagformer_continuation_metrics.csv,3.037411644345238
20880,10.947657728,2.7333984375,4.0580357142857146e-05,continuation,raw/600m-dagformer_continuation_metrics.csv,3.0327613467261907
20890,10.952900608,3.26171875,4.0379464285714266e-05,continuation,raw/600m-dagformer_continuation_metrics.csv,3.0430850074404763
20900,10.958143488,3.2275390625,4.017857142857143e-05,continuation,raw/600m-dagformer_continuation_metrics.csv,3.05126953125
20910,10.963386368,2.6572265625,3.997767857142855e-05,continuation,raw/600m-dagformer_continuation_metrics.csv,3.041596912202381
20920,10.968629248,3.4228515625,3.977678571428572e-05,continuation,raw/600m-dagformer_continuation_metrics.csv,3.0639183407738093
20930,10.973872128,3.376953125,3.957589285714284e-05,continuation,raw/600m-dagformer_continuation_metrics.csv,3.0804268973214284
20940,10.979115008,3.1728515625,3.937500000000001e-05,continuation,raw/600m-dagformer_continuation_metrics.csv,3.0832635788690474
20950,10.984357888,3.29296875,3.917410714285713e-05,continuation,raw/600m-dagformer_continuation_metrics.csv,3.090518043154762
20960,10.989600768,3.216796875,3.8973214285714296e-05,continuation,raw/600m-dagformer_continuation_metrics.csv,3.0991675967261907
20970,10.994843648,2.7158203125,3.8772321428571416e-05,continuation,raw/600m-dagformer_continuation_metrics.csv,3.1021902901785716
20980,11.000086528,3.380859375,3.857142857142858e-05,continuation,raw/600m-dagformer_continuation_metrics.csv,3.13037109375
20990,11.005329408,2.9404296875,3.83705357142857e-05,continuation,raw/600m-dagformer_continuation_metrics.csv,3.123721168154762
21000,11.010572288,2.84765625,3.816964285714287e-05,continuation,raw/600m-dagformer_continuation_metrics.csv,3.111909412202381
21010,11.015815168,2.994140625,3.796874999999999e-05,continuation,raw/600m-dagformer_continuation_metrics.csv,3.1153506324404763
21020,11.021058048,3.2353515625,3.776785714285716e-05,continuation,raw/600m-dagformer_continuation_metrics.csv,3.1194893973214284
21030,11.026300928,3.0732421875,3.756696428571428e-05,continuation,raw/600m-dagformer_continuation_metrics.csv,3.098423549107143
21040,11.031543808,3.6767578125,3.7366071428571446e-05,continuation,raw/600m-dagformer_continuation_metrics.csv,3.1240466889880953
21050,11.036786688,3.1376953125,3.7165178571428566e-05,continuation,raw/600m-dagformer_continuation_metrics.csv,3.1241861979166665
21060,11.042029568,2.6474609375,3.696428571428573e-05,continuation,raw/600m-dagformer_continuation_metrics.csv,3.0957263764880953
21070,11.047272448,3.21484375,3.676339285714285e-05,continuation,raw/600m-dagformer_continuation_metrics.csv,3.1146763392857144
21080,11.052515328,3.138671875,3.656250000000002e-05,continuation,raw/600m-dagformer_continuation_metrics.csv,3.1126302083333335
21090,11.057758208,3.40625,3.6361607142857135e-05,continuation,raw/600m-dagformer_continuation_metrics.csv,3.1446707589285716
21100,11.063001088,2.8916015625,3.616071428571431e-05,continuation,raw/600m-dagformer_continuation_metrics.csv,3.127046130952381
21110,11.068243968,3.42578125,3.595982142857142e-05,continuation,raw/600m-dagformer_continuation_metrics.csv,3.1364862351190474
21120,11.073486848,3.087890625,3.57589285714286e-05,continuation,raw/600m-dagformer_continuation_metrics.csv,3.1569940476190474
21130,11.078729728,2.81640625,3.555803571428571e-05,continuation,raw/600m-dagformer_continuation_metrics.csv,3.128115699404762
21140,11.083972608,3.00390625,3.535714285714288e-05,continuation,raw/600m-dagformer_continuation_metrics.csv,3.1103515625
21150,11.089215488,3.2109375,3.515625e-05,continuation,raw/600m-dagformer_continuation_metrics.csv,3.1121651785714284
21160,11.094458368,2.859375,3.495535714285712e-05,continuation,raw/600m-dagformer_continuation_metrics.csv,3.091517857142857
21170,11.099701248,3.1455078125,3.4754464285714285e-05,continuation,raw/600m-dagformer_continuation_metrics.csv,3.0881231398809526
21180,11.104944128,3.07421875,3.4553571428571405e-05,continuation,raw/600m-dagformer_continuation_metrics.csv,3.105189732142857
21190,11.110187008,2.8662109375,3.435267857142857e-05,continuation,raw/600m-dagformer_continuation_metrics.csv,3.0806826636904763
21200,11.115429888,2.8212890625,3.415178571428569e-05,continuation,raw/600m-dagformer_continuation_metrics.csv,3.075009300595238
21210,11.120672768,2.9794921875,3.395089285714286e-05,continuation,raw/600m-dagformer_continuation_metrics.csv,3.0812872023809526
21220,11.125915648,2.865234375,3.374999999999998e-05,continuation,raw/600m-dagformer_continuation_metrics.csv,3.0751488095238093
21230,11.131158528,2.705078125,3.354910714285715e-05,continuation,raw/600m-dagformer_continuation_metrics.csv,3.049897693452381
21240,11.136401408,3.2919921875,3.334821428571427e-05,continuation,raw/600m-dagformer_continuation_metrics.csv,3.0603143601190474
21250,11.141644288,3.294921875,3.3147321428571435e-05,continuation,raw/600m-dagformer_continuation_metrics.csv,3.0421316964285716
21260,11.146887168,3.2119140625,3.2946428571428555e-05,continuation,raw/600m-dagformer_continuation_metrics.csv,3.0456659226190474
21270,11.152130048,2.8515625,3.274553571428572e-05,continuation,raw/600m-dagformer_continuation_metrics.csv,3.055385044642857
21280,11.157372928,2.912109375,3.254464285714284e-05,continuation,raw/600m-dagformer_continuation_metrics.csv,3.0409691220238093
21290,11.162615808,3.0791015625,3.234375000000001e-05,continuation,raw/600m-dagformer_continuation_metrics.csv,3.0381324404761907
21300,11.167858688,3.068359375,3.214285714285713e-05,continuation,raw/600m-dagformer_continuation_metrics.csv,3.0220424107142856
21310,11.173101568,2.515625,3.19419642857143e-05,continuation,raw/600m-dagformer_continuation_metrics.csv,3.0041387648809526
21320,11.178344448,3.0322265625,3.174107142857142e-05,continuation,raw/600m-dagformer_continuation_metrics.csv,2.9853980654761907
21330,11.183587328,2.919921875,3.1540178571428585e-05,continuation,raw/600m-dagformer_continuation_metrics.csv,2.9773995535714284
21340,11.188830208,2.67431640625,3.13392857142857e-05,continuation,raw/600m-dagformer_continuation_metrics.csv,2.9706333705357144
21350,11.194073088,3.1376953125,3.113839285714287e-05,continuation,raw/600m-dagformer_continuation_metrics.csv,2.9770042782738093
21360,11.199315968,2.7509765625,3.0937499999999986e-05,continuation,raw/600m-dagformer_continuation_metrics.csv,2.9551013764880953
21370,11.204558848,2.935546875,3.073660714285716e-05,continuation,raw/600m-dagformer_continuation_metrics.csv,2.9587286086309526
21380,11.209801728,3.2978515625,3.0535714285714274e-05,continuation,raw/600m-dagformer_continuation_metrics.csv,2.9659830729166665
21390,11.215044608,2.9111328125,3.0334821428571445e-05,continuation,raw/600m-dagformer_continuation_metrics.csv,2.958217075892857
21400,11.220287488,2.8125,3.0133928571428565e-05,continuation,raw/600m-dagformer_continuation_metrics.csv,2.955659412202381
21410,11.225530368,2.943359375,2.993303571428573e-05,continuation,raw/600m-dagformer_continuation_metrics.csv,2.9614722842261907
21420,11.230773248,3.130859375,2.973214285714285e-05,continuation,raw/600m-dagformer_continuation_metrics.csv,2.9686802455357144
21430,11.236016128,3.298828125,2.953125000000002e-05,continuation,raw/600m-dagformer_continuation_metrics.csv,2.9893275669642856
21440,11.241259008,3.1474609375,2.9330357142857137e-05,continuation,raw/600m-dagformer_continuation_metrics.csv,3.0103934151785716
21450,11.246501888,3.2724609375,2.9129464285714307e-05,continuation,raw/600m-dagformer_continuation_metrics.csv,3.009463355654762
21460,11.251744768,3.0712890625,2.8928571428571424e-05,continuation,raw/600m-dagformer_continuation_metrics.csv,2.998814174107143
21470,11.256987648,2.9599609375,2.8727678571428595e-05,continuation,raw/600m-dagformer_continuation_metrics.csv,2.98681640625
21480,11.262230528,2.83984375,2.852678571428571e-05,continuation,raw/600m-dagformer_continuation_metrics.csv,2.9862583705357144
21490,11.267473408,3.15234375,2.832589285714288e-05,continuation,raw/600m-dagformer_continuation_metrics.csv,2.9976981026785716
21500,11.272716288,3.107421875,2.8125e-05,continuation,raw/600m-dagformer_continuation_metrics.csv,2.9990466889880953
21510,11.277959168,3.0322265625,2.792410714285712e-05,continuation,raw/600m-dagformer_continuation_metrics.csv,2.9973260788690474
21520,11.283202048,3.240234375,2.7723214285714287e-05,continuation,raw/600m-dagformer_continuation_metrics.csv,3.031831287202381
21530,11.288444928,2.8828125,2.7522321428571403e-05,continuation,raw/600m-dagformer_continuation_metrics.csv,3.024716331845238
21540,11.293687808,2.76953125,2.732142857142857e-05,continuation,raw/600m-dagformer_continuation_metrics.csv,3.0175548735119047
21550,11.298930688,2.716796875,2.712053571428569e-05,continuation,raw/600m-dagformer_continuation_metrics.csv,3.0195777529761907
21560,11.304173568,3.029296875,2.6919642857142865e-05,continuation,raw/600m-dagformer_continuation_metrics.csv,3.0144159226190474
21570,11.309416448,3.2861328125,2.671874999999998e-05,continuation,raw/600m-dagformer_continuation_metrics.csv,3.0398995535714284
21580,11.314659328,2.8662109375,2.651785714285715e-05,continuation,raw/600m-dagformer_continuation_metrics.csv,3.0365978422619047
21590,11.319902208,2.9873046875,2.6316964285714263e-05,continuation,raw/600m-dagformer_continuation_metrics.csv,3.0218098958333335
21600,11.325145088,3.01953125,2.6116071428571437e-05,continuation,raw/600m-dagformer_continuation_metrics.csv,3.0269717261904763
21610,11.330387968,2.951171875,2.5915178571428557e-05,continuation,raw/600m-dagformer_continuation_metrics.csv,3.0335751488095237
21620,11.335630848,2.8896484375,2.571428571428572e-05,continuation,raw/600m-dagformer_continuation_metrics.csv,3.0310174851190474
21630,11.340873728,3.27734375,2.551339285714284e-05,continuation,raw/600m-dagformer_continuation_metrics.csv,3.037992931547619
21640,11.346116608,2.955078125,2.531250000000001e-05,continuation,raw/600m-dagformer_continuation_metrics.csv,3.0216238839285716
21650,11.351359488,3.03515625,2.511160714285713e-05,continuation,raw/600m-dagformer_continuation_metrics.csv,3.0162760416666665
21660,11.356602368,2.85546875,2.4910714285714296e-05,continuation,raw/600m-dagformer_continuation_metrics.csv,2.9964192708333335
21670,11.361845248,3.3701171875,2.4709821428571416e-05,continuation,raw/600m-dagformer_continuation_metrics.csv,3.010649181547619
21680,11.367088128,2.97265625,2.4508928571428584e-05,continuation,raw/600m-dagformer_continuation_metrics.csv,3.0112537202380953
21690,11.372331008,2.69775390625,2.43080357142857e-05,continuation,raw/600m-dagformer_continuation_metrics.csv,3.004487537202381
21700,11.377573888,3.158203125,2.410714285714287e-05,continuation,raw/600m-dagformer_continuation_metrics.csv,3.0047665550595237
21710,11.382816768,2.814453125,2.3906249999999988e-05,continuation,raw/600m-dagformer_continuation_metrics.csv,2.990815662202381
21720,11.388059648,2.9423828125,2.370535714285716e-05,continuation,raw/600m-dagformer_continuation_metrics.csv,2.986537388392857
21730,11.393302528,3.412109375,2.350446428571428e-05,continuation,raw/600m-dagformer_continuation_metrics.csv,2.994721912202381
21740,11.398545408,2.841796875,2.3303571428571447e-05,continuation,raw/600m-dagformer_continuation_metrics.csv,2.992768787202381
21750,11.403788288,3.49609375,2.3102678571428563e-05,continuation,raw/600m-dagformer_continuation_metrics.csv,3.0273670014880953
21760,11.409031168,3.5087890625,2.290178571428573e-05,continuation,raw/600m-dagformer_continuation_metrics.csv,3.0650809151785716
21770,11.414274048,2.982421875,2.270089285714285e-05,continuation,raw/600m-dagformer_continuation_metrics.csv,3.0628487723214284
21780,11.419516928,3.3291015625,2.250000000000002e-05,continuation,raw/600m-dagformer_continuation_metrics.csv,3.0648949032738093
21790,11.424759808,2.8828125,2.229910714285714e-05,continuation,raw/600m-dagformer_continuation_metrics.csv,3.0656854538690474
21800,11.430002688,3.0126953125,2.2098214285714303e-05,continuation,raw/600m-dagformer_continuation_metrics.csv,3.06689453125
21810,11.435245568,2.9365234375,2.1897321428571423e-05,continuation,raw/600m-dagformer_continuation_metrics.csv,3.0629417782738093
21820,11.440488448,3.0048828125,2.1696428571428597e-05,continuation,raw/600m-dagformer_continuation_metrics.csv,3.0654994419642856
21830,11.445731328,2.7919921875,2.1495535714285717e-05,continuation,raw/600m-dagformer_continuation_metrics.csv,3.060849144345238
21840,11.450974208,2.612548828125,2.129464285714288e-05,continuation,raw/600m-dagformer_continuation_metrics.csv,3.0291922433035716
21850,11.456217088,2.802734375,2.109375e-05,continuation,raw/600m-dagformer_continuation_metrics.csv,3.021937779017857
21860,11.461459968,3.0263671875,2.089285714285712e-05,continuation,raw/600m-dagformer_continuation_metrics.csv,3.021519252232143
21870,11.466702848,2.84765625,2.0691964285714285e-05,continuation,raw/600m-dagformer_continuation_metrics.csv,3.021147228422619
21880,11.471945728,3.146484375,2.0491071428571405e-05,continuation,raw/600m-dagformer_continuation_metrics.csv,3.010498046875
21890,11.477188608,2.994140625,2.0290178571428573e-05,continuation,raw/600m-dagformer_continuation_metrics.csv,3.0115211123511907
21900,11.482431488,2.919921875,2.0089285714285693e-05,continuation,raw/600m-dagformer_continuation_metrics.csv,3.0221005394345237
21910,11.487674368,2.7900390625,1.988839285714286e-05,continuation,raw/600m-dagformer_continuation_metrics.csv,3.0045689174107144
21920,11.492917248,3.298828125,1.968749999999998e-05,continuation,raw/600m-dagformer_continuation_metrics.csv,3.0276343936011907
21930,11.498160128,2.82421875,1.9486607142857148e-05,continuation,raw/600m-dagformer_continuation_metrics.csv,3.022007533482143
21940,11.503403008,3.404296875,1.9285714285714268e-05,continuation,raw/600m-dagformer_continuation_metrics.csv,3.021635509672619
21950,11.508645888,3.4033203125,1.908482142857144e-05,continuation,raw/600m-dagformer_continuation_metrics.csv,3.048374720982143
21960,11.513888768,2.8515625,1.8883928571428552e-05,continuation,raw/600m-dagformer_continuation_metrics.csv,3.0176827566964284
21970,11.519131648,3.0703125,1.8683035714285723e-05,continuation,raw/600m-dagformer_continuation_metrics.csv,2.9968029203869047
21980,11.524374528,2.9580078125,1.848214285714284e-05,continuation,raw/600m-dagformer_continuation_metrics.csv,2.995640345982143
21990,11.529617408,2.77734375,1.828125000000001e-05,continuation,raw/600m-dagformer_continuation_metrics.csv,2.9693661644345237
22000,11.534860288,3.0361328125,1.8080357142857127e-05,continuation,raw/600m-dagformer_continuation_metrics.csv,2.9766671316964284
22010,11.540103168,3.0927734375,1.7879464285714298e-05,continuation,raw/600m-dagformer_continuation_metrics.csv,2.9804803757440474
22020,11.545346048,3.0185546875,1.7678571428571415e-05,continuation,raw/600m-dagformer_continuation_metrics.csv,2.9843866257440474
22030,11.550588928,3.1435546875,1.7477678571428582e-05,continuation,raw/600m-dagformer_continuation_metrics.csv,2.9909900483630953
22040,11.555831808,3.087890625,1.7276785714285702e-05,continuation,raw/600m-dagformer_continuation_metrics.csv,3.0050804501488093
22050,11.561074688,3.439453125,1.707589285714287e-05,continuation,raw/600m-dagformer_continuation_metrics.csv,3.0444568452380953
22060,11.566317568,2.826171875,1.687499999999999e-05,continuation,raw/600m-dagformer_continuation_metrics.csv,3.0455729166666665
22070,11.571560448,3.109375,1.6674107142857158e-05,continuation,raw/600m-dagformer_continuation_metrics.csv,3.049525669642857
22080,11.576803328,3.244140625,1.6473214285714278e-05,continuation,raw/600m-dagformer_continuation_metrics.csv,3.0684058779761907
22090,11.582046208,3.2744140625,1.6272321428571445e-05,continuation,raw/600m-dagformer_continuation_metrics.csv,3.074497767857143
22100,11.587289088,3.15234375,1.6071428571428565e-05,continuation,raw/600m-dagformer_continuation_metrics.csv,3.08203125
22110,11.592531968,3.197265625,1.5870535714285733e-05,continuation,raw/600m-dagformer_continuation_metrics.csv,3.0952380952380953
22120,11.597774848,2.75,1.566964285714285e-05,continuation,raw/600m-dagformer_continuation_metrics.csv,3.0933314732142856
22130,11.603017728,2.953125,1.546875000000002e-05,continuation,raw/600m-dagformer_continuation_metrics.csv,3.076869419642857
22140,11.608260608,2.75,1.5267857142857137e-05,continuation,raw/600m-dagformer_continuation_metrics.csv,3.073335193452381
22150,11.613503488,2.7236328125,1.5066964285714306e-05,continuation,raw/600m-dagformer_continuation_metrics.csv,3.040922619047619
22160,11.618746368,2.8251953125,1.4866071428571424e-05,continuation,raw/600m-dagformer_continuation_metrics.csv,3.013392857142857
22170,11.623989248,3.4697265625,1.4665178571428594e-05,continuation,raw/600m-dagformer_continuation_metrics.csv,3.0428292410714284
22180,11.629232128,2.51513671875,1.4464285714285712e-05,continuation,raw/600m-dagformer_continuation_metrics.csv,3.016392299107143
22190,11.634475008,2.9794921875,1.426339285714288e-05,continuation,raw/600m-dagformer_continuation_metrics.csv,3.0174153645833335
22200,11.639717888,3.25,1.40625e-05,continuation,raw/600m-dagformer_continuation_metrics.csv,3.0399228050595237
22210,11.644960768,2.7861328125,1.3861607142857118e-05,continuation,raw/600m-dagformer_continuation_metrics.csv,3.028018043154762
22220,11.650203648,3.0703125,1.3660714285714287e-05,continuation,raw/600m-dagformer_continuation_metrics.csv,3.026948474702381
22230,11.655446528,2.796875,1.3459821428571406e-05,continuation,raw/600m-dagformer_continuation_metrics.csv,3.016392299107143
22240,11.660689408,3.3896484375,1.3258928571428576e-05,continuation,raw/600m-dagformer_continuation_metrics.csv,3.028111049107143
22250,11.665932288,3.3642578125,1.3058035714285691e-05,continuation,raw/600m-dagformer_continuation_metrics.csv,3.0412713913690474
22260,11.671175168,2.181640625,1.285714285714286e-05,continuation,raw/600m-dagformer_continuation_metrics.csv,2.9813755580357144
22270,11.676418048,3.01171875,1.265624999999998e-05,continuation,raw/600m-dagformer_continuation_metrics.csv,2.9902111235119047
22280,11.681660928,2.853515625,1.2455357142857148e-05,continuation,raw/600m-dagformer_continuation_metrics.csv,2.97802734375
22290,11.686903808,2.5947265625,1.2254464285714268e-05,continuation,raw/600m-dagformer_continuation_metrics.csv,2.9471028645833335
22300,11.692146688,2.876953125,1.2053571428571436e-05,continuation,raw/600m-dagformer_continuation_metrics.csv,2.9281761532738093
22310,11.697389568,2.7919921875,1.1852678571428554e-05,continuation,raw/600m-dagformer_continuation_metrics.csv,2.9110165550595237
22320,11.702632448,3.4599609375,1.1651785714285723e-05,continuation,raw/600m-dagformer_continuation_metrics.csv,2.923525855654762
22330,11.707875328,3.359375,1.1450892857142842e-05,continuation,raw/600m-dagformer_continuation_metrics.csv,2.952543712797619
22340,11.713118208,2.990234375,1.125000000000001e-05,continuation,raw/600m-dagformer_continuation_metrics.csv,2.954310825892857
22350,11.718361088,3.103515625,1.1049107142857128e-05,continuation,raw/600m-dagformer_continuation_metrics.csv,2.9711449032738093
22360,11.723603968,2.8896484375,1.0848214285714297e-05,continuation,raw/600m-dagformer_continuation_metrics.csv,2.9790504092261907
22370,11.728846848,3.0107421875,1.0647321428571417e-05,continuation,raw/600m-dagformer_continuation_metrics.csv,2.987885974702381
22380,11.734089728,2.9609375,1.0446428571428584e-05,continuation,raw/600m-dagformer_continuation_metrics.csv,2.963657924107143
22390,11.739332608,3.09375,1.0245535714285704e-05,continuation,raw/600m-dagformer_continuation_metrics.csv,2.9912109375
22400,11.744575488,3.126953125,1.0044642857142872e-05,continuation,raw/600m-dagformer_continuation_metrics.csv,2.998232886904762
22410,11.749818368,2.703125,9.84374999999999e-06,continuation,raw/600m-dagformer_continuation_metrics.csv,2.9721912202380953
22420,11.755061248,3.1806640625,9.642857142857158e-06,continuation,raw/600m-dagformer_continuation_metrics.csv,2.9909784226190474
22430,11.760304128,2.935546875,9.441964285714276e-06,continuation,raw/600m-dagformer_continuation_metrics.csv,2.984561011904762
22440,11.765547008,3.0009765625,9.241071428571444e-06,continuation,raw/600m-dagformer_continuation_metrics.csv,2.9942801339285716
22450,11.770789888,3.150390625,9.040178571428564e-06,continuation,raw/600m-dagformer_continuation_metrics.csv,2.9828869047619047
22460,11.776032768,3.35546875,8.839285714285733e-06,continuation,raw/600m-dagformer_continuation_metrics.csv,2.9824683779761907
22470,11.781275648,3.109375,8.638392857142851e-06,continuation,raw/600m-dagformer_continuation_metrics.csv,3.026646205357143
22480,11.786518528,2.904296875,8.43750000000002e-06,continuation,raw/600m-dagformer_continuation_metrics.csv,3.0215308779761907
22490,11.791761408,3.060546875,8.236607142857139e-06,continuation,raw/600m-dagformer_continuation_metrics.csv,3.0313895089285716
22500,11.797004288,3.01953125,8.035714285714306e-06,continuation,raw/600m-dagformer_continuation_metrics.csv,3.0516183035714284
22510,11.802247168,2.900390625,7.834821428571425e-06,continuation,raw/600m-dagformer_continuation_metrics.csv,3.052734375
22520,11.807490048,2.56298828125,7.633928571428594e-06,continuation,raw/600m-dagformer_continuation_metrics.csv,3.0418294270833335
22530,11.812732928,2.9443359375,7.433035714285712e-06,continuation,raw/600m-dagformer_continuation_metrics.csv,3.017275855654762
22540,11.817975808,3.0244140625,7.2321428571428814e-06,continuation,raw/600m-dagformer_continuation_metrics.csv,3.0013253348214284
22550,11.823218688,3.1630859375,7.03125e-06,continuation,raw/600m-dagformer_continuation_metrics.csv,3.009556361607143
22560,11.828461568,3.5703125,6.830357142857118e-06,continuation,raw/600m-dagformer_continuation_metrics.csv,3.0317847842261907
22570,11.833704448,3.1259765625,6.629464285714287e-06,continuation,raw/600m-dagformer_continuation_metrics.csv,3.0430385044642856
22580,11.838947328,3.3330078125,6.428571428571406e-06,continuation,raw/600m-dagformer_continuation_metrics.csv,3.058384486607143
22590,11.844190208,3.2294921875,6.227678571428574e-06,continuation,raw/600m-dagformer_continuation_metrics.csv,3.0711728050595237
22600,11.849433088,3.177734375,6.0267857142856925e-06,continuation,raw/600m-dagformer_continuation_metrics.csv,3.0751720610119047
22610,11.854675968,2.8837890625,5.825892857142862e-06,continuation,raw/600m-dagformer_continuation_metrics.csv,3.0635928199404763
22620,11.859918848,3.1123046875,5.62499999999998e-06,continuation,raw/600m-dagformer_continuation_metrics.csv,3.0830775669642856
22630,11.865161728,3.21484375,5.424107142857148e-06,continuation,raw/600m-dagformer_continuation_metrics.csv,3.0847051711309526
22640,11.870404608,3.013671875,5.223214285714267e-06,continuation,raw/600m-dagformer_continuation_metrics.csv,3.0884254092261907
22650,11.875647488,3.0703125,5.022321428571436e-06,continuation,raw/600m-dagformer_continuation_metrics.csv,3.0917271205357144
22660,11.880890368,3.0634765625,4.821428571428554e-06,continuation,raw/600m-dagformer_continuation_metrics.csv,3.087588355654762
22670,11.886133248,2.5947265625,4.620535714285723e-06,continuation,raw/600m-dagformer_continuation_metrics.csv,3.051362537202381
22680,11.891376128,3.203125,4.419642857142841e-06,continuation,raw/600m-dagformer_continuation_metrics.csv,3.0558268229166665
22690,11.896619008,2.982421875,4.21875000000001e-06,continuation,raw/600m-dagformer_continuation_metrics.csv,3.0595470610119047
22700,11.901861888,2.9140625,4.017857142857129e-06,continuation,raw/600m-dagformer_continuation_metrics.csv,3.0525716145833335
22710,11.907104768,3.0107421875,3.816964285714297e-06,continuation,raw/600m-dagformer_continuation_metrics.csv,3.052153087797619
22720,11.912347648,3.0751953125,3.616071428571416e-06,continuation,raw/600m-dagformer_continuation_metrics.csv,3.0604771205357144
22730,11.917590528,3.05859375,3.415178571428584e-06,continuation,raw/600m-dagformer_continuation_metrics.csv,3.084077380952381
22740,11.922833408,3.2646484375,3.214285714285703e-06,continuation,raw/600m-dagformer_continuation_metrics.csv,3.099330357142857
22750,11.928076288,3.3359375,3.0133928571428712e-06,continuation,raw/600m-dagformer_continuation_metrics.csv,3.114164806547619
22760,11.933319168,3.02880859375,2.81249999999999e-06,continuation,raw/600m-dagformer_continuation_metrics.csv,3.1077706473214284
22770,11.938562048,3.0654296875,2.6116071428571584e-06,continuation,raw/600m-dagformer_continuation_metrics.csv,3.0837286086309526
22780,11.943804928,2.8720703125,2.410714285714277e-06,continuation,raw/600m-dagformer_continuation_metrics.csv,3.0716378348214284
22790,11.949047808,3.0166015625,2.209821428571445e-06,continuation,raw/600m-dagformer_continuation_metrics.csv,3.0565708705357144
22800,11.954290688,3.3525390625,2.0089285714285643e-06,continuation,raw/600m-dagformer_continuation_metrics.csv,3.0624302455357144
22810,11.959533568,3.03125,1.8080357142857329e-06,continuation,raw/600m-dagformer_continuation_metrics.csv,3.055454799107143
22820,11.964776448,2.85546875,1.6071428571428514e-06,continuation,raw/600m-dagformer_continuation_metrics.csv,3.054106212797619
22830,11.970019328,2.8759765625,1.40625000000002e-06,continuation,raw/600m-dagformer_continuation_metrics.csv,3.0428524925595237
22840,11.975262208,2.85888671875,1.2053571428571386e-06,continuation,raw/600m-dagformer_continuation_metrics.csv,3.0259021577380953
22850,11.980505088,3.046875,1.0044642857143071e-06,continuation,raw/600m-dagformer_continuation_metrics.csv,3.0274832589285716
22860,11.985747968,3.1181640625,8.035714285714257e-07,continuation,raw/600m-dagformer_continuation_metrics.csv,3.0297619047619047
22870,11.990990848,3.1279296875,6.026785714285943e-07,continuation,raw/600m-dagformer_continuation_metrics.csv,3.0328311011904763
22880,11.996233728,3.142578125,4.017857142857129e-07,continuation,raw/600m-dagformer_continuation_metrics.csv,3.0589192708333335
22890,12.001476608,3.3310546875,2.008928571428814e-07,continuation,raw/600m-dagformer_continuation_metrics.csv,3.0650111607142856
